player_id,origin_season,marcel_seasons_used,marcel_weighted_pa,marcel_reliability,marcel_league_baseline,marcel_league_target,marcel_projected_pa,marcel_age_adjustment,marcel_pred_unscaled,marcel_pred
fg:10021,2019,1,50.0,0.04,100.0,100.0,205.0,0.9910802775024778,91.17938553022796,91.17938553022796
fg:10021,2021,2,65.0,0.05138339920948617,100.0,100.0,203.5,0.9852216748768474,88.39735976167762,88.39735976167762
fg:10028,2022,1,1665.0,0.581151832460733,100.0,100.0,366.5,0.9940357852882704,98.88501873862955,98.88501873862955
fg:10028,2023,2,2992.0,0.7137404580152672,100.0,100.0,399.3,0.9910802775024778,88.18216700498523,88.18216700498523
fg:10028,2024,3,3062.0,0.7184420459877991,100.0,100.0,306.7,0.9881422924901185,84.46699527355477,84.46699527355477
fg:10030,2019,1,980.0,0.44954128440366975,100.0,100.0,298.0,1.006,61.30927186226606,61.30927186226606
fg:10030,2020,2,1004.0,0.455535390199637,100.0,100.0,241.6,1.0,67.92282542161765,67.92282542161765
fg:10030,2021,3,1014.0,0.45799457994579945,100.0,100.0,229.4,0.9970089730807579,82.112039980098,82.112039980098
fg:10030,2022,3,672.0,0.358974358974359,100.0,100.0,239.0,0.9940357852882704,91.63133741916737,91.63133741916737
fg:10030,2023,3,547.0,0.31310818546078995,100.0,100.0,219.3,0.9910802775024778,84.20196930718552,84.20196930718552
fg:10047,2019,1,2450.0,0.6712328767123288,100.0,100.0,445.0,1.0,97.91232658477242,97.91232658477242
fg:10047,2020,2,3050.0,0.7176470588235294,100.0,100.0,358.0,0.9970089730807579,112.42793911865238,112.42793911865238
fg:10047,2021,3,4842.0,0.8013902681231381,99.99999999999999,100.0,471.8,0.9940357852882704,111.01053956425588,111.01053956425588
fg:10047,2022,3,4084.0,0.7728993186979561,100.0,100.0,393.0,0.9910802775024778,110.85478726875328,110.85478726875328
fg:10047,2023,3,3349.0,0.736205759507584,99.99999999999999,100.0,299.1,0.9881422924901185,94.46704054233308,94.46704054233308
fg:10059,2019,1,735.0,0.3798449612403101,100.0,100.0,273.5,1.0,63.26431357620854,63.26431357620854
fg:10059,2020,2,1113.0,0.48119325551232167,100.00000000000001,100.0,267.2,0.9970089730807579,83.00048354378906,83.00048354378906
fg:10059,2021,3,2456.0,0.6717724288840262,100.0,100.0,370.0,0.9940357852882704,94.09522010361827,94.09522010361827
fg:10059,2022,3,3466.0,0.7428204029147021,100.0,100.0,419.4,0.9910802775024778,88.24499832588067,88.24499832588067
fg:10071,2019,1,3570.0,0.7484276729559748,100.00000000000001,100.0,557.0,1.0,105.18388843360428,105.18388843360428
fg:10071,2020,2,3891.0,0.7642899233942251,100.0,100.0,374.9,0.9970089730807579,96.20038538700902,96.20038538700902
fg:10071,2021,3,5495.0,0.8207617625093353,99.99999999999999,100.0,473.2,0.9940357852882704,98.28993421043648,98.28993421043648
fg:10071,2022,3,3741.0,0.7571341833636915,100.0,100.0,360.5,0.9910802775024778,86.88286537074978,86.88286537074978
fg:10123,2019,1,20.0,0.01639344262295082,100.0,100.0,202.0,0.9910802775024778,99.35500690305656,99.35500690305656
fg:10123,2021,2,162.0,0.11894273127753303,100.0,100.0,215.0,0.9852216748768474,87.3045926525307,87.3045926525307
fg:10130,2019,1,120.0,0.09090909090909091,100.0,100.0,212.0,0.9910802775024778,83.82692384670747,83.82692384670747
fg:10131,2019,1,400.0,0.25,100.00000000000001,100.0,240.0,0.9940357852882704,76.05612781299877,76.05612781299877
fg:10131,2021,2,275.0,0.1864406779661017,100.0,100.0,203.5,0.9881422924901185,83.70855966520836,83.70855966520836
fg:10155,2019,1,3000.0,0.7142857142857143,100.00000000000001,100.0,500.0,1.006,155.6168636709642,155.6168636709642
fg:10155,2020,2,3605.0,0.7502601456815817,100.0,100.0,380.5,1.0,153.2312707513424,153.2312707513424
fg:10155,2021,3,3494.0,0.7443544951001279,99.99999999999999,100.0,297.1,0.9970089730807579,155.03468470051743,155.03468470051743
fg:10155,2022,3,3802.0,0.7600959616153539,100.0,100.0,464.1,0.9940357852882704,155.95888288322107,155.95888288322107
fg:10155,2023,3,4244.0,0.7795738427626745,100.00000000000001,100.0,430.9,0.9910802775024778,145.2295914522322,145.2295914522322
fg:10155,2024,3,3575.0,0.7486910994764397,99.99999999999999,100.0,299.2,0.9881422924901185,137.92428114761785,137.92428114761785
fg:10155,2025,3,4370.0,0.7845601436265709,100.0,100.0,490.6,0.9852216748768474,118.46018136916534,118.46018136916534
fg:10190,2019,1,15.0,0.012345679012345678,100.0,100.0,201.5,1.006,99.81775898663494,99.81775898663494
fg:10197,2019,1,15.0,0.012345679012345678,100.0,100.0,201.5,1.0,101.04063447294578,101.04063447294578
fg:10197,2021,2,14.0,0.011532125205930808,100.00000000000001,100.0,200.5,0.9940357852882704,99.20593615471708,99.20593615471708
fg:10197,2023,2,8.0,0.006622516556291391,100.00000000000001,100.0,200.5,0.9881422924901185,97.50543151061436,97.50543151061436
fg:10199,2019,1,1765.0,0.5952782462057336,100.0,100.0,376.5,1.0,69.83586421001183,69.83586421001183
fg:10199,2020,2,1592.0,0.5702005730659025,100.0,100.0,253.3,0.9970089730807579,67.95777902068926,67.95777902068926
fg:10199,2021,3,1878.0,0.6101364522417154,100.0,100.0,271.1,0.9940357852882704,69.43970188017249,69.43970188017249
fg:10199,2022,3,763.0,0.3886907794192562,100.0,100.0,225.0,0.9910802775024778,75.2618967886351,75.2618967886351
fg:10199,2023,3,507.0,0.29701230228471004,100.0,100.0,203.3,0.9881422924901185,81.18722172181643,81.18722172181643
fg:10200,2019,1,1820.0,0.6026490066225165,100.0,100.0,382.0,1.0,86.82439361526083,86.82439361526083
fg:10200,2020,2,2006.0,0.6257018091079226,100.0,100.0,291.4,0.9970089730807579,85.75339233094002,85.75339233094002
fg:10200,2021,3,3472.0,0.7431506849315068,100.0,100.0,405.0,0.9940357852882704,84.36125155980491,84.36125155980491
fg:10200,2022,3,3422.0,0.7403721332756382,100.0,100.0,392.8,0.9910802775024778,78.8210845018726,78.8210845018726
fg:10200,2023,3,3011.0,0.7150320588933745,100.0,100.0,292.3,0.9881422924901185,76.27193392381436,76.27193392381436
fg:10200,2024,3,1896.0,0.6124031007751938,100.0,100.0,260.3,0.9852216748768474,72.5662422707723,72.5662422707723
fg:10200,2025,3,828.0,0.40828402366863903,100.0,100.0,217.1,0.9823182711198428,79.57688064839584,79.57688064839584
fg:10231,2019,1,2650.0,0.6883116883116883,100.00000000000001,100.0,465.0,0.9970089730807579,87.08642639226771,87.08642639226771
fg:10231,2020,2,2870.0,0.7051597051597052,100.0,100.0,328.0,0.9940357852882704,100.85222711537297,100.85222711537297
fg:10231,2021,3,4745.0,0.7981497056349874,99.99999999999997,100.0,470.5,0.9910802775024778,95.73140536988475,95.73140536988475
fg:10231,2022,3,4829.0,0.8009620169182285,100.00000000000001,100.0,484.6,0.9881422924901185,94.75549272068851,94.75549272068851
fg:10231,2024,2,2856.0,0.7041420118343196,99.99999999999999,100.0,345.5,0.9823182711198428,106.58753347646108,106.58753347646108
fg:10231,2025,2,2879.0,0.7058102476097082,100.0,100.0,400.6,0.9794319294809012,96.97175263561829,96.97175263561829
fg:10243,2019,1,3140.0,0.7235023041474654,100.00000000000001,100.0,514.0,1.006,93.55826980573015,93.55826980573015
fg:10243,2020,2,3667.0,0.7534415450996507,100.0,100.0,378.3,1.0,96.80712922249762,96.80712922249762
fg:10243,2021,3,5533.0,0.8217733551165899,100.0,100.0,495.6,0.9970089730807579,92.10098901055136,92.10098901055136
fg:10243,2022,3,5563.0,0.8225639509093597,100.0,100.0,523.5,0.9940357852882704,91.19821947026495,91.19821947026495
fg:10243,2023,3,6142.0,0.8365567965132117,100.0,100.0,489.3,0.9910802775024778,93.15730489230604,93.15730489230604
fg:10243,2024,3,4893.0,0.8030526834071886,99.99999999999999,100.0,386.6,0.9881422924901185,105.34119953685878,105.34119953685878
fg:10243,2025,3,3994.0,0.7689641894493646,99.99999999999999,100.0,374.4,0.9852216748768474,102.11247281341564,102.11247281341564
fg:10264,2019,1,3080.0,0.719626168224299,100.00000000000001,100.0,508.0,0.9910802775024778,97.86090613151032,97.86090613151032
fg:10264,2020,2,3359.0,0.7367843825400308,100.0,100.0,351.1,0.9881422924901185,111.74470389040884,111.74470389040884
fg:10264,2021,3,4469.0,0.7883224554595166,99.99999999999997,100.0,408.4,0.9852216748768474,126.2579784124369,126.2579784124369
fg:10264,2022,3,3551.0,0.7474215954535888,100.0,100.0,387.1,0.9823182711198428,123.59028448968681,123.59028448968681
fg:10264,2023,3,4355.0,0.783978397839784,99.99999999999999,100.0,431.8,0.9794319294809012,122.34792707787567,122.34792707787567
fg:10310,2019,1,320.0,0.21052631578947367,100.0,100.0,232.0,0.9970089730807579,89.95139993837148,89.95139993837148
fg:10310,2021,2,557.0,0.3170176437108708,100.0,100.0,236.5,0.9910802775024778,71.38579693937268,71.38579693937268
fg:10322,2019,1,2555.0,0.6804260985352862,100.0,100.0,455.5,1.0,107.382163172557,107.382163172557
fg:10322,2020,2,2359.0,0.6628266366957011,100.0,100.0,282.6,0.9970089730807579,100.61155102176399,100.61155102176399
fg:10322,2021,3,2420.0,0.6685082872928176,100.0,100.0,269.8,0.9940357852882704,92.2816369738573,92.2816369738573
fg:10323,2019,1,480.0,0.2857142857142857,100.0,100.0,248.0,1.0,85.71411704852639,85.71411704852639
fg:10323,2021,2,1938.0,0.6175908221797323,100.0,100.0,365.0,0.9940357852882704,106.5227873594917,106.5227873594917
fg:10323,2022,2,3175.0,0.7257142857142858,100.0,100.0,418.5,0.9910802775024778,105.04104688539974,105.04104688539974
fg:10323,2023,3,3154.0,0.7243913642627469,100.0,100.0,305.1,0.9881422924901185,100.4179914833328,100.4179914833328
fg:10323,2024,3,1742.0,0.592114208021754,100.0,100.0,222.1,0.9852216748768474,91.03807765427231,91.03807765427231
fg:10324,2019,1,2745.0,0.6958174904942965,100.00000000000001,100.0,474.5,1.0,106.88681817545627,106.88681817545627
fg:10324,2020,2,3531.0,0.7463538363982245,100.0,100.0,388.4,0.9970089730807579,126.30140441460772,126.30140441460772
fg:10324,2021,3,3755.0,0.7578203834510595,99.99999999999999,100.0,330.7,0.9940357852882704,114.06643972552358,114.06643972552358
fg:10324,2022,3,4168.0,0.7764530551415797,100.00000000000001,100.0,474.3,0.9910802775024778,101.88720380424013,101.88720380424013
fg:10324,2023,3,5612.0,0.823840281855549,100.0,100.0,546.7,0.9881422924901185,110.6918187054099,110.6918187054099
fg:10324,2024,3,7329.0,0.8593035525852972,100.0,100.0,603.2,0.9852216748768474,129.3345825223741,129.3345825223741
fg:10324,2025,3,7488.0,0.861878453038674,100.00000000000001,100.0,564.8,0.9823182711198428,127.91814597607862,127.91814597607862
fg:10339,2019,1,695.0,0.36675461741424803,100.0,100.0,269.5,0.9970089730807579,78.77083545989633,78.77083545989633
fg:10346,2019,1,350.0,0.22580645161290322,100.00000000000001,100.0,235.0,1.0,92.23665785633713,92.23665785633713
fg:10346,2020,2,595.0,0.33147632311977715,100.0,100.0,238.5,0.9970089730807579,80.10548505569268,80.10548505569268
fg:10348,2019,1,2535.0,0.678714859437751,100.0,100.0,453.5,1.012,106.0940228013149,106.0940228013149
fg:10348,2020,2,2448.0,0.6710526315789473,100.0,100.0,292.7,1.006,100.9283029343814,100.9283029343814
fg:10354,2019,1,20.0,0.01639344262295082,100.0,100.0,202.0,1.0,96.72131147540983,96.72131147540983
fg:10416,2019,1,440.0,0.2682926829268293,100.00000000000001,100.0,244.0,1.006,81.21887783892998,81.21887783892998
fg:10416,2021,2,324.0,0.2125984251968504,100.0,100.0,206.0,0.9970089730807579,84.47415954861614,84.47415954861614
fg:10441,2023,1,525.0,0.30434782608695654,100.0,100.0,252.5,0.9910802775024778,84.28734064445351,84.28734064445351
fg:10441,2024,2,2445.0,0.6707818930041153,100.0,100.0,413.0,0.9881422924901185,95.39084053736468,95.39084053736468
fg:10441,2025,3,1980.0,0.6226415094339622,100.0,100.0,245.0,0.9852216748768474,93.65773801827594,93.65773801827594
fg:10459,2019,1,1105.0,0.4793926247288503,100.0,100.0,310.5,0.9940357852882704,96.4398539025807,96.4398539025807
fg:10459,2020,2,1199.0,0.49979157982492706,100.00000000000001,100.0,253.6,0.9910802775024778,92.22075737196988,92.22075737196988
fg:10472,2019,1,2300.0,0.6571428571428571,100.0,100.0,430.0,1.006,91.52350167353946,91.52350167353946
fg:10472,2020,2,2580.0,0.6825396825396826,100.0,100.0,320.0,1.0,89.55542048315134,89.55542048315134
fg:10472,2021,3,4897.0,0.8031818927341315,100.0,100.0,507.3,0.9970089730807579,98.91167482500538,98.91167482500538
fg:10472,2022,3,4794.0,0.7997997997997998,100.00000000000001,100.0,459.5,0.9940357852882704,92.8557916293055,92.8557916293055
fg:10472,2023,3,5903.0,0.8310572997325074,100.0,100.0,494.2,0.9910802775024778,85.86512480315811,85.86512480315811
fg:10472,2024,3,5203.0,0.8125878494455724,99.99999999999999,100.0,447.3,0.9881422924901185,80.00415450286691,80.00415450286691
fg:10472,2025,3,4376.0,0.7847919655667145,99.99999999999997,100.0,367.3,0.9852216748768474,79.33241510466786,79.33241510466786
fg:10473,2019,1,1650.0,0.5789473684210527,100.0,100.0,365.0,1.012,85.99649436496684,85.99649436496684
fg:10473,2020,2,1325.0,0.5247524752475248,99.99999999999999,100.0,233.5,1.006,86.5546633252601,86.5546633252601
fg:10533,2019,1,75.0,0.058823529411764705,99.99999999999999,100.0,207.5,0.9910802775024778,91.22252652773861,91.22252652773861
fg:10542,2019,1,1530.0,0.5604395604395604,100.0,100.0,353.0,0.9970089730807579,99.66081425543538,99.66081425543538
fg:10542,2020,2,1599.0,0.5712754555198285,100.00000000000001,100.0,268.1,0.9940357852882704,102.47815614006795,102.47815614006795
fg:10547,2019,1,15.0,0.012345679012345678,100.0,100.0,201.5,0.9940357852882704,96.94916918243625,96.94916918243625
fg:10547,2021,2,24.0,0.0196078431372549,100.0,100.0,201.5,0.9881422924901185,94.93916143532512,94.93916143532512
fg:10556,2019,1,3335.0,0.7353914002205072,100.00000000000001,100.0,533.5,0.9970089730807579,93.35052108251972,93.35052108251972
fg:10556,2020,2,3973.0,0.7680262903537599,100.0,100.0,397.2,0.9940357852882704,98.07760675349215,98.07760675349215
fg:10556,2021,3,6230.0,0.8384925975773889,100.00000000000001,100.0,544.6,0.9910802775024778,94.88518421573885,94.88518421573885
fg:10556,2022,3,6416.0,0.842436974789916,100.0,100.0,572.2,0.9881422924901185,89.576926516734,89.576926516734
fg:10587,2019,1,50.0,0.04,100.0,100.0,205.0,0.9940357852882704,95.51541992391047,95.51541992391047
fg:10603,2021,1,5.0,0.004149377593360996,99.99999999999999,100.0,200.5,0.9881422924901185,97.99419415150967,97.99419415150967
fg:10619,2019,1,100.0,0.07692307692307693,100.0,100.0,210.0,0.9940357852882704,92.12328258538771,92.12328258538771
fg:10642,2023,1,945.0,0.4405594405594406,100.0,100.0,294.5,0.9881422924901185,91.21696086408967,91.21696086408967
fg:10655,2019,1,5.0,0.004149377593360996,99.99999999999999,100.0,200.5,0.9970089730807579,98.87350396941955,98.87350396941955
fg:10655,2020,2,19.0,0.015586546349466776,99.99999999999999,100.0,201.6,0.9940357852882704,96.30486156074218,96.30486156074218
fg:10655,2021,3,120.0,0.09090909090909091,100.0,100.0,210.8,0.9910802775024778,89.61770209020067,89.61770209020067
fg:10655,2022,3,108.0,0.08256880733944955,100.00000000000001,100.0,203.6,0.9881422924901185,92.52960516070296,92.52960516070296
fg:10655,2024,2,54.0,0.0430622009569378,100.0,100.0,204.5,0.9823182711198428,93.74303437325462,93.74303437325462
fg:10655,2025,2,71.0,0.05586152635719906,99.99999999999997,100.0,204.4,0.9794319294809012,95.13729583904582,95.13729583904582
fg:10681,2019,1,2380.0,0.664804469273743,100.0,100.0,438.0,1.006,122.11772370030978,122.11772370030978
fg:10681,2020,2,2774.0,0.6980372420734776,100.0,100.0,334.6,1.0,122.77583692746491,122.77583692746491
fg:10681,2021,3,4334.0,0.7831586555836646,99.99999999999997,100.0,438.4,0.9970089730807579,111.17015236520709,111.17015236520709
fg:10681,2022,3,5045.0,0.8078462770216173,100.00000000000001,100.0,519.7,0.9940357852882704,109.37633244351878,109.37633244351878
fg:10681,2023,3,4670.0,0.7955706984667802,99.99999999999997,100.0,369.1,0.9910802775024778,103.79961335911217,103.79961335911217
fg:10681,2024,3,4870.0,0.8023064250411862,99.99999999999999,100.0,453.3,0.9881422924901185,95.19794506508318,95.19794506508318
fg:10681,2025,3,3513.0,0.7453851050286442,100.0,100.0,344.6,0.9852216748768474,83.36414295507187,83.36414295507187
fg:10700,2019,1,130.0,0.09774436090225563,99.99999999999999,100.0,213.0,0.9940357852882704,99.83155277450518,99.83155277450518
fg:10700,2021,2,198.0,0.14163090128755365,100.0,100.0,212.0,0.9881422924901185,99.92298292483633,99.92298292483633
fg:10732,2021,1,5.0,0.004149377593360996,99.99999999999999,100.0,200.5,0.9940357852882704,98.5786525659322,98.5786525659322
fg:10762,2019,1,1395.0,0.5375722543352601,100.0,100.0,339.5,0.9940357852882704,113.41189426235664,113.41189426235664
fg:10762,2020,2,2166.0,0.64349376114082,100.0,100.0,332.9,0.9910802775024778,105.66646579320779,105.66646579320779
fg:10762,2021,3,3502.0,0.7447894512973203,100.0,100.0,403.5,0.9881422924901185,101.0939189214458,101.0939189214458
fg:10762,2022,3,3575.0,0.7486910994764397,100.0,100.0,385.0,0.9852216748768474,95.4101703361841,95.4101703361841
fg:10762,2023,3,3043.0,0.7171812396888994,100.0,100.0,305.7,0.9823182711198428,91.15561762012366,91.15561762012366
fg:10807,2019,1,355.0,0.2282958199356913,100.00000000000001,100.0,235.5,0.9970089730807579,78.58320206375753,78.58320206375753
fg:10811,2019,1,190.0,0.1366906474820144,100.0,100.0,219.0,1.006,75.34359999302191,75.34359999302191
fg:10811,2021,2,124.0,0.09365558912386707,100.0,100.0,201.0,0.9970089730807579,82.42778586017957,82.42778586017957
fg:10815,2019,1,2590.0,0.683377308707124,100.0,100.0,459.0,1.012,93.95340934101506,93.95340934101506
fg:10815,2020,2,3082.0,0.7197571228397945,100.0,100.0,352.8,1.006,98.50867979901233,98.50867979901233
fg:10815,2021,3,4422.0,0.7865528281750267,99.99999999999997,100.0,426.2,1.0,93.99203487653463,93.99203487653463
fg:10815,2022,3,5544.0,0.8220640569395018,100.0,100.0,570.2,0.9970089730807579,102.37350157505232,102.37350157505232
fg:10815,2023,3,6473.0,0.8436074547113255,100.0,100.0,526.3,0.9940357852882704,93.03809523129082,93.03809523129082
fg:10815,2024,3,7398.0,0.8604326587578507,100.0,100.0,586.1,0.9910802775024778,110.94855641957972,110.94855641957972
fg:10815,2025,3,6090.0,0.8353909465020576,100.0,100.0,452.3,0.9881422924901185,113.73894269106216,113.73894269106216
fg:10816,2019,1,505.0,0.2961876832844575,100.0,100.0,250.5,0.9940357852882704,80.63296605222017,80.63296605222017
fg:10816,2020,2,1079.0,0.47345326897762174,100.0,100.0,277.6,0.9910802775024778,93.50545657601248,93.50545657601248
fg:10819,2019,1,5.0,0.004149377593360996,99.99999999999999,100.0,200.5,1.0,101.45558614394704,101.45558614394704
fg:10819,2021,2,8.0,0.006622516556291391,100.00000000000001,100.0,200.5,0.9940357852882704,99.4466880686689,99.4466880686689
fg:10836,2019,1,5.0,0.004149377593360996,99.99999999999999,100.0,200.5,0.9940357852882704,98.5786525659322,98.5786525659322
fg:10839,2019,1,215.0,0.1519434628975265,100.0,100.0,221.5,1.006,96.13365431733014,96.13365431733014
fg:10839,2020,2,377.0,0.23906150919467342,100.0,100.0,224.8,1.0,89.64651506159265,89.64651506159265
fg:10847,2019,1,2120.0,0.6385542168674698,100.0,100.0,412.0,0.9970089730807579,85.43346461930619,85.43346461930619
fg:10847,2020,2,2331.0,0.6601529311809685,100.0,100.0,305.9,0.9940357852882704,87.82501096554117,87.82501096554117
fg:10847,2021,3,4035.0,0.7707736389684814,100.0,100.0,438.2,0.9910802775024778,75.3049873100647,75.3049873100647
fg:10847,2022,3,2610.0,0.6850393700787402,100.0,100.0,287.6,0.9881422924901185,70.84428186986398,70.84428186986398
fg:10855,2019,1,5.0,0.004149377593360996,99.99999999999999,100.0,200.5,1.0,101.0054364967746,101.0054364967746
fg:10882,2021,1,15.0,0.012345679012345678,99.99999999999999,100.0,201.5,0.9881422924901185,96.37437173669055,96.37437173669055
fg:10950,2019,1,650.0,0.35135135135135137,100.0,100.0,265.0,0.9940357852882704,106.34068745933702,106.34068745933702
fg:10950,2020,2,1565.0,0.566003616636528,100.0,100.0,317.5,0.9910802775024778,108.51006992517114,108.51006992517114
fg:10950,2021,3,4001.0,0.7692751393962699,100.00000000000001,100.0,498.4,0.9881422924901185,103.18017334391217,103.18017334391217
fg:10950,2022,3,4422.0,0.7865528281750267,100.00000000000001,100.0,413.0,0.9852216748768474,97.20941012701307,97.20941012701307
fg:10950,2023,3,4690.0,0.7962648556876061,99.99999999999997,100.0,408.0,0.9823182711198428,101.0924442501002,101.0924442501002
fg:10950,2024,3,4007.0,0.7695410024966391,100.0,100.0,400.3,0.9794319294809012,87.56130109142246,87.56130109142246
fg:10951,2019,1,1860.0,0.6078431372549019,100.0,100.0,386.0,0.9970089730807579,98.75554798888618,98.75554798888618
fg:10951,2020,2,1843.0,0.6056523167926389,100.0,100.0,272.7,0.9940357852882704,93.10013329988372,93.10013329988372
fg:10953,2019,1,340.0,0.22077922077922077,100.00000000000001,100.0,234.0,0.9940357852882704,90.00849924697681,90.00849924697681
fg:10953,2020,2,782.0,0.39455095862764883,100.0,100.0,257.8,0.9910802775024778,91.56421562307516,91.56421562307516
fg:10953,2021,3,2477.0,0.673646994832744,100.0,100.0,396.7,0.9881422924901185,88.40366454620771,88.40366454620771
fg:10953,2022,3,2183.0,0.6452852497783033,100.0,100.0,275.8,0.9852216748768474,79.88171009601889,79.88171009601889
fg:10954,2019,1,350.0,0.22580645161290322,100.00000000000001,100.0,235.0,0.9910802775024778,88.52624820794516,88.52624820794516
fg:10954,2021,2,375.0,0.23809523809523808,100.0,100.0,216.5,0.9852216748768474,93.3681599044987,93.3681599044987
fg:1101,2019,1,30.0,0.024390243902439025,100.0,100.0,203.0,0.9514747859181732,91.9968101524593,91.9968101524593
fg:11038,2019,1,2400.0,0.6666666666666666,100.0,100.0,440.0,0.9970089730807579,85.82131805185806,85.82131805185806
fg:11038,2020,2,2715.0,0.6934865900383141,100.0,100.0,327.5,0.9940357852882704,88.04220897459132,88.04220897459132
fg:11038,2021,3,4026.0,0.7703788748564868,99.99999999999999,100.0,410.9,0.9910802775024778,92.90416103697811,92.90416103697811
fg:11038,2022,3,3142.0,0.7236296637494243,100.0,100.0,349.5,0.9881422924901185,95.54213575745909,95.54213575745909
fg:11038,2023,3,4094.0,0.7733282961843596,100.0,100.0,426.1,0.9852216748768474,98.07553887941049,98.07553887941049
fg:11038,2024,3,3700.0,0.7551020408163265,100.0,100.0,381.3,0.9823182711198428,84.75647930853951,84.75647930853951
fg:11145,2019,1,40.0,0.03225806451612903,100.0,100.0,204.0,0.9940357852882704,103.01128983736282,103.01128983736282
fg:11145,2020,2,152.0,0.11242603550295859,99.99999999999999,100.0,212.8,0.9910802775024778,91.4176314171988,91.4176314171988
fg:11155,2020,1,35.0,0.02834008097165992,100.0,100.0,203.5,0.9940357852882704,101.00551395500504,101.00551395500504
fg:11156,2019,1,300.0,0.2,100.0,100.0,230.0,0.9940357852882704,62.02492922741132,62.02492922741132
fg:11156,2021,2,470.0,0.281437125748503,100.0,100.0,229.0,0.9881422924901185,55.48960583741306,55.48960583741306
fg:11189,2019,1,180.0,0.13043478260869565,100.0,100.0,218.0,1.006,95.29540224047678,95.29540224047678
fg:11189,2021,2,258.0,0.17695473251028807,100.0,100.0,215.0,0.9970089730807579,84.5238533864088,84.5238533864088
fg:11200,2019,1,3160.0,0.7247706422018348,100.00000000000001,100.0,516.0,0.9910802775024778,102.3565753346385,102.3565753346385
fg:11200,2020,2,3668.0,0.7534921939194741,100.0,100.0,377.2,0.9881422924901185,106.98204118084125,106.98204118084125
fg:11200,2021,3,3718.0,0.7559983733224889,99.99999999999999,100.0,313.8,0.9852216748768474,101.33659721917587,101.33659721917587
fg:11200,2022,3,3532.0,0.746407438715131,100.0,100.0,430.2,0.9823182711198428,84.13339635052488,84.13339635052488
fg:11200,2023,3,3112.0,0.7217068645640075,100.0,100.0,329.4,0.9794319294809012,78.74612823743205,78.74612823743205
fg:11205,2019,1,3280.0,0.7321428571428571,100.00000000000001,100.0,528.0,0.9940357852882704,105.35038333548553,105.35038333548553
fg:11205,2020,2,3504.0,0.7448979591836735,100.0,100.0,353.6,0.9910802775024778,99.19042335206282,99.19042335206282
fg:11205,2021,3,4112.0,0.7740963855421686,99.99999999999997,100.0,361.6,0.9881422924901185,90.18010018759476,90.18010018759476
fg:11209,2019,1,15.0,0.012345679012345678,100.0,100.0,201.5,1.0,97.53086419753086,97.53086419753086
fg:11241,2019,1,1065.0,0.47019867549668876,100.0,100.0,306.5,0.9910802775024778,100.48885043727691,100.48885043727691
fg:11241,2020,2,1067.0,0.470666078517865,100.00000000000001,100.0,242.8,0.9881422924901185,97.21398404542316,97.21398404542316
fg:11241,2021,3,1136.0,0.4863013698630137,100.0,100.0,236.8,0.9852216748768474,86.21375638227241,86.21375638227241
fg:11265,2019,1,2320.0,0.6590909090909091,100.0,100.0,432.0,1.006,101.26595985819904,101.26595985819904
fg:11265,2020,2,2741.0,0.6955087541233189,100.0,100.0,334.9,1.0,104.214607736196,104.214607736196
fg:11265,2021,3,5470.0,0.8200899550224887,100.0,100.0,554.7,0.9970089730807579,104.23604411844882,104.23604411844882
fg:11265,2022,3,5777.0,0.8280063064354307,100.0,100.0,522.4,0.9940357852882704,87.04598677698446,87.04598677698446
fg:11265,2023,3,4817.0,0.8005650656473325,99.99999999999999,100.0,326.5,0.9910802775024778,80.5521837444209,80.5521837444209
fg:11270,2019,1,330.0,0.21568627450980393,100.00000000000001,100.0,233.0,1.0,73.54311083095567,73.54311083095567
fg:11281,2019,1,3675.0,0.7538461538461538,100.00000000000001,100.0,567.5,0.9940357852882704,106.85184535677358,106.85184535677358
fg:11281,2020,2,4265.0,0.7804208600182982,100.00000000000001,100.0,406.0,0.9910802775024778,105.597224714143,105.597224714143
fg:11281,2021,3,6865.0,0.8512089274643522,100.00000000000001,100.0,586.5,0.9881422924901185,97.4229220445294,97.4229220445294
fg:11281,2022,3,6425.0,0.8426229508196721,100.00000000000001,100.0,547.0,0.9852216748768474,90.57940026529602,90.57940026529602
fg:11281,2023,3,7320.0,0.8591549295774648,100.0,100.0,551.0,0.9823182711198428,89.7690693731096,89.7690693731096
fg:11281,2024,3,5693.0,0.825910343827071,99.99999999999999,100.0,426.7,0.9794319294809012,87.44359261493717,87.44359261493717
fg:11287,2019,1,645.0,0.34959349593495936,100.0,100.0,264.5,0.9910802775024778,100.495010352024,100.495010352024
fg:11287,2020,2,681.0,0.3620414673046252,100.0,100.0,229.4,0.9881422924901185,91.99211931842159,91.99211931842159
fg:11287,2021,3,689.0,0.3647432503970355,100.0,100.0,220.3,0.9852216748768474,88.28244539211295,88.28244539211295
fg:11334,2019,1,5.0,0.004149377593360996,99.99999999999999,100.0,200.5,0.9910802775024778,98.28555449090962,98.28555449090962
fg:11338,2019,1,160.0,0.11764705882352941,100.0,100.0,216.0,1.0,90.96313586110537,90.96313586110537
fg:11338,2021,2,286.0,0.19246298788694483,100.0,100.0,219.0,0.9940357852882704,90.2232116329937,90.2232116329937
fg:11339,2019,1,1590.0,0.5698924731182796,100.0,100.0,359.0,1.0,91.37486913401436,91.37486913401436
fg:11339,2020,2,1442.0,0.5457986373959122,100.00000000000001,100.0,248.8,0.9970089730807579,96.22492512451953,96.22492512451953
fg:11339,2021,3,2080.0,0.6341463414634146,100.0,100.0,302.4,0.9940357852882704,91.33613490796368,91.33613490796368
fg:11339,2022,3,1304.0,0.5207667731629393,100.00000000000001,100.0,260.8,0.9910802775024778,91.51451151191043,91.51451151191043
fg:11339,2023,3,1337.0,0.5270003941663381,100.0,100.0,249.7,0.9881422924901185,88.81035247870486,88.81035247870486
fg:11341,2021,1,30.0,0.024390243902439025,100.0,100.0,203.0,0.9910802775024778,94.2734898112113,94.2734898112113
fg:11342,2019,1,1845.0,0.6059113300492611,100.0,100.0,384.5,0.9970089730807579,92.90971200227332,92.90971200227332
fg:11342,2020,2,2556.0,0.6805111821086262,100.0,100.0,344.9,0.9940357852882704,100.55534092550315,100.55534092550315
fg:11342,2021,3,4521.0,0.7902464604090194,99.99999999999999,100.0,476.6,0.9910802775024778,103.13459043110288,103.13459043110288
fg:11342,2022,3,5223.0,0.8131714152265297,100.00000000000001,100.0,504.5,0.9881422924901185,96.06558335017046,96.06558335017046
fg:11342,2023,3,4133.0,0.7749859366210388,99.99999999999997,100.0,308.2,0.9852216748768474,91.74238510506191,91.74238510506191
fg:11346,2021,1,20.0,0.01639344262295082,99.99999999999999,100.0,202.0,0.9881422924901185,97.24482373661141,97.24482373661141
fg:11368,2019,1,3160.0,0.7247706422018348,100.00000000000001,100.0,516.0,0.9940357852882704,114.67977713353669,114.67977713353669
fg:11368,2020,2,3498.0,0.7445721583652618,100.0,100.0,360.2,0.9910802775024778,113.2599125143758,113.2599125143758
fg:11368,2021,3,4547.0,0.7911954062989386,99.99999999999997,100.0,406.9,0.9881422924901185,126.04470757898244,126.04470757898244
fg:11368,2022,3,3962.0,0.7675319643549012,100.0,100.0,425.5,0.9852216748768474,104.9517208399285,104.9517208399285
fg:11368,2023,3,4654.0,0.7950119576358046,99.99999999999999,100.0,440.1,0.9823182711198428,94.23264634351963,94.23264634351963
fg:11368,2024,3,3963.0,0.7675769901220221,100.0,100.0,362.0,0.9794319294809012,83.85769843655044,83.85769843655044
fg:11379,2019,1,2040.0,0.6296296296296297,100.0,100.0,404.0,1.012,83.61852803860025,83.61852803860025
fg:11379,2020,2,2232.0,0.6503496503496503,100.0,100.0,300.8,1.006,82.96571850460958,82.96571850460958
fg:11379,2021,3,1994.0,0.6242955541640576,100.0,100.0,241.0,1.0,86.98103627814054,86.98103627814054
fg:11381,2023,1,30.0,0.024390243902439025,100.0,100.0,203.0,0.9823182711198428,98.73433311559549,98.73433311559549
fg:11400,2019,1,85.0,0.06614785992217899,100.0,100.0,208.5,1.012,95.45449393344737,95.45449393344737
fg:11400,2020,2,103.0,0.07904834996162702,100.0,100.0,205.2,1.006,93.47511081334761,93.47511081334761
fg:11400,2021,3,1799.0,0.5998666222074025,100.0,100.0,372.7,1.0,79.61888089535047,79.61888089535047
fg:11423,2019,1,315.0,0.2079207920792079,100.0,100.0,231.5,0.9940357852882704,66.72634666148632,66.72634666148632
fg:11423,2021,2,199.0,0.14224446032880628,100.0,100.0,201.0,0.9881422924901185,79.86241748159968,79.86241748159968
fg:11426,2019,1,100.0,0.07692307692307693,100.0,100.0,210.0,0.9940357852882704,84.11072029362288,84.11072029362288
fg:11442,2019,1,2230.0,0.6501457725947521,100.0,100.0,423.0,1.012,112.04519960616265,112.04519960616265
fg:11442,2020,2,2674.0,0.6902426432627775,100.0,100.0,333.6,1.006,101.07420807932704,101.07420807932704
fg:11442,2021,3,4250.0,0.7798165137614679,99.99999999999997,100.0,437.8,1.0,100.36525700623994,100.36525700623994
fg:11442,2022,3,4649.0,0.7948367242263635,100.00000000000001,100.0,479.5,0.9970089730807579,92.42344116108117,92.42344116108117
fg:11442,2023,3,4539.0,0.7909043387349712,99.99999999999997,100.0,380.6,0.9940357852882704,98.03584852548813,98.03584852548813
fg:11442,2024,3,3881.0,0.7638260185002952,99.99999999999999,100.0,366.7,0.9910802775024778,97.03663721327554,97.03663721327554
fg:11442,2025,3,2426.0,0.6690568119139547,100.0,100.0,278.5,0.9881422924901185,100.02669269623988,100.02669269623988
fg:11445,2019,1,2485.0,0.6743554952510177,100.0,100.0,448.5,0.9940357852882704,130.55321647542897,130.55321647542897
fg:11445,2020,2,3203.0,0.7274585509879627,100.0,100.0,371.2,0.9910802775024778,127.74957884410769,127.74957884410769
fg:11445,2021,3,5588.0,0.8232174425456689,100.00000000000001,100.0,536.8,0.9881422924901185,120.23125195042246,120.23125195042246
fg:11445,2022,3,5939.0,0.8319092309847318,100.0,100.0,533.5,0.9852216748768474,116.48225136623074,116.48225136623074
fg:11445,2023,3,6578.0,0.8457186937516071,100.0,100.0,507.7,0.9823182711198428,112.4238160823913,112.4238160823913
fg:11445,2024,3,5964.0,0.8324958123953099,100.0,100.0,481.7,0.9794319294809012,107.00365297166536,107.00365297166536
fg:11445,2025,3,3994.0,0.7689641894493646,99.99999999999999,100.0,308.7,0.9765625,95.21580065242323,95.21580065242323
fg:11449,2019,1,15.0,0.012345679012345678,100.0,100.0,201.5,0.9940357852882704,96.94916918243625,96.94916918243625
fg:11470,2019,1,2055.0,0.631336405529954,100.0,100.0,405.5,1.006,77.12262530968825,77.12262530968825
fg:11470,2020,2,2189.0,0.6459132487459428,100.0,100.0,295.6,1.0,71.97996906326834,71.97996906326834
fg:11470,2021,3,1819.0,0.6025173898641935,100.0,100.0,225.9,0.9970089730807579,72.07399540131654,72.07399540131654
fg:11470,2022,3,467.0,0.28014397120575885,100.0,100.0,205.0,0.9940357852882704,79.66906810355917,79.66906810355917
fg:11472,2022,1,85.0,0.06614785992217899,99.99999999999999,100.0,208.5,0.9940357852882704,96.28302882621718,96.28302882621718
fg:11476,2019,1,695.0,0.36675461741424803,100.0,100.0,269.5,1.006,87.03313003724627,87.03313003724627
fg:11476,2021,2,2877.0,0.7056659308314938,100.0,100.0,446.0,0.9970089730807579,92.01491488585157,92.01491488585157
fg:11476,2022,2,2953.0,0.7110522513845413,100.0,100.0,347.7,0.9940357852882704,92.27420670987459,92.27420670987459
fg:11477,2019,1,2900.0,0.7073170731707317,100.00000000000001,100.0,490.0,1.006,153.33546395601763,153.33546395601763
fg:11477,2020,2,3555.0,0.7476340694006309,100.0,100.0,381.5,1.0,139.6962141637813,139.6962141637813
fg:11477,2021,3,5103.0,0.8096144693003332,99.99999999999999,100.0,462.2,0.9970089730807579,122.86489482065517,122.86489482065517
fg:11477,2022,3,5996.0,0.8332406892718177,100.0,100.0,583.0,0.9940357852882704,106.28861724055544,106.28861724055544
fg:11477,2023,3,7269.0,0.8583067658519306,100.00000000000001,100.0,583.1,0.9910802775024778,111.29259662556538,111.29259662556538
fg:11477,2024,3,6116.0,0.8359759431383269,100.0,100.0,420.7,0.9881422924901185,120.99870953325443,120.99870953325443
fg:11477,2025,3,6376.0,0.8416050686378036,100.00000000000001,100.0,553.5,0.9852216748768474,121.92143071387072,121.92143071387072
fg:11481,2021,1,275.0,0.1864406779661017,100.0,100.0,227.5,0.9970089730807579,90.25620015792146,90.25620015792146
fg:11481,2023,2,595.0,0.33147632311977715,100.0,100.0,243.0,0.9910802775024778,90.53897202095855,90.53897202095855
fg:11486,2019,1,300.0,0.2,100.0,100.0,230.0,1.006,65.61533809826311,65.61533809826311
fg:11486,2021,2,205.0,0.14590747330960854,100.0,100.0,202.5,0.9970089730807579,73.94300707849129,73.94300707849129
fg:11489,2019,1,485.0,0.2878338278931751,100.0,100.0,248.5,1.0,92.46463652454888,92.46463652454888
fg:11489,2020,2,883.0,0.42390782525204035,100.0,100.0,259.2,0.9970089730807579,89.11211213993784,89.11211213993784
fg:11489,2021,3,3327.0,0.7349237905897945,100.00000000000001,100.0,473.9,0.9940357852882704,81.3132776441926,81.3132776441926
fg:11489,2022,3,4689.0,0.7962302598064187,100.00000000000001,100.0,480.8,0.9910802775024778,84.56683063478285,84.56683063478285
fg:11489,2023,3,5348.0,0.8167379352474038,99.99999999999999,100.0,439.6,0.9881422924901185,87.6989315715933,87.6989315715933
fg:11489,2024,3,4420.0,0.7864768683274022,99.99999999999997,100.0,388.8,0.9852216748768474,80.81320484488255,80.81320484488255
fg:11489,2025,3,3989.0,0.7687415687030257,100.0,100.0,392.5,0.9823182711198428,76.4032714707955,76.4032714707955
fg:11490,2019,1,10.0,0.008264462809917356,100.0,100.0,201.0,1.012,99.52727272727272,99.52727272727272
fg:11490,2021,2,56.0,0.044585987261146494,100.0,100.0,205.0,1.0,91.0828025477707,91.0828025477707
fg:11493,2019,1,3305.0,0.7336293007769146,100.00000000000001,100.0,530.5,1.012,107.99884110729624,107.99884110729624
fg:11493,2020,2,3914.0,0.765350019554165,100.0,100.0,393.1,1.006,117.85393421178864,117.85393421178864
fg:11493,2021,3,6199.0,0.8378159210704149,100.00000000000001,100.0,545.4,1.0,119.37953811038297,119.37953811038297
fg:11493,2022,3,6542.0,0.8450012916559029,100.0,100.0,586.0,0.9970089730807579,133.7934155519899,133.7934155519899
fg:11493,2023,3,7501.0,0.8620848178370303,100.0,100.0,564.9,0.9940357852882704,124.16691051091243,124.16691051091243
fg:11493,2024,3,7551.0,0.8628728145354817,100.0,100.0,581.6,0.9910802775024778,121.8360343799898,121.8360343799898
fg:11493,2025,3,7765.0,0.8661461238148355,100.0,100.0,603.3,0.9881422924901185,116.10384698806472,116.10384698806472
fg:11494,2019,1,130.0,0.09774436090225563,99.99999999999999,100.0,213.0,1.006,92.43043508960422,92.43043508960422
fg:11528,2019,1,5.0,0.004149377593360996,99.99999999999999,100.0,200.5,0.9940357852882704,98.5786525659322,98.5786525659322
fg:1157,2021,1,5.0,0.004149377593360996,99.99999999999999,100.0,200.5,0.9823182711198428,99.7263575357958,99.7263575357958
fg:11579,2019,1,3410.0,0.7396963123644251,100.00000000000001,100.0,541.0,1.012,119.33004572386255,119.33004572386255
fg:11579,2020,2,3948.0,0.7668997668997669,100.0,100.0,390.2,1.006,125.48201703522405,125.48201703522405
fg:11579,2021,3,6017.0,0.8337259248995428,100.0,100.0,523.9,1.0,142.90698829412207,142.90698829412207
fg:11579,2022,3,5258.0,0.8141839578816972,100.0,100.0,472.9,0.9970089730807579,144.3330734758491,144.3330734758491
fg:11579,2023,3,6231.0,0.838514331853048,100.0,100.0,515.6,0.9940357852882704,140.34057213037727,140.34057213037727
fg:11579,2024,3,6617.0,0.846488422668543,100.0,100.0,570.1,0.9910802775024778,134.36656919413474,134.36656919413474
fg:11579,2025,3,7062.0,0.8547567175018156,100.0,100.0,553.1,0.9881422924901185,130.93017415739894,130.93017415739894
fg:11589,2019,1,110.0,0.08396946564885496,100.0,100.0,211.0,1.006,84.78613607817798,84.78613607817798
fg:11589,2021,2,71.0,0.05586152635719906,99.99999999999999,100.0,200.5,0.9970089730807579,89.22440886577988,89.22440886577988
fg:1159,2020,1,20.0,0.01639344262295082,99.99999999999999,100.0,202.0,0.9823182711198428,98.14475626823769,98.14475626823769
fg:1159,2021,2,336.0,0.21875,100.0,100.0,232.4,0.9794319294809012,85.02977407992886,85.02977407992886
fg:11602,2019,1,2775.0,0.6981132075471698,100.00000000000001,100.0,477.5,1.006,81.41477250182992,81.41477250182992
fg:11602,2020,2,2325.0,0.6595744680851063,100.0,100.0,266.0,1.0,86.09302520274046,86.09302520274046
fg:11602,2022,2,283.0,0.19082939986513822,100.0,100.0,222.0,0.9940357852882704,88.48174624299642,88.48174624299642
fg:11609,2019,1,2045.0,0.6302003081664098,100.0,100.0,404.5,1.006,117.11822626716922,117.11822626716922
fg:11609,2020,2,2761.0,0.6970462004544307,100.0,100.0,353.4,1.0,113.62182328249577,113.62182328249577
fg:11609,2021,3,4542.0,0.7910135841170324,99.99999999999999,100.0,464.0,0.9970089730807579,111.41174335743372,111.41174335743372
fg:11609,2022,3,5042.0,0.8077539250240308,100.00000000000001,100.0,491.8,0.9940357852882704,116.97192336763295,116.97192336763295
fg:11609,2023,3,5872.0,0.830316742081448,100.0,100.0,496.2,0.9910802775024778,120.05564697073909,120.05564697073909
fg:11609,2024,3,5231.0,0.8134038252215829,99.99999999999999,100.0,428.5,0.9881422924901185,125.91554286659104,125.91554286659104
fg:11609,2025,3,5732.0,0.8268897864974033,100.0,100.0,517.3,0.9852216748768474,121.99841174145979,121.99841174145979
fg:11611,2019,1,595.0,0.33147632311977715,100.0,100.0,259.5,1.012,88.71967274882299,88.71967274882299
fg:11615,2019,1,2235.0,0.6506550218340611,100.0,100.0,423.5,1.012,78.9406007533899,78.9406007533899
fg:11615,2020,2,2033.0,0.62882771419734,100.0,100.0,269.2,1.006,73.38387182646737,73.38387182646737
fg:11615,2021,3,1977.0,0.6222851746931067,100.0,100.0,248.9,1.0,80.59250760347533,80.59250760347533
fg:11615,2022,3,3339.0,0.735624586913417,100.00000000000001,100.0,492.8,0.9970089730807579,111.43870323656229,111.43870323656229
fg:11615,2023,3,5151.0,0.8110533774208786,100.00000000000001,100.0,518.3,0.9940357852882704,114.14728094200912,114.14728094200912
fg:11615,2024,3,5596.0,0.8234255444379046,99.99999999999999,100.0,432.3,0.9910802775024778,92.32638311083247,92.32638311083247
fg:11624,2019,1,75.0,0.058823529411764705,99.99999999999999,100.0,207.5,0.9940357852882704,92.08091227445028,92.08091227445028
fg:11632,2021,1,5.0,0.004149377593360996,99.99999999999999,100.0,200.5,0.9881422924901185,97.99419415150967,97.99419415150967
fg:11674,2019,1,55.0,0.043824701195219126,100.0,100.0,205.5,1.006,97.48542438722573,97.48542438722573
fg:11674,2021,2,43.0,0.03459372485921158,100.0,100.0,201.0,0.9970089730807579,98.00863856338212,98.00863856338212
fg:11680,2019,1,1660.0,0.5804195804195804,100.0,100.0,366.0,1.0,77.18870311201977,77.18870311201977
fg:11680,2020,2,1693.0,0.585205668855859,100.0,100.0,269.7,0.9970089730807579,76.48849193441681,76.48849193441681
fg:11680,2021,3,3143.0,0.7236932995625144,100.0,100.0,392.8,0.9940357852882704,83.73870415425064,83.73870415425064
fg:11680,2022,3,3608.0,0.7504159733777038,100.0,100.0,427.6,0.9910802775024778,81.99596381096853,81.99596381096853
fg:11680,2023,3,5267.0,0.8144425545074996,100.0,100.0,501.1,0.9881422924901185,82.81662436617842,82.81662436617842
fg:11680,2024,3,5002.0,0.8065140277329894,99.99999999999999,100.0,428.1,0.9852216748768474,81.54507866532323,81.54507866532323
fg:11680,2025,3,4397.0,0.7855994282651421,99.99999999999997,100.0,376.6,0.9823182711198428,82.0952920859729,82.0952920859729
fg:11682,2019,1,5.0,0.004149377593360996,99.99999999999999,100.0,200.5,1.006,99.76514522821576,99.76514522821576
fg:11682,2021,2,128.0,0.0963855421686747,100.0,100.0,212.5,0.9970089730807579,85.23323803702316,85.23323803702316
fg:11694,2019,1,40.0,0.03225806451612903,100.0,100.0,204.0,1.006,97.35434455792758,97.35434455792758
fg:11713,2021,1,30.0,0.024390243902439025,100.0,100.0,203.0,0.9881422924901185,93.994022944182,93.994022944182
fg:11737,2019,1,3320.0,0.7345132743362832,100.00000000000001,100.0,532.0,1.006,116.52895954263052,116.52895954263052
fg:11737,2020,2,3866.0,0.7631267272009475,100.0,100.0,387.4,1.0,110.8569086306749,110.8569086306749
fg:11737,2021,3,5885.0,0.8306280875088214,100.0,100.0,516.7,0.9970089730807579,122.07039330949242,122.07039330949242
fg:11737,2022,3,5856.0,0.8299319727891157,100.0,100.0,537.5,0.9940357852882704,110.39195467125097,110.39195467125097
fg:11737,2023,3,7342.0,0.8595176773589324,100.0,100.0,591.3,0.9910802775024778,109.03641691858977,109.03641691858977
fg:11737,2024,3,7653.0,0.8644527278888512,100.00000000000001,100.0,596.6,0.9881422924901185,101.57042952848839,101.57042952848839
fg:11737,2025,3,7594.0,0.8635433249943143,100.00000000000001,100.0,560.4,0.9852216748768474,98.03265346257042,98.03265346257042
fg:11739,2019,1,2965.0,0.7118847539015606,100.00000000000001,100.0,496.5,1.0,105.2332885576584,105.2332885576584
fg:11739,2020,2,3347.0,0.7360897294919727,100.0,100.0,356.8,0.9970089730807579,108.76172868435437,108.76172868435437
fg:11739,2021,3,5244.0,0.813780260707635,100.0,100.0,488.0,0.9940357852882704,107.91692565721071,107.91692565721071
fg:11739,2022,3,5543.0,0.8220376686934598,100.0,100.0,534.7,0.9910802775024778,115.77343288903408,115.77343288903408
fg:11739,2023,3,6559.0,0.8453408944451605,100.0,100.0,526.2,0.9881422924901185,109.08640158700068,109.08640158700068
fg:11739,2024,3,5911.0,0.8312473632400507,100.0,100.0,460.5,0.9852216748768474,107.56664450050977,107.56664450050977
fg:11739,2025,3,6022.0,0.8338410412628081,100.0,100.0,516.3,0.9823182711198428,97.81178473532158,97.81178473532158
fg:11753,2019,1,15.0,0.012345679012345678,100.0,100.0,201.5,1.006,99.80121346762967,99.80121346762967
fg:11753,2021,2,19.0,0.015586546349466776,100.0,100.0,201.0,0.9970089730807579,97.59168570733314,97.59168570733314
fg:11760,2019,1,100.0,0.07692307692307693,100.0,100.0,210.0,0.9940357852882704,84.73354709074286,84.73354709074286
fg:11760,2021,2,275.0,0.1864406779661017,100.0,100.0,221.5,0.9881422924901185,66.81620374627329,66.81620374627329
fg:11761,2019,1,35.0,0.02834008097165992,100.0,100.0,203.5,1.006,96.93475912106375,96.93475912106375
fg:11762,2019,1,345.0,0.22330097087378642,100.00000000000001,100.0,234.5,1.012,75.5356772142885,75.5356772142885
fg:1177,2019,1,2725.0,0.6942675159235668,100.00000000000001,100.0,472.5,0.9680542110358181,90.04776485449597,90.04776485449597
fg:1177,2020,2,2995.0,0.7139451728247914,100.0,100.0,336.0,0.9652509652509652,86.6851820288646,86.6851820288646
fg:1177,2021,3,3767.0,0.7584054761425407,99.99999999999999,100.0,364.3,0.9624639076034649,86.73870151692374,86.73870151692374
fg:1177,2022,3,3428.0,0.7407087294727744,100.0,100.0,405.1,0.9596928982725528,108.3706534208987,108.3706534208987
fg:11804,2019,1,5.0,0.004149377593360996,99.99999999999999,100.0,200.5,0.9940357852882704,98.5786525659322,98.5786525659322
fg:11804,2021,2,8.0,0.006622516556291391,100.00000000000001,100.0,200.5,0.9881422924901185,97.50543151061436,97.50543151061436
fg:11828,2019,1,40.0,0.03225806451612903,100.0,100.0,204.0,0.9940357852882704,92.99044443019304,92.99044443019304
fg:11836,2021,1,255.0,0.17525773195876287,100.00000000000001,100.0,225.5,1.0,77.63723783205943,77.63723783205943
fg:11846,2019,1,1320.0,0.5238095238095238,100.0,100.0,332.0,0.9910802775024778,80.33903504179929,80.33903504179929
fg:11850,2019,1,895.0,0.42720763723150357,100.0,100.0,289.5,1.006,93.80338129762454,93.80338129762454
fg:11859,2019,1,170.0,0.12408759124087591,100.0,100.0,217.0,1.006,96.42745441737685,96.42745441737685
fg:11859,2020,2,226.0,0.1584852734922861,100.0,100.0,212.4,1.0,88.83936217432317,88.83936217432317
fg:11859,2021,3,359.0,0.23027581783194356,100.0,100.0,220.3,0.9970089730807579,88.24981957082296,88.24981957082296
fg:11863,2019,1,330.0,0.21568627450980393,100.00000000000001,100.0,233.0,1.006,86.0934277343375,86.0934277343375
fg:11863,2020,2,289.0,0.19408999328408327,100.0,100.0,209.1,1.0,84.78835218830007,84.78835218830007
fg:11875,2019,1,1470.0,0.550561797752809,100.0,100.0,347.0,1.006,85.59035398834327,85.59035398834327
fg:11894,2019,1,10.0,0.008264462809917356,100.0,100.0,201.0,1.006,98.93719008264462,98.93719008264462
fg:11899,2019,1,2570.0,0.6816976127320955,100.0,100.0,457.0,1.006,118.27556414487178,118.27556414487178
fg:11899,2020,2,2746.0,0.6958945767866194,100.0,100.0,320.4,1.0,110.92918784240219,110.92918784240219
fg:11899,2021,3,4499.0,0.7894367432882962,99.99999999999997,100.0,454.3,0.9970089730807579,103.5399721694208,103.5399721694208
fg:11899,2022,3,4503.0,0.7895844292477643,100.00000000000001,100.0,464.6,0.9940357852882704,113.74795373693186,113.74795373693186
fg:11899,2023,3,5300.0,0.8153846153846154,99.99999999999999,100.0,455.8,0.9910802775024778,112.99014190104889,112.99014190104889
fg:11899,2024,3,5244.0,0.813780260707635,99.99999999999999,100.0,467.0,0.9881422924901185,127.89224539123369,127.89224539123369
fg:11899,2025,3,4601.0,0.7931391139458714,99.99999999999999,100.0,397.9,0.9852216748768474,110.14853879262179,110.14853879262179
fg:11902,2019,1,2750.0,0.6962025316455697,100.00000000000001,100.0,475.0,1.012,97.95526371500777,97.95526371500777
fg:11902,2020,2,3355.0,0.7365532381997805,100.0,100.0,370.5,1.006,95.10443480327405,95.10443480327405
fg:11902,2021,3,3849.0,0.76232917409388,99.99999999999999,100.0,350.6,1.0,91.75755212603961,91.75755212603961
fg:11902,2022,3,2508.0,0.6763754045307443,100.0,100.0,305.0,0.9970089730807579,86.83021741268563,86.83021741268563
fg:11902,2023,3,1851.0,0.6066863323500492,100.0,100.0,260.9,0.9940357852882704,85.73958358052518,85.73958358052518
fg:11936,2019,1,2455.0,0.6716826265389877,100.0,100.0,445.5,1.0,83.69977023484387,83.69977023484387
fg:11936,2020,2,2669.0,0.6898423365210649,100.0,100.0,319.6,0.9970089730807579,84.09618835060101,84.09618835060101
fg:11936,2021,3,3322.0,0.7346306943830163,99.99999999999999,100.0,342.6,0.9940357852882704,74.75868585145969,74.75868585145969
fg:11982,2019,1,1350.0,0.5294117647058824,100.0,100.0,335.0,0.9970089730807579,71.83390981542743,71.83390981542743
fg:11982,2020,2,1980.0,0.6226415094339622,100.0,100.0,317.0,0.9940357852882704,79.02551795663219,79.02551795663219
fg:11982,2021,3,2780.0,0.6984924623115578,100.0,100.0,343.0,0.9910802775024778,80.05586742848091,80.05586742848091
fg:11982,2022,3,1635.0,0.5767195767195767,100.0,100.0,234.5,0.9881422924901185,82.8960261417006,82.8960261417006
fg:12005,2019,1,545.0,0.3123209169054441,100.0,100.0,254.5,0.9970089730807579,93.71852138864253,93.71852138864253
fg:12005,2021,2,552.0,0.3150684931506849,100.0,100.0,222.5,0.9910802775024778,92.77501484276631,92.77501484276631
fg:12005,2023,2,530.0,0.3063583815028902,100.0,100.0,239.5,0.9852216748768474,105.10135464077754,105.10135464077754
fg:12005,2024,2,1131.0,0.4851994851994852,99.99999999999999,100.0,289.4,0.9823182711198428,93.58645084855377,93.58645084855377
fg:12005,2025,3,1444.0,0.546142208774584,100.0,100.0,271.8,0.9794319294809012,84.01149451927206,84.01149451927206
fg:12022,2019,1,30.0,0.024390243902439025,100.0,100.0,203.0,0.9970089730807579,94.8374389028038,94.8374389028038
fg:12037,2019,1,1435.0,0.5445920303605313,100.0,100.0,343.5,0.9970089730807579,101.90833253105903,101.90833253105903
fg:12037,2020,2,1893.0,0.612027158098933,100.0,100.0,303.2,0.9940357852882704,103.96741677592313,103.96741677592313
fg:12037,2021,3,2812.0,0.7008973080757727,100.0,100.0,350.4,0.9910802775024778,93.13063700693742,93.13063700693742
fg:12037,2022,3,3551.0,0.7474215954535888,100.0,100.0,429.1,0.9881422924901185,89.26175890841975,89.26175890841975
fg:12037,2023,3,4549.0,0.791268046616803,100.00000000000001,100.0,452.4,0.9852216748768474,92.3645169827966,92.3645169827966
fg:12037,2024,3,3278.0,0.7320232246538634,100.0,100.0,279.4,0.9823182711198428,95.53494640787565,95.53494640787565
fg:12037,2025,3,2103.0,0.6366939146230699,100.0,100.0,260.9,0.9794319294809012,89.12771916854702,89.12771916854702
fg:12049,2019,1,320.0,0.21052631578947367,100.0,100.0,232.0,0.9970089730807579,77.24595075112003,77.24595075112003
fg:12049,2021,2,497.0,0.2928697701826753,100.0,100.0,230.5,0.9910802775024778,65.09083836885023,65.09083836885023
fg:12056,2024,1,5.0,0.004149377593360996,99.99999999999999,100.0,200.5,0.9823182711198428,97.41662522723752,97.41662522723752
fg:12076,2019,1,10.0,0.008264462809917356,100.0,100.0,201.0,1.006,98.93719008264462,98.93719008264462
fg:12092,2019,1,2360.0,0.6629213483146067,100.0,100.0,436.0,1.006,97.27595658735655,97.27595658735655
fg:12092,2020,2,2783.0,0.6987195581220186,100.0,100.0,336.7,1.0,89.3764454738247,89.3764454738247
fg:12092,2021,3,3757.0,0.7579180956223522,99.99999999999999,100.0,380.4,0.9970089730807579,86.26647978105196,86.26647978105196
fg:12092,2022,3,2062.0,0.6321275291232373,100.0,100.0,255.0,0.9940357852882704,77.49467065430342,77.49467065430342
fg:12092,2024,2,300.0,0.2,100.0,100.0,216.5,0.9881422924901185,76.82846279563357,76.82846279563357
fg:12095,2019,1,10.0,0.008264462809917356,100.0,100.0,201.0,1.0,98.34710743801652,98.34710743801652
fg:12106,2019,1,15.0,0.012345679012345678,100.0,100.0,201.5,1.0,97.53086419753086,97.53086419753086
fg:12119,2019,1,400.0,0.25,100.00000000000001,100.0,240.0,0.9970089730807579,84.6560516784908,84.6560516784908
fg:12140,2023,1,105.0,0.08045977011494253,100.0,100.0,210.5,0.9940357852882704,89.60374936953117,89.60374936953117
fg:12144,2019,1,2980.0,0.7129186602870813,100.00000000000001,100.0,498.0,1.012,116.97732577565932,116.97732577565932
fg:12144,2020,2,3364.0,0.7370727432077125,100.0,100.0,357.6,1.006,114.0362909961698,114.0362909961698
fg:12144,2021,3,5022.0,0.8071359691417551,99.99999999999999,100.0,464.6,1.0,106.0563882270937,106.0563882270937
fg:12144,2022,3,4778.0,0.7992639678822349,100.00000000000001,100.0,472.0,0.9970089730807579,97.14609632778046,97.14609632778046
fg:12144,2023,3,5709.0,0.8263135041250543,100.0,100.0,490.1,0.9940357852882704,104.73639373972864,104.73639373972864
fg:12144,2024,3,5297.0,0.8152993689395105,99.99999999999999,100.0,448.6,0.9910802775024778,102.17615420769128,102.17615420769128
fg:12144,2025,3,5439.0,0.8192498870311794,99.99999999999999,100.0,476.9,0.9881422924901185,98.29102588330704,98.29102588330704
fg:12147,2019,1,3125.0,0.7225433526011561,100.00000000000001,100.0,512.5,0.9970089730807579,93.12197256475622,93.12197256475622
fg:12147,2020,2,3585.0,0.7492163009404389,100.0,100.0,371.0,0.9940357852882704,93.78623893392013,93.78623893392013
fg:12147,2021,3,5108.0,0.8097653772986684,99.99999999999999,100.0,458.2,0.9910802775024778,83.07240029813684,83.07240029813684
fg:12147,2022,3,2813.0,0.700971841515076,100.0,100.0,274.3,0.9881422924901185,81.59421931763474,81.59421931763474
fg:12147,2023,3,2685.0,0.6911196911196911,99.99999999999999,100.0,310.4,0.9852216748768474,72.40217246411592,72.40217246411592
fg:12147,2024,3,2142.0,0.6409335727109515,100.0,100.0,335.0,0.9823182711198428,71.70351104596868,71.70351104596868
fg:12147,2025,3,1592.0,0.5702005730659025,100.0,100.0,227.8,0.9794319294809012,70.791927689365,70.791927689365
fg:12155,2019,1,2950.0,0.7108433734939759,100.00000000000001,100.0,495.0,1.006,103.4617579643166,103.4617579643166
fg:12155,2020,2,3515.0,0.7454931071049841,100.0,100.0,374.5,1.0,105.03867399047154,105.03867399047154
fg:12155,2021,3,4754.0,0.7984548202888814,99.99999999999997,100.0,429.1,0.9970089730807579,102.73305622136681,102.73305622136681
fg:12155,2022,3,3691.0,0.7546514005315886,100.0,100.0,376.2,0.9940357852882704,90.8355582183761,90.8355582183761
fg:12155,2023,3,4896.0,0.8031496062992126,99.99999999999999,100.0,485.0,0.9910802775024778,92.85969980862194,92.85969980862194
fg:12155,2024,3,4469.0,0.7883224554595166,100.00000000000001,100.0,411.1,0.9881422924901185,78.35467905575202,78.35467905575202
fg:12155,2025,3,2864.0,0.7047244094488189,99.99999999999999,100.0,235.9,0.9852216748768474,80.32829283663648,80.32829283663648
fg:12158,2019,1,1210.0,0.5020746887966805,100.0,100.0,321.0,0.9970089730807579,83.11872685974679,83.11872685974679
fg:12158,2020,2,1488.0,0.5535714285714286,100.00000000000001,100.0,276.2,0.9940357852882704,85.93692829725228,85.93692829725228
fg:12158,2021,3,2267.0,0.6538794346697433,100.0,100.0,322.9,0.9910802775024778,84.2594436059388,84.2594436059388
fg:12158,2022,3,2272.0,0.6543778801843319,100.0,100.0,328.5,0.9881422924901185,93.7862999079004,93.7862999079004
fg:12158,2023,3,2523.0,0.67767929089444,100.0,100.0,321.2,0.9852216748768474,79.52594630779554,79.52594630779554
fg:12158,2024,3,2216.0,0.6487119437939111,100.0,100.0,298.0,0.9823182711198428,81.58881019216382,81.58881019216382
fg:12158,2025,3,1444.0,0.546142208774584,100.0,100.0,237.6,0.9794319294809012,76.11104134383625,76.11104134383625
fg:12160,2019,1,1780.0,0.5973154362416108,100.0,100.0,378.0,1.006,92.59820864223208,92.59820864223208
fg:12160,2020,2,2059.0,0.631788892298251,100.0,100.0,299.1,1.0,92.97290143024992,92.97290143024992
fg:12160,2021,3,3576.0,0.7487437185929648,100.0,100.0,412.7,0.9970089730807579,95.68920923407467,95.68920923407467
fg:12160,2022,3,4096.0,0.7734138972809668,100.00000000000001,100.0,451.5,0.9940357852882704,96.7079086096754,96.7079086096754
fg:12160,2023,3,2967.0,0.7120230381569475,99.99999999999999,100.0,249.8,0.9910802775024778,95.47651464589319,95.47651464589319
fg:12160,2024,3,1824.0,0.6031746031746031,100.0,100.0,251.0,0.9881422924901185,97.48842292772143,97.48842292772143
fg:12161,2019,1,3490.0,0.744136460554371,100.00000000000001,100.0,549.0,1.012,131.9540164044463,131.9540164044463
fg:12161,2020,2,3917.0,0.7654875903849913,100.0,100.0,382.3,1.006,129.4504274234697,129.4504274234697
fg:12161,2021,3,6009.0,0.8335414065751144,100.0,100.0,524.0,1.0,127.67448896637929,127.67448896637929
fg:12161,2022,3,6242.0,0.8387530233808116,100.0,100.0,575.8,0.9970089730807579,125.80449689318898,125.80449689318898
fg:12161,2023,3,7658.0,0.864529239105893,100.0,100.0,595.6,0.9940357852882704,121.73773221745878,121.73773221745878
fg:12161,2024,3,6868.0,0.8512642538423401,100.0,100.0,498.0,0.9910802775024778,111.50202041908356,111.50202041908356
fg:12161,2025,3,6607.0,0.8462917894197515,100.0,100.0,522.3,0.9881422924901185,103.68883000576592,103.68883000576592
fg:12164,2019,1,2195.0,0.646539027982327,100.0,100.0,419.5,1.012,125.90128069647531,125.90128069647531
fg:12164,2020,2,2781.0,0.6985681989449887,100.0,100.0,346.4,1.006,117.70427190614913,117.70427190614913
fg:12164,2021,3,4797.0,0.7998999499749875,100.0,100.0,486.5,1.0,113.6679276939191,113.6679276939191
fg:12164,2022,3,3098.0,0.7208003722661703,100.0,100.0,288.7,0.9970089730807579,98.08859854959748,98.08859854959748
fg:12164,2024,2,688.0,0.3644067796610169,100.0,100.0,247.5,0.9910802775024778,82.81197696646906,82.81197696646906
fg:12174,2019,1,105.0,0.08045977011494253,100.0,100.0,210.5,1.012,103.78246160956321,103.78246160956321
fg:12174,2020,2,554.0,0.31584948688711517,100.0,100.0,249.1,1.006,92.98790732190119,92.98790732190119
fg:12174,2021,3,499.0,0.2937021777516186,100.0,100.0,215.4,1.0,89.27591056651846,89.27591056651846
fg:12179,2019,1,2140.0,0.6407185628742516,100.0,100.0,414.0,1.012,81.04779499852998,81.04779499852998
fg:12179,2020,2,2927.0,0.7092318875696632,100.0,100.0,364.3,1.006,89.11099819063556,89.11099819063556
fg:12179,2021,3,4271.0,0.780661670626942,99.99999999999999,100.0,425.8,1.0,79.55066193126184,79.55066193126184
fg:12179,2022,3,4281.0,0.7810618500273673,100.00000000000001,100.0,434.3,0.9970089730807579,77.16192686871891,77.16192686871891
fg:12180,2019,1,2325.0,0.6595744680851063,100.0,100.0,432.5,1.012,97.5571651140244,97.5571651140244
fg:12180,2020,2,2360.0,0.6629213483146067,100.0,100.0,296.5,1.006,93.3385318496591,93.3385318496591
fg:12180,2021,3,3350.0,0.7362637362637363,99.99999999999999,100.0,365.5,1.0,84.81139894672238,84.81139894672238
fg:12180,2022,3,2914.0,0.7083130772970345,100.0,100.0,368.1,0.9970089730807579,84.58974351470545,84.58974351470545
fg:12180,2023,3,2289.0,0.6560619088564058,100.0,100.0,253.4,0.9940357852882704,82.30398275958558,82.30398275958558
fg:12180,2025,2,351.0,0.2263056092843327,100.0,100.0,219.5,0.9881422924901185,85.57034266822684,85.57034266822684
fg:12183,2019,1,5.0,0.004149377593360996,99.99999999999999,100.0,200.5,0.9940357852882704,98.5786525659322,98.5786525659322
fg:12198,2021,1,150.0,0.1111111111111111,100.0,100.0,215.0,1.0,89.89263506755589,89.89263506755589
fg:12198,2022,2,415.0,0.25696594427244585,100.0,100.0,232.5,0.9970089730807579,90.13860995254379,90.13860995254379
fg:12225,2019,1,475.0,0.2835820895522388,100.0,100.0,247.5,1.0,79.36116387503137,79.36116387503137
fg:12225,2020,2,385.0,0.24290220820189273,100.0,100.0,210.0,0.9970089730807579,81.6754528795582,81.6754528795582
fg:12225,2021,3,459.0,0.2766726943942134,100.0,100.0,217.1,0.9940357852882704,75.65165268933472,75.65165268933472
fg:12237,2019,1,5.0,0.004149377593360996,99.99999999999999,100.0,200.5,0.9970089730807579,98.87350396941955,98.87350396941955
fg:12237,2021,2,8.0,0.006622516556291391,100.00000000000001,100.0,200.5,0.9910802775024778,97.79533864097299,97.79533864097299
fg:12268,2019,1,125.0,0.09433962264150944,100.0,100.0,212.5,0.9910802775024778,95.46720125195627,95.46720125195627
fg:12272,2019,1,20.0,0.01639344262295082,100.0,100.0,202.0,0.9970089730807579,96.43201542912249,96.43201542912249
fg:12282,2019,1,2905.0,0.707673568818514,100.00000000000001,100.0,490.5,1.018,85.25352385567545,85.25352385567545
fg:12282,2020,2,3064.0,0.7185741088180112,100.0,100.0,332.1,1.012,81.48382760203438,81.48382760203438
fg:12282,2021,3,4140.0,0.7752808988764045,99.99999999999997,100.0,395.3,1.006,83.16064363584256,83.16064363584256
fg:12282,2022,3,4248.0,0.7797356828193832,100.00000000000001,100.0,472.1,1.0,84.21263549722319,84.21263549722319
fg:12282,2023,3,3756.0,0.7578692493946732,100.0,100.0,325.7,0.9970089730807579,86.46505676521495,86.46505676521495
fg:12284,2019,1,1055.0,0.4678492239467849,100.0,100.0,305.5,0.9910802775024778,93.54582267336359,93.54582267336359
fg:12284,2020,2,1034.0,0.4628469113697404,100.00000000000001,100.0,240.1,0.9881422924901185,97.4293280426819,97.4293280426819
fg:12284,2021,3,1315.0,0.5228628230616302,100.0,100.0,256.8,0.9852216748768474,80.59784929237092,80.59784929237092
fg:12294,2019,1,510.0,0.2982456140350877,100.0,100.0,251.0,1.0,88.05725191609379,88.05725191609379
fg:12304,2019,1,25.0,0.02040816326530612,100.0,100.0,202.5,0.9940357852882704,95.34628960928309,95.34628960928309
fg:12304,2021,2,25.0,0.02040816326530612,100.0,100.0,201.0,0.9881422924901185,94.78099540211342,94.78099540211342
fg:12317,2021,1,10.0,0.008264462809917356,100.0,100.0,201.0,0.9940357852882704,97.76054417297865,97.76054417297865
fg:12317,2025,1,5.0,0.004149377593360996,99.99999999999999,100.0,200.5,0.9823182711198428,97.41662522723752,97.41662522723752
fg:12325,2019,1,540.0,0.3103448275862069,100.0,100.0,254.0,0.9970089730807579,85.58790709974477,85.58790709974477
fg:12325,2020,2,737.0,0.38048528652555497,100.0,100.0,241.3,0.9940357852882704,91.53036849235468,91.53036849235468
fg:12325,2021,3,2078.0,0.6339231238560098,100.0,100.0,357.1,0.9910802775024778,94.62298041621395,94.62298041621395
fg:12325,2022,3,3031.0,0.7163791065941858,100.0,100.0,394.2,0.9881422924901185,97.25054812831628,97.25054812831628
fg:12325,2023,3,4368.0,0.7844827586206896,100.00000000000001,100.0,447.8,0.9852216748768474,87.1804348576091,87.1804348576091
fg:12325,2024,3,2834.0,0.7025285076846802,100.0,100.0,256.0,0.9823182711198428,81.9416377779773,81.9416377779773
fg:12371,2019,1,1605.0,0.5721925133689839,100.0,100.0,360.5,0.9940357852882704,110.18619867346573,110.18619867346573
fg:12371,2020,2,2424.0,0.6688741721854304,100.0,100.0,346.1,0.9910802775024778,114.45828662804261,114.45828662804261
fg:12371,2021,3,3085.0,0.7199533255542591,100.0,100.0,343.8,0.9881422924901185,107.26123873789514,107.26123873789514
fg:12371,2022,3,2627.0,0.6864384635484714,100.0,100.0,321.7,0.9852216748768474,96.56980582541044,96.56980582541044
fg:12371,2023,3,1626.0,0.5753715498938429,100.0,100.0,231.5,0.9823182711198428,89.25960091727455,89.25960091727455
fg:12384,2019,1,150.0,0.1111111111111111,99.99999999999999,100.0,215.0,0.9970089730807579,98.78849061286995,98.78849061286995
fg:12384,2020,2,240.0,0.16666666666666666,100.0,100.0,215.0,0.9940357852882704,86.34478051397474,86.34478051397474
fg:12385,2021,1,5.0,0.004149377593360996,99.99999999999999,100.0,200.5,0.9940357852882704,98.5786525659322,98.5786525659322
fg:12394,2022,1,50.0,0.04,100.0,100.0,205.0,0.9852216748768474,96.30913252507192,96.30913252507192
fg:12399,2021,1,145.0,0.10780669144981413,100.0,100.0,214.5,0.9910802775024778,93.67323730570875,93.67323730570875
fg:12399,2022,2,146.0,0.10846953937592868,100.0,100.0,205.9,0.9881422924901185,91.87162119589946,91.87162119589946
fg:12399,2023,3,521.0,0.3027309703660662,100.0,100.0,241.6,0.9852216748768474,76.61943290220252,76.61943290220252
fg:12434,2019,1,3225.0,0.7288135593220338,100.00000000000001,100.0,522.5,0.9940357852882704,87.89300060301733,87.89300060301733
fg:12434,2020,2,3695.0,0.7548518896833504,100.0,100.0,376.0,0.9910802775024778,91.95775993127246,91.95775993127246
fg:12434,2021,3,4562.0,0.7917389795209997,99.99999999999997,100.0,395.8,0.9881422924901185,90.84972844589858,90.84972844589858
fg:12434,2022,3,2122.0,0.6387718242022877,100.0,100.0,241.2,0.9852216748768474,92.63920541207416,92.63920541207416
fg:12434,2023,3,2123.0,0.6388805296418899,100.0,100.0,304.3,0.9823182711198428,84.51861497833893,84.51861497833893
fg:12434,2024,3,2433.0,0.6696944673823286,100.0,100.0,377.6,0.9794319294809012,85.82085270466047,85.82085270466047
fg:12434,2025,3,2089.0,0.6351474612344178,100.0,100.0,252.9,0.9765625,83.53314231102185,83.53314231102185
fg:12447,2019,1,5.0,0.004149377593360996,99.99999999999999,100.0,200.5,0.9970089730807579,101.19842919327401,101.19842919327401
fg:12447,2021,2,8.0,0.006622516556291391,100.00000000000001,100.0,200.5,0.9910802775024778,99.178555007956,99.178555007956
fg:12510,2019,1,1180.0,0.4957983193277311,100.0,100.0,318.0,0.9940357852882704,93.43535322285669,93.43535322285669
fg:12510,2020,2,1409.0,0.5400536604062859,100.00000000000001,100.0,270.1,0.9910802775024778,99.44942704462235,99.44942704462235
fg:12510,2021,3,2235.0,0.6506550218340611,100.0,100.0,324.8,0.9881422924901185,93.36277877356818,93.36277877356818
fg:12510,2022,3,2083.0,0.6344806579348157,100.0,100.0,311.1,0.9852216748768474,93.92131656440004,93.92131656440004
fg:12510,2023,3,1877.0,0.6100097497562561,100.0,100.0,265.6,0.9823182711198428,83.54662510403091,83.54662510403091
fg:12510,2024,3,1537.0,0.5615637559371575,100.0,100.0,272.1,0.9794319294809012,79.9517738998614,79.9517738998614
fg:12532,2019,1,2745.0,0.6958174904942965,100.00000000000001,100.0,474.5,1.0,106.17628621381206,106.17628621381206
fg:12532,2020,2,3236.0,0.7294860234445446,100.0,100.0,358.9,0.9970089730807579,102.27079124592684,102.27079124592684
fg:12532,2021,3,4939.0,0.8045284248248901,99.99999999999999,100.0,466.8,0.9940357852882704,104.50496537619208,104.50496537619208
fg:12532,2022,3,5077.0,0.8088258722319579,100.00000000000001,100.0,497.7,0.9910802775024778,107.78394255383412,107.78394255383412
fg:12532,2023,3,4714.0,0.7970916469394657,99.99999999999997,100.0,374.7,0.9881422924901185,96.160205276071,96.160205276071
fg:12533,2019,1,3735.0,0.756838905775076,100.00000000000001,100.0,573.5,1.0,128.51544728531115,128.51544728531115
fg:12533,2020,2,4168.0,0.7764530551415797,100.00000000000001,100.0,392.7,0.9970089730807579,119.00469866974129,119.00469866974129
fg:12533,2021,3,6805.0,0.8500936914428482,100.00000000000001,100.0,585.6,0.9940357852882704,122.93861514956536,122.93861514956536
fg:12533,2022,3,7224.0,0.8575498575498576,100.00000000000001,100.0,634.4,0.9910802775024778,111.86090293813777,111.86090293813777
fg:12533,2023,3,8833.0,0.8803946974982557,100.0,100.0,648.9,0.9881422924901185,117.67219722401703,117.67219722401703
fg:12533,2024,3,8774.0,0.879687186685382,100.0,100.0,634.3,0.9852216748768474,108.45637178628559,108.45637178628559
fg:12533,2025,3,7801.0,0.8666814798355739,100.00000000000001,100.0,538.8,0.9823182711198428,102.1005898570356,102.1005898570356
fg:12545,2019,1,20.0,0.01639344262295082,100.0,100.0,202.0,0.9970089730807579,99.40931423554586,99.40931423554586
fg:12546,2019,1,2495.0,0.6752368064952639,100.0,100.0,449.5,0.9970089730807579,100.66206324675301,100.66206324675301
fg:12546,2020,2,2256.0,0.6527777777777778,100.0,100.0,275.9,0.9940357852882704,103.31446543906834,103.31446543906834
fg:12546,2021,3,4440.0,0.7872340425531915,100.0,100.0,478.7,0.9910802775024778,113.20377201959884,113.20377201959884
fg:12546,2022,3,5504.0,0.8210023866348448,100.0,100.0,570.7,0.9881422924901185,109.34091557457178,109.34091557457178
fg:12546,2023,3,5559.0,0.8224589436307146,99.99999999999999,100.0,402.2,0.9852216748768474,102.40516620839988,102.40516620839988
fg:12547,2019,1,1665.0,0.581151832460733,100.0,100.0,366.5,0.9970089730807579,74.7982932987149,74.7982932987149
fg:12547,2021,2,1154.0,0.49022939677145283,100.0,100.0,215.5,0.9910802775024778,84.01192879794498,84.01192879794498
fg:12552,2019,1,3310.0,0.7339246119733924,100.00000000000001,100.0,531.0,1.006,123.10994766103624,123.10994766103624
fg:12552,2020,2,3803.0,0.7601439136518089,100.0,100.0,381.7,1.0,116.09607930935917,116.09607930935917
fg:12552,2021,3,5780.0,0.828080229226361,100.0,100.0,510.1,0.9970089730807579,102.15803925027808,102.15803925027808
fg:12552,2022,3,6134.0,0.8363785110444505,100.0,100.0,571.9,0.9940357852882704,108.35572594867268,108.35572594867268
fg:12552,2023,3,7708.0,0.8652896273013022,100.0,100.0,609.9,0.9910802775024778,107.01801756244605,107.01801756244605
fg:12552,2024,3,7863.0,0.867593512082092,100.00000000000001,100.0,589.4,0.9881422924901185,112.2255595320936,112.2255595320936
fg:12552,2025,3,7927.0,0.8685219677878822,100.0,100.0,592.5,0.9852216748768474,112.61136521070037,112.61136521070037
fg:12564,2019,1,3280.0,0.7321428571428571,100.00000000000001,100.0,528.0,1.012,117.59422312638873,117.59422312638873
fg:12564,2020,2,3919.0,0.7655792146903692,100.0,100.0,395.1,1.006,116.38900018939091,116.38900018939091
fg:12564,2021,3,5979.0,0.8328458002507313,100.0,100.0,523.4,1.0,107.70944655564422,107.70944655564422
fg:12564,2022,3,5137.0,0.8106359476092788,100.00000000000001,100.0,457.5,0.9970089730807579,101.0607102317417,101.0607102317417
fg:12564,2023,3,4209.0,0.7781475318912923,99.99999999999997,100.0,323.6,0.9940357852882704,90.93399119101943,90.93399119101943
fg:12564,2024,3,2390.0,0.6657381615598886,100.0,100.0,269.8,0.9910802775024778,90.18123208027856,90.18123208027856
fg:12564,2025,3,4198.0,0.7776954427565765,100.00000000000003,100.0,537.6,0.9881422924901185,94.97873943542311,94.97873943542311
fg:12575,2019,1,5.0,0.004149377593360996,99.99999999999999,100.0,200.5,0.9970089730807579,98.87350396941955,98.87350396941955
fg:12575,2021,2,18.0,0.014778325123152709,99.99999999999999,100.0,201.5,0.9910802775024778,96.17872643743257,96.17872643743257
fg:12649,2019,1,950.0,0.4418604651162791,100.0,100.0,295.0,0.9970089730807579,105.18917960901001,105.18917960901001
fg:12649,2020,2,1610.0,0.5729537366548043,100.0,100.0,304.0,0.9940357852882704,117.61682116165953,117.61682116165953
fg:12649,2021,3,2810.0,0.7007481296758105,100.0,100.0,373.0,0.9910802775024778,108.30584875447535,108.30584875447535
fg:12649,2022,3,1938.0,0.6175908221797323,100.0,100.0,249.2,0.9881422924901185,101.05353143753321,101.05353143753321
fg:12664,2019,1,95.0,0.07335907335907337,100.0,100.0,209.5,1.0,86.42281680681276,86.42281680681276
fg:12664,2021,2,97.0,0.07478797224363917,100.00000000000001,100.0,204.0,0.9940357852882704,92.05036245324628,92.05036245324628
fg:12673,2019,1,5.0,0.004149377593360996,99.99999999999999,100.0,200.5,0.9940357852882704,98.5786525659322,98.5786525659322
fg:12680,2021,1,10.0,0.008264462809917356,100.0,100.0,201.0,0.9881422924901185,97.18093620357364,97.18093620357364
fg:12699,2019,1,10.0,0.008264462809917356,100.0,100.0,201.0,1.0,98.34710743801652,98.34710743801652
fg:12703,2019,1,110.0,0.08396946564885496,100.0,100.0,211.0,1.0,92.12466050813754,92.12466050813754
fg:12703,2021,2,236.0,0.16434540389972144,100.00000000000001,100.0,217.0,0.9940357852882704,74.66361038348148,74.66361038348148
fg:12718,2019,1,135.0,0.10112359550561797,99.99999999999999,100.0,213.5,1.012,86.43219272338582,86.43219272338582
fg:12718,2021,2,311.0,0.2058239576439444,100.0,100.0,223.0,1.0,74.5190436039239,74.5190436039239
fg:12719,2021,1,45.0,0.03614457831325301,100.0,100.0,204.5,1.0,94.81653500431092,94.81653500431092
fg:12719,2022,2,106.0,0.08116385911179173,99.99999999999997,100.0,207.9,0.9970089730807579,92.08701068491607,92.08701068491607
fg:12758,2019,1,260.0,0.1780821917808219,100.0,100.0,226.0,1.006,97.71168593139619,97.71168593139619
fg:12758,2021,2,641.0,0.3481803367734927,100.0,100.0,248.5,0.9970089730807579,93.31145408914523,93.31145408914523
fg:12768,2019,1,300.0,0.2,100.0,100.0,230.0,0.9970089730807579,78.16283141797474,78.16283141797474
fg:12768,2021,2,395.0,0.2476489028213166,100.0,100.0,221.5,0.9910802775024778,70.77229442878212,70.77229442878212
fg:12775,2019,1,850.0,0.4146341463414634,100.0,100.0,285.0,0.9970089730807579,110.66694800230381,110.66694800230381
fg:12775,2020,2,1535.0,0.5612431444241316,100.0,100.0,302.5,0.9940357852882704,112.61862395256819,112.61862395256819
fg:12775,2021,3,3079.0,0.7195606450105165,100.0,100.0,405.6,0.9910802775024778,108.17627666520698,108.17627666520698
fg:12775,2022,3,3226.0,0.728874830546769,100.0,100.0,358.2,0.9881422924901185,94.7230579838449,94.7230579838449
fg:12775,2023,3,2430.0,0.6694214876033058,100.0,100.0,257.6,0.9852216748768474,91.17239937573868,91.17239937573868
fg:12777,2019,1,5.0,0.004149377593360996,99.99999999999999,100.0,200.5,0.9970089730807579,101.18933976733489,101.18933976733489
fg:12777,2021,2,8.0,0.006622516556291391,100.00000000000001,100.0,200.5,0.9910802775024778,99.1731472457637,99.1731472457637
fg:12779,2021,1,75.0,0.058823529411764705,99.99999999999997,100.0,207.5,0.9940357852882704,102.0003753515192,102.0003753515192
fg:12782,2019,1,100.0,0.07692307692307693,100.0,100.0,210.0,0.9970089730807579,95.91741520092275,95.91741520092275
fg:12782,2021,2,90.0,0.06976744186046512,100.0,100.0,203.0,0.9910802775024778,98.10073350727966,98.10073350727966
fg:12784,2019,1,5.0,0.004149377593360996,99.99999999999999,100.0,200.5,0.9970089730807579,98.87350396941955,98.87350396941955
fg:12804,2019,1,5.0,0.004149377593360996,99.99999999999999,100.0,200.5,1.012,100.36016597510373,100.36016597510373
fg:12804,2021,2,8.0,0.006622516556291391,100.00000000000001,100.0,200.5,1.0,98.67549668874173,98.67549668874173
fg:12808,2019,1,10.0,0.008264462809917356,100.0,100.0,201.0,1.0,98.34710743801652,98.34710743801652
fg:12856,2019,1,2780.0,0.6984924623115578,100.00000000000001,100.0,478.0,0.9970089730807579,138.110493480884,138.110493480884
fg:12856,2020,2,3334.0,0.7353330392589326,100.0,100.0,366.6,0.9940357852882704,136.7585618200994,136.7585618200994
fg:12856,2021,3,4266.0,0.7804610318331504,99.99999999999997,100.0,393.2,0.9910802775024778,135.15739094481293,135.15739094481293
fg:12856,2022,3,4949.0,0.8048463164742234,100.00000000000001,100.0,525.7,0.9881422924901185,127.51129267141543,127.51129267141543
fg:12856,2023,3,6773.0,0.8494920356202182,100.0,100.0,599.8,0.9852216748768474,114.3417034487343,114.3417034487343
fg:12856,2024,3,7551.0,0.8628728145354817,100.00000000000001,100.0,575.3,0.9823182711198428,103.69137037405764,103.69137037405764
fg:12856,2025,3,7435.0,0.8610306890561668,100.0,100.0,554.4,0.9794319294809012,119.11092756697226,119.11092756697226
fg:12858,2019,1,2290.0,0.6561604584527221,100.0,100.0,429.0,1.0,103.98961410370914,103.98961410370914
fg:12858,2020,2,2652.0,0.6884735202492211,100.0,100.0,327.8,0.9970089730807579,100.02629099289106,100.02629099289106
fg:12858,2021,3,3385.0,0.7382769901853872,99.99999999999999,100.0,351.9,0.9940357852882704,97.2012108876126,97.2012108876126
fg:12859,2019,1,2380.0,0.664804469273743,100.0,100.0,438.0,0.9970089730807579,104.70995678914389,104.70995678914389
fg:12859,2020,2,2459.0,0.6720415414047554,100.0,100.0,303.1,0.9940357852882704,109.51923432909427,109.51923432909427
fg:12859,2021,3,3932.0,0.7661730319563523,99.99999999999999,100.0,417.1,0.9910802775024778,96.08018838553521,96.08018838553521
fg:12859,2022,3,2936.0,0.7098646034816247,100.0,100.0,336.7,0.9881422924901185,83.64922631122725,83.64922631122725
fg:12859,2023,3,3130.0,0.7228637413394919,100.0,100.0,332.1,0.9852216748768474,78.70687461518222,78.70687461518222
fg:12859,2024,3,2642.0,0.6876626756897449,100.0,100.0,339.1,0.9823182711198428,82.84471446121648,82.84471446121648
fg:12859,2025,3,2295.0,0.6566523605150214,100.0,100.0,291.8,0.9794319294809012,92.1463767802261,92.1463767802261
fg:12861,2019,1,3230.0,0.7291196388261851,100.00000000000001,100.0,523.0,0.9970089730807579,139.52113505001114,139.52113505001114
fg:12861,2020,2,3744.0,0.7572815533980582,100.0,100.0,380.6,0.9940357852882704,139.92606117463066,139.92606117463066
fg:12861,2021,3,4111.0,0.7740538504989645,99.99999999999997,100.0,347.7,0.9910802775024778,126.5035561160678,126.5035561160678
fg:12861,2022,3,2657.0,0.688877365828364,100.0,100.0,321.4,0.9881422924901185,107.15766736097844,107.15766736097844
fg:12861,2023,3,2434.0,0.6697853604843148,100.0,100.0,310.8,0.9852216748768474,96.82927825153088,96.82927825153088
fg:12861,2024,3,2501.0,0.6757633072142664,100.0,100.0,337.3,0.9823182711198428,87.88703196760879,87.88703196760879
fg:12863,2019,1,5.0,0.004149377593360996,99.99999999999999,100.0,200.5,0.9970089730807579,98.87350396941955,98.87350396941955
fg:12880,2019,1,40.0,0.03225806451612903,100.0,100.0,204.0,0.9970089730807579,95.0177536459722,95.0177536459722
fg:12880,2021,2,224.0,0.15730337078651685,100.00000000000001,100.0,220.0,0.9910802775024778,79.52798887624438,79.52798887624438
fg:12880,2022,2,165.0,0.12087912087912088,100.00000000000001,100.0,204.5,0.9881422924901185,83.82156888124558,83.82156888124558
fg:12907,2019,1,835.0,0.4103194103194103,100.0,100.0,283.5,1.006,95.15939394632764,95.15939394632764
fg:12907,2020,2,1538.0,0.5617238860482103,100.0,100.0,303.7,1.0,77.77895923434653,77.77895923434653
fg:12907,2021,3,3107.0,0.7213837938240074,100.0,100.0,408.4,0.9970089730807579,74.6273597688126,74.6273597688126
fg:12916,2019,1,3270.0,0.7315436241610739,100.00000000000001,100.0,527.0,1.018,115.15478015985963,115.15478015985963
fg:12916,2020,2,3946.0,0.7668091721725612,100.0,100.0,398.4,1.012,111.61372254929958,111.61372254929958
fg:12916,2021,3,5646.0,0.8247151621384751,99.99999999999999,100.0,488.6,1.006,106.94406436442539,106.94406436442539
fg:12916,2022,3,6424.0,0.8426023084994754,100.0,100.0,605.4,1.0,112.14918016048044,112.14918016048044
fg:12916,2023,3,7831.0,0.8671243494629609,100.00000000000001,100.0,614.1,0.9970089730807579,115.19058070583972,115.19058070583972
fg:12916,2024,3,8311.0,0.8738303017558616,100.0,100.0,613.2,0.9940357852882704,123.8921908169104,123.8921908169104
fg:12916,2025,3,8477.0,0.8759946264338121,100.0,100.0,634.9,0.9910802775024778,124.55552457017617,124.55552457017617
fg:12917,2019,1,10.0,0.008264462809917356,100.0,100.0,201.0,1.012,99.52727272727272,99.52727272727272
fg:12917,2021,2,26.0,0.021207177814029365,100.0,100.0,202.0,1.0,97.92932237287555,97.92932237287555
fg:12918,2019,1,5.0,0.004149377593360996,99.99999999999999,100.0,200.5,1.012,100.36016597510373,100.36016597510373
fg:12918,2021,2,8.0,0.006622516556291391,100.00000000000001,100.0,200.5,1.0,98.67549668874173,98.67549668874173
fg:12926,2019,1,240.0,0.16666666666666666,100.0,100.0,224.0,1.012,84.46259056318698,84.46259056318698
fg:12927,2019,1,1270.0,0.5141700404858299,100.0,100.0,327.0,1.012,108.90990541298076,108.90990541298076
fg:12927,2020,2,2141.0,0.6408260999700689,100.0,100.0,337.9,1.006,121.68634166756492,121.68634166756492
fg:12927,2021,3,3592.0,0.7495826377295493,100.0,100.0,415.5,1.0,125.71827400314996,125.71827400314996
fg:12927,2022,3,5584.0,0.8231132075471698,100.0,100.0,575.1,0.9970089730807579,128.34160577392709,128.34160577392709
fg:12927,2023,3,7260.0,0.8581560283687943,100.00000000000001,100.0,608.3,0.9940357852882704,125.93472599668969,125.93472599668969
fg:12927,2024,3,8062.0,0.8704383502483265,100.00000000000001,100.0,599.7,0.9910802775024778,117.45016085711973,117.45016085711973
fg:12927,2025,3,7958.0,0.8689670233675475,100.00000000000001,100.0,592.3,0.9881422924901185,112.5686839534893,112.5686839534893
fg:12937,2019,1,1425.0,0.5428571428571428,100.0,100.0,342.5,1.012,99.20122686988567,99.20122686988567
fg:12937,2020,2,1550.0,0.5636363636363636,100.00000000000001,100.0,269.5,1.006,94.18663112376612,94.18663112376612
fg:12944,2019,1,215.0,0.1519434628975265,100.0,100.0,221.5,1.012,82.40799195326707,82.40799195326707
fg:12950,2020,1,225.0,0.15789473684210525,100.0,100.0,222.5,1.006,109.6565743218344,109.6565743218344
fg:12950,2021,2,1415.0,0.5411089866156787,100.0,100.0,328.0,1.0,89.91970466874437,89.91970466874437
fg:12970,2019,1,305.0,0.2026578073089701,100.0,100.0,230.5,1.012,82.06852695998639,82.06852695998639
fg:12970,2021,2,468.0,0.2805755395683453,100.0,100.0,228.5,1.0,70.76960596825053,70.76960596825053
fg:12972,2019,1,100.0,0.07692307692307693,100.0,100.0,210.0,1.012,90.61367973192249,90.61367973192249
fg:12972,2021,2,255.0,0.17525773195876287,100.00000000000001,100.0,219.5,1.0,87.96215170218686,87.96215170218686
fg:12976,2019,1,1735.0,0.5911413969335605,100.0,100.0,373.5,1.012,70.38340769478951,70.38340769478951
fg:12976,2020,2,1803.0,0.6003996003996004,100.0,100.0,276.2,1.006,69.00478720628763,69.00478720628763
fg:12976,2021,3,2933.0,0.7096540043551899,100.0,100.0,364.3,1.0,60.704754952042755,60.704754952042755
fg:12976,2022,3,3187.0,0.7264645543651698,100.0,100.0,400.2,0.9970089730807579,58.141359880111345,58.141359880111345
fg:12976,2023,3,3348.0,0.7361477572559367,100.0,100.0,339.8,0.9940357852882704,53.01038968378656,53.01038968378656
fg:12976,2024,3,2592.0,0.6835443037974683,100.0,100.0,294.2,0.9910802775024778,51.812820742242224,51.812820742242224
fg:12976,2025,3,2120.0,0.6385542168674698,100.0,100.0,304.6,0.9881422924901185,57.264594466932856,57.264594466932856
fg:12977,2019,1,275.0,0.1864406779661017,100.0,100.0,227.5,1.012,99.7214429504929,99.7214429504929
fg:12977,2020,2,685.0,0.363395225464191,100.0,100.0,252.0,1.006,83.85412014007599,83.85412014007599
fg:12977,2021,3,1692.0,0.5850622406639004,100.0,100.0,324.8,1.0,65.71987991066585,65.71987991066585
fg:12977,2022,3,1863.0,0.6082272282076395,100.0,100.0,289.1,0.9970089730807579,62.063384876697775,62.063384876697775
fg:12977,2023,3,1261.0,0.5123933360422592,100.0,100.0,217.2,0.9940357852882704,70.83836526505884,70.83836526505884
fg:12979,2019,1,2805.0,0.700374531835206,100.00000000000001,100.0,480.5,1.012,109.9472850859029,109.9472850859029
fg:12979,2020,2,3419.0,0.740203507252652,100.0,100.0,373.6,1.006,95.66563936803942,95.66563936803942
fg:12979,2021,3,5358.0,0.8170173833485819,100.0,100.0,497.0,1.0,103.96270153498001,103.96270153498001
fg:12979,2022,3,5843.0,0.8296180604855885,100.0,100.0,549.7,0.9970089730807579,96.14842497659488,96.14842497659488
fg:12979,2023,3,6736.0,0.8487903225806451,100.0,100.0,532.5,0.9940357852882704,86.44879560524372,86.44879560524372
fg:12979,2024,3,5403.0,0.8182644252612449,99.99999999999999,100.0,399.2,0.9910802775024778,70.90769096896517,70.90769096896517
fg:12979,2025,3,4982.0,0.8058880621158201,99.99999999999999,100.0,447.4,0.9881422924901185,73.11212725596637,73.11212725596637
fg:12981,2019,1,710.0,0.3717277486910995,100.0,100.0,271.0,1.012,93.24829529196063,93.24829529196063
fg:12981,2020,2,868.0,0.4197292069632495,100.0,100.0,244.2,1.006,96.98649811877858,96.98649811877858
fg:12981,2021,3,1286.0,0.5172968624296058,100.0,100.0,268.0,1.0,90.16287647175636,90.16287647175636
fg:12981,2022,3,911.0,0.4315490288962577,100.0,100.0,235.9,0.9970089730807579,89.90055350787553,89.90055350787553
fg:12981,2023,3,1305.0,0.5209580838323353,99.99999999999999,100.0,279.2,0.9940357852882704,57.501105059876146,57.501105059876146
fg:12983,2019,1,785.0,0.3954659949622166,100.0,100.0,278.5,1.012,83.3945465453385,83.3945465453385
fg:12984,2019,1,2835.0,0.7026022304832714,100.00000000000001,100.0,483.5,0.9970089730807579,92.3245457548525,92.3245457548525
fg:12984,2020,2,3353.0,0.7364375137272128,100.0,100.0,365.2,0.9940357852882704,98.54970169868514,98.54970169868514
fg:12984,2021,3,4709.0,0.7969199526146556,99.99999999999997,100.0,435.7,0.9910802775024778,75.92475417413796,75.92475417413796
fg:12984,2022,3,4213.0,0.7783114723813043,100.00000000000001,100.0,427.8,0.9881422924901185,66.2497145734696,66.2497145734696
fg:12984,2023,3,3329.0,0.7350408478692868,100.0,100.0,293.5,0.9852216748768474,54.656206120401976,54.656206120401976
fg:12990,2021,1,45.0,0.03614457831325301,100.0,100.0,204.5,1.0,98.87186281801296,98.87186281801296
fg:13006,2019,1,10.0,0.008264462809917356,100.0,100.0,201.0,1.012,99.52727272727272,99.52727272727272
fg:13012,2021,1,35.0,0.02834008097165992,100.00000000000001,100.0,203.5,0.9910802775024778,98.41975446517593,98.41975446517593
fg:13050,2019,1,285.0,0.1919191919191919,100.0,100.0,228.5,0.9970089730807579,69.6995390320444,69.6995390320444
fg:13050,2021,2,481.0,0.2861392028554432,100.0,100.0,231.0,0.9910802775024778,56.31074740902629,56.31074740902629
fg:13066,2019,1,2320.0,0.6590909090909091,100.0,100.0,432.0,1.012,102.87670737617755,102.87670737617755
fg:13066,2020,2,2891.0,0.7066731850403324,100.0,100.0,349.9,1.006,112.38235401785826,112.38235401785826
fg:13066,2021,3,5195.0,0.8123534010946052,100.0,100.0,518.2,1.0,120.76615586244306,120.76615586244306
fg:13066,2022,3,5676.0,0.8254799301919721,100.0,100.0,527.0,0.9970089730807579,125.90273490149228,125.90273490149228
fg:13066,2023,3,7315.0,0.8590722254844392,100.0,100.0,592.5,0.9940357852882704,116.16929959368103,116.16929959368103
fg:13066,2024,3,7577.0,0.8632790247237097,100.00000000000001,100.0,593.8,0.9910802775024778,118.40319473003228,118.40319473003228
fg:13066,2025,3,7372.0,0.8600093327111525,100.0,100.0,538.2,0.9881422924901185,110.66312256642964,110.66312256642964
fg:13071,2019,1,25.0,0.02040816326530612,100.0,100.0,202.5,0.9852216748768474,94.50085452900373,94.50085452900373
fg:13074,2019,1,310.0,0.2052980132450331,100.0,100.0,231.0,0.9881422924901185,68.08942413419949,68.08942413419949
fg:13074,2021,2,461.0,0.27754364840457557,100.0,100.0,227.5,0.9823182711198428,59.828547408534156,59.828547408534156
fg:13110,2020,1,170.0,0.12408759124087591,100.00000000000001,100.0,217.0,0.9823182711198428,94.5905515610941,94.5905515610941
fg:13125,2019,1,35.0,0.02834008097165992,100.0,100.0,203.5,1.0,94.33198380566802,94.33198380566802
fg:13130,2019,1,125.0,0.09433962264150944,100.0,100.0,212.5,0.9970089730807579,82.6753143996582,82.6753143996582
fg:13132,2020,1,20.0,0.01639344262295082,99.99999999999999,100.0,202.0,0.9940357852882704,99.69606163612198,99.69606163612198
fg:13145,2019,1,3065.0,0.7186400937866354,100.00000000000001,100.0,506.5,1.012,126.56171232562625,126.56171232562625
fg:13145,2020,2,3567.0,0.7482693517935809,100.0,100.0,372.8,1.006,113.06770766734941,113.06770766734941
fg:13145,2021,3,5571.0,0.8227735932653966,100.0,100.0,506.3,1.0,114.41419223900903,114.41419223900903
fg:13145,2022,3,6176.0,0.8373101952277657,100.0,100.0,580.3,0.9970089730807579,113.83792036186777,113.83792036186777
fg:13145,2023,3,7377.0,0.8600909408884225,100.0,100.0,573.2,0.9940357852882704,111.63545327763312,111.63545327763312
fg:13145,2024,3,7424.0,0.8608534322820037,100.0,100.0,563.2,0.9910802775024778,105.962155431435,105.962155431435
fg:13145,2025,3,6928.0,0.8523622047244095,100.0,100.0,526.8,0.9881422924901185,102.50265077105905,102.50265077105905
fg:13151,2020,1,30.0,0.024390243902439025,100.0,100.0,203.0,1.006,99.65575407647533,99.65575407647533
fg:13152,2019,1,3520.0,0.7457627118644068,100.00000000000001,100.0,552.0,1.018,117.07742909242803,117.07742909242803
fg:13152,2020,2,3946.0,0.7668091721725612,100.0,100.0,383.4,1.012,108.36132097183838,108.36132097183838
fg:13152,2021,3,6236.0,0.8386229155459924,100.00000000000001,100.0,544.6,1.006,114.47314252170861,114.47314252170861
fg:13152,2022,3,5479.0,0.820332385087588,100.0,100.0,486.9,1.0,113.3583106106794,113.3583106106794
fg:13152,2023,3,5427.0,0.8189225894069715,99.99999999999999,100.0,416.0,0.9970089730807579,115.55584913988324,115.55584913988324
fg:13152,2024,3,5052.0,0.8080614203454894,99.99999999999999,100.0,468.8,0.9940357852882704,103.96596414388826,103.96596414388826
fg:13152,2025,3,5525.0,0.8215613382899628,100.0,100.0,508.9,0.9910802775024778,111.8641629222624,111.8641629222624
fg:13154,2019,1,775.0,0.3924050632911392,100.0,100.0,277.5,1.012,84.26099270360751,84.26099270360751
fg:13157,2019,1,340.0,0.22077922077922077,100.00000000000001,100.0,234.0,1.012,89.41295221729132,89.41295221729132
fg:13157,2020,2,382.0,0.24146649810366624,100.0,100.0,217.8,1.006,85.05474794160313,85.05474794160313
fg:13164,2019,1,45.0,0.03614457831325301,100.0,100.0,204.5,1.012,93.88433734939758,93.88433734939758
fg:13164,2021,2,57.0,0.045346062052505964,100.0,100.0,203.0,1.0,90.9307875894988,90.9307875894988
fg:13167,2019,1,400.0,0.25,100.00000000000001,100.0,240.0,1.012,99.08156454085997,99.08156454085997
fg:13167,2021,2,825.0,0.4074074074074074,100.0,100.0,258.5,1.0,75.47414635265574,75.47414635265574
fg:13176,2019,1,495.0,0.2920353982300885,100.0,100.0,249.5,1.006,81.0721445036443,81.0721445036443
fg:13183,2019,1,275.0,0.1864406779661017,100.0,100.0,227.5,1.012,80.0501393462491,80.0501393462491
fg:13183,2021,2,385.0,0.24290220820189273,100.0,100.0,222.0,1.0,73.43728366931126,73.43728366931126
fg:13185,2019,1,2730.0,0.6946564885496184,100.00000000000001,100.0,473.0,1.024,74.57617064910862,74.57617064910862
fg:13185,2020,2,3129.0,0.7227997227997228,100.0,100.0,349.1,1.018,80.9729430083401,80.9729430083401
fg:13185,2021,3,2839.0,0.7028967566229265,100.0,100.0,263.4,1.012,78.8433290483772,78.8433290483772
fg:13185,2022,3,2093.0,0.6355906468266019,100.0,100.0,325.9,1.006,96.4239906391454,96.4239906391454
fg:13185,2023,3,3868.0,0.7632202052091555,100.00000000000001,100.0,489.9,1.0,98.4238621808197,98.4238621808197
fg:13185,2024,3,5844.0,0.8296422487223168,100.0,100.0,554.3,0.9970089730807579,88.56737216965921,88.56737216965921
fg:13185,2025,3,5077.0,0.8088258722319579,99.99999999999999,100.0,367.2,0.9940357852882704,77.68003329399662,77.68003329399662
fg:13218,2023,1,5.0,0.004149377593360996,99.99999999999999,100.0,200.5,0.9940357852882704,98.5786525659322,98.5786525659322
fg:13228,2019,1,40.0,0.03225806451612903,100.0,100.0,204.0,1.012,94.67096774193548,94.67096774193548
fg:13254,2021,1,105.0,0.08045977011494253,100.0,100.0,210.5,0.9940357852882704,93.76015976180426,93.76015976180426
fg:13265,2019,1,1445.0,0.5463137996219282,100.0,100.0,344.5,1.0,70.63075920275523,70.63075920275523
fg:13265,2020,2,1576.0,0.5677233429394812,100.00000000000001,100.0,270.9,0.9970089730807579,72.31800861302476,72.31800861302476
fg:13265,2021,3,3078.0,0.7194950911640954,100.0,100.0,395.9,0.9940357852882704,100.38959887124201,100.38959887124201
fg:13265,2022,3,2367.0,0.663582842724979,100.0,100.0,299.0,0.9910802775024778,100.55540112203948,100.55540112203948
fg:13265,2023,3,2317.0,0.6588001137332954,100.0,100.0,282.3,0.9881422924901185,93.85955744808865,93.85955744808865
fg:13273,2019,1,120.0,0.09090909090909091,100.0,100.0,212.0,0.9970089730807579,91.32431238388698,91.32431238388698
fg:13273,2021,2,102.0,0.07834101382488479,100.0,100.0,203.0,0.9910802775024778,89.47570328964254,89.47570328964254
fg:13276,2019,1,5.0,0.004149377593360996,99.99999999999999,100.0,200.5,1.006,99.76514522821576,99.76514522821576
fg:13277,2019,1,945.0,0.4405594405594406,100.0,100.0,294.5,1.0,89.94525536498315,89.94525536498315
fg:13277,2020,2,786.0,0.3957703927492447,100.0,100.0,221.9,0.9970089730807579,89.02594571578419,89.02594571578419
fg:13288,2019,1,235.0,0.16376306620209058,100.0,100.0,223.5,1.0,90.71547803239133,90.71547803239133
fg:13293,2021,1,5.0,0.004149377593360996,99.99999999999999,100.0,200.5,0.9910802775024778,98.28555449090962,98.28555449090962
fg:13301,2019,1,2945.0,0.7104945717732207,100.00000000000001,100.0,494.5,1.0,123.31791975802284,123.31791975802284
fg:13301,2020,2,3596.0,0.749791492910759,100.0,100.0,382.9,0.9970089730807579,115.30136897023468,115.30136897023468
fg:13301,2021,3,5719.0,0.8265645324468854,100.0,100.0,520.8,0.9940357852882704,124.21314053349309,124.21314053349309
fg:13301,2022,3,5937.0,0.8318621269440941,100.0,100.0,541.7,0.9910802775024778,114.34727275005699,114.34727275005699
fg:13301,2023,3,6931.0,0.8524166769155086,100.0,100.0,546.0,0.9881422924901185,114.87050402385034,114.87050402385034
fg:13301,2024,3,5476.0,0.8202516476932294,99.99999999999999,100.0,404.4,0.9852216748768474,112.96901106284696,112.96901106284696
fg:13301,2025,3,4849.0,0.8016201024962804,99.99999999999999,100.0,423.3,0.9823182711198428,120.86328864325556,120.86328864325556
fg:13324,2019,1,1055.0,0.4678492239467849,100.0,100.0,305.5,1.006,91.87647058590629,91.87647058590629
fg:13324,2020,2,1114.0,0.4814174589455488,100.00000000000001,100.0,248.1,1.0,86.16569792250708,86.16569792250708
fg:13324,2021,3,1264.0,0.512987012987013,100.0,100.0,246.9,0.9970089730807579,75.57029537704138,75.57029537704138
fg:13324,2022,3,1604.0,0.572039942938659,100.0,100.0,319.3,0.9940357852882704,83.74177312629087,83.74177312629087
fg:13324,2023,3,2567.0,0.6814441199893815,100.0,100.0,365.2,0.9910802775024778,85.2081545366118,85.2081545366118
fg:13324,2024,3,3325.0,0.7348066298342542,100.0,100.0,380.1,0.9881422924901185,83.9506088909444,83.9506088909444
fg:13324,2025,3,2675.0,0.6903225806451613,100.0,100.0,290.8,0.9852216748768474,83.42235928585184,83.42235928585184
fg:13325,2019,1,25.0,0.02040816326530612,100.0,100.0,202.5,1.0,95.91836734693878,95.91836734693878
fg:13325,2021,2,110.0,0.08396946564885496,100.00000000000001,100.0,209.5,0.9940357852882704,96.4256042820401,96.4256042820401
fg:13325,2022,2,106.0,0.08116385911179173,100.0,100.0,204.9,0.9910802775024778,93.99353558198533,93.99353558198533
fg:13329,2019,1,1130.0,0.48497854077253216,100.0,100.0,313.0,1.0,89.93360911356977,89.93360911356977
fg:13329,2020,2,1399.0,0.538283955367449,100.00000000000001,100.0,272.1,0.9970089730807579,88.18117049721862,88.18117049721862
fg:13329,2021,3,1924.0,0.615877080665813,100.0,100.0,294.9,0.9940357852882704,88.26891444370008,88.26891444370008
fg:13329,2022,3,1532.0,0.5607613469985359,100.0,100.0,272.5,0.9910802775024778,94.28309966190929,94.28309966190929
fg:13329,2023,3,1224.0,0.504950495049505,100.0,100.0,238.1,0.9881422924901185,92.97863376940731,92.97863376940731
fg:13338,2019,1,2410.0,0.667590027700831,100.0,100.0,441.0,1.006,113.7473099956124,113.7473099956124
fg:13338,2020,2,2558.0,0.680681213411389,100.0,100.0,311.2,1.0,103.39064757787186,103.39064757787186
fg:13338,2021,3,4175.0,0.7767441860465116,99.99999999999997,100.0,435.1,0.9970089730807579,101.29655801587398,101.29655801587398
fg:13338,2022,3,3638.0,0.7519636213311286,100.0,100.0,392.5,0.9940357852882704,87.55425914209616,87.55425914209616
fg:13338,2023,3,3249.0,0.7302764666217127,99.99999999999999,100.0,302.6,0.9910802775024778,85.39426954818144,85.39426954818144
fg:13338,2024,3,1817.0,0.6022538945972821,100.0,100.0,249.1,0.9881422924901185,72.77477383041273,72.77477383041273
fg:13338,2025,3,764.0,0.3890020366598778,100.0,100.0,211.9,0.9852216748768474,77.52616518025046,77.52616518025046
fg:13339,2019,1,10.0,0.008264462809917356,100.0,100.0,201.0,1.006,98.93719008264462,98.93719008264462
fg:13339,2021,2,61.0,0.04837430610626487,100.0,100.0,205.5,0.9970089730807579,90.05497385717551,90.05497385717551
fg:13345,2019,1,5.0,0.004149377593360996,99.99999999999999,100.0,200.5,1.006,99.76514522821576,99.76514522821576
fg:13346,2021,1,10.0,0.008264462809917356,100.0,100.0,201.0,0.9940357852882704,99.53096204419727,99.53096204419727
fg:13355,2019,1,645.0,0.34959349593495936,100.0,100.0,264.5,1.0,70.04888530101347,70.04888530101347
fg:13355,2021,2,557.0,0.3170176437108708,100.0,100.0,217.0,0.9940357852882704,82.8716820575422,82.8716820575422
fg:13355,2022,2,1166.0,0.49281487743026203,100.0,100.0,306.4,0.9910802775024778,92.87207681509668,92.87207681509668
fg:13355,2023,3,1921.0,0.6155078500480615,100.0,100.0,320.1,0.9881422924901185,90.65727038390217,90.65727038390217
fg:13355,2024,3,2184.0,0.6453900709219859,100.0,100.0,296.9,0.9852216748768474,80.21259873453329,80.21259873453329
fg:13355,2025,3,1483.0,0.552739470741707,100.0,100.0,242.4,0.9823182711198428,83.11501524510423,83.11501524510423
fg:13356,2019,1,985.0,0.45080091533180777,100.0,100.0,298.5,1.012,77.02283548388783,77.02283548388783
fg:13356,2020,2,1108.0,0.4800693240901213,100.00000000000001,100.0,251.7,1.006,71.16246406442562,71.16246406442562
fg:13359,2019,1,1470.0,0.550561797752809,100.0,100.0,347.0,1.0,102.69259030305169,102.69259030305169
fg:13359,2020,2,1881.0,0.6105160662122687,100.0,100.0,299.9,0.9970089730807579,93.78717266799356,93.78717266799356
fg:13359,2021,3,3716.0,0.7558991049633849,100.0,100.0,441.1,0.9940357852882704,101.03097727573355,101.03097727573355
fg:13359,2022,3,3909.0,0.7651203758073987,100.0,100.0,412.4,0.9910802775024778,97.37103670034477,97.37103670034477
fg:13359,2023,3,2738.0,0.6952767902488572,99.99999999999996,100.0,237.4,0.9881422924901185,97.67277958513849,97.67277958513849
fg:13361,2019,1,305.0,0.2026578073089701,100.0,100.0,230.5,1.0,86.72292846595317,86.72292846595317
fg:13361,2021,2,193.0,0.13854989231873654,100.0,100.0,201.0,0.9940357852882704,89.42097908225858,89.42097908225858
fg:13367,2019,1,1965.0,0.6208530805687204,100.0,100.0,396.5,1.0,95.52616903504548,95.52616903504548
fg:13367,2020,2,2427.0,0.6691480562448304,100.0,100.0,324.8,0.9970089730807579,90.71849271452483,90.71849271452483
fg:13367,2021,3,2803.0,0.7002248313764676,100.0,100.0,311.1,0.9940357852882704,88.19973765193949,88.19973765193949
fg:13367,2022,3,1960.0,0.620253164556962,100.0,100.0,288.3,0.9910802775024778,83.39155664528019,83.39155664528019
fg:13369,2019,1,780.0,0.3939393939393939,100.0,100.0,278.0,1.006,84.15590941504722,84.15590941504722
fg:13369,2020,2,1589.0,0.5697382574399427,100.0,100.0,312.1,1.0,77.02526589502406,77.02526589502406
fg:13369,2021,3,2385.0,0.6652719665271967,100.0,100.0,333.8,0.9970089730807579,69.27748591908647,69.27748591908647
fg:13369,2022,3,1700.0,0.5862068965517241,100.0,100.0,243.4,0.9940357852882704,71.04012480528412,71.04012480528412
fg:13394,2019,1,10.0,0.008264462809917356,100.0,100.0,201.0,1.0,98.34710743801652,98.34710743801652
fg:13397,2021,1,5.0,0.004149377593360996,99.99999999999999,100.0,200.5,0.9940357852882704,98.5786525659322,98.5786525659322
fg:13403,2019,1,10.0,0.008264462809917356,100.0,100.0,201.0,0.9970089730807579,98.05294859223982,98.05294859223982
fg:13408,2022,1,210.0,0.14893617021276595,100.00000000000001,100.0,221.0,0.9910802775024778,92.15224712925937,92.15224712925937
fg:13419,2019,1,3015.0,0.7153024911032029,100.00000000000001,100.0,501.5,1.0,107.90648090013335,107.90648090013335
fg:13419,2020,2,3627.0,0.7513983840894966,100.0,100.0,381.8,0.9970089730807579,107.60421185049987,107.60421185049987
fg:13419,2021,3,5006.0,0.8066387367064132,99.99999999999999,100.0,446.8,0.9940357852882704,99.90123024633178,99.90123024633178
fg:13419,2022,3,5844.0,0.8296422487223168,100.0,100.0,578.0,0.9910802775024778,107.59341243595813,107.59341243595813
fg:13419,2023,3,7308.0,0.8589562764456982,100.00000000000001,100.0,597.2,0.9881422924901185,111.42422108004236,111.42422108004236
fg:13419,2024,3,7405.0,0.8605461940732132,100.00000000000001,100.0,542.1,0.9852216748768474,115.75481339747851,115.75481339747851
fg:13419,2025,3,7391.0,0.860318938423932,100.0,100.0,575.2,0.9823182711198428,107.22997690464825,107.22997690464825
fg:13420,2019,1,30.0,0.024390243902439025,100.0,100.0,203.0,1.0,95.1219512195122,95.1219512195122
fg:13431,2019,1,125.0,0.09433962264150944,100.0,100.0,212.5,1.0,82.81382839286462,82.81382839286462
fg:13431,2021,2,365.0,0.23322683706070288,100.0,100.0,229.0,0.9940357852882704,70.19736061668816,70.19736061668816
fg:13470,2019,1,40.0,0.03225806451612903,100.0,100.0,204.0,1.018,96.94881090376705,96.94881090376705
fg:13470,2021,2,34.0,0.027552674230145867,100.0,100.0,201.0,1.006,96.07914174062745,96.07914174062745
fg:13472,2022,1,50.0,0.04,100.0,100.0,205.0,0.9970089730807579,93.13076991119951,93.13076991119951
fg:13473,2019,1,1960.0,0.620253164556962,100.0,100.0,396.0,1.012,90.25224918162496,90.25224918162496
fg:13473,2020,2,1928.0,0.6163682864450127,100.0,100.0,275.2,1.006,89.36276862742207,89.36276862742207
fg:13475,2019,1,30.0,0.024390243902439025,100.0,100.0,203.0,1.012,98.22968980290385,98.22968980290385
fg:13475,2021,2,28.0,0.02280130293159609,100.0,100.0,201.0,1.0,96.60741386307554,96.60741386307554
fg:13490,2020,1,20.0,0.01639344262295082,99.99999999999999,100.0,202.0,1.012,102.5564938498322,102.5564938498322
fg:13499,2019,1,1405.0,0.5393474088291746,100.0,100.0,340.5,1.0,114.17970520562032,114.17970520562032
fg:13499,2021,2,2468.0,0.6728462377317339,100.0,100.0,362.5,0.9940357852882704,99.7339313982607,99.7339313982607
fg:13499,2022,2,1510.0,0.5571955719557196,100.00000000000001,100.0,253.5,0.9910802775024778,98.32222906641279,98.32222906641279
fg:13499,2023,3,1938.0,0.6175908221797323,100.0,100.0,283.7,0.9881422924901185,109.12117151552565,109.12117151552565
fg:13499,2024,3,952.0,0.4423791821561338,100.0,100.0,234.9,0.9852216748768474,108.78390277058287,108.78390277058287
fg:13510,2019,1,2710.0,0.6930946291560103,100.00000000000001,100.0,471.0,1.012,106.71395437637408,106.71395437637408
fg:13510,2020,2,3438.0,0.741267787839586,100.0,100.0,381.2,1.006,122.67536724565788,122.67536724565788
fg:13510,2021,3,5822.0,0.8291085160922814,100.00000000000001,100.0,543.4,1.0,129.488339726118,129.488339726118
fg:13510,2022,3,6731.0,0.8486949943260623,100.0,100.0,606.1,0.9970089730807579,136.03613262362975,136.03613262362975
fg:13510,2023,3,8103.0,0.8710093518219929,100.00000000000001,100.0,614.0,0.9940357852882704,127.2983256737529,127.2983256737529
fg:13510,2024,3,8229.0,0.8727330575882914,100.0,100.0,610.1,0.9910802775024778,128.9547972879941,128.9547972879941
fg:13510,2025,3,8166.0,0.8718770019218449,100.00000000000001,100.0,604.7,0.9881422924901185,127.40742570091949,127.40742570091949
fg:13528,2019,1,5.0,0.004149377593360996,99.99999999999999,100.0,200.5,1.0,99.17012448132779,99.17012448132779
fg:13543,2021,1,185.0,0.13357400722021662,100.00000000000001,100.0,218.5,1.0,81.72776280996644,81.72776280996644
fg:13546,2019,1,610.0,0.3370165745856354,100.0,100.0,261.0,1.012,92.39947364291865,92.39947364291865
fg:13546,2020,2,1068.0,0.4708994708994709,100.00000000000001,100.0,270.2,1.006,83.14684346386802,83.14684346386802
fg:13546,2021,3,1140.0,0.48717948717948717,100.0,100.0,242.6,1.0,82.73526017687605,82.73526017687605
fg:13546,2022,3,1031.0,0.4621246077991932,100.0,100.0,249.7,0.9970089730807579,83.75378953148112,83.75378953148112
fg:13580,2021,1,10.0,0.008264462809917356,100.0,100.0,201.0,0.9970089730807579,98.05294859223982,98.05294859223982
fg:13590,2019,1,1920.0,0.6153846153846154,100.0,100.0,392.0,1.018,108.69719576902763,108.69719576902763
fg:13590,2020,2,2451.0,0.6713229252259655,100.0,100.0,329.9,1.012,116.52420654915457,116.52420654915457
fg:13590,2021,3,4309.0,0.7821746233436195,99.99999999999999,100.0,460.8,1.006,129.84101496486213,129.84101496486213
fg:13590,2022,3,5224.0,0.813200498132005,100.00000000000001,100.0,522.0,1.0,122.28627232757682,122.28627232757682
fg:13590,2023,3,4628.0,0.7940974605353466,99.99999999999997,100.0,353.2,0.9970089730807579,109.7040325709397,109.7040325709397
fg:13590,2024,3,4969.0,0.8054790079429405,99.99999999999999,100.0,473.7,0.9940357852882704,104.97370492829178,104.97370492829178
fg:13590,2025,3,3028.0,0.7161778618732261,100.0,100.0,291.3,0.9910802775024778,102.4046403553786,102.4046403553786
fg:13593,2019,1,2015.0,0.6267496111975117,100.0,100.0,401.5,1.018,75.93470544205917,75.93470544205917
fg:13593,2020,2,2212.0,0.6483001172332943,100.0,100.0,300.3,1.012,75.03362090331417,75.03362090331417
fg:13593,2021,3,2459.0,0.6720415414047554,100.0,100.0,289.0,1.006,77.35438963558796,77.35438963558796
fg:13594,2019,1,5.0,0.004149377593360996,99.99999999999999,100.0,200.5,1.012,100.36016597510373,100.36016597510373
fg:13595,2019,1,675.0,0.36,100.0,100.0,267.5,1.018,76.00637424651116,76.00637424651116
fg:13595,2021,2,425.0,0.26153846153846155,100.0,100.0,202.0,1.006,80.47706335408131,80.47706335408131
fg:13602,2019,1,140.0,0.1044776119402985,99.99999999999999,100.0,214.0,1.006,88.63540182026011,88.63540182026011
fg:13602,2020,2,122.0,0.09228441754916793,100.0,100.0,203.8,1.0,88.8430015604699,88.8430015604699
fg:13602,2021,3,1967.0,0.6210925165772024,100.0,100.0,387.7,0.9970089730807579,106.19935921502875,106.19935921502875
fg:13602,2022,3,4176.0,0.7767857142857143,100.00000000000001,100.0,504.5,0.9940357852882704,106.91044106600017,106.91044106600017
fg:13602,2023,3,4771.0,0.7990286384190253,99.99999999999999,100.0,404.4,0.9910802775024778,107.02419154276815,107.02419154276815
fg:13602,2024,3,3680.0,0.7540983606557377,99.99999999999999,100.0,317.2,0.9881422924901185,98.70058738431891,98.70058738431891
fg:13606,2021,1,15.0,0.012345679012345678,99.99999999999999,100.0,201.5,1.0,97.53086419753085,97.53086419753085
fg:13608,2019,1,2830.0,0.7022332506203474,100.00000000000001,100.0,483.0,1.012,82.9815775058285,82.9815775058285
fg:13608,2020,2,2499.0,0.67558799675588,100.0,100.0,280.1,1.006,78.13971047537451,78.13971047537451
fg:13611,2019,1,3530.0,0.7463002114164905,100.00000000000001,100.0,553.0,1.012,127.35453008753151,127.35453008753151
fg:13611,2020,2,4054.0,0.771602588503997,100.0,100.0,393.6,1.006,130.30485246191895,130.30485246191895
fg:13611,2021,3,5852.0,0.8298355076574021,100.0,100.0,499.6,1.0,128.88447540214955,128.88447540214955
fg:13611,2022,3,6133.0,0.8363561980090004,100.0,100.0,574.5,0.9970089730807579,132.79603128543923,132.79603128543923
fg:13611,2023,3,7671.0,0.8647277646263104,100.0,100.0,610.4,0.9940357852882704,142.9865863883926,142.9865863883926
fg:13611,2024,3,7269.0,0.8583067658519306,100.0,100.0,527.3,0.9910802775024778,142.0629704182369,142.0629704182369
fg:13611,2025,3,7458.0,0.8613998613998614,100.0,100.0,583.1,0.9881422924901185,125.00026478239445,125.00026478239445
fg:13613,2019,1,3140.0,0.7235023041474654,100.00000000000001,100.0,514.0,1.018,138.520049321069,138.520049321069
fg:13613,2020,2,3487.0,0.7439726904203116,100.0,100.0,360.3,1.012,127.05283830600679,127.05283830600679
fg:13613,2021,3,4534.0,0.7907220090687129,99.99999999999997,100.0,406.5,1.006,129.68494453809998,129.68494453809998
fg:13613,2022,3,4871.0,0.8023389886344918,100.00000000000001,100.0,516.4,1.0,110.61277414469967,110.61277414469967
fg:13613,2023,3,6604.0,0.8462327011788826,100.0,100.0,580.8,0.9970089730807579,117.1030433751099,117.1030433751099
fg:13613,2024,3,7189.0,0.8569555370127548,100.0,100.0,556.5,0.9940357852882704,125.76763990665984,125.76763990665984
fg:13613,2025,3,7062.0,0.8547567175018156,100.0,100.0,536.3,0.9910802775024778,134.7664051362564,134.7664051362564
fg:13619,2019,1,10.0,0.008264462809917356,100.0,100.0,201.0,1.012,99.52727272727272,99.52727272727272
fg:13619,2021,2,16.0,0.013157894736842105,100.0,100.0,201.0,1.0,97.36842105263158,97.36842105263158
fg:13620,2019,1,1825.0,0.6033057851239669,100.0,100.0,382.5,1.024,106.74949343485632,106.74949343485632
fg:13620,2020,2,2105.0,0.6369137670196672,100.0,100.0,301.0,1.018,99.06198129000404,99.06198129000404
fg:13620,2021,3,3406.0,0.7394702561875814,100.0,100.0,392.4,1.012,101.1752147533664,101.1752147533664
fg:13620,2022,3,3593.0,0.749634884206134,100.0,100.0,412.9,1.006,89.53527166733046,89.53527166733046
fg:13620,2023,3,3248.0,0.7302158273381295,100.0,100.0,310.9,1.0,85.05675417790545,85.05675417790545
fg:13620,2024,3,3231.0,0.7291807718348002,100.0,100.0,371.6,0.9970089730807579,86.74183861163428,86.74183861163428
fg:13620,2025,3,3810.0,0.7604790419161677,100.0,100.0,441.8,0.9940357852882704,101.09470934677053,101.09470934677053
fg:13621,2019,1,1930.0,0.6166134185303515,100.0,100.0,393.0,1.018,84.8577432741473,84.8577432741473
fg:13621,2020,2,2574.0,0.6820349761526232,100.0,100.0,341.6,1.012,100.96909116478346,100.96909116478346
fg:13621,2021,3,5112.0,0.8098859315589354,100.0,100.0,533.6,1.006,110.22838866346643,110.22838866346643
fg:13621,2022,3,5457.0,0.8197386210004507,100.0,100.0,496.1,1.0,103.60094975389258,103.60094975389258
fg:13621,2023,3,6626.0,0.8466649629440327,100.0,100.0,534.7,0.9970089730807579,105.81814391288187,105.81814391288187
fg:13621,2024,3,6020.0,0.8337950138504155,100.0,100.0,489.1,0.9940357852882704,97.51597015881435,97.51597015881435
fg:13621,2025,3,4035.0,0.7707736389684814,99.99999999999999,100.0,291.8,0.9910802775024778,93.25661572727608,93.25661572727608
fg:13624,2019,1,2705.0,0.6927016645326505,100.00000000000001,100.0,470.5,1.018,110.08301283569105,110.08301283569105
fg:13624,2020,2,3324.0,0.7347480106100795,100.0,100.0,370.1,1.012,119.71843116005675,119.71843116005675
fg:13624,2021,3,4596.0,0.7929606625258799,99.99999999999997,100.0,427.7,1.006,128.29638456201215,128.29638456201215
fg:13624,2022,3,5647.0,0.8247407623776837,100.0,100.0,572.4,1.0,124.10566903327471,124.10566903327471
fg:13624,2023,3,6559.0,0.8453408944451605,100.00000000000001,100.0,534.3,0.9970089730807579,137.61776303069442,137.61776303069442
fg:13624,2024,3,6798.0,0.8499624906226556,100.0,100.0,520.1,0.9940357852882704,136.71571891160573,136.71571891160573
fg:13624,2025,3,5965.0,0.8325191905094208,100.0,100.0,475.8,0.9910802775024778,139.20472252672806,139.20472252672806
fg:13649,2019,1,25.0,0.02040816326530612,100.0,100.0,202.5,1.012,97.06938775510204,97.06938775510204
fg:13649,2021,2,20.0,0.01639344262295082,100.00000000000001,100.0,200.5,1.0,96.72131147540985,96.72131147540985
fg:13658,2019,1,290.0,0.19463087248322147,100.0,100.0,229.0,1.0,98.89770976619857,98.89770976619857
fg:13658,2022,1,40.0,0.03225806451612903,100.00000000000001,100.0,204.0,0.9910802775024778,95.17926110421712,95.17926110421712
fg:13663,2021,1,80.0,0.0625,99.99999999999999,100.0,208.0,1.0,95.85413540376516,95.85413540376516
fg:13663,2024,1,355.0,0.2282958199356913,100.0,100.0,235.5,0.9910802775024778,94.01122403227069,94.01122403227069
fg:13675,2019,1,60.0,0.047619047619047616,100.0,100.0,206.0,1.018,106.14149485050393,106.14149485050393
fg:13675,2020,2,253.0,0.17412250516173433,100.0,100.0,221.7,1.012,105.28705645191913,105.28705645191913
fg:13675,2021,3,1555.0,0.5644283121597096,100.0,100.0,339.6,1.006,105.64090529197505,105.64090529197505
fg:13675,2022,3,3232.0,0.7292418772563177,100.0,100.0,429.6,1.0,102.76806187331206,102.76806187331206
fg:13675,2023,3,3648.0,0.7524752475247525,100.0,100.0,362.0,0.9970089730807579,98.64467127455976,98.64467127455976
fg:13675,2024,3,3912.0,0.7652582159624414,100.0,100.0,396.8,0.9940357852882704,96.7054934786253,96.7054934786253
fg:13675,2025,3,3814.0,0.7606701236537694,100.0,100.0,405.0,0.9910802775024778,86.5405098986148,86.5405098986148
fg:13677,2019,1,15.0,0.012345679012345678,100.0,100.0,201.5,1.018,99.28641975308642,99.28641975308642
fg:13677,2021,2,19.0,0.015586546349466776,100.0,100.0,201.0,1.006,97.46398687448729,97.46398687448729
fg:13684,2019,1,15.0,0.012345679012345678,100.0,100.0,201.5,1.012,98.70123456790124,98.70123456790124
fg:13684,2021,2,99.0,0.07621247113163972,100.00000000000001,100.0,209.0,1.0,84.75750577367207,84.75750577367207
fg:13690,2019,1,10.0,0.008264462809917356,100.0,100.0,201.0,1.018,100.11735537190081,100.11735537190081
fg:13690,2021,2,16.0,0.013157894736842105,100.0,100.0,201.0,1.006,97.95263157894736,97.95263157894736
fg:13696,2019,1,5.0,0.004149377593360996,99.99999999999999,100.0,200.5,1.018,102.8328151484294,102.8328151484294
fg:13696,2021,2,33.0,0.0267639902676399,100.00000000000001,100.0,203.0,1.006,98.02333051712885,98.02333051712885
fg:13699,2021,1,15.0,0.012345679012345678,99.99999999999999,100.0,201.5,1.006,101.34166460512269,101.34166460512269
fg:13723,2019,1,1050.0,0.4666666666666667,100.0,100.0,305.0,0.9970089730807579,91.21376927150168,91.21376927150168
fg:13723,2020,2,1555.0,0.5644283121597096,100.0,100.0,292.5,0.9940357852882704,91.68285158045727,91.68285158045727
fg:13723,2021,3,3337.0,0.7355080449636323,100.0,100.0,427.8,0.9910802775024778,91.94132667910108,91.94132667910108
fg:13723,2022,3,4057.0,0.7717329275252045,100.0,100.0,434.7,0.9881422924901185,83.40346904020673,83.40346904020673
fg:13723,2023,3,4197.0,0.7776542523624236,99.99999999999999,100.0,376.4,0.9852216748768474,76.06524396353878,76.06524396353878
fg:13723,2024,3,3661.0,0.7531372145649043,100.0,100.0,368.1,0.9823182711198428,84.25420949250204,84.25420949250204
fg:13723,2025,3,2597.0,0.6839610218593627,100.0,100.0,292.6,0.9794319294809012,74.62535922739082,74.62535922739082
fg:13743,2019,1,325.0,0.21311475409836064,100.0,100.0,232.5,1.018,88.45665976184699,88.45665976184699
fg:13743,2021,2,530.0,0.3063583815028902,100.0,100.0,233.5,1.006,89.20217936068731,89.20217936068731
fg:13744,2019,1,2065.0,0.6324655436447167,100.0,100.0,406.5,1.018,109.11837531629757,109.11837531629757
fg:13744,2020,2,2147.0,0.641469973110248,100.0,100.0,290.8,1.012,93.43455320907526,93.43455320907526
fg:13744,2021,3,2735.0,0.6950444726810674,100.0,100.0,319.9,1.006,81.77595348712413,81.77595348712413
fg:13744,2023,2,705.0,0.3700787401574803,100.0,100.0,204.5,0.9970089730807579,81.87131457600557,81.87131457600557
fg:13744,2024,2,346.0,0.2238033635187581,100.0,100.0,231.9,0.9940357852882704,92.24184284138367,92.24184284138367
fg:13750,2022,1,175.0,0.12727272727272726,100.00000000000001,100.0,217.5,1.006,90.20293091685855,90.20293091685855
fg:13755,2019,1,720.0,0.375,100.0,100.0,272.0,1.018,79.38817483282189,79.38817483282189
fg:13755,2020,2,706.0,0.3704092339979014,100.0,100.0,227.4,1.012,86.7489831975446,86.7489831975446
fg:13755,2021,3,1341.0,0.5277449822904369,100.0,100.0,283.1,1.006,80.12246138408996,80.12246138408996
fg:13755,2022,3,2287.0,0.6558646400917695,100.0,100.0,372.6,1.0,81.22588104579278,81.22588104579278
fg:13755,2023,3,2040.0,0.6296296296296297,100.0,100.0,261.8,0.9970089730807579,71.22330292997721,71.22330292997721
fg:13755,2024,3,1883.0,0.6107687317547843,100.0,100.0,276.1,0.9940357852882704,69.1800983152691,69.1800983152691
fg:13755,2025,3,928.0,0.43609022556390975,100.0,100.0,232.5,0.9910802775024778,74.81999872747416,74.81999872747416
fg:13757,2019,1,2070.0,0.6330275229357798,100.0,100.0,407.0,1.0,103.55931682507985,103.55931682507985
fg:13757,2020,2,2726.0,0.6943453897096281,100.0,100.0,348.4,0.9970089730807579,110.07013282664545,110.07013282664545
fg:13757,2021,3,5008.0,0.8067010309278351,100.0,100.0,512.4,0.9940357852882704,110.597593251098,110.597593251098
fg:13757,2022,3,5240.0,0.8136645962732919,100.00000000000001,100.0,485.2,0.9910802775024778,104.09990592203829,104.09990592203829
fg:13757,2023,3,5482.0,0.8204130499850344,99.99999999999999,100.0,437.4,0.9881422924901185,100.9372279332902,100.9372279332902
fg:13757,2024,3,4128.0,0.7747747747747747,99.99999999999997,100.0,361.4,0.9852216748768474,91.27178980116483,91.27178980116483
fg:13757,2025,3,2761.0,0.6970462004544307,100.0,100.0,287.1,0.9823182711198428,85.55746518344596,85.55746518344596
fg:13761,2019,1,20.0,0.01639344262295082,100.0,100.0,202.0,1.0,96.72131147540983,96.72131147540983
fg:13761,2021,2,22.0,0.01800327332242226,100.0,100.0,201.0,0.9940357852882704,95.82439894186436,95.82439894186436
fg:13767,2019,1,5.0,0.004149377593360996,99.99999999999999,100.0,200.5,1.0,99.17012448132779,99.17012448132779
fg:13768,2019,1,120.0,0.09090909090909091,100.0,100.0,212.0,1.0,92.94100007789699,92.94100007789699
fg:13768,2020,2,181.0,0.13106444605358436,99.99999999999999,100.0,210.9,0.9970089730807579,86.29789107102833,86.29789107102833
fg:13768,2021,3,925.0,0.43529411764705883,100.0,100.0,280.2,0.9940357852882704,90.23671905020623,90.23671905020623
fg:13768,2022,3,999.0,0.4542974079126876,100.0,100.0,247.7,0.9910802775024778,85.96136152436851,85.96136152436851
fg:13768,2023,3,2162.0,0.6430696014277216,100.0,100.0,349.9,0.9881422924901185,93.09526715094503,93.09526715094503
fg:13768,2024,3,2375.0,0.6643356643356644,100.0,100.0,332.2,0.9852216748768474,80.82790631219652,80.82790631219652
fg:13768,2025,3,1939.0,0.6177126473399172,100.0,100.0,245.7,0.9823182711198428,81.553673496243,81.553673496243
fg:13769,2019,1,2215.0,0.6486090775988287,100.0,100.0,421.5,1.03,90.55413099568537,90.55413099568537
fg:13769,2020,2,2937.0,0.7099347353154459,100.0,100.0,360.8,1.024,90.8103007716849,90.8103007716849
fg:13769,2021,3,2941.0,0.7102149239314175,99.99999999999999,100.0,291.3,1.018,91.20033995975326,91.20033995975326
fg:13769,2022,3,1513.0,0.5576852193144121,100.0,100.0,240.6,1.012,85.36736329920065,85.36736329920065
fg:13770,2020,1,170.0,0.12408759124087591,100.00000000000001,100.0,217.0,0.9970089730807579,92.18616207571358,92.18616207571358
fg:13770,2021,2,921.0,0.43422913719943423,100.0,100.0,281.9,0.9940357852882704,90.95978780430065,90.95978780430065
fg:13770,2022,3,1615.0,0.5737122557726465,100.0,100.0,304.2,0.9910802775024778,108.52982398876333,108.52982398876333
fg:13770,2023,3,2394.0,0.666110183639399,100.0,100.0,339.2,0.9881422924901185,104.383404337807,104.383404337807
fg:13770,2024,3,3038.0,0.7168475696083058,100.0,100.0,377.8,0.9852216748768474,114.33297208365121,114.33297208365121
fg:13770,2025,3,3002.0,0.7144217039504998,100.0,100.0,335.2,0.9823182711198428,113.21010431969127,113.21010431969127
fg:13774,2019,1,260.0,0.1780821917808219,100.0,100.0,226.0,1.018,80.13197629296612,80.13197629296612
fg:13774,2021,2,341.0,0.22128487994808566,100.0,100.0,218.5,1.006,66.69769833978472,66.69769833978472
fg:13781,2019,1,60.0,0.047619047619047616,100.0,100.0,206.0,1.0,95.60303789730831,95.60303789730831
fg:13781,2021,2,271.0,0.18422841604350781,100.0,100.0,223.5,0.9940357852882704,72.8363055897852,72.8363055897852
fg:13788,2020,1,55.0,0.043824701195219126,100.0,100.0,205.5,0.9970089730807579,90.96217324123249,90.96217324123249
fg:13788,2022,2,1393.0,0.5372155804087929,100.0,100.0,336.0,0.9910802775024778,86.7739986750704,86.7739986750704
fg:13788,2023,2,1113.0,0.48119325551232167,99.99999999999999,100.0,229.7,0.9881422924901185,88.9598585558911,88.9598585558911
fg:13795,2019,1,240.0,0.16666666666666666,100.0,100.0,224.0,1.006,77.35421995238211,77.35421995238211
fg:13799,2019,1,135.0,0.10112359550561797,99.99999999999999,100.0,213.5,1.006,100.33888641447129,100.33888641447129
fg:13801,2019,1,5.0,0.004149377593360996,99.99999999999999,100.0,200.5,1.0,99.17012448132779,99.17012448132779
fg:13801,2020,2,9.0,0.007444168734491315,100.0,100.0,200.6,0.9970089730807579,98.21651670299276,98.21651670299276
fg:13804,2019,1,35.0,0.02834008097165992,100.0,100.0,203.5,1.018,100.01840114993657,100.01840114993657
fg:13807,2019,1,870.0,0.42028985507246375,100.0,100.0,287.0,1.0,85.93016052077279,85.93016052077279
fg:13807,2020,2,1141.0,0.4873985476292183,100.00000000000003,100.0,261.9,0.9970089730807579,95.98787347942474,95.98787347942474
fg:13807,2021,3,1743.0,0.5922528032619776,100.0,100.0,295.4,0.9940357852882704,97.50293048196012,97.50293048196012
fg:13807,2022,3,1889.0,0.6115247652962124,100.0,100.0,310.3,0.9910802775024778,90.15234657238129,90.15234657238129
fg:13834,2019,1,60.0,0.047619047619047616,100.0,100.0,206.0,1.006,92.57159037705877,92.57159037705877
fg:13834,2020,2,53.0,0.04229848363926576,100.0,100.0,201.7,1.0,92.78182707432597,92.78182707432597
fg:13834,2021,3,220.0,0.15492957746478872,100.00000000000001,100.0,218.1,0.9970089730807579,71.78757552717633,71.78757552717633
fg:13836,2019,1,845.0,0.4132029339853301,100.0,100.0,284.5,1.0,95.67805913765469,95.67805913765469
fg:13836,2021,2,2117.0,0.6382273138378053,100.0,100.0,361.0,0.9940357852882704,99.94045299255953,99.94045299255953
fg:13836,2022,2,2523.0,0.67767929089444,100.0,100.0,355.7,0.9910802775024778,93.36238938023061,93.36238938023061
fg:13836,2023,3,2999.0,0.7142176708740177,100.0,100.0,329.2,0.9881422924901185,87.97919193781806,87.97919193781806
fg:13836,2024,3,1627.0,0.5755217545100814,100.0,100.0,225.9,0.9852216748768474,85.87321914002524,85.87321914002524
fg:13853,2019,1,1315.0,0.5228628230616302,100.0,100.0,331.5,0.9970089730807579,85.64155593811819,85.64155593811819
fg:13853,2020,2,1972.0,0.6216897856242118,100.0,100.0,318.3,0.9940357852882704,95.4351367477989,95.4351367477989
fg:13853,2021,3,4030.0,0.7705544933078394,100.0,100.0,468.9,0.9910802775024778,99.81966357372848,99.81966357372848
fg:13853,2022,3,4411.0,0.7861343788985921,100.00000000000001,100.0,435.6,0.9881422924901185,96.35597440693053,96.35597440693053
fg:13853,2023,3,4577.0,0.7922797299636489,99.99999999999997,100.0,396.1,0.9852216748768474,80.62109886328989,80.62109886328989
fg:13853,2024,3,2570.0,0.6816976127320955,100.0,100.0,250.3,0.9823182711198428,72.2603973735179,72.2603973735179
fg:13854,2019,1,280.0,0.1891891891891892,100.0,100.0,228.0,0.9970089730807579,77.5094855964431,77.5094855964431
fg:13854,2020,2,524.0,0.3039443155452436,100.0,100.0,235.6,0.9940357852882704,84.76787334653085,84.76787334653085
fg:13854,2021,3,548.0,0.3135011441647597,100.0,100.0,220.0,0.9910802775024778,82.66984174965953,82.66984174965953
fg:13854,2022,3,587.0,0.3284834918858422,100.0,100.0,232.3,0.9881422924901185,82.12642551485892,82.12642551485892
fg:13854,2023,3,385.0,0.24290220820189273,100.0,100.0,212.4,0.9852216748768474,81.48401992091615,81.48401992091615
fg:13892,2019,1,5.0,0.004149377593360996,99.99999999999999,100.0,200.5,0.9970089730807579,98.87350396941955,98.87350396941955
fg:13896,2019,1,10.0,0.008264462809917356,100.0,100.0,201.0,1.024,103.05262676312009,103.05262676312009
fg:13896,2021,2,21.0,0.0171990171990172,100.0,100.0,201.5,1.012,99.09701441760203,99.09701441760203
fg:13897,2019,1,60.0,0.047619047619047616,100.0,100.0,206.0,1.0,101.42679391464866,101.42679391464866
fg:13897,2020,2,298.0,0.19893190921228304,100.0,100.0,226.2,0.9970089730807579,92.32806640522286,92.32806640522286
fg:13897,2022,2,1020.0,0.4594594594594595,100.0,100.0,287.0,0.9910802775024778,78.25434607944773,78.25434607944773
fg:13897,2023,2,931.0,0.4368840919755983,100.0,100.0,240.9,0.9881422924901185,84.98979512455779,84.98979512455779
fg:13897,2024,3,790.0,0.3969849246231156,100.0,100.0,212.7,0.9852216748768474,85.31220473103294,85.31220473103294
fg:13897,2025,3,1075.0,0.4725274725274725,100.0,100.0,288.6,0.9823182711198428,104.75093575462623,104.75093575462623
fg:13905,2019,1,165.0,0.12087912087912088,100.0,100.0,216.5,1.0,100.95969879212576,100.95969879212576
fg:13910,2021,1,40.0,0.03225806451612903,100.00000000000001,100.0,204.0,0.9910802775024778,100.33711548708594,100.33711548708594
fg:13911,2019,1,5.0,0.004149377593360996,99.99999999999999,100.0,200.5,0.9970089730807579,98.87350396941955,98.87350396941955
fg:13942,2019,1,10.0,0.008264462809917356,100.0,100.0,201.0,0.9970089730807579,98.05294859223982,98.05294859223982
fg:13942,2021,2,26.0,0.021207177814029365,100.0,100.0,202.0,0.9910802775024778,94.90442461565326,94.90442461565326
fg:14078,2019,1,195.0,0.13978494623655913,100.0,100.0,219.5,1.006,85.31732374523166,85.31732374523166
fg:14078,2021,2,132.0,0.0990990990990991,99.99999999999999,100.0,201.5,0.9970089730807579,87.93790686784692,87.93790686784692
fg:14103,2019,1,2065.0,0.6324655436447167,100.0,100.0,406.5,1.018,88.17142535694795,88.17142535694795
fg:14103,2020,2,2672.0,0.6900826446280992,100.0,100.0,343.3,1.012,88.89386726438498,88.89386726438498
fg:14103,2021,3,2760.0,0.696969696969697,100.0,100.0,290.9,1.006,80.15835263919259,80.15835263919259
fg:14106,2019,1,1205.0,0.501039501039501,100.0,100.0,320.5,1.018,91.2453136440149,91.2453136440149
fg:14107,2019,1,135.0,0.10112359550561797,99.99999999999999,100.0,213.5,1.0,80.26839804934984,80.26839804934984
fg:14107,2021,2,391.0,0.245757385292269,100.0,100.0,231.0,0.9940357852882704,72.20910371186437,72.20910371186437
fg:14109,2019,1,1815.0,0.6019900497512438,100.0,100.0,381.5,1.018,78.75520652574669,78.75520652574669
fg:14109,2020,2,1622.0,0.5747696669029058,100.0,100.0,253.3,1.012,77.69039357063824,77.69039357063824
fg:14109,2021,3,1495.0,0.5547309833024119,100.0,100.0,230.4,1.006,70.81169066444872,70.81169066444872
fg:14109,2022,3,1493.0,0.5544002970664687,100.0,100.0,322.9,1.0,76.1895065041721,76.1895065041721
fg:14111,2019,1,85.0,0.06614785992217899,100.0,100.0,208.5,1.012,93.58836202208167,93.58836202208167
fg:14111,2020,2,163.0,0.11958914159941306,100.0,100.0,211.2,1.006,88.21274524754462,88.21274524754462
fg:14111,2021,3,2032.0,0.6287128712871287,100.0,100.0,392.4,1.0,95.86353225435938,95.86353225435938
fg:14111,2022,3,3336.0,0.7354497354497355,100.0,100.0,413.6,0.9970089730807579,102.85125754049086,102.85125754049086
fg:14111,2023,3,4012.0,0.7697620874904068,100.0,100.0,381.6,0.9940357852882704,86.24408215171874,86.24408215171874
fg:14111,2024,3,2570.0,0.6816976127320955,100.0,100.0,263.8,0.9910802775024778,86.75952120137951,86.75952120137951
fg:14111,2025,3,1540.0,0.5620437956204379,100.0,100.0,245.4,0.9881422924901185,80.57018404328285,80.57018404328285
fg:14120,2021,1,20.0,0.01639344262295082,99.99999999999999,100.0,202.0,1.006,97.30163934426228,97.30163934426228
fg:14128,2019,1,1485.0,0.553072625698324,100.0,100.0,348.5,1.018,126.62610109067954,126.62610109067954
fg:14128,2020,2,2318.0,0.6588971006253553,100.0,100.0,342.7,1.012,111.67569771154591,111.67569771154591
fg:14128,2021,3,4875.0,0.8024691358024691,100.00000000000003,100.0,530.6,1.006,116.4968991985695,116.4968991985695
fg:14128,2022,3,5192.0,0.8122653316645807,100.00000000000001,100.0,466.6,1.0,102.22119620921536,102.22119620921536
fg:14128,2023,3,5148.0,0.8109640831758034,99.99999999999999,100.0,407.0,0.9970089730807579,102.69246674900806,102.69246674900806
fg:14128,2024,3,3858.0,0.7627520759193357,100.0,100.0,363.2,0.9940357852882704,89.71726396607103,89.71726396607103
fg:14130,2019,1,2790.0,0.6992481203007519,100.00000000000001,100.0,479.0,1.012,109.34872683566091,109.34872683566091
fg:14130,2020,2,2912.0,0.708171206225681,100.0,100.0,323.8,1.006,106.69986668788746,106.69986668788746
fg:14130,2021,3,3508.0,0.7451146983857264,99.99999999999999,100.0,342.6,1.0,104.42218112168177,104.42218112168177
fg:14130,2022,3,3745.0,0.7573306370070778,100.0,100.0,456.3,0.9970089730807579,111.92565789030073,111.92565789030073
fg:14130,2023,3,4213.0,0.7783114723813043,100.00000000000001,100.0,405.6,0.9940357852882704,110.59704725154839,110.59704725154839
fg:14130,2024,3,3054.0,0.7179125528913963,100.0,100.0,271.4,0.9910802775024778,106.81074611885509,106.81074611885509
fg:14131,2019,1,205.0,0.14590747330960854,100.0,100.0,220.5,1.012,94.49687904216863,94.49687904216863
fg:14137,2019,1,640.0,0.34782608695652173,100.0,100.0,264.0,1.018,102.24948512163385,102.24948512163385
fg:14137,2020,2,1267.0,0.5135792460478313,100.0,100.0,288.3,1.012,94.86413626893271,94.86413626893271
fg:14137,2021,3,1043.0,0.4650022291573785,100.0,100.0,220.6,1.006,92.17061742254285,92.17061742254285
fg:14140,2019,1,785.0,0.3954659949622166,100.0,100.0,278.5,1.018,80.02493502071465,80.02493502071465
fg:14140,2021,2,921.0,0.43422913719943423,100.0,100.0,245.0,1.006,88.25073180991936,88.25073180991936
fg:14145,2019,1,1185.0,0.4968553459119497,100.0,100.0,318.5,1.018,88.0540086745849,88.0540086745849
fg:14145,2020,2,1068.0,0.4708994708994709,99.99999999999999,100.0,235.7,1.012,90.6183559857852,90.6183559857852
fg:14145,2021,3,1257.0,0.5115995115995116,100.0,100.0,247.4,1.006,86.51157553287648,86.51157553287648
fg:14151,2019,1,15.0,0.012345679012345678,100.0,100.0,201.5,0.9970089730807579,97.23914675725909,97.23914675725909
fg:14158,2019,1,720.0,0.375,100.0,100.0,272.0,1.0,78.05827191289102,78.05827191289102
fg:14161,2019,1,1475.0,0.5514018691588785,100.0,100.0,347.5,1.018,108.47563867975245,108.47563867975245
fg:14161,2020,2,1855.0,0.6072013093289689,100.0,100.0,297.0,1.012,110.43763332284492,110.43763332284492
fg:14161,2021,3,2695.0,0.6919127086007703,100.0,100.0,340.5,1.006,129.37145607623293,129.37145607623293
fg:14161,2022,3,3331.0,0.735157801809755,100.0,100.0,416.4,1.0,132.28467046149308,132.28467046149308
fg:14161,2023,3,4025.0,0.7703349282296651,100.0,100.0,411.7,0.9970089730807579,118.71537435049645,118.71537435049645
fg:14161,2024,3,4474.0,0.7885089883679943,99.99999999999999,100.0,428.7,0.9940357852882704,119.10045490085173,119.10045490085173
fg:14161,2025,3,5303.0,0.8154697831769953,100.0,100.0,509.8,0.9910802775024778,123.03066035886604,123.03066035886604
fg:14162,2019,1,1605.0,0.5721925133689839,100.0,100.0,360.5,1.024,126.75971969782397,126.75971969782397
fg:14162,2020,2,2389.0,0.6656450264697688,100.0,100.0,342.6,1.018,115.1529123250093,115.1529123250093
fg:14162,2021,3,5047.0,0.8079077957419561,100.00000000000001,100.0,542.1,1.012,123.9520156749253,123.9520156749253
fg:14162,2022,3,6173.0,0.83724399837244,100.0,100.0,559.0,1.006,127.35984176356347,127.35984176356347
fg:14162,2023,3,7180.0,0.8568019093078759,100.0,100.0,549.0,1.0,116.53008849073628,116.53008849073628
fg:14162,2024,3,5925.0,0.8315789473684211,100.0,100.0,441.5,0.9970089730807579,121.40801302832006,121.40801302832006
fg:14162,2025,3,6128.0,0.8362445414847162,100.0,100.0,528.7,0.9940357852882704,111.27999912113967,111.27999912113967
fg:14168,2019,1,25.0,0.02040816326530612,100.0,100.0,202.5,1.018,99.20600988334259,99.20600988334259
fg:14168,2021,2,35.0,0.02834008097165992,100.00000000000001,100.0,202.0,1.006,95.81610665339068,95.81610665339068
fg:14196,2019,1,120.0,0.09090909090909091,100.0,100.0,212.0,1.024,90.52428343660729,90.52428343660729
fg:14196,2020,2,481.0,0.2861392028554432,100.0,100.0,240.9,1.018,80.12475425332103,80.12475425332103
fg:14196,2021,3,720.0,0.375,100.0,100.0,241.7,1.012,79.04811066708398,79.04811066708398
fg:14196,2022,3,2248.0,0.6519721577726219,100.0,100.0,381.3,1.006,67.48299783598226,67.48299783598226
fg:14196,2023,3,2070.0,0.6330275229357798,100.0,100.0,281.9,1.0,68.9905301561192,68.9905301561192
fg:14212,2019,1,10.0,0.008264462809917356,100.0,100.0,201.0,1.018,100.11735537190081,100.11735537190081
fg:14221,2019,1,3395.0,0.7388465723612623,100.00000000000001,100.0,539.5,1.006,127.21311015695086,127.21311015695086
fg:14221,2020,2,3586.0,0.7492687003760969,100.0,100.0,354.9,1.0,121.5663979937483,121.5663979937483
fg:14221,2021,3,5743.0,0.8271640501224254,100.0,100.0,518.4,0.9970089730807579,110.72416137859193,110.72416137859193
fg:14221,2022,3,4460.0,0.7879858657243817,100.00000000000001,100.0,413.2,0.9940357852882704,98.03210203454202,98.03210203454202
fg:14221,2023,3,5930.0,0.8316970546984572,100.00000000000001,100.0,520.6,0.9910802775024778,108.21635256630998,108.21635256630998
fg:14221,2024,3,6108.0,0.8357963875205254,100.0,100.0,545.0,0.9881422924901185,113.62268640235621,113.62268640235621
fg:14221,2025,3,5611.0,0.8238144178534723,99.99999999999999,100.0,414.9,0.9852216748768474,108.87459417866857,108.87459417866857
fg:14225,2019,1,3055.0,0.717978848413631,100.00000000000001,100.0,505.5,1.0,100.14782544572337,100.14782544572337
fg:14272,2019,1,5.0,0.004149377593360996,99.99999999999999,100.0,200.5,1.0,99.17012448132779,99.17012448132779
fg:14274,2019,1,1415.0,0.5411089866156787,100.0,100.0,341.5,1.0,103.55730946224737,103.55730946224737
fg:14274,2021,2,4304.0,0.7819767441860465,100.00000000000003,100.0,545.5,0.9940357852882704,113.05223571919197,113.05223571919197
fg:14274,2022,2,3999.0,0.7691863819965378,100.0,100.0,392.6,0.9910802775024778,113.15609560239575,113.15609560239575
fg:14274,2023,3,4206.0,0.7780244173140954,99.99999999999997,100.0,339.2,0.9881422924901185,103.12685052432111,103.12685052432111
fg:14274,2024,3,3772.0,0.7586484312148029,100.0,100.0,434.4,0.9852216748768474,89.37229078449744,89.37229078449744
fg:14309,2019,1,10.0,0.008264462809917356,100.0,100.0,201.0,1.012,101.35990524447367,101.35990524447367
fg:14309,2021,2,26.0,0.021207177814029365,100.0,100.0,202.0,1.0,96.83092547463706,96.83092547463706
fg:14320,2019,1,720.0,0.375,100.0,100.0,272.0,1.006,85.90803381582681,85.90803381582681
fg:14320,2020,2,666.0,0.35691318327974275,100.0,100.0,223.4,1.0,82.93958453096148,82.93958453096148
fg:14320,2021,3,1704.0,0.5867768595041323,100.0,100.0,321.8,0.9970089730807579,88.12547029823743,88.12547029823743
fg:14320,2022,3,1044.0,0.46524064171123,100.0,100.0,227.0,0.9940357852882704,90.9262564111486,90.9262564111486
fg:14329,2019,1,150.0,0.1111111111111111,99.99999999999999,100.0,215.0,1.024,95.21781486428036,95.21781486428036
fg:14329,2020,2,265.0,0.18088737201365188,99.99999999999999,100.0,217.5,1.018,95.28515342573682,95.28515342573682
fg:14329,2021,3,946.0,0.4408201304753029,100.0,100.0,276.9,1.012,94.66017447825209,94.66017447825209
fg:14329,2022,3,699.0,0.36808846761453395,100.0,100.0,216.8,1.006,96.48758197839001,96.48758197839001
fg:1433,2019,1,2620.0,0.6858638743455497,100.0,100.0,462.0,0.9910802775024778,103.45332647804223,103.45332647804223
fg:1433,2020,2,2871.0,0.705232129697863,100.0,100.0,329.9,0.9881422924901185,100.16490828080983,100.16490828080983
fg:1433,2021,3,3007.0,0.7147611124316615,99.99999999999999,100.0,297.0,0.9852216748768474,94.17148945396835,94.17148945396835
fg:14330,2019,1,560.0,0.3181818181818182,100.0,100.0,256.0,1.018,73.09113615183696,73.09113615183696
fg:14330,2021,2,401.0,0.2504684572142411,100.0,100.0,206.5,1.006,77.6584153877318,77.6584153877318
fg:14335,2020,1,30.0,0.024390243902439025,100.0,100.0,203.0,1.012,97.84215340459605,97.84215340459605
fg:14344,2019,1,2735.0,0.6950444726810674,100.00000000000001,100.0,473.5,1.018,126.26711656013372,126.26711656013372
fg:14344,2020,2,3413.0,0.739865597225233,100.0,100.0,377.2,1.012,118.9591963787285,118.9591963787285
fg:14344,2021,3,5986.0,0.8330086278875591,100.00000000000001,100.0,561.0,1.006,131.16036809441778,131.16036809441778
fg:14344,2022,3,6922.0,0.8522531396207831,100.00000000000001,100.0,616.8,1.0,124.96427146679271,124.96427146679271
fg:14344,2023,3,8415.0,0.875195007800312,100.0,100.0,629.9,0.9970089730807579,138.56264783324997,138.56264783324997
fg:14344,2024,3,8402.0,0.8750260362424495,100.0,100.0,614.5,0.9940357852882704,128.4892386394742,128.4892386394742
fg:14344,2025,3,8520.0,0.8765432098765432,100.0,100.0,630.5,0.9910802775024778,130.82475126641464,130.82475126641464
fg:14350,2019,1,2235.0,0.6506550218340611,100.0,100.0,423.5,1.018,84.58879152509583,84.58879152509583
fg:14350,2020,2,2818.0,0.7013439522150323,100.0,100.0,347.7,1.012,88.4618073668406,88.4618073668406
fg:14350,2021,3,4830.0,0.8009950248756219,100.0,100.0,487.1,1.006,82.91018249276877,82.91018249276877
fg:14350,2022,3,4915.0,0.803761242845462,100.00000000000001,100.0,469.8,1.0,87.47019582837203,87.47019582837203
fg:14350,2023,3,4176.0,0.7767857142857143,99.99999999999997,100.0,327.8,0.9970089730807579,86.31199691475628,86.31199691475628
fg:14352,2019,1,1240.0,0.5081967213114754,100.0,100.0,324.0,1.018,62.83496368814197,62.83496368814197
fg:14352,2020,2,1552.0,0.563953488372093,100.00000000000001,100.0,280.8,1.012,67.88043569232542,67.88043569232542
fg:14352,2021,3,2642.0,0.6876626756897449,100.0,100.0,356.2,1.006,70.88826570986055,70.88826570986055
fg:14352,2022,3,1691.0,0.584918713248011,100.0,100.0,248.5,1.0,83.46021542887068,83.46021542887068
fg:14361,2019,1,5.0,0.004149377593360996,99.99999999999999,100.0,200.5,1.0,99.17012448132779,99.17012448132779
fg:14366,2022,1,1200.0,0.5,100.0,100.0,320.0,0.9940357852882704,128.12866086285513,128.12866086285513
fg:14366,2023,2,4245.0,0.7796143250688705,100.00000000000003,100.0,552.5,0.9910802775024778,106.87433398834692,106.87433398834692
fg:14366,2024,3,4913.0,0.8036970390970064,100.00000000000001,100.0,422.2,0.9881422924901185,95.52252028589217,95.52252028589217
fg:14374,2019,1,10.0,0.008264462809917356,100.0,100.0,201.0,1.018,100.11735537190081,100.11735537190081
fg:14374,2021,2,16.0,0.013157894736842105,100.0,100.0,201.0,1.006,97.95263157894736,97.95263157894736
fg:14387,2019,1,2230.0,0.6501457725947521,100.0,100.0,423.0,1.024,97.19643457673263,97.19643457673263
fg:14387,2020,2,1839.0,0.6051332675222113,99.99999999999999,100.0,250.1,1.018,95.98594162918485,95.98594162918485
fg:14387,2021,3,3187.0,0.7264645543651698,99.99999999999999,100.0,381.6,1.012,95.11422609140158,95.11422609140158
fg:14387,2022,3,3652.0,0.752679307502061,100.0,100.0,453.6,1.006,105.98076968812215,105.98076968812215
fg:14387,2023,3,4993.0,0.8062328435330212,99.99999999999999,100.0,460.5,1.0,113.1717756157401,113.1717756157401
fg:14387,2024,3,4271.0,0.780661670626942,99.99999999999999,100.0,366.4,0.9970089730807579,106.22357522591663,106.22357522591663
fg:14388,2019,1,1475.0,0.5514018691588785,100.0,100.0,347.5,1.024,91.02035993525705,91.02035993525705
fg:14388,2020,2,1610.0,0.5729537366548043,100.00000000000001,100.0,272.5,1.018,93.81401707124967,93.81401707124967
fg:14388,2021,3,1314.0,0.522673031026253,100.0,100.0,217.1,1.012,90.93292824780146,90.93292824780146
fg:14388,2022,3,356.0,0.22879177377892032,100.0,100.0,204.7,1.006,92.70923898536448,92.70923898536448
fg:14412,2019,1,5.0,0.004149377593360996,99.99999999999999,100.0,200.5,1.0,99.17012448132779,99.17012448132779
fg:14412,2020,2,104.0,0.07975460122699386,100.0,100.0,210.1,0.9970089730807579,94.00295724622458,94.00295724622458
fg:14444,2019,1,335.0,0.2182410423452769,100.00000000000001,100.0,233.5,0.9881422924901185,81.86757607444633,81.86757607444633
fg:14444,2021,2,221.0,0.15552427867698804,100.0,100.0,202.0,0.9823182711198428,84.54769671275234,84.54769671275234
fg:14453,2019,1,425.0,0.26153846153846155,100.00000000000001,100.0,242.5,1.012,93.92330616640702,93.92330616640702
fg:14453,2020,2,610.0,0.3370165745856354,100.0,100.0,235.5,1.006,82.99630140645424,82.99630140645424
fg:14453,2021,3,641.0,0.3481803367734927,100.0,100.0,222.4,1.0,80.30252103008105,80.30252103008105
fg:14457,2019,1,5.0,0.004149377593360996,99.99999999999999,100.0,200.5,0.9970089730807579,98.87350396941955,98.87350396941955
fg:14467,2021,1,15.0,0.012345679012345678,99.99999999999999,100.0,201.5,1.0,102.84791472137802,102.84791472137802
fg:14477,2019,1,1140.0,0.48717948717948717,100.0,100.0,314.0,1.012,108.11283845438304,108.11283845438304
fg:14477,2020,2,1527.0,0.55995599559956,100.00000000000001,100.0,284.3,1.006,101.85279208842239,101.85279208842239
fg:14477,2021,3,2066.0,0.6325780771586038,100.0,100.0,301.3,1.0,87.07891199208754,87.07891199208754
fg:14477,2022,3,1966.0,0.6209728363866077,100.0,100.0,306.3,0.9970089730807579,81.13741940176851,81.13741940176851
fg:14477,2023,3,2257.0,0.6528782181081862,100.0,100.0,319.2,0.9940357852882704,77.55903102909618,77.55903102909618
fg:14477,2024,3,3073.0,0.7191668616896794,100.0,100.0,393.3,0.9910802775024778,79.93678408334881,79.93678408334881
fg:14503,2019,1,2995.0,0.7139451728247914,100.00000000000001,100.0,499.5,1.018,100.7476579046725,100.7476579046725
fg:14503,2020,2,3476.0,0.7433704020530368,100.0,100.0,367.9,1.012,104.73054610486612,104.73054610486612
fg:14503,2021,3,2936.0,0.7098646034816247,100.0,100.0,249.1,1.006,102.49837573609709,102.49837573609709
fg:14508,2019,1,5.0,0.004149377593360996,99.99999999999999,100.0,200.5,1.018,100.9551867219917,100.9551867219917
fg:14509,2019,1,145.0,0.10780669144981413,99.99999999999999,100.0,214.5,1.006,88.38917423440152,88.38917423440152
fg:14515,2021,1,35.0,0.02834008097165992,100.00000000000001,100.0,203.5,1.006,98.78534114341691,98.78534114341691
fg:14523,2019,1,1705.0,0.5869191049913941,100.0,100.0,370.5,1.018,98.06211437340222,98.06211437340222
fg:14523,2020,2,2254.0,0.6525767226404169,100.0,100.0,323.1,1.012,97.18560603189653,97.18560603189653
fg:14523,2021,3,3830.0,0.7614314115308151,100.0,100.0,427.3,1.006,92.91105496657703,92.91105496657703
fg:14523,2022,3,2315.0,0.6586059743954481,100.0,100.0,252.4,1.0,92.58186052710985,92.58186052710985
fg:14527,2019,1,10.0,0.008264462809917356,100.0,100.0,201.0,1.012,99.52727272727272,99.52727272727272
fg:14527,2021,2,16.0,0.013157894736842105,100.0,100.0,201.0,1.0,97.36842105263158,97.36842105263158
fg:14551,2019,1,2025.0,0.627906976744186,100.0,100.0,402.5,1.024,100.55206551858845,100.55206551858845
fg:14551,2020,2,2445.0,0.6707818930041153,100.0,100.0,323.0,1.018,107.4772222736443,107.4772222736443
fg:14551,2021,3,4065.0,0.7720797720797721,100.0,100.0,435.5,1.012,100.81034382691686,100.81034382691686
fg:14551,2022,3,5482.0,0.8204130499850344,100.0,100.0,567.3,1.006,110.9880380502376,110.9880380502376
fg:14551,2023,3,7182.0,0.8568360773085183,100.0,100.0,592.7,1.0,112.4367933462124,112.4367933462124
fg:14551,2024,3,7890.0,0.8679867986798679,100.00000000000001,100.0,598.1,0.9970089730807579,119.83013408810979,119.83013408810979
fg:14551,2025,3,5733.0,0.8269147555170921,99.99999999999999,100.0,377.0,0.9940357852882704,109.16095239202234,109.16095239202234
fg:14552,2021,1,5.0,0.004149377593360996,99.99999999999999,100.0,200.5,1.012,100.36016597510373,100.36016597510373
fg:14553,2019,1,2345.0,0.6614950634696756,100.0,100.0,434.5,1.024,98.3950421444654,98.3950421444654
fg:14553,2020,2,2621.0,0.6859460874116723,100.0,100.0,321.4,1.018,91.90736665761838,91.90736665761838
fg:14553,2021,3,2908.0,0.7078870496592016,99.99999999999999,100.0,305.4,1.012,86.05750822765685,86.05750822765685
fg:14553,2022,3,2026.0,0.6280223186608803,100.0,100.0,303.6,1.006,86.13529513055595,86.13529513055595
fg:14555,2020,1,165.0,0.12087912087912088,100.00000000000001,100.0,216.5,1.012,103.68145991969217,103.68145991969217
fg:14555,2021,2,387.0,0.2438563327032136,100.0,100.0,228.8,1.006,91.43172359050466,91.43172359050466
fg:14556,2019,1,175.0,0.12727272727272726,100.0,100.0,217.5,1.012,89.15867615519166,89.15867615519166
fg:14556,2021,2,185.0,0.13357400722021662,100.0,100.0,208.0,1.0,83.03015416205592,83.03015416205592
fg:14566,2019,1,2740.0,0.6954314720812182,100.00000000000001,100.0,474.0,1.03,110.68997458036817,110.68997458036817
fg:14566,2020,2,3397.0,0.738960191429193,100.0,100.0,375.3,1.024,111.94667415503538,111.94667415503538
fg:14566,2021,3,4938.0,0.804496578690127,99.99999999999999,100.0,457.1,1.018,118.06110115287977,118.06110115287977
fg:14566,2022,3,4952.0,0.8049414824447334,100.00000000000001,100.0,483.1,1.012,104.29305528604485,104.29305528604485
fg:14566,2023,3,3615.0,0.7507788161993769,99.99999999999999,100.0,279.8,1.006,96.84989175290299,96.84989175290299
fg:14567,2019,1,100.0,0.07692307692307693,100.0,100.0,210.0,1.024,105.07518962934242,105.07518962934242
fg:14567,2020,2,290.0,0.19463087248322147,100.0,100.0,223.0,1.018,102.7125725021392,102.7125725021392
fg:14567,2021,3,908.0,0.4307400379506641,99.99999999999999,100.0,272.2,1.012,78.87835086697349,78.87835086697349
fg:14567,2022,3,2045.0,0.6302003081664098,100.0,100.0,351.1,1.006,85.10137402146779,85.10137402146779
fg:14567,2023,3,1863.0,0.6082272282076395,100.0,100.0,263.0,1.0,85.5116198041994,85.5116198041994
fg:14593,2019,1,1780.0,0.5973154362416108,100.0,100.0,378.0,1.012,104.12047268429731,104.12047268429731
fg:14593,2020,2,2149.0,0.6416840848014332,100.0,100.0,308.1,1.006,100.96487068797606,100.96487068797606
fg:14593,2021,3,3283.0,0.7323221057327682,100.0,100.0,378.0,1.0,87.7071810060604,87.7071810060604
fg:14593,2022,3,2378.0,0.6646171045276691,100.0,100.0,296.2,0.9970089730807579,88.48346591455909,88.48346591455909
fg:14593,2024,2,621.0,0.34102141680395387,100.0,100.0,224.0,0.9910802775024778,102.2168744559849,102.2168744559849
fg:14636,2021,1,385.0,0.24290220820189273,100.0,100.0,238.5,0.9940357852882704,94.95048600978927,94.95048600978927
fg:14663,2019,1,120.0,0.09090909090909091,100.0,100.0,212.0,1.006,82.3090909090909,82.3090909090909
fg:14663,2021,2,242.0,0.1678224687933426,100.00000000000001,100.0,217.0,0.9970089730807579,76.48308743456568,76.48308743456568
fg:14665,2019,1,5.0,0.004149377593360996,99.99999999999999,100.0,200.5,1.012,100.36016597510373,100.36016597510373
fg:14665,2021,2,13.0,0.010717230008244023,100.0,100.0,201.0,1.0,97.85655399835119,97.85655399835119
fg:14677,2019,1,5.0,0.004149377593360996,99.99999999999999,100.0,200.5,1.024,101.55020746887966,101.55020746887966
fg:14677,2021,2,23.0,0.018806214227309895,100.0,100.0,202.0,1.012,97.39362224039247,97.39362224039247
fg:14678,2019,1,110.0,0.08396946564885496,100.0,100.0,211.0,1.018,97.36492737520726,97.36492737520726
fg:14678,2020,2,373.0,0.23712650985378259,100.0,100.0,230.7,1.012,77.53301899086293,77.53301899086293
fg:14682,2019,1,35.0,0.02834008097165992,100.0,100.0,203.5,1.012,97.50304944095383,97.50304944095383
fg:14691,2019,1,1845.0,0.6059113300492611,100.0,100.0,384.5,1.018,89.01076934881682,89.01076934881682
fg:14691,2020,2,1746.0,0.5926680244399185,100.0,100.0,263.9,1.012,94.09408792404722,94.09408792404722
fg:14691,2021,3,3018.0,0.7155049786628734,100.0,100.0,374.9,1.006,90.0136150986817,90.0136150986817
fg:14691,2022,3,3733.0,0.7567403202919116,100.0,100.0,455.4,1.0,93.3987240241367,93.3987240241367
fg:14691,2023,3,4139.0,0.7752388087656864,100.00000000000001,100.0,379.3,0.9970089730807579,80.26492671895807,80.26492671895807
fg:14706,2021,1,5.0,0.004149377593360996,99.99999999999999,100.0,200.5,1.006,99.76514522821576,99.76514522821576
fg:14712,2019,1,2205.0,0.6475770925110133,100.0,100.0,420.5,1.024,91.46170375255804,91.46170375255804
fg:14712,2020,2,2559.0,0.6807661612130886,100.0,100.0,323.6,1.018,92.58789672210429,92.58789672210429
fg:14712,2021,3,4279.0,0.7809819310093082,99.99999999999997,100.0,447.9,1.012,94.05325695856813,94.05325695856813
fg:14712,2022,3,4148.0,0.7756170531039641,100.00000000000001,100.0,427.9,1.006,99.57202461246418,99.57202461246418
fg:14712,2023,3,4524.0,0.790356394129979,99.99999999999997,100.0,404.3,1.0,97.4563646749541,97.4563646749541
fg:14712,2024,3,4148.0,0.7756170531039641,99.99999999999999,100.0,405.1,0.9970089730807579,91.4468283329233,91.4468283329233
fg:14712,2025,3,2480.0,0.6739130434782609,100.0,100.0,244.3,0.9940357852882704,88.06053495103824,88.06053495103824
fg:14713,2019,1,1440.0,0.5454545454545454,100.0,100.0,344.0,1.024,83.27007921990682,83.27007921990682
fg:14713,2020,2,1207.0,0.5014540922309929,99.99999999999999,100.0,234.3,1.018,83.65923283247844,83.65923283247844
fg:14735,2019,1,395.0,0.2476489028213166,100.00000000000001,100.0,239.5,1.018,85.20463211936843,85.20463211936843
fg:14735,2020,2,611.0,0.33738266151297625,100.0,100.0,237.4,1.012,88.18848751588665,88.18848751588665
fg:14735,2021,3,1933.0,0.6169805298436004,100.0,100.0,351.9,1.006,95.95031409743251,95.95031409743251
fg:14735,2022,3,2470.0,0.6730245231607629,100.0,100.0,341.7,1.0,80.89757795947165,80.89757795947165
fg:14735,2023,3,2131.0,0.6397478234764336,100.0,100.0,258.0,0.9970089730807579,79.54209896489841,79.54209896489841
fg:14738,2019,1,1300.0,0.52,100.0,100.0,330.0,1.012,101.19082960843019,101.19082960843019
fg:14738,2020,2,1485.0,0.553072625698324,100.00000000000001,100.0,270.5,1.006,91.60652059323947,91.60652059323947
fg:14764,2019,1,15.0,0.012345679012345678,100.0,100.0,201.5,1.012,100.35979775908551,100.35979775908551
fg:14765,2019,1,90.0,0.06976744186046512,100.0,100.0,209.0,1.036,100.35052205459114,100.35052205459114
fg:14765,2021,2,404.0,0.2518703241895262,100.0,100.0,235.0,1.024,83.68629798156736,83.68629798156736
fg:14771,2019,1,5.0,0.004149377593360996,99.99999999999999,100.0,200.5,1.0,99.17012448132779,99.17012448132779
fg:14771,2021,2,13.0,0.010717230008244023,100.0,100.0,201.0,0.9940357852882704,97.27291649935506,97.27291649935506
fg:14773,2019,1,420.0,0.25925925925925924,100.00000000000001,100.0,242.0,1.03,90.54014634331944,90.54014634331944
fg:14773,2020,2,401.0,0.2504684572142411,100.0,100.0,214.9,1.024,90.26523769131106,90.26523769131106
fg:14773,2021,3,1559.0,0.5650598042769119,100.0,100.0,326.8,1.018,90.56093357264135,90.56093357264135
fg:14773,2022,3,1993.0,0.6241778891324773,100.0,100.0,320.1,1.012,89.49257323583335,89.49257323583335
fg:14773,2023,3,2073.0,0.6333638863428047,100.0,100.0,275.0,1.006,81.95920999345796,81.95920999345796
fg:14811,2019,1,2550.0,0.68,100.0,100.0,455.0,1.0,117.62217577208195,117.62217577208195
fg:14811,2020,2,3210.0,0.7278911564625851,100.0,100.0,368.0,0.9970089730807579,125.67541777970078,125.67541777970078
fg:14811,2021,3,3671.0,0.7536440156025457,99.99999999999999,100.0,343.9,0.9940357852882704,120.78462749571307,120.78462749571307
fg:14811,2022,3,4506.0,0.7896950578338591,100.00000000000003,100.0,508.1,0.9910802775024778,108.98567773988124,108.98567773988124
fg:14811,2023,3,3365.0,0.7371303395399781,100.0,100.0,293.8,0.9881422924901185,98.40887219295432,98.40887219295432
fg:14813,2019,1,985.0,0.45080091533180777,100.0,100.0,298.5,1.0,86.59784747259184,86.59784747259184
fg:14813,2020,2,1138.0,0.48674080410607357,100.00000000000003,100.0,254.7,0.9970089730807579,85.55259994197452,85.55259994197452
fg:14813,2021,3,3516.0,0.7455470737913485,100.00000000000001,100.0,471.5,0.9940357852882704,89.26597516752572,89.26597516752572
fg:14813,2022,3,5241.0,0.8136935258500233,100.00000000000001,100.0,544.4,0.9910802775024778,91.80231604155932,91.80231604155932
fg:14813,2023,3,5764.0,0.8276852383687536,100.0,100.0,442.8,0.9881422924901185,93.95138079871957,93.95138079871957
fg:14813,2024,3,4435.0,0.7870452528837621,99.99999999999997,100.0,357.9,0.9852216748768474,92.34540103346717,92.34540103346717
fg:14813,2025,3,3575.0,0.7486910994764397,100.0,100.0,374.2,0.9823182711198428,84.0171712620994,84.0171712620994
fg:14818,2019,1,1665.0,0.581151832460733,100.0,100.0,366.5,1.006,96.09652007981218,96.09652007981218
fg:14818,2020,2,1872.0,0.609375,100.0,100.0,287.3,1.0,101.8543018342749,101.8543018342749
fg:14818,2021,3,1956.0,0.6197718631178707,100.0,100.0,263.3,0.9970089730807579,88.65764998285488,88.65764998285488
fg:14825,2019,1,10.0,0.008264462809917356,100.0,100.0,201.0,1.006,98.93719008264462,98.93719008264462
fg:14843,2019,1,265.0,0.18088737201365188,100.0,100.0,226.5,1.006,92.0519628459058,92.0519628459058
fg:14843,2020,2,217.0,0.15314043754410728,99.99999999999999,100.0,205.8,1.0,93.89563738817107,93.89563738817107
fg:14843,2021,3,168.0,0.12280701754385964,100.0,100.0,200.6,0.9970089730807579,94.29170234616628,94.29170234616628
fg:14854,2019,1,2055.0,0.631336405529954,100.0,100.0,405.5,1.0,112.72236736148929,112.72236736148929
fg:14854,2020,2,2769.0,0.6976568405139834,100.0,100.0,353.6,0.9970089730807579,124.41483604715019,124.41483604715019
fg:14854,2021,3,4793.0,0.7997663941264809,100.0,100.0,488.5,0.9940357852882704,114.98013434204323,114.98013434204323
fg:14854,2022,3,5593.0,0.8233475636684823,100.0,100.0,532.2,0.9910802775024778,106.37543099887725,106.37543099887725
fg:14854,2023,3,5733.0,0.8269147555170921,100.0,100.0,446.3,0.9881422924901185,102.86760924528961,102.86760924528961
fg:14854,2024,3,5568.0,0.8226950354609929,99.99999999999999,100.0,475.1,0.9852216748768474,102.8475442246197,102.8475442246197
fg:14854,2025,3,5829.0,0.8292787025181392,100.0,100.0,526.4,0.9823182711198428,103.93963047299538,103.93963047299538
fg:14862,2019,1,115.0,0.08745247148288973,100.0,100.0,211.5,0.9970089730807579,93.16181374016192,93.16181374016192
fg:14862,2021,2,74.0,0.058084772370486655,99.99999999999999,100.0,200.5,0.9910802775024778,94.30446628235264,94.30446628235264
fg:14875,2019,1,245.0,0.1695501730103806,100.0,100.0,224.5,1.006,90.48757216476646,90.48757216476646
fg:14875,2021,2,272.0,0.18478260869565216,100.0,100.0,212.5,0.9970089730807579,84.18327085918,84.18327085918
fg:14885,2019,1,430.0,0.26380368098159507,100.00000000000001,100.0,243.0,1.012,84.00057541557788,84.00057541557788
fg:14885,2020,2,1094.0,0.4768962510897995,100.0,100.0,283.6,1.006,94.68719672173087,94.68719672173087
fg:14885,2021,3,2263.0,0.6534796419289634,100.0,100.0,355.5,1.0,75.11026482372945,75.11026482372945
fg:14894,2019,1,1395.0,0.5375722543352601,100.0,100.0,339.5,1.006,87.55302985197015,87.55302985197015
fg:14894,2020,2,1686.0,0.5841995841995842,100.00000000000001,100.0,284.9,1.0,90.40488910701791,90.40488910701791
fg:14894,2021,3,3278.0,0.7320232246538634,100.0,100.0,409.9,0.9970089730807579,107.5908804306305,107.5908804306305
fg:14894,2022,3,4720.0,0.7972972972972973,100.00000000000001,100.0,518.7,0.9940357852882704,102.00497230985786,102.00497230985786
fg:14894,2023,3,5518.0,0.8213754093480202,100.0,100.0,465.3,0.9910802775024778,93.14919127710967,93.14919127710967
fg:14894,2024,3,3400.0,0.7391304347826086,99.99999999999997,100.0,246.9,0.9881422924901185,84.53944120644452,84.53944120644452
fg:14897,2019,1,465.0,0.27927927927927926,100.0,100.0,246.5,1.006,72.64905584849545,72.64905584849545
fg:14899,2019,1,5.0,0.004149377593360996,99.99999999999999,100.0,200.5,1.006,99.76514522821576,99.76514522821576
fg:14916,2019,1,295.0,0.19732441471571907,100.0,100.0,229.5,1.006,67.71024359344169,67.71024359344169
fg:14916,2021,2,427.0,0.2624462200368777,100.0,100.0,225.0,0.9970089730807579,56.80045601088264,56.80045601088264
fg:14942,2019,1,800.0,0.4,100.0,100.0,280.0,1.006,88.29487485353074,88.29487485353074
fg:14942,2020,2,1085.0,0.474835886214442,100.00000000000001,100.0,260.5,1.0,97.71836494743246,97.71836494743246
fg:14942,2021,3,1631.0,0.5761215118332744,100.0,100.0,288.4,0.9970089730807579,75.65434660521082,75.65434660521082
fg:14942,2022,3,1133.0,0.4856408058294042,100.0,100.0,238.9,0.9940357852882704,73.03560291371215,73.03560291371215
fg:14942,2024,2,168.0,0.12280701754385964,100.0,100.0,203.0,0.9881422924901185,88.45718784405847,88.45718784405847
fg:14950,2019,1,1240.0,0.5081967213114754,100.0,100.0,324.0,1.018,84.35345489866543,84.35345489866543
fg:14950,2020,2,1627.0,0.5755217545100814,100.00000000000001,100.0,288.3,1.012,79.81602240771973,79.81602240771973
fg:14950,2021,3,1342.0,0.5279307631785995,100.0,100.0,221.7,1.006,76.63412054378692,76.63412054378692
fg:14950,2022,3,1283.0,0.5167136528393073,100.0,100.0,284.8,1.0,80.66513893517761,80.66513893517761
fg:14950,2023,3,818.0,0.4053518334985134,100.0,100.0,226.6,0.9970089730807579,84.95191498552906,84.95191498552906
fg:14962,2019,1,5.0,0.004149377593360996,99.99999999999999,100.0,200.5,1.012,100.36016597510373,100.36016597510373
fg:14968,2019,1,1395.0,0.5375722543352601,100.0,100.0,339.5,1.018,105.27192590377804,105.27192590377804
fg:14968,2020,2,1776.0,0.5967741935483871,100.0,100.0,293.9,1.012,100.0506397819335,100.0506397819335
fg:14968,2021,3,3145.0,0.7238204833141542,100.0,100.0,391.2,1.006,89.03623053847284,89.03623053847284
fg:14968,2022,3,3390.0,0.738562091503268,100.0,100.0,392.6,1.0,85.09788267135302,85.09788267135302
fg:14968,2023,3,3454.0,0.7421572840567254,100.0,100.0,344.4,0.9970089730807579,88.33933037321745,88.33933037321745
fg:14968,2024,3,3216.0,0.7282608695652174,100.0,100.0,359.6,0.9940357852882704,99.0674550196008,99.0674550196008
fg:14968,2025,3,3704.0,0.7553017944535073,100.0,100.0,420.4,0.9910802775024778,103.00472101437934,103.00472101437934
fg:14973,2019,1,80.0,0.0625,100.0,100.0,208.0,1.018,97.41878209876761,97.41878209876761
fg:14974,2021,1,5.0,0.004149377593360996,99.99999999999999,100.0,200.5,0.9940357852882704,98.5786525659322,98.5786525659322
fg:14975,2021,1,120.0,0.09090909090909091,100.0,100.0,212.0,1.0,85.09108341557325,85.09108341557325
fg:14986,2019,1,15.0,0.012345679012345678,100.0,100.0,201.5,1.006,98.11604938271604,98.11604938271604
fg:15010,2021,1,10.0,0.008264462809917356,100.0,100.0,201.0,0.9970089730807579,98.05294859223982,98.05294859223982
fg:15015,2021,1,5.0,0.004149377593360996,99.99999999999999,100.0,200.5,1.012,100.36016597510373,100.36016597510373
fg:15036,2021,1,75.0,0.058823529411764705,99.99999999999997,100.0,207.5,1.006,92.12864483670259,92.12864483670259
fg:15038,2019,1,290.0,0.19463087248322147,100.0,100.0,229.0,1.024,88.74983664125628,88.74983664125628
fg:15038,2021,2,474.0,0.2831541218637993,100.0,100.0,230.0,1.012,87.36907166588904,87.36907166588904
fg:15046,2019,1,5.0,0.004149377593360996,99.99999999999999,100.0,200.5,1.012,100.36016597510373,100.36016597510373
fg:15047,2019,1,50.0,0.04,100.0,100.0,205.0,1.006,94.47253953723953,94.47253953723953
fg:15047,2021,2,45.0,0.03614457831325301,100.0,100.0,201.5,0.9970089730807579,97.69322978686532,97.69322978686532
fg:15055,2019,1,215.0,0.1519434628975265,100.0,100.0,221.5,1.024,93.96156601776283,93.96156601776283
fg:15055,2021,2,1444.0,0.546142208774584,100.0,100.0,331.5,1.012,82.3215409486514,82.3215409486514
fg:15055,2022,2,1257.0,0.5115995115995116,100.0,100.0,246.8,1.006,79.03336679944114,79.03336679944114
fg:15055,2025,1,35.0,0.02834008097165992,100.00000000000001,100.0,203.5,0.9940357852882704,98.2598787156021,98.2598787156021
fg:15068,2019,1,25.0,0.02040816326530612,100.0,100.0,202.5,1.018,97.64489795918368,97.64489795918368
fg:15068,2021,2,30.0,0.024390243902439025,100.0,100.0,201.5,1.006,95.69268292682928,95.69268292682928
fg:15071,2019,1,15.0,0.012345679012345678,100.0,100.0,201.5,1.006,100.28126444142967,100.28126444142967
fg:15071,2021,2,14.0,0.011532125205930808,100.00000000000001,100.0,200.5,0.9970089730807579,98.68994960105638,98.68994960105638
fg:15082,2019,1,1240.0,0.5081967213114754,100.0,100.0,324.0,1.006,91.69272073594267,91.69272073594267
fg:15082,2020,2,1457.0,0.5483628152051185,100.00000000000001,100.0,271.3,1.0,96.94683604258682,96.94683604258682
fg:15082,2021,3,1816.0,0.6021220159151194,100.0,100.0,279.3,0.9970089730807579,103.623224375661,103.623224375661
fg:15082,2022,3,2139.0,0.6406109613656783,100.0,100.0,344.0,0.9940357852882704,90.93502622115123,90.93502622115123
fg:15082,2023,3,1490.0,0.5539033457249071,100.0,100.0,229.0,0.9910802775024778,86.63343511759675,86.63343511759675
fg:15104,2019,1,475.0,0.2835820895522388,100.0,100.0,247.5,1.006,85.02558522919217,85.02558522919217
fg:15104,2020,2,550.0,0.3142857142857143,100.0,100.0,226.5,1.0,89.92613760762771,89.92613760762771
fg:15104,2021,3,936.0,0.43820224719101125,100.0,100.0,254.9,0.9970089730807579,75.67885688758267,75.67885688758267
fg:15104,2022,3,969.0,0.4467496542185339,100.0,100.0,255.8,0.9940357852882704,81.41720035232143,81.41720035232143
fg:15104,2023,3,1193.0,0.4985374007521939,100.0,100.0,261.1,0.9910802775024778,82.63527258643619,82.63527258643619
fg:15112,2019,1,2695.0,0.6919127086007703,100.00000000000001,100.0,469.5,1.024,94.57750870986249,94.57750870986249
fg:15112,2020,2,3121.0,0.722286507752835,100.0,100.0,350.4,1.018,90.72943925757535,90.72943925757535
fg:15112,2021,3,5369.0,0.8173237935758867,100.0,100.0,517.3,1.012,92.60582642208288,92.60582642208288
fg:15112,2022,3,5948.0,0.8321208729714605,100.0,100.0,558.1,1.006,95.09145377398028,95.09145377398028
fg:15112,2023,3,7311.0,0.8590059922453296,100.0,100.0,573.2,1.0,93.89721032413009,93.89721032413009
fg:15112,2024,3,7524.0,0.8624484181568088,100.0,100.0,585.2,0.9970089730807579,91.74070361994353,91.74070361994353
fg:15112,2025,3,7391.0,0.860318938423932,100.0,100.0,557.5,0.9940357852882704,89.014241963995,89.014241963995
fg:15115,2019,1,5.0,0.004149377593360996,99.99999999999999,100.0,200.5,1.018,100.9551867219917,100.9551867219917
fg:15117,2019,1,2930.0,0.7094430992736077,100.00000000000001,100.0,493.0,1.006,117.24151891801927,117.24151891801927
fg:15117,2020,2,3274.0,0.731783638801967,100.0,100.0,351.6,1.0,112.86809028828948,112.86809028828948
fg:15117,2021,3,5217.0,0.8129967274427302,100.0,100.0,490.1,0.9970089730807579,98.1266522029422,98.1266522029422
fg:15117,2022,3,5230.0,0.8133748055987559,100.00000000000001,100.0,504.3,0.9940357852882704,88.59189780219859,88.59189780219859
fg:15117,2023,3,4084.0,0.7728993186979561,99.99999999999999,100.0,295.5,0.9910802775024778,84.395956417719,84.395956417719
fg:15118,2019,1,10.0,0.008264462809917356,100.0,100.0,201.0,1.006,98.93719008264462,98.93719008264462
fg:15118,2021,2,11.0,0.009083402146985962,100.0,100.0,200.5,0.9970089730807579,97.88965061874659,97.88965061874659
fg:15124,2019,1,1250.0,0.5102040816326531,100.0,100.0,325.0,1.012,96.17062017395963,96.17062017395963
fg:15124,2020,2,1410.0,0.5402298850574713,100.00000000000001,100.0,266.0,1.006,102.24271242431846,102.24271242431846
fg:15124,2021,3,1858.0,0.6075866579463701,100.0,100.0,286.2,1.0,87.40563517137214,87.40563517137214
fg:15124,2022,3,1100.0,0.4782608695652174,100.0,100.0,238.6,0.9970089730807579,85.21144964596562,85.21144964596562
fg:15124,2023,3,987.0,0.4513031550068587,100.0,100.0,238.1,0.9940357852882704,86.12469862704074,86.12469862704074
fg:15130,2019,1,5.0,0.004149377593360996,99.99999999999999,100.0,200.5,1.018,100.9551867219917,100.9551867219917
fg:15139,2021,1,30.0,0.024390243902439025,100.0,100.0,203.0,1.0,96.8710176681988,96.8710176681988
fg:15145,2021,1,5.0,0.004149377593360996,99.99999999999999,100.0,200.5,0.9940357852882704,98.5786525659322,98.5786525659322
fg:15149,2019,1,3395.0,0.7388465723612623,100.00000000000001,100.0,539.5,1.006,124.56317732566224,124.56317732566224
fg:15149,2021,2,5117.0,0.810036409688143,100.0,100.0,508.0,0.9970089730807579,112.32297852760992,112.32297852760992
fg:15149,2022,2,5399.0,0.8181542657978481,100.0,100.0,555.1,0.9940357852882704,103.27196391833182,103.27196391833182
fg:15149,2023,3,5511.0,0.8211890925346446,99.99999999999999,100.0,390.2,0.9910802775024778,97.11626712278712,97.11626712278712
fg:15156,2019,1,85.0,0.06614785992217899,100.0,100.0,208.5,1.006,93.9033002449674,93.9033002449674
fg:15161,2019,1,1795.0,0.5993322203672788,100.0,100.0,379.5,1.0,133.14566882674475,133.14566882674475
fg:15161,2020,2,1841.0,0.6053929628411706,100.0,100.0,276.4,0.9970089730807579,118.15263027619693,118.15263027619693
fg:15161,2021,3,2616.0,0.6855345911949685,100.0,100.0,329.6,0.9940357852882704,122.37352340574566,122.37352340574566
fg:15161,2022,3,2290.0,0.6561604584527221,100.0,100.0,331.8,0.9910802775024778,105.97234142349038,105.97234142349038
fg:15161,2023,3,3309.0,0.7338656021290751,100.0,100.0,393.5,0.9881422924901185,120.81922531692368,120.81922531692368
fg:15161,2024,3,4171.0,0.7765779184509403,100.00000000000001,100.0,449.4,0.9852216748768474,104.58549320945858,104.58549320945858
fg:15161,2025,3,4202.0,0.7778600518326546,99.99999999999999,100.0,388.0,0.9823182711198428,98.8929763314331,98.8929763314331
fg:15170,2019,1,1300.0,0.52,100.0,100.0,330.0,1.024,96.03912406352481,96.03912406352481
fg:15170,2020,2,1435.0,0.5445920303605313,100.00000000000001,100.0,265.5,1.018,86.33898726580219,86.33898726580219
fg:15170,2021,3,2646.0,0.6879875195007801,100.0,100.0,362.9,1.012,83.5513599426503,83.5513599426503
fg:15170,2022,3,2437.0,0.6700577398955183,100.0,100.0,327.0,1.006,76.5736838766471,76.5736838766471
fg:15172,2019,1,2590.0,0.683377308707124,100.0,100.0,459.0,1.012,120.72977211618301,120.72977211618301
fg:15172,2020,2,3177.0,0.7258396161754627,100.0,100.0,362.3,1.006,124.17968180454648,124.17968180454648
fg:15172,2021,3,5193.0,0.8122946973251994,100.0,100.0,497.6,1.0,120.30990548471976,120.30990548471976
fg:15172,2022,3,4622.0,0.7938852627962899,100.00000000000001,100.0,430.6,0.9970089730807579,114.19891082954153,114.19891082954153
fg:15172,2023,3,5677.0,0.8255053075468954,99.99999999999999,100.0,497.1,0.9940357852882704,90.94565409229206,90.94565409229206
fg:15172,2024,3,4354.0,0.783939503060857,99.99999999999999,100.0,372.9,0.9910802775024778,70.76013557878952,70.76013557878952
fg:15172,2025,3,2986.0,0.7133301481127569,100.0,100.0,269.1,0.9881422924901185,61.50604540115357,61.50604540115357
fg:15181,2019,1,1235.0,0.5071868583162218,100.0,100.0,323.5,1.006,86.03626661648646,86.03626661648646
fg:15181,2020,2,1028.0,0.4614003590664273,99.99999999999999,100.0,228.7,1.0,84.94534746469219,84.94534746469219
fg:15189,2019,1,235.0,0.16376306620209058,100.0,100.0,223.5,1.024,95.18359521497467,95.18359521497467
fg:15191,2019,1,1850.0,0.6065573770491803,100.0,100.0,385.0,1.006,92.74763242606828,92.74763242606828
fg:15191,2020,2,1785.0,0.5979899497487438,100.0,100.0,267.5,1.0,92.87570334896843,92.87570334896843
fg:15191,2021,3,2519.0,0.6773326162947029,100.0,100.0,322.6,0.9970089730807579,94.84581412597649,94.84581412597649
fg:15191,2022,3,3010.0,0.7149643705463183,100.0,100.0,412.8,0.9940357852882704,91.90092643975659,91.90092643975659
fg:15194,2019,1,2115.0,0.6380090497737556,100.0,100.0,411.5,1.03,91.19774114779125,91.19774114779125
fg:15194,2021,2,2844.0,0.7032640949554896,100.0,100.0,357.5,1.018,81.55739808411178,81.55739808411178
fg:15194,2023,2,2305.0,0.6576319543509273,100.0,100.0,336.0,1.006,86.10365197860213,86.10365197860213
fg:15194,2024,2,2818.0,0.7013439522150323,100.0,100.0,400.2,1.0,91.70509167558413,91.70509167558413
fg:15194,2025,3,3290.0,0.732739420935412,100.0,100.0,343.6,0.9970089730807579,97.40060343422522,97.40060343422522
fg:15200,2019,1,10.0,0.008264462809917356,100.0,100.0,201.0,1.006,98.93719008264462,98.93719008264462
fg:15214,2019,1,2100.0,0.6363636363636364,100.0,100.0,410.0,1.006,92.09482987551957,92.09482987551957
fg:15214,2020,2,1750.0,0.5932203389830508,99.99999999999999,100.0,249.0,1.0,89.55934012538759,89.55934012538759
fg:15214,2022,2,112.0,0.08536585365853659,99.99999999999999,100.0,207.0,0.9940357852882704,92.30746347273283,92.30746347273283
fg:15214,2023,2,486.0,0.28825622775800713,100.0,100.0,244.4,0.9910802775024778,85.93169464895698,85.93169464895698
fg:15223,2019,1,3040.0,0.7169811320754716,100.00000000000001,100.0,504.0,1.006,98.13783756049635,98.13783756049635
fg:15223,2020,2,3582.0,0.7490589711417817,100.0,100.0,375.8,1.0,93.27250860949314,93.27250860949314
fg:15223,2021,3,5939.0,0.8319092309847318,100.00000000000001,100.0,542.5,0.9970089730807579,101.89744378083783,101.89744378083783
fg:15223,2022,3,6256.0,0.8390557939914163,100.0,100.0,564.9,0.9940357852882704,94.72843865161961,94.72843865161961
fg:15223,2023,3,6600.0,0.8461538461538461,100.0,100.0,487.7,0.9910802775024778,94.48653444250404,94.48653444250404
fg:15223,2024,3,5096.0,0.8094027954256671,99.99999999999999,100.0,392.5,0.9881422924901185,83.35261257543826,83.35261257543826
fg:15223,2025,3,4836.0,0.8011928429423459,99.99999999999999,100.0,458.9,0.9852216748768474,85.69066328509663,85.69066328509663
fg:15232,2019,1,5.0,0.004149377593360996,99.99999999999999,100.0,200.5,1.012,100.36016597510373,100.36016597510373
fg:15258,2019,1,5.0,0.004149377593360996,99.99999999999999,100.0,200.5,1.006,99.76514522821576,99.76514522821576
fg:15271,2019,1,370.0,0.2356687898089172,100.00000000000001,100.0,237.0,1.0,84.27057893588548,84.27057893588548
fg:15271,2021,2,917.0,0.43316013226263583,100.0,100.0,269.5,0.9940357852882704,74.1756902936689,74.1756902936689
fg:15271,2022,2,1441.0,0.5456266565694813,100.0,100.0,302.4,0.9910802775024778,85.00576508050753,85.00576508050753
fg:15271,2023,3,1850.0,0.6065573770491803,100.0,100.0,290.2,0.9881422924901185,74.97945130777887,74.97945130777887
fg:15271,2024,3,1211.0,0.5022812111157197,100.0,100.0,224.5,0.9852216748768474,84.93607228707613,84.93607228707613
fg:15271,2025,3,1065.0,0.47019867549668876,100.0,100.0,257.0,0.9823182711198428,96.39464333266908,96.39464333266908
fg:15274,2019,1,1480.0,0.5522388059701493,100.0,100.0,348.0,1.0,115.71414438011223,115.71414438011223
fg:15274,2020,2,1739.0,0.5916978564137462,100.00000000000001,100.0,285.1,0.9970089730807579,107.2236801117212,107.2236801117212
fg:15274,2021,3,2287.0,0.6558646400917695,100.0,100.0,306.6,0.9940357852882704,93.98130428143976,93.98130428143976
fg:15274,2023,2,2578.0,0.6823716251985177,100.0,100.0,400.5,0.9881422924901185,97.6369408710604,97.6369408710604
fg:15274,2024,2,3354.0,0.7364953886693018,100.0,100.0,415.1,0.9852216748768474,105.22149181496786,105.22149181496786
fg:15274,2025,3,4528.0,0.7905027932960894,99.99999999999999,100.0,427.5,0.9823182711198428,107.37345124855644,107.37345124855644
fg:15279,2019,1,2105.0,0.6369137670196672,100.0,100.0,410.5,1.0,106.79931767011898,106.79931767011898
fg:15279,2020,2,2349.0,0.661876584953508,100.0,100.0,308.6,0.9970089730807579,110.58213276939033,110.58213276939033
fg:15279,2021,3,3045.0,0.7173144876325088,100.0,100.0,338.3,0.9940357852882704,114.92661789525503,114.92661789525503
fg:15279,2022,3,3744.0,0.7572815533980582,100.0,100.0,459.5,0.9910802775024778,112.24686518083094,112.24686518083094
fg:15279,2023,3,4911.0,0.803632793323515,100.00000000000001,100.0,475.4,0.9881422924901185,103.56823789885235,103.56823789885235
fg:15279,2024,3,3815.0,0.7607178464606181,99.99999999999999,100.0,303.7,0.9852216748768474,94.80261980684817,94.80261980684817
fg:15288,2021,1,10.0,0.008264462809917356,100.0,100.0,201.0,0.9940357852882704,97.76054417297865,97.76054417297865
fg:15290,2019,1,5.0,0.004149377593360996,99.99999999999999,100.0,200.5,0.9970089730807579,98.87350396941955,98.87350396941955
fg:15291,2019,1,250.0,0.1724137931034483,100.0,100.0,225.0,1.006,101.38475948597676,101.38475948597676
fg:15291,2021,2,190.0,0.1366906474820144,100.00000000000001,100.0,204.0,0.9970089730807579,98.0098466862601,98.0098466862601
fg:15306,2019,1,10.0,0.008264462809917356,100.0,100.0,201.0,1.0,98.34710743801652,98.34710743801652
fg:15351,2019,1,75.0,0.058823529411764705,99.99999999999999,100.0,207.5,1.006,89.8958708377675,89.8958708377675
fg:15351,2021,2,1340.0,0.5275590551181102,100.0,100.0,329.5,0.9970089730807579,124.07268537354291,124.07268537354291
fg:15351,2022,2,2496.0,0.6753246753246753,100.0,100.0,371.9,0.9940357852882704,106.57862101488202,106.57862101488202
fg:15362,2019,1,2835.0,0.7026022304832714,100.00000000000001,100.0,483.5,1.006,131.790667995486,131.790667995486
fg:15362,2020,2,3313.0,0.7341014846000443,100.0,100.0,361.2,1.0,129.3721959470634,129.3721959470634
fg:15362,2021,3,4667.0,0.7954661666950742,99.99999999999997,100.0,433.9,0.9970089730807579,113.49082407142377,113.49082407142377
fg:15362,2022,3,5276.0,0.8147004323656578,100.0,100.0,537.1,0.9940357852882704,118.24120609008774,118.24120609008774
fg:15362,2023,3,6874.0,0.8513747832548922,100.0,100.0,582.9,0.9910802775024778,108.99831963014843,108.99831963014843
fg:15362,2024,3,6719.0,0.848465715368102,100.0,100.0,500.8,0.9881422924901185,106.55364242207331,106.55364242207331
fg:15362,2025,3,6142.0,0.8365567965132117,100.0,100.0,478.2,0.9852216748768474,100.82154028290988,100.82154028290988
fg:15402,2019,1,325.0,0.21311475409836064,100.0,100.0,232.5,1.0,83.43786129620591,83.43786129620591
fg:15402,2020,2,495.0,0.2920353982300885,100.0,100.0,230.0,0.9970089730807579,77.51764564895886,77.51764564895886
fg:15402,2021,3,1833.0,0.6043521266073195,100.0,100.0,349.7,0.9940357852882704,79.19074707625762,79.19074707625762
fg:15402,2022,3,1671.0,0.5820271682340648,100.0,100.0,266.0,0.9910802775024778,78.69986007293492,78.69986007293492
fg:15407,2020,1,35.0,0.02834008097165992,100.0,100.0,203.5,0.9940357852882704,93.76936760006761,93.76936760006761
fg:15423,2021,1,20.0,0.01639344262295082,99.99999999999999,100.0,202.0,0.9940357852882704,100.2801136994737,100.2801136994737
fg:15429,2019,1,3170.0,0.7254004576659039,100.00000000000001,100.0,517.0,1.006,125.08148368341296,125.08148368341296
fg:15429,2020,2,3271.0,0.7316036680832029,100.0,100.0,336.9,1.0,115.1823296075524,115.1823296075524
fg:15429,2021,3,5420.0,0.8187311178247734,100.0,100.0,507.7,0.9970089730807579,117.97486554354884,117.97486554354884
fg:15429,2022,3,3690.0,0.754601226993865,100.0,100.0,349.1,0.9940357852882704,113.84797350803191,113.84797350803191
fg:15429,2023,3,4157.0,0.7759940265073735,99.99999999999997,100.0,385.6,0.9910802775024778,102.6265175569987,102.6265175569987
fg:15429,2024,3,2658.0,0.6889580093312597,100.0,100.0,311.0,0.9881422924901185,87.58031472577416,87.58031472577416
fg:15429,2025,3,1830.0,0.6039603960396039,100.0,100.0,236.0,0.9852216748768474,76.93292447266724,76.93292447266724
fg:15440,2019,1,10.0,0.008264462809917356,100.0,100.0,201.0,1.0,100.62568234336547,100.62568234336547
fg:15440,2021,2,31.0,0.025182778229082048,100.0,100.0,202.5,0.9940357852882704,100.81028806920752,100.81028806920752
fg:15447,2019,1,935.0,0.4379391100702576,100.0,100.0,293.5,1.006,98.15777478748358,98.15777478748358
fg:15447,2020,2,783.0,0.394856278366112,100.0,100.0,222.2,1.0,95.62352058586275,95.62352058586275
fg:15451,2019,1,5.0,0.004149377593360996,99.99999999999999,100.0,200.5,1.006,99.76514522821576,99.76514522821576
fg:15454,2019,1,135.0,0.10112359550561797,99.99999999999999,100.0,213.5,1.012,85.4392465442435,85.4392465442435
fg:15454,2021,2,91.0,0.0704879938032533,100.0,100.0,201.0,1.0,88.78801897136688,88.78801897136688
fg:15463,2021,1,25.0,0.02040816326530612,100.0,100.0,202.5,1.0,98.54764333905425,98.54764333905425
fg:15464,2019,1,2470.0,0.6730245231607629,100.0,100.0,447.0,1.006,100.09095789506377,100.09095789506377
fg:15464,2020,2,2671.0,0.6900025833118058,100.0,100.0,318.9,1.0,95.6495520016426,95.6495520016426
fg:15464,2021,3,4898.0,0.8032141685798623,100.0,100.0,499.9,0.9970089730807579,103.51954970068296,103.51954970068296
fg:15464,2022,3,5315.0,0.8158096699923254,100.0,100.0,518.2,0.9940357852882704,111.97260063832978,111.97260063832978
fg:15464,2023,3,6544.0,0.8450413223140496,100.0,100.0,526.2,0.9910802775024778,105.82473847265625,105.82473847265625
fg:15464,2024,3,5878.0,0.8304605820853348,100.0,100.0,466.8,0.9881422924901185,99.90644307648579,99.90644307648579
fg:15464,2025,3,3880.0,0.7637795275590551,99.99999999999999,100.0,296.4,0.9852216748768474,87.0026207988775,87.0026207988775
fg:15467,2019,1,30.0,0.024390243902439025,100.0,100.0,203.0,1.006,99.39761605566021,99.39761605566021
fg:15467,2021,2,38.0,0.030694668820678513,100.00000000000001,100.0,202.0,0.9970089730807579,95.76918118888297,95.76918118888297
fg:15474,2019,1,20.0,0.01639344262295082,100.0,100.0,202.0,1.024,101.21954610611176,101.21954610611176
fg:15474,2021,2,32.0,0.025974025974025976,100.00000000000001,100.0,202.0,1.012,99.42191326211912,99.42191326211912
fg:15482,2019,1,1125.0,0.4838709677419355,100.0,100.0,312.5,1.018,110.15696550506121,110.15696550506121
fg:15482,2020,2,1180.0,0.4957983193277311,100.00000000000001,100.0,250.5,1.012,104.02944272118401,104.02944272118401
fg:15482,2021,3,1919.0,0.6152613016992626,100.0,100.0,307.6,1.006,96.4094652514528,96.4094652514528
fg:15482,2022,3,2364.0,0.6632996632996633,100.0,100.0,358.4,1.0,80.28566823283168,80.28566823283168
fg:15487,2019,1,1460.0,0.5488721804511278,100.0,100.0,346.0,1.024,103.04373469980219,103.04373469980219
fg:15487,2020,2,2233.0,0.6504515001456452,100.0,100.0,335.7,1.018,100.41761483777017,100.41761483777017
fg:15487,2021,3,2828.0,0.702085402184707,100.0,100.0,331.3,1.012,96.8468307543359,96.8468307543359
fg:15487,2022,3,3199.0,0.7272107297112981,100.0,100.0,390.0,1.006,91.30313312282776,91.30313312282776
fg:15488,2019,1,230.0,0.16083916083916083,100.0,100.0,223.0,1.024,69.46013986013986,69.46013986013986
fg:15488,2021,2,393.0,0.24670433145009416,100.0,100.0,225.5,1.012,52.205189853143544,52.205189853143544
fg:15490,2020,1,30.0,0.024390243902439025,100.0,100.0,203.0,1.024,101.53122619734701,101.53122619734701
fg:15490,2021,2,709.0,0.3713986380303824,100.0,100.0,269.1,1.018,80.19330376424375,80.19330376424375
fg:15491,2019,1,1980.0,0.6226415094339622,100.0,100.0,398.0,1.024,93.90834347163474,93.90834347163474
fg:15491,2020,2,2744.0,0.6957403651115619,100.0,100.0,355.6,1.018,94.81110714791372,94.81110714791372
fg:15491,2021,3,5551.0,0.8222485557695156,100.00000000000001,100.0,566.7,1.012,99.57809857475966,99.57809857475966
fg:15491,2022,3,6459.0,0.8433215824520173,100.00000000000001,100.0,570.2,1.006,103.08443289734338,103.08443289734338
fg:15491,2023,3,7663.0,0.8646056639963895,100.0,100.0,579.3,1.0,115.10006684685686,115.10006684685686
fg:15491,2024,3,6616.0,0.8464687819856704,100.0,100.0,489.3,0.9970089730807579,109.75835277278657,109.75835277278657
fg:15491,2025,3,6988.0,0.8534440644846116,100.0,100.0,572.1,0.9940357852882704,110.8781222087741,110.8781222087741
fg:15496,2019,1,40.0,0.03225806451612903,100.0,100.0,204.0,1.024,102.00844725097625,102.00844725097625
fg:15502,2021,1,15.0,0.012345679012345678,99.99999999999999,100.0,201.5,1.012,100.97906496470358,100.97906496470358
fg:15504,2024,1,240.0,0.16666666666666666,100.00000000000001,100.0,224.0,0.9970089730807579,92.56205749636231,92.56205749636231
fg:15518,2019,1,3275.0,0.7318435754189944,100.00000000000001,100.0,527.5,1.03,103.56294071285015,103.56294071285015
fg:15518,2020,2,3355.0,0.7365532381997805,100.0,100.0,339.0,1.024,98.94674475371173,98.94674475371173
fg:15518,2021,3,5493.0,0.8207082025997311,100.0,100.0,508.7,1.018,100.64062199276044,100.64062199276044
fg:15518,2022,3,6143.0,0.8365790548822007,100.0,100.0,593.8,1.012,101.98131629495181,101.98131629495181
fg:15518,2023,3,7169.0,0.856613693392281,100.00000000000001,100.0,539.5,1.006,97.9297691398243,97.9297691398243
fg:15518,2024,3,5920.0,0.8314606741573034,99.99999999999999,100.0,427.5,1.0,96.23078821076697,96.23078821076697
fg:15518,2025,3,3974.0,0.7680711248550445,99.99999999999999,100.0,330.1,0.9970089730807579,95.81358253382336,95.81358253382336
fg:15519,2019,1,290.0,0.19463087248322147,100.0,100.0,229.0,1.03,82.50493431107094,82.50493431107094
fg:15519,2020,2,372.0,0.2366412213740458,100.0,100.0,219.8,1.024,73.1596069435476,73.1596069435476
fg:15535,2020,1,220.0,0.15492957746478872,100.0,100.0,222.0,1.0,84.88894172629844,84.88894172629844
fg:15535,2021,2,186.0,0.1341991341991342,100.00000000000001,100.0,205.4,0.9970089730807579,85.91385856936769,85.91385856936769
fg:15552,2019,1,5.0,0.004149377593360996,99.99999999999999,100.0,200.5,1.0,99.17012448132779,99.17012448132779
fg:15564,2019,1,1395.0,0.5375722543352601,100.0,100.0,339.5,1.0,83.68020511541631,83.68020511541631
fg:15585,2019,1,815.0,0.4044665012406948,100.0,100.0,281.5,1.012,115.29147968582609,115.29147968582609
fg:15585,2020,2,1072.0,0.47183098591549294,100.00000000000001,100.0,258.3,1.006,98.79163301074328,98.79163301074328
fg:15585,2021,3,1185.0,0.4968553459119497,100.0,100.0,244.4,1.0,92.16163810327349,92.16163810327349
fg:15585,2022,3,1285.0,0.5171026156941649,99.99999999999999,100.0,281.7,0.9970089730807579,83.05779956493865,83.05779956493865
fg:15585,2023,3,2067.0,0.6326905417814509,100.0,100.0,340.4,0.9940357852882704,102.95182177248464,102.95182177248464
fg:15585,2024,3,1761.0,0.5947315096251267,100.0,100.0,256.1,0.9910802775024778,94.97238242685755,94.97238242685755
fg:15608,2019,1,1020.0,0.4594594594594595,100.0,100.0,302.0,1.006,89.83624570351756,89.83624570351756
fg:15608,2020,2,896.0,0.42748091603053434,100.0,100.0,228.4,1.0,90.83938464551571,90.83938464551571
fg:15608,2021,3,1756.0,0.5940460081190798,100.0,100.0,309.6,0.9970089730807579,84.54395262779207,84.54395262779207
fg:15608,2022,3,1187.0,0.49727691663175533,100.0,100.0,249.1,0.9940357852882704,83.54746575563688,83.54746575563688
fg:15640,2019,1,2235.0,0.6506550218340611,100.0,100.0,423.5,1.006,127.48049823772169,127.48049823772169
fg:15640,2020,2,2358.0,0.6627318718381113,100.0,100.0,301.7,1.0,127.07294155961476,127.07294155961476
fg:15640,2021,3,4962.0,0.8052580331061344,100.0,100.0,527.9,0.9970089730807579,137.17109062108514,137.17109062108514
fg:15640,2022,3,6354.0,0.8411437648927721,100.0,100.0,611.3,0.9940357852882704,166.47715887161561,166.47715887161561
fg:15640,2023,3,6973.0,0.8531750887067172,100.0,100.0,498.6,0.9910802775024778,166.85617114660712,166.85617114660712
fg:15640,2024,3,7440.0,0.8611111111111112,100.0,100.0,597.8,0.9881422924901185,187.77894347565578,187.77894347565578
fg:15640,2025,3,7585.0,0.8634035287421742,100.00000000000001,100.0,609.9,0.9852216748768474,187.44301004422715,187.44301004422715
fg:15653,2019,1,985.0,0.45080091533180777,100.0,100.0,298.5,1.024,117.88518338359002,117.88518338359002
fg:15653,2020,2,1783.0,0.5977204156889038,100.0,100.0,319.2,1.018,133.09107267989395,133.09107267989395
fg:15653,2021,3,3852.0,0.7624703087885986,100.0,100.0,466.4,1.012,107.85967213623188,107.85967213623188
fg:15653,2022,3,3329.0,0.7350408478692868,100.0,100.0,325.3,1.006,96.41324270303828,96.41324270303828
fg:15653,2023,3,5017.0,0.8069808589351778,100.0,100.0,508.2,1.0,88.40530021245758,88.40530021245758
fg:15653,2024,3,4335.0,0.7831978319783198,100.00000000000001,100.0,412.1,0.9970089730807579,91.31635091163676,91.31635091163676
fg:15653,2025,3,4111.0,0.7740538504989645,99.99999999999997,100.0,343.2,0.9940357852882704,97.34767967236071,97.34767967236071
fg:15654,2019,1,1380.0,0.5348837209302325,100.0,100.0,338.0,1.024,91.50165744224356,91.50165744224356
fg:15654,2020,2,1119.0,0.48253557567917205,99.99999999999999,100.0,229.1,1.018,93.35400125342667,93.35400125342667
fg:15654,2021,3,2340.0,0.6610169491525424,100.0,100.0,350.3,1.012,85.51231634427772,85.51231634427772
fg:15654,2022,3,1494.0,0.5545657015590201,100.00000000000001,100.0,258.5,1.006,77.18178604442458,77.18178604442458
fg:15654,2023,3,1863.0,0.6082272282076395,100.0,100.0,279.2,1.0,83.78657853130615,83.78657853130615
fg:15654,2024,3,899.0,0.4282991900905193,100.0,100.0,228.7,0.9970089730807579,87.55720017845948,87.55720017845948
fg:15654,2025,3,658.0,0.35414424111948334,100.0,100.0,213.3,0.9940357852882704,93.0794745118108,93.0794745118108
fg:15655,2019,1,10.0,0.008264462809917356,100.0,100.0,201.0,1.018,100.11735537190081,100.11735537190081
fg:15655,2021,2,11.0,0.009083402146985962,100.0,100.0,200.5,1.006,98.77241948802643,98.77241948802643
fg:15672,2019,1,2955.0,0.7111913357400722,100.00000000000001,100.0,495.5,1.024,134.35943663704901,134.35943663704901
fg:15672,2020,2,3124.0,0.7224791859389454,100.0,100.0,335.1,1.018,124.02702169758827,124.02702169758827
fg:15672,2021,3,5336.0,0.8164014687882497,100.0,100.0,510.7,1.012,117.60868575532797,117.60868575532797
fg:15672,2022,3,3555.0,0.7476340694006309,100.0,100.0,332.6,1.006,105.56681285662195,105.56681285662195
fg:15672,2023,3,2466.0,0.6726677577741408,100.0,100.0,225.2,1.0,104.18825564887834,104.18825564887834
fg:15674,2019,1,525.0,0.30434782608695654,100.0,100.0,252.5,1.024,111.4276847696424,111.4276847696424
fg:15674,2020,2,645.0,0.34959349593495936,100.0,100.0,233.0,1.018,88.8235305842453,88.8235305842453
fg:15674,2021,3,1580.0,0.5683453237410072,100.0,100.0,313.0,1.012,85.26313806123903,85.26313806123903
fg:15674,2022,3,2373.0,0.6641477749790092,100.0,100.0,358.7,1.006,84.94961653796791,84.94961653796791
fg:15674,2023,3,2777.0,0.6982650238873522,100.0,100.0,330.4,1.0,88.18111389641001,88.18111389641001
fg:15674,2024,3,2436.0,0.66996699669967,100.0,100.0,299.6,0.9970089730807579,84.43300043246828,84.43300043246828
fg:15674,2025,3,1950.0,0.6190476190476191,100.0,100.0,285.8,0.9940357852882704,84.81552116926628,84.81552116926628
fg:15676,2019,1,3465.0,0.7427652733118971,100.00000000000001,100.0,546.5,0.9881422924901185,110.12269065766563,110.12269065766563
fg:15676,2020,2,4082.0,0.7728133282847406,100.0,100.0,400.3,0.9852216748768474,122.09199322480141,122.09199322480141
fg:15676,2021,3,6422.0,0.8425610076095513,100.00000000000001,100.0,555.7,0.9823182711198428,121.44463155229957,121.44463155229957
fg:15676,2022,3,6817.0,0.8503180740925533,100.00000000000001,100.0,605.4,0.9794319294809012,127.47242630710987,127.47242630710987
fg:15676,2023,3,7663.0,0.8646056639963895,100.00000000000001,100.0,564.9,0.9765625,109.64173678775596,109.64173678775596
fg:15676,2024,3,5013.0,0.8068565910188314,99.99999999999999,100.0,319.4,0.9737098344693282,94.66950315413939,94.66950315413939
fg:15679,2019,1,2045.0,0.6302003081664098,100.0,100.0,404.5,1.024,96.80937118023216,96.80937118023216
fg:15679,2020,2,2271.0,0.6542783059636992,100.0,100.0,304.4,1.018,103.53789673590718,103.53789673590718
fg:15679,2021,3,3360.0,0.7368421052631579,100.0,100.0,375.2,1.012,98.4475523806415,98.4475523806415
fg:15679,2022,3,4676.0,0.7957794417971409,100.00000000000003,100.0,532.0,1.006,105.56661168378929,105.56661168378929
fg:15679,2023,3,5126.0,0.810306670882074,100.00000000000001,100.0,435.4,1.0,96.50455083645303,96.50455083645303
fg:15679,2024,3,5306.0,0.8155548724254534,99.99999999999999,100.0,445.6,0.9970089730807579,94.91575237285443,94.91575237285443
fg:15679,2025,3,4297.0,0.7816991086046935,99.99999999999999,100.0,398.1,0.9940357852882704,92.61865189421938,92.61865189421938
fg:15689,2019,1,330.0,0.21568627450980393,100.00000000000001,100.0,233.0,1.012,66.24514131753833,66.24514131753833
fg:15689,2021,2,493.0,0.29119905493207326,100.0,100.0,229.5,1.0,63.12043678430279,63.12043678430279
fg:15689,2024,1,5.0,0.004149377593360996,99.99999999999999,100.0,200.5,0.9910802775024778,98.28555449090962,98.28555449090962
fg:15690,2019,1,5.0,0.004149377593360996,99.99999999999999,100.0,200.5,1.006,99.76514522821576,99.76514522821576
fg:15694,2019,1,990.0,0.4520547945205479,100.0,100.0,299.0,1.024,100.35170651357684,100.35170651357684
fg:15694,2020,2,1397.0,0.5379283788987294,100.00000000000001,100.0,280.3,1.018,102.93228804868339,102.93228804868339
fg:15694,2021,3,1493.0,0.5544002970664687,100.0,100.0,253.6,1.012,90.26559350007501,90.26559350007501
fg:15697,2022,1,55.0,0.043824701195219126,100.0,100.0,205.5,1.006,101.43559961692665,101.43559961692665
fg:15711,2019,1,755.0,0.38618925831202044,100.0,100.0,275.5,1.024,99.17789439908901,99.17789439908901
fg:15711,2020,2,1389.0,0.5365005793742758,100.0,100.0,293.6,1.018,90.67999978514499,90.67999978514499
fg:15711,2021,3,3766.0,0.7583568264196536,100.00000000000001,100.0,484.2,1.012,119.98492344427115,119.98492344427115
fg:15711,2022,3,4534.0,0.7907220090687129,100.00000000000001,100.0,445.2,1.006,113.85186506501593,113.85186506501593
fg:15711,2023,3,4473.0,0.7884717080909571,99.99999999999997,100.0,371.3,1.0,111.11733779930456,111.11733779930456
fg:15711,2024,3,4578.0,0.7923156801661475,99.99999999999999,100.0,463.1,0.9970089730807579,112.28109068815337,112.28109068815337
fg:15711,2025,3,3735.0,0.756838905775076,100.0,100.0,351.8,0.9940357852882704,109.39902302340536,109.39902302340536
fg:15730,2019,1,540.0,0.3103448275862069,100.0,100.0,254.0,1.024,98.49738105053822,98.49738105053822
fg:15730,2020,2,957.0,0.44367176634214184,100.0,100.0,263.3,1.018,91.64422230953194,91.64422230953194
fg:15730,2021,3,1469.0,0.5503934057699513,100.0,100.0,283.0,1.012,93.1062889931719,93.1062889931719
fg:15730,2022,3,1710.0,0.5876288659793815,100.0,100.0,296.0,1.006,83.35273793980586,83.35273793980586
fg:15730,2023,3,1362.0,0.531615925058548,100.0,100.0,243.8,1.0,85.12070443709328,85.12070443709328
fg:15730,2024,3,1489.0,0.5537374488657494,100.0,100.0,283.5,0.9970089730807579,77.03967918297025,77.03967918297025
fg:15730,2025,3,1424.0,0.5426829268292683,100.0,100.0,279.1,0.9940357852882704,80.20706882989509,80.20706882989509
fg:15734,2019,1,50.0,0.04,100.0,100.0,205.0,1.03,98.7616924503441,98.7616924503441
fg:15734,2021,2,65.0,0.05138339920948617,100.0,100.0,203.5,1.018,93.68324355181528,93.68324355181528
fg:15764,2019,1,5.0,0.004149377593360996,99.99999999999999,100.0,200.5,0.9940357852882704,98.5786525659322,98.5786525659322
fg:15766,2019,1,55.0,0.043824701195219126,100.0,100.0,205.5,1.018,94.493068170109,94.493068170109
fg:15767,2020,1,575.0,0.323943661971831,100.0,100.0,257.5,1.006,95.52099619185617,95.52099619185617
fg:15767,2021,2,1070.0,0.4713656387665198,100.0,100.0,272.5,1.0,87.12737237858818,87.12737237858818
fg:15794,2019,1,525.0,0.30434782608695654,100.0,100.0,252.5,1.018,76.37826898321073,76.37826898321073
fg:15794,2021,2,1970.0,0.6214511041009464,100.0,100.0,365.5,1.006,78.64462592618911,78.64462592618911
fg:15794,2022,2,3364.0,0.7370727432077125,100.0,100.0,437.1,1.0,90.17580521905374,90.17580521905374
fg:15794,2023,3,3025.0,0.7159763313609467,100.0,100.0,280.8,0.9970089730807579,88.23222704505409,88.23222704505409
fg:15808,2021,1,200.0,0.14285714285714285,100.00000000000001,100.0,220.0,1.012,89.76101472067828,89.76101472067828
fg:15808,2022,2,270.0,0.1836734693877551,100.0,100.0,215.0,1.006,81.09767085964342,81.09767085964342
fg:1581,2019,1,15.0,0.012345679012345678,100.0,100.0,201.5,0.9881422924901185,96.37437173669056,96.37437173669056
fg:15816,2019,1,5.0,0.004149377593360996,99.99999999999999,100.0,200.5,1.024,101.55020746887966,101.55020746887966
fg:15817,2019,1,135.0,0.10112359550561797,99.99999999999999,100.0,213.5,1.024,98.94959623568413,98.94959623568413
fg:15817,2020,2,188.0,0.13544668587896252,99.99999999999999,100.0,210.7,1.018,89.7800935149535,89.7800935149535
fg:15821,2019,1,120.0,0.09090909090909091,100.0,100.0,212.0,1.024,87.17612151058152,87.17612151058152
fg:15823,2021,1,20.0,0.01639344262295082,99.99999999999999,100.0,202.0,1.018,100.75531988161578,100.75531988161578
fg:15830,2019,1,20.0,0.01639344262295082,100.0,100.0,202.0,0.9970089730807579,100.44730711597343,100.44730711597343
fg:15846,2019,1,10.0,0.008264462809917356,100.0,100.0,201.0,1.006,98.93719008264462,98.93719008264462
fg:15855,2019,1,5.0,0.004149377593360996,99.99999999999999,100.0,200.5,1.006,99.76514522821576,99.76514522821576
fg:15855,2021,2,8.0,0.006622516556291391,100.00000000000001,100.0,200.5,0.9970089730807579,98.38035562187612,98.38035562187612
fg:15873,2021,1,25.0,0.02040816326530612,100.0,100.0,202.5,0.9970089730807579,102.73694253984456,102.73694253984456
fg:15878,2019,1,245.0,0.1695501730103806,100.0,100.0,224.5,1.024,78.80662842658124,78.80662842658124
fg:15878,2020,2,521.0,0.3027309703660662,100.0,100.0,237.4,1.018,80.54207740695502,80.54207740695502
fg:15878,2021,3,1217.0,0.5035167563094746,99.99999999999999,100.0,287.5,1.012,83.91368709765436,83.91368709765436
fg:15878,2022,3,1543.0,0.5625227852716005,100.0,100.0,286.2,1.006,83.22110322093424,83.22110322093424
fg:15878,2023,3,1496.0,0.5548961424332344,100.0,100.0,259.0,1.0,88.60260718982033,88.60260718982033
fg:15878,2024,3,2375.0,0.6643356643356644,100.0,100.0,368.5,0.9970089730807579,96.31391131580955,96.31391131580955
fg:15878,2025,3,3251.0,0.7303976634464165,100.0,100.0,402.4,0.9940357852882704,109.88460308788966,109.88460308788966
fg:15905,2019,1,80.0,0.0625,100.0,100.0,208.0,1.03,100.89340501263615,100.89340501263615
fg:15905,2020,2,454.0,0.27448609431680776,100.0,100.0,240.6,1.024,100.47973549561048,100.47973549561048
fg:15905,2021,3,2250.0,0.6521739130434783,100.0,100.0,396.8,1.018,101.60121862834548,101.60121862834548
fg:15905,2022,3,2576.0,0.6822033898305084,100.0,100.0,320.8,1.012,95.48870029763405,95.48870029763405
fg:15905,2023,3,1948.0,0.6188055908513341,100.0,100.0,231.6,1.006,94.47463219464937,94.47463219464937
fg:15905,2024,3,1268.0,0.513776337115073,100.0,100.0,268.0,1.0,90.9245637873528,90.9245637873528
fg:15905,2025,3,2025.0,0.627906976744186,100.0,100.0,354.5,0.9970089730807579,88.31594118434518,88.31594118434518
fg:15937,2019,1,1235.0,0.5071868583162218,100.0,100.0,323.5,1.0,108.94885860265006,108.94885860265006
fg:15937,2020,2,1283.0,0.5167136528393073,100.00000000000001,100.0,254.2,0.9970089730807579,105.96538700990479,105.96538700990479
fg:15937,2021,3,2572.0,0.6818663838812301,100.0,100.0,365.4,0.9940357852882704,101.3157763022228,101.3157763022228
fg:15937,2022,3,3088.0,0.7201492537313433,100.0,100.0,395.4,0.9910802775024778,96.79538393262831,96.79538393262831
fg:15937,2023,3,3985.0,0.7685631629701061,100.0,100.0,404.7,0.9881422924901185,87.85629815321896,87.85629815321896
fg:15937,2024,3,2527.0,0.6780252213576603,100.0,100.0,251.4,0.9852216748768474,80.59910406663742,80.59910406663742
fg:15941,2019,1,1335.0,0.5266272189349113,100.0,100.0,333.5,0.9970089730807579,107.14826040540154,107.14826040540154
fg:15941,2020,2,1988.0,0.6235884567126725,100.0,100.0,318.7,0.9940357852882704,111.99635631781562,111.99635631781562
fg:15941,2021,3,2507.0,0.6762881035878069,100.0,100.0,315.4,0.9910802775024778,107.82055482040934,107.82055482040934
fg:15941,2022,3,3313.0,0.7341014846000443,100.0,100.0,417.9,0.9881422924901185,97.49077938251129,97.49077938251129
fg:15941,2023,3,2940.0,0.7101449275362319,100.0,100.0,316.7,0.9852216748768474,82.79074878890924,82.79074878890924
fg:15941,2025,2,667.0,0.35725763256561327,100.0,100.0,220.5,0.9794319294809012,72.5608972049582,72.5608972049582
fg:15958,2019,1,930.0,0.43661971830985913,100.0,100.0,293.0,1.024,87.1279696564917,87.1279696564917
fg:15958,2020,2,909.0,0.4310099573257468,100.0,100.0,235.1,1.018,84.88859274067039,84.88859274067039
fg:15958,2022,2,579.0,0.3254637436762226,100.0,100.0,248.0,1.006,88.06706209978059,88.06706209978059
fg:15964,2019,1,5.0,0.004149377593360996,99.99999999999999,100.0,200.5,1.018,100.9551867219917,100.9551867219917
fg:15971,2021,1,20.0,0.01639344262295082,99.99999999999999,100.0,202.0,1.012,102.04956909095716,102.04956909095716
fg:15983,2019,1,1230.0,0.5061728395061729,100.0,100.0,323.0,1.024,106.55051805846115,106.55051805846115
fg:15983,2020,2,1784.0,0.5978552278820375,100.0,100.0,304.6,1.018,118.01541246051978,118.01541246051978
fg:15983,2021,3,2468.0,0.6728462377317339,100.0,100.0,325.0,1.012,106.76979863653574,106.76979863653574
fg:15983,2022,3,1577.0,0.567879006121714,100.0,100.0,244.3,1.006,104.0540146496994,104.0540146496994
fg:15983,2023,3,1214.0,0.5028997514498758,100.0,100.0,242.5,1.0,89.00858571721349,89.00858571721349
fg:15986,2019,1,2920.0,0.7087378640776699,100.00000000000001,100.0,492.0,1.03,101.98564407307468,101.98564407307468
fg:15986,2020,2,3361.0,0.736899802674852,100.0,100.0,360.9,1.024,107.5440512920503,107.5440512920503
fg:15986,2021,3,5347.0,0.8167099434855659,100.0,100.0,498.0,1.018,113.12019132339003,113.12019132339003
fg:15986,2022,3,5920.0,0.8314606741573034,100.0,100.0,564.0,1.012,113.5092869174748,113.5092869174748
fg:15986,2023,3,7323.0,0.8592045054558254,100.0,100.0,580.7,1.006,105.06668551016816,105.06668551016816
fg:15986,2024,3,7843.0,0.8673006745549043,100.0,100.0,607.8,1.0,108.05565262024982,108.05565262024982
fg:15986,2025,3,8096.0,0.8709122203098106,100.00000000000001,100.0,611.8,0.9970089730807579,107.44981170713362,107.44981170713362
fg:15988,2019,1,45.0,0.03614457831325301,100.0,100.0,204.5,1.03,98.28458879531556,98.28458879531556
fg:15988,2020,2,56.0,0.044585987261146494,100.0,100.0,202.9,1.024,99.46434772759059,99.46434772759059
fg:15994,2019,1,90.0,0.06976744186046512,100.0,100.0,209.0,1.024,94.39995301305365,94.39995301305365
fg:15994,2021,2,384.0,0.24242424242424243,100.0,100.0,233.0,1.012,78.54345459495747,78.54345459495747
fg:15998,2019,1,3300.0,0.7333333333333333,100.00000000000001,100.0,530.0,1.03,148.7896799923187,148.7896799923187
fg:15998,2020,2,3855.0,0.7626112759643917,100.0,100.0,387.5,1.024,137.80802052698243,137.80802052698243
fg:15998,2021,3,4702.0,0.7966790918332769,99.99999999999997,100.0,399.3,1.018,108.58641368858709,108.58641368858709
fg:15998,2022,3,4879.0,0.8025991116960026,100.00000000000001,100.0,510.0,1.012,82.65177313924862,82.65177313924862
fg:15998,2023,3,6030.0,0.8340248962655602,100.0,100.0,533.0,1.006,101.34833474880634,101.34833474880634
fg:15998,2024,3,6719.0,0.848465715368102,100.0,100.0,540.1,1.0,109.1686231170056,109.1686231170056
fg:15998,2025,3,7224.0,0.8575498575498576,100.0,100.0,584.9,0.9970089730807579,118.45936910072794,118.45936910072794
fg:16041,2019,1,1805.0,0.6006655574043261,100.0,100.0,380.5,1.006,84.46000542617794,84.46000542617794
fg:16041,2021,2,1463.0,0.5493803980473151,100.0,100.0,238.0,0.9970089730807579,76.45873565881179,76.45873565881179
fg:16042,2020,1,100.0,0.07692307692307693,100.0,100.0,210.0,1.0,94.30892639084088,94.30892639084088
fg:16042,2021,2,200.0,0.14285714285714285,100.0,100.0,214.0,0.9970089730807579,88.53716200399381,88.53716200399381
fg:16042,2022,3,281.0,0.18973666441593517,99.99999999999999,100.0,214.9,0.9940357852882704,85.71898149958677,85.71898149958677
fg:16094,2021,1,90.0,0.06976744186046512,100.0,100.0,209.0,1.006,92.3459162826121,92.3459162826121
fg:16098,2021,1,20.0,0.01639344262295082,99.99999999999999,100.0,202.0,1.006,97.30163934426228,97.30163934426228
fg:16110,2019,1,60.0,0.047619047619047616,100.0,100.0,206.0,1.006,92.70889537806043,92.70889537806043
fg:16110,2021,2,61.0,0.04837430610626487,100.0,100.0,202.5,0.9970089730807579,91.05902393768406,91.05902393768406
fg:16115,2019,1,130.0,0.09774436090225563,99.99999999999999,100.0,213.0,1.012,86.82001598317575,86.82001598317575
fg:16128,2021,1,25.0,0.02040816326530612,100.0,100.0,202.5,1.0,95.91836734693878,95.91836734693878
fg:16130,2019,1,20.0,0.01639344262295082,100.0,100.0,202.0,1.018,98.46229508196721,98.46229508196721
fg:16130,2021,2,32.0,0.025974025974025976,100.00000000000001,100.0,202.0,1.006,95.37402597402598,95.37402597402598
fg:16137,2021,1,15.0,0.012345679012345678,99.99999999999999,100.0,201.5,1.0,97.53086419753085,97.53086419753085
fg:16149,2019,1,350.0,0.22580645161290322,100.00000000000001,100.0,235.0,1.012,77.17636433231766,77.17636433231766
fg:16149,2021,2,525.0,0.30434782608695654,100.0,100.0,231.5,1.0,72.30703454903029,72.30703454903029
fg:16153,2019,1,960.0,0.4444444444444444,100.0,100.0,296.0,1.012,100.75273783404124,100.75273783404124
fg:16153,2020,2,1288.0,0.5176848874598071,100.00000000000001,100.0,271.2,1.006,110.86174252894024,110.86174252894024
fg:16153,2021,3,2522.0,0.6775926921010209,100.0,100.0,363.4,1.0,106.66970022549066,106.66970022549066
fg:16153,2022,3,3161.0,0.7248337537262096,100.0,100.0,393.1,0.9970089730807579,113.19249679134185,113.19249679134185
fg:16153,2023,3,3253.0,0.7305187514035482,100.0,100.0,336.0,0.9940357852882704,109.1793424712579,109.1793424712579
fg:16153,2024,3,2863.0,0.7046517351710558,100.0,100.0,326.7,0.9910802775024778,100.58817650769954,100.58817650769954
fg:16153,2025,3,2269.0,0.6540789852983568,100.0,100.0,301.2,0.9881422924901185,89.55274305051894,89.55274305051894
fg:16162,2019,1,245.0,0.1695501730103806,100.0,100.0,224.5,1.012,94.85563967334238,94.85563967334238
fg:16162,2021,2,437.0,0.26695174098961516,100.0,100.0,229.0,1.0,74.9914319342152,74.9914319342152
fg:16192,2019,1,835.0,0.4103194103194103,100.0,100.0,283.5,1.018,91.71571152533137,91.71571152533137
fg:16192,2020,2,863.0,0.41832283082889,100.0,100.0,236.2,1.012,94.90119127205979,94.90119127205979
fg:16192,2021,3,697.0,0.36742224565102793,100.0,100.0,207.9,1.006,95.35786282533962,95.35786282533962
fg:16207,2019,1,40.0,0.03225806451612903,100.0,100.0,204.0,1.012,94.67096774193548,94.67096774193548
fg:16209,2021,1,5.0,0.004149377593360996,99.99999999999999,100.0,200.5,1.0,99.17012448132779,99.17012448132779
fg:16211,2019,1,390.0,0.24528301886792453,100.00000000000001,100.0,239.0,1.012,99.98561681123182,99.98561681123182
fg:16211,2020,2,412.0,0.2555831265508685,100.0,100.0,217.8,1.006,90.73093262643377,90.73093262643377
fg:16219,2019,1,2265.0,0.6536796536796536,100.0,100.0,426.5,1.012,125.60984490751343,125.60984490751343
fg:16219,2020,2,2957.0,0.7113302862641327,100.0,100.0,359.8,1.006,121.6503894824175,121.6503894824175
fg:16219,2021,3,3330.0,0.7350993377483444,99.99999999999999,100.0,328.4,1.0,121.06436329740436,121.06436329740436
fg:16219,2022,3,3356.0,0.7366110623353819,100.0,100.0,403.6,0.9970089730807579,114.6796224258635,114.6796224258635
fg:16219,2023,3,4823.0,0.8007637390004981,100.00000000000001,100.0,509.5,0.9940357852882704,107.9902851145852,107.9902851145852
fg:16219,2024,3,4064.0,0.7720364741641338,100.0,100.0,333.1,0.9910802775024778,101.97030713895606,101.97030713895606
fg:16219,2025,3,2311.0,0.6582170321845628,100.0,100.0,220.2,0.9881422924901185,95.79531850942197,95.79531850942197
fg:16221,2019,1,70.0,0.05511811023622047,99.99999999999999,100.0,207.0,1.012,90.88172997639937,90.88172997639937
fg:16221,2020,2,306.0,0.20318725099601595,100.0,100.0,226.4,1.006,91.53201402753113,91.53201402753113
fg:16221,2021,3,1982.0,0.6228786926461345,100.0,100.0,379.0,1.0,91.86400580399358,91.86400580399358
fg:16221,2022,3,2127.0,0.6393146979260595,100.0,100.0,293.3,0.9970089730807579,82.5524415313533,82.5524415313533
fg:16233,2021,1,25.0,0.02040816326530612,100.0,100.0,202.5,1.006,98.51400641619568,98.51400641619568
fg:16246,2019,1,245.0,0.1695501730103806,100.0,100.0,224.5,1.012,85.33552757609259,85.33552757609259
fg:16252,2019,1,2845.0,0.7033374536464772,100.00000000000001,100.0,484.5,1.012,113.66031769237503,113.66031769237503
fg:16252,2020,2,3571.0,0.7484804024313562,100.0,100.0,386.4,1.006,125.02916541986488,125.02916541986488
fg:16252,2021,3,5973.0,0.8327059807611877,100.00000000000001,100.0,548.9,1.0,131.78481036945897,131.78481036945897
fg:16252,2022,3,6901.0,0.851870139488952,100.0,100.0,618.6,0.9970089730807579,131.03524659504652,131.03524659504652
fg:16252,2023,3,8225.0,0.8726790450928382,100.0,100.0,616.3,0.9940357852882704,119.01396379681553,119.01396379681553
fg:16252,2024,3,7583.0,0.8633724240009109,100.00000000000001,100.0,538.6,0.9910802775024778,114.92876420909222,114.92876420909222
fg:16252,2025,3,7424.0,0.8608534322820037,100.0,100.0,573.4,0.9881422924901185,115.18347792147635,115.18347792147635
fg:16256,2019,1,155.0,0.11439114391143912,99.99999999999999,100.0,215.5,1.012,86.03558607827092,86.03558607827092
fg:16256,2021,2,293.0,0.19624916275954454,100.0,100.0,220.0,1.0,78.87751684441375,78.87751684441375
fg:16263,2019,1,785.0,0.3954659949622166,100.0,100.0,278.5,1.018,86.59083725520125,86.59083725520125
fg:16265,2019,1,5.0,0.004149377593360996,99.99999999999999,100.0,200.5,1.012,100.36016597510373,100.36016597510373
fg:16269,2019,1,15.0,0.012345679012345678,100.0,100.0,201.5,1.012,105.04301677052864,105.04301677052864
fg:16269,2021,2,34.0,0.027552674230145867,100.00000000000001,100.0,202.5,1.0,101.27562176912099,101.27562176912099
fg:16271,2019,1,250.0,0.1724137931034483,100.0,100.0,225.0,1.012,103.20236758070543,103.20236758070543
fg:16271,2021,2,560.0,0.3181818181818182,100.0,100.0,241.0,1.0,92.07681363743491,92.07681363743491
fg:16279,2021,1,10.0,0.008264462809917356,100.0,100.0,201.0,1.0,98.34710743801652,98.34710743801652
fg:16285,2019,1,230.0,0.16083916083916083,100.0,100.0,223.0,1.024,94.68626514811852,94.68626514811852
fg:16285,2020,2,234.0,0.16317991631799164,99.99999999999999,100.0,209.6,1.018,93.8989271784267,93.8989271784267
fg:16285,2021,3,368.0,0.23469387755102042,100.0,100.0,220.0,1.012,94.69534602892374,94.69534602892374
fg:16285,2022,3,547.0,0.31310818546078995,100.0,100.0,240.3,1.006,84.04349377598325,84.04349377598325
fg:16291,2019,1,30.0,0.024390243902439025,100.0,100.0,203.0,1.024,99.53185578982529,99.53185578982529
fg:16291,2021,2,48.0,0.038461538461538464,100.00000000000001,100.0,203.0,1.012,99.57658560619129,99.57658560619129
fg:16300,2019,1,30.0,0.024390243902439025,100.0,100.0,203.0,1.024,99.57634959612224,99.57634959612224
fg:16306,2019,1,5.0,0.004149377593360996,99.99999999999999,100.0,200.5,1.012,100.36016597510373,100.36016597510373
fg:16313,2019,1,905.0,0.42992874109263657,100.0,100.0,290.5,1.024,90.89448247388924,90.89448247388924
fg:16313,2020,2,949.0,0.4416007445323406,100.0,100.0,240.6,1.018,95.22614510903674,95.22614510903674
fg:16313,2021,3,778.0,0.39332659251769464,100.0,100.0,210.0,1.012,91.34444504492363,91.34444504492363
fg:16313,2022,3,479.0,0.285288862418106,100.0,100.0,231.1,1.006,94.50570176967956,94.50570176967956
fg:16317,2019,1,35.0,0.02834008097165992,100.0,100.0,203.5,1.012,100.53557805278889,100.53557805278889
fg:16337,2021,1,1080.0,0.47368421052631576,100.0,100.0,308.0,1.018,91.62973158998257,91.62973158998257
fg:16337,2022,2,3079.0,0.7195606450105165,100.0,100.0,443.1,1.012,102.15033931109477,102.15033931109477
fg:16337,2023,3,2885.0,0.7062423500611995,100.0,100.0,290.8,1.006,93.31319585271966,93.31319585271966
fg:16337,2024,3,3076.0,0.7193638914873713,99.99999999999999,100.0,346.8,1.0,87.27811703405115,87.27811703405115
fg:16357,2019,1,785.0,0.3954659949622166,100.0,100.0,278.5,1.018,84.56110635718288,84.56110635718288
fg:16357,2021,2,906.0,0.4301994301994302,100.0,100.0,243.5,1.006,88.39566192450937,88.39566192450937
fg:16357,2022,2,428.0,0.2628992628992629,100.0,100.0,216.7,1.0,95.75349109159612,95.75349109159612
fg:16357,2023,3,1250.0,0.5102040816326531,100.0,100.0,294.1,0.9970089730807579,95.60340999279879,95.60340999279879
fg:16357,2024,3,1108.0,0.4800693240901213,100.0,100.0,250.5,0.9940357852882704,86.77477013932092,86.77477013932092
fg:16357,2025,3,981.0,0.4497936726272352,100.0,100.0,223.4,0.9910802775024778,83.91066787495174,83.91066787495174
fg:16358,2019,1,205.0,0.14590747330960854,100.0,100.0,220.5,1.024,79.8852052310558,79.8852052310558
fg:16358,2021,2,453.0,0.27404718693284935,100.0,100.0,233.0,1.012,58.64540976388005,58.64540976388005
fg:16375,2019,1,2410.0,0.667590027700831,100.0,100.0,441.0,1.024,101.3321510525082,101.3321510525082
fg:16375,2020,2,2393.0,0.6660172557751183,100.0,100.0,294.7,1.018,86.68926938798855,86.68926938798855
fg:16375,2021,3,3008.0,0.714828897338403,99.99999999999999,100.0,328.3,1.012,87.23953980084809,87.23953980084809
fg:16375,2022,3,1871.0,0.6092478020188864,100.0,100.0,287.8,1.006,80.67399680171376,80.67399680171376
fg:16375,2023,3,1386.0,0.5359628770301624,100.0,100.0,228.8,1.0,90.20978466848584,90.20978466848584
fg:16376,2019,1,3240.0,0.7297297297297297,100.00000000000001,100.0,524.0,1.012,121.1233434648167,121.1233434648167
fg:16376,2020,2,3757.0,0.7579180956223522,100.0,100.0,381.3,1.006,128.56451704629302,128.56451704629302
fg:16376,2021,3,5271.0,0.8145572554473807,99.99999999999999,100.0,462.8,1.0,118.1034357650869,118.1034357650869
fg:16376,2023,2,3787.0,0.759374373370764,99.99999999999999,100.0,435.0,0.9940357852882704,99.99989494722396,99.99989494722396
fg:16376,2024,2,4320.0,0.782608695652174,100.00000000000001,100.0,491.0,0.9910802775024778,103.73342879641235,103.73342879641235
fg:16376,2025,3,5792.0,0.8283752860411899,100.0,100.0,491.8,0.9881422924901185,95.91591823971702,95.91591823971702
fg:16377,2021,1,5.0,0.004149377593360996,99.99999999999999,100.0,200.5,1.018,100.9551867219917,100.9551867219917
fg:16390,2019,1,10.0,0.008264462809917356,100.0,100.0,201.0,1.006,98.93719008264462,98.93719008264462
fg:16398,2020,1,25.0,0.02040816326530612,99.99999999999999,100.0,202.5,1.018,102.28098429402942,102.28098429402942
fg:16398,2025,1,75.0,0.058823529411764705,99.99999999999997,100.0,207.5,0.9940357852882704,101.27085558470543,101.27085558470543
fg:16400,2019,1,20.0,0.01639344262295082,100.0,100.0,202.0,1.018,98.46229508196721,98.46229508196721
fg:16401,2019,1,10.0,0.008264462809917356,100.0,100.0,201.0,1.018,100.11735537190081,100.11735537190081
fg:16403,2019,1,1220.0,0.5041322314049587,100.0,100.0,322.0,1.03,101.6496868262166,101.6496868262166
fg:16403,2020,2,1186.0,0.49706621961441744,100.00000000000001,100.0,245.4,1.024,91.38162417349241,91.38162417349241
fg:16403,2021,3,2285.0,0.6556671449067432,100.0,100.0,342.7,1.018,98.6209644671084,98.6209644671084
fg:16403,2022,3,2729.0,0.6945787732247392,100.0,100.0,377.2,1.012,93.43640554255984,93.43640554255984
fg:16403,2023,3,2827.0,0.7020114228954557,100.0,100.0,309.9,1.006,93.0037292059469,93.0037292059469
fg:16404,2019,1,150.0,0.1111111111111111,99.99999999999999,100.0,215.0,1.03,103.85662371444997,103.85662371444997
fg:16404,2021,2,570.0,0.3220338983050847,100.0,100.0,248.0,1.018,75.1399373024775,75.1399373024775
fg:16411,2019,1,400.0,0.25,100.00000000000001,100.0,240.0,1.03,91.97278728933682,91.97278728933682
fg:16417,2020,1,115.0,0.08745247148288973,100.0,100.0,211.5,1.03,99.15603998208361,99.15603998208361
fg:16417,2021,2,1367.0,0.5325282430853135,100.0,100.0,329.8,1.024,87.12868526042809,87.12868526042809
fg:16417,2022,3,2209.0,0.6479906130830155,100.0,100.0,337.5,1.018,82.78956881059894,82.78956881059894
fg:16417,2025,1,20.0,0.01639344262295082,99.99999999999999,100.0,202.0,1.0,96.72131147540982,96.72131147540982
fg:16424,2019,1,1305.0,0.5209580838323353,100.0,100.0,330.5,1.018,123.50281490409327,123.50281490409327
fg:16424,2020,2,1504.0,0.5562130177514792,100.00000000000001,100.0,272.1,1.012,114.37986375061044,114.37986375061044
fg:16424,2021,3,2116.0,0.638118214716526,100.0,100.0,305.7,1.006,113.59082225603025,113.59082225603025
fg:16424,2022,3,2218.0,0.6489174956114687,100.0,100.0,336.3,1.0,94.98352940277861,94.98352940277861
fg:16424,2023,3,1965.0,0.6208530805687204,100.0,100.0,268.4,0.9970089730807579,93.65409152163394,93.65409152163394
fg:16426,2019,1,345.0,0.22330097087378642,100.00000000000001,100.0,234.5,1.03,100.92530972980846,100.92530972980846
fg:16426,2020,2,536.0,0.3087557603686636,100.0,100.0,232.9,1.024,90.05106305527981,90.05106305527981
fg:16426,2021,3,1075.0,0.4725274725274725,99.99999999999999,100.0,271.2,1.018,100.10822882086346,100.10822882086346
fg:16426,2022,3,3389.0,0.7385051209413815,100.00000000000001,100.0,483.7,1.012,104.78452745620669,104.78452745620669
fg:16426,2023,3,5210.0,0.8127925117004681,100.00000000000001,100.0,519.1,1.006,103.81128543207421,103.81128543207421
fg:16426,2024,3,5648.0,0.8247663551401869,99.99999999999999,100.0,443.5,1.0,91.45193861580755,91.45193861580755
fg:16426,2025,3,3939.0,0.7664915353181553,99.99999999999999,100.0,320.6,0.9970089730807579,83.62869564747623,83.62869564747623
fg:16429,2019,1,200.0,0.14285714285714285,100.0,100.0,220.0,1.03,98.83682497125059,98.83682497125059
fg:16429,2020,2,215.0,0.1519434628975265,100.0,100.0,209.5,1.024,93.99440327441518,93.99440327441518
fg:16429,2021,3,934.0,0.43767572633552015,100.0,100.0,278.1,1.018,83.43056162882546,83.43056162882546
fg:16434,2019,1,285.0,0.1919191919191919,100.0,100.0,228.5,1.024,99.89694506686126,99.89694506686126
fg:16434,2020,2,498.0,0.29328621908127206,100.0,100.0,232.7,1.018,98.95773505397166,98.95773505397166
fg:16434,2021,3,1292.0,0.5184590690208668,99.99999999999999,100.0,295.9,1.012,101.57406819378734,101.57406819378734
fg:16434,2022,3,2386.0,0.6653653095370887,100.0,100.0,368.1,1.006,102.12182021238448,102.12182021238448
fg:16434,2023,3,2773.0,0.6979612383589228,100.0,100.0,333.0,1.0,92.6587810789929,92.6587810789929
fg:16440,2019,1,5.0,0.004149377593360996,99.99999999999999,100.0,200.5,1.018,100.9551867219917,100.9551867219917
fg:16442,2019,1,1850.0,0.6065573770491803,100.0,100.0,385.0,1.018,82.19056639185577,82.19056639185577
fg:16442,2020,2,2140.0,0.6407185628742516,100.0,100.0,303.0,1.012,79.66808653983324,79.66808653983324
fg:16442,2021,3,2908.0,0.7078870496592016,100.0,100.0,340.2,1.006,77.21670780401529,77.21670780401529
fg:16442,2022,3,2137.0,0.6403955648786335,100.0,100.0,297.9,1.0,79.35149410053698,79.35149410053698
fg:16442,2023,3,3182.0,0.7261524418073939,100.0,100.0,398.5,0.9970089730807579,97.50400092609067,97.50400092609067
fg:16442,2024,3,4377.0,0.7848305540613233,100.00000000000001,100.0,483.8,0.9940357852882704,109.4540203293114,109.4540203293114
fg:16442,2025,3,5800.0,0.8285714285714286,100.0,100.0,521.4,0.9910802775024778,117.28664336850446,117.28664336850446
fg:16446,2021,1,270.0,0.1836734693877551,100.0,100.0,227.0,1.012,96.15784697278748,96.15784697278748
fg:16448,2019,1,35.0,0.02834008097165992,100.0,100.0,203.5,1.024,105.73827182199213,105.73827182199213
fg:16448,2020,2,298.0,0.19893190921228304,100.0,100.0,227.7,1.018,102.88930357646423,102.88930357646423
fg:16448,2021,3,462.0,0.2779783393501805,100.0,100.0,227.9,1.012,97.15797889072321,97.15797889072321
fg:16451,2019,1,350.0,0.22580645161290322,100.00000000000001,100.0,235.0,1.024,99.66339739592644,99.66339739592644
fg:16451,2020,2,620.0,0.34065934065934067,100.0,100.0,241.0,1.018,108.51251252706928,108.51251252706928
fg:16451,2021,3,1262.0,0.512591389114541,99.99999999999999,100.0,284.8,1.012,104.30373304504272,104.30373304504272
fg:16451,2022,3,2503.0,0.6759384283013773,100.0,100.0,383.1,1.006,104.30120368590372,104.30120368590372
fg:16451,2023,3,2408.0,0.6674057649667405,100.0,100.0,293.5,1.0,95.77638866200004,95.77638866200004
fg:16451,2024,3,2420.0,0.6685082872928176,100.0,100.0,305.5,0.9970089730807579,88.18635504169207,88.18635504169207
fg:16451,2025,3,1213.0,0.5026937422295897,100.0,100.0,229.2,0.9940357852882704,80.15165087491069,80.15165087491069
fg:16472,2019,1,3525.0,0.746031746031746,100.00000000000001,100.0,552.5,1.012,110.3056409613515,110.3056409613515
fg:16472,2020,2,3745.0,0.7573306370070778,100.0,100.0,363.0,1.006,114.8098805544105,114.8098805544105
fg:16472,2021,3,5070.0,0.8086124401913876,99.99999999999999,100.0,440.0,1.0,118.29241640848112,118.29241640848112
fg:16472,2022,3,5687.0,0.8257586757659359,100.0,100.0,580.3,0.9970089730807579,120.84795460292075,120.84795460292075
fg:16472,2024,2,4601.0,0.7931391139458714,99.99999999999997,100.0,458.5,0.9910802775024778,107.3971674255689,107.3971674255689
fg:16472,2025,2,3708.0,0.7555012224938875,100.0,100.0,415.7,0.9881422924901185,102.08638087437701,102.08638087437701
fg:16478,2019,1,3050.0,0.7176470588235294,100.00000000000001,100.0,505.0,1.012,114.84827049049349,114.84827049049349
fg:16478,2020,2,3560.0,0.7478991596638656,100.0,100.0,373.0,1.006,108.08408542849197,108.08408542849197
fg:16478,2021,3,5081.0,0.8089476198057635,99.99999999999999,100.0,457.9,1.0,121.11301158903913,121.11301158903913
fg:16478,2022,3,5901.0,0.8310097169412759,100.0,100.0,581.6,0.9970089730807579,124.4585250333276,124.4585250333276
fg:16478,2023,3,7689.0,0.8650016874789065,100.00000000000001,100.0,626.9,0.9940357852882704,122.65587340368086,122.65587340368086
fg:16478,2024,3,8347.0,0.8743060647323767,100.0,100.0,618.0,0.9910802775024778,122.88207849903789,122.88207849903789
fg:16478,2025,3,8548.0,0.8768978251949118,100.0,100.0,631.2,0.9881422924901185,131.49305417235743,131.49305417235743
fg:16496,2023,1,75.0,0.058823529411764705,99.99999999999997,100.0,207.5,1.006,110.42718592659251,110.42718592659251
fg:16496,2024,2,235.0,0.16376306620209058,100.00000000000001,100.0,219.0,1.0,102.58466057843972,102.58466057843972
fg:16502,2021,1,20.0,0.01639344262295082,99.99999999999999,100.0,202.0,0.9970089730807579,96.43201542912247,96.43201542912247
fg:16505,2019,1,3350.0,0.7362637362637363,100.00000000000001,100.0,535.0,1.012,120.06146110219414,120.06146110219414
fg:16505,2020,2,3440.0,0.7413793103448276,100.0,100.0,343.0,1.006,118.22366435290763,118.22366435290763
fg:16505,2021,3,5728.0,0.8267898383371824,100.0,100.0,526.2,1.0,109.53914814888,109.53914814888
fg:16505,2022,3,6049.0,0.8344599255069665,100.0,100.0,572.7,0.9970089730807579,108.77996174009424,108.77996174009424
fg:16505,2023,3,7255.0,0.8580721466587817,100.0,100.0,552.6,0.9940357852882704,107.96536286771017,107.96536286771017
fg:16505,2024,3,7422.0,0.8608211551844119,100.0,100.0,581.6,0.9910802775024778,112.99646006259786,112.99646006259786
fg:16505,2025,3,7006.0,0.8537655374116501,100.0,100.0,532.2,0.9881422924901185,113.0794721374019,113.0794721374019
fg:16511,2021,1,20.0,0.01639344262295082,99.99999999999999,100.0,202.0,1.0,96.72131147540982,96.72131147540982
fg:16512,2019,1,1110.0,0.4805194805194805,100.0,100.0,311.0,1.024,81.34288941008724,81.34288941008724
fg:16512,2020,2,2028.0,0.6282527881040892,100.0,100.0,336.2,1.018,87.3062117990783,87.3062117990783
fg:16512,2021,3,4963.0,0.8052896316728866,100.00000000000001,100.0,561.3,1.012,86.55593541964745,86.55593541964745
fg:16512,2022,3,6047.0,0.8344142403753277,100.00000000000001,100.0,533.2,1.006,88.00951222535542,88.00951222535542
fg:16512,2023,3,5960.0,0.8324022346368715,99.99999999999999,100.0,433.6,1.0,85.8304798015865,85.8304798015865
fg:16512,2024,3,5517.0,0.8213488164359088,99.99999999999999,100.0,484.1,0.9970089730807579,89.1391226240771,89.1391226240771
fg:16512,2025,3,5362.0,0.8171289241085035,100.0,100.0,479.1,0.9940357852882704,85.32818742290813,85.32818742290813
fg:16524,2019,1,415.0,0.25696594427244585,100.00000000000001,100.0,241.5,1.006,99.35210650224614,99.35210650224614
fg:16524,2020,2,757.0,0.38681655595298925,100.0,100.0,250.8,1.0,100.46310425574815,100.46310425574815
fg:16524,2021,3,634.0,0.3456924754634678,100.0,100.0,213.0,0.9970089730807579,99.31428949686362,99.31428949686362
fg:16530,2019,1,555.0,0.3162393162393162,100.0,100.0,255.5,1.024,100.48941838645199,100.48941838645199
fg:16530,2020,2,1329.0,0.5255041518386714,100.0,100.0,299.6,1.018,100.52588651837982,100.52588651837982
fg:16530,2021,3,1976.0,0.6221662468513854,100.0,100.0,311.2,1.012,93.01391737826808,93.01391737826808
fg:16530,2022,3,2604.0,0.6845425867507886,100.0,100.0,351.2,1.006,81.2472176683506,81.2472176683506
fg:16530,2023,3,4081.0,0.772770308653664,100.0,100.0,472.5,1.0,87.65002553382426,87.65002553382426
fg:16530,2024,3,4903.0,0.8033753891528757,100.00000000000001,100.0,463.2,0.9970089730807579,88.45432472948515,88.45432472948515
fg:16530,2025,3,5178.0,0.8118532455315146,99.99999999999999,100.0,441.8,0.9940357852882704,88.69533567737521,88.69533567737521
fg:16535,2019,1,1920.0,0.6153846153846154,100.0,100.0,392.0,1.024,82.69736942077873,82.69736942077873
fg:16535,2020,2,2271.0,0.6542783059636992,100.0,100.0,311.9,1.018,84.32827709008578,84.32827709008578
fg:16535,2021,3,2765.0,0.6973518284993695,100.0,100.0,317.2,1.012,90.88837518486787,90.88837518486787
fg:16535,2022,3,2501.0,0.6757633072142664,100.0,100.0,344.5,1.006,113.47318781918499,113.47318781918499
fg:16535,2023,3,3112.0,0.7217068645640075,100.0,100.0,375.3,1.0,115.14640032742034,115.14640032742034
fg:16535,2024,3,3568.0,0.7483221476510067,100.0,100.0,392.1,0.9970089730807579,106.37917027324114,106.37917027324114
fg:16535,2025,3,3884.0,0.7639653815892997,100.0,100.0,400.9,0.9940357852882704,100.51128694386128,100.51128694386128
fg:16542,2019,1,840.0,0.4117647058823529,100.0,100.0,284.0,1.03,108.03726452947784,108.03726452947784
fg:16542,2020,2,1312.0,0.5222929936305732,100.00000000000001,100.0,280.8,1.024,92.6995936643533,92.6995936643533
fg:16542,2021,3,1621.0,0.5746189294576391,100.0,100.0,273.3,1.018,88.67239914362838,88.67239914362838
fg:16556,2019,1,3510.0,0.7452229299363057,100.00000000000001,100.0,551.0,1.036,115.62352433187282,115.62352433187282
fg:16556,2020,2,3428.0,0.7407087294727744,100.00000000000001,100.0,332.2,1.03,113.10218926259938,113.10218926259938
fg:16556,2021,3,6032.0,0.834070796460177,100.0,100.0,555.4,1.024,111.05098846413107,111.05098846413107
fg:16556,2022,3,4461.0,0.7880233174350821,100.00000000000001,100.0,403.1,1.018,104.47588675145121,104.47588675145121
fg:16556,2023,3,6434.0,0.8428084883416296,100.00000000000001,100.0,556.9,1.012,113.48368645569974,113.48368645569974
fg:16556,2024,3,5622.0,0.8240985048372911,100.0,100.0,483.5,1.006,108.2584000376198,108.2584000376198
fg:16556,2025,3,7055.0,0.854633555420957,100.0,100.0,577.0,1.0,99.78118787400416,99.78118787400416
fg:16561,2021,1,210.0,0.14893617021276595,100.00000000000001,100.0,221.0,1.006,76.93490843501202,76.93490843501202
fg:16565,2019,1,200.0,0.14285714285714285,100.0,100.0,220.0,1.012,97.64384706144952,97.64384706144952
fg:16572,2019,1,80.0,0.0625,100.0,100.0,208.0,1.012,91.90563093377295,91.90563093377295
fg:16572,2021,2,1103.0,0.47894051237516283,100.0,100.0,305.5,1.0,103.5719772360591,103.5719772360591
fg:16572,2022,2,3179.0,0.7259648321534597,100.0,100.0,454.6,0.9970089730807579,96.41067441681076,96.41067441681076
fg:16572,2023,3,4861.0,0.8020128691635043,100.00000000000001,100.0,482.7,0.9940357852882704,99.82639401008325,99.82639401008325
fg:16572,2024,3,5369.0,0.8173237935758867,99.99999999999999,100.0,455.2,0.9910802775024778,96.21265954333403,96.21265954333403
fg:16572,2025,3,3480.0,0.7435897435897436,99.99999999999999,100.0,281.6,0.9881422924901185,93.10938500030747,93.10938500030747
fg:16578,2019,1,1735.0,0.5911413969335605,100.0,100.0,373.5,1.006,111.27082028875351,111.27082028875351
fg:16578,2020,2,2078.0,0.6339231238560098,100.0,100.0,303.7,1.0,115.83391828884353,115.83391828884353
fg:16578,2021,3,4298.0,0.7817388141142233,100.0,100.0,484.3,0.9970089730807579,112.03650127355111,112.03650127355111
fg:16578,2022,3,5368.0,0.8172959805115713,100.0,100.0,533.1,0.9940357852882704,124.29173524421381,124.29173524421381
fg:16578,2023,3,6855.0,0.851024208566108,100.0,100.0,555.8,0.9910802775024778,136.90505488048942,136.90505488048942
fg:16578,2024,3,7179.0,0.8567848191908343,100.0,100.0,570.5,0.9881422924901185,133.08090494271235,133.08090494271235
fg:16578,2025,3,7539.0,0.8626845176793684,100.0,100.0,587.6,0.9852216748768474,129.75186211037456,129.75186211037456
fg:16587,2019,1,10.0,0.008264462809917356,100.0,100.0,201.0,1.018,100.11735537190081,100.11735537190081
fg:16593,2021,1,75.0,0.058823529411764705,99.99999999999997,100.0,207.5,1.024,96.96349323022679,96.96349323022679
fg:16593,2022,2,230.0,0.16083916083916083,100.00000000000001,100.0,218.5,1.018,84.27459338616507,84.27459338616507
fg:16593,2023,3,221.0,0.15552427867698804,100.00000000000001,100.0,207.4,1.012,84.16278338092093,84.16278338092093
fg:16622,2019,1,1245.0,0.50920245398773,100.0,100.0,324.5,1.036,94.25003273279967,94.25003273279967
fg:16622,2020,2,1596.0,0.5708154506437768,100.00000000000001,100.0,284.9,1.03,89.32038364347909,89.32038364347909
fg:16622,2021,3,4077.0,0.7725980670835703,100.00000000000001,100.0,497.0,1.024,103.42472072375422,103.42472072375422
fg:16622,2022,3,5000.0,0.8064516129032258,100.00000000000001,100.0,493.0,1.018,108.35609622420486,108.35609622420486
fg:16622,2023,3,4483.0,0.7888439204645433,99.99999999999997,100.0,335.7,1.012,105.84737051423389,105.84737051423389
fg:16622,2024,3,2669.0,0.6898423365210649,100.0,100.0,272.2,1.006,102.64840588467912,102.64840588467912
fg:16622,2025,3,2617.0,0.685616976683259,100.0,100.0,375.9,1.0,91.65210010994497,91.65210010994497
fg:16623,2019,1,1280.0,0.5161290322580645,100.0,100.0,328.0,1.012,84.05652414215497,84.05652414215497
fg:16623,2020,2,1184.0,0.4966442953020134,100.00000000000001,100.0,241.6,1.006,84.04383245643488,84.04383245643488
fg:16623,2021,3,1136.0,0.4863013698630137,100.0,100.0,227.2,1.0,91.57909839007924,91.57909839007924
fg:16623,2022,3,958.0,0.4439295644114921,99.99999999999999,100.0,271.8,0.9970089730807579,86.33940401139633,86.33940401139633
fg:16623,2023,3,820.0,0.40594059405940597,100.0,100.0,227.4,0.9940357852882704,90.80766835249614,90.80766835249614
fg:16623,2025,2,154.0,0.1137370753323486,99.99999999999997,100.0,207.0,0.9881422924901185,90.07271348767726,90.07271348767726
fg:16631,2019,1,5.0,0.004149377593360996,99.99999999999999,100.0,200.5,1.006,99.76514522821576,99.76514522821576
fg:16680,2022,1,20.0,0.01639344262295082,99.99999999999999,100.0,202.0,1.0,101.09146743922307,101.09146743922307
fg:16680,2023,2,121.0,0.09159727479182438,100.0,100.0,210.9,0.9970089730807579,93.81842382873242,93.81842382873242
fg:16686,2021,1,410.0,0.2546583850931677,100.0,100.0,241.0,1.006,91.41181497571955,91.41181497571955
fg:16686,2022,2,883.0,0.42390782525204035,100.0,100.0,263.7,1.0,101.71693174217882,101.71693174217882
fg:16686,2023,3,1015.0,0.4582392776523702,100.0,100.0,243.6,0.9970089730807579,92.80229676361142,92.80229676361142
fg:16686,2024,3,743.0,0.3823983530622748,100.0,100.0,221.5,0.9940357852882704,92.72013569608708,92.72013569608708
fg:16725,2019,1,630.0,0.3442622950819672,100.0,100.0,263.0,1.012,86.77285438476157,86.77285438476157
fg:16725,2020,2,919.0,0.4336951392166116,100.0,100.0,254.1,1.006,88.39135051346184,88.39135051346184
fg:16725,2021,3,2220.0,0.6491228070175439,100.0,100.0,359.3,1.0,77.80838460182946,77.80838460182946
fg:16725,2022,3,3222.0,0.728629579375848,100.0,100.0,406.7,0.9970089730807579,84.72852029283648,84.72852029283648
fg:16725,2023,3,3158.0,0.7246443322625057,100.0,100.0,319.3,0.9940357852882704,80.04019927074486,80.04019927074486
fg:16725,2024,3,2901.0,0.7073884418434528,100.0,100.0,333.8,0.9910802775024778,85.09074301570014,85.09074301570014
fg:16725,2025,3,2950.0,0.7108433734939759,100.0,100.0,374.4,0.9881422924901185,78.06141224304803,78.06141224304803
fg:16727,2019,1,15.0,0.012345679012345678,100.0,100.0,201.5,1.006,101.27665621616181,101.27665621616181
fg:16729,2019,1,240.0,0.16666666666666666,100.0,100.0,224.0,1.006,97.41704735389096,97.41704735389096
fg:16729,2020,2,217.0,0.15314043754410728,100.0,100.0,207.3,1.0,98.81081725917456,98.81081725917456
fg:16729,2021,3,469.0,0.2810065907729179,100.0,100.0,231.0,0.9970089730807579,93.23167817401192,93.23167817401192
fg:16768,2019,1,20.0,0.01639344262295082,100.0,100.0,202.0,1.006,99.43493520297118,99.43493520297118
fg:16814,2020,1,5.0,0.004149377593360996,100.0,100.0,200.5,0.9940357852882704,98.57865256593222,98.57865256593222
fg:16852,2020,1,20.0,0.01639344262295082,99.99999999999999,100.0,202.0,1.006,99.55887865658835,99.55887865658835
fg:16852,2021,2,731.0,0.3785603314344899,100.0,100.0,271.9,1.0,87.48917808470408,87.48917808470408
fg:16885,2019,1,280.0,0.1891891891891892,100.0,100.0,228.0,1.012,90.6261135149261,90.6261135149261
fg:16885,2020,2,739.0,0.3811242908715833,100.0,100.0,257.1,1.006,90.50407226980901,90.50407226980901
fg:16885,2021,3,2000.0,0.625,100.0,100.0,352.3,1.0,71.35643754708484,71.35643754708484
fg:16904,2019,1,15.0,0.012345679012345678,100.0,100.0,201.5,0.9940357852882704,101.96068885611791,101.96068885611791
fg:16909,2019,1,2515.0,0.676985195154778,100.0,100.0,451.5,1.012,96.6805183027118,96.6805183027118
fg:16909,2020,2,3012.0,0.7150997150997151,100.0,100.0,350.3,1.006,100.30208429126624,100.30208429126624
fg:16909,2021,3,4104.0,0.7737556561085973,99.99999999999997,100.0,399.5,1.0,98.60908175024333,98.60908175024333
fg:16909,2022,3,2676.0,0.6904024767801857,100.0,100.0,299.9,0.9970089730807579,97.79897483968978,97.79897483968978
fg:16918,2019,1,105.0,0.08045977011494253,100.0,100.0,210.5,1.018,91.70136990542807,91.70136990542807
fg:16918,2021,2,173.0,0.1260014566642389,100.0,100.0,211.0,1.006,84.4583344491933,84.4583344491933
fg:16925,2019,1,230.0,0.16083916083916083,100.0,100.0,223.0,1.012,90.0507101703419,90.0507101703419
fg:16925,2021,2,608.0,0.336283185840708,100.0,100.0,247.0,1.0,83.24454665177147,83.24454665177147
fg:16925,2022,2,951.0,0.4421199442119944,100.0,100.0,266.9,0.9970089730807579,75.10647189032248,75.10647189032248
fg:16925,2024,2,380.0,0.24050632911392406,100.0,100.0,203.5,0.9910802775024778,81.0220586144338,81.0220586144338
fg:16925,2025,2,48.0,0.038461538461538464,99.99999999999999,100.0,202.7,0.9881422924901185,91.21313469139554,91.21313469139554
fg:16929,2019,1,50.0,0.04,100.0,100.0,205.0,1.03,94.76,94.76
fg:16929,2021,2,120.0,0.09090909090909091,100.0,100.0,209.0,1.018,86.23878560622464,86.23878560622464
fg:16930,2020,1,205.0,0.14590747330960854,100.0,100.0,220.5,1.018,93.0416240882316,93.0416240882316
fg:16930,2021,2,1589.0,0.5697382574399427,100.0,100.0,346.6,1.012,76.68761964880878,76.68761964880878
fg:16930,2022,3,3513.0,0.7453851050286442,100.0,100.0,453.5,1.006,88.44756096698649,88.44756096698649
fg:16930,2023,3,5160.0,0.8113207547169812,100.00000000000001,100.0,495.5,1.0,96.82008638989086,96.82008638989086
fg:16930,2024,3,5809.0,0.82879155371665,100.0,100.0,495.6,0.9970089730807579,91.58387179220959,91.58387179220959
fg:16930,2025,3,5632.0,0.8243559718969555,100.0,100.0,465.6,0.9940357852882704,83.15972722794012,83.15972722794012
fg:16933,2019,1,120.0,0.09090909090909091,100.0,100.0,212.0,1.024,87.62475771503806,87.62475771503806
fg:16933,2021,2,162.0,0.11894273127753303,100.0,100.0,209.0,1.012,81.4288994234853,81.4288994234853
fg:16939,2019,1,220.0,0.15492957746478872,100.0,100.0,222.0,1.03,116.00735654509532,116.00735654509532
fg:16939,2020,2,376.0,0.23857868020304568,100.0,100.0,224.4,1.024,102.03273008918573,102.03273008918573
fg:16939,2021,3,1612.0,0.5732574679943101,100.0,100.0,336.0,1.018,103.20947571058214,103.20947571058214
fg:16939,2022,3,3916.0,0.7654417513682564,100.00000000000001,100.0,500.4,1.012,99.15887863242767,99.15887863242767
fg:16939,2023,3,6394.0,0.8419805109296813,100.0,100.0,595.8,1.006,104.57054897535268,104.57054897535268
fg:16939,2024,3,7012.0,0.8538723818801753,100.00000000000001,100.0,532.2,1.0,102.26499437511264,102.26499437511264
fg:16939,2025,3,4868.0,0.8022412656558998,99.99999999999999,100.0,323.8,0.9970089730807579,96.2791498283512,96.2791498283512
fg:16943,2019,1,40.0,0.03225806451612903,100.0,100.0,204.0,1.012,94.67096774193548,94.67096774193548
fg:16943,2021,2,34.0,0.027552674230145867,100.0,100.0,201.0,1.0,94.48946515397083,94.48946515397083
fg:16947,2020,1,60.0,0.047619047619047616,100.0,100.0,206.0,1.024,96.27318932120977,96.27318932120977
fg:16947,2021,2,798.0,0.3993993993993994,100.0,100.0,276.2,1.018,95.8901354758884,95.8901354758884
fg:16947,2022,3,1096.0,0.47735191637630664,100.0,100.0,261.0,1.012,89.09415357244907,89.09415357244907
fg:16947,2023,3,1068.0,0.4708994708994709,100.0,100.0,234.2,1.006,82.88538669816187,82.88538669816187
fg:16947,2024,3,1336.0,0.526813880126183,100.0,100.0,291.0,1.0,85.18571267035176,85.18571267035176
fg:16947,2025,3,1583.0,0.5688106360043119,100.0,100.0,291.7,0.9970089730807579,84.51804663675875,84.51804663675875
fg:16953,2020,1,320.0,0.21052631578947367,100.0,100.0,232.0,1.018,94.06992283052341,94.06992283052341
fg:16953,2021,2,346.0,0.2238033635187581,100.0,100.0,215.4,1.012,92.93121771019257,92.93121771019257
fg:16953,2022,3,284.0,0.19137466307277629,100.0,100.0,203.8,1.006,99.05734538508615,99.05734538508615
fg:16953,2023,3,150.0,0.1111111111111111,100.0,100.0,208.4,1.0,95.38244006034202,95.38244006034202
fg:16953,2024,3,346.0,0.2238033635187581,100.0,100.0,228.6,0.9970089730807579,91.82010811844208,91.82010811844208
fg:16953,2025,3,374.0,0.23761118170266837,100.0,100.0,216.4,0.9940357852882704,86.93724026796284,86.93724026796284
fg:16958,2021,1,5.0,0.004149377593360996,99.99999999999999,100.0,200.5,1.0,99.17012448132779,99.17012448132779
fg:16959,2020,1,205.0,0.14590747330960854,100.0,100.0,220.5,0.9940357852882704,90.81243140106977,90.81243140106977
fg:16959,2021,2,534.0,0.3079584775086505,100.0,100.0,241.1,0.9910802775024778,87.32748115551176,87.32748115551176
fg:16959,2022,3,554.0,0.31584948688711517,100.0,100.0,220.9,0.9881422924901185,80.8185585725184,80.8185585725184
fg:16959,2024,2,136.0,0.10179640718562874,99.99999999999999,100.0,205.5,0.9823182711198428,86.30101305069614,86.30101305069614
fg:16977,2019,1,220.0,0.15492957746478872,100.0,100.0,222.0,1.006,85.12036858375411,85.12036858375411
fg:16977,2021,2,272.0,0.18478260869565216,100.0,100.0,214.0,0.9970089730807579,83.14081159026036,83.14081159026036
fg:16980,2019,1,10.0,0.008264462809917356,100.0,100.0,201.0,1.012,99.52727272727272,99.52727272727272
fg:16981,2019,1,215.0,0.1519434628975265,100.0,100.0,221.5,1.012,82.41817337538836,82.41817337538836
fg:16997,2019,1,3020.0,0.7156398104265402,100.00000000000001,100.0,502.0,1.036,122.1400003787236,122.1400003787236
fg:16997,2020,2,3216.0,0.7282608695652174,100.0,100.0,340.4,1.03,118.32325613097237,118.32325613097237
fg:16997,2021,3,5032.0,0.8074454428754814,99.99999999999999,100.0,474.0,1.024,108.71740848474477,108.71740848474477
fg:16997,2022,3,5404.0,0.8182919442761962,100.0,100.0,537.6,1.018,107.27418954364512,107.27418954364512
fg:16997,2023,3,7196.0,0.8570747975226298,100.0,100.0,593.2,1.012,113.1140776252904,113.1140776252904
fg:16997,2024,3,7729.0,0.8656064508903573,100.00000000000001,100.0,599.7,1.006,111.82728415082839,111.82728415082839
fg:16997,2025,3,7816.0,0.8669032830523514,100.00000000000001,100.0,580.5,1.0,110.77040971738808,110.77040971738808
fg:17018,2021,1,10.0,0.008264462809917356,100.0,100.0,201.0,1.006,98.93719008264462,98.93719008264462
fg:17022,2019,1,50.0,0.04,100.0,100.0,205.0,1.03,102.8493919551638,102.8493919551638
fg:17022,2021,2,1660.0,0.5804195804195804,100.0,100.0,363.0,1.018,103.14319188870094,103.14319188870094
fg:17022,2022,2,2254.0,0.6525767226404169,100.0,100.0,327.6,1.012,96.8477618506354,96.8477618506354
fg:17022,2023,3,3238.0,0.7296079315006759,100.0,100.0,369.0,1.006,94.83559624439269,94.83559624439269
fg:17022,2024,3,3140.0,0.7235023041474654,100.0,100.0,367.0,1.0,95.73610466798854,95.73610466798854
fg:17022,2025,3,3301.0,0.733392579426794,100.0,100.0,357.9,0.9970089730807579,101.74510324996993,101.74510324996993
fg:17023,2019,1,210.0,0.14893617021276595,100.0,100.0,221.0,1.03,105.65876559576131,105.65876559576131
fg:17023,2020,2,433.0,0.26515615431720757,100.0,100.0,230.7,1.024,103.05787833851797,103.05787833851797
fg:17023,2021,3,1463.0,0.5493803980473151,100.0,100.0,317.8,1.018,78.88569805456788,78.88569805456788
fg:17023,2022,3,1539.0,0.5618838992332968,100.0,100.0,270.5,1.012,68.44955853939167,68.44955853939167
fg:17027,2019,1,1885.0,0.6110210696920584,100.0,100.0,388.5,1.03,110.78377439941502,110.78377439941502
fg:17027,2020,2,2613.0,0.6852871754523997,100.0,100.0,348.2,1.024,114.84780751362752,114.84780751362752
fg:17027,2021,3,5035.0,0.8075380914194066,100.0,100.0,524.1,1.018,110.6812333650452,110.6812333650452
fg:17027,2022,3,6299.0,0.8399786638218429,100.0,100.0,582.4,1.012,106.40874144107005,106.40874144107005
fg:17027,2023,3,7398.0,0.8604326587578507,100.0,100.0,565.4,1.006,102.49858191875693,102.49858191875693
fg:17027,2024,3,7445.0,0.8611914401388086,100.0,100.0,570.7,1.0,94.88957638129399,94.88957638129399
fg:17027,2025,3,5355.0,0.816933638443936,99.99999999999999,100.0,368.6,0.9970089730807579,88.30876539894457,88.30876539894457
fg:17030,2019,1,5.0,0.004149377593360996,99.99999999999999,100.0,200.5,1.03,102.14522821576763,102.14522821576763
fg:17034,2019,1,5.0,0.004149377593360996,99.99999999999999,100.0,200.5,1.03,102.14522821576763,102.14522821576763
fg:17034,2021,2,13.0,0.010717230008244023,100.0,100.0,201.0,1.018,103.35184797600367,103.35184797600367
fg:17040,2022,1,620.0,0.34065934065934067,100.0,100.0,262.0,1.018,77.86533691606903,77.86533691606903
fg:17040,2023,2,1096.0,0.47735191637630664,100.0,100.0,272.4,1.012,74.36731345900421,74.36731345900421
fg:17040,2024,3,1422.0,0.5423340961098398,100.0,100.0,269.0,1.006,76.14909748105302,76.14909748105302
fg:17040,2025,3,1836.0,0.6047430830039525,100.0,100.0,313.4,1.0,75.80180613827216,75.80180613827216
fg:17062,2019,1,1120.0,0.4827586206896552,100.0,100.0,312.0,1.012,74.47319219895614,74.47319219895614
fg:17062,2020,2,1171.0,0.4938844369464361,100.00000000000001,100.0,249.9,1.006,72.22220508885262,72.22220508885262
fg:17062,2021,3,1302.0,0.5203836930455635,100.0,100.0,246.5,1.0,77.01510527981412,77.01510527981412
fg:17062,2022,3,533.0,0.30755914598961337,100.0,100.0,212.2,0.9970089730807579,90.07782392241079,90.07782392241079
fg:17085,2019,1,180.0,0.13043478260869565,100.0,100.0,218.0,1.03,89.67869926992074,89.67869926992074
fg:17085,2021,2,283.0,0.19082939986513822,100.0,100.0,217.5,1.018,75.15870153240115,75.15870153240115
fg:17098,2021,1,230.0,0.16083916083916083,100.00000000000001,100.0,223.0,1.012,88.37040680746685,88.37040680746685
fg:17109,2019,1,740.0,0.38144329896907214,100.0,100.0,274.0,1.036,79.80717025198321,79.80717025198321
fg:17109,2020,2,712.0,0.3723849372384937,100.0,100.0,226.8,1.03,80.6384098519011,80.6384098519011
fg:17109,2022,2,447.0,0.27140255009107467,100.0,100.0,237.5,1.018,91.07989115812084,91.07989115812084
fg:17109,2023,2,320.0,0.21052631578947367,100.0,100.0,209.5,1.012,92.54202697613941,92.54202697613941
fg:17117,2021,1,5.0,0.004149377593360996,99.99999999999999,100.0,200.5,1.0,101.02844079682612,101.02844079682612
fg:17128,2019,1,2405.0,0.6671289875173371,100.0,100.0,440.5,1.024,120.58421802599212,120.58421802599212
fg:17128,2020,2,3034.0,0.7165800661313179,100.0,100.0,359.1,1.018,115.21483958598583,115.21483958598583
fg:17128,2021,3,4221.0,0.7786386275594909,99.99999999999997,100.0,411.2,1.012,113.37409119591251,113.37409119591251
fg:17128,2022,3,4093.0,0.7732854713772908,100.0,100.0,429.3,1.006,102.54088222326637,102.54088222326637
fg:17128,2023,3,4686.0,0.7961264016309888,99.99999999999999,100.0,440.3,1.0,97.47647850446432,97.47647850446432
fg:17128,2024,3,4310.0,0.7822141560798548,99.99999999999999,100.0,394.9,0.9970089730807579,97.85167782067008,97.85167782067008
fg:17128,2025,3,4888.0,0.8028909329829172,99.99999999999999,100.0,474.9,0.9940357852882704,114.12581103189046,114.12581103189046
fg:17130,2019,1,10.0,0.008264462809917356,100.0,100.0,201.0,0.9970089730807579,98.05294859223982,98.05294859223982
fg:17149,2019,1,40.0,0.03225806451612903,100.0,100.0,204.0,1.012,94.67096774193548,94.67096774193548
fg:17149,2021,2,39.0,0.031476997578692496,100.0,100.0,201.5,1.0,93.7046004842615,93.7046004842615
fg:17161,2019,1,270.0,0.1836734693877551,100.0,100.0,227.0,1.006,99.24291653616496,99.24291653616496
fg:17161,2020,2,456.0,0.2753623188405797,100.0,100.0,229.4,1.0,95.25747725817676,95.25747725817676
fg:17161,2021,3,684.0,0.3630573248407643,100.0,100.0,237.8,0.9970089730807579,85.2160330744396,85.2160330744396
fg:17161,2022,3,608.0,0.336283185840708,100.0,100.0,226.6,0.9940357852882704,81.33301444895541,81.33301444895541
fg:17161,2023,3,1218.0,0.5037220843672456,100.0,100.0,290.0,0.9910802775024778,79.4657688792085,79.4657688792085
fg:17171,2019,1,30.0,0.024390243902439025,100.0,100.0,203.0,1.0,95.1219512195122,95.1219512195122
fg:17182,2019,1,925.0,0.43529411764705883,100.0,100.0,292.5,0.9881422924901185,79.24264466934059,79.24264466934059
fg:17186,2019,1,120.0,0.09090909090909091,100.0,100.0,212.0,1.012,89.34095080409863,89.34095080409863
fg:17186,2021,2,107.0,0.08186687069625095,100.00000000000001,100.0,203.5,1.0,89.15570903236932,89.15570903236932
fg:17192,2019,1,15.0,0.012345679012345678,100.0,100.0,201.5,1.018,99.28641975308642,99.28641975308642
fg:17216,2020,1,255.0,0.17525773195876287,100.0,100.0,225.5,1.024,90.99587946129712,90.99587946129712
fg:17216,2021,2,259.0,0.17751884852638794,100.0,100.0,210.6,1.018,90.00501697765651,90.00501697765651
fg:17216,2022,3,267.0,0.18200408997955012,100.0,100.0,208.1,1.012,94.04466853687538,94.04466853687538
fg:17232,2019,1,2795.0,0.6996245306633292,100.00000000000001,100.0,479.5,1.024,130.52666399095375,130.52666399095375
fg:17232,2020,2,3391.0,0.7386190372467872,100.0,100.0,371.4,1.018,119.76700684643058,119.76700684643058
fg:17232,2021,3,5681.0,0.8256067432059294,100.0,100.0,531.1,1.012,119.17000905819124,119.17000905819124
fg:17232,2022,3,5322.0,0.8160073597056118,100.0,100.0,478.1,1.006,99.61494491072234,99.61494491072234
fg:17232,2023,3,5365.0,0.8172124904798173,99.99999999999999,100.0,421.8,1.0,99.04685063305459,99.04685063305459
fg:17232,2024,3,2952.0,0.7109826589595376,100.0,100.0,258.2,0.9970089730807579,92.8369941599686,92.8369941599686
fg:17232,2025,3,2696.0,0.6919917864476386,100.0,100.0,349.0,0.9940357852882704,106.24621158221753,106.24621158221753
fg:17264,2021,1,5.0,0.004149377593360996,99.99999999999999,100.0,200.5,1.0,99.17012448132779,99.17012448132779
fg:17273,2020,1,140.0,0.1044776119402985,100.0,100.0,214.0,1.018,93.39722445535749,93.39722445535749
fg:17273,2021,2,1157.0,0.49087823504454814,100.0,100.0,307.3,1.012,89.81594820405451,89.81594820405451
fg:17273,2022,3,3585.0,0.7492163009404389,100.00000000000001,100.0,487.4,1.006,86.61476258010698,86.61476258010698
fg:17273,2023,3,4509.0,0.789805570152391,100.00000000000001,100.0,428.3,1.0,81.37335981988767,81.37335981988767
fg:17273,2024,3,4039.0,0.7709486543233441,99.99999999999999,100.0,339.0,0.9970089730807579,82.80606477407355,82.80606477407355
fg:17273,2025,3,2297.0,0.6568487274806978,100.0,100.0,262.3,0.9940357852882704,78.26504494838856,78.26504494838856
fg:17276,2019,1,75.0,0.058823529411764705,99.99999999999999,100.0,207.5,1.03,91.93856745695942,91.93856745695942
fg:17276,2020,2,95.0,0.07335907335907337,99.99999999999999,100.0,205.0,1.024,93.33263305143697,93.33263305143697
fg:17276,2021,3,828.0,0.40828402366863903,100.0,100.0,276.2,1.018,73.71355581449612,73.71355581449612
fg:17276,2022,3,685.0,0.363395225464191,100.0,100.0,221.1,1.012,78.70971279865108,78.70971279865108
fg:17276,2024,2,811.0,0.4032819492789657,100.0,100.0,277.5,1.0,71.36512026294258,71.36512026294258
fg:17276,2025,2,1120.0,0.4827586206896552,100.0,100.0,265.5,0.9970089730807579,83.12595960264017,83.12595960264017
fg:17277,2019,1,25.0,0.02040816326530612,100.0,100.0,202.5,1.03,101.46984559119419,101.46984559119419
fg:17277,2021,2,130.0,0.09774436090225563,100.0,100.0,211.5,1.018,97.69693658848654,97.69693658848654
fg:17278,2019,1,245.0,0.1695501730103806,100.0,100.0,224.5,1.03,95.0579887531925,95.0579887531925
fg:17278,2021,2,1542.0,0.562363238512035,100.0,100.0,339.5,1.018,99.83631538519383,99.83631538519383
fg:17278,2022,2,1201.0,0.5002082465639317,99.99999999999999,100.0,236.4,1.012,96.55927711261647,96.55927711261647
fg:17282,2021,1,5.0,0.004149377593360996,99.99999999999999,100.0,200.5,1.018,100.9551867219917,100.9551867219917
fg:17285,2019,1,10.0,0.008264462809917356,100.0,100.0,201.0,1.03,101.29752066115702,101.29752066115702
fg:17285,2021,2,16.0,0.013157894736842105,100.0,100.0,201.0,1.018,101.52882089195548,101.52882089195548
fg:17295,2021,1,20.0,0.01639344262295082,99.99999999999999,100.0,202.0,1.006,97.30163934426228,97.30163934426228
fg:17307,2022,1,25.0,0.02040816326530612,100.0,100.0,202.5,1.012,97.06938775510204,97.06938775510204
fg:17312,2021,1,65.0,0.05138339920948617,99.99999999999996,100.0,206.5,1.018,95.5111492456773,95.5111492456773
fg:17321,2019,1,1910.0,0.6141479099678456,100.0,100.0,391.0,1.03,100.45608304654701,100.45608304654701
fg:17321,2020,2,2318.0,0.6588971006253553,100.0,100.0,317.2,1.024,92.25572461726665,92.25572461726665
fg:17321,2021,3,2398.0,0.6664813785436353,100.0,100.0,277.8,1.018,88.34199439985487,88.34199439985487
fg:17321,2022,3,3100.0,0.7209302325581395,100.0,100.0,425.4,1.012,82.1898836131578,82.1898836131578
fg:17321,2023,3,2556.0,0.6805111821086262,100.0,100.0,290.6,1.006,83.13361808253785,83.13361808253785
fg:17326,2019,1,795.0,0.39849624060150374,100.0,100.0,279.5,1.036,87.09099520965478,87.09099520965478
fg:17326,2020,2,1216.0,0.5033112582781457,100.00000000000001,100.0,273.9,1.03,77.64980590896079,77.64980590896079
fg:17326,2021,3,1596.0,0.5708154506437768,100.0,100.0,277.1,1.024,78.92375628970989,78.92375628970989
fg:17326,2022,3,1187.0,0.49727691663175533,100.0,100.0,244.6,1.018,73.85917624463542,73.85917624463542
fg:17326,2023,3,695.0,0.36675461741424803,100.0,100.0,211.3,1.012,85.08396066062899,85.08396066062899
fg:17326,2024,3,514.0,0.2998833138856476,100.0,100.0,229.5,1.006,85.29249671033003,85.29249671033003
fg:17338,2019,1,550.0,0.3142857142857143,100.0,100.0,255.0,1.036,91.88358187165788,91.88358187165788
fg:17338,2020,2,1140.0,0.48717948717948717,100.0,100.0,281.0,1.03,112.53045541995846,112.53045541995846
fg:17338,2021,3,3140.0,0.7235023041474654,100.0,100.0,439.0,1.024,90.23455589571216,90.23455589571216
fg:17338,2022,3,4180.0,0.7769516728624535,100.00000000000001,100.0,441.0,1.018,90.08897820951725,90.08897820951725
fg:17338,2023,3,4963.0,0.8052896316728866,99.99999999999999,100.0,443.7,1.012,92.94827913191399,92.94827913191399
fg:17338,2024,3,5987.0,0.8330318630861278,100.0,100.0,558.4,1.006,102.60988350728871,102.60988350728871
fg:17338,2025,3,6037.0,0.8341854359541246,100.0,100.0,490.5,1.0,100.97879376092231,100.97879376092231
fg:17345,2019,1,10.0,0.008264462809917356,100.0,100.0,201.0,1.03,101.29752066115702,101.29752066115702
fg:17350,2019,1,3510.0,0.7452229299363057,100.00000000000001,100.0,551.0,1.036,128.5573767721167,128.5573767721167
fg:17350,2020,2,4048.0,0.7713414634146342,100.0,100.0,394.2,1.03,122.73186539421533,122.73186539421533
fg:17350,2021,3,6418.0,0.8424783407718561,100.00000000000001,100.0,556.8,1.024,127.10663807723503,127.10663807723503
fg:17350,2022,3,6470.0,0.8435462842242504,100.00000000000001,100.0,573.4,1.018,130.3771550074761,130.3771550074761
fg:17350,2023,3,7728.0,0.8655913978494624,100.0,100.0,589.4,1.012,129.24155600179168,129.24155600179168
fg:17350,2024,3,7471.0,0.8616076577096068,100.00000000000001,100.0,566.1,1.006,129.45359875466406,129.45359875466406
fg:17350,2025,3,8017.0,0.8698057936421829,100.0,100.0,624.6,1.0,128.78332958715689,128.78332958715689
fg:17355,2021,1,5.0,0.004149377593360996,99.99999999999999,100.0,200.5,0.9970089730807579,98.87350396941955,98.87350396941955
fg:17423,2020,1,5.0,0.004149377593360996,100.0,100.0,200.5,1.006,99.76514522821577,99.76514522821577
fg:17423,2021,2,1314.0,0.522673031026253,100.0,100.0,331.1,1.0,99.65928584601782,99.65928584601782
fg:17423,2022,3,1466.0,0.5498874718679669,100.00000000000001,100.0,267.7,0.9970089730807579,98.73729674033636,98.73729674033636
fg:17425,2019,1,100.0,0.07692307692307693,100.0,100.0,210.0,1.012,90.33174691407183,90.33174691407183
fg:17425,2021,2,275.0,0.1864406779661017,100.0,100.0,221.5,1.0,65.51879669450553,65.51879669450553
fg:17432,2019,1,120.0,0.09090909090909091,100.0,100.0,212.0,1.012,92.79562816781308,92.79562816781308
fg:17432,2021,2,152.0,0.11242603550295859,99.99999999999999,100.0,208.0,1.0,86.98016746890976,86.98016746890976
fg:1744,2019,1,2745.0,0.6958174904942965,100.00000000000001,100.0,474.5,0.9765625,95.60910671480053,95.60910671480053
fg:1744,2020,2,3351.0,0.7363216875411998,100.0,100.0,370.4,0.9737098344693282,97.20111080579694,97.20111080579694
fg:1744,2021,3,5201.0,0.8125292922980785,100.0,100.0,486.1,0.970873786407767,93.91308086088397,93.91308086088397
fg:1744,2022,3,4962.0,0.8052580331061344,100.00000000000001,100.0,469.1,0.9680542110358181,87.34781269838636,87.34781269838636
fg:1744,2023,3,5160.0,0.8113207547169812,99.99999999999999,100.0,428.3,0.9652509652509652,85.53530964560862,85.53530964560862
fg:17452,2021,1,245.0,0.1695501730103806,100.00000000000001,100.0,224.5,1.018,111.83330531805046,111.83330531805046
fg:17452,2022,2,1821.0,0.602780536246276,100.0,100.0,367.4,1.012,91.36585490348342,91.36585490348342
fg:17452,2023,3,3267.0,0.7313633310946944,100.0,100.0,414.5,1.006,97.4974131818637,97.4974131818637
fg:17452,2024,3,4671.0,0.7956055186509964,100.00000000000001,100.0,460.4,1.0,88.96197888657564,88.96197888657564
fg:17452,2025,3,3064.0,0.7185741088180112,100.0,100.0,262.8,0.9970089730807579,87.39142868961022,87.39142868961022
fg:17468,2019,1,395.0,0.2476489028213166,100.00000000000001,100.0,239.5,1.024,95.21134641212589,95.21134641212589
fg:17468,2020,2,376.0,0.23857868020304568,100.0,100.0,213.9,1.018,94.05953906418854,94.05953906418854
fg:17468,2021,3,1760.0,0.5945945945945946,100.0,100.0,348.7,1.012,80.9989174598803,80.9989174598803
fg:17468,2022,3,1381.0,0.5350639287098023,100.0,100.0,246.0,1.006,79.90979481557537,79.90979481557537
fg:17470,2019,1,10.0,0.008264462809917356,100.0,100.0,201.0,1.018,100.11735537190081,100.11735537190081
fg:17473,2022,1,45.0,0.03614457831325301,100.0,100.0,204.5,1.012,99.47324295759861,99.47324295759861
fg:17478,2021,1,100.0,0.07692307692307693,100.0,100.0,210.0,1.018,94.31771842550306,94.31771842550306
fg:17479,2019,1,330.0,0.21568627450980393,100.00000000000001,100.0,233.0,1.03,84.74759219124161,84.74759219124161
fg:17479,2021,2,328.0,0.21465968586387435,100.0,100.0,213.0,1.018,88.5779792348244,88.5779792348244
fg:17484,2019,1,2520.0,0.6774193548387096,100.0,100.0,452.0,1.036,114.00381132650385,114.00381132650385
fg:17484,2020,2,3146.0,0.7238840312931432,100.0,100.0,363.4,1.03,120.20430915523626,120.20430915523626
fg:17484,2021,3,3571.0,0.7484804024313562,99.99999999999999,100.0,338.1,1.024,114.500282588359,114.500282588359
fg:17484,2022,3,3237.0,0.7295469912102772,100.0,100.0,386.6,1.018,123.92481359324266,123.92481359324266
fg:17484,2023,3,4446.0,0.7874601487778958,100.00000000000001,100.0,477.2,1.012,113.88550829462399,113.88550829462399
fg:17484,2024,3,4682.0,0.795987759265556,100.00000000000001,100.0,423.4,1.006,103.35236994460962,103.35236994460962
fg:17490,2019,1,20.0,0.01639344262295082,100.0,100.0,202.0,1.036,100.20327868852459,100.20327868852459
fg:17496,2019,1,5.0,0.004149377593360996,99.99999999999999,100.0,200.5,1.018,100.9551867219917,100.9551867219917
fg:17548,2019,1,240.0,0.16666666666666666,100.0,100.0,224.0,1.018,96.28951730746802,96.28951730746802
fg:17548,2020,2,702.0,0.36908517350157727,100.0,100.0,255.8,1.012,96.80096576445253,96.80096576445253
fg:17548,2021,3,1737.0,0.5914198161389173,100.0,100.0,328.7,1.006,102.42743706409327,102.42743706409327
fg:17548,2022,3,4074.0,0.7724687144482366,100.00000000000001,100.0,505.7,1.0,121.01901480428957,121.01901480428957
fg:17548,2023,3,5012.0,0.8068254990341275,100.00000000000001,100.0,460.9,0.9970089730807579,116.58770548682665,116.58770548682665
fg:17548,2024,3,6643.0,0.846997322453143,100.0,100.0,572.4,0.9940357852882704,113.74615755463016,113.74615755463016
fg:17548,2025,3,7194.0,0.8570407433881344,100.00000000000001,100.0,597.8,0.9910802775024778,110.44118359749102,110.44118359749102
fg:17578,2021,1,215.0,0.1519434628975265,100.00000000000001,100.0,221.5,1.006,81.22129205113005,81.22129205113005
fg:17585,2019,1,130.0,0.09774436090225563,99.99999999999999,100.0,213.0,1.03,86.55306393517752,86.55306393517752
fg:17585,2021,2,88.0,0.06832298136645963,100.0,100.0,201.0,1.018,92.36904400519,92.36904400519
fg:17594,2019,1,55.0,0.043824701195219126,100.0,100.0,205.5,1.03,93.97211155378487,93.97211155378487
fg:17594,2021,2,193.0,0.13854989231873654,100.00000000000001,100.0,216.0,1.018,82.55963064958964,82.55963064958964
fg:17610,2019,1,5.0,0.004149377593360996,99.99999999999999,100.0,200.5,1.012,100.36016597510373,100.36016597510373
fg:17611,2019,1,125.0,0.09433962264150944,100.0,100.0,212.5,1.012,97.03050473023085,97.03050473023085
fg:17611,2021,2,90.0,0.06976744186046512,100.0,100.0,201.5,1.0,97.24188888122434,97.24188888122434
fg:17620,2019,1,640.0,0.34782608695652173,100.0,100.0,264.0,1.024,103.41878818144866,103.41878818144866
fg:17620,2020,2,942.0,0.43977591036414565,100.0,100.0,255.8,1.018,89.51919045519735,89.51919045519735
fg:17620,2021,3,3918.0,0.7655334114888629,100.00000000000001,100.0,527.6,1.012,95.71163226371466,95.71163226371466
fg:17620,2022,3,5790.0,0.8283261802575107,100.0,100.0,561.8,1.006,82.58159179913585,82.58159179913585
fg:17620,2023,3,6888.0,0.8516320474777448,100.0,100.0,518.6,1.0,79.09587387787515,79.09587387787515
fg:17620,2024,3,3880.0,0.7637795275590551,99.99999999999999,100.0,253.8,0.9970089730807579,74.39109074756735,74.39109074756735
fg:17620,2025,3,3065.0,0.7186400937866354,99.99999999999999,100.0,349.9,0.9940357852882704,84.586786588267,84.586786588267
fg:17642,2019,1,695.0,0.36675461741424803,100.0,100.0,269.5,1.006,83.51645596671328,83.51645596671328
fg:17642,2020,2,901.0,0.4288434079009995,100.0,100.0,248.4,1.0,71.71307654626413,71.71307654626413
fg:17642,2021,3,723.0,0.37597503900156004,100.0,100.0,209.9,0.9970089730807579,75.49550109925318,75.49550109925318
fg:17642,2022,3,251.0,0.1729841488628532,100.0,100.0,202.6,0.9940357852882704,84.38753625872374,84.38753625872374
fg:17678,2019,1,3450.0,0.7419354838709677,100.00000000000001,100.0,545.0,1.018,152.6269155879555,152.6269155879555
fg:17678,2020,2,3660.0,0.7530864197530864,100.0,100.0,359.0,1.012,143.53431656625392,143.53431656625392
fg:17678,2021,3,4790.0,0.7996661101836394,99.99999999999999,100.0,418.0,1.006,131.0632477222874,131.0632477222874
fg:17678,2022,3,5420.0,0.8187311178247734,100.0,100.0,568.0,1.0,123.21155669918778,123.21155669918778
fg:17678,2023,3,7444.0,0.8611753817677001,100.00000000000001,100.0,627.6,0.9970089730807579,123.19024117208188,123.19024117208188
fg:17678,2024,3,8034.0,0.8700454840805718,100.00000000000001,100.0,589.4,0.9940357852882704,120.84435509146262,120.84435509146262
fg:17678,2025,3,7183.0,0.8568531551950376,100.0,100.0,510.9,0.9910802775024778,118.07348898365805,118.07348898365805
fg:17684,2020,1,355.0,0.2282958199356913,100.0,100.0,235.5,1.012,91.85095573877895,91.85095573877895
fg:17684,2021,2,469.0,0.2810065907729179,100.0,100.0,225.6,1.006,82.39825352271937,82.39825352271937
fg:17684,2022,3,1626.0,0.5753715498938429,100.0,100.0,330.2,1.0,80.69112186903735,80.69112186903735
fg:17684,2025,1,60.0,0.047619047619047616,100.0,100.0,206.0,0.9910802775024778,96.40100051954641,96.40100051954641
fg:17689,2019,1,250.0,0.1724137931034483,100.0,100.0,225.0,1.018,88.7243692832975,88.7243692832975
fg:17696,2019,1,2655.0,0.688715953307393,100.00000000000001,100.0,465.5,1.018,108.34043355827653,108.34043355827653
fg:17696,2020,2,2984.0,0.7131931166347992,100.0,100.0,339.1,1.012,96.1739522610107,96.1739522610107
fg:17696,2021,3,5051.0,0.8080307150855863,100.0,100.0,494.2,1.006,76.19134889693095,76.19134889693095
fg:17696,2022,3,4277.0,0.7809019536242469,100.00000000000001,100.0,409.9,1.0,73.58502090540563,73.58502090540563
fg:17696,2023,3,4163.0,0.7762446391944807,99.99999999999997,100.0,357.4,0.9970089730807579,77.76543293268202,77.76543293268202
fg:17696,2024,3,3494.0,0.7443544951001279,100.0,100.0,380.8,0.9940357852882704,89.63106296132491,89.63106296132491
fg:17696,2025,3,2583.0,0.682791435368755,100.0,100.0,289.1,0.9910802775024778,80.32415425208085,80.32415425208085
fg:17710,2019,1,1340.0,0.5275590551181102,100.0,100.0,334.0,1.012,101.61035055078173,101.61035055078173
fg:17710,2020,2,1342.0,0.5279307631785995,100.00000000000001,100.0,253.8,1.006,98.16831172952212,98.16831172952212
fg:17710,2021,3,2190.0,0.6460176991150443,100.0,100.0,322.4,1.0,103.323393544055,103.323393544055
fg:17710,2022,3,1333.0,0.526253454401895,100.0,100.0,246.9,0.9970089730807579,93.84933478353534,93.84933478353534
fg:17710,2023,3,1250.0,0.5102040816326531,100.0,100.0,240.7,0.9940357852882704,93.66934762942867,93.66934762942867
fg:17714,2019,1,2080.0,0.6341463414634146,100.0,100.0,408.0,1.018,89.02099015694951,89.02099015694951
fg:17714,2020,2,2159.0,0.6427508186960404,100.0,100.0,291.1,1.012,82.57542312410705,82.57542312410705
fg:17719,2019,1,1405.0,0.5393474088291746,100.0,100.0,340.5,1.018,81.5128956668482,81.5128956668482
fg:17719,2020,2,1304.0,0.5207667731629393,100.00000000000001,100.0,246.1,1.012,79.01532639616657,79.01532639616657
fg:17719,2021,3,2472.0,0.673202614379085,100.0,100.0,352.1,1.006,92.11713950387077,92.11713950387077
fg:17719,2022,3,1696.0,0.585635359116022,100.0,100.0,269.7,1.0,90.24223807964657,90.24223807964657
fg:17723,2019,1,55.0,0.043824701195219126,100.0,100.0,205.5,1.018,97.46957334782294,97.46957334782294
fg:17723,2021,2,333.0,0.2172211350293542,100.0,100.0,230.0,1.006,72.46411745218546,72.46411745218546
fg:17723,2022,2,820.0,0.40594059405940597,100.0,100.0,264.0,1.0,76.02522346190547,76.02522346190547
fg:17732,2021,1,55.0,0.043824701195219126,100.0,100.0,205.5,1.012,92.32988047808765,92.32988047808765
fg:17734,2021,1,15.0,0.012345679012345678,99.99999999999999,100.0,201.5,1.012,98.70123456790122,98.70123456790122
fg:17734,2022,2,17.0,0.013968775677896467,100.0,100.0,200.8,1.006,99.69028029794691,99.69028029794691
fg:17735,2021,1,10.0,0.008264462809917356,100.0,100.0,201.0,1.012,99.52727272727272,99.52727272727272
fg:17735,2025,1,5.0,0.004149377593360996,99.99999999999999,100.0,200.5,0.9940357852882704,98.5786525659322,98.5786525659322
fg:17736,2019,1,1545.0,0.5628415300546448,100.0,100.0,354.5,1.024,73.69650641586433,73.69650641586433
fg:17736,2021,2,1452.0,0.5475113122171946,100.0,100.0,252.5,1.012,73.66591152250616,73.66591152250616
fg:17736,2022,2,585.0,0.3277310924369748,100.0,100.0,227.0,1.006,84.58602829860706,84.58602829860706
fg:17737,2022,1,25.0,0.02040816326530612,100.0,100.0,202.5,1.006,96.49387755102042,96.49387755102042
fg:17737,2023,2,135.0,0.10112359550561797,100.0,100.0,212.0,1.0,89.2319879579396,89.2319879579396
fg:17738,2019,1,100.0,0.07692307692307693,100.0,100.0,210.0,1.018,91.0633478294882,91.0633478294882
fg:17750,2020,1,85.0,0.06614785992217899,100.0,100.0,208.5,1.018,97.53177348109051,97.53177348109051
fg:17750,2021,2,738.0,0.38080495356037153,100.0,100.0,268.7,1.012,98.93962096978034,98.93962096978034
fg:17750,2022,3,722.0,0.3756503642039542,100.0,100.0,226.9,1.006,90.96527906042945,90.96527906042945
fg:17755,2021,1,5.0,0.004149377593360996,99.99999999999999,100.0,200.5,1.006,99.76514522821576,99.76514522821576
fg:17766,2019,1,710.0,0.3717277486910995,100.0,100.0,271.0,1.018,95.07855393956879,95.07855393956879
fg:17766,2020,2,1128.0,0.4845360824742268,100.00000000000001,100.0,270.2,1.012,102.29887753846285,102.29887753846285
fg:17766,2021,3,2464.0,0.6724890829694323,100.0,100.0,370.2,1.006,98.50806200968864,98.50806200968864
fg:17766,2022,3,1623.0,0.5749202975557917,100.0,100.0,233.3,1.0,98.74363489283702,98.74363489283702
fg:17766,2023,3,1891.0,0.6117761242316403,100.0,100.0,292.8,0.9970089730807579,105.48538792721179,105.48538792721179
fg:17766,2024,3,1719.0,0.5889003083247688,100.0,100.0,315.5,0.9940357852882704,101.96717704920432,101.96717704920432
fg:17780,2022,1,5.0,0.004149377593360996,99.99999999999999,100.0,200.5,1.006,99.76514522821576,99.76514522821576
fg:17783,2021,1,5.0,0.004149377593360996,99.99999999999999,100.0,200.5,1.012,102.2489540659861,102.2489540659861
fg:17806,2019,1,300.0,0.2,100.0,100.0,230.0,1.018,75.3265769310752,75.3265769310752
fg:17806,2020,2,410.0,0.2546583850931677,100.0,100.0,223.0,1.012,74.97268201761743,74.97268201761743
fg:17806,2021,3,341.0,0.22128487994808566,100.0,100.0,205.9,1.006,78.83326580897281,78.83326580897281
fg:17807,2019,1,20.0,0.01639344262295082,100.0,100.0,202.0,1.018,100.07787366959754,100.07787366959754
fg:17807,2022,1,15.0,0.012345679012345678,99.99999999999999,100.0,201.5,1.0,97.53086419753085,97.53086419753085
fg:17837,2021,1,10.0,0.008264462809917356,100.0,100.0,201.0,1.018,103.43264054609455,103.43264054609455
fg:17837,2024,1,75.0,0.058823529411764705,99.99999999999997,100.0,207.5,1.0,98.2892490399731,98.2892490399731
fg:17838,2019,1,1685.0,0.584055459272097,100.0,100.0,368.5,1.024,108.53709371714538,108.53709371714538
fg:17838,2020,2,1888.0,0.6113989637305699,100.0,100.0,287.7,1.018,94.15962018838249,94.15962018838249
fg:17838,2021,3,2863.0,0.7046517351710558,100.0,100.0,352.8,1.012,92.78905547481797,92.78905547481797
fg:17838,2022,3,1770.0,0.5959595959595959,100.0,100.0,259.4,1.006,84.80803371707495,84.80803371707495
fg:17838,2023,3,1845.0,0.6059113300492611,100.0,100.0,280.7,1.0,92.51293472867643,92.51293472867643
fg:17838,2024,3,2052.0,0.6309963099630996,100.0,100.0,341.9,0.9970089730807579,95.25355433961526,95.25355433961526
fg:17839,2020,1,90.0,0.06976744186046512,100.0,100.0,209.0,1.03,99.88967437227477,99.88967437227477
fg:17859,2019,1,25.0,0.02040816326530612,100.0,100.0,202.5,1.024,98.22040816326532,98.22040816326532
fg:17859,2021,2,180.0,0.13043478260869565,100.00000000000001,100.0,216.5,1.012,80.72889038564416,80.72889038564416
fg:17874,2021,1,5.0,0.004149377593360996,99.99999999999999,100.0,200.5,1.012,100.36016597510373,100.36016597510373
fg:17878,2019,1,10.0,0.008264462809917356,100.0,100.0,201.0,1.03,103.62689802858446,103.62689802858446
fg:17878,2021,2,16.0,0.013157894736842105,100.0,100.0,201.0,1.018,100.49558018666154,100.49558018666154
fg:17893,2021,1,90.0,0.06976744186046512,100.0,100.0,209.0,1.024,108.8195243776838,108.8195243776838
fg:17893,2022,2,992.0,0.45255474452554745,100.0,100.0,293.8,1.018,91.25771803572982,91.25771803572982
fg:17893,2023,3,1345.0,0.5284872298624754,100.00000000000003,100.0,273.9,1.012,88.60142518032848,88.60142518032848
fg:17893,2024,3,2386.0,0.6653653095370887,100.0,100.0,350.1,1.006,85.75989844864965,85.75989844864965
fg:17897,2021,1,15.0,0.012345679012345678,99.99999999999999,100.0,201.5,1.006,103.04332969223957,103.04332969223957
fg:17901,2019,1,3075.0,0.7192982456140351,100.00000000000001,100.0,507.5,1.024,102.63278679674941,102.63278679674941
fg:17901,2020,2,2720.0,0.6938775510204082,100.0,100.0,287.5,1.018,98.11180097430903,98.11180097430903
fg:17901,2021,3,4743.0,0.7980817768803634,100.0,100.0,474.2,1.012,101.15070158774863,101.15070158774863
fg:17901,2022,3,4913.0,0.8036970390970064,100.00000000000001,100.0,514.3,1.006,109.45082530607239,109.45082530607239
fg:17901,2023,3,6803.0,0.8500562289141572,100.0,100.0,562.6,1.0,101.53904459193082,101.53904459193082
fg:17901,2024,3,6657.0,0.8472699503627339,100.0,100.0,523.1,0.9970089730807579,97.77435909982924,97.77435909982924
fg:17901,2025,3,6301.0,0.8400213304892681,100.0,100.0,487.2,0.9940357852882704,95.36643820204797,95.36643820204797
fg:17907,2019,1,405.0,0.2523364485981308,100.00000000000001,100.0,240.5,1.036,84.34282441569798,84.34282441569798
fg:17907,2020,2,429.0,0.26335174953959484,100.0,100.0,218.6,1.03,77.25571315529729,77.25571315529729
fg:17907,2021,3,2402.0,0.6668517490283176,100.0,100.0,409.6,1.024,92.33948856190901,92.33948856190901
fg:17907,2022,3,4628.0,0.7940974605353466,100.00000000000001,100.0,532.0,1.018,96.20463834143419,96.20463834143419
fg:17907,2023,3,4529.0,0.7905393611450515,99.99999999999999,100.0,354.1,1.012,94.27741205565859,94.27741205565859
fg:17907,2024,3,5206.0,0.8126756166094287,100.0,100.0,488.7,1.006,90.62330655913053,90.62330655913053
fg:17907,2025,3,3372.0,0.7375328083989501,100.0,100.0,317.9,1.0,84.7128094644303,84.7128094644303
fg:17910,2022,1,30.0,0.024390243902439025,100.0,100.0,203.0,1.018,101.15596038539937,101.15596038539937
fg:17919,2019,1,780.0,0.3939393939393939,100.0,100.0,278.0,1.024,112.86772475796941,112.86772475796941
fg:17919,2020,2,1779.0,0.5971802618328298,100.0,100.0,331.1,1.018,119.83604830984626,119.83604830984626
fg:17919,2021,3,4067.0,0.7721663185874311,100.00000000000001,100.0,490.6,1.012,111.81641179976924,111.81641179976924
fg:17919,2022,3,6038.0,0.8342083448466427,100.0,100.0,574.0,1.006,114.84167796091852,114.84167796091852
fg:17919,2023,3,7624.0,0.8640072529465095,100.0,100.0,609.6,1.0,114.47439815189925,114.47439815189925
fg:17919,2024,3,7972.0,0.869167030091583,100.00000000000001,100.0,597.6,0.9970089730807579,117.1734613031211,117.1734613031211
fg:17919,2025,3,8016.0,0.8697916666666666,100.00000000000001,100.0,597.2,0.9940357852882704,115.0421982228379,115.0421982228379
fg:17920,2021,1,35.0,0.02834008097165992,100.00000000000001,100.0,203.5,1.006,94.89797570850205,94.89797570850205
fg:17922,2019,1,1005.0,0.4557823129251701,100.0,100.0,300.5,1.03,80.88124243307088,80.88124243307088
fg:17922,2020,2,914.0,0.4323557237464522,100.0,100.0,231.1,1.024,78.50955122138117,78.50955122138117
fg:17922,2021,3,2076.0,0.6336996336996337,100.0,100.0,340.7,1.018,70.7242328501029,70.7242328501029
fg:17922,2023,2,961.0,0.4447015270708006,100.0,100.0,213.0,1.006,73.99921536278133,73.99921536278133
fg:17929,2019,1,370.0,0.2356687898089172,100.00000000000001,100.0,237.0,1.024,75.29825168433008,75.29825168433008
fg:17929,2020,2,1061.0,0.46926138876603274,100.0,100.0,283.9,1.018,85.1031782293862,85.1031782293862
fg:17929,2021,3,4209.0,0.7781475318912923,100.00000000000003,100.0,552.8,1.012,118.43580624091769,118.43580624091769
fg:17929,2022,3,6519.0,0.8445394481150408,100.00000000000001,100.0,603.5,1.006,115.8182126338468,115.8182126338468
fg:17929,2023,3,6988.0,0.8534440644846116,100.0,100.0,494.7,1.0,110.42003545274684,110.42003545274684
fg:17929,2024,3,6331.0,0.8406586110742266,100.0,100.0,495.0,0.9970089730807579,102.21408826737097,102.21408826737097
fg:17929,2025,3,5851.0,0.8298113742731528,100.0,100.0,498.9,0.9940357852882704,97.9608746006621,97.9608746006621
fg:17932,2019,1,185.0,0.13357400722021662,100.0,100.0,218.5,1.018,109.64622527002794,109.64622527002794
fg:17932,2020,2,383.0,0.2419456727732154,100.0,100.0,227.2,1.012,122.70939129992821,122.70939129992821
fg:17932,2021,3,1364.0,0.53198127925117,100.0,100.0,311.2,1.006,98.47046264319746,98.47046264319746
fg:17932,2023,2,839.0,0.41147621383030897,100.0,100.0,220.0,0.9970089730807579,83.51064068029348,83.51064068029348
fg:17948,2019,1,15.0,0.012345679012345678,100.0,100.0,201.5,1.018,103.9999811567387,103.9999811567387
fg:17954,2019,1,435.0,0.26605504587155965,100.00000000000001,100.0,243.5,1.018,112.50056621383838,112.50056621383838
fg:17954,2020,2,918.0,0.43342776203966005,100.0,100.0,265.7,1.012,100.08966448894905,100.08966448894905
fg:17954,2021,3,1907.0,0.6137753459929192,100.0,100.0,330.4,1.006,93.25022767412942,93.25022767412942
fg:17954,2022,3,2294.0,0.656554092730395,100.0,100.0,323.8,1.0,77.08394330514399,77.08394330514399
fg:17954,2023,3,1904.0,0.6134020618556701,100.0,100.0,259.0,0.9970089730807579,81.12033536511461,81.12033536511461
fg:17954,2024,3,1702.0,0.5864920744314266,100.0,100.0,286.8,0.9940357852882704,89.25852263031132,89.25852263031132
fg:17954,2025,3,1171.0,0.4938844369464361,100.0,100.0,246.3,0.9910802775024778,99.49477966203605,99.49477966203605
fg:17964,2021,1,55.0,0.043824701195219126,100.0,100.0,205.5,1.006,91.78247011952192,91.78247011952192
fg:17969,2019,1,170.0,0.12408759124087591,100.0,100.0,217.0,1.036,101.30805380609459,101.30805380609459
fg:17969,2021,2,112.0,0.08536585365853659,100.0,100.0,201.0,1.024,99.41969694216763,99.41969694216763
fg:17975,2019,1,2500.0,0.6756756756756757,100.0,100.0,450.0,1.018,101.94348373975507,101.94348373975507
fg:17975,2020,2,2620.0,0.6858638743455497,100.0,100.0,312.0,1.012,90.87308621848801,90.87308621848801
fg:17975,2021,3,2091.0,0.6353691886964449,100.0,100.0,221.9,1.006,85.84850565745087,85.84850565745087
fg:17975,2025,1,145.0,0.10780669144981413,100.0,100.0,214.5,0.9910802775024778,89.36765219100675,89.36765219100675
fg:17982,2019,1,1005.0,0.4557823129251701,100.0,100.0,300.5,1.024,94.86867098626855,94.86867098626855
fg:17982,2020,2,1579.0,0.5681899964015833,100.0,100.0,297.6,1.018,106.51646393573571,106.51646393573571
fg:17982,2021,3,4473.0,0.7884717080909571,100.00000000000003,100.0,540.5,1.012,120.06346831554004,120.06346831554004
fg:17982,2022,3,6130.0,0.8362892223738063,100.0,100.0,571.5,1.006,124.50260738410151,124.50260738410151
fg:17982,2023,3,7727.0,0.8655763414360927,100.0,100.0,593.8,1.0,115.95221061553089,115.95221061553089
fg:17982,2024,3,7174.0,0.8566993073799857,100.00000000000001,100.0,534.0,0.9970089730807579,105.3777509866859,105.3777509866859
fg:17982,2025,3,6585.0,0.8458574181117534,100.0,100.0,498.5,0.9940357852882704,96.59872433355251,96.59872433355251
fg:17988,2020,1,100.0,0.07692307692307693,100.0,100.0,210.0,1.03,108.46812359122761,108.46812359122761
fg:17988,2021,2,2090.0,0.6352583586626139,100.0,100.0,403.0,1.024,110.97289507944535,110.97289507944535
fg:17988,2022,3,2583.0,0.682791435368755,100.0,100.0,331.7,1.018,116.03906293919586,116.03906293919586
fg:17988,2023,3,4523.0,0.7903197623623973,99.99999999999999,100.0,476.8,1.012,101.0758738577344,101.0758738577344
fg:17988,2024,3,5192.0,0.8122653316645807,100.00000000000001,100.0,509.2,1.006,103.92632316458234,103.92632316458234
fg:17988,2025,3,5321.0,0.815979144303021,99.99999999999999,100.0,422.5,1.0,100.39465655229151,100.39465655229151
fg:17992,2019,1,3265.0,0.7312430011198209,100.00000000000001,100.0,526.5,1.018,99.01226147527365,99.01226147527365
fg:17992,2020,2,3762.0,0.7581620314389359,100.0,100.0,380.3,1.012,104.05419904197807,104.05419904197807
fg:17992,2021,3,6204.0,0.8379254457050244,100.00000000000001,100.0,555.5,1.006,88.25595790550979,88.25595790550979
fg:17992,2022,3,4490.0,0.789103690685413,100.00000000000001,100.0,380.5,1.0,83.05564918262431,83.05564918262431
fg:17992,2023,3,3392.0,0.7386759581881533,100.0,100.0,271.3,0.9970089730807579,78.30142928267767,78.30142928267767
fg:17992,2024,3,1117.0,0.4820889080707812,100.0,100.0,214.2,0.9940357852882704,85.65360147029683,85.65360147029683
fg:17995,2019,1,55.0,0.043824701195219126,100.0,100.0,205.5,1.036,98.6683270735445,98.6683270735445
fg:17995,2021,2,298.0,0.19893190921228304,100.0,100.0,226.5,1.024,85.30052493886375,85.30052493886375
fg:18000,2021,1,10.0,0.008264462809917356,100.0,100.0,201.0,1.03,103.72775715744676,103.72775715744676
fg:18015,2019,1,3320.0,0.7345132743362832,100.00000000000001,100.0,532.0,1.018,102.37687599525297,102.37687599525297
fg:18015,2020,2,3526.0,0.7460854845535336,100.0,100.0,353.4,1.012,99.19451392607758,99.19451392607758
fg:18015,2021,3,4698.0,0.7965412004069176,99.99999999999997,100.0,418.4,1.006,93.79922078860308,93.79922078860308
fg:18015,2022,3,3315.0,0.7342192691029901,100.0,100.0,358.7,1.0,80.50260060482294,80.50260060482294
fg:18015,2023,3,4154.0,0.7758685095255884,99.99999999999999,100.0,423.7,0.9970089730807579,75.02533606206785,75.02533606206785
fg:18015,2024,3,4721.0,0.7973315318358385,100.00000000000001,100.0,481.0,0.9940357852882704,82.85600689900666,82.85600689900666
fg:18015,2025,3,4168.0,0.7764530551415797,99.99999999999999,100.0,352.2,0.9910802775024778,85.33631460846706,85.33631460846706
fg:18027,2021,1,750.0,0.38461538461538464,100.0,100.0,275.0,1.018,90.48358730233068,90.48358730233068
fg:18027,2022,2,900.0,0.42857142857142855,100.0,100.0,245.0,1.012,89.53895691786109,89.53895691786109
fg:18029,2019,1,5.0,0.004149377593360996,99.99999999999999,100.0,200.5,1.012,100.36016597510373,100.36016597510373
fg:18029,2021,2,13.0,0.010717230008244023,100.0,100.0,201.0,1.0,97.85655399835119,97.85655399835119
fg:18030,2019,1,2030.0,0.628482972136223,100.0,100.0,403.0,1.018,90.40757290116288,90.40757290116288
fg:18030,2020,2,2249.0,0.6520730646564221,100.0,100.0,303.1,1.012,95.23848577042989,95.23848577042989
fg:18030,2021,3,3723.0,0.7562461913467398,100.0,100.0,413.0,1.006,100.9059293247616,100.9059293247616
fg:18030,2022,3,3544.0,0.7470489038785835,100.0,100.0,396.6,1.0,98.66507146801058,98.66507146801058
fg:18030,2023,3,4175.0,0.7767441860465116,99.99999999999999,100.0,403.3,0.9970089730807579,88.04125969590362,88.04125969590362
fg:18030,2024,3,4500.0,0.7894736842105263,100.00000000000001,100.0,452.9,0.9940357852882704,83.60052635184302,83.60052635184302
fg:18030,2025,3,5285.0,0.8149575944487278,100.0,100.0,494.2,0.9910802775024778,98.5512652103223,98.5512652103223
fg:18032,2020,1,180.0,0.13043478260869565,100.00000000000001,100.0,218.0,1.018,97.64448914929731,97.64448914929731
fg:18032,2022,2,563.0,0.31934203062960864,100.0,100.0,245.5,1.006,107.00063987625667,107.00063987625667
fg:18032,2023,2,724.0,0.3762993762993763,100.0,100.0,245.1,1.0,100.5588385347913,100.5588385347913
fg:18036,2020,1,960.0,0.4444444444444444,100.0,100.0,296.0,1.012,113.06202044183014,113.06202044183014
fg:18036,2021,2,3983.0,0.7684738568396682,100.00000000000001,100.0,540.7,1.006,115.41038819883508,115.41038819883508
fg:18036,2022,3,6568.0,0.8455200823892894,100.0,100.0,606.3,1.0,111.50700850032757,111.50700850032757
fg:18036,2023,3,7275.0,0.8584070796460177,100.0,100.0,529.4,0.9970089730807579,103.59177366528858,103.59177366528858
fg:18036,2024,3,7420.0,0.8607888631090487,100.0,100.0,580.2,0.9940357852882704,101.10706823688709,101.10706823688709
fg:18036,2025,3,6765.0,0.8493408662900188,100.0,100.0,523.1,0.9910802775024778,104.55149238930076,104.55149238930076
fg:18042,2019,1,1410.0,0.5402298850574713,100.0,100.0,341.0,1.012,94.81896986986189,94.81896986986189
fg:18042,2020,2,1923.0,0.6157540826128722,100.0,100.0,307.7,1.006,106.48070822960157,106.48070822960157
fg:18042,2021,3,3367.0,0.7372454565360193,100.0,100.0,404.4,1.0,92.51668308518691,92.51668308518691
fg:18042,2022,3,3260.0,0.7309417040358744,100.0,100.0,365.2,0.9970089730807579,102.90489238060023,102.90489238060023
fg:18042,2023,3,2976.0,0.7126436781609196,100.0,100.0,308.0,0.9940357852882704,100.44622536372289,100.44622536372289
fg:18042,2024,3,3630.0,0.7515527950310559,100.0,100.0,437.0,0.9910802775024778,107.01631397863308,107.01631397863308
fg:18042,2025,3,3474.0,0.7432605905006419,100.0,100.0,365.6,0.9881422924901185,97.36356062478865,97.36356062478865
fg:18054,2019,1,20.0,0.01639344262295082,100.0,100.0,202.0,1.018,98.46229508196721,98.46229508196721
fg:18054,2020,2,286.0,0.19246298788694483,100.0,100.0,227.4,1.012,99.12530776573092,99.12530776573092
fg:18054,2021,3,698.0,0.3677555321390938,100.0,100.0,252.4,1.006,87.55508605321715,87.55508605321715
fg:18054,2022,3,1543.0,0.5625227852716005,100.0,100.0,309.9,1.0,98.99569637885902,98.99569637885902
fg:18054,2023,3,1626.0,0.5753715498938429,100.0,100.0,274.1,0.9970089730807579,101.14156019768495,101.14156019768495
fg:18054,2024,3,1115.0,0.4816414686825054,100.0,100.0,218.8,0.9940357852882704,100.33258310859293,100.33258310859293
fg:18054,2025,3,1298.0,0.5196156925540433,100.0,100.0,292.6,0.9910802775024778,95.98253511881279,95.98253511881279
fg:18063,2019,1,265.0,0.18088737201365188,100.0,100.0,226.5,1.006,102.96110623355531,102.96110623355531
fg:18063,2020,2,327.0,0.21414538310412573,100.0,100.0,216.8,1.0,93.77514992526429,93.77514992526429
fg:18063,2021,3,786.0,0.3957703927492447,100.0,100.0,255.8,0.9970089730807579,95.83214614572324,95.83214614572324
fg:18063,2022,3,1307.0,0.5213402473075389,99.99999999999999,100.0,291.7,0.9940357852882704,97.50481429128568,97.50481429128568
fg:18063,2023,3,1119.0,0.48253557567917205,100.0,100.0,231.2,0.9910802775024778,98.34767514523519,98.34767514523519
fg:18064,2019,1,20.0,0.01639344262295082,100.0,100.0,202.0,1.012,100.07420888283181,100.07420888283181
fg:18064,2021,2,17.0,0.013968775677896467,100.00000000000001,100.0,200.5,1.0,98.50919687028694,98.50919687028694
fg:18067,2019,1,195.0,0.13978494623655913,100.0,100.0,219.5,1.012,94.9475856215712,94.9475856215712
fg:18067,2020,2,206.0,0.1465149359886202,100.0,100.0,208.9,1.006,90.32157276782925,90.32157276782925
fg:18067,2021,3,347.0,0.22430510665804784,100.0,100.0,220.0,1.0,83.68613022260861,83.68613022260861
fg:18067,2022,3,787.0,0.39607448414695523,100.0,100.0,264.3,0.9970089730807579,100.64611282378827,100.64611282378827
fg:18067,2023,3,1223.0,0.5047461824184895,100.0,100.0,274.6,0.9940357852882704,89.5975459751281,89.5975459751281
fg:18067,2024,3,1798.0,0.5997331554369579,100.0,100.0,306.0,0.9910802775024778,82.82470146361396,82.82470146361396
fg:18067,2025,3,1128.0,0.4845360824742268,100.0,100.0,219.2,0.9881422924901185,78.57203479855957,78.57203479855957
fg:18083,2019,1,355.0,0.2282958199356913,100.00000000000001,100.0,235.5,1.018,87.93319357751064,87.93319357751064
fg:18083,2020,2,444.0,0.27007299270072993,100.0,100.0,223.1,1.012,85.59265314404156,85.59265314404156
fg:18083,2021,3,381.0,0.2409867172675522,100.0,100.0,207.2,1.006,89.11544127873113,89.11544127873113
fg:18083,2022,3,208.0,0.14772727272727273,100.0,100.0,208.8,1.0,90.82974510215867,90.82974510215867
fg:18123,2023,1,155.0,0.11439114391143912,100.0,100.0,215.5,1.0,96.09863650035247,96.09863650035247
fg:18123,2024,2,579.0,0.3254637436762226,100.0,100.0,248.6,0.9970089730807579,105.3791562220946,105.3791562220946
fg:18123,2025,3,2647.0,0.6880686249025214,100.0,100.0,428.1,0.9940357852882704,103.53199643360291,103.53199643360291
fg:18126,2019,1,345.0,0.22330097087378642,100.00000000000001,100.0,234.5,1.018,101.41326994089172,101.41326994089172
fg:18126,2020,2,496.0,0.29245283018867924,100.0,100.0,228.9,1.012,98.20776177967825,98.20776177967825
fg:18126,2021,3,2288.0,0.6559633027522935,100.0,100.0,394.9,1.006,109.08211399308762,109.08211399308762
fg:18126,2022,3,2911.0,0.7081002189248358,100.0,100.0,363.6,1.0,103.64861411089319,103.64861411089319
fg:18126,2023,3,4742.0,0.7980477953550993,99.99999999999999,100.0,484.6,0.9970089730807579,110.7094351239338,110.7094351239338
fg:18126,2024,3,4834.0,0.801126947298641,100.00000000000001,100.0,452.4,0.9940357852882704,111.70119066891841,111.70119066891841
fg:18126,2025,3,4371.0,0.7845988152934841,99.99999999999997,100.0,361.1,0.9910802775024778,99.85434119998443,99.85434119998443
fg:18136,2021,1,665.0,0.35656836461126007,100.0,100.0,266.5,1.006,80.98053716326329,80.98053716326329
fg:18136,2022,2,537.0,0.30915371329879104,100.0,100.0,213.8,1.0,82.67262369798986,82.67262369798986
fg:18138,2019,1,15.0,0.012345679012345678,100.0,100.0,201.5,1.024,102.14669210316949,102.14669210316949
fg:18142,2021,1,435.0,0.26605504587155965,100.0,100.0,243.5,1.006,85.55566792252789,85.55566792252789
fg:18142,2022,2,708.0,0.3710691823899371,100.0,100.0,244.7,1.0,78.96123584847743,78.96123584847743
fg:18171,2019,1,415.0,0.25696594427244585,100.00000000000001,100.0,241.5,1.012,106.44884287948307,106.44884287948307
fg:18171,2020,2,357.0,0.22928709055876687,100.0,100.0,210.8,1.006,101.69909983873282,101.69909983873282
fg:18171,2021,3,1804.0,0.6005326231691078,100.0,100.0,354.0,1.0,102.13518869475648,102.13518869475648
fg:18171,2022,3,4018.0,0.770026830203143,100.00000000000001,100.0,508.2,0.9970089730807579,107.88902935619528,107.88902935619528
fg:18171,2023,3,5031.0,0.8074145402022147,100.00000000000001,100.0,444.5,0.9940357852882704,102.53538292976721,102.53538292976721
fg:18171,2024,3,5177.0,0.8118237415712718,99.99999999999999,100.0,437.8,0.9910802775024778,98.13637813455944,98.13637813455944
fg:18171,2025,3,3114.0,0.721835883171071,100.0,100.0,278.0,0.9881422924901185,90.15422264507058,90.15422264507058
fg:18206,2019,1,320.0,0.21052631578947367,100.0,100.0,232.0,1.018,93.61966179895076,93.61966179895076
fg:18217,2023,1,430.0,0.26380368098159507,100.0,100.0,243.0,0.9970089730807579,85.17932811002419,85.17932811002419
fg:18217,2024,2,429.0,0.26335174953959484,100.0,100.0,217.1,0.9940357852882704,86.32570345964434,86.32570345964434
fg:18217,2025,3,371.0,0.23615531508593252,100.0,100.0,206.2,0.9910802775024778,87.71199161779583,87.71199161779583
fg:18282,2019,1,5.0,0.004149377593360996,99.99999999999999,100.0,200.5,1.012,100.36016597510373,100.36016597510373
fg:18282,2021,2,13.0,0.010717230008244023,100.0,100.0,201.0,1.0,97.85655399835119,97.85655399835119
fg:18288,2019,1,945.0,0.4405594405594406,100.0,100.0,294.5,1.018,88.7553136051207,88.7553136051207
fg:18288,2020,2,791.0,0.39728779507785034,100.0,100.0,222.4,1.012,91.90442622682525,91.90442622682525
fg:18288,2021,3,785.0,0.3954659949622166,100.0,100.0,219.7,1.006,93.84999160804485,93.84999160804485
fg:18288,2022,3,218.0,0.153737658674189,100.00000000000001,100.0,208.3,1.0,103.05017153329179,103.05017153329179
fg:18289,2019,1,2600.0,0.6842105263157895,100.0,100.0,460.0,1.012,111.16965360995317,111.16965360995317
fg:18289,2020,2,3225.0,0.7288135593220338,100.0,100.0,366.5,1.006,112.52692524129942,112.52692524129942
fg:18289,2021,3,3796.0,0.7598078462770216,99.99999999999999,100.0,354.9,1.0,106.7251075919056,106.7251075919056
fg:18289,2022,3,3658.0,0.7529847673939893,100.0,100.0,417.9,0.9970089730807579,95.47722990396602,95.47722990396602
fg:18289,2023,3,4129.0,0.7748170388440608,100.00000000000001,100.0,418.8,0.9940357852882704,89.83516003234084,89.83516003234084
fg:18289,2024,3,2618.0,0.6856993190151912,99.99999999999999,100.0,238.6,0.9910802775024778,88.31101476193844,88.31101476193844
fg:18297,2019,1,5.0,0.004149377593360996,99.99999999999999,100.0,200.5,1.0,99.17012448132779,99.17012448132779
fg:18300,2019,1,15.0,0.012345679012345678,100.0,100.0,201.5,1.012,98.70123456790124,98.70123456790124
fg:18311,2019,1,5.0,0.004149377593360996,99.99999999999999,100.0,200.5,1.018,100.9551867219917,100.9551867219917
fg:18311,2021,2,13.0,0.010717230008244023,100.0,100.0,201.0,1.006,98.44369332234129,98.44369332234129
fg:18313,2019,1,5.0,0.004149377593360996,99.99999999999999,100.0,200.5,1.024,101.55020746887966,101.55020746887966
fg:18314,2019,1,2725.0,0.6942675159235668,100.00000000000001,100.0,472.5,1.018,95.78380668349338,95.78380668349338
fg:18314,2020,2,3500.0,0.7446808510638298,100.0,100.0,386.5,1.012,101.55062184664847,101.55062184664847
fg:18314,2021,3,5956.0,0.8323085522638345,100.00000000000001,100.0,552.9,1.006,100.51816250383672,100.51816250383672
fg:18314,2022,3,6884.0,0.8515586343394359,100.0,100.0,613.3,1.0,108.43945804616334,108.43945804616334
fg:18314,2023,3,7933.0,0.868608343370196,100.00000000000001,100.0,588.6,0.9970089730807579,106.234243229312,106.234243229312
fg:18314,2024,3,7605.0,0.8637137989778535,100.0,100.0,560.3,0.9940357852882704,103.85759345806702,103.85759345806702
fg:18314,2025,3,7511.0,0.8622431408563884,100.0,100.0,581.8,0.9910802775024778,99.2241487614387,99.2241487614387
fg:18316,2019,1,280.0,0.1891891891891892,100.0,100.0,228.0,1.018,113.28378550346733,113.28378550346733
fg:18316,2020,2,639.0,0.3474714518760196,100.0,100.0,247.1,1.012,118.46315312771468,118.46315312771468
fg:18316,2021,3,800.0,0.4,100.0,100.0,238.3,1.006,99.55329024720493,99.55329024720493
fg:18316,2022,3,949.0,0.4416007445323406,100.0,100.0,252.0,1.0,99.41209655679229,99.41209655679229
fg:18316,2023,3,718.0,0.3743482794577685,100.0,100.0,226.2,0.9970089730807579,89.39845024332291,89.39845024332291
fg:18316,2024,3,462.0,0.2779783393501805,100.0,100.0,208.4,0.9940357852882704,94.0327364930411,94.0327364930411
fg:18318,2019,1,15.0,0.012345679012345678,100.0,100.0,201.5,1.018,101.02803835694316,101.02803835694316
fg:18323,2021,1,5.0,0.004149377593360996,99.99999999999999,100.0,200.5,1.006,99.76514522821576,99.76514522821576
fg:18323,2023,2,8.0,0.006622516556291391,100.00000000000001,100.0,200.5,0.9970089730807579,98.38035562187612,98.38035562187612
fg:18331,2021,1,20.0,0.01639344262295082,99.99999999999999,100.0,202.0,1.006,100.41772901551755,100.41772901551755
fg:18333,2019,1,125.0,0.09433962264150944,100.0,100.0,212.5,1.018,83.31022708805588,83.31022708805588
fg:18333,2021,2,95.0,0.07335907335907337,100.0,100.0,202.0,1.006,86.27560157945737,86.27560157945737
fg:18345,2019,1,360.0,0.23076923076923078,100.00000000000001,100.0,236.0,1.036,108.52152277891425,108.52152277891425
fg:18345,2020,2,1428.0,0.54337899543379,100.0,100.0,321.2,1.03,115.24598173605571,115.24598173605571
fg:18345,2021,3,3963.0,0.7675769901220221,100.00000000000001,100.0,506.3,1.024,133.02218650403995,133.02218650403995
fg:18345,2022,3,5997.0,0.8332638599416423,100.0,100.0,561.2,1.018,131.39207399685878,131.39207399685878
fg:18345,2023,3,7507.0,0.8621798552888481,100.0,100.0,597.9,1.012,134.05854019497662,134.05854019497662
fg:18345,2024,3,6218.0,0.838231329199245,100.0,100.0,436.9,1.006,140.55185186375988,140.55185186375988
fg:18345,2025,3,6363.0,0.8413328044426814,100.0,100.0,532.4,1.0,138.93140022232586,138.93140022232586
fg:18347,2021,1,5.0,0.004149377593360996,99.99999999999999,100.0,200.5,1.006,99.76514522821576,99.76514522821576
fg:18353,2020,1,295.0,0.19732441471571907,100.0,100.0,229.5,1.03,88.59200583769842,88.59200583769842
fg:18353,2021,2,811.0,0.4032819492789657,100.0,100.0,263.4,1.024,86.77761746691232,86.77761746691232
fg:18353,2022,3,987.0,0.4513031550068587,100.0,100.0,246.5,1.018,87.71856910765955,87.71856910765955
fg:18353,2024,2,1140.0,0.48717948717948717,100.0,100.0,293.0,1.006,86.73650629015131,86.73650629015131
fg:18353,2025,2,954.0,0.4428969359331476,100.0,100.0,239.6,1.0,83.40013172623321,83.40013172623321
fg:18356,2019,1,10.0,0.008264462809917356,100.0,100.0,201.0,1.036,101.88760330578512,101.88760330578512
fg:18356,2021,2,21.0,0.0171990171990172,100.0,100.0,201.5,1.024,98.87764127764127,98.87764127764127
fg:18360,2019,1,1485.0,0.553072625698324,100.0,100.0,348.5,1.036,94.9082288214513,94.9082288214513
fg:18360,2020,2,2218.0,0.6489174956114687,100.0,100.0,332.7,1.03,93.7774857312421,93.7774857312421
fg:18360,2021,3,5025.0,0.8072289156626506,100.00000000000001,100.0,551.6,1.024,118.23971066568514,118.23971066568514
fg:18360,2022,3,6731.0,0.8486949943260623,100.00000000000001,100.0,612.7,1.018,132.51164500032337,132.51164500032337
fg:18360,2023,3,8333.0,0.8741214727787685,100.0,100.0,626.8,1.012,132.26358843077472,132.26358843077472
fg:18360,2024,3,7284.0,0.8585572842998586,100.0,100.0,506.0,1.006,125.37878814206323,125.37878814206323
fg:18360,2025,3,6256.0,0.8390557939914163,100.0,100.0,470.4,1.0,113.14246170262246,113.14246170262246
fg:18361,2019,1,10.0,0.008264462809917356,100.0,100.0,201.0,1.018,100.11735537190081,100.11735537190081
fg:18361,2021,2,11.0,0.009083402146985962,100.0,100.0,200.5,1.006,98.77241948802643,98.77241948802643
fg:18363,2019,1,3085.0,0.7199533255542591,100.00000000000001,100.0,508.5,1.036,97.57907358681055,97.57907358681055
fg:18363,2020,2,3413.0,0.739865597225233,100.0,100.0,356.2,1.03,91.4256436662777,91.4256436662777
fg:18363,2021,3,4452.0,0.7876857749469215,99.99999999999997,100.0,403.4,1.024,84.54745274160797,84.54745274160797
fg:18363,2022,3,4078.0,0.7726411519514967,100.0,100.0,440.4,1.018,75.59352252491779,75.59352252491779
fg:18363,2023,3,3365.0,0.7371303395399781,100.0,100.0,303.7,1.012,82.71511379449424,82.71511379449424
fg:18363,2024,3,3200.0,0.7272727272727273,100.0,100.0,360.1,1.006,106.21565825500863,106.21565825500863
fg:18363,2025,3,2128.0,0.6394230769230769,100.0,100.0,286.5,1.0,111.74958129683779,111.74958129683779
fg:18365,2020,1,205.0,0.14590747330960854,100.0,100.0,220.5,1.03,89.36797790254191,89.36797790254191
fg:18365,2021,2,804.0,0.40119760479041916,100.0,100.0,268.1,1.024,87.53195464879079,87.53195464879079
fg:18365,2022,3,1505.0,0.55637707948244,100.0,100.0,299.8,1.018,73.76171606852793,73.76171606852793
fg:18371,2022,1,385.0,0.24290220820189273,100.0,100.0,238.5,1.018,80.31778057982905,80.31778057982905
fg:18373,2020,1,700.0,0.3684210526315789,100.0,100.0,270.0,1.03,117.73247644210588,117.73247644210588
fg:18373,2021,2,3490.0,0.744136460554371,100.00000000000001,100.0,507.0,1.024,114.06472725167163,114.06472725167163
fg:18373,2022,3,5809.0,0.82879155371665,100.0,100.0,563.1,1.018,111.12151686435051,111.12151686435051
fg:18373,2023,3,6544.0,0.8450413223140496,100.0,100.0,495.9,1.012,110.15943121196032,110.15943121196032
fg:18373,2024,3,6242.0,0.8387530233808116,100.0,100.0,500.5,1.006,108.37430119913688,108.37430119913688
fg:18373,2025,3,5223.0,0.8131714152265297,99.99999999999999,100.0,429.2,1.0,100.09606708838403,100.09606708838403
fg:18376,2021,1,5.0,0.004149377593360996,99.99999999999999,100.0,200.5,1.006,102.10653854965321,102.10653854965321
fg:18383,2019,1,315.0,0.2079207920792079,100.0,100.0,231.5,1.042,73.31643278169187,73.31643278169187
fg:18384,2021,1,5.0,0.004149377593360996,99.99999999999999,100.0,200.5,1.006,99.76514522821576,99.76514522821576
fg:18395,2020,1,20.0,0.01639344262295082,99.99999999999999,100.0,202.0,1.03,105.0425297058682,105.0425297058682
fg:18395,2021,2,136.0,0.10179640718562874,100.0,100.0,212.4,1.024,100.15594153048053,100.15594153048053
fg:18395,2022,3,123.0,0.09297052154195011,100.0,100.0,203.9,1.018,97.61488249559417,97.61488249559417
fg:18395,2023,3,269.0,0.18311776718856365,100.0,100.0,218.8,1.012,92.59189208301517,92.59189208301517
fg:18395,2024,3,317.0,0.2089650626235992,100.0,100.0,219.7,1.006,83.49475952654524,83.49475952654524
fg:18399,2020,1,50.0,0.04,100.0,100.0,205.0,1.012,93.104,93.104
fg:18400,2022,1,1370.0,0.5330739299610895,100.0,100.0,337.0,1.024,106.22651289931807,106.22651289931807
fg:18400,2023,2,1421.0,0.5421594811140786,100.00000000000003,100.0,259.9,1.018,98.5430253476104,98.5430253476104
fg:18400,2024,3,2327.0,0.6597675077969947,100.0,100.0,331.0,1.012,103.58376389755855,103.58376389755855
fg:18401,2019,1,3575.0,0.7486910994764397,100.00000000000001,100.0,557.5,1.042,124.06480084651648,124.06480084651648
fg:18401,2020,2,3870.0,0.7633136094674556,100.0,100.0,372.5,1.036,130.47858856213185,130.47858856213185
fg:18401,2021,3,4753.0,0.7984209642197212,99.99999999999997,100.0,400.2,1.03,138.431797109885,138.431797109885
fg:18401,2022,3,4711.0,0.7969886652004737,100.00000000000001,100.0,502.5,1.024,129.90803649355698,129.90803649355698
fg:18401,2023,3,6887.0,0.8516137010016075,100.0,100.0,620.8,1.018,146.77664920953146,146.77664920953146
fg:18401,2024,3,5649.0,0.8247919404292597,99.99999999999999,100.0,384.5,1.012,136.7846946406838,136.7846946406838
fg:18401,2025,3,5153.0,0.8111128600661105,99.99999999999999,100.0,428.2,1.006,146.25310435938263,146.25310435938263
fg:18403,2019,1,5.0,0.004149377593360996,99.99999999999999,100.0,200.5,1.03,102.14522821576763,102.14522821576763
fg:1841,2019,1,15.0,0.012345679012345678,100.0,100.0,201.5,0.9794319294809012,95.52484250492739,95.52484250492739
fg:18413,2019,1,20.0,0.01639344262295082,100.0,100.0,202.0,1.024,99.04262295081968,99.04262295081968
fg:18413,2021,2,32.0,0.025974025974025976,100.00000000000001,100.0,202.0,1.012,98.17325530065848,98.17325530065848
fg:18425,2021,1,20.0,0.01639344262295082,99.99999999999999,100.0,202.0,1.012,97.88196721311473,97.88196721311473
fg:18433,2021,1,125.0,0.09433962264150944,100.0,100.0,212.5,1.0,85.91474747832068,85.91474747832068
fg:18433,2022,2,1245.0,0.50920245398773,100.0,100.0,317.0,0.9970089730807579,93.29598992094041,93.29598992094041
fg:18482,2021,1,220.0,0.15492957746478872,100.00000000000001,100.0,222.0,1.006,90.331058273854,90.331058273854
fg:18496,2021,1,5.0,0.004149377593360996,99.99999999999999,100.0,200.5,1.024,101.55020746887966,101.55020746887966
fg:18498,2019,1,305.0,0.2026578073089701,100.0,100.0,230.5,0.9910802775024778,87.19442130249786,87.19442130249786
fg:18498,2021,2,203.0,0.14468995010691377,100.0,100.0,202.0,0.9852216748768474,90.6987353940976,90.6987353940976
fg:18510,2021,1,70.0,0.05511811023622047,99.99999999999997,100.0,207.0,1.012,91.44724252094724,91.44724252094724
fg:18519,2021,1,15.0,0.012345679012345678,99.99999999999999,100.0,201.5,1.018,101.59494145392496,101.59494145392496
fg:18525,2021,1,40.0,0.03225806451612903,100.00000000000001,100.0,204.0,1.018,103.07561351195432,103.07561351195432
fg:18548,2021,1,5.0,0.004149377593360996,99.99999999999999,100.0,200.5,1.024,101.55020746887966,101.55020746887966
fg:18551,2020,1,50.0,0.04,100.0,100.0,205.0,1.03,98.79988464698154,98.79988464698154
fg:18551,2021,2,60.0,0.047619047619047616,100.0,100.0,203.0,1.024,102.28296730916331,102.28296730916331
fg:18551,2024,1,480.0,0.2857142857142857,100.0,100.0,248.0,1.006,75.29597260621247,75.29597260621247
fg:18551,2025,2,499.0,0.2937021777516186,100.0,100.0,221.1,1.0,76.0897421089196,76.0897421089196
fg:18555,2019,1,25.0,0.02040816326530612,100.0,100.0,202.5,1.036,103.55551314168295,103.55551314168295
fg:18555,2021,2,20.0,0.01639344262295082,100.00000000000001,100.0,200.5,1.024,101.53416467098887,101.53416467098887
fg:18564,2019,1,915.0,0.4326241134751773,100.0,100.0,291.5,1.036,99.90680139537827,99.90680139537827
fg:18564,2020,2,1992.0,0.6240601503759399,100.0,100.0,344.3,1.03,110.07210960813107,110.07210960813107
fg:18564,2021,3,4192.0,0.7774480712166172,100.00000000000003,100.0,488.7,1.024,107.8992178691873,107.8992178691873
fg:18564,2022,3,5484.0,0.8204667863554758,100.0,100.0,514.7,1.018,98.77271681059256,98.77271681059256
fg:18564,2023,3,6452.0,0.8431782540512285,100.0,100.0,529.9,1.012,93.3320591051219,93.3320591051219
fg:18564,2024,3,4837.0,0.801225774391254,99.99999999999999,100.0,360.0,1.006,90.83534233799982,90.83534233799982
fg:18564,2025,3,5406.0,0.818346957311535,100.0,100.0,511.4,1.0,109.1565158955637,109.1565158955637
fg:18568,2019,1,1830.0,0.6039603960396039,100.0,100.0,383.0,1.036,119.56729738091953,119.56729738091953
fg:18568,2020,2,2069.0,0.6329152646069134,100.0,100.0,297.1,1.03,117.40978027231561,117.40978027231561
fg:18568,2021,3,3977.0,0.768205524435001,100.0,100.0,451.6,1.024,111.44869782496748,111.44869782496748
fg:18568,2022,3,5294.0,0.8152140437326764,100.0,100.0,549.4,1.018,118.19816716230336,118.19816716230336
fg:18568,2023,3,6934.0,0.8524711089254979,100.0,100.0,568.8,1.012,123.05387507213159,123.05387507213159
fg:18568,2024,3,7637.0,0.8642073101731357,100.0,100.0,597.7,1.006,119.10718986027611,119.10718986027611
fg:18568,2025,3,7914.0,0.8683344305464121,100.00000000000001,100.0,604.7,1.0,110.5605742190286,110.5605742190286
fg:18577,2020,1,475.0,0.2835820895522388,100.0,100.0,247.5,1.03,130.41185689045386,130.41185689045386
fg:18577,2021,2,2360.0,0.6629213483146067,100.0,100.0,407.5,1.024,104.35028533735148,104.35028533735148
fg:18577,2022,3,4669.0,0.7955358664167661,100.00000000000001,100.0,519.6,1.018,95.62919968766667,95.62919968766667
fg:18577,2023,3,6053.0,0.8345512201847511,100.0,100.0,518.5,1.012,94.67261685761201,94.67261685761201
fg:18577,2024,3,5760.0,0.8275862068965517,99.99999999999999,100.0,450.5,1.006,85.87760079142205,85.87760079142205
fg:18577,2025,3,6009.0,0.8335414065751144,100.0,100.0,524.6,1.0,77.41245203771062,77.41245203771062
fg:18587,2022,1,55.0,0.043824701195219126,100.0,100.0,205.5,1.024,99.77571448622055,99.77571448622055
fg:18603,2022,1,20.0,0.01639344262295082,99.99999999999999,100.0,202.0,1.012,99.61371426468385,99.61371426468385
fg:18607,2019,1,435.0,0.26605504587155965,100.00000000000001,100.0,243.5,1.018,90.02320874258183,90.02320874258183
fg:18607,2020,2,888.0,0.42528735632183906,100.0,100.0,262.7,1.012,107.02059609517944,107.02059609517944
fg:18607,2021,3,3618.0,0.75093399750934,100.00000000000001,100.0,503.3,1.006,118.64832638289712,118.64832638289712
fg:18607,2022,3,4934.0,0.80436909031627,100.00000000000001,100.0,485.5,1.0,104.19540676273625,104.19540676273625
fg:18607,2023,3,4151.0,0.7757428518034012,99.99999999999997,100.0,303.4,0.9970089730807579,93.39233266670122,93.39233266670122
fg:18607,2024,3,2126.0,0.6392062537582682,100.0,100.0,241.6,0.9940357852882704,79.97419332277707,79.97419332277707
fg:18655,2021,1,5.0,0.004149377593360996,99.99999999999999,100.0,200.5,1.006,99.76514522821576,99.76514522821576
fg:18674,2021,1,100.0,0.07692307692307693,100.0,100.0,210.0,1.024,91.11121448152373,91.11121448152373
fg:18679,2019,1,80.0,0.0625,100.0,100.0,208.0,1.03,94.0363038544837,94.0363038544837
fg:18679,2021,2,273.0,0.18533604887983707,100.0,100.0,222.5,1.018,74.30419959013851,74.30419959013851
fg:18684,2019,1,315.0,0.2079207920792079,100.0,100.0,231.5,1.03,72.3412495654755,72.3412495654755
fg:18684,2021,2,509.0,0.2978349912229374,100.0,100.0,232.0,1.018,55.57777452297911,55.57777452297911
fg:18690,2022,1,155.0,0.11439114391143912,100.0,100.0,215.5,1.018,97.20938142368833,97.20938142368833
fg:18694,2019,1,10.0,0.008264462809917356,100.0,100.0,201.0,1.042,102.47768595041322,102.47768595041322
fg:18694,2021,2,16.0,0.013157894736842105,100.0,100.0,201.0,1.03,100.28947368421052,100.28947368421052
fg:18699,2021,1,60.0,0.047619047619047616,100.0,100.0,206.0,1.024,94.01173691324874,94.01173691324874
fg:18721,2019,1,1155.0,0.49044585987261147,100.0,100.0,315.5,1.0,92.07760693678294,92.07760693678294
fg:18721,2020,2,1104.0,0.4791666666666667,100.00000000000001,100.0,241.1,0.9970089730807579,91.87327567293687,91.87327567293687
fg:18721,2021,3,2572.0,0.6818663838812301,100.0,100.0,377.1,0.9940357852882704,86.40923706998053,86.40923706998053
fg:18721,2022,3,1906.0,0.613650998068255,100.0,100.0,275.7,0.9910802775024778,83.4134273457152,83.4134273457152
fg:18769,2021,1,55.0,0.043824701195219126,100.0,100.0,205.5,1.012,94.4428816451457,94.4428816451457
fg:18790,2021,1,40.0,0.03225806451612903,100.00000000000001,100.0,204.0,1.0,95.62983847490324,95.62983847490324
fg:18795,2020,1,135.0,0.10112359550561797,100.0,100.0,213.5,1.012,107.7075688479182,107.7075688479182
fg:18795,2021,2,1588.0,0.569583931133429,100.0,100.0,350.7,1.006,110.89345902992893,110.89345902992893
fg:18795,2022,3,3490.0,0.744136460554371,100.0,100.0,452.1,1.0,107.37289536162845,107.37289536162845
fg:18795,2023,3,4648.0,0.7948016415868673,100.00000000000001,100.0,442.5,0.9970089730807579,102.75379660819561,102.75379660819561
fg:18795,2024,3,4424.0,0.786628733997155,99.99999999999997,100.0,390.1,0.9940357852882704,103.80788688334489,103.80788688334489
fg:18795,2025,3,4347.0,0.7836668469442942,99.99999999999999,100.0,425.6,0.9910802775024778,97.05361690256305,97.05361690256305
fg:18815,2019,1,5.0,0.004149377593360996,99.99999999999999,100.0,200.5,1.024,101.55020746887966,101.55020746887966
fg:18815,2021,2,18.0,0.014778325123152709,99.99999999999999,100.0,201.5,1.012,98.20886699507389,98.20886699507389
fg:18819,2021,1,1360.0,0.53125,100.0,100.0,336.0,1.0,103.05775760961133,103.05775760961133
fg:18819,2022,2,1728.0,0.5901639344262295,100.00000000000001,100.0,291.2,0.9970089730807579,92.79377656676,92.79377656676
fg:18819,2023,3,3243.0,0.7299122214719784,100.0,100.0,404.3,0.9940357852882704,96.90349485083307,96.90349485083307
fg:18819,2024,3,3136.0,0.7232472324723247,100.0,100.0,360.3,0.9910802775024778,92.42539651542752,92.42539651542752
fg:18819,2025,3,3090.0,0.7202797202797203,100.0,100.0,320.9,0.9881422924901185,92.65437349135424,92.65437349135424
fg:18821,2022,1,1080.0,0.47368421052631576,100.0,100.0,308.0,1.012,92.1155455791739,92.1155455791739
fg:18821,2023,2,1374.0,0.5337995337995338,100.00000000000003,100.0,272.6,1.006,89.57412337655812,89.57412337655812
fg:18821,2024,3,1451.0,0.5473406261788004,100.0,100.0,249.7,1.0,84.48801460148853,84.48801460148853
fg:18821,2025,3,727.0,0.3772703684483653,100.0,100.0,218.4,0.9970089730807579,86.8372225037558,86.8372225037558
fg:18839,2019,1,1395.0,0.5375722543352601,100.0,100.0,339.5,1.036,98.2005890433177,98.2005890433177
fg:18839,2020,2,1636.0,0.5768688293370945,100.00000000000001,100.0,279.9,1.03,93.53555319524756,93.53555319524756
fg:18839,2021,3,2503.0,0.6759384283013773,100.0,100.0,335.4,1.024,94.22124626519859,94.22124626519859
fg:18839,2022,3,3802.0,0.7600959616153539,100.0,100.0,474.0,1.018,107.49597673557086,107.49597673557086
fg:18839,2023,3,5217.0,0.8129967274427302,100.00000000000001,100.0,497.3,1.012,116.56088617280955,116.56088617280955
fg:18839,2024,3,6639.0,0.8469192499043245,100.0,100.0,566.0,1.006,118.43788544672911,118.43788544672911
fg:18839,2025,3,7037.0,0.8543158917081461,100.0,100.0,565.3,1.0,120.68132631714317,120.68132631714317
fg:18848,2021,1,385.0,0.24290220820189273,100.0,100.0,238.5,1.024,99.66594889482919,99.66594889482919
fg:18848,2025,1,840.0,0.4117647058823529,100.0,100.0,284.0,1.0,90.20014800201177,90.20014800201177
fg:18864,2019,1,10.0,0.008264462809917356,100.0,100.0,201.0,1.036,101.88760330578512,101.88760330578512
fg:18864,2021,2,11.0,0.009083402146985962,100.0,100.0,200.5,1.024,100.53971924029727,100.53971924029727
fg:18872,2020,1,35.0,0.02834008097165992,100.0,100.0,203.5,1.036,104.77587922590831,104.77587922590831
fg:18872,2021,2,388.0,0.24433249370277077,100.0,100.0,236.7,1.03,82.68354145601363,82.68354145601363
fg:18872,2023,2,271.0,0.18422841604350781,100.0,100.0,205.5,1.018,86.72960974430141,86.72960974430141
fg:18872,2024,2,279.0,0.18864097363083165,100.0,100.0,224.6,1.012,99.52742337368234,99.52742337368234
fg:18872,2025,3,971.0,0.44725932749884845,99.99999999999999,100.0,279.7,1.006,120.2478410689824,120.2478410689824
fg:18881,2021,1,240.0,0.16666666666666666,100.00000000000001,100.0,224.0,1.024,81.15441963372697,81.15441963372697
fg:18882,2019,1,1635.0,0.5767195767195767,100.0,100.0,363.5,1.024,118.17201256819315,118.17201256819315
fg:18882,2020,2,2428.0,0.6692392502756339,100.0,100.0,344.7,1.018,127.75858005541676,127.75858005541676
fg:18882,2021,3,4952.0,0.8049414824447334,100.00000000000001,100.0,529.9,1.012,131.51155649783485,131.51155649783485
fg:18882,2022,3,4462.0,0.7880607559166373,100.00000000000001,100.0,394.5,1.006,123.32914951231318,123.32914951231318
fg:18882,2023,3,5089.0,0.8091906503418668,99.99999999999999,100.0,444.6,1.0,116.79365141471854,116.79365141471854
fg:18882,2024,3,4667.0,0.7954661666950742,100.00000000000001,100.0,456.1,0.9970089730807579,113.3021728041359,113.3021728041359
fg:18882,2025,3,5773.0,0.8279076437688226,100.0,100.0,519.0,0.9940357852882704,113.58610458940296,113.58610458940296
fg:18887,2019,1,60.0,0.047619047619047616,100.0,100.0,206.0,1.018,93.63936703182027,93.63936703182027
fg:18887,2021,2,556.0,0.31662870159453305,100.0,100.0,252.0,1.006,86.64449791487056,86.64449791487056
fg:18887,2022,2,1441.0,0.5456266565694813,100.0,100.0,312.9,1.0,98.53863196202794,98.53863196202794
fg:18887,2023,3,2097.0,0.6360327570518653,100.0,100.0,317.0,0.9970089730807579,83.07673509311161,83.07673509311161
fg:18887,2024,3,1602.0,0.5717344753747323,100.0,100.0,240.8,0.9940357852882704,82.64009689933677,82.64009689933677
fg:18889,2019,1,200.0,0.14285714285714285,100.0,100.0,220.0,1.018,102.80921831024918,102.80921831024918
fg:18889,2020,2,730.0,0.37823834196891193,100.0,100.0,261.0,1.012,95.1142593966056,95.1142593966056
fg:18889,2021,3,1506.0,0.5565410199556541,100.0,100.0,304.4,1.006,85.60115996412351,85.60115996412351
fg:18889,2022,3,1616.0,0.5738636363636364,100.0,100.0,271.6,1.0,93.14539792435235,93.14539792435235
fg:18889,2023,3,1327.0,0.5251286110011871,100.0,100.0,245.1,0.9970089730807579,88.32247890500078,88.32247890500078
fg:18889,2024,3,1299.0,0.5198079231692677,99.99999999999999,100.0,277.4,0.9940357852882704,84.05743870695973,84.05743870695973
fg:18899,2022,1,140.0,0.1044776119402985,100.0,100.0,214.0,1.024,86.58854852178872,86.58854852178872
fg:1890,2021,1,100.0,0.07692307692307693,100.0,100.0,210.0,0.9881422924901185,83.61204013377926,83.61204013377926
fg:18900,2020,1,670.0,0.3582887700534759,100.0,100.0,267.0,1.042,101.48946711173559,101.48946711173559
fg:18900,2021,2,1461.0,0.5490417136414881,100.0,100.0,305.9,1.036,75.99249904137011,75.99249904137011
fg:18900,2022,3,2847.0,0.7034840622683469,100.0,100.0,389.0,1.03,85.35982867743311,85.35982867743311
fg:18900,2023,3,4689.0,0.7962302598064187,100.00000000000001,100.0,511.1,1.024,94.28060293222697,94.28060293222697
fg:18900,2024,3,5884.0,0.8306041784302653,100.0,100.0,519.9,1.018,95.00509553954788,95.00509553954788
fg:18900,2025,3,4678.0,0.7958489282068731,99.99999999999997,100.0,342.9,1.012,87.52977003275217,87.52977003275217
fg:18905,2022,1,5.0,0.004149377593360996,99.99999999999999,100.0,200.5,1.018,100.9551867219917,100.9551867219917
fg:19151,2020,1,15.0,0.012345679012345678,99.99999999999999,100.0,201.5,1.036,103.40956944277156,103.40956944277156
fg:19151,2021,2,137.0,0.1024682124158564,100.0,100.0,212.8,1.03,110.04287749996698,110.04287749996698
fg:19151,2022,3,284.0,0.19137466307277629,100.0,100.0,220.0,1.024,94.4555519930573,94.4555519930573
fg:19151,2023,3,570.0,0.3220338983050847,100.0,100.0,239.0,1.018,92.61989063708329,92.61989063708329
fg:19151,2024,3,944.0,0.44029850746268656,100.0,100.0,262.6,1.012,88.14984218149675,88.14984218149675
fg:19170,2021,1,15.0,0.012345679012345678,99.99999999999999,100.0,201.5,1.012,100.45761287355069,100.45761287355069
fg:19178,2021,1,10.0,0.008264462809917356,100.0,100.0,201.0,0.9940357852882704,97.76054417297865,97.76054417297865
fg:19181,2019,1,510.0,0.2982456140350877,100.0,100.0,251.0,1.024,94.92197533434569,94.92197533434569
fg:19181,2020,2,498.0,0.29328621908127206,100.0,100.0,219.2,1.018,89.47436732794145,89.47436732794145
fg:19181,2021,3,1533.0,0.5609220636663008,100.0,100.0,317.3,1.012,90.38361187020988,90.38361187020988
fg:19181,2022,3,1518.0,0.5584988962472406,100.00000000000001,100.0,277.1,1.006,85.61452863153072,85.61452863153072
fg:19181,2023,3,1155.0,0.49044585987261147,100.0,100.0,213.8,1.0,90.49629581026849,90.49629581026849
fg:19191,2019,1,55.0,0.043824701195219126,100.0,100.0,205.5,1.03,93.97211155378487,93.97211155378487
fg:19197,2019,1,980.0,0.44954128440366975,100.0,100.0,298.0,1.024,116.36484578045717,116.36484578045717
fg:19197,2020,2,1469.0,0.5503934057699513,100.0,100.0,288.1,1.018,126.67493853008831,126.67493853008831
fg:19197,2021,3,3641.0,0.7521173311299318,100.0,100.0,464.2,1.012,127.43895055603979,127.43895055603979
fg:19197,2022,3,5305.0,0.8155265180630284,100.0,100.0,539.1,1.006,125.91302335771647,125.91302335771647
fg:19197,2023,3,6585.0,0.8458574181117534,100.0,100.0,534.8,1.0,119.92732382365647,119.92732382365647
fg:19197,2024,3,6670.0,0.8475222363405337,100.0,100.0,527.4,0.9970089730807579,113.64025243150685,113.64025243150685
fg:19197,2025,3,6018.0,0.8337489609310058,100.0,100.0,472.4,0.9940357852882704,121.86473639003788,121.86473639003788
fg:19198,2019,1,3060.0,0.7183098591549296,100.00000000000001,100.0,506.0,0.9794319294809012,119.52816696075998,119.52816696075998
fg:19198,2020,2,3598.0,0.7498957899124635,100.0,100.0,376.2,0.9765625,107.28335661084816,107.28335661084816
fg:19198,2021,3,5781.0,0.8281048560378169,100.0,100.0,525.5,0.9737098344693282,115.92828939316506,115.92828939316506
fg:19198,2022,3,6030.0,0.8340248962655602,100.0,100.0,552.5,0.970873786407767,99.67844994440355,99.67844994440355
fg:19198,2023,3,5796.0,0.8284734133790738,99.99999999999999,100.0,422.9,0.9680542110358181,94.81657418095811,94.81657418095811
fg:19198,2024,3,3393.0,0.7387328543435663,99.99999999999999,100.0,265.4,0.9652509652509652,83.40820053716664,83.40820053716664
fg:19198,2025,3,1447.0,0.5466565923687193,100.0,100.0,226.5,0.9624639076034649,79.17918593551865,79.17918593551865
fg:19199,2019,1,15.0,0.012345679012345678,100.0,100.0,201.5,1.024,99.8716049382716,99.8716049382716
fg:19200,2019,1,5.0,0.004149377593360996,99.99999999999999,100.0,200.5,1.03,102.14522821576763,102.14522821576763
fg:19206,2019,1,295.0,0.19732441471571907,100.0,100.0,229.5,1.024,70.66382835944349,70.66382835944349
fg:19206,2021,2,197.0,0.14101646385110952,100.0,100.0,202.0,1.012,81.76288235251988,81.76288235251988
fg:19212,2023,1,65.0,0.05138339920948617,99.99999999999996,100.0,206.5,1.0,93.83237832867374,93.83237832867374
fg:19225,2021,1,80.0,0.0625,99.99999999999999,100.0,208.0,1.012,89.90001388891521,89.90001388891521
fg:19231,2021,1,10.0,0.008264462809917356,100.0,100.0,201.0,1.006,98.93719008264462,98.93719008264462
fg:19238,2019,1,1715.0,0.5883361921097771,100.0,100.0,371.5,1.018,116.74213506443401,116.74213506443401
fg:19238,2020,2,2492.0,0.6749729144095341,100.0,100.0,346.3,1.012,120.88570131926387,120.88570131926387
fg:19238,2021,3,4630.0,0.7941680960548885,100.0,100.0,492.9,1.006,113.69544586799883,113.69544586799883
fg:19238,2022,3,5301.0,0.8154130133825566,100.0,100.0,500.6,1.0,111.50156702215689,111.50156702215689
fg:19238,2023,3,6555.0,0.8452611218568665,100.0,100.0,545.3,0.9970089730807579,106.89960923192422,106.89960923192422
fg:19238,2024,3,6612.0,0.8463901689708141,100.0,100.0,535.7,0.9940357852882704,106.61547115235051,106.61547115235051
fg:19238,2025,3,6718.0,0.84844657741854,100.0,100.0,528.3,0.9910802775024778,100.70565643921545,100.70565643921545
fg:19244,2019,1,40.0,0.03225806451612903,100.0,100.0,204.0,1.018,100.78376734395445,100.78376734395445
fg:19244,2021,2,59.0,0.04686258935663225,100.0,100.0,203.5,1.006,97.48232809534171,97.48232809534171
fg:19245,2022,1,65.0,0.05138339920948617,99.99999999999996,100.0,206.5,1.006,96.02974136940666,96.02974136940666
fg:19245,2023,2,62.0,0.0491283676703645,100.0,100.0,202.3,1.0,94.77217382380802,94.77217382380802
fg:19249,2019,1,5.0,0.004149377593360996,99.99999999999999,100.0,200.5,1.024,101.55020746887966,101.55020746887966
fg:19250,2021,1,65.0,0.05138339920948617,99.99999999999996,100.0,206.5,1.006,94.3852810816811,94.3852810816811
fg:19251,2019,1,3465.0,0.7427652733118971,100.00000000000001,100.0,546.5,1.024,135.79685621511186,135.79685621511186
fg:19251,2020,2,3967.0,0.7677569189084575,100.0,100.0,388.8,1.018,130.3754299750209,130.3754299750209
fg:19251,2021,3,6220.0,0.8382749326145552,100.00000000000001,100.0,542.4,1.012,129.67123095236622,129.67123095236622
fg:19251,2022,3,6690.0,0.8479087452471483,100.0,100.0,606.2,1.006,130.3033663206048,130.3033663206048
fg:19251,2023,3,7941.0,0.8687233344273055,100.00000000000001,100.0,597.5,1.0,126.02955928180658,126.02955928180658
fg:19251,2024,3,8162.0,0.8718222602008118,100.00000000000001,100.0,613.3,0.9970089730807579,122.23483800707564,122.23483800707564
fg:19251,2025,3,8299.0,0.8736709127276555,100.0,100.0,624.0,0.9940357852882704,125.09711384165365,125.09711384165365
fg:19252,2019,1,2150.0,0.6417910447761194,100.0,100.0,415.0,1.024,112.02616181926021,112.02616181926021
fg:19252,2020,2,3045.0,0.7173144876325088,100.0,100.0,375.5,1.018,114.92496955326011,114.92496955326011
fg:19252,2021,3,3820.0,0.7609561752988048,100.0,100.0,373.5,1.012,104.96461699613242,104.96461699613242
fg:19252,2022,3,3486.0,0.7439180537772087,100.0,100.0,380.9,1.006,99.3263543536727,99.3263543536727
fg:19252,2023,3,3784.0,0.7592295345104334,100.0,100.0,399.3,1.0,96.98090506709576,96.98090506709576
fg:19252,2024,3,3381.0,0.7380484610347086,100.0,100.0,345.8,0.9970089730807579,95.59066055860093,95.59066055860093
fg:19252,2025,3,2325.0,0.6595744680851063,100.0,100.0,263.9,0.9940357852882704,90.87485833711409,90.87485833711409
fg:19260,2019,1,205.0,0.14590747330960854,100.0,100.0,220.5,1.024,86.83257395876126,86.83257395876126
fg:19260,2020,2,309.0,0.2047713717693837,100.0,100.0,218.6,1.018,84.9502546471544,84.9502546471544
fg:19260,2021,3,1564.0,0.5658465991316932,100.0,100.0,335.4,1.012,98.327381559506,98.327381559506
fg:19260,2022,3,2382.0,0.6649916247906198,100.0,100.0,350.0,1.006,109.17467101114529,109.17467101114529
fg:19260,2023,3,3683.0,0.754249436821626,100.0,100.0,414.7,1.0,108.54107231738536,108.54107231738536
fg:19260,2024,3,4171.0,0.7765779184509403,100.00000000000001,100.0,429.0,0.9970089730807579,103.25257510510949,103.25257510510949
fg:19260,2025,3,3753.0,0.7577225923682617,100.0,100.0,346.7,0.9940357852882704,99.26479603324958,99.26479603324958
fg:19262,2019,1,1635.0,0.5767195767195767,100.0,100.0,363.5,1.024,81.24883537524555,81.24883537524555
fg:19262,2020,2,2228.0,0.6499416569428238,100.0,100.0,324.7,1.018,78.09324101075576,78.09324101075576
fg:19262,2021,3,4187.0,0.777241507332467,100.00000000000001,100.0,465.4,1.012,72.85034108472608,72.85034108472608
fg:19262,2022,3,3658.0,0.7529847673939893,100.0,100.0,362.4,1.006,71.4980320132885,71.4980320132885
fg:19262,2023,3,3646.0,0.7523730912092448,99.99999999999999,100.0,348.6,1.0,80.91108523819831,80.91108523819831
fg:19262,2024,3,2841.0,0.7030438010393467,100.0,100.0,340.7,0.9970089730807579,81.20668461175481,81.20668461175481
fg:19262,2025,3,2135.0,0.6401799100449775,100.0,100.0,268.6,0.9940357852882704,78.50216161483516,78.50216161483516
fg:19266,2021,1,90.0,0.06976744186046512,100.0,100.0,209.0,1.012,90.66432183344692,90.66432183344692
fg:19267,2020,1,20.0,0.01639344262295082,99.99999999999999,100.0,202.0,1.018,98.4622950819672,98.4622950819672
fg:19267,2021,2,341.0,0.22128487994808566,100.0,100.0,232.9,1.012,88.97266802378,88.97266802378
fg:19268,2019,1,5.0,0.004149377593360996,99.99999999999999,100.0,200.5,1.03,102.14522821576763,102.14522821576763
fg:19268,2021,2,18.0,0.014778325123152709,99.99999999999999,100.0,201.5,1.018,102.17958249743626,102.17958249743626
fg:19269,2019,1,5.0,0.004149377593360996,99.99999999999999,100.0,200.5,1.03,102.14522821576763,102.14522821576763
fg:19273,2022,1,420.0,0.25925925925925924,100.0,100.0,242.0,1.012,109.4449675545012,109.4449675545012
fg:19273,2023,2,1691.0,0.584918713248011,100.0,100.0,343.9,1.006,111.66565566606684,111.66565566606684
fg:19273,2024,3,1366.0,0.5323460639127046,100.0,100.0,230.1,1.0,113.63992620170063,113.63992620170063
fg:19274,2019,1,5.0,0.004149377593360996,99.99999999999999,100.0,200.5,1.018,100.9551867219917,100.9551867219917
fg:19274,2021,2,13.0,0.010717230008244023,100.0,100.0,201.0,1.006,98.44369332234129,98.44369332234129
fg:19278,2021,1,210.0,0.14893617021276595,100.00000000000001,100.0,221.0,1.018,80.6744700267087,80.6744700267087
fg:19287,2020,1,35.0,0.02834008097165992,100.0,100.0,203.5,1.006,96.35141142470853,96.35141142470853
fg:19287,2021,2,3138.0,0.7233748271092669,100.00000000000001,100.0,511.7,1.0,97.96679939159645,97.96679939159645
fg:19287,2022,3,5794.0,0.8284243637403489,100.0,100.0,590.7,0.9970089730807579,104.20332503774014,104.20332503774014
fg:19287,2023,3,7654.0,0.8644680370454032,100.00000000000001,100.0,581.7,0.9940357852882704,112.42753386041151,112.42753386041151
fg:19287,2024,3,7684.0,0.864925709140027,100.0,100.0,581.7,0.9910802775024778,107.22968603262267,107.22968603262267
fg:19287,2025,3,7179.0,0.8567848191908343,100.0,100.0,537.2,0.9881422924901185,97.55364467345295,97.55364467345295
fg:19290,2019,1,115.0,0.08745247148288973,100.0,100.0,211.5,1.024,105.8795701457469,105.8795701457469
fg:19290,2020,2,472.0,0.2822966507177033,100.0,100.0,240.3,1.018,121.85164337459264,121.85164337459264
fg:19290,2021,3,3393.0,0.7387328543435663,100.00000000000001,100.0,509.6,1.012,125.01292818530003,125.01292818530003
fg:19290,2022,3,5869.0,0.8302447305135097,100.0,100.0,582.9,1.006,123.25345164167781,123.25345164167781
fg:19290,2023,3,7662.0,0.8645903859174001,100.0,100.0,591.5,1.0,121.63892159271194,121.63892159271194
fg:19290,2024,3,7791.0,0.8665331998665332,100.0,100.0,589.4,0.9970089730807579,117.13488331502671,117.13488331502671
fg:19290,2025,3,8099.0,0.8709538660070976,100.0,100.0,619.3,0.9940357852882704,116.16306109041989,116.16306109041989
fg:19291,2019,1,120.0,0.09090909090909091,100.0,100.0,212.0,1.03,88.73046840398351,88.73046840398351
fg:19291,2021,2,282.0,0.1902834008097166,100.0,100.0,221.0,1.018,83.08471755908822,83.08471755908822
fg:19292,2024,1,195.0,0.13978494623655913,100.00000000000001,100.0,219.5,0.9970089730807579,94.4702861760025,94.4702861760025
fg:19293,2019,1,2070.0,0.6330275229357798,100.0,100.0,407.0,1.024,94.1832081779909,94.1832081779909
fg:19293,2020,2,2046.0,0.6303142329020333,100.0,100.0,280.4,1.018,89.36624770535178,89.36624770535178
fg:19293,2021,3,2174.0,0.6443390634262004,100.0,100.0,269.8,1.012,86.80000166204277,86.80000166204277
fg:19293,2022,3,2830.0,0.7022332506203474,100.0,100.0,422.4,1.006,76.78498002691369,76.78498002691369
fg:19293,2023,3,3702.0,0.7552019583843329,100.0,100.0,407.0,1.0,80.65131704380113,80.65131704380113
fg:19293,2024,3,3915.0,0.7653958944281525,100.0,100.0,366.5,0.9970089730807579,80.01777136709957,80.01777136709957
fg:19294,2019,1,675.0,0.36,100.0,100.0,267.5,1.024,112.13709621825274,112.13709621825274
fg:19294,2020,2,1705.0,0.5869191049913941,100.0,100.0,330.0,1.018,101.09465927449232,101.09465927449232
fg:19294,2021,3,3892.0,0.7643362136684996,100.0,100.0,478.8,1.012,94.78060918077117,94.78060918077117
fg:19294,2022,3,3218.0,0.7283838841104572,100.0,100.0,298.6,1.006,91.66211757993368,91.66211757993368
fg:19294,2025,1,55.0,0.043824701195219126,100.0,100.0,205.5,0.9940357852882704,92.37481203143214,92.37481203143214
fg:19296,2022,1,655.0,0.353099730458221,100.0,100.0,265.5,1.006,105.78445453962165,105.78445453962165
fg:19296,2023,2,2719.0,0.6937994386323042,100.0,100.0,432.6,1.0,86.87738667092823,86.87738667092823
fg:19296,2024,3,2714.0,0.6934082779764946,100.0,100.0,300.4,0.9970089730807579,98.7167529556295,98.7167529556295
fg:19296,2025,3,3379.0,0.737934046735095,99.99999999999999,100.0,372.3,0.9940357852882704,102.73199853722498,102.73199853722498
fg:19309,2019,1,170.0,0.12408759124087591,100.0,100.0,217.0,1.012,85.1087399848957,85.1087399848957
fg:19309,2021,2,107.0,0.08186687069625095,99.99999999999999,100.0,200.5,1.0,90.91908857644708,90.91908857644708
fg:19312,2019,1,150.0,0.1111111111111111,99.99999999999999,100.0,215.0,1.024,85.43875548173065,85.43875548173065
fg:19312,2021,2,100.0,0.07692307692307693,100.0,100.0,201.0,1.012,91.42122194581134,91.42122194581134
fg:19314,2019,1,95.0,0.07335907335907337,100.0,100.0,209.5,1.018,98.29030376490863,98.29030376490863
fg:19314,2020,2,146.0,0.10846953937592868,99.99999999999999,100.0,208.9,1.012,94.59827348166993,94.59827348166993
fg:19314,2021,3,458.0,0.2762364294330519,100.0,100.0,235.9,1.006,90.32579918750933,90.32579918750933
fg:19314,2022,3,708.0,0.3710691823899371,100.0,100.0,245.9,1.0,80.12031288101177,80.12031288101177
fg:19314,2024,2,359.0,0.23027581783194356,100.0,100.0,212.5,0.9940357852882704,85.2614682773269,85.2614682773269
fg:19314,2025,2,145.0,0.10780669144981413,100.0,100.0,207.0,0.9910802775024778,90.83171539763104,90.83171539763104
fg:19316,2019,1,240.0,0.16666666666666666,100.0,100.0,224.0,1.024,79.77177199157609,79.77177199157609
fg:19316,2021,2,329.0,0.21517331589274036,100.0,100.0,218.5,1.012,82.03964017237598,82.03964017237598
fg:19318,2019,1,820.0,0.40594059405940597,100.0,100.0,282.0,1.024,96.69649474144151,96.69649474144151
fg:19318,2020,2,781.0,0.39424533064109035,100.0,100.0,228.9,1.018,94.61556617169225,94.61556617169225
fg:19318,2021,3,632.0,0.34497816593886466,100.0,100.0,206.5,1.012,93.44161585201881,93.44161585201881
fg:19318,2022,3,512.0,0.29906542056074764,100.0,100.0,241.3,1.006,93.24275460997092,93.24275460997092
fg:19318,2023,3,1883.0,0.6107687317547843,100.0,100.0,361.6,1.0,89.86267256963643,89.86267256963643
fg:19318,2024,3,2401.0,0.6667592335462371,100.0,100.0,323.7,0.9970089730807579,89.17140625985965,89.17140625985965
fg:19318,2025,3,2615.0,0.6854521625163827,100.0,100.0,313.6,0.9940357852882704,89.88701432843405,89.88701432843405
fg:19320,2019,1,270.0,0.1836734693877551,100.0,100.0,227.0,1.012,70.31041895139923,70.31041895139923
fg:19320,2021,2,217.0,0.15314043754410728,100.00000000000001,100.0,205.5,1.0,74.64409348593423,74.64409348593423
fg:19326,2019,1,2730.0,0.6946564885496184,100.00000000000001,100.0,473.0,1.024,123.74837989764603,123.74837989764603
fg:19326,2020,2,3224.0,0.72875226039783,100.0,100.0,358.6,1.018,109.822798083339,109.822798083339
fg:19326,2021,3,5700.0,0.8260869565217391,100.0,100.0,543.8,1.012,123.67500874089255,123.67500874089255
fg:19326,2022,3,6278.0,0.8395292859053223,100.0,100.0,571.6,1.006,121.56049714791929,121.56049714791929
fg:19326,2023,3,7594.0,0.8635433249943143,100.0,100.0,581.4,1.0,118.79929280594824,118.79929280594824
fg:19326,2024,3,7862.0,0.8675789009048775,100.0,100.0,610.0,0.9970089730807579,114.08581113976726,114.08581113976726
fg:19326,2025,3,7958.0,0.8689670233675475,100.00000000000001,100.0,596.2,0.9940357852882704,106.64153940405099,106.64153940405099
fg:19331,2021,1,920.0,0.4339622641509434,100.0,100.0,292.0,1.0,92.10225320502185,92.10225320502185
fg:19331,2022,2,1021.0,0.4597028365601081,100.0,100.0,246.9,0.9970089730807579,77.80170428371724,77.80170428371724
fg:19334,2020,1,140.0,0.1044776119402985,100.0,100.0,214.0,0.9881422924901185,94.4583597995375,94.4583597995375
fg:19334,2021,2,1557.0,0.5647442872687704,100.0,100.0,347.3,0.9852216748768474,96.21919799727483,96.21919799727483
fg:19334,2022,3,2875.0,0.7055214723926381,100.0,100.0,392.4,0.9823182711198428,98.23693633136998,98.23693633136998
fg:19339,2019,1,2010.0,0.6261682242990654,100.0,100.0,401.0,1.024,73.91068533888863,73.91068533888863
fg:19339,2020,2,2568.0,0.6815286624203821,100.0,100.0,336.2,1.018,70.41890921572048,70.41890921572048
fg:19339,2021,3,4799.0,0.799966661110185,100.0,100.0,501.7,1.012,88.25930478825094,88.25930478825094
fg:19339,2022,3,5236.0,0.8135487880671224,100.00000000000001,100.0,496.5,1.006,81.15269619553705,81.15269619553705
fg:19339,2023,3,4925.0,0.8040816326530612,99.99999999999999,100.0,379.0,1.0,82.39723810860016,82.39723810860016
fg:19339,2024,3,4713.0,0.7970573313039067,99.99999999999997,100.0,448.7,0.9970089730807579,76.33395580656219,76.33395580656219
fg:19339,2025,3,2706.0,0.6927803379416283,100.0,100.0,258.5,0.9940357852882704,80.34448187721551,80.34448187721551
fg:19341,2019,1,5.0,0.004149377593360996,99.99999999999999,100.0,200.5,0.9940357852882704,98.5786525659322,98.5786525659322
fg:19346,2020,1,260.0,0.1780821917808219,100.0,100.0,226.0,1.012,87.5387594998482,87.5387594998482
fg:19346,2021,2,1308.0,0.5215311004784688,99.99999999999999,100.0,315.2,1.006,75.46207475483294,75.46207475483294
fg:19346,2022,3,1621.0,0.5746189294576391,100.0,100.0,280.5,1.0,75.55543159814381,75.55543159814381
fg:19346,2023,3,1213.0,0.5026937422295897,100.0,100.0,220.2,0.9970089730807579,78.18828196204467,78.18828196204467
fg:19346,2024,3,629.0,0.34390377255330784,100.0,100.0,222.7,0.9940357852882704,91.08523245089745,91.08523245089745
fg:19346,2025,3,1574.0,0.5674116798846431,100.0,100.0,339.7,0.9910802775024778,90.2428623138849,90.2428623138849
fg:19348,2021,1,1200.0,0.5,100.0,100.0,320.0,1.018,86.7343205913433,86.7343205913433
fg:19349,2019,1,10.0,0.008264462809917356,100.0,100.0,201.0,1.036,105.20396922412539,105.20396922412539
fg:19352,2019,1,300.0,0.2,100.0,100.0,230.0,1.024,109.71384446135507,109.71384446135507
fg:19352,2020,2,940.0,0.4392523364485981,99.99999999999999,100.0,276.0,1.018,116.84567380740961,116.84567380740961
fg:19352,2021,3,2980.0,0.7129186602870813,100.0,100.0,438.0,1.012,107.18845386465898,107.18845386465898
fg:19352,2022,3,5272.0,0.8145859085290482,100.0,100.0,550.8,1.006,112.50651843862012,112.50651843862012
fg:19352,2023,3,5982.0,0.8329156223893066,100.0,100.0,480.2,1.0,116.22165335977812,116.22165335977812
fg:19352,2024,3,4908.0,0.8035363457760314,99.99999999999999,100.0,375.8,0.9970089730807579,109.84418774602142,109.84418774602142
fg:19352,2025,3,4055.0,0.7716460513796385,99.99999999999999,100.0,394.9,0.9940357852882704,101.52660630179331,101.52660630179331
fg:19354,2021,1,360.0,0.23076923076923078,100.0,100.0,236.0,1.012,88.71312952953174,88.71312952953174
fg:19354,2022,2,648.0,0.35064935064935066,100.0,100.0,243.2,1.006,87.94913501368997,87.94913501368997
fg:19354,2023,3,2534.0,0.6786288162828067,100.0,100.0,410.2,1.0,111.06741097390318,111.06741097390318
fg:19354,2024,3,4115.0,0.7742238946378175,100.00000000000001,100.0,468.1,0.9970089730807579,120.14687679977538,120.14687679977538
fg:19354,2025,3,4133.0,0.7749859366210388,99.99999999999999,100.0,355.0,0.9940357852882704,114.12224500663402,114.12224500663402
fg:19358,2023,1,110.0,0.08396946564885496,100.0,100.0,211.0,1.0,106.6791752566539,106.6791752566539
fg:19358,2024,2,578.0,0.3250843644544432,100.0,100.0,251.2,0.9970089730807579,111.55504196795857,111.55504196795857
fg:19358,2025,3,1083.0,0.4743758212877792,100.0,100.0,272.3,0.9940357852882704,101.47722983515052,101.47722983515052
fg:19361,2019,1,40.0,0.03225806451612903,100.0,100.0,204.0,1.024,100.6683138364879,100.6683138364879
fg:19361,2021,2,319.0,0.21000658327847269,100.0,100.0,229.5,1.012,80.38345599504501,80.38345599504501
fg:19362,2021,1,10.0,0.008264462809917356,100.0,100.0,201.0,1.012,99.52727272727272,99.52727272727272
fg:19363,2019,1,375.0,0.23809523809523808,100.00000000000001,100.0,237.5,1.03,114.21118388010781,114.21118388010781
fg:19363,2020,2,970.0,0.4470046082949309,99.99999999999999,100.0,274.5,1.024,107.68410591270569,107.68410591270569
fg:19363,2021,3,3406.0,0.7394702561875814,100.00000000000001,100.0,477.9,1.018,107.3323157225693,107.3323157225693
fg:19363,2022,3,5428.0,0.8189499094749547,100.0,100.0,543.9,1.012,105.67743667260817,105.67743667260817
fg:19363,2023,3,6745.0,0.8489616110761485,100.0,100.0,541.2,1.006,107.63625405764505,107.63625405764505
fg:19363,2024,3,5285.0,0.8149575944487278,99.99999999999999,100.0,384.1,1.0,104.87498051030992,104.87498051030992
fg:19363,2025,3,4798.0,0.7999333111037013,99.99999999999999,100.0,433.5,0.9970089730807579,103.8672526409457,103.8672526409457
fg:19374,2019,1,330.0,0.21568627450980393,100.00000000000001,100.0,233.0,1.024,74.53458617896173,74.53458617896173
fg:19374,2021,2,608.0,0.336283185840708,100.0,100.0,241.0,1.012,60.604210982466824,60.604210982466824
fg:19384,2024,1,145.0,0.10780669144981413,100.0,100.0,214.5,1.0,91.06351194440259,91.06351194440259
fg:19384,2025,2,331.0,0.2161985630306989,100.0,100.0,224.4,0.9970089730807579,83.06071183094382,83.06071183094382
fg:19388,2019,1,70.0,0.05511811023622047,99.99999999999999,100.0,207.0,1.018,99.7844969201687,99.7844969201687
fg:19388,2021,2,137.0,0.1024682124158564,100.0,100.0,209.5,1.006,94.21332336911445,94.21332336911445
fg:19392,2020,1,35.0,0.02834008097165992,100.0,100.0,203.5,1.018,101.4957179733159,101.4957179733159
fg:19392,2021,2,888.0,0.42528735632183906,100.0,100.0,286.7,1.012,91.35213493514934,91.35213493514934
fg:19392,2022,3,1634.0,0.5765702187720536,100.0,100.0,309.7,1.006,88.68921906204065,88.68921906204065
fg:19392,2023,3,3846.0,0.7621878715814506,100.0,100.0,477.5,1.0,85.11875335765022,85.11875335765022
fg:19392,2024,3,4252.0,0.7798972853998533,100.00000000000001,100.0,414.3,0.9970089730807579,82.83008533162052,82.83008533162052
fg:19392,2025,3,5409.0,0.8184294144348615,99.99999999999999,100.0,488.0,0.9940357852882704,95.10713738405623,95.10713738405623
fg:19409,2021,1,20.0,0.01639344262295082,99.99999999999999,100.0,202.0,1.012,100.93745667736643,100.93745667736643
fg:19422,2022,1,1025.0,0.4606741573033708,100.0,100.0,302.5,1.006,79.14956372475504,79.14956372475504
fg:19422,2023,2,935.0,0.4379391100702576,100.0,100.0,232.0,1.0,74.65439718652004,74.65439718652004
fg:19422,2024,3,1062.0,0.46949602122015915,100.0,100.0,237.8,0.9970089730807579,71.64434614113522,71.64434614113522
fg:19427,2019,1,25.0,0.02040816326530612,100.0,100.0,202.5,1.024,98.22040816326532,98.22040816326532
fg:19427,2021,2,45.0,0.03614457831325301,100.00000000000001,100.0,203.0,1.012,93.8843373493976,93.8843373493976
fg:1943,2019,1,280.0,0.1891891891891892,100.0,100.0,228.0,0.9794319294809012,101.99928291021452,101.99928291021452
fg:1943,2021,2,178.0,0.12917271407837447,100.0,100.0,201.0,0.9737098344693282,98.55628498747191,98.55628498747191
fg:19432,2021,1,830.0,0.4088669950738916,100.0,100.0,283.0,1.03,88.33680393467432,88.33680393467432
fg:19432,2022,2,804.0,0.40119760479041916,100.0,100.0,230.6,1.024,81.16587384032584,81.16587384032584
fg:19432,2023,3,745.0,0.38303341902313626,100.0,100.0,216.3,1.018,79.20725729367385,79.20725729367385
fg:19447,2019,1,10.0,0.008264462809917356,100.0,100.0,201.0,1.036,101.88760330578512,101.88760330578512
fg:19447,2021,2,26.0,0.021207177814029365,100.0,100.0,202.0,1.024,100.27962610982456,100.27962610982456
fg:19452,2019,1,640.0,0.34782608695652173,100.0,100.0,264.0,1.024,76.60475949194979,76.60475949194979
fg:19452,2021,2,1019.0,0.459215863001352,100.0,100.0,263.5,1.012,92.85072295814638,92.85072295814638
fg:19452,2023,2,2206.0,0.6476805637110981,100.0,100.0,382.5,1.0,100.09257416866575,100.09257416866575
fg:19452,2024,2,3145.0,0.7238204833141542,100.0,100.0,405.0,0.9970089730807579,86.94753877256524,86.94753877256524
fg:19452,2025,3,3153.0,0.7243280496209511,100.0,100.0,304.7,0.9940357852882704,84.51061324464646,84.51061324464646
fg:19453,2019,1,140.0,0.1044776119402985,99.99999999999999,100.0,214.0,1.024,87.40855162037195,87.40855162037195
fg:19454,2021,1,5.0,0.004149377593360996,99.99999999999999,100.0,200.5,1.006,99.76514522821576,99.76514522821576
fg:19455,2023,1,1575.0,0.5675675675675675,100.0,100.0,357.5,1.012,94.65277781294101,94.65277781294101
fg:19455,2024,2,1970.0,0.6214511041009464,100.0,100.0,302.5,1.006,89.02023420695018,89.02023420695018
fg:19455,2025,3,2188.0,0.6458087367178277,100.0,100.0,281.7,1.0,93.74531726698713,93.74531726698713
fg:19458,2022,1,1005.0,0.4557823129251701,100.0,100.0,300.5,1.006,84.49207583188438,84.49207583188438
fg:19458,2023,2,934.0,0.43767572633552015,100.0,100.0,233.1,1.0,80.71675969850422,80.71675969850422
fg:19458,2024,3,747.0,0.38366718027734975,100.0,100.0,206.6,0.9970089730807579,79.46980711500848,79.46980711500848
fg:19458,2025,3,635.0,0.3460490463215259,100.0,100.0,253.3,0.9940357852882704,83.09414569250397,83.09414569250397
fg:19470,2019,1,1745.0,0.5925297113752123,100.0,100.0,374.5,1.024,116.77200903090196,116.77200903090196
fg:19470,2020,2,2531.0,0.6783704100777271,100.0,100.0,348.4,1.018,107.84450209655651,107.84450209655651
fg:19470,2021,3,5410.0,0.8184568835098336,100.00000000000001,100.0,568.2,1.012,97.67890837994429,97.67890837994429
fg:19470,2022,3,6595.0,0.8460551635663887,100.00000000000001,100.0,584.1,1.006,98.1232412938141,98.1232412938141
fg:19470,2023,3,7233.0,0.8577018854500178,100.0,100.0,527.0,1.0,96.55348991181432,96.55348991181432
fg:19470,2024,3,4767.0,0.7988939165409754,99.99999999999997,100.0,329.3,0.9970089730807579,98.38312138158322,98.38312138158322
fg:19470,2025,3,4081.0,0.772770308653664,99.99999999999999,100.0,403.8,0.9940357852882704,89.84441238942756,89.84441238942756
fg:19477,2021,1,35.0,0.02834008097165992,100.00000000000001,100.0,203.5,1.012,101.88135463861055,101.88135463861055
fg:19479,2019,1,10.0,0.008264462809917356,100.0,100.0,201.0,1.024,100.70743801652893,100.70743801652893
fg:19479,2021,2,16.0,0.013157894736842105,100.0,100.0,201.0,1.012,100.3860257228814,100.3860257228814
fg:19508,2019,1,375.0,0.23809523809523808,100.00000000000001,100.0,237.5,1.03,109.77628704270221,109.77628704270221
fg:19508,2020,2,1510.0,0.5571955719557196,100.0,100.0,328.5,1.024,117.84473684936881,117.84473684936881
fg:19508,2021,3,1928.0,0.6163682864450127,100.0,100.0,297.7,1.018,113.905295206339,113.905295206339
fg:19508,2022,3,1624.0,0.5750708215297451,100.0,100.0,245.7,1.012,104.89712944396159,104.89712944396159
fg:19508,2023,3,959.0,0.444187123668365,100.0,100.0,233.2,1.006,87.09586508608177,87.09586508608177
fg:19514,2019,1,290.0,0.19463087248322147,100.0,100.0,229.0,1.024,98.26529453766476,98.26529453766476
fg:19514,2020,2,317.0,0.2089650626235992,100.0,100.0,214.3,1.018,95.26820548149743,95.26820548149743
fg:19514,2021,3,1167.0,0.49302915082382764,100.0,100.0,294.2,1.012,77.45328064261558,77.45328064261558
fg:19514,2022,3,2256.0,0.6527777777777778,100.0,100.0,365.0,1.006,78.60450417128267,78.60450417128267
fg:19514,2023,3,2932.0,0.7095837366892546,100.0,100.0,349.8,1.0,84.1707085306473,84.1707085306473
fg:19514,2024,3,2308.0,0.6579247434435576,100.0,100.0,270.6,0.9970089730807579,79.57748280517136,79.57748280517136
fg:19514,2025,3,1535.0,0.5612431444241316,100.0,100.0,253.3,0.9940357852882704,80.62005367601687,80.62005367601687
fg:19521,2020,1,170.0,0.12408759124087591,100.00000000000001,100.0,217.0,1.012,103.34257857143818,103.34257857143818
fg:19521,2021,2,656.0,0.35344827586206895,100.0,100.0,255.4,1.006,103.61733404907112,103.61733404907112
fg:19522,2021,1,180.0,0.13043478260869565,100.00000000000001,100.0,218.0,1.018,102.55494620700404,102.55494620700404
fg:19522,2022,2,1434.0,0.5444191343963554,100.0,100.0,332.6,1.012,102.40466212714698,102.40466212714698
fg:19522,2023,3,3920.0,0.765625,100.00000000000001,100.0,503.8,1.006,110.30687904858853,110.30687904858853
fg:19522,2024,3,4703.0,0.7967135354904286,100.00000000000001,100.0,426.1,1.0,103.67182219207378,103.67182219207378
fg:19522,2025,3,6457.0,0.8432806582212354,100.0,100.0,576.6,0.9970089730807579,105.38705652414458,105.38705652414458
fg:19528,2021,1,35.0,0.02834008097165992,100.00000000000001,100.0,203.5,1.012,95.46396761133605,95.46396761133605
fg:19533,2020,1,110.0,0.08396946564885496,100.0,100.0,211.0,1.012,97.82560328861,97.82560328861
fg:19533,2021,2,628.0,0.3435448577680525,100.0,100.0,256.2,1.006,92.33095375089744,92.33095375089744
fg:19533,2022,3,503.0,0.2953611274221961,100.0,100.0,211.3,1.0,92.45695341902052,92.45695341902052
fg:19535,2021,1,5.0,0.004149377593360996,99.99999999999999,100.0,200.5,1.012,100.36016597510373,100.36016597510373
fg:19545,2021,1,5.0,0.004149377593360996,99.99999999999999,100.0,200.5,1.012,100.36016597510373,100.36016597510373
fg:19546,2019,1,40.0,0.03225806451612903,100.0,100.0,204.0,1.024,97.640115209425,97.640115209425
fg:19546,2021,2,39.0,0.031476997578692496,100.0,100.0,201.5,1.012,97.72746251275062,97.72746251275062
fg:19548,2019,1,5.0,0.004149377593360996,99.99999999999999,100.0,200.5,1.024,101.55020746887966,101.55020746887966
fg:19548,2021,2,8.0,0.006622516556291391,100.00000000000001,100.0,200.5,1.012,99.85960264900663,99.85960264900663
fg:19552,2019,1,235.0,0.16376306620209058,100.0,100.0,223.5,1.024,91.98074802026339,91.98074802026339
fg:19552,2020,2,248.0,0.1712707182320442,99.99999999999999,100.0,210.7,1.018,91.34760333756925,91.34760333756925
fg:19552,2021,3,234.0,0.16317991631799164,100.00000000000001,100.0,205.7,1.012,89.54203654064818,89.54203654064818
fg:19552,2022,3,207.0,0.14712153518123666,100.0,100.0,214.4,1.006,98.7346216798761,98.7346216798761
fg:19553,2022,1,45.0,0.03614457831325301,100.0,100.0,204.5,1.03,100.16128736154114,100.16128736154114
fg:19556,2019,1,1845.0,0.6059113300492611,100.0,100.0,384.5,1.036,151.63323013632808,151.63323013632808
fg:19556,2020,2,1521.0,0.5589856670341786,99.99999999999999,100.0,241.4,1.03,146.71776769381742,146.71776769381742
fg:19556,2021,3,4133.0,0.7749859366210388,100.0,100.0,499.9,1.024,140.2697835869115,140.2697835869115
fg:19556,2022,3,5224.0,0.813200498132005,100.00000000000001,100.0,540.3,1.018,153.99544743177125,153.99544743177125
fg:19556,2023,3,6518.0,0.8445193055195647,100.0,100.0,504.1,1.012,157.61973628781573,157.61973628781573
fg:19556,2024,3,6842.0,0.8507833872171102,100.0,100.0,567.1,1.006,162.46423032002465,162.46423032002465
fg:19556,2025,3,5023.0,0.807166961272698,99.99999999999999,100.0,363.0,1.0,146.82676301390546,146.82676301390546
fg:19562,2021,1,920.0,0.4339622641509434,100.0,100.0,292.0,1.012,75.52303277805626,75.52303277805626
fg:19562,2022,2,801.0,0.4002998500749625,100.0,100.0,224.9,1.006,74.34748523071822,74.34748523071822
fg:19562,2023,3,1869.0,0.6089931573802542,100.0,100.0,327.8,1.0,77.03826010139447,77.03826010139447
fg:19562,2024,3,1491.0,0.5540691192865106,100.0,100.0,269.3,0.9970089730807579,79.44371101358496,79.44371101358496
fg:19562,2025,3,1391.0,0.5368583558471632,100.0,100.0,236.8,0.9940357852882704,83.55955181402187,83.55955181402187
fg:19563,2022,1,15.0,0.012345679012345678,99.99999999999999,100.0,201.5,1.006,99.9629879899605,99.9629879899605
fg:19566,2019,1,845.0,0.4132029339853301,100.0,100.0,284.5,1.03,106.87139781908985,106.87139781908985
fg:19566,2020,2,1056.0,0.46808510638297873,100.00000000000003,100.0,254.9,1.024,105.6893878056046,105.6893878056046
fg:19566,2021,3,4021.0,0.7701589733767478,100.00000000000001,100.0,528.6,1.018,111.56954475819992,111.56954475819992
fg:19566,2022,3,6021.0,0.8338180307436643,100.0,100.0,586.7,1.012,125.60285675574688,125.60285675574688
fg:19566,2023,3,8126.0,0.8713274715848166,100.0,100.0,626.5,1.006,122.49252347926682,122.49252347926682
fg:19566,2024,3,7656.0,0.8644986449864499,100.00000000000001,100.0,554.9,1.0,122.52343625454301,122.52343625454301
fg:19566,2025,3,7477.0,0.8617033536936729,100.0,100.0,561.0,0.9970089730807579,107.08673307671118,107.08673307671118
fg:19569,2021,1,5.0,0.004149377593360996,99.99999999999999,100.0,200.5,1.012,100.36016597510373,100.36016597510373
fg:19577,2020,1,90.0,0.06976744186046512,100.0,100.0,209.0,1.012,98.47005710106797,98.47005710106797
fg:19577,2021,2,267.0,0.18200408997955012,100.0,100.0,221.3,1.006,86.33416415835106,86.33416415835106
fg:19583,2021,1,5.0,0.004149377593360996,99.99999999999999,100.0,200.5,1.006,99.76514522821576,99.76514522821576
fg:19599,2021,1,1600.0,0.5714285714285714,100.0,100.0,360.0,1.012,105.77326476640806,105.77326476640806
fg:19599,2022,2,3315.0,0.7342192691029901,100.0,100.0,435.5,1.006,109.4492869370993,109.4492869370993
fg:19599,2023,3,4873.0,0.8024040836489379,100.00000000000001,100.0,469.2,1.0,117.36905783902097,117.36905783902097
fg:19599,2024,3,4384.0,0.7851002865329513,99.99999999999999,100.0,379.2,0.9970089730807579,105.20540900049286,105.20540900049286
fg:19599,2025,3,3019.0,0.7155724105238208,100.0,100.0,284.7,0.9940357852882704,95.9559922837806,95.9559922837806
fg:19600,2021,1,1095.0,0.477124183006536,100.0,100.0,309.5,1.024,107.68803083754833,107.68803083754833
fg:19600,2022,2,2651.0,0.688392625292132,100.0,100.0,399.4,1.018,103.7356775043018,103.7356775043018
fg:19600,2023,3,5207.0,0.8127048540658655,100.00000000000001,100.0,548.5,1.012,97.53875572502594,97.53875572502594
fg:19600,2024,3,6679.0,0.8476964081736261,100.0,100.0,573.6,1.006,88.85588171168554,88.85588171168554
fg:19600,2025,3,4616.0,0.7936726272352133,99.99999999999997,100.0,287.2,1.0,84.6020951408465,84.6020951408465
fg:19608,2021,1,5.0,0.004149377593360996,99.99999999999999,100.0,200.5,1.036,102.7402489626556,102.7402489626556
fg:19608,2022,2,54.0,0.0430622009569378,100.0,100.0,205.1,1.03,110.845570605594,110.845570605594
fg:19608,2024,2,2200.0,0.6470588235294118,100.0,100.0,417.0,1.018,98.21736998495763,98.21736998495763
fg:19608,2025,2,4706.0,0.7968167964781578,100.00000000000001,100.0,540.4,1.012,91.68981391110833,91.68981391110833
fg:19610,2020,1,40.0,0.03225806451612903,100.00000000000001,100.0,204.0,1.042,105.06089835715237,105.06089835715237
fg:19610,2021,2,512.0,0.29906542056074764,100.0,100.0,248.8,1.036,104.59897294976025,104.59897294976025
fg:19610,2022,3,2573.0,0.6819507023588657,100.0,100.0,426.1,1.03,98.59917738488618,98.59917738488618
fg:19610,2023,3,4830.0,0.8009950248756219,100.00000000000001,100.0,524.3,1.024,96.94438256025735,96.94438256025735
fg:19610,2024,3,5972.0,0.8326826547685443,100.0,100.0,498.7,1.018,87.90931291285801,87.90931291285801
fg:19610,2025,3,4961.0,0.8052264242817725,99.99999999999999,100.0,382.0,1.012,82.22355397396777,82.22355397396777
fg:19611,2019,1,2570.0,0.6816976127320955,100.0,100.0,457.0,1.048,108.75036274506466,108.75036274506466
fg:19611,2020,2,3271.0,0.7316036680832029,100.0,100.0,372.9,1.042,109.75294200877408,109.75294200877408
fg:19611,2021,3,6004.0,0.8334258745141588,100.00000000000001,100.0,573.3,1.036,139.23463395089905,139.23463395089905
fg:19611,2022,3,7051.0,0.8545630832626349,100.00000000000001,100.0,622.8,1.03,141.00983621154012,141.00983621154012
fg:19611,2023,3,8328.0,0.8740554156171285,100.0,100.0,611.6,1.024,133.19915557644225,133.19915557644225
fg:19611,2024,3,8331.0,0.8740950582310356,100.0,100.0,616.7,1.018,138.05202668901853,138.05202668901853
fg:19611,2025,3,8234.0,0.8728005087979648,100.0,100.0,609.7,1.012,137.73474969765567,137.73474969765567
fg:19612,2019,1,1060.0,0.4690265486725664,100.0,100.0,306.0,1.042,125.10997120377229,125.10997120377229
fg:19612,2020,2,1488.0,0.5535714285714286,100.00000000000001,100.0,285.2,1.036,122.63777819742576,122.63777819742576
fg:19612,2021,3,4598.0,0.7930320800275957,100.00000000000003,100.0,557.8,1.03,122.96601422628952,122.96601422628952
fg:19612,2022,3,6629.0,0.8467237195044067,100.00000000000001,100.0,617.5,1.024,124.61899416227844,124.61899416227844
fg:19612,2023,3,7863.0,0.867593512082092,100.00000000000001,100.0,570.2,1.018,124.04738815322514,124.04738815322514
fg:19612,2024,3,6175.0,0.8372881355932204,99.99999999999999,100.0,428.1,1.012,110.5582413918492,110.5582413918492
fg:19612,2025,3,6287.0,0.8397221851208762,100.0,100.0,547.6,1.006,115.18800356877561,115.18800356877561
fg:19614,2021,1,10.0,0.008264462809917356,100.0,100.0,201.0,1.018,100.11735537190081,100.11735537190081
fg:19615,2021,1,40.0,0.03225806451612903,100.00000000000001,100.0,204.0,1.018,99.81142454863226,99.81142454863226
fg:19615,2022,2,457.0,0.27579963789981893,100.0,100.0,243.3,1.012,96.02496031394347,96.02496031394347
fg:19625,2022,1,285.0,0.1919191919191919,100.0,100.0,228.5,1.006,83.25005309502279,83.25005309502279
fg:19627,2020,1,105.0,0.08045977011494253,100.0,100.0,210.5,1.018,106.9944255545099,106.9944255545099
fg:19627,2021,2,1149.0,0.4891443167305236,100.0,100.0,308.6,1.012,99.31483050474792,99.31483050474792
fg:19627,2022,3,1095.0,0.477124183006536,100.0,100.0,239.3,1.006,92.15163724846882,92.15163724846882
fg:19627,2023,3,3413.0,0.739865597225233,100.00000000000001,100.0,466.6,1.0,110.9216835878058,110.9216835878058
fg:19627,2024,3,5282.0,0.8148719531008948,100.0,100.0,559.6,0.9970089730807579,136.75903027542262,136.75903027542262
fg:19627,2025,3,7529.0,0.862527208156719,100.0,100.0,610.9,0.9940357852882704,130.6343765531732,130.6343765531732
fg:19635,2019,1,305.0,0.2026578073089701,100.0,100.0,230.5,1.024,94.68586235698139,94.68586235698139
fg:19635,2021,2,513.0,0.29947460595446584,100.0,100.0,233.0,1.012,83.95426357893567,83.95426357893567
fg:19635,2022,2,1729.0,0.5903038579720041,100.0,100.0,353.1,1.006,77.01724396786491,77.01724396786491
fg:19643,2020,1,65.0,0.05138339920948617,99.99999999999997,100.0,206.5,1.024,93.61632340557539,93.61632340557539
fg:19643,2021,2,457.0,0.27579963789981893,100.0,100.0,241.8,1.018,89.96199517273399,89.96199517273399
fg:19643,2024,1,5.0,0.004149377593360996,99.99999999999999,100.0,200.5,1.0,99.17012448132779,99.17012448132779
fg:19643,2025,2,289.0,0.19408999328408327,100.0,100.0,228.6,0.9970089730807579,90.38284259945388,90.38284259945388
fg:19644,2022,1,125.0,0.09433962264150944,100.0,100.0,212.5,1.006,96.2730654872204,96.2730654872204
fg:19665,2019,1,30.0,0.024390243902439025,100.0,100.0,203.0,1.03,97.97560975609757,97.97560975609757
fg:19665,2021,2,33.0,0.0267639902676399,100.00000000000001,100.0,201.5,1.018,99.55309734127879,99.55309734127879
fg:19667,2021,1,50.0,0.04,100.0,100.0,205.0,1.006,92.552,92.552
fg:19667,2022,2,210.0,0.14893617021276595,100.00000000000001,100.0,218.0,1.0,88.98674801415491,88.98674801415491
fg:19675,2019,1,20.0,0.01639344262295082,100.0,100.0,202.0,1.018,98.46229508196721,98.46229508196721
fg:19677,2019,1,10.0,0.008264462809917356,100.0,100.0,201.0,1.024,105.52935153370613,105.52935153370613
fg:19683,2019,1,710.0,0.3717277486910995,100.0,100.0,271.0,1.018,105.51790085231556,105.51790085231556
fg:19683,2020,2,1058.0,0.4685562444641275,100.00000000000001,100.0,263.2,1.012,116.4564425820376,116.4564425820376
fg:19683,2021,3,1663.0,0.58085923856095,100.0,100.0,294.3,1.006,101.80107396954877,101.80107396954877
fg:19683,2022,3,1770.0,0.5959595959595959,100.0,100.0,296.9,1.0,104.25271265430557,104.25271265430557
fg:19683,2023,3,1537.0,0.5615637559371575,100.0,100.0,255.0,0.9970089730807579,95.15564030522589,95.15564030522589
fg:19698,2020,1,505.0,0.2961876832844575,100.0,100.0,250.5,1.024,93.34154829831012,93.34154829831012
fg:19698,2021,2,959.0,0.444187123668365,100.0,100.0,265.6,1.018,92.34372797138788,92.34372797138788
fg:19698,2022,3,1617.0,0.5740149094781682,100.0,100.0,298.1,1.012,98.31961556420916,98.31961556420916
fg:19698,2023,3,2954.0,0.7111218103033221,100.0,100.0,409.9,1.006,103.60139652393357,103.60139652393357
fg:19698,2024,3,3042.0,0.7171145685997171,100.0,100.0,336.5,1.0,97.07438189874208,97.07438189874208
fg:19703,2019,1,65.0,0.05138339920948617,99.99999999999999,100.0,206.5,1.018,97.84315360729445,97.84315360729445
fg:19703,2020,2,137.0,0.1024682124158564,99.99999999999999,100.0,209.8,1.012,98.59174777353553,98.59174777353553
fg:19709,2019,1,1860.0,0.6078431372549019,100.0,100.0,386.0,1.048,137.10573791041244,137.10573791041244
fg:19709,2020,2,2773.0,0.6979612383589228,100.0,100.0,365.7,1.042,141.0243292480621,141.0243292480621
fg:19709,2021,3,4874.0,0.8024366150806718,100.0,100.0,498.7,1.036,148.98160367522505,148.98160367522505
fg:19709,2023,2,4813.0,0.8004323964743056,100.0,100.0,517.5,1.024,124.62606904805583,124.62606904805583
fg:19709,2024,2,4730.0,0.7976391231028668,100.00000000000001,100.0,482.5,1.018,119.72914265716159,119.72914265716159
fg:19709,2025,3,7112.0,0.8556304138594802,100.0,100.0,589.3,1.012,124.35639574926726,124.35639574926726
fg:19710,2021,1,30.0,0.024390243902439025,100.0,100.0,203.0,1.012,100.31554115245982,100.31554115245982
fg:19710,2022,2,39.0,0.031476997578692496,99.99999999999999,100.0,202.1,1.006,97.4659018724336,97.4659018724336
fg:19712,2021,1,5.0,0.004149377593360996,99.99999999999999,100.0,200.5,1.012,100.36016597510373,100.36016597510373
fg:19716,2019,1,55.0,0.043824701195219126,100.0,100.0,205.5,1.042,96.91953559629275,96.91953559629275
fg:19716,2021,2,53.0,0.04229848363926576,100.0,100.0,202.0,1.03,95.38702707599931,95.38702707599931
fg:19717,2022,1,710.0,0.3717277486910995,100.0,100.0,271.0,1.012,109.06110450296003,109.06110450296003
fg:19717,2023,2,848.0,0.4140625,100.0,100.0,242.2,1.006,94.48741902148545,94.48741902148545
fg:19722,2024,1,75.0,0.058823529411764705,99.99999999999997,100.0,207.5,1.018,100.23218263873207,100.23218263873207
fg:19722,2025,2,2290.0,0.6561604584527221,100.0,100.0,424.5,1.012,99.05807618428543,99.05807618428543
fg:19727,2022,1,55.0,0.043824701195219126,100.0,100.0,205.5,1.012,105.25926797427856,105.25926797427856
fg:19734,2019,1,785.0,0.3954659949622166,100.0,100.0,278.5,1.018,88.70505548086564,88.70505548086564
fg:19734,2020,2,978.0,0.4490358126721763,100.0,100.0,250.7,1.012,79.2955588834514,79.2955588834514
fg:19734,2021,3,3501.0,0.7447351627313338,100.00000000000001,100.0,482.0,1.006,94.75271549905509,94.75271549905509
fg:19734,2022,3,4960.0,0.8051948051948052,100.00000000000001,100.0,510.0,1.0,102.13340472140196,102.13340472140196
fg:19734,2023,3,5440.0,0.8192771084337349,99.99999999999999,100.0,426.0,0.9970089730807579,97.42213962184326,97.42213962184326
fg:19734,2024,3,5310.0,0.815668202764977,99.99999999999999,100.0,473.0,0.9940357852882704,93.64474022791909,93.64474022791909
fg:19734,2025,3,4009.0,0.7696294874256095,100.0,100.0,353.1,0.9910802775024778,80.49462780551478,80.49462780551478
fg:19742,2021,1,10.0,0.008264462809917356,100.0,100.0,201.0,1.012,99.52727272727272,99.52727272727272
fg:19754,2021,1,30.0,0.024390243902439025,100.0,100.0,203.0,1.018,96.83414634146342,96.83414634146342
fg:19754,2022,2,34.0,0.027552674230145867,99.99999999999999,100.0,201.6,1.012,95.62333873581846,95.62333873581846
fg:19755,2019,1,2125.0,0.6390977443609023,100.0,100.0,412.5,1.024,115.28080879890918,115.28080879890918
fg:19755,2020,2,2575.0,0.6821192052980133,100.0,100.0,330.0,1.018,106.04061128905833,106.04061128905833
fg:19755,2021,3,5170.0,0.8116169544740973,100.0,100.0,537.0,1.012,128.549184198526,128.549184198526
fg:19755,2022,3,6411.0,0.8423334647221127,100.0,100.0,596.9,1.006,134.67253744674812,134.67253744674812
fg:19755,2023,3,7576.0,0.8632634457611669,100.00000000000001,100.0,566.1,1.0,151.11076918445158,151.11076918445158
fg:19755,2024,3,8049.0,0.8702562439182614,100.0,100.0,625.4,0.9970089730807579,160.83113328126765,160.83113328126765
fg:19755,2025,3,8356.0,0.8744244453746337,100.0,100.0,636.6,0.9940357852882704,165.9781279531523,165.9781279531523
fg:19766,2021,1,10.0,0.008264462809917356,100.0,100.0,201.0,1.018,100.11735537190081,100.11735537190081
fg:19768,2022,1,75.0,0.058823529411764705,99.99999999999997,100.0,207.5,1.012,95.3329322392723,95.3329322392723
fg:19768,2023,2,90.0,0.06976744186046512,99.99999999999997,100.0,204.5,1.006,91.30935780660147,91.30935780660147
fg:19779,2022,1,35.0,0.02834008097165992,100.00000000000001,100.0,203.5,0.9970089730807579,98.47242837124779,98.47242837124779
fg:19779,2023,2,718.0,0.3743482794577685,100.0,100.0,269.7,0.9940357852882704,101.89228129699285,101.89228129699285
fg:19779,2024,3,1233.0,0.5067817509247842,99.99999999999999,100.0,279.8,0.9910802775024778,99.59144314154338,99.59144314154338
fg:19779,2025,3,982.0,0.45004582951420713,100.0,100.0,217.2,0.9881422924901185,98.11202292165115,98.11202292165115
fg:19780,2022,1,235.0,0.16376306620209058,100.00000000000001,100.0,223.5,0.9940357852882704,98.86386298029365,98.86386298029365
fg:19788,2023,1,800.0,0.4,100.0,100.0,280.0,0.9970089730807579,86.96763974625348,86.96763974625348
fg:19788,2024,2,835.0,0.4103194103194103,100.0,100.0,235.5,0.9940357852882704,89.2403706403666,89.2403706403666
fg:19795,2021,1,40.0,0.03225806451612903,100.00000000000001,100.0,204.0,1.012,97.51429193214712,97.51429193214712
fg:19800,2021,1,205.0,0.14590747330960854,100.00000000000001,100.0,220.5,1.012,79.29940815628171,79.29940815628171
fg:19802,2024,1,200.0,0.14285714285714285,100.00000000000001,100.0,220.0,1.0,90.5312468746783,90.5312468746783
fg:19802,2025,2,550.0,0.3142857142857143,100.0,100.0,243.0,0.9970089730807579,90.72971893247424,90.72971893247424
fg:19805,2021,1,25.0,0.02040816326530612,100.0,100.0,202.5,1.012,97.06938775510204,97.06938775510204
fg:19806,2022,1,835.0,0.4103194103194103,100.0,100.0,283.5,1.006,80.15681171531624,80.15681171531624
fg:19806,2023,2,1603.0,0.5718872636460934,100.0,100.0,310.2,1.0,82.1481329219786,82.1481329219786
fg:19806,2024,3,1344.0,0.5283018867924528,100.0,100.0,228.2,0.9970089730807579,84.86807228600496,84.86807228600496
fg:19813,2022,1,845.0,0.4132029339853301,100.0,100.0,284.5,1.012,102.07102917446896,102.07102917446896
fg:19813,2024,2,647.0,0.3502977801840823,100.0,100.0,214.0,1.0,104.45721473561905,104.45721473561905
fg:19818,2021,1,210.0,0.14893617021276595,100.00000000000001,100.0,221.0,1.018,92.99762315777726,92.99762315777726
fg:19818,2022,2,413.0,0.2560446373217607,100.0,100.0,228.7,1.012,86.03380559927699,86.03380559927699
fg:19818,2023,3,1642.0,0.577762139338494,100.0,100.0,336.9,1.006,85.63050885028488,85.63050885028488
fg:19818,2024,3,1593.0,0.5703544575725027,100.0,100.0,265.4,1.0,89.34195324390325,89.34195324390325
fg:19818,2025,3,1829.0,0.6038296467481017,100.0,100.0,280.3,0.9970089730807579,87.5765963974646,87.5765963974646
fg:19824,2022,1,300.0,0.2,100.0,100.0,230.0,1.006,80.27196353400295,80.27196353400295
fg:19824,2024,2,560.0,0.3181818181818182,100.0,100.0,238.0,0.9970089730807579,66.95395769902028,66.95395769902028
fg:19824,2025,2,314.0,0.2073976221928666,100.0,100.0,208.6,0.9940357852882704,77.27930885996459,77.27930885996459
fg:19826,2021,1,85.0,0.06614785992217899,99.99999999999999,100.0,208.5,1.012,87.81167315175097,87.81167315175097
fg:19828,2022,1,160.0,0.11764705882352941,100.00000000000001,100.0,216.0,1.006,97.40626148055512,97.40626148055512
fg:19828,2023,2,358.0,0.22978177150192555,100.0,100.0,226.2,1.0,96.72887457826275,96.72887457826275
fg:19842,2022,1,115.0,0.08745247148288973,100.0,100.0,211.5,1.006,95.16770529732611,95.16770529732611
fg:19842,2023,2,122.0,0.09228441754916793,100.0,100.0,205.3,1.0,92.46002015261845,92.46002015261845
fg:19844,2019,1,445.0,0.270516717325228,100.00000000000001,100.0,244.5,1.036,98.97905892059264,98.97905892059264
fg:19844,2020,2,841.0,0.4120529152376286,100.0,100.0,257.4,1.03,86.20719991263479,86.20719991263479
fg:19844,2021,3,2530.0,0.67828418230563,100.0,100.0,397.2,1.024,92.17140633116949,92.17140633116949
fg:19844,2022,3,3551.0,0.7474215954535888,100.0,100.0,413.5,1.018,82.40848025147558,82.40848025147558
fg:19844,2023,3,2638.0,0.6873371547681084,99.99999999999999,100.0,245.7,1.012,89.86323293642727,89.86323293642727
fg:19844,2024,3,2960.0,0.7115384615384616,100.0,100.0,384.1,1.006,88.38770305094405,88.38770305094405
fg:19844,2025,3,2939.0,0.7100748973181928,100.0,100.0,378.4,1.0,89.87968123475028,89.87968123475028
fg:19858,2019,1,2030.0,0.628482972136223,100.0,100.0,403.0,1.036,92.65448289316053,92.65448289316053
fg:19858,2020,2,2154.0,0.6422182468694096,100.0,100.0,293.6,1.03,84.2593565336132,84.2593565336132
fg:19858,2021,3,2592.0,0.6835443037974683,100.0,100.0,305.6,1.024,76.55617532568702,76.55617532568702
fg:19858,2022,3,3633.0,0.7517070142768467,100.0,100.0,474.5,1.018,90.6897765001968,90.6897765001968
fg:19858,2023,3,4839.0,0.8012916045702931,100.00000000000001,100.0,473.6,1.012,102.61501323765637,102.61501323765637
fg:19858,2024,3,4833.0,0.8010939830929885,99.99999999999999,100.0,396.5,1.006,110.16654607680782,110.16654607680782
fg:19858,2025,3,5256.0,0.8141263940520446,100.0,100.0,500.9,1.0,95.00931236243495,95.00931236243495
fg:19859,2022,1,415.0,0.25696594427244585,100.0,100.0,241.5,1.018,91.91279727451601,91.91279727451601
fg:19859,2023,2,857.0,0.41662615459406904,100.0,100.0,260.8,1.012,94.25692546215578,94.25692546215578
fg:19859,2024,3,914.0,0.4323557237464522,100.0,100.0,235.0,1.006,96.19021805991424,96.19021805991424
fg:19864,2021,1,600.0,0.3333333333333333,100.0,100.0,260.0,1.018,103.71110949598884,103.71110949598884
fg:19864,2022,2,1255.0,0.5112016293279023,99.99999999999999,100.0,289.5,1.012,88.76612098654921,88.76612098654921
fg:19864,2023,3,1770.0,0.5959595959595959,100.0,100.0,294.5,1.006,96.71599492230128,96.71599492230128
fg:19864,2024,3,1747.0,0.5928062436375976,100.0,100.0,280.8,1.0,91.15891375348798,91.15891375348798
fg:19864,2025,3,2424.0,0.6688741721854304,100.0,100.0,356.0,0.9970089730807579,81.18799846438047,81.18799846438047
fg:19865,2021,1,5.0,0.004149377593360996,99.99999999999999,100.0,200.5,1.018,100.9551867219917,100.9551867219917
fg:19867,2019,1,10.0,0.008264462809917356,100.0,100.0,201.0,1.03,101.29752066115702,101.29752066115702
fg:19867,2021,2,11.0,0.009083402146985962,100.0,100.0,200.5,1.018,99.95061932287366,99.95061932287366
fg:19871,2021,1,30.0,0.024390243902439025,100.0,100.0,203.0,1.018,96.83414634146342,96.83414634146342
fg:19872,2021,1,155.0,0.11439114391143912,100.0,100.0,215.5,1.012,87.31977100762161,87.31977100762161
fg:19873,2021,1,415.0,0.25696594427244585,100.0,100.0,241.5,1.018,86.19502589495777,86.19502589495777
fg:19873,2022,2,417.0,0.25788497217068646,100.0,100.0,216.8,1.012,85.44809069855941,85.44809069855941
fg:19873,2023,3,462.0,0.2779783393501805,99.99999999999999,100.0,216.2,1.006,92.00043145284982,92.00043145284982
fg:19877,2023,1,25.0,0.02040816326530612,100.0,100.0,202.5,1.006,104.39704963888269,104.39704963888269
fg:19877,2024,2,175.0,0.12727272727272726,100.0,100.0,216.0,1.0,92.08407234838953,92.08407234838953
fg:19877,2025,3,569.0,0.32165065008479365,100.0,100.0,246.1,0.9970089730807579,92.03835478215389,92.03835478215389
fg:19878,2019,1,1210.0,0.5020746887966805,100.0,100.0,321.0,1.03,96.28471526077057,96.28471526077057
fg:19878,2020,2,1428.0,0.54337899543379,100.00000000000001,100.0,270.2,1.024,95.30051112713883,95.30051112713883
fg:19878,2021,3,1199.0,0.49979157982492706,100.0,100.0,219.7,1.018,91.89274228595076,91.89274228595076
fg:19878,2022,3,485.0,0.2878338278931751,100.0,100.0,214.6,1.012,92.61700025372774,92.61700025372774
fg:19878,2023,3,358.0,0.22978177150192555,100.0,100.0,222.0,1.006,89.68691737549182,89.68691737549182
fg:19879,2021,1,5.0,0.004149377593360996,99.99999999999999,100.0,200.5,1.018,100.9551867219917,100.9551867219917
fg:19884,2021,1,20.0,0.01639344262295082,99.99999999999999,100.0,202.0,1.018,100.69114840243988,100.69114840243988
fg:19890,2021,1,490.0,0.28994082840236685,100.0,100.0,249.0,1.018,95.2204916775169,95.2204916775169
fg:19890,2022,2,2187.0,0.645704162976085,100.0,100.0,389.3,1.012,95.68313327253301,95.68313327253301
fg:19890,2023,3,3145.0,0.7238204833141542,100.0,100.0,377.4,1.006,91.50718385473118,91.50718385473118
fg:19890,2024,3,3719.0,0.7560479772311446,100.0,100.0,379.3,1.0,90.56315749369217,90.56315749369217
fg:19890,2025,3,2692.0,0.6916752312435765,100.0,100.0,293.7,0.9970089730807579,85.7857861746405,85.7857861746405
fg:19892,2020,1,220.0,0.15492957746478872,100.0,100.0,222.0,1.024,101.9921403172859,101.9921403172859
fg:19892,2021,2,2901.0,0.7073884418434528,100.00000000000001,100.0,476.9,1.018,100.02533012938787,100.02533012938787
fg:19892,2022,3,3697.0,0.7549520114355728,100.0,100.0,393.0,1.012,96.1892182576455,96.1892182576455
fg:19892,2023,3,3883.0,0.7639189455046232,99.99999999999999,100.0,341.7,1.006,92.5155317553773,92.5155317553773
fg:19892,2024,3,2533.0,0.678542727029199,100.0,100.0,301.8,1.0,101.29593547928977,101.29593547928977
fg:19892,2025,3,2756.0,0.6966632962588474,100.0,100.0,359.8,0.9970089730807579,111.4400478752068,111.4400478752068
fg:19896,2021,1,70.0,0.05511811023622047,99.99999999999997,100.0,207.0,1.018,103.72353928625812,103.72353928625812
fg:19896,2022,2,336.0,0.21875,100.0,100.0,229.4,1.012,95.50450842695712,95.50450842695712
fg:19896,2023,3,2281.0,0.6552714737144498,100.0,100.0,407.1,1.006,86.54539205591122,86.54539205591122
fg:19896,2024,3,4215.0,0.778393351800554,100.00000000000001,100.0,483.8,1.0,98.06321976723419,98.06321976723419
fg:19896,2025,3,4097.0,0.7734566735888239,99.99999999999999,100.0,342.7,0.9970089730807579,88.5389827370773,88.5389827370773
fg:19899,2021,1,10.0,0.008264462809917356,100.0,100.0,201.0,1.018,101.98635260453099,101.98635260453099
fg:19901,2021,1,895.0,0.42720763723150357,100.0,100.0,289.5,1.018,111.89096144503392,111.89096144503392
fg:19901,2022,2,2766.0,0.697428139183056,100.0,100.0,422.9,1.012,105.1529292813825,105.1529292813825
fg:19901,2023,3,3897.0,0.7645673925838729,100.0,100.0,413.0,1.006,89.83719524479153,89.83719524479153
fg:19901,2024,3,5111.0,0.8098558073205514,99.99999999999999,100.0,484.9,1.0,86.8304605869879,86.8304605869879
fg:19901,2025,3,5761.0,0.827610975434564,100.0,100.0,522.6,0.9970089730807579,94.78845333977624,94.78845333977624
fg:19903,2021,1,5.0,0.004149377593360996,99.99999999999999,100.0,200.5,1.024,101.55020746887966,101.55020746887966
fg:19906,2022,1,1415.0,0.5411089866156787,100.0,100.0,341.5,1.024,86.28061655189596,86.28061655189596
fg:19906,2023,2,1137.0,0.4865211810012837,99.99999999999999,100.0,228.8,1.018,87.01944296383775,87.01944296383775
fg:19906,2024,3,893.0,0.4266602962255136,100.0,100.0,204.1,1.012,90.65488433213328,90.65488433213328
fg:19909,2020,1,385.0,0.24290220820189273,100.0,100.0,238.5,1.036,101.61226369213405,101.61226369213405
fg:19909,2021,2,393.0,0.24670433145009416,100.0,100.0,216.2,1.03,93.10617969953844,93.10617969953844
fg:19910,2024,1,25.0,0.02040816326530612,100.0,100.0,202.5,1.012,97.06938775510204,97.06938775510204
fg:19911,2019,1,10.0,0.008264462809917356,100.0,100.0,201.0,1.042,102.47768595041322,102.47768595041322
fg:19911,2021,2,11.0,0.009083402146985962,100.0,100.0,200.5,1.03,101.1288191577209,101.1288191577209
fg:19913,2020,1,145.0,0.10780669144981413,100.0,100.0,214.5,1.036,90.40814702286316,90.40814702286316
fg:19913,2021,2,1371.0,0.5332555425904317,100.0,100.0,328.4,1.03,102.98700392936799,102.98700392936799
fg:19913,2022,3,2806.0,0.7004493260109835,100.0,100.0,396.6,1.024,97.43157637810467,97.43157637810467
fg:19913,2023,3,4135.0,0.7750702905342081,100.00000000000001,100.0,435.3,1.018,103.29308892680628,103.29308892680628
fg:19913,2024,3,5322.0,0.8160073597056118,100.0,100.0,508.7,1.012,101.86490141041037,101.86490141041037
fg:19913,2025,3,5839.0,0.8295212388123313,100.0,100.0,502.2,1.006,100.02122594006414,100.02122594006414
fg:19918,2020,1,575.0,0.323943661971831,100.0,100.0,257.5,1.03,94.86061888111125,94.86061888111125
fg:19918,2021,2,2035.0,0.6290571870170015,100.0,100.0,369.0,1.024,98.8612103727786,98.8612103727786
fg:19918,2022,3,4565.0,0.7918473547267997,100.00000000000003,100.0,527.5,1.018,103.61852827557978,103.61852827557978
fg:19918,2023,3,6218.0,0.838231329199245,100.0,100.0,549.7,1.012,97.04071756601039,97.04071756601039
fg:19918,2024,3,6665.0,0.8474253019707565,100.0,100.0,514.6,1.006,96.9362796016259,96.9362796016259
fg:19918,2025,3,5150.0,0.8110236220472441,99.99999999999999,100.0,386.8,1.0,100.13494461373075,100.13494461373075
fg:19921,2023,1,840.0,0.4117647058823529,100.0,100.0,284.0,1.012,96.80699660279723,96.80699660279723
fg:19921,2024,2,2842.0,0.7031172686788718,100.0,100.0,433.8,1.006,90.26324375903768,90.26324375903768
fg:19921,2025,3,3095.0,0.7206053550640279,100.0,100.0,328.9,1.0,88.94172977823064,88.94172977823064
fg:19926,2021,1,40.0,0.03225806451612903,100.00000000000001,100.0,204.0,1.024,99.13929898070064,99.13929898070064
fg:19928,2021,1,985.0,0.45080091533180777,100.0,100.0,298.5,1.024,83.53396245166753,83.53396245166753
fg:19928,2022,2,1648.0,0.5786516853932584,100.0,100.0,305.7,1.018,84.58613341158664,84.58613341158664
fg:19928,2023,3,1974.0,0.6219281663516069,100.0,100.0,286.7,1.012,87.03565084618867,87.03565084618867
fg:19928,2024,3,1147.0,0.48870899020025566,100.0,100.0,221.4,1.006,95.76055235951638,95.76055235951638
fg:19931,2021,1,540.0,0.3103448275862069,100.0,100.0,254.0,1.024,94.30689865238462,94.30689865238462
fg:19931,2022,2,1112.0,0.4809688581314879,99.99999999999999,100.0,278.8,1.018,86.90785937963483,86.90785937963483
fg:19931,2023,3,963.0,0.44521497919556174,100.0,100.0,223.1,1.012,80.95946842585808,80.95946842585808
fg:19931,2024,3,744.0,0.38271604938271603,100.0,100.0,227.9,1.006,80.42908714958605,80.42908714958605
fg:19931,2025,3,435.0,0.26605504587155965,100.0,100.0,222.2,1.0,77.59863327359669,77.59863327359669
fg:19938,2020,1,5.0,0.004149377593360996,100.0,100.0,200.5,1.03,102.14522821576764,102.14522821576764
fg:19938,2022,2,58.0,0.046104928457869634,100.0,100.0,205.5,1.018,92.41303656597775,92.41303656597775
fg:1994,2019,1,25.0,0.02040816326530612,100.0,100.0,202.5,0.9881422924901185,94.78099540211342,94.78099540211342
fg:19948,2020,1,20.0,0.01639344262295082,99.99999999999999,100.0,202.0,1.042,103.02112722953684,103.02112722953684
fg:19948,2021,2,356.0,0.22879177377892032,100.0,100.0,234.4,1.036,78.57959554937486,78.57959554937486
fg:19948,2022,3,1584.0,0.5689655172413793,100.0,100.0,336.8,1.03,59.68592210015053,59.68592210015053
fg:19948,2023,3,1719.0,0.5889003083247688,100.0,100.0,273.5,1.024,69.97245617807428,69.97245617807428
fg:19948,2024,3,2075.0,0.6335877862595419,100.0,100.0,301.0,1.018,72.8256011164452,72.8256011164452
fg:19950,2020,1,660.0,0.3548387096774194,100.0,100.0,266.0,1.042,106.19048280030685,106.19048280030685
fg:19950,2021,2,1578.0,0.5680345572354212,100.0,100.0,318.2,1.036,95.22330391296576,95.22330391296576
fg:19950,2022,3,4021.0,0.7701589733767478,100.00000000000001,100.0,499.5,1.03,121.92684198594128,121.92684198594128
fg:19950,2023,3,5938.0,0.8318856822639394,100.0,100.0,563.7,1.024,111.73416507354389,111.73416507354389
fg:19950,2024,3,7300.0,0.8588235294117647,100.0,100.0,578.1,1.018,102.57850816714154,102.57850816714154
fg:19950,2025,3,6225.0,0.8383838383838383,100.0,100.0,447.8,1.012,87.06649078643468,87.06649078643468
fg:19951,2021,1,205.0,0.14590747330960854,100.00000000000001,100.0,220.5,1.03,78.60621657970441,78.60621657970441
fg:19952,2021,1,90.0,0.06976744186046512,100.0,100.0,209.0,1.03,91.51561730309102,91.51561730309102
fg:19952,2022,2,82.0,0.06396255850234009,99.99999999999999,100.0,202.8,1.024,97.19611642303505,97.19611642303505
fg:19953,2021,1,10.0,0.008264462809917356,100.0,100.0,201.0,1.03,105.73773015769501,105.73773015769501
fg:19953,2022,2,998.0,0.454049135577798,100.0,100.0,299.2,1.024,95.03300448084693,95.03300448084693
fg:19953,2023,3,3303.0,0.7335109926715523,100.0,100.0,470.3,1.018,115.99529080949357,115.99529080949357
fg:19953,2024,3,4533.0,0.7906855049712193,100.00000000000001,100.0,443.6,1.012,109.23541603169801,109.23541603169801
fg:19953,2025,3,5226.0,0.8132586367880486,99.99999999999999,100.0,456.2,1.006,100.13928244905885,100.13928244905885
fg:19955,2019,1,410.0,0.2546583850931677,100.00000000000001,100.0,241.0,1.042,100.45983004347424,100.45983004347424
fg:19955,2020,2,673.0,0.3593166043780032,100.0,100.0,242.7,1.036,93.54826315630122,93.54826315630122
fg:19955,2021,3,2427.0,0.6691480562448304,100.0,100.0,397.4,1.03,93.7309977432483,93.7309977432483
fg:19955,2022,3,4086.0,0.7729852440408627,100.0,100.0,473.6,1.024,104.09367974580984,104.09367974580984
fg:19955,2024,2,3848.0,0.7622820919175911,99.99999999999999,100.0,443.5,1.012,104.16058002002858,104.16058002002858
fg:19955,2025,2,4463.0,0.7880981811760551,100.00000000000001,100.0,500.2,1.006,100.68815529561346,100.68815529561346
fg:19956,2020,1,90.0,0.06976744186046512,100.0,100.0,209.0,1.036,102.58536081028586,102.58536081028586
fg:19956,2021,2,257.0,0.17638984214138642,100.0,100.0,220.3,1.03,87.38039483774591,87.38039483774591
fg:19956,2022,3,762.0,0.38837920489296635,100.0,100.0,259.7,1.024,75.43885943119956,75.43885943119956
fg:19956,2023,3,2174.0,0.6443390634262004,100.0,100.0,372.7,1.018,96.9771175022847,96.9771175022847
fg:19956,2024,3,3718.0,0.7559983733224889,100.0,100.0,441.3,1.012,92.39757535851783,92.39757535851783
fg:19956,2025,3,4946.0,0.804751057598438,100.00000000000001,100.0,472.3,1.006,101.32865084996148,101.32865084996148
fg:19957,2023,1,180.0,0.13043478260869565,100.00000000000001,100.0,218.0,1.012,87.58342247860534,87.58342247860534
fg:19958,2019,1,215.0,0.1519434628975265,100.0,100.0,221.5,1.042,91.20682554592501,91.20682554592501
fg:19958,2020,2,782.0,0.39455095862764883,100.0,100.0,265.3,1.036,85.92864463614637,85.92864463614637
fg:19958,2021,3,1862.0,0.6080992815153494,100.0,100.0,336.7,1.03,81.38422258061392,81.38422258061392
fg:19958,2023,2,1217.0,0.5035167563094746,100.0,100.0,247.0,1.018,86.41211242471213,86.41211242471213
fg:19958,2025,2,322.0,0.21156373193166886,100.0,100.0,204.0,1.006,93.4239896162161,93.4239896162161
fg:19959,2021,1,100.0,0.07692307692307693,100.0,100.0,210.0,1.03,93.9592062303566,93.9592062303566
fg:19960,2021,1,890.0,0.4258373205741627,100.0,100.0,289.0,1.03,91.07489183639225,91.07489183639225
fg:19960,2022,2,1297.0,0.5194233079695635,100.00000000000001,100.0,276.3,1.024,94.63139102368011,94.63139102368011
fg:19960,2023,3,1282.0,0.5165189363416599,100.0,100.0,239.7,1.018,93.83083241974097,93.83083241974097
fg:19960,2024,3,615.0,0.33884297520661155,100.0,100.0,209.6,1.012,97.53711169456531,97.53711169456531
fg:19960,2025,3,875.0,0.42168674698795183,100.0,100.0,268.3,1.006,91.36265355300428,91.36265355300428
fg:19961,2021,1,200.0,0.14285714285714285,100.00000000000001,100.0,220.0,1.03,90.65188666899022,90.65188666899022
fg:19964,2022,1,30.0,0.024390243902439025,100.0,100.0,203.0,1.036,102.8459070659933,102.8459070659933
fg:19964,2023,2,209.0,0.1483321504613201,100.00000000000001,100.0,219.1,1.03,103.16479211336333,103.16479211336333
fg:19964,2024,3,451.0,0.27316777710478496,100.0,100.0,232.2,1.024,106.95956391934858,106.95956391934858
fg:19966,2020,1,460.0,0.27710843373493976,100.0,100.0,246.0,1.018,116.26464469996064,116.26464469996064
fg:19966,2021,2,2633.0,0.6869292981998435,100.0,100.0,435.7,1.012,109.76307133996687,109.76307133996687
fg:19966,2022,3,3853.0,0.7625173164456759,100.0,100.0,421.8,1.006,98.39979099853976,98.39979099853976
fg:19966,2023,3,3036.0,0.71671388101983,99.99999999999999,100.0,261.8,1.0,92.1491963629061,92.1491963629061
fg:19966,2024,3,1736.0,0.5912806539509536,100.0,100.0,251.8,0.9970089730807579,75.70602872050337,75.70602872050337
fg:19966,2025,3,636.0,0.3464052287581699,100.0,100.0,219.8,0.9940357852882704,77.31658638436747,77.31658638436747
fg:19967,2022,1,130.0,0.09774436090225563,100.0,100.0,213.0,1.006,92.74663273380658,92.74663273380658
fg:19968,2020,1,80.0,0.0625,100.0,100.0,208.0,1.024,95.77546254308136,95.77546254308136
fg:19968,2021,2,279.0,0.18864097363083165,100.0,100.0,223.1,1.018,85.02361677260355,85.02361677260355
fg:19977,2019,1,10.0,0.008264462809917356,100.0,100.0,201.0,1.024,100.70743801652893,100.70743801652893
fg:19977,2021,2,541.0,0.31074095347501435,100.0,100.0,253.5,1.012,102.61805236180489,102.61805236180489
fg:19977,2022,2,693.0,0.36608557844690964,100.0,100.0,237.2,1.006,90.21703741246542,90.21703741246542
fg:19977,2023,3,543.0,0.31153184165232356,100.0,100.0,206.3,1.0,89.80162957084994,89.80162957084994
fg:19979,2019,1,5.0,0.004149377593360996,99.99999999999999,100.0,200.5,1.024,101.55020746887966,101.55020746887966
fg:19981,2019,1,5.0,0.004149377593360996,99.99999999999999,100.0,200.5,1.024,101.55020746887966,101.55020746887966
fg:19983,2022,1,295.0,0.19732441471571907,100.0,100.0,229.5,1.018,111.2926733273147,111.2926733273147
fg:19983,2023,2,666.0,0.35691318327974275,100.0,100.0,248.9,1.012,109.01253310272358,109.01253310272358
fg:19983,2024,3,561.0,0.3185689948892675,100.0,100.0,212.6,1.006,105.33304937376715,105.33304937376715
fg:19990,2019,1,45.0,0.03614457831325301,100.0,100.0,204.5,1.042,100.82482806292305,100.82482806292305
fg:19990,2021,2,152.0,0.11242603550295859,100.0,100.0,212.5,1.03,85.55836022030341,85.55836022030341
fg:19995,2019,1,5.0,0.004149377593360996,99.99999999999999,100.0,200.5,1.024,101.55020746887966,101.55020746887966
fg:19997,2020,1,330.0,0.21568627450980393,100.0,100.0,233.0,1.018,95.66873353513046,95.66873353513046
fg:19997,2021,2,1494.0,0.5545657015590201,100.0,100.0,329.6,1.012,105.31951643720174,105.31951643720174
fg:19997,2022,3,3637.0,0.7519123423609675,100.0,100.0,470.1,1.006,102.33123341473456,102.33123341473456
fg:19997,2023,3,3972.0,0.7679814385150812,100.0,100.0,376.1,1.0,96.92485802730722,96.92485802730722
fg:19997,2024,3,4444.0,0.7873848334514528,99.99999999999997,100.0,420.9,0.9970089730807579,87.67525038234197,87.67525038234197
fg:19997,2025,3,3966.0,0.7677119628339141,100.0,100.0,403.1,0.9940357852882704,75.93422426129226,75.93422426129226
fg:20002,2022,1,95.0,0.07335907335907337,100.0,100.0,209.5,1.012,92.11477522511844,92.11477522511844
fg:20002,2023,2,316.0,0.20844327176781002,100.0,100.0,225.9,1.006,83.83517680522532,83.83517680522532
fg:20002,2024,3,614.0,0.33847850055126794,100.0,100.0,241.3,1.0,80.42657438242775,80.42657438242775
fg:20002,2025,3,856.0,0.4163424124513619,100.0,100.0,249.3,0.9970089730807579,96.14860922091547,96.14860922091547
fg:20003,2019,1,1740.0,0.5918367346938775,100.0,100.0,374.0,1.036,127.42776288722436,127.42776288722436
fg:20003,2020,2,2622.0,0.6860282574568289,100.0,100.0,357.8,1.03,113.50626879859104,113.50626879859104
fg:20003,2021,3,3013.0,0.715167339188227,100.0,100.0,323.1,1.024,98.07407319525711,98.07407319525711
fg:20003,2022,3,2856.0,0.7041420118343196,100.0,100.0,352.7,1.018,95.30033769408254,95.30033769408254
fg:20003,2024,2,933.0,0.43741209563994377,100.0,100.0,213.5,1.006,98.33513200773987,98.33513200773987
fg:20003,2025,2,213.0,0.15074309978768577,100.0,100.0,213.2,1.0,88.17740212356954,88.17740212356954
fg:20017,2022,1,85.0,0.06614785992217899,99.99999999999999,100.0,208.5,1.012,96.20789790752332,96.20789790752332
fg:20017,2023,2,813.0,0.4038748137108793,100.0,100.0,276.2,1.006,87.52324293794929,87.52324293794929
fg:20017,2024,3,1177.0,0.4951619688683214,100.0,100.0,267.9,1.0,76.86329111120375,76.86329111120375
fg:20017,2025,3,1746.0,0.5926680244399185,100.0,100.0,298.1,0.9970089730807579,81.75945953411109,81.75945953411109
fg:20022,2022,1,5.0,0.004149377593360996,99.99999999999999,100.0,200.5,1.006,99.76514522821576,99.76514522821576
fg:20023,2019,1,5.0,0.004149377593360996,99.99999999999999,100.0,200.5,1.018,100.9551867219917,100.9551867219917
fg:20034,2021,1,25.0,0.02040816326530612,100.0,100.0,202.5,1.006,98.2069064725568,98.2069064725568
fg:20036,2020,1,540.0,0.3103448275862069,100.0,100.0,254.0,1.042,90.8275332315007,90.8275332315007
fg:20036,2021,2,857.0,0.41662615459406904,100.0,100.0,253.3,1.036,88.49687906977113,88.49687906977113
fg:20036,2022,3,2569.0,0.6816131599893871,100.0,100.0,399.0,1.03,104.39059756654191,104.39059756654191
fg:20036,2023,3,4634.0,0.7943092218032225,100.00000000000001,100.0,523.6,1.024,123.07354457877851,123.07354457877851
fg:20036,2024,3,6632.0,0.8467824310520939,100.0,100.0,577.6,1.018,121.47596028575188,121.47596028575188
fg:20036,2025,3,6467.0,0.8434850658667015,100.0,100.0,483.1,1.012,122.94137089698152,122.94137089698152
fg:20038,2021,1,10.0,0.008264462809917356,100.0,100.0,201.0,1.018,100.11735537190081,100.11735537190081
fg:20039,2019,1,5.0,0.004149377593360996,99.99999999999999,100.0,200.5,1.048,103.93029045643152,103.93029045643152
fg:20039,2021,2,8.0,0.006622516556291391,100.00000000000001,100.0,200.5,1.036,102.22781456953643,102.22781456953643
fg:20040,2020,1,75.0,0.058823529411764705,99.99999999999999,100.0,207.5,1.03,106.97190188579191,106.97190188579191
fg:20041,2019,1,25.0,0.02040816326530612,100.0,100.0,202.5,1.036,99.37142857142858,99.37142857142858
fg:20043,2020,1,1135.0,0.4860813704496788,100.00000000000001,100.0,313.5,1.036,102.93259971868996,102.93259971868996
fg:20043,2021,2,2388.0,0.6655518394648829,100.0,100.0,370.7,1.03,126.03035862142933,126.03035862142933
fg:20043,2022,3,3870.0,0.7633136094674556,100.0,100.0,430.1,1.024,119.85964962574472,119.85964962574472
fg:20043,2023,3,5467.0,0.8200089995500225,100.0,100.0,537.6,1.018,125.11205819948597,125.11205819948597
fg:20043,2024,3,5708.0,0.8262883613202084,100.0,100.0,472.0,1.012,108.37714669807617,108.37714669807617
fg:20043,2025,3,5640.0,0.8245614035087719,99.99999999999999,100.0,458.0,1.006,99.07176012974529,99.07176012974529
fg:20047,2021,1,55.0,0.043824701195219126,100.0,100.0,205.5,1.018,99.40533271083025,99.40533271083025
fg:20054,2022,1,615.0,0.33884297520661155,100.0,100.0,261.5,1.012,81.48119598957291,81.48119598957291
fg:20054,2023,2,642.0,0.3485342019543974,100.0,100.0,227.3,1.006,79.88590628735741,79.88590628735741
fg:20054,2024,3,864.0,0.4186046511627907,100.0,100.0,240.5,1.0,85.19142255762107,85.19142255762107
fg:20056,2021,1,250.0,0.1724137931034483,100.00000000000001,100.0,225.0,1.018,90.568530718773,90.568530718773
fg:20056,2022,2,825.0,0.4074074074074074,100.0,100.0,267.5,1.012,92.89245571008404,92.89245571008404
fg:20056,2023,3,1785.0,0.5979899497487438,100.0,100.0,326.0,1.006,80.16221160399265,80.16221160399265
fg:20056,2024,3,1618.0,0.57416607523066,100.0,100.0,256.2,1.0,71.09796385411084,71.09796385411084
fg:20056,2025,3,1164.0,0.49238578680203043,100.0,100.0,228.2,0.9970089730807579,64.37577162047691,64.37577162047691
fg:20070,2021,1,25.0,0.02040816326530612,100.0,100.0,202.5,1.024,98.22040816326532,98.22040816326532
fg:20074,2021,1,5.0,0.004149377593360996,99.99999999999999,100.0,200.5,1.006,99.76514522821576,99.76514522821576
fg:20078,2020,1,1010.0,0.45701357466063347,100.0,100.0,301.0,1.024,86.82163915211038,86.82163915211038
fg:20078,2021,2,1328.0,0.5253164556962026,100.00000000000003,100.0,272.2,1.018,75.04043342935606,75.04043342935606
fg:20084,2025,1,490.0,0.28994082840236685,100.0,100.0,249.0,0.9940357852882704,93.31796065619447,93.31796065619447
fg:20099,2019,1,230.0,0.16083916083916083,100.0,100.0,223.0,1.03,79.39813538352347,79.39813538352347
fg:20099,2021,2,348.0,0.2248062015503876,100.0,100.0,221.0,1.018,66.25868734156964,66.25868734156964
fg:20122,2022,1,305.0,0.2026578073089701,100.0,100.0,230.5,1.006,83.6560465624776,83.6560465624776
fg:20123,2019,1,3295.0,0.7330367074527252,100.00000000000001,100.0,529.5,1.048,137.49931725635116,137.49931725635116
fg:20123,2020,2,3616.0,0.7508305647840532,100.0,100.0,363.9,1.042,150.0275004263294,150.0275004263294
fg:20123,2021,3,6031.0,0.834047849536717,100.0,100.0,546.6,1.036,156.91390435723176,156.91390435723176
fg:20123,2022,3,6524.0,0.8446400828586225,100.0,100.0,597.4,1.03,153.43150193277432,153.43150193277432
fg:20123,2023,3,8158.0,0.8717674716819833,100.00000000000001,100.0,620.4,1.024,150.15076939146618,150.15076939146618
fg:20123,2024,3,8389.0,0.8748566065283137,100.0,100.0,627.3,1.018,158.2563967658664,158.2563967658664
fg:20123,2025,3,8551.0,0.8769356989026766,100.0,100.0,628.8,1.012,157.7542975554042,157.7542975554042
fg:20126,2020,1,595.0,0.33147632311977715,100.0,100.0,259.5,1.042,92.37180700958442,92.37180700958442
fg:20126,2021,2,3571.0,0.7484804024313562,100.00000000000001,100.0,521.4,1.036,107.7591846176261,107.7591846176261
fg:20126,2022,3,5273.0,0.8146145527576085,100.0,100.0,505.9,1.03,104.87159759551952,104.87159759551952
fg:20126,2023,3,5084.0,0.8090388287714831,99.99999999999999,100.0,376.3,1.024,101.93367845683098,101.93367845683098
fg:20126,2024,3,3809.0,0.7604312237971651,99.99999999999999,100.0,358.0,1.018,88.94559231456144,88.94559231456144
fg:20126,2025,3,3030.0,0.7163120567375887,100.0,100.0,347.0,1.012,82.2767151544127,82.2767151544127
fg:20157,2022,1,110.0,0.08396946564885496,100.0,100.0,211.0,1.006,94.0800133364415,94.0800133364415
fg:20157,2023,2,783.0,0.394856278366112,100.0,100.0,271.7,1.0,98.07273675076354,98.07273675076354
fg:20157,2024,3,637.0,0.34676102340773,100.0,100.0,215.4,0.9970089730807579,99.44508048326514,99.44508048326514
fg:20165,2022,1,355.0,0.2282958199356913,100.0,100.0,235.5,1.012,93.4408877502137,93.4408877502137
fg:20167,2021,1,65.0,0.05138339920948617,99.99999999999996,100.0,206.5,1.03,96.36609416805868,96.36609416805868
fg:20178,2022,1,250.0,0.1724137931034483,100.00000000000001,100.0,225.0,1.036,90.3636247759313,90.3636247759313
fg:20178,2023,2,1720.0,0.589041095890411,100.0,100.0,357.0,1.03,88.93728805111283,88.93728805111283
fg:20178,2024,3,2551.0,0.6800853105838444,100.0,100.0,348.9,1.024,76.52067900852539,76.52067900852539
fg:20178,2025,3,4705.0,0.7967823878069432,100.00000000000003,100.0,508.2,1.018,90.85321696721213,90.85321696721213
fg:20185,2021,1,10.0,0.008264462809917356,100.0,100.0,201.0,1.024,100.70743801652893,100.70743801652893
fg:20186,2019,1,55.0,0.043824701195219126,100.0,100.0,205.5,1.03,103.1037934840373,103.1037934840373
fg:20191,2021,1,10.0,0.008264462809917356,100.0,100.0,201.0,1.018,102.45144716108885,102.45144716108885
fg:20202,2021,1,1300.0,0.52,100.0,100.0,330.0,1.03,94.78658175670067,94.78658175670067
fg:20202,2022,2,3345.0,0.735973597359736,100.0,100.0,456.5,1.024,93.35609778835571,93.35609778835571
fg:20202,2023,3,4984.0,0.8059508408796895,100.00000000000001,100.0,482.1,1.018,105.90633960275922,105.90633960275922
fg:20202,2024,3,5651.0,0.8248430886002044,100.0,100.0,485.2,1.012,108.192221243087,108.192221243087
fg:20202,2025,3,5445.0,0.8194130925507901,99.99999999999999,100.0,460.1,1.006,113.00780224993765,113.00780224993765
fg:20203,2021,1,10.0,0.008264462809917356,100.0,100.0,201.0,1.018,100.11735537190081,100.11735537190081
fg:20218,2021,1,5.0,0.004149377593360996,99.99999999999999,100.0,200.5,1.024,101.55020746887966,101.55020746887966
fg:20220,2020,1,660.0,0.3548387096774194,100.0,100.0,266.0,1.042,76.91343421495122,76.91343421495122
fg:20220,2021,2,1228.0,0.5057660626029654,99.99999999999999,100.0,283.2,1.036,83.7378237496648,83.7378237496648
fg:20220,2022,3,2381.0,0.6648980731639207,100.0,100.0,356.5,1.03,83.50589294746591,83.50589294746591
fg:20220,2023,3,1870.0,0.6091205211726385,100.0,100.0,259.5,1.024,90.83710147067401,90.83710147067401
fg:20220,2024,3,3358.0,0.7367266344888109,100.0,100.0,431.7,1.018,92.17557743983859,92.17557743983859
fg:20220,2025,3,4855.0,0.8018166804293972,100.00000000000001,100.0,531.6,1.012,104.02886996712878,104.02886996712878
fg:20233,2021,1,310.0,0.2052980132450331,100.0,100.0,231.0,1.036,87.30444986020703,87.30444986020703
fg:20233,2022,2,1983.0,0.6229971724787936,100.0,100.0,379.7,1.03,86.09813458741637,86.09813458741637
fg:20242,2021,1,180.0,0.13043478260869565,100.00000000000001,100.0,218.0,1.024,89.80388003686048,89.80388003686048
fg:20242,2022,2,899.0,0.4282991900905193,100.0,100.0,279.1,1.018,75.4404410204417,75.4404410204417
fg:20242,2023,3,1442.0,0.5457986373959122,100.0,100.0,288.1,1.012,70.40745356728142,70.40745356728142
fg:20253,2021,1,15.0,0.012345679012345678,99.99999999999999,100.0,201.5,1.012,98.70123456790122,98.70123456790122
fg:20263,2021,1,5.0,0.004149377593360996,99.99999999999999,100.0,200.5,1.036,104.63292417020601,104.63292417020601
fg:20263,2022,2,29.0,0.023596419853539462,100.0,100.0,202.6,1.03,103.8458708048902,103.8458708048902
fg:20275,2020,1,400.0,0.25,100.0,100.0,240.0,1.042,98.08511896276866,98.08511896276866
fg:20275,2021,2,695.0,0.36675461741424803,100.0,100.0,245.5,1.036,93.4800831623461,93.4800831623461
fg:20275,2022,3,745.0,0.38303341902313626,100.0,100.0,228.0,1.03,84.21223182092507,84.21223182092507
fg:20275,2023,3,719.0,0.3746743095362168,100.0,100.0,237.1,1.024,78.30102044784998,78.30102044784998
fg:20277,2021,1,15.0,0.012345679012345678,99.99999999999999,100.0,201.5,1.018,101.57775507318996,101.57775507318996
fg:20287,2021,1,490.0,0.28994082840236685,100.0,100.0,249.0,1.03,85.42765814301309,85.42765814301309
fg:20287,2023,2,689.0,0.3647432503970355,100.0,100.0,239.5,1.018,78.44079493930379,78.44079493930379
fg:20287,2024,2,1956.0,0.6197718631178707,100.0,100.0,371.9,1.012,87.66723389173289,87.66723389173289
fg:20287,2025,3,2189.0,0.6459132487459428,100.0,100.0,296.8,1.006,77.6891017726936,77.6891017726936
fg:20302,2021,1,100.0,0.07692307692307693,100.0,100.0,210.0,1.018,91.65303109419102,91.65303109419102
fg:20308,2021,1,815.0,0.4044665012406948,100.0,100.0,281.5,1.018,105.58222146598905,105.58222146598905
fg:20308,2022,2,1452.0,0.5475113122171946,100.0,100.0,296.3,1.012,93.11079339965468,93.11079339965468
fg:20308,2023,3,2834.0,0.7025285076846802,100.0,100.0,386.5,1.006,90.8574408245455,90.8574408245455
fg:20308,2024,3,4409.0,0.7860581208771618,100.00000000000001,100.0,490.6,1.0,87.01133954553126,87.01133954553126
fg:20308,2025,3,4980.0,0.8058252427184466,100.00000000000001,100.0,441.8,0.9970089730807579,94.79645119890628,94.79645119890628
fg:20311,2023,1,1615.0,0.5737122557726465,100.0,100.0,361.5,1.006,88.76624167562375,88.76624167562375
fg:20311,2024,2,2237.0,0.6508583066627873,100.0,100.0,326.8,1.0,83.04598030272192,83.04598030272192
fg:20311,2025,3,1790.0,0.5986622073578596,100.0,100.0,225.4,0.9970089730807579,83.81197298742603,83.81197298742603
fg:20312,2021,1,5.0,0.004149377593360996,99.99999999999999,100.0,200.5,1.018,100.9551867219917,100.9551867219917
fg:20321,2021,1,85.0,0.06614785992217899,99.99999999999999,100.0,208.5,1.018,96.80668051733122,96.80668051733122
fg:20321,2022,2,618.0,0.33993399339933994,100.0,100.0,256.7,1.012,105.10618711278477,105.10618711278477
fg:20321,2023,3,1766.0,0.5954146999325691,100.0,100.0,338.5,1.006,98.11294600954093,98.11294600954093
fg:20321,2024,3,2515.0,0.676985195154778,100.0,100.0,342.0,1.0,92.40991154393342,92.40991154393342
fg:20321,2025,3,1972.0,0.6216897856242118,100.0,100.0,250.8,0.9970089730807579,88.15771980688355,88.15771980688355
fg:20325,2021,1,1155.0,0.49044585987261147,100.0,100.0,315.5,1.03,100.37590041898365,100.37590041898365
fg:20325,2022,2,1704.0,0.5867768595041323,100.0,100.0,301.1,1.024,96.68136620530926,96.68136620530926
fg:20325,2023,3,2912.0,0.708171206225681,100.0,100.0,375.1,1.018,105.68588847007697,105.68588847007697
fg:20325,2024,3,2634.0,0.6870109546165885,100.0,100.0,320.9,1.012,101.08912770595487,101.08912770595487
fg:20332,2020,1,10.0,0.008264462809917356,99.99999999999999,100.0,201.0,1.024,102.66851459276823,102.66851459276823
fg:20332,2021,2,63.0,0.0498812351543943,100.0,100.0,205.7,1.018,104.90798002674849,104.90798002674849
fg:20332,2022,3,1800.0,0.6,100.0,100.0,376.1,1.012,99.57972883953127,99.57972883953127
fg:20339,2021,1,85.0,0.06614785992217899,99.99999999999999,100.0,208.5,1.006,97.37916400057631,97.37916400057631
fg:20352,2021,1,665.0,0.35656836461126007,100.0,100.0,266.5,1.018,92.44131634616636,92.44131634616636
fg:20352,2022,2,1427.0,0.5432051770079939,100.0,100.0,302.8,1.012,72.49312419887002,72.49312419887002
fg:20352,2023,3,1375.0,0.5339805825242718,100.0,100.0,243.9,1.006,81.9726419739351,81.9726419739351
fg:20352,2024,3,3005.0,0.7146254458977408,100.0,100.0,431.2,1.0,90.13588355568908,90.13588355568908
fg:20352,2025,3,4904.0,0.8034076015727392,100.00000000000001,100.0,539.2,0.9970089730807579,97.80181491949757,97.80181491949757
fg:2036,2019,1,325.0,0.21311475409836064,100.0,100.0,232.5,0.9910802775024778,69.39899974027085,69.39899974027085
fg:2036,2021,2,390.0,0.24528301886792453,100.0,100.0,219.5,0.9852216748768474,72.93845330583319,72.93845330583319
fg:20367,2021,1,10.0,0.008264462809917356,100.0,100.0,201.0,1.036,101.88760330578512,101.88760330578512
fg:20368,2021,1,5.0,0.004149377593360996,99.99999999999999,100.0,200.5,1.018,100.9551867219917,100.9551867219917
fg:20369,2021,1,5.0,0.004149377593360996,99.99999999999999,100.0,200.5,1.03,102.14522821576763,102.14522821576763
fg:20370,2021,1,20.0,0.01639344262295082,99.99999999999999,100.0,202.0,1.012,97.88196721311473,97.88196721311473
fg:20379,2021,1,5.0,0.004149377593360996,99.99999999999999,100.0,200.5,1.012,100.36016597510373,100.36016597510373
fg:20391,2020,1,695.0,0.36675461741424803,100.0,100.0,269.5,1.048,96.54444935413068,96.54444935413068
fg:20391,2021,2,1791.0,0.5987963891675026,100.0,100.0,337.4,1.042,91.42642636573039,91.42642636573039
fg:20391,2022,3,3290.0,0.732739420935412,100.0,100.0,413.2,1.036,94.64144040050121,94.64144040050121
fg:20391,2023,3,4659.0,0.7951868919610855,100.00000000000001,100.0,478.7,1.03,92.29537896070372,92.29537896070372
fg:20391,2024,3,5699.0,0.8260617480794318,100.0,100.0,512.2,1.024,101.01351720341209,101.01351720341209
fg:20391,2025,3,6188.0,0.8375744450460205,100.0,100.0,515.8,1.018,98.42117665332661,98.42117665332661
fg:20395,2019,1,85.0,0.06614785992217899,100.0,100.0,208.5,1.03,96.43572326360558,96.43572326360558
fg:20399,2021,1,5.0,0.004149377593360996,99.99999999999999,100.0,200.5,1.024,101.55020746887966,101.55020746887966
fg:20404,2022,1,110.0,0.08396946564885496,100.0,100.0,211.0,1.012,102.46179194004904,102.46179194004904
fg:20404,2023,2,323.0,0.21208141825344715,100.0,100.0,225.7,1.006,99.79100717983981,99.79100717983981
fg:20404,2025,2,376.0,0.23857868020304568,100.0,100.0,223.5,0.9970089730807579,98.02387354489986,98.02387354489986
fg:20418,2021,1,5.0,0.004149377593360996,99.99999999999999,100.0,200.5,1.018,100.9551867219917,100.9551867219917
fg:20430,2021,1,5.0,0.004149377593360996,99.99999999999999,100.0,200.5,1.03,102.14522821576763,102.14522821576763
fg:20437,2022,1,205.0,0.14590747330960854,100.00000000000001,100.0,220.5,1.03,109.72833787722126,109.72833787722126
fg:20437,2023,2,1359.0,0.5310668229777257,100.0,100.0,323.6,1.024,130.38094088846788,130.38094088846788
fg:20437,2024,3,2704.0,0.6926229508196722,100.0,100.0,386.4,1.018,119.04228650871914,119.04228650871914
fg:20437,2025,3,4032.0,0.7706422018348624,100.0,100.0,434.0,1.012,104.09792217313095,104.09792217313095
fg:20450,2022,1,20.0,0.01639344262295082,99.99999999999999,100.0,202.0,1.012,97.88196721311473,97.88196721311473
fg:20450,2024,2,37.0,0.029911075181891674,100.00000000000001,100.0,202.5,1.0,94.01778496362168,94.01778496362168
fg:20450,2025,2,40.0,0.03225806451612903,99.99999999999999,100.0,202.5,0.9970089730807579,99.81841198510297,99.81841198510297
fg:20454,2020,1,310.0,0.2052980132450331,100.0,100.0,231.0,1.036,93.80656678060488,93.80656678060488
fg:20454,2021,2,2783.0,0.6987195581220186,100.0,100.0,459.7,1.03,95.84721743853528,95.84721743853528
fg:20454,2022,3,3419.0,0.740203507252652,100.0,100.0,371.2,1.024,106.77671538731978,106.77671538731978
fg:20454,2023,3,4400.0,0.7857142857142857,99.99999999999997,100.0,415.6,1.018,106.71132065365094,106.71132065365094
fg:20454,2024,3,5360.0,0.8170731707317073,100.0,100.0,548.8,1.012,110.60670032917544,110.60670032917544
fg:20454,2025,3,6288.0,0.8397435897435898,100.0,100.0,527.6,1.006,113.77791767609094,113.77791767609094
fg:20463,2023,1,60.0,0.047619047619047616,100.0,100.0,206.0,1.0,90.47619047619048,90.47619047619048
fg:20468,2021,1,160.0,0.11764705882352941,100.00000000000001,100.0,216.0,1.03,99.08815262025225,99.08815262025225
fg:20492,2021,1,15.0,0.012345679012345678,99.99999999999999,100.0,201.5,1.024,101.66619686165444,101.66619686165444
fg:20493,2021,1,50.0,0.04,100.0,100.0,205.0,1.024,108.99658424389445,108.99658424389445
fg:20493,2022,2,670.0,0.3582887700534759,100.0,100.0,264.0,1.018,87.92516720261429,87.92516720261429
fg:20501,2021,1,25.0,0.02040816326530612,100.0,100.0,202.5,1.018,97.64489795918368,97.64489795918368
fg:20503,2020,1,50.0,0.04,100.0,100.0,205.0,1.036,105.33558087732007,105.33558087732007
fg:20503,2021,2,965.0,0.4457274826789838,100.0,100.0,293.5,1.03,97.96562839401078,97.96562839401078
fg:20503,2022,3,2650.0,0.6883116883116883,100.0,100.0,406.5,1.024,119.74420638448463,119.74420638448463
fg:20503,2023,3,5114.0,0.809946151409566,100.00000000000001,100.0,543.1,1.018,122.7020059753021,122.7020059753021
fg:20503,2024,3,6967.0,0.8530672217460512,100.0,100.0,600.6,1.012,127.69930114881905,127.69930114881905
fg:20503,2025,3,7844.0,0.8673153471915082,100.00000000000001,100.0,597.4,1.006,120.28521795349964,120.28521795349964
fg:20505,2022,1,545.0,0.3123209169054441,100.0,100.0,254.5,1.03,110.55602503869349,110.55602503869349
fg:20505,2023,2,2121.0,0.6386630532971996,100.0,100.0,379.4,1.024,96.6944473197959,96.6944473197959
fg:20505,2024,3,1770.0,0.5959595959595959,100.0,100.0,243.2,1.018,95.58448352184428,95.58448352184428
fg:20505,2025,3,2182.0,0.6451803666469544,100.0,100.0,311.4,1.012,84.22689228707632,84.22689228707632
fg:20510,2022,1,5.0,0.004149377593360996,99.99999999999999,100.0,200.5,1.006,99.76514522821576,99.76514522821576
fg:20521,2020,1,545.0,0.3123209169054441,100.0,100.0,254.5,1.03,106.14693064376647,106.14693064376647
fg:20521,2021,2,1511.0,0.5573589081519734,100.0,100.0,318.4,1.024,108.82731983878982,108.82731983878982
fg:20521,2022,3,2327.0,0.6597675077969947,100.0,100.0,335.5,1.018,96.64041672313964,96.64041672313964
fg:20521,2023,3,3027.0,0.71611071682044,100.0,100.0,369.8,1.012,91.36791480806191,91.36791480806191
fg:20521,2024,3,2330.0,0.660056657223796,100.0,100.0,276.4,1.006,83.96528410293938,83.96528410293938
fg:20529,2022,1,470.0,0.281437125748503,100.0,100.0,247.0,1.024,100.6101044394082,100.6101044394082
fg:20529,2023,2,2496.0,0.6753246753246753,100.0,100.0,421.4,1.018,122.52141562335245,122.52141562335245
fg:20529,2024,3,3463.0,0.7426549431696333,100.0,100.0,390.9,1.012,104.32645745086204,104.32645745086204
fg:20529,2025,3,4475.0,0.788546255506608,99.99999999999999,100.0,431.2,1.006,92.33280883578641,92.33280883578641
fg:20533,2022,1,30.0,0.024390243902439025,100.0,100.0,203.0,1.006,99.34151285821467,99.34151285821467
fg:20536,2021,1,130.0,0.09774436090225563,100.0,100.0,213.0,1.03,86.54625630290965,86.54625630290965
fg:20536,2022,2,914.0,0.4323557237464522,100.0,100.0,283.6,1.024,71.43741026085652,71.43741026085652
fg:20536,2023,3,1146.0,0.4884910485933504,100.0,100.0,258.2,1.018,66.82291187700707,66.82291187700707
fg:20536,2024,3,2212.0,0.6483001172332943,100.0,100.0,347.4,1.012,74.75127040088145,74.75127040088145
fg:20536,2025,3,1839.0,0.6051332675222113,100.0,100.0,275.3,1.006,80.8658162844765,80.8658162844765
fg:20538,2022,1,2415.0,0.6680497925311203,100.0,100.0,441.5,1.024,113.1085330573167,113.1085330573167
fg:20538,2023,2,2692.0,0.6916752312435765,100.0,100.0,324.3,1.018,100.7103268015554,100.7103268015554
fg:20538,2024,3,4202.0,0.7778600518326546,99.99999999999997,100.0,429.7,1.012,105.85997130585156,105.85997130585156
fg:20538,2025,3,2352.0,0.6621621621621622,100.0,100.0,260.9,1.006,96.75540639248011,96.75540639248011
fg:20539,2021,1,25.0,0.02040816326530612,100.0,100.0,202.5,1.03,101.05580301324468,101.05580301324468
fg:20540,2021,1,230.0,0.16083916083916083,100.00000000000001,100.0,223.0,1.042,99.1047419622199,99.1047419622199
fg:20540,2024,1,20.0,0.01639344262295082,99.99999999999999,100.0,202.0,1.024,101.33296777516624,101.33296777516624
fg:20543,2022,1,925.0,0.43529411764705883,100.0,100.0,292.5,1.03,94.46250013896415,94.46250013896415
fg:20543,2023,2,2275.0,0.6546762589928058,100.0,100.0,372.0,1.024,87.9591969539685,87.9591969539685
fg:20543,2024,3,3018.0,0.7155049786628734,100.0,100.0,354.2,1.018,76.69838467098107,76.69838467098107
fg:20557,2024,1,40.0,0.03225806451612903,100.00000000000001,100.0,204.0,1.006,96.00622337420147,96.00622337420147
fg:20557,2025,2,117.0,0.0888382687927107,99.99999999999999,100.0,209.3,1.0,89.39602814559173,89.39602814559173
fg:20572,2022,1,635.0,0.3460490463215259,100.0,100.0,263.5,1.012,79.99263830590195,79.99263830590195
fg:20572,2023,2,1248.0,0.5098039215686274,99.99999999999999,100.0,286.7,1.006,79.40426385532939,79.40426385532939
fg:20572,2024,3,1573.0,0.567255679769203,100.0,100.0,274.8,1.0,83.58715998210766,83.58715998210766
fg:20572,2025,3,2854.0,0.7039960532807104,100.0,100.0,405.0,0.9970089730807579,93.14748179570033,93.14748179570033
fg:20599,2022,1,110.0,0.08396946564885496,100.0,100.0,211.0,1.036,94.12887912765358,94.12887912765358
fg:20599,2023,2,308.0,0.20424403183023873,100.0,100.0,224.2,1.03,99.6764985012764,99.6764985012764
fg:20599,2024,3,1537.0,0.5615637559371575,100.0,100.0,333.9,1.024,114.52605437697163,114.52605437697163
fg:20599,2025,3,3428.0,0.7407087294727744,100.0,100.0,451.9,1.018,127.3548898281922,127.3548898281922
fg:20617,2021,1,5.0,0.004149377593360996,99.99999999999999,100.0,200.5,1.024,101.55020746887966,101.55020746887966
fg:20626,2023,1,190.0,0.1366906474820144,100.00000000000001,100.0,219.0,1.006,98.35232067303446,98.35232067303446
fg:20626,2025,2,159.0,0.11699779249448124,100.00000000000001,100.0,204.5,0.9970089730807579,97.10417849243012,97.10417849243012
fg:20631,2021,1,50.0,0.04,100.0,100.0,205.0,1.018,95.59602814302673,95.59602814302673
fg:20632,2019,1,5.0,0.004149377593360996,99.99999999999999,100.0,200.5,1.054,104.52531120331949,104.52531120331949
fg:20633,2019,1,10.0,0.008264462809917356,100.0,100.0,201.0,1.0,98.34710743801652,98.34710743801652
fg:20633,2021,2,16.0,0.013157894736842105,100.0,100.0,201.0,0.9940357852882704,96.78769488333158,96.78769488333158
fg:20739,2021,1,40.0,0.03225806451612903,100.00000000000001,100.0,204.0,1.024,99.29526145266881,99.29526145266881
fg:20794,2021,1,5.0,0.004149377593360996,99.99999999999999,100.0,200.5,1.024,101.55020746887966,101.55020746887966
fg:20805,2022,1,90.0,0.06976744186046512,100.0,100.0,209.0,1.018,98.28150600131016,98.28150600131016
fg:20805,2023,2,337.0,0.2192582953806116,100.0,100.0,228.3,1.012,92.9333930893802,92.9333930893802
fg:20926,2022,1,625.0,0.3424657534246575,100.0,100.0,262.5,1.024,98.18135697018162,98.18135697018162
fg:20970,2022,1,1910.0,0.6141479099678456,100.0,100.0,391.0,1.024,117.17368384129153,117.17368384129153
fg:20970,2023,2,2428.0,0.6692392502756339,100.0,100.0,328.2,1.018,98.67832682143289,98.67832682143289
fg:20970,2025,2,845.0,0.4132029339853301,100.0,100.0,230.5,1.006,77.39309523093134,77.39309523093134
fg:21009,2024,1,430.0,0.26380368098159507,100.0,100.0,243.0,1.012,98.25344514462205,98.25344514462205
fg:21009,2025,2,899.0,0.4282991900905193,100.0,100.0,264.1,1.006,104.30876982960912,104.30876982960912
fg:21065,2021,1,5.0,0.004149377593360996,99.99999999999999,100.0,200.5,1.018,100.9551867219917,100.9551867219917
fg:21078,2023,1,280.0,0.1891891891891892,100.0,100.0,228.0,1.012,90.56298649442957,90.56298649442957
fg:21078,2024,2,679.0,0.3613624268227781,100.0,100.0,251.1,1.006,85.7058505678809,85.7058505678809
fg:21111,2021,1,15.0,0.012345679012345678,99.99999999999999,100.0,201.5,1.03,100.45679012345677,100.45679012345677
fg:21127,2021,1,115.0,0.08745247148288973,100.0,100.0,211.5,1.018,96.01722555726015,96.01722555726015
fg:21127,2022,2,872.0,0.42084942084942084,100.0,100.0,280.3,1.012,89.24796870424265,89.24796870424265
fg:21127,2023,3,703.0,0.3694167104571729,100.0,100.0,216.6,1.006,91.45214948070279,91.45214948070279
fg:21139,2021,1,10.0,0.008264462809917356,100.0,100.0,201.0,1.0,98.34710743801652,98.34710743801652
fg:21183,2021,1,35.0,0.02834008097165992,100.00000000000001,100.0,203.5,1.03,107.09409321939592,107.09409321939592
fg:21224,2021,1,10.0,0.008264462809917356,100.0,100.0,201.0,1.018,102.51261423320494,102.51261423320494
fg:21270,2022,1,485.0,0.2878338278931751,100.0,100.0,248.5,1.012,118.46133386842261,118.46133386842261
fg:21270,2023,2,603.0,0.33444259567387685,100.0,100.0,231.2,1.006,120.80649446750435,120.80649446750435
fg:21270,2024,3,1003.0,0.45528824330458467,100.0,100.0,258.3,1.0,101.62771699693282,101.62771699693282
fg:21270,2025,3,926.0,0.4355597365945437,100.0,100.0,247.3,0.9970089730807579,81.63932673058856,81.63932673058856
fg:21293,2022,1,140.0,0.1044776119402985,100.0,100.0,214.0,1.012,110.21426384174259,110.21426384174259
fg:21293,2023,2,252.0,0.17355371900826447,99.99999999999999,100.0,216.8,1.006,101.80376107554304,101.80376107554304
fg:21298,2021,1,20.0,0.01639344262295082,99.99999999999999,100.0,202.0,1.018,98.4622950819672,98.4622950819672
fg:21304,2022,1,105.0,0.08045977011494253,100.0,100.0,210.5,1.012,99.69741631101805,99.69741631101805
fg:21318,2021,1,155.0,0.11439114391143912,100.0,100.0,215.5,1.018,96.37760034616656,96.37760034616656
fg:2136,2019,1,2115.0,0.6380090497737556,100.0,100.0,411.5,0.9910802775024778,102.90290333071333,102.90290333071333
fg:2136,2020,2,2782.0,0.6986438975389252,100.0,100.0,351.3,0.9881422924901185,102.94589942475285,102.94589942475285
fg:2136,2021,3,4831.0,0.8010280218869176,100.0,100.0,490.8,0.9852216748768474,98.37848714498696,98.37848714498696
fg:2136,2022,3,5256.0,0.8141263940520446,100.0,100.0,498.8,0.9823182711198428,98.49971233082833,98.49971233082833
fg:2136,2023,3,5684.0,0.8256827425915165,99.99999999999999,100.0,460.0,0.9794319294809012,91.90733042841045,91.90733042841045
fg:2136,2024,3,4458.0,0.7879109225874867,99.99999999999997,100.0,372.2,0.9765625,96.15524083448607,96.15524083448607
fg:21386,2022,1,515.0,0.30029154518950435,100.0,100.0,251.5,1.012,75.90250986852998,75.90250986852998
fg:21390,2021,1,10.0,0.008264462809917356,100.0,100.0,201.0,1.018,100.11735537190081,100.11735537190081
fg:21446,2021,1,5.0,0.004149377593360996,99.99999999999999,100.0,200.5,1.024,101.55020746887966,101.55020746887966
fg:21454,2021,1,620.0,0.34065934065934067,100.0,100.0,262.0,1.03,102.53532499184996,102.53532499184996
fg:21454,2022,2,2231.0,0.6502477411833285,100.0,100.0,385.9,1.024,113.87814774787586,113.87814774787586
fg:21454,2023,3,4275.0,0.7808219178082192,100.00000000000001,100.0,486.2,1.018,116.00038892229554,116.00038892229554
fg:21454,2024,3,5078.0,0.8088563236699586,99.99999999999999,100.0,452.8,1.012,115.47261052397714,115.47261052397714
fg:21454,2025,3,6044.0,0.8343456653782441,100.0,100.0,532.0,1.006,105.99329048905578,105.99329048905578
fg:21455,2021,1,25.0,0.02040816326530612,100.0,100.0,202.5,1.03,98.79591836734694,98.79591836734694
fg:21479,2019,1,410.0,0.2546583850931677,100.00000000000001,100.0,241.0,1.036,99.62819737616977,99.62819737616977
fg:21479,2020,2,958.0,0.4439295644114921,100.0,100.0,271.2,1.03,89.61650113449654,89.61650113449654
fg:21479,2021,3,1600.0,0.5714285714285714,100.0,100.0,297.6,1.024,96.16796833365353,96.16796833365353
fg:21479,2022,3,3643.0,0.7522196985339665,100.0,100.0,475.5,1.018,104.2758485918919,104.2758485918919
fg:21479,2023,3,6018.0,0.8337489609310058,100.0,100.0,595.7,1.012,105.48158217326956,105.48158217326956
fg:21479,2024,3,7508.0,0.8621956821313734,100.00000000000001,100.0,589.3,1.006,103.74060660944814,103.74060660944814
fg:21479,2025,3,7873.0,0.8677394467100188,100.0,100.0,588.6,1.0,104.57119250375843,104.57119250375843
fg:21489,2025,1,390.0,0.24528301886792453,100.0,100.0,239.0,1.0,80.15894082813509,80.15894082813509
fg:21496,2024,1,60.0,0.047619047619047616,100.0,100.0,206.0,1.006,98.56275657288667,98.56275657288667
fg:21496,2025,2,788.0,0.3963782696177062,100.0,100.0,275.2,1.0,85.03359070697938,85.03359070697938
fg:21497,2023,1,495.0,0.2920353982300885,100.0,100.0,249.5,1.012,94.91586365181487,94.91586365181487
fg:21497,2024,2,641.0,0.3481803367734927,100.0,100.0,234.4,1.006,94.58912647973746,94.58912647973746
fg:21497,2025,3,698.0,0.3677555321390938,100.0,100.0,225.4,1.0,96.13359483428273,96.13359483428273
fg:21501,2021,1,1505.0,0.55637707948244,100.0,100.0,350.5,1.024,97.1259741488135,97.1259741488135
fg:21501,2022,2,2104.0,0.6368038740920097,100.0,100.0,320.1,1.018,98.72817722951262,98.72817722951262
fg:21501,2023,3,2683.0,0.6909605974761782,100.0,100.0,324.0,1.012,98.50266280084169,98.50266280084169
fg:21501,2024,3,3388.0,0.7384481255448997,100.0,100.0,421.2,1.006,108.7794742570852,108.7794742570852
fg:21501,2025,3,5071.0,0.8086429596555573,100.00000000000001,100.0,523.5,1.0,105.52695745147659,105.52695745147659
fg:2151,2019,1,2430.0,0.6694214876033058,100.0,100.0,443.0,0.9765625,117.18058833595286,117.18058833595286
fg:2151,2020,2,2849.0,0.7036305260558162,100.0,100.0,339.1,0.9737098344693282,104.44451842833952,104.44451842833952
fg:21523,2021,1,3155.0,0.7244546498277842,100.00000000000001,100.0,515.5,1.024,118.50089738115348,118.50089738115348
fg:21523,2022,2,4679.0,0.7958836536825991,100.00000000000001,100.0,478.6,1.018,109.5417054183219,109.5417054183219
fg:21523,2023,3,6262.0,0.8391852050388636,100.0,100.0,507.6,1.012,105.62838249844377,105.62838249844377
fg:21523,2024,3,6594.0,0.8460354118552733,100.0,100.0,571.4,1.006,103.47395409783928,103.47395409783928
fg:21523,2025,3,6970.0,0.8531211750305998,100.0,100.0,547.2,1.0,98.84330499730042,98.84330499730042
fg:21524,2020,1,555.0,0.3162393162393162,100.0,100.0,255.5,1.03,92.63469735577678,92.63469735577678
fg:21524,2021,2,474.0,0.2831541218637993,100.0,100.0,214.1,1.024,93.48208740715421,93.48208740715421
fg:21524,2022,3,1812.0,0.601593625498008,100.0,100.0,346.1,1.018,93.37729813726455,93.37729813726455
fg:21524,2023,3,1657.0,0.5799789989499475,100.00000000000001,100.0,276.6,1.012,88.34607767299893,88.34607767299893
fg:21524,2024,3,2663.0,0.6893606005695055,100.0,100.0,350.5,1.006,100.97509522625178,100.97509522625178
fg:21524,2025,3,3073.0,0.7191668616896794,100.0,100.0,394.2,1.0,102.30655151352403,102.30655151352403
fg:21534,2021,1,740.0,0.38144329896907214,100.0,100.0,274.0,1.024,81.50292659695337,81.50292659695337
fg:21534,2022,2,2667.0,0.6896819239720714,100.0,100.0,422.3,1.018,105.4350074415449,105.4350074415449
fg:21534,2023,3,4949.0,0.8048463164742234,100.00000000000001,100.0,526.0,1.012,109.67916418387625,109.67916418387625
fg:21534,2024,3,6661.0,0.8473476656913879,100.0,100.0,570.9,1.006,115.12692314194403,115.12692314194403
fg:21534,2025,3,7744.0,0.8658318425760286,100.0,100.0,615.3,1.0,131.62517242090658,131.62517242090658
fg:21535,2023,1,20.0,0.01639344262295082,99.99999999999999,100.0,202.0,1.012,97.88196721311473,97.88196721311473
fg:21535,2025,2,107.0,0.08186687069625095,100.00000000000001,100.0,209.5,1.0,89.91273119267363,89.91273119267363
fg:21538,2021,1,170.0,0.12408759124087591,100.00000000000001,100.0,217.0,1.024,110.99152900741927,110.99152900741927
fg:21538,2022,2,1336.0,0.526813880126183,100.0,100.0,323.4,1.018,103.10973738641059,103.10973738641059
fg:21538,2023,3,2677.0,0.6904823316997679,100.0,100.0,385.5,1.012,81.51133805596136,81.51133805596136
fg:21538,2024,3,3687.0,0.7544505831798649,100.0,100.0,399.8,1.006,72.61527098433005,72.61527098433005
fg:21538,2025,3,3519.0,0.7457088366179275,100.0,100.0,354.5,1.0,73.1918704581501,73.1918704581501
fg:21541,2021,1,40.0,0.03225806451612903,100.00000000000001,100.0,204.0,1.024,95.79354838709679,95.79354838709679
fg:21547,2023,1,205.0,0.14590747330960854,100.00000000000001,100.0,220.5,1.012,91.9831966206365,91.9831966206365
fg:21547,2025,2,173.0,0.1260014566642389,100.00000000000001,100.0,205.0,1.0,90.95703456535402,90.95703456535402
fg:21558,2021,1,385.0,0.24290220820189273,100.0,100.0,238.5,1.024,107.80485957171774,107.80485957171774
fg:21558,2022,2,2093.0,0.6355906468266019,100.0,100.0,386.2,1.018,93.73688796365538,93.73688796365538
fg:21558,2023,3,4309.0,0.7821746233436195,100.00000000000001,100.0,500.7,1.012,96.69950979411792,96.69950979411792
fg:21558,2024,3,6026.0,0.8339330196512593,100.0,100.0,536.5,1.006,100.2627895212815,100.2627895212815
fg:21558,2025,3,4358.0,0.7840949982007916,99.99999999999997,100.0,306.7,1.0,100.32914005880144,100.32914005880144
fg:21560,2021,1,245.0,0.1695501730103806,100.00000000000001,100.0,224.5,1.024,106.07180019426936,106.07180019426936
fg:21560,2022,2,1631.0,0.5761215118332744,100.0,100.0,348.4,1.018,95.35351366289463,95.35351366289463
fg:21560,2023,3,1910.0,0.6141479099678456,100.0,100.0,290.2,1.012,95.25026899544703,95.25026899544703
fg:21562,2021,1,165.0,0.12087912087912088,100.00000000000001,100.0,216.5,1.024,98.17918735941478,98.17918735941478
fg:21562,2022,2,677.0,0.36068193926478426,100.0,100.0,257.8,1.018,90.10663459541524,90.10663459541524
fg:21562,2023,3,1020.0,0.4594594594594595,100.0,100.0,259.4,1.012,82.40271169952558,82.40271169952558
fg:21562,2024,3,1795.0,0.5993322203672788,100.0,100.0,317.7,1.006,90.08832647364704,90.08832647364704
fg:21562,2025,3,2860.0,0.7044334975369458,100.0,100.0,392.1,1.0,105.63520784705156,105.63520784705156
fg:21587,2023,1,95.0,0.07335907335907337,100.0,100.0,209.5,1.006,91.10352218148672,91.10352218148672
fg:21587,2024,2,236.0,0.16434540389972144,100.00000000000001,100.0,217.9,1.0,96.03165647258572,96.03165647258572
fg:21587,2025,3,265.0,0.18088737201365188,100.0,100.0,211.2,0.9970089730807579,96.37216450180055,96.37216450180055
fg:21614,2021,1,415.0,0.25696594427244585,100.0,100.0,241.5,1.024,104.30446409919583,104.30446409919583
fg:21614,2022,2,1722.0,0.5893223819301848,100.0,100.0,347.3,1.018,85.95788329536391,85.95788329536391
fg:21614,2023,3,2926.0,0.709161415414445,100.0,100.0,384.3,1.012,83.11151459693085,83.11151459693085
fg:21614,2024,3,4216.0,0.7784342688330872,100.00000000000001,100.0,444.3,1.006,82.71429827778456,82.71429827778456
fg:21614,2025,3,4688.0,0.7961956521739131,100.00000000000001,100.0,447.1,1.0,83.8492656152585,83.8492656152585
fg:21618,2020,1,900.0,0.42857142857142855,100.0,100.0,290.0,1.03,119.74000779660759,119.74000779660759
fg:21618,2021,2,2805.0,0.700374531835206,100.0,100.0,426.5,1.024,96.41077571624702,96.41077571624702
fg:21618,2022,3,5363.0,0.8171567880542435,100.0,100.0,557.2,1.018,97.92858725039784,97.92858725039784
fg:21618,2023,3,6830.0,0.8505603985056039,100.0,100.0,568.6,1.012,98.5566673275831,98.5566673275831
fg:21618,2024,3,7367.0,0.8599276292751254,100.0,100.0,564.1,1.006,106.3062347283671,106.3062347283671
fg:21618,2025,3,6777.0,0.8495675065814215,100.0,100.0,512.6,1.0,106.62289888042207,106.62289888042207
fg:21622,2021,1,350.0,0.22580645161290322,100.0,100.0,235.0,1.03,101.97062046435447,101.97062046435447
fg:21622,2022,2,2050.0,0.6307692307692307,100.0,100.0,384.0,1.024,110.95410246000034,110.95410246000034
fg:21622,2023,3,3186.0,0.7264021887824897,100.0,100.0,391.4,1.018,98.93553907889641,98.93553907889641
fg:21622,2024,3,4785.0,0.7994987468671679,99.99999999999999,100.0,478.7,1.012,103.65959547262521,103.65959547262521
fg:21622,2025,3,4026.0,0.7703788748564868,100.0,100.0,360.5,1.006,91.9752052409697,91.9752052409697
fg:21626,2024,1,445.0,0.270516717325228,100.0,100.0,244.5,1.012,105.20070630435102,105.20070630435102
fg:21626,2025,2,786.0,0.3957703927492447,100.0,100.0,251.9,1.006,103.75364177310446,103.75364177310446
fg:21634,2022,1,110.0,0.08396946564885496,100.0,100.0,211.0,1.018,95.2951363275887,95.2951363275887
fg:21635,2021,1,655.0,0.353099730458221,100.0,100.0,265.5,1.024,99.32089172900235,99.32089172900235
fg:21635,2022,2,949.0,0.4416007445323406,100.0,100.0,255.6,1.018,106.82614769961901,106.82614769961901
fg:21635,2023,3,2198.0,0.6468510888758093,100.0,100.0,355.0,1.012,89.27689364710429,89.27689364710429
fg:21635,2024,3,1452.0,0.5475113122171946,100.0,100.0,231.8,1.006,87.3410707883451,87.3410707883451
fg:21635,2025,3,1214.0,0.5028997514498758,100.0,100.0,232.0,1.0,82.64030275871268,82.64030275871268
fg:21636,2022,1,2790.0,0.6992481203007519,100.00000000000003,100.0,479.0,1.024,104.17062448703687,104.17062448703687
fg:21636,2023,2,5402.0,0.8182368979097243,100.0,100.0,572.8,1.018,100.76292680225835,100.76292680225835
fg:21636,2024,3,7460.0,0.8614318706697459,100.0,100.0,588.4,1.012,100.22082296485821,100.22082296485821
fg:21636,2025,3,7217.0,0.8574313888558869,100.0,100.0,536.5,1.006,110.85614238858871,110.85614238858871
fg:21646,2020,1,45.0,0.03614457831325301,100.0,100.0,204.5,1.042,110.8672824028526,110.8672824028526
fg:21646,2021,2,316.0,0.20844327176781002,100.0,100.0,228.9,1.036,102.26460431674752,102.26460431674752
fg:21646,2024,1,280.0,0.1891891891891892,100.0,100.0,228.0,1.018,110.44664002966378,110.44664002966378
fg:21646,2025,2,814.0,0.4041708043694141,100.0,100.0,264.6,1.012,95.7380721486478,95.7380721486478
fg:21682,2024,1,155.0,0.11439114391143912,100.0,100.0,215.5,1.012,93.42432829409714,93.42432829409714
fg:21690,2021,1,35.0,0.02834008097165992,100.00000000000001,100.0,203.5,1.03,100.25006237260664,100.25006237260664
fg:21693,2023,1,780.0,0.3939393939393939,100.0,100.0,278.0,1.024,100.40928464630537,100.40928464630537
fg:21693,2024,2,2439.0,0.6702390766694146,100.0,100.0,397.1,1.018,91.64008108472291,91.64008108472291
fg:21693,2025,3,2435.0,0.6698762035763411,100.0,100.0,287.8,1.012,96.62010055741796,96.62010055741796
fg:21707,2022,1,855.0,0.41605839416058393,100.0,100.0,285.5,1.03,107.36659307049037,107.36659307049037
fg:21707,2023,2,2334.0,0.6604414261460102,100.0,100.0,382.1,1.024,84.95404116683481,84.95404116683481
fg:21707,2024,3,3463.0,0.7426549431696333,100.0,100.0,396.0,1.018,87.28140978822309,87.28140978822309
fg:21707,2025,3,2904.0,0.7076023391812866,100.0,100.0,293.6,1.012,85.12569352861428,85.12569352861428
fg:21711,2021,1,45.0,0.03614457831325301,100.0,100.0,204.5,1.036,105.90116579684528,105.90116579684528
fg:21711,2022,2,1841.0,0.6053929628411706,100.0,100.0,381.4,1.03,106.03080778536702,106.03080778536702
fg:21711,2023,3,1671.0,0.5820271682340648,100.0,100.0,256.1,1.024,105.50022113495554,105.50022113495554
fg:21711,2024,3,4238.0,0.7793306362633321,100.0,100.0,503.5,1.018,108.59892062048816,108.59892062048816
fg:21711,2025,3,5236.0,0.8135487880671224,100.00000000000001,100.0,531.9,1.012,99.10671355537393,99.10671355537393
fg:21716,2023,1,745.0,0.38303341902313626,100.0,100.0,274.5,1.024,104.02843030464277,104.02843030464277
fg:21716,2024,2,1711.0,0.5877705255925799,100.0,100.0,326.4,1.018,92.27014125000764,92.27014125000764
fg:21716,2025,3,1849.0,0.6064283371597246,100.0,100.0,273.3,1.012,90.91927036563636,90.91927036563636
fg:21730,2024,1,35.0,0.02834008097165992,100.00000000000001,100.0,203.5,1.024,98.11861099234538,98.11861099234538
fg:21735,2021,1,220.0,0.15492957746478872,100.00000000000001,100.0,222.0,1.036,92.51849750574729,92.51849750574729
fg:21735,2022,2,321.0,0.21104536489151873,100.0,100.0,218.9,1.03,85.15978147657034,85.15978147657034
fg:21735,2025,1,170.0,0.12408759124087591,100.00000000000001,100.0,217.0,1.012,91.1058093749256,91.1058093749256
fg:21746,2023,1,305.0,0.2026578073089701,100.0,100.0,230.5,1.024,97.36905431752658,97.36905431752658
fg:21746,2024,2,639.0,0.3474714518760196,100.0,100.0,245.6,1.018,83.3450669404969,83.3450669404969
fg:21746,2025,3,849.0,0.4143484626647145,100.0,100.0,242.9,1.012,93.11094758338903,93.11094758338903
fg:21780,2022,1,180.0,0.13043478260869565,100.00000000000001,100.0,218.0,1.03,92.86069185806271,92.86069185806271
fg:21780,2023,2,2629.0,0.6866022460172369,100.0,100.0,452.1,1.024,89.77247606577737,89.77247606577737
fg:21780,2024,3,2421.0,0.6685998342999171,100.0,100.0,282.2,1.018,89.98290023629663,89.98290023629663
fg:21780,2025,3,1866.0,0.6086105675146771,100.0,100.0,218.0,1.012,91.47328844645992,91.47328844645992
fg:21794,2020,1,105.0,0.08045977011494253,100.0,100.0,210.5,1.042,93.68312585607886,93.68312585607886
fg:21797,2024,1,660.0,0.3548387096774194,100.0,100.0,266.0,1.018,98.98781895358171,98.98781895358171
fg:21797,2025,2,893.0,0.4266602962255136,100.0,100.0,249.7,1.012,88.97069590088074,88.97069590088074
fg:21837,2022,1,435.0,0.26605504587155965,100.0,100.0,243.5,1.024,95.02782688189374,95.02782688189374
fg:21837,2023,2,863.0,0.41832283082889,100.0,100.0,260.2,1.018,97.42484498463295,97.42484498463295
fg:21837,2024,3,1388.0,0.5363214837712519,100.0,100.0,281.8,1.012,102.25158684351027,102.25158684351027
fg:21837,2025,3,2991.0,0.7136721546170365,100.0,100.0,425.3,1.006,125.78916099803695,125.78916099803695
fg:21840,2022,1,35.0,0.02834008097165992,100.00000000000001,100.0,203.5,1.006,94.89797570850205,94.89797570850205
fg:21840,2023,2,1203.0,0.5006242197253433,100.0,100.0,318.2,1.0,102.04138358637601,102.04138358637601
fg:21840,2024,3,2801.0,0.7000749812546864,100.0,100.0,407.5,0.9970089730807579,97.18098621310699,97.18098621310699
fg:21840,2025,3,3912.0,0.7652582159624414,100.0,100.0,410.3,0.9940357852882704,90.7493667782153,90.7493667782153
fg:21842,2025,1,495.0,0.2920353982300885,100.0,100.0,249.5,1.0,109.29204661063285,109.29204661063285
fg:21844,2021,1,55.0,0.043824701195219126,100.0,100.0,205.5,1.03,98.23267898454814,98.23267898454814
fg:21853,2022,1,305.0,0.2026578073089701,100.0,100.0,230.5,1.024,88.62476256739095,88.62476256739095
fg:21853,2023,2,1889.0,0.6115247652962124,100.0,100.0,370.6,1.018,111.68307140190582,111.68307140190582
fg:21853,2024,3,3439.0,0.7413235611123087,100.0,100.0,426.9,1.012,96.62529563068057,96.62529563068057
fg:21853,2025,3,3804.0,0.7601918465227818,100.0,100.0,365.3,1.006,95.0271431765426,95.0271431765426
fg:21865,2022,1,40.0,0.03225806451612903,100.00000000000001,100.0,204.0,1.036,96.91612903225808,96.91612903225808
fg:21865,2023,2,1182.0,0.49622166246851385,100.0,100.0,315.8,1.03,111.44257618186548,111.44257618186548
fg:21865,2024,3,2889.0,0.706529713866471,100.0,100.0,417.5,1.024,93.78126176029134,93.78126176029134
fg:21865,2025,3,4316.0,0.7824510514865844,100.00000000000001,100.0,445.9,1.018,91.32402781557349,91.32402781557349
fg:21871,2022,1,405.0,0.2523364485981308,100.0,100.0,240.5,1.024,88.4867960623159,88.4867960623159
fg:21871,2024,2,838.0,0.4111874386653582,100.0,100.0,259.5,1.012,93.05761045310014,93.05761045310014
fg:21871,2025,2,756.0,0.38650306748466257,100.0,100.0,239.9,1.006,93.04322033131842,93.04322033131842
fg:21897,2022,1,2125.0,0.6390977443609023,100.0,100.0,412.5,1.03,109.74563652035165,109.74563652035165
fg:21897,2023,2,3845.0,0.7621407333994054,100.0,100.0,457.0,1.024,114.54065985944561,114.54065985944561
fg:21897,2024,3,6046.0,0.8343913883521943,100.0,100.0,548.4,1.018,100.31290562700224,100.31290562700224
fg:21897,2025,3,5256.0,0.8141263940520446,99.99999999999999,100.0,413.6,1.012,95.47931932965746,95.47931932965746
fg:21987,2021,1,465.0,0.27927927927927926,100.0,100.0,246.5,1.036,95.65611255760892,95.65611255760892
fg:21987,2022,2,1762.0,0.5948683322079676,100.0,100.0,348.3,1.03,99.61675656506026,99.61675656506026
fg:21987,2023,3,2671.0,0.6900025833118058,100.0,100.0,355.8,1.024,89.97584364157672,89.97584364157672
fg:22045,2024,1,40.0,0.03225806451612903,100.00000000000001,100.0,204.0,1.006,95.58688579232488,95.58688579232488
fg:22051,2021,1,5.0,0.004149377593360996,99.99999999999999,100.0,200.5,1.012,100.36016597510373,100.36016597510373
fg:22054,2023,1,350.0,0.22580645161290322,100.0,100.0,235.0,1.006,93.90331335451484,93.90331335451484
fg:22054,2024,2,820.0,0.40594059405940597,100.0,100.0,261.0,1.0,99.51089225348396,99.51089225348396
fg:22054,2025,3,2307.0,0.6578272027373824,100.0,100.0,377.3,0.9970089730807579,86.5710665124237,86.5710665124237
fg:22093,2022,1,80.0,0.0625,99.99999999999999,100.0,208.0,1.018,97.65836474314236,97.65836474314236
fg:22117,2022,1,910.0,0.4312796208530806,100.0,100.0,291.0,1.03,94.36566658212456,94.36566658212456
fg:22117,2023,2,2453.0,0.6715028743498495,100.0,100.0,390.7,1.024,88.98876383224065,88.98876383224065
fg:22164,2021,1,80.0,0.0625,99.99999999999999,100.0,208.0,1.024,100.87459401076003,100.87459401076003
fg:22164,2022,2,239.0,0.16608756080611536,100.00000000000001,100.0,219.1,1.018,94.41821412177248,94.41821412177248
fg:22165,2021,1,35.0,0.02834008097165992,100.00000000000001,100.0,203.5,1.036,98.92335818342895,98.92335818342895
fg:22165,2024,1,245.0,0.1695501730103806,100.00000000000001,100.0,224.5,1.018,88.75441227347689,88.75441227347689
fg:22165,2025,2,271.0,0.18422841604350781,100.0,100.0,212.4,1.012,85.39415286478922,85.39415286478922
fg:22168,2021,1,2305.0,0.6576319543509273,100.0,100.0,430.5,1.036,109.2563634879865,109.2563634879865
fg:22168,2022,2,2969.0,0.7121611897337491,100.0,100.0,358.6,1.03,97.04020348044965,97.04020348044965
fg:22168,2023,3,4068.0,0.7722095671981777,99.99999999999999,100.0,401.0,1.024,94.33296916004693,94.33296916004693
fg:22168,2024,3,2513.0,0.6768112038782655,100.0,100.0,276.7,1.018,84.45645470765616,84.45645470765616
fg:22168,2025,3,1489.0,0.5537374488657494,100.0,100.0,217.2,1.012,85.9570973995431,85.9570973995431
fg:22169,2022,1,1160.0,0.4915254237288136,100.0,100.0,316.0,1.03,91.25258014529152,91.25258014529152
fg:22169,2023,2,953.0,0.442638179284719,100.0,100.0,225.7,1.024,90.69248667546157,90.69248667546157
fg:22175,2021,1,70.0,0.05511811023622047,99.99999999999997,100.0,207.0,1.03,91.64566929133856,91.64566929133856
fg:22184,2022,1,205.0,0.14590747330960854,100.00000000000001,100.0,220.5,1.036,97.97130407821727,97.97130407821727
fg:22184,2023,2,1329.0,0.5255041518386714,100.0,100.0,320.6,1.03,85.24533962288795,85.24533962288795
fg:22184,2024,3,3325.0,0.7348066298342542,100.0,100.0,450.3,1.024,111.13873588289866,111.13873588289866
fg:22184,2025,3,4830.0,0.8009950248756219,100.00000000000001,100.0,476.9,1.018,106.62957952005429,106.62957952005429
fg:22186,2023,1,2240.0,0.6511627906976745,100.0,100.0,424.0,1.03,77.12183265505105,77.12183265505105
fg:22186,2024,2,4887.0,0.80285855101035,100.00000000000001,100.0,554.3,1.024,84.60812364763125,84.60812364763125
fg:22186,2025,3,7115.0,0.8556825015033073,100.0,100.0,591.4,1.018,101.37280364646512,101.37280364646512
fg:22192,2021,1,5.0,0.004149377593360996,99.99999999999999,100.0,200.5,1.036,102.7402489626556,102.7402489626556
fg:22197,2022,1,2670.0,0.689922480620155,100.00000000000003,100.0,467.0,1.03,101.04271090264359,101.04271090264359
fg:22197,2023,2,5146.0,0.8109045067759219,100.00000000000001,100.0,554.4,1.024,97.99484208739825,97.99484208739825
fg:22197,2024,3,6265.0,0.8392498325519089,100.0,100.0,485.7,1.018,94.64377055530342,94.64377055530342
fg:22197,2025,3,3935.0,0.7663096397273612,99.99999999999999,100.0,277.6,1.012,86.4668314512435,86.4668314512435
fg:22202,2022,1,205.0,0.14590747330960854,100.00000000000001,100.0,220.5,1.03,89.03230316955926,89.03230316955926
fg:22202,2023,2,209.0,0.1483321504613201,99.99999999999999,100.0,208.6,1.024,95.38095234153609,95.38095234153609
fg:22209,2020,1,165.0,0.12087912087912088,100.00000000000001,100.0,216.5,1.036,116.56122922102371,116.56122922102371
fg:22209,2022,2,759.0,0.3874425727411945,100.0,100.0,266.0,1.024,104.89411074125009,104.89411074125009
fg:22209,2023,2,753.0,0.38556067588325654,100.0,100.0,235.7,1.018,101.42909272074215,101.42909272074215
fg:22209,2024,3,596.0,0.33184855233853006,100.0,100.0,206.5,1.012,99.95020589034863,99.95020589034863
fg:22209,2025,3,441.0,0.2687385740402194,100.0,100.0,229.4,1.006,95.1552077082432,95.1552077082432
fg:22217,2020,1,20.0,0.01639344262295082,99.99999999999999,100.0,202.0,1.042,108.27328790886622,108.27328790886622
fg:22217,2021,2,206.0,0.1465149359886202,100.00000000000001,100.0,219.4,1.036,90.78969638947422,90.78969638947422
fg:22217,2022,3,414.0,0.25650557620817843,100.0,100.0,228.8,1.03,88.70831463129787,88.70831463129787
fg:22217,2023,3,1184.0,0.4966442953020134,99.99999999999999,100.0,292.0,1.024,106.38308543278994,106.38308543278994
fg:22217,2024,3,2341.0,0.6611126800338887,100.0,100.0,366.9,1.018,99.51234742445735,99.51234742445735
fg:22217,2025,3,1853.0,0.6069439895185064,100.0,100.0,243.4,1.012,95.31314847383109,95.31314847383109
fg:22232,2023,1,5.0,0.004149377593360996,99.99999999999999,100.0,200.5,1.0,99.17012448132779,99.17012448132779
fg:22232,2024,2,289.0,0.19408999328408327,100.0,100.0,228.6,0.9970089730807579,90.6151620014308,90.6151620014308
fg:22232,2025,3,361.0,0.23126201153106982,100.0,100.0,218.7,0.9940357852882704,87.75588686441883,87.75588686441883
fg:22239,2025,1,915.0,0.4326241134751773,100.0,100.0,291.5,1.018,109.33451387969724,109.33451387969724
fg:22244,2022,1,1860.0,0.6078431372549019,100.0,100.0,386.0,1.03,101.4344332573233,101.4344332573233
fg:22244,2023,2,4158.0,0.7760358342665173,100.00000000000001,100.0,504.2,1.024,107.88871562975599,107.88871562975599
fg:22244,2024,3,4637.0,0.7944149391810862,99.99999999999999,100.0,391.9,1.018,96.71864275185726,96.71864275185726
fg:22244,2025,3,3600.0,0.75,99.99999999999999,100.0,316.7,1.012,88.03729123733311,88.03729123733311
fg:22248,2021,1,25.0,0.02040816326530612,100.0,100.0,202.5,1.018,97.64489795918368,97.64489795918368
fg:22254,2022,1,5.0,0.004149377593360996,99.99999999999999,100.0,200.5,1.036,102.7402489626556,102.7402489626556
fg:22261,2022,1,905.0,0.42992874109263657,100.0,100.0,290.5,1.024,92.00873810999067,92.00873810999067
fg:22261,2023,2,1024.0,0.460431654676259,100.0,100.0,248.1,1.018,86.0084085112874,86.0084085112874
fg:22261,2024,3,873.0,0.4211287988422576,100.0,100.0,215.0,1.012,82.18915079531536,82.18915079531536
fg:22263,2022,1,1565.0,0.566003616636528,100.0,100.0,356.5,1.036,106.3152815783717,106.3152815783717
fg:22263,2023,2,3572.0,0.7485331098072087,100.0,100.0,463.3,1.03,113.43359455457865,113.43359455457865
fg:22263,2024,3,4805.0,0.8001665278934221,100.00000000000001,100.0,447.4,1.024,104.49650574058745,104.49650574058745
fg:22263,2025,3,5010.0,0.8067632850241546,99.99999999999999,100.0,441.2,1.018,98.47196558556945,98.47196558556945
fg:22266,2023,1,420.0,0.25925925925925924,100.0,100.0,242.0,1.03,98.12553404994112,98.12553404994112
fg:22266,2024,2,1851.0,0.6066863323500492,100.0,100.0,359.9,1.024,115.31368190254979,115.31368190254979
fg:22266,2025,3,4559.0,0.7916304914047577,100.00000000000003,100.0,539.8,1.018,104.8239408237505,104.8239408237505
fg:22267,2021,1,15.0,0.012345679012345678,99.99999999999999,100.0,201.5,1.024,99.87160493827159,99.87160493827159
fg:22274,2023,1,345.0,0.22330097087378642,100.0,100.0,234.5,1.024,90.9351574811307,90.9351574811307
fg:22274,2024,2,301.0,0.2005329780146569,100.0,100.0,209.4,1.018,93.07139773791481,93.07139773791481
fg:22274,2025,3,272.0,0.18478260869565216,100.0,100.0,205.0,1.012,90.48429616437728,90.48429616437728
fg:22275,2021,1,210.0,0.14893617021276595,100.00000000000001,100.0,221.0,1.018,104.54954422685574,104.54954422685574
fg:22275,2022,2,1083.0,0.4743758212877792,99.99999999999999,100.0,295.7,1.012,107.70203862162293,107.70203862162293
fg:22275,2023,3,3558.0,0.7477931904161412,100.00000000000001,100.0,488.3,1.006,114.77931228721746,114.77931228721746
fg:22275,2024,3,5604.0,0.8236331569664903,100.0,100.0,543.5,1.0,110.56991022917784,110.56991022917784
fg:22275,2025,3,5816.0,0.8289623717217788,100.0,100.0,445.9,0.9970089730807579,103.79338890671426,103.79338890671426
fg:22277,2022,1,1630.0,0.5759717314487632,100.0,100.0,363.0,1.03,78.85543804915393,78.85543804915393
fg:22277,2023,2,2949.0,0.7107736804049168,100.0,100.0,397.1,1.024,70.7121359656334,70.7121359656334
fg:22277,2024,3,2819.0,0.7014182632495646,100.0,100.0,285.4,1.018,67.57581222417225,67.57581222417225
fg:22277,2025,3,3487.0,0.7439726904203116,100.0,100.0,418.5,1.012,64.30436869892824,64.30436869892824
fg:22286,2021,1,230.0,0.16083916083916083,100.00000000000001,100.0,223.0,1.03,76.44106512231211,76.44106512231211
fg:22286,2025,1,10.0,0.008264462809917356,100.0,100.0,201.0,1.006,98.93719008264462,98.93719008264462
fg:2233,2019,1,295.0,0.19732441471571907,100.0,100.0,229.5,0.9737098344693282,79.3072326805737,79.3072326805737
fg:2233,2021,2,547.0,0.31310818546078995,100.0,100.0,237.0,0.9680542110358181,65.07101393569269,65.07101393569269
fg:2233,2023,2,232.0,0.16201117318435754,100.0,100.0,201.0,0.9624639076034649,78.51788924162804,78.51788924162804
fg:22411,2022,1,355.0,0.2282958199356913,100.0,100.0,235.5,1.018,89.024393315353,89.024393315353
fg:22411,2023,2,344.0,0.22279792746113988,100.0,100.0,213.1,1.012,87.20188974470796,87.20188974470796
fg:22411,2024,3,396.0,0.24812030075187969,100.0,100.0,214.7,1.006,90.24600246207899,90.24600246207899
fg:22411,2025,3,184.0,0.1329479768786127,100.0,100.0,206.7,1.0,95.56323389527141,95.56323389527141
fg:22458,2021,1,880.0,0.4230769230769231,100.0,100.0,288.0,1.024,93.42735373379124,93.42735373379124
fg:22458,2022,2,3034.0,0.7165800661313179,100.0,100.0,450.6,1.018,78.63094942260604,78.63094942260604
fg:22458,2023,3,4137.0,0.7751545812254075,100.00000000000001,100.0,421.1,1.012,81.3212272500357,81.3212272500357
fg:22458,2024,3,4054.0,0.771602588503997,99.99999999999999,100.0,360.9,1.006,77.26795461120186,77.26795461120186
fg:22458,2025,3,3640.0,0.7520661157024794,100.0,100.0,383.7,1.0,77.11980474202538,77.11980474202538
fg:22471,2022,1,295.0,0.19732441471571907,100.0,100.0,229.5,1.036,120.06664444480431,120.06664444480431
fg:22471,2023,2,296.0,0.19786096256684493,100.0,100.0,211.9,1.03,116.18336767729332,116.18336767729332
fg:22471,2024,3,305.0,0.2026578073089701,100.0,100.0,209.2,1.024,112.81582733092866,112.81582733092866
fg:22487,2021,1,110.0,0.08396946564885496,100.0,100.0,211.0,1.03,95.38738467856105,95.38738467856105
fg:22505,2022,1,470.0,0.281437125748503,100.0,100.0,247.0,1.03,94.65664787004425,94.65664787004425
fg:22505,2023,2,521.0,0.3027309703660662,100.0,100.0,223.9,1.024,92.1107465786765,92.1107465786765
fg:22505,2024,3,528.0,0.3055555555555556,100.0,100.0,215.9,1.018,93.45911808235117,93.45911808235117
fg:22505,2025,3,351.0,0.2263056092843327,100.0,100.0,218.6,1.012,85.30939391233096,85.30939391233096
fg:22514,2022,1,475.0,0.2835820895522388,100.0,100.0,247.5,1.036,109.37262245387335,109.37262245387335
fg:22514,2023,2,2890.0,0.706601466992665,100.0,100.0,460.5,1.03,124.65697523199931,124.65697523199931
fg:22514,2024,3,3508.0,0.7451146983857264,100.0,100.0,371.7,1.024,122.66689134248301,122.66689134248301
fg:22514,2025,3,3038.0,0.7168475696083058,100.0,100.0,280.3,1.018,112.02076894798348,112.02076894798348
fg:22515,2022,1,110.0,0.08396946564885496,100.0,100.0,211.0,1.036,93.76762204355673,93.76762204355673
fg:22515,2023,2,388.0,0.24433249370277077,100.0,100.0,232.2,1.03,86.04178646113769,86.04178646113769
fg:22515,2024,3,2896.0,0.70703125,100.0,100.0,465.0,1.024,110.08974751514073,110.08974751514073
fg:22515,2025,3,5727.0,0.826764833261152,100.0,100.0,599.3,1.018,109.666612953204,109.666612953204
fg:22530,2024,1,200.0,0.14285714285714285,100.00000000000001,100.0,220.0,1.024,96.9646832313808,96.9646832313808
fg:22530,2025,2,545.0,0.3123209169054441,100.0,100.0,242.5,1.018,92.3877076269511,92.3877076269511
fg:22532,2022,1,430.0,0.26380368098159507,100.0,100.0,243.0,1.03,96.84303624476343,96.84303624476343
fg:22532,2023,2,1184.0,0.4966442953020134,99.99999999999999,100.0,292.6,1.024,92.8875246042309,92.8875246042309
fg:22532,2024,3,2845.0,0.7033374536464772,100.0,100.0,408.3,1.018,89.8331562001129,89.8331562001129
fg:22532,2025,3,4176.0,0.7767857142857143,100.00000000000001,100.0,452.3,1.012,91.3138641819593,91.3138641819593
fg:22541,2025,1,240.0,0.16666666666666666,100.00000000000001,100.0,224.0,1.024,104.60594153967817,104.60594153967817
fg:22542,2023,1,645.0,0.34959349593495936,100.0,100.0,264.5,1.036,88.65056485151075,88.65056485151075
fg:22542,2024,2,2771.0,0.6978091160916645,100.0,100.0,438.4,1.03,115.1028259282106,115.1028259282106
fg:22542,2025,3,5341.0,0.8165418131784131,100.0,100.0,560.1,1.024,106.19905085162644,106.19905085162644
fg:22557,2022,1,120.0,0.09090909090909091,100.0,100.0,212.0,1.036,92.43498902199366,92.43498902199366
fg:22557,2023,2,126.0,0.09502262443438914,100.0,100.0,205.4,1.03,91.2352266721964,91.2352266721964
fg:22557,2024,3,1766.0,0.5954146999325691,100.0,100.0,367.6,1.024,77.85808887843275,77.85808887843275
fg:22557,2025,3,1449.0,0.5469988674971688,99.99999999999999,100.0,242.9,1.018,81.3446476917942,81.3446476917942
fg:22558,2021,1,1885.0,0.6110210696920584,100.0,100.0,388.5,1.042,87.1376511327746,87.1376511327746
fg:22558,2022,2,2413.0,0.6678660393025186,100.0,100.0,328.2,1.036,80.77814272068608,80.77814272068608
fg:22558,2023,3,3935.0,0.7663096397273612,100.0,100.0,426.1,1.03,94.7827680485927,94.7827680485927
fg:22558,2024,3,4452.0,0.7876857749469215,100.00000000000001,100.0,466.1,1.024,95.81827178115769,95.81827178115769
fg:22558,2025,3,3369.0,0.737360472751149,100.0,100.0,277.4,1.018,95.46942196960278,95.46942196960278
fg:22563,2022,1,285.0,0.1919191919191919,100.0,100.0,228.5,1.036,101.91576406821665,101.91576406821665
fg:22563,2023,2,1953.0,0.6194100856327307,100.0,100.0,378.2,1.03,87.27107432890531,87.27107432890531
fg:22563,2024,3,2356.0,0.6625421822272216,100.0,100.0,315.0,1.024,84.48501702342162,84.48501702342162
fg:22563,2025,3,4034.0,0.7707298433320596,100.0,100.0,451.6,1.018,82.16046774508007,82.16046774508007
fg:22566,2025,1,80.0,0.0625,99.99999999999999,100.0,208.0,1.018,94.56684006519905,94.56684006519905
fg:22581,2020,1,125.0,0.09433962264150944,100.0,100.0,212.5,1.042,110.60086603379773,110.60086603379773
fg:22581,2021,2,1045.0,0.46547884187082406,99.99999999999999,100.0,297.0,1.036,109.047273383068,109.047273383068
fg:22581,2022,3,3536.0,0.7466216216216216,100.00000000000001,100.0,489.4,1.03,122.1244691985637,122.1244691985637
fg:22581,2023,3,4841.0,0.8013573911604039,100.00000000000001,100.0,465.1,1.024,111.88568803933003,111.88568803933003
fg:22581,2024,3,5241.0,0.8136935258500233,99.99999999999999,100.0,435.2,1.018,105.9905113216396,105.9905113216396
fg:22581,2025,3,5340.0,0.8165137614678899,99.99999999999999,100.0,491.6,1.012,104.77961741151232,104.77961741151232
fg:22650,2022,1,255.0,0.17525773195876287,100.00000000000001,100.0,225.5,1.042,100.62693073026968,100.62693073026968
fg:22650,2023,2,1669.0,0.5817357964447543,100.0,100.0,351.6,1.036,90.16757181535563,90.16757181535563
fg:22664,2022,1,365.0,0.23322683706070288,100.0,100.0,236.5,1.036,106.94852082718947,106.94852082718947
fg:22664,2023,2,2192.0,0.6462264150943396,100.0,100.0,397.3,1.03,105.339984787853,105.339984787853
fg:22664,2024,3,3494.0,0.7443544951001279,100.0,100.0,413.5,1.024,106.39546202959751,106.39546202959751
fg:22664,2025,3,4089.0,0.7731140102098696,100.0,100.0,389.6,1.018,109.26714203995905,109.26714203995905
fg:22707,2024,1,240.0,0.16666666666666666,100.00000000000001,100.0,224.0,1.012,96.73445908100592,96.73445908100592
fg:22707,2025,2,522.0,0.30313588850174217,100.0,100.0,237.8,1.006,92.65441674155143,92.65441674155143
fg:22713,2021,1,20.0,0.01639344262295082,99.99999999999999,100.0,202.0,1.024,99.04262295081966,99.04262295081966
fg:22715,2022,1,115.0,0.08745247148288973,100.0,100.0,211.5,1.036,103.67986148853633,103.67986148853633
fg:22715,2023,2,2667.0,0.6896819239720714,100.0,100.0,459.8,1.03,92.70795679599524,92.70795679599524
fg:22715,2024,3,5259.0,0.8142127264282397,100.0,100.0,564.5,1.024,83.05694020215473,83.05694020215473
fg:22715,2025,3,7379.0,0.860123557524187,100.0,100.0,595.6,1.018,98.497805038681,98.497805038681
fg:22766,2024,1,225.0,0.15789473684210525,100.00000000000001,100.0,222.5,1.018,97.47444657117799,97.47444657117799
fg:22766,2025,2,210.0,0.14893617021276595,100.00000000000001,100.0,207.5,1.012,94.82277819787708,94.82277819787708
fg:22799,2021,1,185.0,0.13357400722021662,100.00000000000001,100.0,218.5,1.042,104.99099988193436,104.99099988193436
fg:22799,2022,2,2648.0,0.6881496881496881,100.0,100.0,453.7,1.036,75.92641381909036,75.92641381909036
fg:22799,2023,3,4586.0,0.7926028344279294,100.00000000000001,100.0,497.5,1.03,87.55389093290138,87.55389093290138
fg:22799,2024,3,5420.0,0.8187311178247734,99.99999999999999,100.0,443.5,1.024,92.79230461539872,92.79230461539872
fg:22799,2025,3,6637.0,0.8468801837437795,100.0,100.0,598.8,1.018,119.59415182025202,119.59415182025202
fg:22823,2022,1,285.0,0.1919191919191919,100.0,100.0,228.5,1.036,112.47847230385277,112.47847230385277
fg:22823,2023,2,1183.0,0.49643306756189676,99.99999999999999,100.0,301.2,1.03,87.7611413850974,87.7611413850974
fg:22823,2024,3,990.0,0.4520547945205479,100.0,100.0,224.6,1.024,89.40225242662709,89.40225242662709
fg:22823,2025,3,1942.0,0.6180776575429663,100.0,100.0,333.6,1.018,64.13448082073012,64.13448082073012
fg:22842,2023,1,85.0,0.06614785992217899,99.99999999999999,100.0,208.5,1.03,106.17333435770071,106.17333435770071
fg:22842,2024,2,208.0,0.14772727272727273,99.99999999999999,100.0,215.7,1.024,107.4512764078152,107.4512764078152
fg:22842,2025,3,1333.0,0.526253454401895,100.0,100.0,319.8,1.018,89.09191328076149,89.09191328076149
fg:22857,2024,1,2125.0,0.6390977443609023,100.0,100.0,412.5,1.024,98.40341480670374,98.40341480670374
fg:22857,2025,2,3615.0,0.7507788161993769,100.0,100.0,434.0,1.018,100.98810757111269,100.98810757111269
fg:22871,2021,1,250.0,0.1724137931034483,100.00000000000001,100.0,225.0,1.042,94.50972378178581,94.50972378178581
fg:22871,2022,2,1085.0,0.474835886214442,99.99999999999999,100.0,293.5,1.036,80.64964834031021,80.64964834031021
fg:22871,2023,3,1958.0,0.6200126662444585,100.0,100.0,327.7,1.03,78.41477703999654,78.41477703999654
fg:22896,2022,1,180.0,0.13043478260869565,100.00000000000001,100.0,218.0,1.036,89.50851667903926,89.50851667903926
fg:22896,2023,2,1009.0,0.4567677682209144,100.0,100.0,290.1,1.03,75.0450071549469,75.0450071549469
fg:22896,2024,3,2645.0,0.6879063719115734,100.0,100.0,401.8,1.024,80.26335916146523,80.26335916146523
fg:22896,2025,3,4715.0,0.7971259509721048,100.00000000000001,100.0,508.9,1.018,92.03164885660884,92.03164885660884
fg:22906,2022,1,70.0,0.05511811023622047,99.99999999999997,100.0,207.0,1.036,95.85771077195062,95.85771077195062
fg:22925,2021,1,10.0,0.008264462809917356,100.0,100.0,201.0,1.036,101.88760330578512,101.88760330578512
fg:23003,2022,1,45.0,0.03614457831325301,100.0,100.0,204.5,1.03,100.6619979398128,100.6619979398128
fg:23003,2023,2,1921.0,0.6155078500480615,100.0,100.0,389.4,1.024,118.09958689929323,118.09958689929323
fg:23003,2024,3,4630.0,0.7941680960548885,100.00000000000001,100.0,547.2,1.018,117.0842016487793,117.0842016487793
fg:23003,2025,3,6442.0,0.8429730437058361,100.0,100.0,545.4,1.012,107.33958028913521,107.33958028913521
fg:23250,2024,1,5.0,0.004149377593360996,99.99999999999999,100.0,200.5,1.006,99.76514522821576,99.76514522821576
fg:23250,2025,2,14.0,0.011532125205930808,99.99999999999999,100.0,201.1,1.0,99.62740491173496,99.62740491173496
fg:23252,2021,1,35.0,0.02834008097165992,100.00000000000001,100.0,203.5,1.024,102.98475012499932,102.98475012499932
fg:23264,2022,1,35.0,0.02834008097165992,100.00000000000001,100.0,203.5,1.03,104.32791419116683,104.32791419116683
fg:23264,2023,2,213.0,0.15074309978768577,100.00000000000001,100.0,219.2,1.024,92.16539482680092,92.16539482680092
fg:23292,2021,1,5.0,0.004149377593360996,99.99999999999999,100.0,200.5,1.018,100.9551867219917,100.9551867219917
fg:23296,2023,1,45.0,0.03614457831325301,100.0,100.0,204.5,1.024,99.26919333744029,99.26919333744029
fg:23296,2024,2,396.0,0.24812030075187969,100.0,100.0,236.9,1.018,81.00471775789218,81.00471775789218
fg:23296,2025,3,680.0,0.3617021276595745,100.0,100.0,243.7,1.012,61.06460379658945,61.06460379658945
fg:23312,2023,1,2475.0,0.673469387755102,100.0,100.0,447.5,1.006,115.2021022380735,115.2021022380735
fg:23312,2024,2,2535.0,0.678714859437751,100.0,100.0,305.0,1.0,103.15799529429066,103.15799529429066
fg:23312,2025,3,2224.0,0.6495327102803738,100.0,100.0,240.6,0.9970089730807579,95.76116188317195,95.76116188317195
fg:23359,2022,1,1030.0,0.4618834080717489,100.0,100.0,303.0,1.03,97.80696024194847,97.80696024194847
fg:23359,2023,2,1719.0,0.5889003083247688,100.0,100.0,310.1,1.024,109.72848363492722,109.72848363492722
fg:23359,2024,3,2484.0,0.6742671009771987,100.0,100.0,332.9,1.018,99.54742870549347,99.54742870549347
fg:23372,2024,1,70.0,0.05511811023622047,99.99999999999997,100.0,207.0,1.006,102.02550560232127,102.02550560232127
fg:23372,2025,2,581.0,0.326221224031443,100.0,100.0,253.9,1.0,82.86652059981411,82.86652059981411
fg:23378,2020,1,340.0,0.22077922077922077,100.0,100.0,234.0,1.036,80.4786947494319,80.4786947494319
fg:23378,2021,2,552.0,0.3150684931506849,100.0,100.0,234.8,1.03,80.59214588380868,80.59214588380868
fg:23378,2022,3,1298.0,0.5196156925540433,99.99999999999999,100.0,292.6,1.024,56.83623583082439,56.83623583082439
fg:23378,2023,3,1609.0,0.5728017087931648,100.0,100.0,291.9,1.018,66.4344318690867,66.4344318690867
fg:23378,2025,2,602.0,0.3340732519422864,100.0,100.0,215.5,1.006,86.02922153034396,86.02922153034396
fg:23395,2024,1,370.0,0.2356687898089172,100.0,100.0,237.0,1.012,98.02166460475154,98.02166460475154
fg:23395,2025,2,2866.0,0.70486965076242,100.0,100.0,464.4,1.006,90.14579090189615,90.14579090189615
fg:23401,2023,1,1400.0,0.5384615384615384,100.0,100.0,340.0,1.012,100.45966637623977,100.45966637623977
fg:23401,2024,2,3535.0,0.7465681098204857,100.0,100.0,469.5,1.006,91.4335075097792,91.4335075097792
fg:23401,2025,3,4622.0,0.7938852627962899,100.00000000000001,100.0,433.3,1.0,93.14129109646714,93.14129109646714
fg:23442,2024,1,70.0,0.05511811023622047,99.99999999999997,100.0,207.0,1.024,94.95892345175837,94.95892345175837
fg:23442,2025,2,321.0,0.21104536489151873,100.0,100.0,227.9,1.018,83.47077620338715,83.47077620338715
fg:23550,2021,1,20.0,0.01639344262295082,99.99999999999999,100.0,202.0,1.03,101.99667339532714,101.99667339532714
fg:23552,2023,1,5.0,0.004149377593360996,99.99999999999999,100.0,200.5,1.006,99.76514522821576,99.76514522821576
fg:23557,2024,1,5.0,0.004149377593360996,99.99999999999999,100.0,200.5,1.006,99.76514522821576,99.76514522821576
fg:23559,2021,1,35.0,0.02834008097165992,100.00000000000001,100.0,203.5,1.018,97.55723413542154,97.55723413542154
fg:23565,2023,1,705.0,0.3700787401574803,100.0,100.0,270.5,1.024,130.93643670492574,130.93643670492574
fg:23565,2024,2,2834.0,0.7025285076846802,100.0,100.0,441.1,1.018,100.93932579222499,100.93932579222499
fg:23565,2025,3,3374.0,0.7376475732400525,100.0,100.0,358.9,1.012,106.9214699566056,106.9214699566056
fg:23667,2021,1,1540.0,0.5620437956204379,100.0,100.0,354.0,1.048,120.04658814061594,120.04658814061594
fg:23667,2022,2,2952.0,0.7109826589595376,100.0,100.0,402.8,1.042,118.70700162639841,118.70700162639841
fg:23667,2023,3,4755.0,0.7984886649874056,100.00000000000001,100.0,479.9,1.036,122.72569192730627,122.72569192730627
fg:23690,2023,1,430.0,0.26380368098159507,100.0,100.0,243.0,1.036,93.84892321205729,93.84892321205729
fg:23690,2024,2,2554.0,0.6803409696323921,100.0,100.0,429.6,1.03,87.04688196531156,87.04688196531156
fg:23690,2025,3,3941.0,0.7665823769694612,100.0,100.0,435.7,1.024,84.60867669674454,84.60867669674454
fg:23691,2023,1,170.0,0.12408759124087591,100.00000000000001,100.0,217.0,1.036,99.1505268872002,99.1505268872002
fg:23691,2024,2,976.0,0.4485294117647059,100.0,100.0,287.4,1.03,93.7686732666623,93.7686732666623
fg:23691,2025,3,1619.0,0.5743171337353672,100.0,100.0,301.3,1.024,93.15946130533811,93.15946130533811
fg:23695,2023,1,515.0,0.30029154518950435,100.0,100.0,251.5,1.036,79.39835631013766,79.39835631013766
fg:23695,2025,2,674.0,0.35965848452508004,100.0,100.0,236.5,1.024,75.21699459779153,75.21699459779153
fg:23697,2022,1,2800.0,0.7,100.00000000000003,100.0,480.0,1.042,138.85739320454002,138.85739320454002
fg:23697,2023,2,5810.0,0.8288159771754636,100.0,100.0,613.0,1.036,134.32317770078876,134.32317770078876
fg:23697,2024,3,7601.0,0.8636518577434382,100.00000000000001,100.0,577.9,1.03,127.62884654002572,127.62884654002572
fg:23697,2025,3,8144.0,0.8715753424657534,100.0,100.0,616.3,1.024,123.51007726962362,123.51007726962362
fg:23698,2023,1,540.0,0.3103448275862069,100.0,100.0,254.0,1.036,96.71921010146698,96.71921010146698
fg:23698,2025,2,1244.0,0.5090016366612111,100.0,100.0,292.0,1.024,94.71075484623368,94.71075484623368
fg:23733,2022,1,1100.0,0.4782608695652174,100.0,100.0,310.0,1.03,93.97793498388606,93.97793498388606
fg:23733,2023,2,3075.0,0.7192982456140351,100.0,100.0,441.5,1.024,104.42331574610058,104.42331574610058
fg:23733,2024,3,3841.0,0.7619519936520531,100.0,100.0,386.4,1.018,96.18725712775365,96.18725712775365
fg:23733,2025,3,3552.0,0.7474747474747475,99.99999999999999,100.0,338.0,1.012,88.32698311416695,88.32698311416695
fg:23735,2021,1,30.0,0.024390243902439025,100.0,100.0,203.0,1.024,97.40487804878049,97.40487804878049
fg:23772,2023,1,425.0,0.26153846153846155,100.0,100.0,242.5,1.024,112.16373519707254,112.16373519707254
fg:23772,2024,2,2575.0,0.6821192052980133,100.0,100.0,432.0,1.018,114.65441127840633,114.65441127840633
fg:23772,2025,3,4128.0,0.7747747747747747,100.00000000000001,100.0,453.2,1.012,112.323022825016,112.323022825016
fg:23779,2021,1,5.0,0.004149377593360996,99.99999999999999,100.0,200.5,1.024,103.43166497572605,103.43166497572605
fg:23782,2024,1,1050.0,0.4666666666666667,100.0,100.0,305.0,1.03,103.66167583548014,103.66167583548014
fg:23782,2025,2,1000.0,0.45454545454545453,100.0,100.0,237.0,1.024,94.05819912823587,94.05819912823587
fg:23788,2023,1,200.0,0.14285714285714285,100.00000000000001,100.0,220.0,1.03,81.84497659860895,81.84497659860895
fg:23788,2024,2,350.0,0.22580645161290322,100.0,100.0,223.0,1.024,83.84516752701758,83.84516752701758
fg:23788,2025,3,297.0,0.19839679358717435,100.0,100.0,206.3,1.018,83.90267160074222,83.90267160074222
fg:23789,2024,1,925.0,0.43529411764705883,100.0,100.0,292.5,1.018,96.80889906453667,96.80889906453667
fg:23789,2025,2,2070.0,0.6330275229357798,100.0,100.0,351.5,1.012,98.32841082000726,98.32841082000726
fg:23790,2025,1,50.0,0.04,100.0,100.0,205.0,1.018,95.33173719200853,95.33173719200853
fg:23792,2022,1,2055.0,0.631336405529954,100.0,100.0,405.5,1.036,84.95034260993769,84.95034260993769
fg:23792,2023,2,3654.0,0.7527812113720643,100.0,100.0,442.1,1.03,80.5891497331094,80.5891497331094
fg:23792,2024,3,3356.0,0.7366110623353819,100.0,100.0,291.7,1.024,79.89388481592776,79.89388481592776
fg:23792,2025,3,3963.0,0.7675769901220221,100.0,100.0,444.8,1.018,83.37383455069705,83.37383455069705
fg:23794,2022,1,325.0,0.21311475409836064,100.0,100.0,232.5,1.036,98.04656361218142,98.04656361218142
fg:23796,2021,1,140.0,0.1044776119402985,100.0,100.0,214.0,1.042,95.47261085659699,95.47261085659699
fg:23800,2023,1,725.0,0.37662337662337664,100.0,100.0,272.5,1.03,100.76417526856811,100.76417526856811
fg:23800,2024,2,2070.0,0.6330275229357798,100.0,100.0,363.5,1.024,105.8432047190991,105.8432047190991
fg:23800,2025,3,2692.0,0.6916752312435765,100.0,100.0,336.3,1.018,97.15655641931873,97.15655641931873
fg:23802,2025,1,365.0,0.23322683706070288,100.0,100.0,236.5,1.012,89.42386633695948,89.42386633695948
fg:23818,2022,1,185.0,0.13357400722021662,100.00000000000001,100.0,218.5,1.036,108.76490422988488,108.76490422988488
fg:23818,2023,2,2003.0,0.6253512332188573,100.0,100.0,389.2,1.03,84.2829739444003,84.2829739444003
fg:23818,2024,3,2000.0,0.625,100.0,100.0,277.6,1.024,78.42553346443286,78.42553346443286
fg:23818,2025,3,1562.0,0.5655322230267922,100.0,100.0,220.6,1.018,74.94064083183413,74.94064083183413
fg:23917,2025,1,330.0,0.21568627450980393,100.0,100.0,233.0,1.024,91.81522649609313,91.81522649609313
fg:2396,2019,1,3430.0,0.7408207343412527,100.00000000000001,100.0,543.0,0.9852216748768474,126.57420212939554,126.57420212939554
fg:2396,2020,2,4019.0,0.7700708948074344,100.0,100.0,396.1,0.9823182711198428,117.90485017401191,117.90485017401191
fg:2396,2021,3,6373.0,0.8415423214049914,100.00000000000001,100.0,555.0,0.9794319294809012,99.96699040146221,99.96699040146221
fg:2396,2022,3,5931.0,0.8317206562894405,100.0,100.0,518.9,0.9765625,91.3855786387648,91.3855786387648
fg:2396,2023,3,7096.0,0.8553519768563163,100.0,100.0,560.1,0.9737098344693282,93.81681070300125,93.81681070300125
fg:2396,2024,3,6964.0,0.8530132288094071,100.0,100.0,558.9,0.970873786407767,102.30077391509036,102.30077391509036
fg:2396,2025,3,6603.0,0.8462129950019224,100.0,100.0,496.4,0.9680542110358181,95.45681415034753,95.45681415034753
fg:23968,2024,1,90.0,0.06976744186046512,100.0,100.0,209.0,1.03,97.44269856342493,97.44269856342493
fg:23968,2025,2,457.0,0.27579963789981893,100.0,100.0,240.3,1.024,75.63561590664027,75.63561590664027
fg:23985,2023,1,470.0,0.281437125748503,100.0,100.0,247.0,1.036,93.73322734113498,93.73322734113498
fg:23986,2023,1,460.0,0.27710843373493976,100.0,100.0,246.0,1.036,101.83182821224904,101.83182821224904
fg:23986,2024,2,1028.0,0.4614003590664273,99.99999999999999,100.0,275.2,1.03,91.99074497708959,91.99074497708959
fg:23986,2025,3,2124.0,0.6389891696750902,100.0,100.0,345.2,1.024,86.63185425895489,86.63185425895489
fg:24064,2022,1,175.0,0.12727272727272726,100.00000000000001,100.0,217.5,1.048,98.45472029640716,98.45472029640716
fg:24064,2023,2,3215.0,0.7281993204983013,100.00000000000001,100.0,511.0,1.042,82.22479213052817,82.22479213052817
fg:24064,2024,3,6040.0,0.8342541436464088,100.0,100.0,609.0,1.036,90.17583602133783,90.17583602133783
fg:24064,2025,3,6575.0,0.8456591639871383,100.0,100.0,464.5,1.03,88.3083400954129,88.3083400954129
fg:24257,2024,1,990.0,0.4520547945205479,100.0,100.0,299.0,1.036,111.89262039503424,111.89262039503424
fg:24257,2025,2,1557.0,0.5647442872687704,100.0,100.0,296.3,1.03,87.67885810926255,87.67885810926255
fg:24262,2023,1,445.0,0.270516717325228,100.0,100.0,244.5,1.036,96.83078711155831,96.83078711155831
fg:24262,2024,2,3211.0,0.7279528451598277,100.00000000000001,100.0,494.4,1.03,88.27180288197506,88.27180288197506
fg:24262,2025,3,5486.0,0.8205204905773258,100.0,100.0,550.6,1.024,90.9110587067912,90.9110587067912
fg:24273,2022,1,20.0,0.01639344262295082,99.99999999999999,100.0,202.0,1.042,105.11325667282138,105.11325667282138
fg:24273,2023,2,1081.0,0.473914949583516,100.0,100.0,306.9,1.036,91.18487678224393,91.18487678224393
fg:24273,2024,3,914.0,0.4323557237464522,100.0,100.0,226.3,1.03,90.65136289843468,90.65136289843468
fg:24273,2025,3,1119.0,0.48253557567917205,100.0,100.0,245.0,1.024,89.05310631690622,89.05310631690622
fg:2429,2019,1,5.0,0.004149377593360996,99.99999999999999,100.0,200.5,0.9852216748768474,97.70455613923922,97.70455613923922
fg:2429,2021,2,13.0,0.010717230008244023,100.0,100.0,201.0,0.9794319294809012,95.8438334949571,95.8438334949571
fg:24336,2023,1,820.0,0.40594059405940597,100.0,100.0,282.0,1.036,107.13060208383558,107.13060208383558
fg:24336,2024,2,2471.0,0.6731135930264233,100.0,100.0,397.9,1.03,87.47868506812586,87.47868506812586
fg:24336,2025,3,2804.0,0.7002997002997003,100.0,100.0,322.3,1.024,81.75628032252122,81.75628032252122
fg:2434,2019,1,2605.0,0.6846254927726675,100.0,100.0,460.5,0.970873786407767,139.64157100455972,139.64157100455972
fg:2434,2020,2,3154.0,0.7243913642627469,100.0,100.0,359.1,0.9680542110358181,142.18068341725973,142.18068341725973
fg:2434,2021,3,5339.0,0.81648570117755,100.0,100.0,513.4,0.9652509652509652,129.56029708955734,129.56029708955734
fg:2434,2022,3,5513.0,0.8212423655593625,100.0,100.0,511.9,0.9624639076034649,105.30284801656133,105.30284801656133
fg:2434,2023,3,4540.0,0.7909407665505227,99.99999999999997,100.0,326.7,0.9596928982725528,96.25700437360803,96.25700437360803
fg:24400,2022,1,515.0,0.30029154518950435,100.0,100.0,251.5,1.018,101.36313638664795,101.36313638664795
fg:24400,2023,2,692.0,0.3657505285412262,100.0,100.0,238.3,1.012,95.34683521704376,95.34683521704376
fg:24400,2025,2,173.0,0.1260014566642389,100.0,100.0,200.5,1.0,94.74693615507603,94.74693615507603
fg:24451,2023,1,220.0,0.15492957746478872,100.00000000000001,100.0,222.0,1.006,93.24185028354815,93.24185028354815
fg:24451,2024,2,226.0,0.1584852734922861,99.99999999999999,100.0,209.4,1.0,91.81365084333962,91.81365084333962
fg:24485,2023,1,35.0,0.02834008097165992,100.00000000000001,100.0,203.5,1.006,96.75929829427311,96.75929829427311
fg:24488,2024,1,2295.0,0.6566523605150214,100.0,100.0,429.5,1.006,90.92785616080663,90.92785616080663
fg:24488,2025,2,2901.0,0.7073884418434528,100.0,100.0,352.4,1.0,83.66501526051094,83.66501526051094
fg:24491,2022,1,45.0,0.03614457831325301,100.0,100.0,204.5,1.024,96.91439742517272,96.91439742517272
fg:24496,2024,1,70.0,0.05511811023622047,99.99999999999997,100.0,207.0,1.006,98.75282726422805,98.75282726422805
fg:24496,2025,2,496.0,0.29245283018867924,100.0,100.0,245.4,1.0,68.1901684476193,68.1901684476193
fg:24580,2021,1,120.0,0.09090909090909091,100.0,100.0,212.0,1.03,87.68251366215831,87.68251366215831
fg:24589,2022,1,615.0,0.33884297520661155,100.0,100.0,261.5,1.018,90.09357922508401,90.09357922508401
fg:24589,2023,2,1002.0,0.4550408719346049,100.0,100.0,263.3,1.012,98.10855306117331,98.10855306117331
fg:24589,2024,3,2357.0,0.6626370536969356,100.0,100.0,368.2,1.006,99.69570064559072,99.69570064559072
fg:24589,2025,3,1810.0,0.6013289036544851,100.0,100.0,255.6,1.0,105.35629095417815,105.35629095417815
fg:24597,2023,1,40.0,0.03225806451612903,100.00000000000001,100.0,204.0,1.03,100.40007545665541,100.40007545665541
fg:24597,2024,2,232.0,0.16201117318435754,100.00000000000001,100.0,220.8,1.024,93.5948839129984,93.5948839129984
fg:24597,2025,3,234.0,0.16317991631799164,100.00000000000001,100.0,209.0,1.018,93.26820322011625,93.26820322011625
fg:24598,2024,1,1125.0,0.4838709677419355,100.0,100.0,312.5,1.024,87.15655822333362,87.15655822333362
fg:24598,2025,2,3410.0,0.7396963123644251,100.0,100.0,473.5,1.018,99.44510540980203,99.44510540980203
fg:24605,2024,1,50.0,0.04,100.0,100.0,205.0,1.0,100.8688405533793,100.8688405533793
fg:24605,2025,2,590.0,0.329608938547486,100.0,100.0,256.0,0.9970089730807579,102.02771119572222,102.02771119572222
fg:24610,2022,1,3190.0,0.7266514806378133,100.00000000000001,100.0,519.0,1.024,120.95630672597801,120.95630672597801
fg:24610,2023,2,6142.0,0.8365567965132117,100.0,100.0,622.8,1.018,110.19714060405805,110.19714060405805
fg:24610,2024,3,7486.0,0.8618466497812572,100.00000000000001,100.0,541.8,1.012,116.22880764762249,116.22880764762249
fg:24610,2025,3,7779.0,0.8663548279318409,100.0,100.0,600.5,1.006,107.48695605671954,107.48695605671954
fg:24617,2021,1,560.0,0.3181818181818182,100.0,100.0,256.0,1.024,85.31980375738141,85.31980375738141
fg:24617,2022,2,1563.0,0.5656894679695983,100.0,100.0,322.7,1.018,83.83037421789969,83.83037421789969
fg:24617,2023,3,3038.0,0.7168475696083058,100.0,100.0,403.3,1.012,101.58450834086726,101.58450834086726
fg:24617,2024,3,5792.0,0.8283752860411899,100.0,100.0,603.7,1.006,119.21257029075461,119.21257029075461
fg:24617,2025,3,7506.0,0.8621640248104755,100.00000000000001,100.0,621.5,1.0,117.5573900116356,117.5573900116356
fg:24618,2020,1,310.0,0.2052980132450331,100.0,100.0,231.0,1.03,107.55009145909827,107.55009145909827
fg:24618,2021,2,1713.0,0.588053553038105,100.0,100.0,352.7,1.024,95.65009101560543,95.65009101560543
fg:24618,2022,3,2538.0,0.6789727126805778,100.0,100.0,347.3,1.018,93.12881445100192,93.12881445100192
fg:24618,2023,3,3498.0,0.7445721583652618,100.0,100.0,391.1,1.012,108.1860764031857,108.1860764031857
fg:24618,2024,3,4373.0,0.7846761169926431,100.00000000000001,100.0,466.0,1.006,109.98509982489767,109.98509982489767
fg:24618,2025,3,5185.0,0.8120595144870791,100.00000000000001,100.0,478.5,1.0,112.17775082441729,112.17775082441729
fg:24622,2025,1,265.0,0.18088737201365188,100.0,100.0,226.5,0.9910802775024778,100.89500558750228,100.89500558750228
fg:24641,2025,1,555.0,0.3162393162393162,100.0,100.0,255.5,1.0,86.63754756127376,86.63754756127376
fg:24655,2021,1,1010.0,0.45701357466063347,100.0,100.0,301.0,1.024,79.56110882492169,79.56110882492169
fg:24655,2022,2,3168.0,0.7252747252747253,100.0,100.0,456.2,1.018,85.13575372685976,85.13575372685976
fg:24655,2023,3,4064.0,0.7720364741641338,100.0,100.0,404.2,1.012,85.08295128868907,85.08295128868907
fg:24655,2024,3,2807.0,0.7005240828550038,99.99999999999999,100.0,244.9,1.006,86.95067633458322,86.95067633458322
fg:24655,2025,3,1135.0,0.4860813704496788,100.0,100.0,211.2,1.0,85.83048776621254,85.83048776621254
fg:24671,2021,1,5.0,0.004149377593360996,99.99999999999999,100.0,200.5,1.024,101.55020746887966,101.55020746887966
fg:24679,2022,1,2340.0,0.6610169491525424,100.0,100.0,434.0,1.018,120.10555276937187,120.10555276937187
fg:24679,2023,2,3727.0,0.7564440836208646,100.0,100.0,432.3,1.012,118.67172130996458,118.67172130996458
fg:24679,2024,3,6148.0,0.8366902558519325,100.0,100.0,563.1,1.006,116.31438946220501,116.31438946220501
fg:24679,2025,3,6296.0,0.83991462113127,100.0,100.0,522.7,1.0,114.37982881392928,114.37982881392928
fg:24703,2022,1,935.0,0.4379391100702576,100.0,100.0,293.5,1.012,87.0990517257025,87.0990517257025
fg:24703,2023,2,1278.0,0.5157384987893463,100.00000000000001,100.0,271.7,1.006,79.95412162127744,79.95412162127744
fg:24703,2024,3,2345.0,0.6614950634696756,100.0,100.0,346.6,1.0,98.21628652152452,98.21628652152452
fg:24703,2025,3,2031.0,0.6285979572887651,100.0,100.0,289.7,0.9970089730807579,88.04861621364047,88.04861621364047
fg:24729,2022,1,80.0,0.0625,99.99999999999999,100.0,208.0,1.036,103.45092848019983,103.45092848019983
fg:24729,2023,2,1059.0,0.46879150066401065,99.99999999999999,100.0,301.1,1.03,108.90881398482944,108.90881398482944
fg:24729,2024,3,3454.0,0.7421572840567254,100.0,100.0,480.9,1.024,105.60221315217262,105.60221315217262
fg:24729,2025,3,4940.0,0.8045602605863192,100.00000000000001,100.0,477.7,1.018,93.09483637920393,93.09483637920393
fg:24759,2024,1,115.0,0.08745247148288973,100.0,100.0,211.5,1.0,90.03417827873606,90.03417827873606
fg:24759,2025,2,642.0,0.3485342019543974,100.0,100.0,257.3,0.9970089730807579,76.69009524971467,76.69009524971467
fg:24765,2022,1,75.0,0.058823529411764705,99.99999999999997,100.0,207.5,1.03,98.32054356504392,98.32054356504392
fg:24770,2022,1,80.0,0.0625,99.99999999999999,100.0,208.0,1.018,113.7794771461018,113.7794771461018
fg:24770,2023,2,2899.0,0.7072456696755306,100.00000000000001,100.0,485.1,1.012,115.77822274753707,115.77822274753707
fg:24770,2024,3,3096.0,0.7206703910614525,100.0,100.0,334.7,1.006,102.85615749720559,102.85615749720559
fg:24770,2025,3,3065.0,0.7186400937866354,99.99999999999999,100.0,289.6,1.0,90.58269735723411,90.58269735723411
fg:24782,2022,1,905.0,0.42992874109263657,100.0,100.0,290.5,1.018,112.41291019577487,112.41291019577487
fg:24782,2023,2,1424.0,0.5426829268292683,100.0,100.0,288.1,1.012,94.87196770404105,94.87196770404105
fg:24782,2024,3,1288.0,0.5176848874598071,100.0,100.0,232.5,1.006,94.71272846288193,94.71272846288193
fg:24782,2025,3,693.0,0.36608557844690964,100.0,100.0,216.2,1.0,88.36613422067798,88.36613422067798
fg:24816,2024,1,2215.0,0.6486090775988287,100.0,100.0,421.5,1.03,101.94432012279677,101.94432012279677
fg:24816,2025,2,4892.0,0.8030203545633617,100.00000000000001,100.0,556.3,1.024,108.99191723804203,108.99191723804203
fg:24878,2025,1,1470.0,0.550561797752809,100.0,100.0,347.0,1.018,111.84956348431653,111.84956348431653
fg:24934,2023,1,565.0,0.32011331444759206,100.0,100.0,256.5,1.006,102.16321233419103,102.16321233419103
fg:24934,2024,2,2412.0,0.6677740863787376,100.0,100.0,407.3,1.0,116.58388207524531,116.58388207524531
fg:24934,2025,3,2692.0,0.6916752312435765,100.0,100.0,317.7,0.9970089730807579,104.54681891121758,104.54681891121758
fg:25005,2025,1,10.0,0.008264462809917356,100.0,100.0,201.0,1.0,98.34710743801652,98.34710743801652
fg:25007,2021,1,20.0,0.01639344262295082,99.99999999999999,100.0,202.0,1.018,100.22520518849507,100.22520518849507
fg:2502,2019,1,595.0,0.33147632311977715,100.0,100.0,259.5,0.9852216748768474,80.82011178208754,80.82011178208754
fg:25040,2022,1,35.0,0.02834008097165992,100.00000000000001,100.0,203.5,1.018,102.14877778507046,102.14877778507046
fg:25040,2023,2,133.0,0.09977494373593399,99.99999999999999,100.0,211.2,1.012,95.94922273319119,95.94922273319119
fg:25040,2024,3,150.0,0.1111111111111111,100.0,100.0,206.6,1.006,92.57251610101449,92.57251610101449
fg:25040,2025,3,624.0,0.34210526315789475,100.0,100.0,253.4,1.0,63.29671703747792,63.29671703747792
fg:25055,2022,1,610.0,0.3370165745856354,100.0,100.0,261.0,1.018,101.63803777937301,101.63803777937301
fg:25055,2023,2,768.0,0.3902439024390244,100.0,100.0,240.2,1.012,79.16802562466543,79.16802562466543
fg:25055,2025,2,618.0,0.33993399339933994,100.0,100.0,245.0,1.0,86.51683961724541,86.51683961724541
fg:25111,2022,1,170.0,0.12408759124087591,100.00000000000001,100.0,217.0,1.012,113.06700884445368,113.06700884445368
fg:25111,2023,2,606.0,0.33554817275747506,100.0,100.0,250.4,1.006,83.89947498883063,83.89947498883063
fg:25111,2024,3,768.0,0.3902439024390244,100.0,100.0,238.4,1.0,82.54741901200052,82.54741901200052
fg:25138,2024,1,55.0,0.043824701195219126,100.0,100.0,205.5,1.0,93.9240581929823,93.9240581929823
fg:25180,2024,1,1105.0,0.4793926247288503,100.0,100.0,310.5,1.006,97.15803480268528,97.15803480268528
fg:25180,2025,2,2994.0,0.7138769670958512,100.0,100.0,433.1,1.0,87.89344481029867,87.89344481029867
fg:25183,2025,1,90.0,0.06976744186046512,100.0,100.0,209.0,0.9970089730807579,89.42775626512605,89.42775626512605
fg:2520,2019,1,10.0,0.008264462809917356,100.0,100.0,201.0,0.9881422924901185,97.18093620357364,97.18093620357364
fg:2520,2021,2,31.0,0.025182778229082048,100.0,100.0,202.5,0.9823182711198428,95.36424112961289,95.36424112961289
fg:2530,2019,1,1675.0,0.5826086956521739,100.0,100.0,367.5,0.9881422924901185,79.06991771576189,79.06991771576189
fg:25332,2023,1,1020.0,0.4594594594594595,100.0,100.0,302.0,1.03,86.46610194619615,86.46610194619615
fg:25332,2025,2,897.0,0.42775393419170243,100.0,100.0,228.5,1.018,82.90585448713539,82.90585448713539
fg:25346,2025,1,440.0,0.2682926829268293,100.0,100.0,244.0,1.018,91.29730268690754,91.29730268690754
fg:25353,2022,1,345.0,0.22330097087378642,100.0,100.0,234.5,1.012,89.80729633069551,89.80729633069551
fg:25353,2023,2,631.0,0.3446204259967231,100.0,100.0,242.4,1.006,94.91219396213035,94.91219396213035
fg:25353,2024,3,1111.0,0.4807442665512765,100.0,100.0,269.1,1.0,87.08628252464003,87.08628252464003
fg:25353,2025,3,834.0,0.41002949852507375,100.0,100.0,224.9,0.9970089730807579,88.31765915738328,88.31765915738328
fg:25376,2021,1,5.0,0.004149377593360996,99.99999999999999,100.0,200.5,1.024,101.55020746887966,101.55020746887966
fg:25379,2021,1,55.0,0.043824701195219126,100.0,100.0,205.5,1.018,95.18401456234011,95.18401456234011
fg:25385,2021,1,20.0,0.01639344262295082,99.99999999999999,100.0,202.0,1.018,100.82648300499437,100.82648300499437
fg:2539,2021,1,60.0,0.047619047619047616,100.0,100.0,206.0,0.9852216748768474,92.86374138648559,92.86374138648559
fg:25425,2024,1,250.0,0.1724137931034483,100.00000000000001,100.0,225.0,1.012,104.63530019012042,104.63530019012042
fg:25434,2025,1,455.0,0.27492447129909364,100.0,100.0,245.5,1.012,86.77316334008715,86.77316334008715
fg:25448,2024,1,30.0,0.024390243902439025,100.0,100.0,203.0,1.012,103.25410161485101,103.25410161485101
fg:25448,2025,2,34.0,0.027552674230145867,99.99999999999999,100.0,201.6,1.006,100.59777340067286,100.59777340067286
fg:25459,2022,1,510.0,0.2982456140350877,100.0,100.0,251.0,1.018,97.47575614804238,97.47575614804238
fg:25459,2023,2,593.0,0.33073061907417733,100.0,100.0,228.7,1.012,94.1891835799467,94.1891835799467
fg:25467,2025,1,375.0,0.23809523809523808,100.0,100.0,237.5,1.006,73.4695403437648,73.4695403437648
fg:25475,2024,1,185.0,0.13357400722021662,100.00000000000001,100.0,218.5,1.012,90.88879499629756,90.88879499629756
fg:25476,2023,1,30.0,0.024390243902439025,100.0,100.0,203.0,1.018,98.90796329605325,98.90796329605325
fg:25477,2024,1,95.0,0.07335907335907337,100.0,100.0,209.5,1.012,93.88170433742368,93.88170433742368
fg:25477,2025,2,2281.0,0.6552714737144498,100.0,100.0,422.4,1.006,112.63058392141616,112.63058392141616
fg:25479,2023,1,2155.0,0.6423248882265276,100.0,100.0,415.5,1.018,65.36695300804662,65.36695300804662
fg:25479,2024,2,4739.0,0.7979457821182017,100.00000000000001,100.0,544.6,1.012,83.16048746561592,83.16048746561592
fg:25479,2025,3,6395.0,0.8420013166556946,100.0,100.0,529.3,1.006,77.61523844568177,77.61523844568177
fg:25482,2023,1,220.0,0.15492957746478872,100.00000000000001,100.0,222.0,1.012,86.59289455359843,86.59289455359843
fg:25483,2024,1,430.0,0.26380368098159507,100.0,100.0,243.0,1.012,96.61119475320801,96.61119475320801
fg:25483,2025,2,864.0,0.4186046511627907,100.0,100.0,260.6,1.006,93.48559746976727,93.48559746976727
fg:25493,2023,1,170.0,0.12408759124087591,100.00000000000001,100.0,217.0,1.024,91.69194732724524,91.69194732724524
fg:25493,2024,2,2691.0,0.6915959907478797,100.0,100.0,458.9,1.018,101.90724338210667,101.90724338210667
fg:25493,2025,3,4676.0,0.7957794417971409,100.00000000000001,100.0,504.1,1.012,86.8043952171963,86.8043952171963
fg:25505,2023,1,500.0,0.29411764705882354,100.0,100.0,250.0,1.012,105.44780724956004,105.44780724956004
fg:25505,2024,2,445.0,0.270516717325228,100.0,100.0,214.5,1.006,103.60501282609252,103.60501282609252
fg:25524,2024,1,490.0,0.28994082840236685,100.0,100.0,249.0,1.012,86.20686949325481,86.20686949325481
fg:25524,2025,2,557.0,0.3170176437108708,100.0,100.0,226.3,1.006,79.03977013142556,79.03977013142556
fg:25543,2022,1,130.0,0.09774436090225563,100.0,100.0,213.0,1.03,94.88804373748067,94.88804373748067
fg:25543,2023,2,454.0,0.27448609431680776,100.0,100.0,237.6,1.024,69.80717204947805,69.80717204947805
fg:25543,2024,3,2328.0,0.6598639455782312,100.0,100.0,404.0,1.018,69.6481584130626,69.6481584130626
fg:25543,2025,3,1986.0,0.623352165725047,100.0,100.0,259.4,1.012,75.89591621119243,75.89591621119243
fg:25569,2023,1,875.0,0.42168674698795183,100.0,100.0,287.5,1.012,82.83269264292213,82.83269264292213
fg:25575,2024,1,785.0,0.3954659949622166,100.0,100.0,278.5,1.012,101.94898309823863,101.94898309823863
fg:25616,2023,1,225.0,0.15789473684210525,100.00000000000001,100.0,222.5,1.042,101.61607674928689,101.61607674928689
fg:25616,2024,2,585.0,0.3277310924369748,100.0,100.0,245.0,1.036,92.31376019335369,92.31376019335369
fg:25621,2024,1,540.0,0.3103448275862069,100.0,100.0,254.0,1.036,92.09124807328817,92.09124807328817
fg:25621,2025,2,492.0,0.2907801418439716,100.0,100.0,216.8,1.03,90.95753443746382,90.95753443746382
fg:25629,2025,1,605.0,0.33518005540166207,100.0,100.0,260.5,1.024,90.68726967495648,90.68726967495648
fg:25643,2023,1,165.0,0.12087912087912088,100.00000000000001,100.0,216.5,1.018,105.5082333222899,105.5082333222899
fg:25643,2024,2,442.0,0.269183922046285,100.0,100.0,234.3,1.012,99.36141323048004,99.36141323048004
fg:25643,2025,3,622.0,0.3413830954994512,100.0,100.0,233.7,1.006,103.02730555892965,103.02730555892965
fg:25660,2022,1,225.0,0.15789473684210525,100.00000000000001,100.0,222.5,1.024,111.4352306991898,111.4352306991898
fg:25660,2023,2,2455.0,0.6716826265389877,100.0,100.0,432.0,1.018,91.7749051988662,91.7749051988662
fg:25660,2024,3,3720.0,0.7560975609756098,100.0,100.0,422.0,1.012,94.45095063252171,94.45095063252171
fg:25660,2025,3,2842.0,0.7031172686788718,99.99999999999996,100.0,241.8,1.006,91.52527482845343,91.52527482845343
fg:25688,2025,1,190.0,0.1366906474820144,100.00000000000001,100.0,219.0,1.0,85.62431353641321,85.62431353641321
fg:25690,2024,1,650.0,0.35135135135135137,100.0,100.0,265.0,1.03,92.37030518836623,92.37030518836623
fg:25690,2025,2,650.0,0.35135135135135137,100.0,100.0,226.0,1.024,86.28019568769767,86.28019568769767
fg:25705,2024,1,35.0,0.02834008097165992,100.00000000000001,100.0,203.5,1.024,107.81794068131043,107.81794068131043
fg:25705,2025,2,243.0,0.1683991683991684,100.00000000000001,100.0,222.2,1.018,100.71510222954042,100.71510222954042
fg:25714,2025,1,370.0,0.2356687898089172,100.0,100.0,237.0,1.0,96.71354829696591,96.71354829696591
fg:25764,2022,1,3160.0,0.7247706422018348,100.00000000000001,100.0,516.0,1.036,101.97323535876602,101.97323535876602
fg:25764,2023,2,5998.0,0.8332870241733815,100.0,100.0,610.2,1.03,110.08592962601338,110.08592962601338
fg:25764,2024,3,8217.0,0.872570882446639,100.0,100.0,623.9,1.024,133.38736867453164,133.38736867453164
fg:25764,2025,3,8353.0,0.8743850099445201,100.0,100.0,614.4,1.018,137.08711852307772,137.08711852307772
fg:25768,2022,1,1510.0,0.5571955719557196,100.0,100.0,351.0,1.042,87.83156355619997,87.83156355619997
fg:25768,2023,2,4278.0,0.7809419496166484,100.00000000000003,100.0,537.2,1.036,91.7046135598728,91.7046135598728
fg:25768,2024,3,6372.0,0.8415213946117274,100.0,100.0,562.4,1.03,98.96838837286928,98.96838837286928
fg:25768,2025,3,7425.0,0.8608695652173913,100.0,100.0,577.7,1.024,104.90630377214524,104.90630377214524
fg:25779,2025,1,285.0,0.1919191919191919,100.0,100.0,228.5,1.006,99.0458664285276,99.0458664285276
fg:2578,2019,1,230.0,0.16083916083916083,100.0,100.0,223.0,0.9881422924901185,74.6230739186245,74.6230739186245
fg:25782,2024,1,1090.0,0.4759825327510917,100.0,100.0,309.0,1.018,93.93753786597215,93.93753786597215
fg:25782,2025,2,2817.0,0.7012696041822255,100.0,100.0,416.3,1.012,86.12957122108988,86.12957122108988
fg:25805,2023,1,1720.0,0.589041095890411,100.0,100.0,372.0,1.018,96.30925515605513,96.30925515605513
fg:25805,2024,2,1566.0,0.5661605206073753,100.0,100.0,253.4,1.012,98.60169354322986,98.60169354322986
fg:25805,2025,3,1274.0,0.5149555375909458,100.0,100.0,212.8,1.006,94.46514456842351,94.46514456842351
fg:25807,2023,1,1045.0,0.46547884187082406,100.0,100.0,304.5,1.018,110.34971103188397,110.34971103188397
fg:25807,2024,2,3066.0,0.7187060478199718,100.0,100.0,443.9,1.012,90.13151321514432,90.13151321514432
fg:25807,2025,3,4291.0,0.781460571844837,100.00000000000001,100.0,432.6,1.006,88.9190472571359,88.9190472571359
fg:25813,2023,1,225.0,0.15789473684210525,100.00000000000001,100.0,222.5,1.018,97.34562638582118,97.34562638582118
fg:25813,2024,2,305.0,0.2026578073089701,100.0,100.0,217.0,1.012,86.3315753225533,86.3315753225533
fg:25814,2025,1,15.0,0.012345679012345678,99.99999999999999,100.0,201.5,1.0,97.53086419753085,97.53086419753085
fg:25816,2022,1,765.0,0.3893129770992366,100.0,100.0,276.5,1.024,100.52214762164743,100.52214762164743
fg:25816,2023,2,3062.0,0.7184420459877991,100.0,100.0,460.3,1.018,92.8722440275057,92.8722440275057
fg:25816,2024,3,5089.0,0.8091906503418668,100.00000000000001,100.0,516.0,1.012,100.48989468733356,100.48989468733356
fg:25816,2025,3,6221.0,0.8382967255086915,100.0,100.0,514.9,1.006,112.0091730029726,112.0091730029726
fg:25817,2023,1,20.0,0.01639344262295082,99.99999999999999,100.0,202.0,1.018,98.4622950819672,98.4622950819672
fg:25817,2024,2,351.0,0.2263056092843327,100.0,100.0,233.9,1.012,73.99883318691798,73.99883318691798
fg:25822,2023,1,190.0,0.1366906474820144,100.00000000000001,100.0,219.0,1.018,102.74714281770487,102.74714281770487
fg:25844,2025,1,235.0,0.16376306620209058,100.00000000000001,100.0,223.5,1.006,90.35866350416133,90.35866350416133
fg:25845,2022,1,600.0,0.3333333333333333,100.0,100.0,260.0,1.03,92.41811975376143,92.41811975376143
fg:25845,2023,2,1240.0,0.5081967213114754,99.99999999999999,100.0,288.0,1.024,71.61941427174564,71.61941427174564
fg:25845,2024,3,3258.0,0.730820995962315,100.0,100.0,444.2,1.018,87.31189589620179,87.31189589620179
fg:25845,2025,3,3973.0,0.7680262903537599,100.0,100.0,414.3,1.012,78.16280409530455,78.16280409530455
fg:25855,2025,1,210.0,0.14893617021276595,100.00000000000001,100.0,221.0,1.006,94.49377619079507,94.49377619079507
fg:25867,2022,1,420.0,0.25925925925925924,100.0,100.0,242.0,1.024,85.9536725982634,85.9536725982634
fg:25867,2023,2,426.0,0.26199261992619927,100.0,100.0,217.4,1.018,80.24148069676399,80.24148069676399
fg:25867,2024,3,649.0,0.3510005408328826,100.0,100.0,234.3,1.012,70.31189773993998,70.31189773993998
fg:25867,2025,3,534.0,0.3079584775086505,100.0,100.0,228.5,1.006,67.616018432277,67.616018432277
fg:25878,2022,1,575.0,0.323943661971831,100.0,100.0,257.5,1.042,114.35840484765801,114.35840484765801
fg:25878,2023,2,3685.0,0.7543500511770727,100.00000000000001,100.0,534.0,1.036,128.77461160566494,128.77461160566494
fg:25878,2024,3,6345.0,0.8409542743538767,100.0,100.0,606.5,1.03,119.17349559507488,119.17349559507488
fg:25878,2025,3,7881.0,0.8678559629996696,100.00000000000001,100.0,589.4,1.024,125.82683624338829,125.82683624338829
fg:25931,2022,1,2205.0,0.6475770925110133,100.0,100.0,420.5,1.042,129.3894130154185,129.3894130154185
fg:25931,2023,2,4459.0,0.7879484007775225,100.00000000000001,100.0,513.6,1.036,123.49461385398125,123.49461385398125
fg:25931,2024,3,5829.0,0.8292787025181392,100.0,100.0,488.9,1.03,114.89724129889093,114.89724129889093
fg:25931,2025,3,6702.0,0.8481397114654518,100.0,100.0,567.5,1.024,98.35281752673966,98.35281752673966
fg:25961,2022,1,565.0,0.32011331444759206,100.0,100.0,256.5,1.024,110.6647901950113,110.6647901950113
fg:25961,2023,2,2747.0,0.6959716240182418,100.0,100.0,440.8,1.018,117.36767237375234,117.36767237375234
fg:25961,2024,3,3655.0,0.752832131822863,100.0,100.0,393.9,1.012,129.1560079906613,129.1560079906613
fg:25961,2025,3,4881.0,0.8026640355204736,99.99999999999999,100.0,461.6,1.006,122.54697531309294,122.54697531309294
fg:25967,2024,1,15.0,0.012345679012345678,99.99999999999999,100.0,201.5,1.036,103.48930655034563,103.48930655034563
fg:25971,2024,1,50.0,0.04,100.0,100.0,205.0,1.042,97.96856110350369,97.96856110350369
fg:25971,2025,2,100.0,0.07692307692307693,99.99999999999999,100.0,207.0,1.036,100.1894813398728,100.1894813398728
fg:25976,2022,1,2090.0,0.6352583586626139,100.0,100.0,409.0,1.042,102.59049728266531,102.59049728266531
fg:25976,2023,2,3752.0,0.7576736672051696,100.0,100.0,449.8,1.036,111.1656789624425,111.1656789624425
fg:25976,2024,3,5838.0,0.8294970161977835,100.0,100.0,533.6,1.03,121.67747688005522,121.67747688005522
fg:25976,2025,3,6859.0,0.8510981511353766,100.0,100.0,585.9,1.024,124.12432185109645,124.12432185109645
fg:25979,2024,1,390.0,0.24528301886792453,100.0,100.0,239.0,1.03,100.73491673685614,100.73491673685614
fg:25979,2025,2,772.0,0.39148073022312374,100.0,100.0,253.8,1.024,99.46641910118585,99.46641910118585
fg:25980,2025,1,350.0,0.22580645161290322,100.0,100.0,235.0,1.024,99.86992475095869,99.86992475095869
fg:25999,2025,1,190.0,0.1366906474820144,100.00000000000001,100.0,219.0,1.03,100.37375962197264,100.37375962197264
fg:26031,2022,1,780.0,0.3939393939393939,100.0,100.0,278.0,1.042,113.23878546331997,113.23878546331997
fg:26031,2023,2,1024.0,0.460431654676259,100.0,100.0,255.6,1.036,106.04339672850962,106.04339672850962
fg:26031,2024,3,1358.0,0.5308835027365129,100.0,100.0,265.0,1.03,88.26227420278833,88.26227420278833
fg:2608,2019,1,125.0,0.09433962264150944,100.0,100.0,212.5,0.9910802775024778,89.69196804999216,89.69196804999216
fg:2608,2021,2,110.0,0.08396946564885496,100.00000000000001,100.0,203.5,0.9852216748768474,87.57707714898017,87.57707714898017
fg:26106,2025,1,235.0,0.16376306620209058,100.00000000000001,100.0,223.5,1.006,77.32798355261431,77.32798355261431
fg:26121,2022,1,70.0,0.05511811023622047,99.99999999999997,100.0,207.0,1.048,106.00519278136971,106.00519278136971
fg:26121,2023,2,2171.0,0.6440225452388015,100.0,100.0,412.9,1.042,102.0233241096726,102.0233241096726
fg:26121,2024,3,3444.0,0.7416020671834626,100.0,100.0,413.3,1.036,102.77401452081469,102.77401452081469
fg:26121,2025,3,4022.0,0.7702029873611643,100.0,100.0,372.7,1.03,108.84544756582535,108.84544756582535
fg:26123,2022,1,210.0,0.14893617021276595,100.00000000000001,100.0,221.0,1.036,98.75088728186955,98.75088728186955
fg:26123,2023,2,2113.0,0.6377905221853305,100.0,100.0,398.7,1.03,81.13938394806077,81.13938394806077
fg:26123,2024,3,2537.0,0.6788868075996789,100.0,100.0,324.4,1.024,82.98852372852417,82.98852372852417
fg:26123,2025,3,4011.0,0.7697179044329303,100.0,100.0,433.1,1.018,96.3332274832579,96.3332274832579
fg:26143,2025,1,605.0,0.33518005540166207,100.0,100.0,260.5,1.0,102.96028923954523,102.96028923954523
fg:26148,2025,1,115.0,0.08745247148288973,100.0,100.0,211.5,1.0,88.52316189946328,88.52316189946328
fg:26149,2023,1,510.0,0.2982456140350877,100.0,100.0,251.0,1.018,105.43162994390595,105.43162994390595
fg:26149,2024,2,1613.0,0.5734091717028084,100.0,100.0,330.7,1.012,78.37206157332145,78.37206157332145
fg:26149,2025,3,1440.0,0.5454545454545454,100.0,100.0,241.1,1.006,81.05229340470535,81.05229340470535
fg:26151,2022,1,490.0,0.28994082840236685,100.0,100.0,249.0,1.024,104.68768356146225,104.68768356146225
fg:26151,2023,2,557.0,0.3170176437108708,100.0,100.0,226.3,1.018,90.48601198180408,90.48601198180408
fg:26151,2024,3,1471.0,0.5507300636465743,100.0,100.0,307.8,1.012,82.4920143142419,82.4920143142419
fg:26151,2025,3,3220.0,0.7285067873303167,100.0,100.0,449.4,1.006,116.78137622860899,116.78137622860899
fg:2616,2019,1,535.0,0.30835734870317005,100.0,100.0,253.5,0.9852216748768474,62.871146166641104,62.871146166641104
fg:26197,2021,1,2345.0,0.6614950634696756,100.0,100.0,434.5,1.03,97.92110149153814,97.92110149153814
fg:26197,2022,2,4651.0,0.7949068535293112,100.00000000000001,100.0,524.4,1.024,106.16324307171898,106.16324307171898
fg:26197,2023,3,6702.0,0.8481397114654518,100.0,100.0,563.0,1.018,105.47574198356222,105.47574198356222
fg:26197,2024,3,7220.0,0.8574821852731591,100.0,100.0,571.0,1.012,103.8146005957697,103.8146005957697
fg:26197,2025,3,6556.0,0.8452810727178959,100.0,100.0,485.4,1.006,100.33262926102319,100.33262926102319
fg:26202,2025,1,2140.0,0.6407185628742516,100.0,100.0,414.0,0.9970089730807579,96.80473575352828,96.80473575352828
fg:26208,2023,1,170.0,0.12408759124087591,100.00000000000001,100.0,217.0,1.018,101.21174914974287,101.21174914974287
fg:26208,2024,2,1841.0,0.6053929628411706,100.0,100.0,373.9,1.012,119.060806881995,119.060806881995
fg:26208,2025,3,2681.0,0.6908013398608606,100.0,100.0,355.6,1.006,102.94164891848833,102.94164891848833
fg:26224,2024,1,675.0,0.36,100.0,100.0,267.5,1.036,84.8734894619901,84.8734894619901
fg:26224,2025,2,1525.0,0.5596330275229358,100.0,100.0,312.0,1.03,79.760603043767,79.760603043767
fg:26244,2025,1,20.0,0.01639344262295082,99.99999999999999,100.0,202.0,1.018,102.18871347990002,102.18871347990002
fg:26253,2025,1,5.0,0.004149377593360996,99.99999999999999,100.0,200.5,1.006,102.22411509687426,102.22411509687426
fg:26284,2025,1,875.0,0.42168674698795183,100.0,100.0,287.5,1.006,85.80601403164542,85.80601403164542
fg:26288,2022,1,2350.0,0.6619718309859155,100.0,100.0,435.0,1.024,125.54369645285627,125.54369645285627
fg:26288,2023,2,5315.0,0.8158096699923254,100.0,100.0,590.5,1.018,125.868550520063,125.868550520063
fg:26288,2024,3,7348.0,0.8596162845109967,100.00000000000001,100.0,587.7,1.012,116.44870797108791,116.44870797108791
fg:26288,2025,3,6438.0,0.842890809112333,100.0,100.0,446.3,1.006,106.51517869875408,106.51517869875408
fg:26289,2022,1,660.0,0.3548387096774194,100.0,100.0,266.0,1.042,114.05190248907853,114.05190248907853
fg:26289,2023,2,3638.0,0.7519636213311286,100.00000000000001,100.0,524.2,1.036,121.31244499497457,121.31244499497457
fg:26289,2024,3,6479.0,0.8437296522984764,100.0,100.0,621.7,1.03,137.72167630876598,137.72167630876598
fg:26289,2025,3,7997.0,0.8695226704360117,100.00000000000001,100.0,597.4,1.024,131.3814969746874,131.3814969746874
fg:26294,2022,1,2330.0,0.660056657223796,100.0,100.0,433.0,1.024,91.76669119037012,91.76669119037012
fg:26294,2023,2,5064.0,0.8084291187739464,100.00000000000001,100.0,566.6,1.018,97.10964133172885,97.10964133172885
fg:26294,2024,3,6813.0,0.8502433545488581,100.0,100.0,549.5,1.012,93.7751765257927,93.7751765257927
fg:26294,2025,3,7004.0,0.8537298878595807,100.0,100.0,537.1,1.006,96.95399892497603,96.95399892497603
fg:26295,2024,1,520.0,0.3023255813953488,100.0,100.0,252.0,1.012,91.81198855769173,91.81198855769173
fg:26295,2025,2,621.0,0.34102141680395387,100.0,100.0,230.9,1.006,84.10407683837292,84.10407683837292
fg:26299,2022,1,510.0,0.2982456140350877,100.0,100.0,251.0,1.024,96.49271480893806,96.49271480893806
fg:26299,2023,2,2983.0,0.7131245517571121,100.0,100.0,467.7,1.018,108.66032907750798,108.66032907750798
fg:26299,2024,3,3306.0,0.7336884154460719,100.0,100.0,345.5,1.012,107.20052741552972,107.20052741552972
fg:26299,2025,3,4852.0,0.8017184401850628,99.99999999999999,100.0,474.3,1.006,100.96326616587837,100.96326616587837
fg:26319,2023,1,405.0,0.2523364485981308,100.0,100.0,240.5,1.018,88.19093531026321,88.19093531026321
fg:26319,2024,2,3159.0,0.7247075017205781,100.00000000000001,100.0,491.6,1.012,108.80456258554578,108.80456258554578
fg:26319,2025,3,5471.0,0.8201169239994004,100.0,100.0,552.7,1.006,122.48088434767799,122.48088434767799
fg:26323,2022,1,540.0,0.3103448275862069,100.0,100.0,254.0,1.024,95.00490346524117,95.00490346524117
fg:26323,2023,2,3757.0,0.7579180956223522,100.00000000000001,100.0,543.3,1.018,112.24752154672275,112.24752154672275
fg:26323,2024,3,6264.0,0.8392282958199357,100.00000000000001,100.0,594.5,1.012,105.72488752597916,105.72488752597916
fg:26323,2025,3,7459.0,0.8614158678831274,100.00000000000001,100.0,549.6,1.006,103.1456769444918,103.1456769444918
fg:26365,2023,1,225.0,0.15789473684210525,100.00000000000001,100.0,222.5,1.024,102.44583745480764,102.44583745480764
fg:26365,2024,2,1990.0,0.6238244514106583,100.0,100.0,385.5,1.018,88.51657547453384,88.51657547453384
fg:26365,2025,3,1878.0,0.6101364522417154,100.0,100.0,265.7,1.012,92.62347169805814,92.62347169805814
fg:26368,2022,1,1190.0,0.497907949790795,100.0,100.0,319.0,1.024,85.30958069640761,85.30958069640761
fg:26368,2023,2,2467.0,0.672757022088901,100.0,100.0,375.3,1.018,88.97796207575078,88.97796207575078
fg:26368,2024,3,5136.0,0.8106060606060606,100.00000000000001,100.0,551.3,1.012,105.82981100187557,105.82981100187557
fg:26368,2025,3,5197.0,0.8124120681569486,100.00000000000001,100.0,436.2,1.006,104.59689891436568,104.59689891436568
fg:26374,2024,1,75.0,0.058823529411764705,99.99999999999997,100.0,207.5,1.012,91.03168504148186,91.03168504148186
fg:26374,2025,2,1145.0,0.488272921108742,100.0,100.0,310.0,1.006,82.56817717865087,82.56817717865087
fg:26396,2022,1,1265.0,0.513184584178499,100.0,100.0,326.5,1.024,85.3362351045784,85.3362351045784
fg:26396,2023,2,2172.0,0.6441281138790036,100.0,100.0,341.3,1.018,85.33287121862324,85.33287121862324
fg:26396,2024,3,4647.0,0.7947665469471524,100.00000000000003,100.0,519.2,1.012,100.29913739945063,100.29913739945063
fg:26396,2025,3,5879.0,0.8304845317135189,100.0,100.0,540.7,1.006,103.04303416871585,103.04303416871585
fg:26410,2021,1,5.0,0.004149377593360996,99.99999999999999,100.0,200.5,1.03,102.14522821576763,102.14522821576763
fg:26420,2023,1,230.0,0.16083916083916083,100.00000000000001,100.0,223.0,1.042,85.46231592059456,85.46231592059456
fg:26420,2024,2,479.0,0.285288862418106,100.0,100.0,234.1,1.036,77.92077053136023,77.92077053136023
fg:26420,2025,3,1074.0,0.47229551451187335,99.99999999999999,100.0,275.9,1.03,81.56088918311065,81.56088918311065
fg:26438,2023,1,910.0,0.4312796208530806,100.0,100.0,291.0,1.018,93.26158849418165,93.26158849418165
fg:26438,2024,2,1668.0,0.5815899581589958,100.0,100.0,312.2,1.012,92.08834975548281,92.08834975548281
fg:26438,2025,3,2638.0,0.6873371547681084,100.0,100.0,352.8,1.006,109.72568146402752,109.72568146402752
fg:26466,2022,1,325.0,0.21311475409836064,100.0,100.0,232.5,1.024,102.9865932216536,102.9865932216536
fg:26466,2023,2,1530.0,0.5604395604395604,100.0,100.0,333.5,1.018,121.69036102421684,121.69036102421684
fg:26466,2024,3,2516.0,0.6770721205597416,100.0,100.0,355.9,1.012,132.0755037636634,132.0755037636634
fg:26466,2025,3,3766.0,0.7583568264196536,100.0,100.0,422.1,1.006,124.03072544633511,124.03072544633511
fg:26467,2023,1,1265.0,0.513184584178499,100.0,100.0,326.5,1.042,96.35687308205455,96.35687308205455
fg:26467,2024,2,1792.0,0.5989304812834224,100.0,100.0,303.3,1.036,87.56998753166685,87.56998753166685
fg:26467,2025,3,2303.0,0.6574364830145589,100.0,100.0,307.6,1.03,89.76653447481529,89.76653447481529
fg:26469,2024,1,245.0,0.1695501730103806,100.00000000000001,100.0,224.5,1.006,85.09007977314798,85.09007977314798
fg:26477,2023,1,220.0,0.15492957746478872,100.00000000000001,100.0,222.0,1.018,102.57764710261414,102.57764710261414
fg:26477,2024,2,2081.0,0.634257848217007,100.0,100.0,394.9,1.012,117.12757534674257,117.12757534674257
fg:26477,2025,3,3711.0,0.7556505803298718,100.0,100.0,443.6,1.006,117.06588532760536,117.06588532760536
fg:26517,2023,1,615.0,0.33884297520661155,100.0,100.0,261.5,1.042,111.27091117573352,111.27091117573352
fg:26517,2024,2,1702.0,0.5864920744314266,100.0,100.0,333.3,1.036,84.60899946452619,84.60899946452619
fg:26517,2025,3,3137.0,0.723311044500807,100.0,100.0,404.2,1.03,93.08176295862877,93.08176295862877
fg:26536,2025,1,730.0,0.37823834196891193,100.0,100.0,273.0,1.03,94.58220760964417,94.58220760964417
fg:26540,2024,1,845.0,0.4132029339853301,100.0,100.0,284.5,1.036,96.44548332603775,96.44548332603775
fg:26540,2025,2,3096.0,0.7206703910614525,100.0,100.0,458.9,1.03,85.34893010799776,85.34893010799776
fg:26546,2025,1,2925.0,0.7090909090909091,100.00000000000001,100.0,492.5,1.03,96.3385699537726,96.3385699537726
fg:26548,2024,1,200.0,0.14285714285714285,100.00000000000001,100.0,220.0,1.036,113.32007519219954,113.32007519219954
fg:26548,2025,2,1125.0,0.4838709677419355,100.0,100.0,300.5,1.03,92.83868017693474,92.83868017693474
fg:26599,2024,1,330.0,0.21568627450980393,100.0,100.0,233.0,1.036,100.75806610837316,100.75806610837316
fg:26599,2025,2,824.0,0.40711462450592883,100.0,100.0,262.6,1.03,92.38821620904066,92.38821620904066
fg:26668,2023,1,2135.0,0.6401799100449775,100.0,100.0,413.5,1.042,93.9444255338317,93.9444255338317
fg:26668,2024,2,5188.0,0.8121477770820288,100.00000000000001,100.0,590.7,1.036,110.21424279870807,110.21424279870807
fg:26668,2025,3,7560.0,0.863013698630137,100.00000000000001,100.0,619.1,1.03,110.48509384008139,110.48509384008139
fg:2717,2019,1,30.0,0.024390243902439025,100.0,100.0,203.0,0.9940357852882704,94.55462347864037,94.55462347864037
fg:27458,2021,1,145.0,0.10780669144981413,100.0,100.0,214.5,0.9881422924901185,86.32813097590814,86.32813097590814
fg:27459,2020,1,925.0,0.43529411764705883,100.0,100.0,292.5,1.0,99.68496479928953,99.68496479928953
fg:27459,2021,2,2050.0,0.6307692307692307,100.0,100.0,349.5,0.9970089730807579,94.82638005897705,94.82638005897705
fg:27459,2022,3,2568.0,0.6815286624203821,100.0,100.0,322.7,0.9940357852882704,79.65756695212316,79.65756695212316
fg:27461,2020,1,915.0,0.4326241134751773,100.0,100.0,291.5,0.9881422924901185,90.80134872082775,90.80134872082775
fg:27461,2021,2,1647.0,0.5785036880927292,100.0,100.0,309.8,0.9852216748768474,76.07865853833754,76.07865853833754
fg:27462,2024,1,1285.0,0.5171026156941649,100.0,100.0,328.5,1.018,97.79663421939533,97.79663421939533
fg:27462,2025,2,1933.0,0.6169805298436004,100.0,100.0,316.2,1.012,102.4897316231536,102.4897316231536
fg:27464,2024,1,435.0,0.26605504587155965,100.0,100.0,243.5,1.018,84.5253904372975,84.5253904372975
fg:27464,2025,2,2693.0,0.691754431030054,100.0,100.0,443.2,1.012,100.88262125225953,100.88262125225953
fg:27465,2022,1,2020.0,0.6273291925465838,100.0,100.0,402.0,1.036,87.91314572887815,87.91314572887815
fg:27465,2023,2,5036.0,0.8075689544579859,100.00000000000001,100.0,582.4,1.03,100.20774098971563,100.20774098971563
fg:27465,2024,3,5853.0,0.8298596341982135,100.0,100.0,458.9,1.024,98.22913011368595,98.22913011368595
fg:27465,2025,3,6821.0,0.8503927191123302,100.0,100.0,562.6,1.018,108.97796681020098,108.97796681020098
fg:27467,2023,1,690.0,0.36507936507936506,100.0,100.0,269.0,1.042,79.15729994709181,79.15729994709181
fg:27467,2024,2,1617.0,0.5740149094781682,100.0,100.0,320.3,1.036,95.85299345363569,95.85299345363569
fg:27467,2025,3,4386.0,0.7851772287862513,100.00000000000003,100.0,533.3,1.03,114.75856025488162,114.75856025488162
fg:27468,2021,1,10.0,0.008264462809917356,100.0,100.0,201.0,1.042,104.35741008574321,104.35741008574321
fg:27471,2024,1,375.0,0.23809523809523808,100.0,100.0,237.5,1.018,96.86569992394658,96.86569992394658
fg:27475,2023,1,2325.0,0.6595744680851063,100.0,100.0,432.5,1.042,115.2757120283504,115.2757120283504
fg:27475,2024,2,2750.0,0.6962025316455697,100.0,100.0,335.5,1.036,104.89688342008102,104.89688342008102
fg:27475,2025,3,4087.0,0.7730281823340268,99.99999999999999,100.0,415.8,1.03,90.36391619885484,90.36391619885484
fg:27478,2023,1,1765.0,0.5952782462057336,100.0,100.0,376.5,1.024,88.0871550095857,88.0871550095857
fg:27478,2024,2,3652.0,0.752679307502061,100.0,100.0,459.3,1.018,85.9701593845577,85.9701593845577
fg:27478,2025,3,5111.0,0.8098558073205514,99.99999999999999,100.0,470.8,1.012,80.83664406246861,80.83664406246861
fg:27479,2023,1,685.0,0.363395225464191,100.0,100.0,268.5,1.042,77.19955384417015,77.19955384417015
fg:27479,2024,2,3733.0,0.7567403202919116,100.00000000000001,100.0,532.2,1.036,97.96159649957538,97.96159649957538
fg:27479,2025,3,5644.0,0.8246639392168322,100.0,100.0,532.2,1.03,96.59590568150877,96.59590568150877
fg:27482,2025,1,1030.0,0.4618834080717489,100.0,100.0,303.0,1.03,83.06443365309352,83.06443365309352
fg:27490,2023,1,640.0,0.34782608695652173,100.0,100.0,264.0,1.024,89.3261710618502,89.3261710618502
fg:27490,2024,2,2447.0,0.6709624348779819,100.0,100.0,406.3,1.018,93.43433349547334,93.43433349547334
fg:27490,2025,3,3972.0,0.7679814385150812,100.0,100.0,442.7,1.012,89.34084249038746,89.34084249038746
fg:27493,2024,1,255.0,0.17525773195876287,100.00000000000001,100.0,225.5,1.03,116.75702267417516,116.75702267417516
fg:27493,2025,2,424.0,0.26108374384236455,100.0,100.0,227.1,1.024,98.59148111421406,98.59148111421406
fg:27496,2025,1,135.0,0.10112359550561797,100.0,100.0,213.5,1.036,98.94224640483235,98.94224640483235
fg:27497,2025,1,30.0,0.024390243902439025,100.0,100.0,203.0,1.018,98.85651769884834,98.85651769884834
fg:27498,2021,1,10.0,0.008264462809917356,100.0,100.0,201.0,1.036,101.88760330578512,101.88760330578512
fg:27501,2024,1,220.0,0.15492957746478872,100.00000000000001,100.0,222.0,1.018,76.81893810625695,76.81893810625695
fg:27501,2025,2,221.0,0.15552427867698804,99.99999999999999,100.0,208.9,1.012,77.55792021428022,77.55792021428022
fg:27504,2024,1,210.0,0.14893617021276595,100.00000000000001,100.0,221.0,1.036,100.8514107760414,100.8514107760414
fg:27504,2025,2,528.0,0.3055555555555556,100.0,100.0,240.2,1.03,92.4832203066327,92.4832203066327
fg:27505,2021,1,10.0,0.008264462809917356,100.0,100.0,201.0,1.0,98.34710743801652,98.34710743801652
fg:27506,2021,1,1490.0,0.5539033457249071,100.0,100.0,349.0,1.018,85.68912222805248,85.68912222805248
fg:27506,2022,2,4102.0,0.7736703130894003,100.00000000000003,100.0,520.8,1.012,97.46444098969647,97.46444098969647
fg:27506,2023,3,6352.0,0.8411016949152542,100.0,100.0,571.2,1.006,102.98532705366281,102.98532705366281
fg:27506,2024,3,6600.0,0.8461538461538461,100.0,100.0,497.6,1.0,104.56765360448439,104.56765360448439
fg:27506,2025,3,4713.0,0.7970573313039067,99.99999999999997,100.0,342.5,0.9970089730807579,100.28325002457532,100.28325002457532
fg:27531,2023,1,195.0,0.13978494623655913,100.00000000000001,100.0,219.5,1.018,91.33934996191537,91.33934996191537
fg:27531,2024,2,1741.0,0.5919755185311119,100.0,100.0,362.4,1.012,94.05936098366087,94.05936098366087
fg:27531,2025,3,2355.0,0.6624472573839663,100.0,100.0,328.7,1.006,84.97976443450554,84.97976443450554
fg:27534,2023,1,2040.0,0.6296296296296297,100.0,100.0,404.0,1.024,124.2226521732258,124.2226521732258
fg:27534,2024,2,3137.0,0.723311044500807,100.0,100.0,391.3,1.018,107.21013169531513,107.21013169531513
fg:27534,2025,3,3468.0,0.7429305912596401,100.0,100.0,334.1,1.012,100.20365443541246,100.20365443541246
fg:27543,2024,1,25.0,0.02040816326530612,100.0,100.0,202.5,1.012,99.56987816031197,99.56987816031197
fg:27555,2022,1,340.0,0.22077922077922077,100.0,100.0,234.0,1.03,111.24059641411233,111.24059641411233
fg:27555,2023,2,637.0,0.34676102340773,100.0,100.0,243.3,1.024,108.75892735148638,108.75892735148638
fg:27555,2024,3,1616.0,0.5738636363636364,100.0,100.0,319.3,1.018,115.66523791290894,115.66523791290894
fg:27555,2025,3,1505.0,0.55637707948244,100.0,100.0,261.4,1.012,105.35554504394392,105.35554504394392
fg:27562,2023,1,375.0,0.23809523809523808,100.0,100.0,237.5,1.03,102.07800508954627,102.07800508954627
fg:27562,2024,2,2370.0,0.6638655462184874,100.0,100.0,414.5,1.024,105.97930794954948,105.97930794954948
fg:27562,2025,3,4121.0,0.774478481488442,100.00000000000001,100.0,465.4,1.018,101.09046545009868,101.09046545009868
fg:27573,2025,1,85.0,0.06614785992217899,99.99999999999999,100.0,208.5,1.018,97.6444529516756,97.6444529516756
fg:27577,2023,1,1385.0,0.5357833655705996,100.0,100.0,338.5,1.024,79.29934132729214,79.29934132729214
fg:27577,2024,2,1673.0,0.5823181343543334,100.00000000000001,100.0,284.2,1.018,87.08769635590534,87.08769635590534
fg:27577,2025,3,3023.0,0.7158418186123608,100.0,100.0,385.3,1.012,93.13989617837638,93.13989617837638
fg:27599,2024,1,340.0,0.22077922077922077,100.0,100.0,234.0,1.012,91.12382042792957,91.12382042792957
fg:27599,2025,2,347.0,0.22430510665804784,100.0,100.0,214.3,1.006,88.65090716275566,88.65090716275566
fg:27604,2023,1,560.0,0.3181818181818182,100.0,100.0,256.0,1.024,83.86786208834957,83.86786208834957
fg:27604,2024,2,928.0,0.43609022556390975,100.0,100.0,259.2,1.018,77.4511665780232,77.4511665780232
fg:27615,2022,1,265.0,0.18088737201365188,100.0,100.0,226.5,1.03,94.79719750854188,94.79719750854188
fg:27615,2023,2,1947.0,0.6186844613918017,100.0,100.0,378.8,1.024,93.00186696906304,93.00186696906304
fg:27615,2024,3,4522.0,0.7902831177909821,100.00000000000001,100.0,532.2,1.018,100.90316861393583,100.90316861393583
fg:27615,2025,3,6151.0,0.8367569038226091,100.0,100.0,532.5,1.012,110.72202908383926,110.72202908383926
fg:27630,2023,1,340.0,0.22077922077922077,100.0,100.0,234.0,1.024,106.69371815764323,106.69371815764323
fg:27630,2024,2,1127.0,0.4843145681134508,99.99999999999999,100.0,292.3,1.018,85.81721455320414,85.81721455320414
fg:27630,2025,3,1828.0,0.6036988110964333,100.0,100.0,311.1,1.012,82.9834355648967,82.9834355648967
fg:27647,2023,1,3005.0,0.7146254458977408,100.00000000000001,100.0,500.5,1.036,91.22334621274956,91.22334621274956
fg:27647,2024,2,5849.0,0.8297630869626897,100.0,100.0,604.6,1.03,90.72064324611961,90.72064324611961
fg:27647,2025,3,7539.0,0.8626845176793684,100.00000000000001,100.0,566.9,1.024,88.79217267131298,88.79217267131298
fg:27653,2025,1,955.0,0.4431554524361949,100.0,100.0,295.5,1.006,96.67593013410195,96.67593013410195
fg:27676,2022,1,1490.0,0.5539033457249071,100.0,100.0,349.0,1.024,122.78100592526073,122.78100592526073
fg:27676,2023,2,2492.0,0.6749729144095341,100.0,100.0,359.8,1.018,115.20095877457025,115.20095877457025
fg:27676,2024,3,4704.0,0.7967479674796748,100.00000000000003,100.0,503.0,1.012,111.88059874231205,111.88059874231205
fg:27676,2025,3,6406.0,0.8422298185642914,100.0,100.0,596.4,1.006,110.80388813196866,110.80388813196866
fg:27684,2022,1,970.0,0.4470046082949309,100.0,100.0,297.0,1.024,98.42977483429887,98.42977483429887
fg:27684,2023,2,3081.0,0.7196916608269096,100.0,100.0,449.9,1.018,85.91660453337177,85.91660453337177
fg:27684,2024,3,4206.0,0.7780244173140954,100.00000000000001,100.0,424.1,1.012,92.45183563197288,92.45183563197288
fg:27684,2025,3,4192.0,0.7774480712166172,99.99999999999997,100.0,374.1,1.006,83.65410764444347,83.65410764444347
fg:27690,2023,1,2050.0,0.6307692307692307,100.0,100.0,405.0,1.024,87.02112353103641,87.02112353103641
fg:27690,2024,2,1780.0,0.5973154362416108,99.99999999999999,100.0,255.0,1.018,84.05331413477144,84.05331413477144
fg:27690,2025,3,1647.0,0.5785036880927292,100.0,100.0,233.3,1.012,85.77659535463151,85.77659535463151
fg:27698,2024,1,5.0,0.004149377593360996,99.99999999999999,100.0,200.5,1.012,100.36016597510373,100.36016597510373
fg:27735,2023,1,655.0,0.353099730458221,100.0,100.0,265.5,1.024,79.39352187772882,79.39352187772882
fg:27735,2024,2,1884.0,0.6108949416342413,100.0,100.0,349.1,1.018,79.58454512432417,79.58454512432417
fg:27735,2025,3,1796.0,0.5994659546061415,100.0,100.0,258.7,1.012,80.46208454633,80.46208454633
fg:27763,2024,1,265.0,0.18088737201365188,100.0,100.0,226.5,1.036,86.44756288747314,86.44756288747314
fg:27763,2025,2,227.0,0.1590749824807288,100.00000000000001,100.0,206.8,1.03,86.82884958267749,86.82884958267749
fg:27769,2023,1,95.0,0.07335907335907337,100.0,100.0,209.5,1.042,94.2134426790919,94.2134426790919
fg:27769,2024,2,2126.0,0.6392062537582682,100.0,100.0,406.9,1.036,91.54592033298965,91.54592033298965
fg:27769,2025,3,4932.0,0.8043052837573386,100.00000000000001,100.0,564.5,1.03,102.729719156979,102.729719156979
fg:27770,2025,1,185.0,0.13357400722021662,100.00000000000001,100.0,218.5,1.03,89.85879481875887,89.85879481875887
fg:27781,2024,1,105.0,0.08045977011494253,100.0,100.0,210.5,1.012,90.34844610869663,90.34844610869663
fg:27784,2024,1,25.0,0.02040816326530612,100.0,100.0,202.5,1.018,97.64489795918368,97.64489795918368
fg:27789,2024,1,230.0,0.16083916083916083,100.00000000000001,100.0,223.0,1.018,97.82358347891862,97.82358347891862
fg:27789,2025,2,344.0,0.22279792746113988,100.0,100.0,220.6,1.012,86.3121600211549,86.3121600211549
fg:27790,2023,1,375.0,0.23809523809523808,100.0,100.0,237.5,1.048,125.66833788521996,125.66833788521996
fg:27790,2024,2,1110.0,0.4805194805194805,99.99999999999999,100.0,288.5,1.042,108.62988594644362,108.62988594644362
fg:27790,2025,3,1973.0,0.6218090135518437,100.0,100.0,326.2,1.036,108.36858249248789,108.36858249248789
fg:27815,2023,1,1140.0,0.48717948717948717,100.0,100.0,314.0,1.024,100.61811033604383,100.61811033604383
fg:27815,2024,2,3147.0,0.7239475500345065,100.0,100.0,446.3,1.018,113.76623700396337,113.76623700396337
fg:27815,2025,3,4232.0,0.7790868924889544,100.00000000000001,100.0,420.7,1.012,113.67991410366682,113.67991410366682
fg:27845,2023,1,495.0,0.2920353982300885,100.0,100.0,249.5,1.018,86.03177255475474,86.03177255475474
fg:27845,2024,2,536.0,0.3087557603686636,100.0,100.0,223.9,1.012,79.45275932344066,79.45275932344066
fg:27845,2025,3,1079.0,0.47345326897762174,100.0,100.0,269.8,1.006,79.60839415947855,79.60839415947855
fg:27883,2024,1,260.0,0.1780821917808219,100.0,100.0,226.0,1.036,95.76828012245792,95.76828012245792
fg:27883,2025,2,1683.0,0.5837669094693028,100.0,100.0,352.7,1.03,89.9348358886277,89.9348358886277
fg:27899,2024,1,2780.0,0.6984924623115578,100.00000000000003,100.0,478.0,1.036,100.20183291211836,100.20183291211836
fg:27899,2025,2,4564.0,0.7918112421929215,100.00000000000001,100.0,489.6,1.03,104.70742652337091,104.70742652337091
fg:27915,2025,1,880.0,0.4230769230769231,100.0,100.0,288.0,1.036,91.3873835701059,91.3873835701059
fg:27931,2025,1,40.0,0.03225806451612903,100.00000000000001,100.0,204.0,1.03,104.88652831009603,104.88652831009603
fg:27962,2024,1,180.0,0.13043478260869565,100.00000000000001,100.0,218.0,1.042,89.89574300781685,89.89574300781685
fg:27962,2025,2,784.0,0.3951612903225806,100.0,100.0,267.6,1.036,73.89562793307601,73.89562793307601
fg:27963,2025,1,305.0,0.2026578073089701,100.0,100.0,230.5,1.036,101.71331514725851,101.71331514725851
fg:28022,2025,1,2015.0,0.6267496111975117,100.0,100.0,401.5,1.036,100.66114929921542,100.66114929921542
fg:28080,2023,1,165.0,0.12087912087912088,100.00000000000001,100.0,216.5,1.048,112.58383240013342,112.58383240013342
fg:28080,2024,2,467.0,0.28014397120575885,100.0,100.0,236.8,1.042,106.28239416341162,106.28239416341162
fg:28080,2025,3,2512.0,0.6767241379310345,100.0,100.0,421.2,1.036,106.19673992379585,106.19673992379585
fg:28142,2025,1,45.0,0.03614457831325301,100.0,100.0,204.5,1.036,102.92686610486463,102.92686610486463
fg:28163,2023,1,180.0,0.13043478260869565,100.00000000000001,100.0,218.0,1.054,102.10990510633945,102.10990510633945
fg:28163,2024,2,1029.0,0.4616419919246299,100.0,100.0,292.1,1.048,105.45576454336992,105.45576454336992
fg:28163,2025,3,4081.0,0.772770308653664,100.00000000000001,100.0,544.2,1.042,123.29991282302228,123.29991282302228
fg:28253,2024,1,180.0,0.13043478260869565,100.00000000000001,100.0,218.0,1.042,96.96583768500967,96.96583768500967
fg:28253,2025,2,1854.0,0.6070726915520629,100.0,100.0,374.6,1.036,92.83790843845422,92.83790843845422
fg:2829,2019,1,895.0,0.42720763723150357,100.0,100.0,289.5,0.9881422924901185,93.11885561764086,93.11885561764086
fg:2829,2020,2,941.0,0.43951424567958897,100.0,100.0,240.4,0.9852216748768474,94.49561511457146,94.49561511457146
fg:2829,2021,3,1757.0,0.5941832938789313,100.0,100.0,308.5,0.9823182711198428,94.52516314071435,94.52516314071435
fg:2829,2022,3,1052.0,0.46714031971580816,100.0,100.0,229.3,0.9794319294809012,93.37975344605508,93.37975344605508
fg:2829,2023,3,752.0,0.38524590163934425,100.0,100.0,207.7,0.9765625,93.40367668035013,93.40367668035013
fg:28312,2024,1,230.0,0.16083916083916083,100.00000000000001,100.0,223.0,1.036,85.69760857036444,85.69760857036444
fg:28312,2025,2,1654.0,0.5795374912403644,100.0,100.0,351.6,1.03,92.9535819088525,92.9535819088525
fg:28344,2025,1,35.0,0.02834008097165992,100.00000000000001,100.0,203.5,1.03,97.16194331983807,97.16194331983807
fg:28552,2025,1,735.0,0.3798449612403101,100.0,100.0,273.5,1.036,86.0196036860745,86.0196036860745
fg:2859,2019,1,10.0,0.008264462809917356,100.0,100.0,201.0,0.9852216748768474,96.89370190937589,96.89370190937589
fg:2859,2021,2,21.0,0.0171990171990172,100.0,100.0,201.5,0.9794319294809012,96.7513801342402,96.7513801342402
fg:28806,2024,1,2865.0,0.7047970479704797,100.00000000000001,100.0,486.5,1.048,118.09315274160802,118.09315274160802
fg:28806,2025,2,5237.0,0.8135777536119311,100.00000000000001,100.0,551.8,1.042,116.28922587341343,116.28922587341343
fg:28816,2025,1,215.0,0.1519434628975265,100.00000000000001,100.0,221.5,1.042,96.35633002455864,96.35633002455864
fg:28820,2025,1,330.0,0.21568627450980393,100.0,100.0,233.0,1.042,113.93246085476461,113.93246085476461
fg:28824,2025,1,590.0,0.329608938547486,100.0,100.0,259.0,1.048,89.42689160814682,89.42689160814682
fg:2900,2019,1,2245.0,0.6516690856313497,100.0,100.0,424.5,0.9940357852882704,100.61726780584183,100.61726780584183
fg:2900,2020,2,2346.0,0.6615905245346869,100.0,100.0,299.9,0.9910802775024778,90.63996807319543,90.63996807319543
fg:2900,2021,3,2592.0,0.6835443037974683,99.99999999999999,100.0,291.5,0.9881422924901185,83.67395194124536,83.67395194124536
fg:2900,2022,3,1319.0,0.5236204843191743,100.0,100.0,250.6,0.9852216748768474,80.04222010054185,80.04222010054185
fg:2900,2023,3,844.0,0.41291585127201563,100.0,100.0,215.4,0.9823182711198428,84.88879090648274,84.88879090648274
fg:29478,2025,1,345.0,0.22330097087378642,100.0,100.0,234.5,1.042,117.91798126075929,117.91798126075929
fg:29487,2024,1,145.0,0.10780669144981413,100.0,100.0,214.5,1.018,96.4132693784045,96.4132693784045
fg:29487,2025,2,491.0,0.29036073329390893,100.0,100.0,240.4,1.012,90.44263829177719,90.44263829177719
fg:29490,2024,1,2965.0,0.7118847539015606,100.00000000000001,100.0,496.5,1.042,126.19155115697582,126.19155115697582
fg:29490,2025,2,4787.0,0.7995657257391013,100.00000000000001,100.0,500.8,1.036,122.54045292110135,122.54045292110135
fg:29518,2024,1,1680.0,0.5833333333333334,100.0,100.0,368.0,1.042,116.13742800319503,116.13742800319503
fg:29518,2025,2,4789.0,0.7996326598764402,100.00000000000001,100.0,578.1,1.036,124.4310957430631,124.4310957430631
fg:29524,2024,1,60.0,0.047619047619047616,100.0,100.0,206.0,1.018,93.77597850733663,93.77597850733663
fg:29524,2025,2,798.0,0.3993993993993994,100.0,100.0,276.2,1.012,78.45715070225596,78.45715070225596
fg:29547,2024,1,355.0,0.2282958199356913,100.0,100.0,235.5,1.024,102.72573749154948,102.72573749154948
fg:29547,2025,2,479.0,0.285288862418106,100.0,100.0,226.6,1.018,99.19777325922959,99.19777325922959
fg:29554,2024,1,435.0,0.26605504587155965,100.0,100.0,243.5,1.024,115.15983422118185,115.15983422118185
fg:29554,2025,2,1003.0,0.45528824330458467,100.0,100.0,274.2,1.018,105.35857559167202,105.35857559167202
fg:29571,2025,1,1125.0,0.4838709677419355,100.0,100.0,312.5,1.012,87.31598816891822,87.31598816891822
fg:29573,2024,1,245.0,0.1695501730103806,100.00000000000001,100.0,224.5,1.018,98.19817319259973,98.19817319259973
fg:29573,2025,2,226.0,0.1584852734922861,100.00000000000001,100.0,207.9,1.012,97.98212553769699,97.98212553769699
fg:29575,2024,1,595.0,0.33147632311977715,100.0,100.0,259.5,1.024,95.68730535089651,95.68730535089651
fg:29575,2025,2,2106.0,0.6370235934664247,100.0,100.0,374.9,1.018,75.17329586839125,75.17329586839125
fg:29576,2024,1,890.0,0.4258373205741627,100.0,100.0,289.0,1.018,90.61248564703058,90.61248564703058
fg:29576,2025,2,3362.0,0.736957474791758,100.00000000000001,100.0,482.8,1.012,116.28808777459781,116.28808777459781
fg:29591,2023,1,385.0,0.24290220820189273,100.0,100.0,238.5,1.03,87.74923738157189,87.74923738157189
fg:29591,2024,2,3113.0,0.7217713888244841,100.00000000000001,100.0,488.2,1.024,110.34207876034762,110.34207876034762
fg:29591,2025,3,4275.0,0.7808219178082192,100.00000000000001,100.0,436.1,1.018,101.11109626154892,101.11109626154892
fg:29592,2024,1,970.0,0.4470046082949309,100.0,100.0,297.0,1.024,103.01492432055625,103.01492432055625
fg:29592,2025,2,2461.0,0.6722207047254848,100.0,100.0,387.9,1.018,97.2981693057329,97.2981693057329
fg:29606,2024,1,1150.0,0.48936170212765956,100.0,100.0,315.0,1.024,96.43637760661639,96.43637760661639
fg:29606,2025,2,1555.0,0.5644283121597096,100.00000000000001,100.0,286.5,1.018,95.78339629966267,95.78339629966267
fg:29614,2025,1,70.0,0.05511811023622047,99.99999999999997,100.0,207.0,1.012,94.33253688198155,94.33253688198155
fg:29617,2023,1,1275.0,0.5151515151515151,100.0,100.0,327.5,1.03,90.33380550832828,90.33380550832828
fg:29617,2024,2,1630.0,0.5759717314487632,100.00000000000001,100.0,286.5,1.024,78.34323742501346,78.34323742501346
fg:29617,2025,3,2668.0,0.6897621509824199,100.0,100.0,353.7,1.018,66.10971744133352,66.10971744133352
fg:29622,2023,1,1115.0,0.4816414686825054,100.0,100.0,311.5,1.03,99.73039004052171,99.73039004052171
fg:29622,2024,2,3512.0,0.7453310696095077,100.0,100.0,484.3,1.024,93.55109262239407,93.55109262239407
fg:29622,2025,3,5735.0,0.8269646719538573,100.0,100.0,549.4,1.018,103.14332507321517,103.14332507321517
fg:29630,2024,1,1310.0,0.5219123505976095,100.0,100.0,331.0,1.018,87.67420111307966,87.67420111307966
fg:29630,2025,2,1568.0,0.5664739884393064,100.00000000000001,100.0,278.2,1.012,100.09488811127405,100.09488811127405
fg:29634,2024,1,430.0,0.26380368098159507,100.0,100.0,243.0,1.018,108.47249463091279,108.47249463091279
fg:29634,2025,2,1089.0,0.47575360419397117,99.99999999999999,100.0,283.1,1.012,97.79337533630033,97.79337533630033
fg:29646,2025,1,2530.0,0.67828418230563,100.0,100.0,453.0,1.018,105.30925814314091,105.30925814314091
fg:29668,2025,1,680.0,0.3617021276595745,100.0,100.0,268.0,1.036,96.07332614349806,96.07332614349806
fg:2967,2019,1,3270.0,0.7315436241610739,100.00000000000001,100.0,527.0,0.9910802775024778,115.85761450505069,115.85761450505069
fg:2967,2020,2,3241.0,0.7297905877054718,100.0,100.0,327.9,0.9881422924901185,109.35034341320736,109.35034341320736
fg:2967,2021,3,5267.0,0.8144425545074996,100.0,100.0,493.0,0.9852216748768474,105.03728913122625,105.03728913122625
fg:2967,2022,3,5729.0,0.8268148361956993,100.0,100.0,567.1,0.9823182711198428,93.40797669072832,93.40797669072832
fg:2967,2023,3,6576.0,0.845679012345679,100.0,100.0,502.7,0.9794319294809012,98.07732375787495,98.07732375787495
fg:2967,2024,3,6180.0,0.8373983739837398,100.0,100.0,487.1,0.9765625,94.77493242457123,94.77493242457123
fg:2967,2025,3,5600.0,0.8235294117647058,100.0,100.0,472.3,0.9737098344693282,95.18789459774894,95.18789459774894
fg:29695,2023,1,2015.0,0.6267496111975117,100.0,100.0,401.5,1.03,121.48877070840284,121.48877070840284
fg:29695,2025,2,4094.0,0.7733282961843596,100.00000000000001,100.0,488.5,1.018,95.67902968871167,95.67902968871167
fg:29704,2025,1,600.0,0.3333333333333333,100.0,100.0,260.0,1.012,83.9368314735261,83.9368314735261
fg:29712,2025,1,1420.0,0.5419847328244275,100.0,100.0,342.0,1.03,119.14974619262367,119.14974619262367
fg:29715,2023,1,385.0,0.24290220820189273,100.0,100.0,238.5,1.03,90.471639709655,90.471639709655
fg:29715,2024,2,1428.0,0.54337899543379,100.0,100.0,319.7,1.024,79.25001327404065,79.25001327404065
fg:29715,2025,3,4022.0,0.7702029873611643,100.00000000000001,100.0,511.9,1.018,102.67630009254945,102.67630009254945
fg:29766,2023,1,1500.0,0.5555555555555556,100.0,100.0,350.0,1.03,121.38267711606336,121.38267711606336
fg:29766,2024,2,3935.0,0.7663096397273612,100.00000000000001,100.0,503.5,1.024,100.37973733380974,100.37973733380974
fg:29766,2025,3,3593.0,0.749634884206134,100.0,100.0,305.2,1.018,92.79119396943307,92.79119396943307
fg:29779,2025,1,1100.0,0.4782608695652174,100.0,100.0,310.0,1.036,89.91485557390261,89.91485557390261
fg:29782,2024,1,530.0,0.3063583815028902,100.0,100.0,253.0,1.018,94.96037887784688,94.96037887784688
fg:29782,2025,2,539.0,0.3099482461184589,100.0,100.0,222.1,1.012,88.9862526941143,88.9862526941143
fg:29788,2024,1,615.0,0.33884297520661155,100.0,100.0,261.5,1.012,89.22008137976884,89.22008137976884
fg:29788,2025,2,912.0,0.4318181818181818,100.0,100.0,254.3,1.006,91.55086655742691,91.55086655742691
fg:29794,2024,1,780.0,0.3939393939393939,100.0,100.0,278.0,1.03,102.22409164378813,102.22409164378813
fg:29794,2025,2,3279.0,0.7320830542531815,100.00000000000001,100.0,481.1,1.024,109.80614695756505,109.80614695756505
fg:29830,2025,1,80.0,0.0625,99.99999999999999,100.0,208.0,1.012,99.11295540923477,99.11295540923477
fg:29844,2025,1,1950.0,0.6190476190476191,100.0,100.0,395.0,1.012,100.245501640655,100.245501640655
fg:29858,2025,1,795.0,0.39849624060150374,100.0,100.0,279.5,1.018,91.82363703233851,91.82363703233851
fg:29912,2024,1,70.0,0.05511811023622047,99.99999999999997,100.0,207.0,1.018,108.64402222711038,108.64402222711038
fg:29931,2023,1,605.0,0.33518005540166207,100.0,100.0,260.5,1.03,96.9855336211111,96.9855336211111
fg:29931,2024,2,3089.0,0.7202145022149685,100.0,100.0,472.6,1.024,90.64406832956374,90.64406832956374
fg:29931,2025,3,4267.0,0.7805011889518931,100.00000000000001,100.0,434.1,1.018,83.17779382786132,83.17779382786132
fg:29949,2024,1,285.0,0.1919191919191919,100.0,100.0,228.5,1.03,96.77575413345798,96.77575413345798
fg:29949,2025,2,293.0,0.19624916275954454,100.0,100.0,212.2,1.024,101.08715030179582,101.08715030179582
fg:29958,2025,1,40.0,0.03225806451612903,100.00000000000001,100.0,204.0,1.036,101.23564729762953,101.23564729762953
fg:29976,2023,1,170.0,0.12408759124087591,100.00000000000001,100.0,217.0,1.048,91.22989396800784,91.22989396800784
fg:29976,2025,2,472.0,0.2822966507177033,100.0,100.0,237.0,1.036,85.92311597373977,85.92311597373977
fg:29993,2025,1,1370.0,0.5330739299610895,100.0,100.0,337.0,1.036,79.14639847653915,79.14639847653915
fg:29995,2025,1,1755.0,0.5939086294416244,100.0,100.0,375.5,1.036,123.59360935270414,123.59360935270414
fg:30011,2023,1,1205.0,0.501039501039501,100.0,100.0,320.5,1.03,109.46641875203353,109.46641875203353
fg:30011,2024,2,1579.0,0.5681899964015833,100.00000000000001,100.0,285.6,1.024,92.07366293474446,92.07366293474446
fg:30011,2025,3,1900.0,0.6129032258064516,100.0,100.0,280.8,1.018,85.1231204473078,85.1231204473078
fg:30028,2025,1,415.0,0.25696594427244585,100.0,100.0,241.5,1.012,87.74740878396584,87.74740878396584
fg:30038,2025,1,530.0,0.3063583815028902,100.0,100.0,253.0,1.036,89.14482833868581,89.14482833868581
fg:30063,2025,1,60.0,0.047619047619047616,100.0,100.0,206.0,1.018,92.10476190476192,92.10476190476192
fg:30116,2022,1,2230.0,0.6501457725947521,100.0,100.0,423.0,1.006,112.57007172414112,112.57007172414112
fg:30116,2023,2,4699.0,0.79657569079505,100.00000000000001,100.0,536.1,1.0,119.03907721496327,119.03907721496327
fg:30116,2024,3,6595.0,0.8460551635663887,100.0,100.0,550.8,0.9970089730807579,124.72645999033374,124.72645999033374
fg:30116,2025,3,7344.0,0.8595505617977528,100.0,100.0,584.0,0.9940357852882704,123.51948096908743,123.51948096908743
fg:30146,2025,1,5.0,0.004149377593360996,99.99999999999999,100.0,200.5,1.018,100.9551867219917,100.9551867219917
fg:30162,2023,1,1315.0,0.5228628230616302,100.0,100.0,331.5,1.024,77.38925627886077,77.38925627886077
fg:30162,2024,2,1242.0,0.5085995085995086,100.0,100.0,245.3,1.018,80.91641140427885,80.91641140427885
fg:30163,2025,1,30.0,0.024390243902439025,100.0,100.0,203.0,1.012,98.44733999839336,98.44733999839336
fg:3086,2019,1,1675.0,0.5826086956521739,100.0,100.0,367.5,0.9852216748768474,105.52100455133625,105.52100455133625
fg:3086,2020,2,2100.0,0.6363636363636364,100.0,100.0,309.5,0.9823182711198428,111.13687295344033,111.13687295344033
fg:3086,2021,3,2873.0,0.7053768720844587,100.0,100.0,341.2,0.9794319294809012,104.13324556245061,104.13324556245061
fg:3096,2019,1,5.0,0.004149377593360996,99.99999999999999,100.0,200.5,0.9910802775024778,98.28555449090962,98.28555449090962
fg:3096,2021,2,8.0,0.006622516556291391,100.00000000000001,100.0,200.5,0.9852216748768474,97.21723811698693,97.21723811698693
fg:31166,2023,1,165.0,0.12087912087912088,100.00000000000001,100.0,216.5,1.024,102.74563991254828,102.74563991254828
fg:31166,2024,2,702.0,0.36908517350157727,100.0,100.0,260.3,1.018,106.62485406339572,106.62485406339572
fg:31166,2025,3,1390.0,0.5366795366795367,100.0,100.0,294.9,1.012,89.87869988722417,89.87869988722417
fg:3132,2021,1,5.0,0.004149377593360996,99.99999999999999,100.0,200.5,0.9765625,96.84582468879667,96.84582468879667
fg:31347,2023,1,1645.0,0.5782073813708261,100.0,100.0,364.5,1.036,97.16184012033052,97.16184012033052
fg:31347,2024,2,4326.0,0.7828447339847991,100.00000000000001,100.0,533.9,1.03,108.71671128421714,108.71671128421714
fg:31347,2025,3,6165.0,0.8370672097759674,100.0,100.0,537.2,1.024,111.91226297986786,111.91226297986786
fg:31349,2024,1,775.0,0.3924050632911392,100.0,100.0,277.5,1.03,78.7345608669532,78.7345608669532
fg:31349,2025,2,2935.0,0.7097944377267231,100.0,100.0,447.0,1.024,79.14092766060494,79.14092766060494
fg:31354,2025,1,230.0,0.16083916083916083,100.00000000000001,100.0,223.0,1.03,87.2601104036199,87.2601104036199
fg:31357,2025,1,325.0,0.21311475409836064,100.0,100.0,232.5,1.024,90.69784487510258,90.69784487510258
fg:31363,2024,1,160.0,0.11764705882352941,100.00000000000001,100.0,216.0,1.03,92.8659256412821,92.8659256412821
fg:31363,2025,2,1048.0,0.46619217081850534,100.0,100.0,295.2,1.024,93.28567461460797,93.28567461460797
fg:3137,2019,1,305.0,0.2026578073089701,100.0,100.0,230.5,0.9823182711198428,75.93785485095869,75.93785485095869
fg:3137,2021,2,498.0,0.29328621908127206,100.0,100.0,231.5,0.9765625,49.636852652456,49.636852652456
fg:31370,2025,1,1170.0,0.4936708860759494,100.0,100.0,317.0,1.024,119.14711849248516,119.14711849248516
fg:31382,2025,1,775.0,0.3924050632911392,100.0,100.0,277.5,1.024,86.94050093793177,86.94050093793177
fg:31394,2024,1,605.0,0.33518005540166207,100.0,100.0,260.5,1.03,88.78023037385707,88.78023037385707
fg:31394,2025,2,2124.0,0.6389891696750902,100.0,100.0,376.1,1.024,92.2495159522637,92.2495159522637
fg:31396,2024,1,245.0,0.1695501730103806,100.00000000000001,100.0,224.5,1.03,95.69219954069017,95.69219954069017
fg:31396,2025,2,776.0,0.39271255060728744,100.0,100.0,262.9,1.024,83.87080716406105,83.87080716406105
fg:3142,2019,1,2185.0,0.6454948301329394,100.0,100.0,418.5,0.9794319294809012,105.41916711147408,105.41916711147408
fg:3142,2020,2,2158.0,0.642644431209053,100.0,100.0,284.7,0.9765625,95.56781378692526,95.56781378692526
fg:3142,2021,3,2199.0,0.646954986760812,100.0,100.0,264.2,0.9737098344693282,97.09007160621968,97.09007160621968
fg:3142,2022,3,1794.0,0.5991983967935872,100.0,100.0,321.2,0.970873786407767,79.55367219581464,79.55367219581464
fg:31431,2024,1,920.0,0.4339622641509434,100.0,100.0,292.0,1.03,72.34027817169655,72.34027817169655
fg:31431,2025,2,3676.0,0.7538966365873667,100.00000000000001,100.0,512.4,1.024,85.90000616785218,85.90000616785218
fg:31437,2024,1,470.0,0.281437125748503,100.0,100.0,247.0,1.03,103.11546286603615,103.11546286603615
fg:31437,2025,2,651.0,0.35170178282009723,100.0,100.0,236.9,1.024,88.67290338461329,88.67290338461329
fg:31490,2023,1,320.0,0.21052631578947367,100.0,100.0,232.0,1.03,96.60886488395988,96.60886488395988
fg:31500,2025,1,1035.0,0.46308724832214765,100.0,100.0,303.5,1.024,85.1761710954194,85.1761710954194
fg:31505,2025,1,290.0,0.19463087248322147,100.0,100.0,229.0,1.042,109.00368416505918,109.00368416505918
fg:31522,2025,1,360.0,0.23076923076923078,100.0,100.0,236.0,1.012,87.441096757108,87.441096757108
fg:31539,2025,1,2230.0,0.6501457725947521,100.0,100.0,423.0,1.024,119.2581019310026,119.2581019310026
fg:31545,2025,1,545.0,0.3123209169054441,100.0,100.0,254.5,1.024,91.5600532484755,91.5600532484755
fg:31562,2024,1,325.0,0.21311475409836064,100.0,100.0,232.5,1.024,98.78240001920341,98.78240001920341
fg:31562,2025,2,805.0,0.4014962593516209,100.0,100.0,261.0,1.018,98.40534330963047,98.40534330963047
fg:31564,2025,1,765.0,0.3893129770992366,100.0,100.0,276.5,1.018,84.38149812525688,84.38149812525688
fg:31567,2024,1,1055.0,0.4678492239467849,100.0,100.0,305.5,1.024,75.9640594685726,75.9640594685726
fg:31567,2025,2,864.0,0.4186046511627907,100.0,100.0,223.1,1.018,79.69607137813043,79.69607137813043
fg:31580,2025,1,2525.0,0.6778523489932886,100.0,100.0,452.5,1.03,93.57669357880411,93.57669357880411
fg:31583,2025,1,260.0,0.1780821917808219,100.0,100.0,226.0,1.024,110.09328733713055,110.09328733713055
fg:31595,2024,1,925.0,0.43529411764705883,100.0,100.0,292.5,1.03,85.3496138001582,85.3496138001582
fg:31595,2025,2,3375.0,0.7377049180327869,100.00000000000001,100.0,482.0,1.024,84.40553912534142,84.40553912534142
fg:31661,2025,1,390.0,0.24528301886792453,100.0,100.0,239.0,1.024,82.76258460169056,82.76258460169056
fg:31665,2025,1,485.0,0.2878338278931751,100.0,100.0,248.5,1.03,95.0068228400631,95.0068228400631
fg:31680,2025,1,1285.0,0.5171026156941649,100.0,100.0,328.5,1.042,93.18325608632527,93.18325608632527
fg:31695,2025,1,685.0,0.363395225464191,100.0,100.0,268.5,1.03,112.39765175880187,112.39765175880187
fg:3174,2019,1,3300.0,0.7333333333333333,100.00000000000001,100.0,530.0,0.9765625,106.19244425419022,106.19244425419022
fg:3174,2020,2,3275.0,0.7318435754189944,100.00000000000001,100.0,329.5,0.9737098344693282,103.72462547365605,103.72462547365605
fg:31765,2024,1,160.0,0.11764705882352941,100.00000000000001,100.0,216.0,1.042,88.85926743715025,88.85926743715025
fg:31765,2025,2,1168.0,0.49324324324324326,100.0,100.0,307.2,1.036,85.78847099561173,85.78847099561173
fg:31781,2024,1,1040.0,0.4642857142857143,100.0,100.0,304.0,1.048,86.41677509113303,86.41677509113303
fg:31781,2025,2,4077.0,0.7725980670835703,100.00000000000001,100.0,545.3,1.042,95.16709437227354,95.16709437227354
fg:31792,2025,1,1090.0,0.4759825327510917,100.0,100.0,309.0,1.018,99.52006865578485,99.52006865578485
fg:31793,2025,1,50.0,0.04,100.0,100.0,205.0,1.018,98.74392683969106,98.74392683969106
fg:31812,2025,1,1515.0,0.5580110497237569,100.0,100.0,351.5,1.042,127.24011933314652,127.24011933314652
fg:31837,2023,1,2900.0,0.7073170731707317,100.00000000000001,100.0,490.0,0.9970089730807579,107.69491884098137,107.69491884098137
fg:31837,2024,2,4425.0,0.7866666666666666,100.00000000000001,100.0,468.5,0.9940357852882704,110.15097600992836,110.15097600992836
fg:31837,2025,3,4449.0,0.7875730217737653,99.99999999999997,100.0,344.6,0.9910802775024778,105.31025719201821,105.31025719201821
fg:3184,2019,1,10.0,0.008264462809917356,100.0,100.0,201.0,0.9852216748768474,99.10410354494807,99.10410354494807
fg:3184,2021,2,96.0,0.07407407407407407,100.0,100.0,209.0,0.9794319294809012,94.92108089477313,94.92108089477313
fg:31855,2025,1,660.0,0.3548387096774194,100.0,100.0,266.0,1.024,96.01063044681545,96.01063044681545
fg:31912,2025,1,2205.0,0.6475770925110133,100.0,100.0,420.5,1.024,94.23380270632391,94.23380270632391
fg:31991,2025,1,85.0,0.06614785992217899,99.99999999999999,100.0,208.5,1.024,100.76635171574057,100.76635171574057
fg:3201,2019,1,10.0,0.008264462809917356,100.0,100.0,201.0,0.9794319294809012,100.35470760989887,100.35470760989887
fg:3211,2021,1,5.0,0.004149377593360996,99.99999999999999,100.0,200.5,0.9852216748768474,97.70455613923922,97.70455613923922
fg:3237,2019,1,25.0,0.02040816326530612,100.0,100.0,202.5,0.9940357852882704,95.34628960928309,95.34628960928309
fg:3254,2019,1,280.0,0.1891891891891892,100.0,100.0,228.0,0.9823182711198428,73.44814569426924,73.44814569426924
fg:3256,2019,1,1255.0,0.5112016293279023,100.0,100.0,325.5,0.9881422924901185,86.94824303364703,86.94824303364703
fg:3269,2019,1,2115.0,0.6380090497737556,100.0,100.0,411.5,0.9765625,93.95184311196273,93.95184311196273
fg:3269,2020,2,2602.0,0.6843766438716465,100.0,100.0,333.3,0.9737098344693282,104.63700759879003,104.63700759879003
fg:3269,2022,2,1066.0,0.470432480141218,100.0,100.0,252.0,0.9680542110358181,85.59096057665522,85.59096057665522
fg:3284,2019,1,280.0,0.1891891891891892,100.0,100.0,228.0,0.9794319294809012,70.17850639486423,70.17850639486423
fg:3292,2019,1,25.0,0.02040816326530612,100.0,100.0,202.5,0.9881422924901185,97.45536958815912,97.45536958815912
fg:3298,2019,1,720.0,0.375,100.0,100.0,272.0,0.9940357852882704,93.43788218448057,93.43788218448057
fg:3298,2020,2,611.0,0.33738266151297625,100.0,100.0,217.9,0.9910802775024778,92.1879245633091,92.1879245633091
fg:3298,2021,3,1815.0,0.6019900497512438,100.0,100.0,336.2,0.9881422924901185,88.35773131973673,88.35773131973673
fg:3298,2022,3,1725.0,0.5897435897435898,100.00000000000001,100.0,289.1,0.9852216748768474,87.88026481188999,87.88026481188999
fg:3298,2023,3,1314.0,0.522673031026253,100.0,100.0,212.9,0.9823182711198428,90.08156611302515,90.08156611302515
fg:33098,2025,1,150.0,0.1111111111111111,100.0,100.0,215.0,1.006,89.53103328763555,89.53103328763555
fg:3312,2019,1,1300.0,0.52,100.0,100.0,330.0,0.9794319294809012,72.08226148772053,72.08226148772053
fg:33189,2023,1,660.0,0.3548387096774194,100.0,100.0,266.0,1.042,109.0067738707813,109.0067738707813
fg:33189,2024,2,3563.0,0.7480579466722653,100.00000000000001,100.0,516.7,1.036,108.19575651600938,108.19575651600938
fg:33189,2025,3,5644.0,0.8246639392168322,100.0,100.0,542.7,1.03,109.1558135608512,109.1558135608512
fg:33197,2025,1,1475.0,0.5514018691588785,100.0,100.0,347.5,1.024,89.06908826416588,89.06908826416588
fg:33252,2025,1,780.0,0.3939393939393939,100.0,100.0,278.0,1.036,85.44102772826477,85.44102772826477
fg:33266,2024,1,515.0,0.30029154518950435,100.0,100.0,251.5,1.036,99.0914726276906,99.0914726276906
fg:33266,2025,2,3027.0,0.71611071682044,100.0,100.0,471.8,1.03,115.16158380301263,115.16158380301263
fg:33280,2025,1,235.0,0.16376306620209058,100.00000000000001,100.0,223.5,1.03,100.0692391208921,100.0692391208921
fg:33321,2025,1,1035.0,0.46308724832214765,100.0,100.0,303.5,1.036,119.7313626378557,119.7313626378557
fg:33322,2025,1,2185.0,0.6454948301329394,100.0,100.0,418.5,1.03,98.30853361697486,98.30853361697486
fg:33333,2024,1,2785.0,0.698870765370138,100.00000000000003,100.0,478.5,1.036,111.77940137979074,111.77940137979074
fg:33333,2025,2,5093.0,0.8093119338948037,100.00000000000001,100.0,542.2,1.03,115.65681895062428,115.65681895062428
fg:33390,2025,1,185.0,0.13357400722021662,100.00000000000001,100.0,218.5,1.048,98.31355363972853,98.31355363972853
fg:3353,2019,1,1190.0,0.497907949790795,100.0,100.0,319.0,0.9823182711198428,111.63044612283677,111.63044612283677
fg:3353,2020,2,1692.0,0.5850622406639004,100.0,100.0,297.8,0.9794319294809012,105.40671529942922,105.40671529942922
fg:3353,2021,3,1651.0,0.5790950543668888,100.0,100.0,249.3,0.9765625,95.27931724822591,95.27931724822591
fg:33541,2024,1,660.0,0.3548387096774194,100.0,100.0,266.0,1.036,96.10273519649994,96.10273519649994
fg:33541,2025,2,2138.0,0.640503295386459,100.0,100.0,374.2,1.03,88.22861981429881,88.22861981429881
fg:33549,2025,1,1485.0,0.553072625698324,100.0,100.0,348.5,1.03,117.18088999665451,117.18088999665451
fg:33644,2025,1,1315.0,0.5228628230616302,100.0,100.0,331.5,1.03,95.53715484896827,95.53715484896827
fg:33704,2025,1,690.0,0.36507936507936506,100.0,100.0,269.0,1.03,101.63673426550686,101.63673426550686
fg:3376,2019,1,365.0,0.23322683706070288,100.00000000000001,100.0,236.5,0.9794319294809012,87.32471417058476,87.32471417058476
fg:33824,2024,1,790.0,0.3969849246231156,100.0,100.0,279.0,1.018,95.0077493880074,95.0077493880074
fg:33824,2025,2,3717.0,0.7559487492373398,100.00000000000001,100.0,524.3,1.012,103.57238906707639,103.57238906707639
fg:3410,2019,1,2540.0,0.679144385026738,100.0,100.0,454.0,0.9794319294809012,109.07226871669887,109.07226871669887
fg:3410,2020,2,2737.0,0.6951993903987808,100.0,100.0,321.3,0.9765625,106.07257830297273,106.07257830297273
fg:3411,2019,1,245.0,0.1695501730103806,100.0,100.0,224.5,0.9794319294809012,82.66249821278058,82.66249821278058
fg:3411,2020,2,411.0,0.25512104283054005,100.0,100.0,226.4,0.9765625,72.29051606865109,72.29051606865109
fg:3411,2021,3,499.0,0.2937021777516186,100.0,100.0,222.3,0.9737098344693282,62.814456208585355,62.814456208585355
fg:3448,2019,1,1220.0,0.5041322314049587,100.0,100.0,322.0,0.9765625,49.27467747689628,49.27467747689628
fg:3448,2020,2,1316.0,0.5230524642289348,100.00000000000001,100.0,258.4,0.9737098344693282,53.698879555840165,53.698879555840165
fg:3448,2021,3,1049.0,0.46642952423299244,100.0,100.0,211.3,0.970873786407767,56.30081066808853,56.30081066808853
fg:3473,2019,1,3065.0,0.7186400937866354,100.00000000000001,100.0,506.5,0.9970089730807579,128.55086365242354,128.55086365242354
fg:3473,2020,2,3667.0,0.7534415450996507,100.0,100.0,382.8,0.9940357852882704,120.4353905251645,120.4353905251645
fg:3473,2021,3,5691.0,0.825859817152808,100.0,100.0,512.3,0.9910802775024778,116.021245549842,116.021245549842
fg:3473,2022,3,5773.0,0.8279076437688226,100.0,100.0,531.6,0.9881422924901185,115.92824272657346,115.92824272657346
fg:3473,2023,3,6025.0,0.8339100346020761,100.0,100.0,465.3,0.9852216748768474,110.80423760840357,110.80423760840357
fg:3473,2024,3,5203.0,0.8125878494455724,99.99999999999999,100.0,429.6,0.9823182711198428,101.62112267475612,101.62112267475612
fg:34979,2025,1,920.0,0.4339622641509434,100.0,100.0,292.0,1.036,95.44642649887624,95.44642649887624
fg:35041,2025,1,1160.0,0.4915254237288136,100.0,100.0,316.0,1.036,76.20359505371496,76.20359505371496
fg:35108,2025,1,2465.0,0.6725784447476125,100.0,100.0,446.5,1.036,96.8205547580734,96.8205547580734
fg:35110,2025,1,2445.0,0.6707818930041153,100.0,100.0,444.5,1.036,152.45785788514323,152.45785788514323
fg:3516,2019,1,3335.0,0.7353914002205072,100.00000000000001,100.0,533.5,0.9970089730807579,93.99137925025512,93.99137925025512
fg:3516,2020,2,3448.0,0.7418244406196214,100.0,100.0,344.7,0.9940357852882704,99.67087693803472,99.67087693803472
fg:3516,2021,3,5450.0,0.8195488721804511,100.0,100.0,498.1,0.9910802775024778,100.93576556268722,100.93576556268722
fg:3516,2022,3,4823.0,0.8007637390004981,100.00000000000001,100.0,466.0,0.9881422924901185,103.73219499251803,103.73219499251803
fg:3516,2023,3,3871.0,0.7633602839676592,99.99999999999999,100.0,291.9,0.9852216748768474,97.88882409081667,97.88882409081667
fg:3531,2019,1,65.0,0.05138339920948617,99.99999999999999,100.0,206.5,0.9823182711198428,99.1701997370089,99.1701997370089
fg:35322,2025,1,850.0,0.4146341463414634,100.0,100.0,285.0,1.012,99.30135960780039,99.30135960780039
fg:35324,2025,1,5.0,0.004149377593360996,99.99999999999999,100.0,200.5,1.006,99.76514522821576,99.76514522821576
fg:3542,2019,1,20.0,0.01639344262295082,100.0,100.0,202.0,0.9940357852882704,98.21302567119014,98.21302567119014
fg:3648,2019,1,100.0,0.07692307692307693,100.0,100.0,210.0,0.9794319294809012,98.62751565621119,98.62751565621119
fg:3648,2020,2,100.0,0.07692307692307693,100.0,100.0,204.0,0.9765625,97.29051994095876,97.29051994095876
fg:3648,2021,3,466.0,0.2797118847539016,100.0,100.0,239.4,0.9737098344693282,93.23999766946808,93.23999766946808
fg:3708,2019,1,130.0,0.09774436090225563,99.99999999999999,100.0,213.0,0.970873786407767,93.63866037443809,93.63866037443809
fg:3711,2019,1,2295.0,0.6566523605150214,100.0,100.0,429.5,0.9881422924901185,109.5129177190609,109.5129177190609
fg:3711,2020,2,2536.0,0.6788008565310493,100.0,100.0,315.9,0.9852216748768474,100.72208208783353,100.72208208783353
fg:3892,2019,1,2750.0,0.6962025316455697,100.00000000000001,100.0,475.0,0.9881422924901185,93.6069424728202,93.6069424728202
fg:3892,2020,2,3250.0,0.7303370786516854,100.0,100.0,360.0,0.9852216748768474,92.89841340969747,92.89841340969747
fg:3892,2021,3,3280.0,0.7321428571428571,99.99999999999999,100.0,300.0,0.9823182711198428,89.54181145077357,89.54181145077357
fg:4020,2019,1,5.0,0.004149377593360996,99.99999999999999,100.0,200.5,0.9823182711198428,97.41662522723752,97.41662522723752
fg:4022,2019,1,1985.0,0.6232339089481946,100.0,100.0,398.5,0.9823182711198428,88.56753362784316,88.56753362784316
fg:404,2019,1,15.0,0.012345679012345678,100.0,100.0,201.5,0.970873786407767,94.69015941507851,94.69015941507851
fg:4054,2020,1,15.0,0.012345679012345678,99.99999999999999,100.0,201.5,0.9794319294809012,95.52484250492738,95.52484250492738
fg:4062,2019,1,2870.0,0.7051597051597052,100.00000000000001,100.0,487.0,0.9852216748768474,100.94010857111428,100.94010857111428
fg:4062,2020,2,2801.0,0.7000749812546864,100.0,100.0,307.9,0.9823182711198428,99.7134554177051,99.7134554177051
fg:4062,2021,3,2231.0,0.6502477411833285,100.0,100.0,220.6,0.9794319294809012,97.65629040121247,97.65629040121247
fg:4106,2019,1,3185.0,0.7263397947548461,100.00000000000001,100.0,518.5,0.9881422924901185,122.06386849845137,122.06386849845137
fg:4106,2020,2,3483.0,0.74375400384369,100.0,100.0,357.2,0.9852216748768474,122.06334778043748,122.06334778043748
fg:4106,2021,3,5199.0,0.8124706985466479,99.99999999999999,100.0,472.7,0.9823182711198428,119.69445959739059,119.69445959739059
fg:4106,2022,3,3978.0,0.7682502896871379,100.0,100.0,389.3,0.9794319294809012,116.77398162083415,116.77398162083415
fg:4106,2023,3,2917.0,0.7085256254554287,100.0,100.0,256.2,0.9765625,112.38475999021011,112.38475999021011
fg:4141,2019,1,80.0,0.0625,100.0,100.0,208.0,0.9881422924901185,89.87304809191228,89.87304809191228
fg:4146,2019,1,285.0,0.1919191919191919,100.0,100.0,228.5,0.9910802775024778,82.97509755749921,82.97509755749921
fg:4153,2019,1,250.0,0.1724137931034483,100.0,100.0,225.0,0.9852216748768474,79.19916548828161,79.19916548828161
fg:4153,2021,2,300.0,0.2,100.0,100.0,215.0,0.9794319294809012,79.0825792720967,79.0825792720967
fg:4220,2019,1,950.0,0.4418604651162791,100.0,100.0,295.0,0.9823182711198428,93.77645346469878,93.77645346469878
fg:4220,2021,2,1935.0,0.6172248803827751,100.0,100.0,336.5,0.9765625,95.00811857557173,95.00811857557173
fg:4229,2019,1,1850.0,0.6065573770491803,100.0,100.0,385.0,0.9794319294809012,125.6257978170094,125.6257978170094
fg:4229,2020,2,1980.0,0.6226415094339622,100.0,100.0,287.0,0.9765625,116.195761067159,116.195761067159
fg:4243,2021,1,65.0,0.05138339920948617,99.99999999999996,100.0,206.5,0.9765625,90.68345908511421,90.68345908511421
fg:4264,2021,1,5.0,0.004149377593360996,99.99999999999999,100.0,200.5,0.9765625,96.84582468879667,96.84582468879667
fg:4298,2019,1,915.0,0.4326241134751773,100.0,100.0,291.5,0.9852216748768474,90.6226932843799,90.6226932843799
fg:4298,2020,2,937.0,0.4384651380439869,100.0,100.0,238.8,0.9823182711198428,88.00900925180706,88.00900925180706
fg:4314,2019,1,3040.0,0.7169811320754716,100.00000000000001,100.0,504.0,0.9794319294809012,96.72513332301492,96.72513332301492
fg:4314,2020,2,3547.0,0.7472087634295345,100.0,100.0,372.3,0.9765625,99.1143067240269,99.1143067240269
fg:4314,2021,3,5381.0,0.8176568910499924,100.0,100.0,488.8,0.9737098344693282,114.1435139363784,114.1435139363784
fg:4314,2022,3,4681.0,0.7959530692059174,100.00000000000001,100.0,441.3,0.970873786407767,110.05939746582546,110.05939746582546
fg:4314,2023,3,4313.0,0.7823326682387085,99.99999999999997,100.0,358.6,0.9680542110358181,105.87116153678329,105.87116153678329
fg:4316,2019,1,2390.0,0.6657381615598886,100.0,100.0,439.0,0.9823182711198428,90.1735877550336,90.1735877550336
fg:4316,2020,2,2572.0,0.6818663838812301,100.0,100.0,313.8,0.9794319294809012,82.2366509321785,82.2366509321785
fg:4338,2019,1,105.0,0.08045977011494253,100.0,100.0,210.5,0.9970089730807579,93.49417026072388,93.49417026072388
fg:4338,2021,2,68.0,0.05362776025236593,99.99999999999999,100.0,200.5,0.9910802775024778,94.51650689542481,94.51650689542481
fg:4371,2019,1,65.0,0.05138339920948617,99.99999999999999,100.0,206.5,0.9881422924901185,94.67342253691801,94.67342253691801
fg:4403,2019,1,265.0,0.18088737201365188,100.0,100.0,226.5,0.9680542110358181,79.16760439231686,79.16760439231686
fg:4403,2020,2,362.0,0.23175416133162613,100.0,100.0,220.3,0.9652509652509652,84.54416709587902,84.54416709587902
fg:4418,2019,1,40.0,0.03225806451612903,100.0,100.0,204.0,0.9794319294809012,93.16542303007594,93.16542303007594
fg:4418,2021,2,2584.0,0.6828752642706131,100.0,100.0,456.0,0.9737098344693282,97.26270424972685,97.26270424972685
fg:4418,2022,2,2968.0,0.7120921305182342,100.0,100.0,343.2,0.970873786407767,86.74006047925393,86.74006047925393
fg:4505,2019,1,10.0,0.008264462809917356,100.0,100.0,201.0,0.9852216748768474,96.89370190937589,96.89370190937589
fg:4505,2021,2,11.0,0.009083402146985962,100.0,100.0,200.5,0.9794319294809012,96.16387812987543,96.16387812987543
fg:4579,2019,1,3380.0,0.7379912663755459,100.00000000000001,100.0,538.0,0.9970089730807579,93.09513609760515,93.09513609760515
fg:4579,2020,2,3019.0,0.7155724105238208,100.00000000000001,100.0,299.1,0.9940357852882704,93.49623017973971,93.49623017973971
fg:4579,2021,3,4010.0,0.7696737044145874,99.99999999999999,100.0,379.3,0.9910802775024778,92.60975449351471,92.60975449351471
fg:4616,2019,1,1245.0,0.50920245398773,100.0,100.0,324.5,0.9765625,88.70176208855584,88.70176208855584
fg:4676,2019,1,10.0,0.008264462809917356,100.0,100.0,201.0,0.9794319294809012,96.32429719688201,96.32429719688201
fg:4676,2021,2,316.0,0.20844327176781002,100.0,100.0,231.0,0.9737098344693282,70.0348341034057,70.0348341034057
fg:4696,2021,1,5.0,0.004149377593360996,99.99999999999999,100.0,200.5,0.9794319294809012,97.13038636760803,97.13038636760803
fg:4747,2019,1,1815.0,0.6019900497512438,100.0,100.0,381.5,0.970873786407767,79.81867866914975,79.81867866914975
fg:4772,2019,1,15.0,0.012345679012345678,100.0,100.0,201.5,0.9852216748768474,96.08952137687771,96.08952137687771
fg:4806,2019,1,100.0,0.07692307692307693,100.0,100.0,210.0,0.9680542110358181,90.43892571297906,90.43892571297906
fg:4806,2021,2,190.0,0.1366906474820144,100.0,100.0,213.0,0.9624639076034649,80.61933756743429,80.61933756743429
fg:4810,2019,1,1580.0,0.5683453237410072,100.0,100.0,358.0,0.9794319294809012,91.17458467909643,91.17458467909643
fg:4866,2019,1,2260.0,0.653179190751445,100.0,100.0,426.0,0.9823182711198428,78.00080838563032,78.00080838563032
fg:4866,2020,2,2138.0,0.640503295386459,100.0,100.0,278.2,0.9794319294809012,73.00760141190051,73.00760141190051
fg:4866,2021,3,2365.0,0.6633941093969145,99.99999999999999,100.0,281.1,0.9765625,68.8940243581202,68.8940243581202
fg:4869,2019,1,30.0,0.024390243902439025,100.0,100.0,203.0,0.9970089730807579,96.84115973177792,96.84115973177792
fg:4881,2019,1,495.0,0.2920353982300885,100.0,100.0,249.5,0.9852216748768474,89.32121896063664,89.32121896063664
fg:4892,2019,1,2920.0,0.7087378640776699,100.00000000000001,100.0,492.0,0.9940357852882704,108.52248449112142,108.52248449112142
fg:4892,2020,2,3151.0,0.7242013330268904,100.0,100.0,339.9,0.9910802775024778,106.9113466944305,106.9113466944305
fg:4892,2021,3,3434.0,0.7410444540353905,99.99999999999999,100.0,319.3,0.9881422924901185,97.81296217541234,97.81296217541234
fg:4892,2022,3,2738.0,0.6952767902488572,100.0,100.0,363.1,0.9852216748768474,84.4787168192407,84.4787168192407
fg:4892,2023,3,3688.0,0.7545008183306056,100.0,100.0,421.5,0.9823182711198428,80.53089818151135,80.53089818151135
fg:4897,2021,1,20.0,0.01639344262295082,99.99999999999999,100.0,202.0,0.9737098344693282,94.17849218637764,94.17849218637764
fg:4922,2019,1,1150.0,0.48936170212765956,100.0,100.0,315.0,1.0,96.19520678203565,96.19520678203565
fg:4922,2020,2,1575.0,0.5675675675675675,100.00000000000001,100.0,288.5,0.9970089730807579,82.8058131475587,82.8058131475587
fg:4922,2021,3,1659.0,0.5802728226652676,100.0,100.0,257.6,0.9940357852882704,80.20529558826021,80.20529558826021
fg:4922,2022,3,789.0,0.39668174962292607,100.0,100.0,212.9,0.9910802775024778,77.3658963013227,77.3658963013227
fg:4930,2019,1,265.0,0.18088737201365188,100.0,100.0,226.5,0.9794319294809012,88.40307908661883,88.40307908661883
fg:4930,2021,2,414.0,0.25650557620817843,100.0,100.0,225.5,0.9737098344693282,80.67997155505533,80.67997155505533
fg:4940,2019,1,2945.0,0.7104945717732207,100.00000000000001,100.0,494.5,0.9970089730807579,99.38678180869724,99.38678180869724
fg:4940,2020,2,3261.0,0.7310020174848688,100.0,100.0,349.4,0.9940357852882704,105.41360635883804,105.41360635883804
fg:4940,2021,3,4256.0,0.7800586510263929,99.99999999999997,100.0,394.6,0.9910802775024778,93.51923792753155,93.51923792753155
fg:4940,2022,3,2710.0,0.6930946291560103,100.0,100.0,310.8,0.9881422924901185,85.43564307201638,85.43564307201638
fg:4940,2023,3,3548.0,0.7472620050547599,100.0,100.0,403.6,0.9852216748768474,94.76075349772101,94.76075349772101
fg:4940,2024,3,3251.0,0.7303976634464165,100.0,100.0,366.7,0.9823182711198428,98.84017888658201,98.84017888658201
fg:4940,2025,3,2638.0,0.6873371547681084,100.0,100.0,273.3,0.9794319294809012,94.06532827238014,94.06532827238014
fg:4949,2019,1,360.0,0.23076923076923078,100.00000000000001,100.0,236.0,0.9970089730807579,108.71348772753817,108.71348772753817
fg:4949,2020,2,758.0,0.3871297242083759,100.0,100.0,254.2,0.9940357852882704,115.4677759674665,115.4677759674665
fg:4949,2021,3,3487.0,0.7439726904203116,100.00000000000001,100.0,498.9,0.9910802775024778,127.69538472684712,127.69538472684712
fg:4949,2022,3,4858.0,0.8019148233740508,100.00000000000001,100.0,483.9,0.9881422924901185,120.18234707505931,120.18234707505931
fg:4949,2023,3,5620.0,0.8240469208211144,99.99999999999999,100.0,452.7,0.9852216748768474,107.90519774132002,107.90519774132002
fg:4949,2024,3,5311.0,0.8156965135923822,99.99999999999999,100.0,471.0,0.9823182711198428,103.84462724351486,103.84462724351486
fg:4949,2025,3,4486.0,0.7889553288779458,99.99999999999999,100.0,386.4,0.9794319294809012,114.69189415422652,114.69189415422652
fg:4962,2019,1,2570.0,0.6816976127320955,100.0,100.0,457.0,0.9852216748768474,97.15381360699988,97.15381360699988
fg:4962,2020,2,3121.0,0.722286507752835,100.0,100.0,357.9,0.9823182711198428,96.47154803218079,96.47154803218079
fg:4962,2021,3,4154.0,0.7758685095255884,99.99999999999997,100.0,397.3,0.9794319294809012,91.52102940798115,91.52102940798115
fg:4972,2019,1,230.0,0.16083916083916083,100.0,100.0,223.0,0.9794319294809012,80.05878129406163,80.05878129406163
fg:5000,2019,1,1400.0,0.5384615384615384,100.0,100.0,340.0,0.9823182711198428,101.54706279919027,101.54706279919027
fg:5000,2020,2,1525.0,0.5596330275229358,100.00000000000001,100.0,268.5,0.9794319294809012,91.9205272315971,91.9205272315971
fg:5000,2021,3,2354.0,0.6623522791221159,100.0,100.0,327.1,0.9765625,82.65049466631227,82.65049466631227
fg:5000,2022,3,2150.0,0.6417910447761194,100.0,100.0,319.3,0.9737098344693282,73.29208464526104,73.29208464526104
fg:5003,2021,1,5.0,0.004149377593360996,99.99999999999999,100.0,200.5,0.9823182711198428,97.41662522723752,97.41662522723752
fg:5038,2019,1,3295.0,0.7330367074527252,100.00000000000001,100.0,529.5,0.9852216748768474,120.9190207697313,120.9190207697313
fg:5038,2020,2,3146.0,0.7238840312931432,100.00000000000001,100.0,316.9,0.9823182711198428,120.3803031438884,120.3803031438884
fg:5038,2021,3,5100.0,0.8095238095238095,100.0,100.0,481.7,0.9794319294809012,120.45657824372333,120.45657824372333
fg:5038,2022,3,5208.0,0.8127340823970037,100.00000000000001,100.0,527.3,0.9765625,105.89518864708474,105.89518864708474
fg:5038,2023,3,4758.0,0.798590130916415,99.99999999999997,100.0,349.1,0.9737098344693282,99.33791849053185,99.33791849053185
fg:5124,2019,1,35.0,0.02834008097165992,100.0,100.0,203.5,0.9794319294809012,95.28006402994889,95.28006402994889
fg:5209,2019,1,3165.0,0.7250859106529209,100.00000000000001,100.0,516.5,0.9794319294809012,94.70853246479041,94.70853246479041
fg:5209,2020,2,3452.0,0.7420464316423044,100.0,100.0,355.3,0.9765625,89.0197802862707,89.0197802862707
fg:5221,2019,1,10.0,0.008264462809917356,100.0,100.0,201.0,0.9823182711198428,100.28810670973529,100.28810670973529
fg:5221,2021,2,71.0,0.05586152635719906,99.99999999999997,100.0,206.5,0.9765625,88.83547837713184,88.83547837713184
fg:5222,2019,1,1280.0,0.5161290322580645,100.0,100.0,328.0,0.9910802775024778,93.47427888811515,93.47427888811515
fg:5222,2020,2,1854.0,0.6070726915520629,100.0,100.0,308.6,0.9881422924901185,92.76201657883695,92.76201657883695
fg:5222,2021,3,3242.0,0.7298514182800541,100.0,100.0,397.6,0.9852216748768474,91.58826540859386,91.58826540859386
fg:5222,2022,3,2231.0,0.6502477411833285,100.0,100.0,264.7,0.9823182711198428,89.18065087766242,89.18065087766242
fg:5223,2019,1,1345.0,0.5284872298624754,100.0,100.0,334.5,0.9881422924901185,113.29503300924738,113.29503300924738
fg:5223,2020,2,1581.0,0.5685005393743258,100.00000000000001,100.0,277.4,0.9852216748768474,107.19241248471263,107.19241248471263
fg:5223,2021,3,1376.0,0.5341614906832298,100.0,100.0,226.6,0.9823182711198428,97.70263877244386,97.70263877244386
fg:5224,2019,1,5.0,0.004149377593360996,99.99999999999999,100.0,200.5,0.9823182711198428,97.41662522723752,97.41662522723752
fg:5227,2019,1,910.0,0.4312796208530806,100.0,100.0,291.0,0.9823182711198428,85.01551930183247,85.01551930183247
fg:5227,2020,2,1013.0,0.4577496610935382,100.0,100.0,246.7,0.9794319294809012,77.45910762115523,77.45910762115523
fg:5227,2021,3,844.0,0.41291585127201563,100.0,100.0,212.7,0.9765625,80.39870517835728,80.39870517835728
fg:5235,2019,1,2745.0,0.6958174904942965,100.00000000000001,100.0,474.5,0.9823182711198428,119.48099486145072,119.48099486145072
fg:5235,2020,2,3071.0,0.7190353547178646,100.0,100.0,342.4,0.9794319294809012,121.16787119860525,121.16787119860525
fg:5235,2021,3,5407.0,0.8183744513394884,100.0,100.0,523.5,0.9765625,120.98366958842705,120.98366958842705
fg:5235,2022,3,5633.0,0.8243816771549831,100.0,100.0,527.2,0.9737098344693282,118.17980699623934,118.17980699623934
fg:5235,2023,3,7094.0,0.855317096696407,100.0,100.0,566.2,0.970873786407767,114.49912298831602,114.49912298831602
fg:5235,2024,3,6795.0,0.849906191369606,100.0,100.0,532.1,0.9680542110358181,111.62363338629189,111.62363338629189
fg:5235,2025,3,4989.0,0.8061076102762966,99.99999999999999,100.0,349.4,0.9652509652509652,102.50179185302423,102.50179185302423
fg:5238,2019,1,270.0,0.1836734693877551,100.0,100.0,227.0,0.9970089730807579,79.43806246581664,79.43806246581664
fg:5254,2019,1,2410.0,0.667590027700831,100.0,100.0,441.0,0.9970089730807579,91.7113210053226,91.7113210053226
fg:5254,2020,2,2888.0,0.7064579256360078,100.0,100.0,344.2,0.9940357852882704,100.3558087546079,100.3558087546079
fg:5254,2021,3,5569.0,0.8227212291328113,100.00000000000001,100.0,554.7,0.9910802775024778,106.70144370064268,106.70144370064268
fg:5254,2022,3,5645.0,0.8246895544192842,100.0,100.0,505.6,0.9881422924901185,100.5785454745652,100.5785454745652
fg:5254,2023,3,6021.0,0.8338180307436643,99.99999999999999,100.0,457.7,0.9852216748768474,99.5253497306734,99.5253497306734
fg:5254,2024,3,4336.0,0.7832369942196532,99.99999999999997,100.0,364.5,0.9823182711198428,91.93199378030668,91.93199378030668
fg:5257,2019,1,20.0,0.01639344262295082,100.0,100.0,202.0,0.9970089730807579,99.40931423554586,99.40931423554586
fg:5273,2019,1,955.0,0.4431554524361949,100.0,100.0,295.5,0.9940357852882704,72.69141414570055,72.69141414570055
fg:5273,2020,2,1169.0,0.49345715491768677,100.00000000000003,100.0,259.6,0.9910802775024778,72.99675242176573,72.99675242176573
fg:5273,2021,3,1997.0,0.6246481076008759,100.0,100.0,318.1,0.9881422924901185,62.629828468899724,62.629828468899724
fg:5273,2022,3,1553.0,0.5641118779513258,100.0,100.0,265.0,0.9852216748768474,68.59966767267119,68.59966767267119
fg:5273,2023,3,1224.0,0.504950495049505,100.0,100.0,230.6,0.9823182711198428,66.66991568684783,66.66991568684783
fg:5273,2025,2,192.0,0.13793103448275862,100.00000000000001,100.0,206.0,0.9765625,84.45967625923923,84.45967625923923
fg:5275,2019,1,800.0,0.4,100.0,100.0,280.0,0.9852216748768474,87.76039544479255,87.76039544479255
fg:5275,2020,2,950.0,0.4418604651162791,100.0,100.0,247.0,0.9823182711198428,93.38405681974442,93.38405681974442
fg:5297,2019,1,1275.0,0.5151515151515151,100.0,100.0,327.5,0.9970089730807579,100.99093597982133,100.99093597982133
fg:5297,2020,2,2075.0,0.6335877862595419,100.0,100.0,331.0,0.9940357852882704,107.86859121938879,107.86859121938879
fg:5297,2021,3,2239.0,0.6510613550450712,100.0,100.0,284.1,0.9910802775024778,101.35034448924353,101.35034448924353
fg:5297,2022,3,3402.0,0.7392438070404173,100.0,100.0,439.1,0.9881422924901185,94.24962638088802,94.24962638088802
fg:5297,2023,3,3750.0,0.7575757575757576,100.0,100.0,401.3,0.9852216748768474,95.4774182180938,95.4774182180938
fg:5297,2024,3,2922.0,0.7088791848617176,100.0,100.0,262.7,0.9823182711198428,91.25172449439805,91.25172449439805
fg:5306,2019,1,410.0,0.2546583850931677,100.00000000000001,100.0,241.0,0.9852216748768474,89.93392450137044,89.93392450137044
fg:5343,2019,1,2800.0,0.7,100.00000000000001,100.0,480.0,0.9881422924901185,80.24269311229736,80.24269311229736
fg:5343,2020,2,3205.0,0.7275822928490352,100.0,100.0,352.5,0.9852216748768474,87.2794137034446,87.2794137034446
fg:5343,2021,3,5197.0,0.8124120681569486,100.0,100.0,493.8,0.9823182711198428,109.24337393596745,109.24337393596745
fg:5343,2022,3,5065.0,0.8084596967278531,100.00000000000001,100.0,483.9,0.9794319294809012,107.74212137582721,107.74212137582721
fg:5343,2023,3,5079.0,0.8088867654085046,99.99999999999999,100.0,405.8,0.9765625,94.597574622533,94.597574622533
fg:5343,2024,3,3054.0,0.7179125528913963,100.0,100.0,272.0,0.9737098344693282,78.27854998872276,78.27854998872276
fg:5352,2019,1,390.0,0.24528301886792453,100.00000000000001,100.0,239.0,0.9910802775024778,85.41266577459382,85.41266577459382
fg:5358,2021,1,25.0,0.02040816326530612,100.0,100.0,202.5,0.9881422924901185,99.20448502909181,99.20448502909181
fg:5361,2019,1,3460.0,0.7424892703862661,100.00000000000001,100.0,546.0,0.9970089730807579,127.37328310507816,127.37328310507816
fg:5361,2020,2,4078.0,0.7726411519514967,100.0,100.0,400.2,0.9940357852882704,140.2062510494456,140.2062510494456
fg:5361,2021,3,6599.0,0.8461341197589435,100.00000000000001,100.0,573.7,0.9910802775024778,136.370822711241,136.370822711241
fg:5361,2022,3,7106.0,0.8555261256922706,100.00000000000001,100.0,623.5,0.9881422924901185,142.95501175139648,142.95501175139648
fg:5361,2023,3,8567.0,0.8771372990682912,100.0,100.0,635.8,0.9852216748768474,144.940998197076,144.940998197076
fg:5361,2024,3,8234.0,0.8728005087979648,100.0,100.0,592.0,0.9823182711198428,141.35812511314697,141.35812511314697
fg:5361,2025,3,7877.0,0.8677977305277074,100.0,100.0,577.3,0.9794319294809012,135.5356094555305,135.5356094555305
fg:5372,2019,1,20.0,0.01639344262295082,100.0,100.0,202.0,0.9940357852882704,96.14444480657042,96.14444480657042
fg:5372,2021,2,27.0,0.022004889975550123,100.0,100.0,201.5,0.9881422924901185,94.46543676372526,94.46543676372526
fg:5384,2019,1,1425.0,0.5428571428571428,100.0,100.0,342.5,0.9940357852882704,78.3625482633919,78.3625482633919
fg:5384,2021,2,2490.0,0.6747967479674797,100.0,100.0,363.5,0.9881422924901185,76.70720582856497,76.70720582856497
fg:5384,2022,2,1618.0,0.57416607523066,100.00000000000001,100.0,263.7,0.9852216748768474,76.52904185153037,76.52904185153037
fg:5398,2019,1,90.0,0.06976744186046512,100.0,100.0,209.0,0.9940357852882704,92.99993960725008,92.99993960725008
fg:5409,2019,1,1480.0,0.5522388059701493,100.0,100.0,348.0,0.9881422924901185,104.01358408659799,104.01358408659799
fg:5409,2020,2,1654.0,0.5795374912403644,100.00000000000001,100.0,276.6,0.9852216748768474,95.18506249761695,95.18506249761695
fg:5409,2021,3,1694.0,0.585348997926745,100.0,100.0,252.4,0.9823182711198428,92.26818981248998,92.26818981248998
fg:5417,2019,1,2740.0,0.6954314720812182,100.00000000000001,100.0,474.0,0.9970089730807579,125.49897866873731,125.49897866873731
fg:5417,2020,2,3242.0,0.7298514182800541,100.0,100.0,359.8,0.9940357852882704,111.48852761150006,111.48852761150006
fg:5417,2021,3,5874.0,0.8303647158608991,100.00000000000001,100.0,560.0,0.9910802775024778,118.07656427486616,118.07656427486616
fg:5417,2022,3,6362.0,0.841311822269241,100.00000000000001,100.0,569.8,0.9881422924901185,132.1366959968949,132.1366959968949
fg:5417,2023,3,6500.0,0.8441558441558441,100.0,100.0,465.4,0.9852216748768474,139.96822265843286,139.96822265843286
fg:5417,2024,3,6862.0,0.8511535599106921,100.0,100.0,582.0,0.9823182711198428,134.33120824009666,134.33120824009666
fg:5417,2025,3,7228.0,0.8576174655908875,100.00000000000001,100.0,595.2,0.9794319294809012,119.20634229966022,119.20634229966022
fg:5448,2019,1,10.0,0.008264462809917356,100.0,100.0,201.0,0.9794319294809012,98.48647517314083,98.48647517314083
fg:5448,2021,2,21.0,0.0171990171990172,100.0,100.0,201.5,0.9737098344693282,95.29972142503746,95.29972142503746
fg:5452,2019,1,2435.0,0.6698762035763411,100.0,100.0,443.5,1.0,115.04484786419867,115.04484786419867
fg:5452,2020,2,2673.0,0.6901626646010844,100.0,100.0,321.2,0.9970089730807579,111.78572781316952,111.78572781316952
fg:5452,2021,3,3566.0,0.7482165337809484,99.99999999999999,100.0,367.0,0.9940357852882704,112.08519530034408,112.08519530034408
fg:5452,2022,3,3750.0,0.7575757575757576,100.0,100.0,440.0,0.9910802775024778,109.52856036811927,109.52856036811927
fg:5452,2023,3,3176.0,0.7257769652650823,100.0,100.0,300.4,0.9881422924901185,102.91754497683995,102.91754497683995
fg:5485,2019,1,120.0,0.09090909090909091,100.0,100.0,212.0,0.9970089730807579,96.0093323039628,96.0093323039628
fg:5486,2019,1,190.0,0.1366906474820144,100.0,100.0,219.0,0.9940357852882704,106.29267878307078,106.29267878307078
fg:5486,2020,2,217.0,0.15314043754410728,100.0,100.0,210.3,0.9910802775024778,100.28389495720496,100.28389495720496
fg:5486,2021,3,1041.0,0.464524765729585,100.0,100.0,288.8,0.9881422924901185,98.44129796777206,98.44129796777206
fg:5486,2022,3,924.0,0.4350282485875706,100.0,100.0,236.0,0.9852216748768474,95.54603671510974,95.54603671510974
fg:5486,2023,3,753.0,0.38556067588325654,100.0,100.0,211.7,0.9823182711198428,91.9015247210943,91.9015247210943
fg:5491,2019,1,1200.0,0.5,100.0,100.0,320.0,0.9940357852882704,97.21572668257599,97.21572668257599
fg:5491,2020,2,1635.0,0.5767195767195767,100.0,100.0,291.5,0.9910802775024778,87.5356735473292,87.5356735473292
fg:5491,2021,3,1570.0,0.5667870036101083,100.0,100.0,244.5,0.9881422924901185,83.42585524935323,83.42585524935323
fg:5491,2022,3,1333.0,0.526253454401895,100.0,100.0,274.2,0.9852216748768474,63.9871172596426,63.9871172596426
fg:5497,2019,1,2315.0,0.6586059743954481,100.0,100.0,431.5,0.9940357852882704,95.19821666578646,95.19821666578646
fg:5497,2020,2,2847.0,0.7034840622683469,100.0,100.0,345.8,0.9910802775024778,88.59434918416612,88.59434918416612
fg:5497,2021,3,3720.0,0.7560975609756098,99.99999999999999,100.0,373.4,0.9881422924901185,78.6371618730352,78.6371618730352
fg:5497,2022,3,2860.0,0.7044334975369458,100.0,100.0,334.2,0.9852216748768474,71.96868234785883,71.96868234785883
fg:5503,2019,1,340.0,0.22077922077922077,100.00000000000001,100.0,234.0,0.9940357852882704,80.46607907092778,80.46607907092778
fg:5517,2019,1,285.0,0.1919191919191919,100.0,100.0,228.5,0.9970089730807579,93.01484617917262,93.01484617917262
fg:5517,2020,2,468.0,0.2805755395683453,100.0,100.0,229.7,0.9940357852882704,94.99929064151458,94.99929064151458
fg:5517,2021,3,1418.0,0.5416348357524828,100.0,100.0,310.3,0.9910802775024778,85.97740187641311,85.97740187641311
fg:5517,2022,3,2228.0,0.6499416569428238,100.0,100.0,345.1,0.9881422924901185,85.76938849379881,85.76938849379881
fg:5517,2023,3,2925.0,0.7090909090909091,100.0,100.0,354.8,0.9852216748768474,85.5487719483241,85.5487719483241
fg:5517,2024,3,3099.0,0.7208653175157014,100.0,100.0,357.5,0.9823182711198428,93.00584400234133,93.00584400234133
fg:5517,2025,3,3467.0,0.742875508892222,100.0,100.0,389.8,0.9794319294809012,94.0921286232752,94.0921286232752
fg:5519,2019,1,45.0,0.03614457831325301,100.0,100.0,204.5,0.9970089730807579,92.49360352676909,92.49360352676909
fg:5524,2019,1,380.0,0.24050632911392406,100.00000000000001,100.0,238.0,0.9970089730807579,82.55310948899614,82.55310948899614
fg:5524,2021,2,488.0,0.2890995260663507,100.0,100.0,226.0,0.9910802775024778,79.07048629504983,79.07048629504983
fg:5631,2019,1,310.0,0.2052980132450331,100.0,100.0,231.0,0.9823182711198428,81.54637862897404,81.54637862897404
fg:5631,2020,2,908.0,0.4307400379506641,99.99999999999999,100.0,272.2,0.9794319294809012,83.89251834343776,83.89251834343776
fg:5667,2020,1,155.0,0.11439114391143912,100.0,100.0,215.5,0.9910802775024778,94.72351795880151,94.72351795880151
fg:5667,2021,2,304.0,0.20212765957446807,100.0,100.0,221.1,0.9881422924901185,89.74350657645569,89.74350657645569
fg:5667,2022,3,332.0,0.21671018276762402,100.0,100.0,213.1,0.9852216748768474,84.7033247468332,84.7033247468332
fg:5702,2019,1,15.0,0.012345679012345678,100.0,100.0,201.5,0.9823182711198428,97.92508266307227,97.92508266307227
fg:5702,2021,2,19.0,0.015586546349466776,100.0,100.0,201.0,0.9765625,95.8716466783132,95.8716466783132
fg:5751,2019,1,1230.0,0.5061728395061729,100.0,100.0,323.0,1.0,80.85185584759324,80.85185584759324
fg:5751,2020,2,1014.0,0.45799457994579945,100.0,100.0,227.6,0.9970089730807579,81.38739798582928,81.38739798582928
fg:5751,2021,3,867.0,0.41944847605224966,100.0,100.0,211.1,0.9940357852882704,77.61337688988827,77.61337688988827
fg:5760,2019,1,2650.0,0.6883116883116883,100.00000000000001,100.0,465.0,1.0,109.05898740316276,109.05898740316276
fg:5760,2020,2,3155.0,0.7244546498277842,100.0,100.0,356.5,0.9970089730807579,101.96840745046228,101.96840745046228
fg:5760,2021,3,4993.0,0.8062328435330212,99.99999999999999,100.0,478.2,0.9940357852882704,106.84390346093228,106.84390346093228
fg:5760,2022,3,4581.0,0.7924234561494551,100.00000000000001,100.0,441.5,0.9910802775024778,90.11538046494876,90.11538046494876
fg:5760,2023,3,3655.0,0.752832131822863,99.99999999999999,100.0,297.0,0.9881422924901185,85.16399651564755,85.16399651564755
fg:5760,2024,3,1867.0,0.6087381806325399,100.0,100.0,237.3,0.9852216748768474,73.84208332124172,73.84208332124172
fg:5827,2019,1,1425.0,0.5428571428571428,100.0,100.0,342.5,1.006,111.26132521961905,111.26132521961905
fg:5827,2020,2,2205.0,0.6475770925110133,100.0,100.0,335.0,1.0,112.40873093686854,112.40873093686854
fg:5827,2021,3,3887.0,0.7641045803027324,100.0,100.0,439.3,0.9970089730807579,111.94325114603728,111.94325114603728
fg:5827,2022,3,5393.0,0.8179887759745185,100.0,100.0,544.6,0.9940357852882704,106.11184907622581,106.11184907622581
fg:5827,2023,3,5986.0,0.8330086278875591,100.0,100.0,487.2,0.9910802775024778,113.27273134428323,113.27273134428323
fg:5827,2024,3,4832.0,0.8010610079575596,99.99999999999999,100.0,366.4,0.9881422924901185,103.57767531081636,103.57767531081636
fg:5827,2025,3,4645.0,0.7946963216424294,99.99999999999997,100.0,455.7,0.9852216748768474,99.23210186982534,99.23210186982534
fg:5913,2019,1,3090.0,0.7202797202797203,100.00000000000001,100.0,509.0,1.0,86.87974049750078,86.87974049750078
fg:5913,2020,2,2787.0,0.6990218209179835,100.0,100.0,293.3,0.9970089730807579,88.89784804130201,88.89784804130201
fg:5913,2021,3,4476.0,0.7885835095137421,99.99999999999997,100.0,443.3,0.9940357852882704,92.27434222988717,92.27434222988717
fg:5913,2022,3,3660.0,0.7530864197530864,100.0,100.0,404.9,0.9910802775024778,78.16715454237718,78.16715454237718
fg:5930,2019,1,2345.0,0.6614950634696756,100.0,100.0,434.5,0.9794319294809012,98.82927164087234,98.82927164087234
fg:5930,2020,2,2581.0,0.6826236445384819,100.0,100.0,317.4,0.9765625,96.12304320963405,96.12304320963405
fg:5933,2019,1,3090.0,0.7202797202797203,100.00000000000001,100.0,509.0,0.9970089730807579,93.38880488683374,93.38880488683374
fg:5933,2020,2,3557.0,0.7477401723775489,100.0,100.0,370.3,0.9940357852882704,96.23377971091875,96.23377971091875
fg:5933,2021,3,5557.0,0.8224063933698387,100.0,100.0,505.2,0.9910802775024778,101.55900806499754,101.55900806499754
fg:5933,2022,3,4854.0,0.8017839444995044,100.00000000000001,100.0,450.2,0.9881422924901185,104.7756706042057,104.7756706042057
fg:5933,2023,3,4879.0,0.8025991116960026,99.99999999999999,100.0,401.7,0.9852216748768474,89.6852531866286,89.6852531866286
fg:5942,2019,1,335.0,0.2182410423452769,100.00000000000001,100.0,233.5,0.9910802775024778,85.34031071795917,85.34031071795917
fg:6012,2019,1,1720.0,0.589041095890411,100.0,100.0,372.0,0.9970089730807579,90.14409194495602,90.14409194495602
fg:6012,2020,2,2561.0,0.6809359212975272,100.0,100.0,352.9,0.9940357852882704,98.45511811698623,98.45511811698623
fg:6012,2021,3,4020.0,0.7701149425287356,100.0,100.0,427.7,0.9910802775024778,86.81673128033748,86.81673128033748
fg:6012,2022,3,3503.0,0.7448437167765256,100.0,100.0,356.8,0.9881422924901185,80.50859426009607,80.50859426009607
fg:6013,2019,1,120.0,0.09090909090909091,100.0,100.0,212.0,1.006,100.83006450101504,100.83006450101504
fg:6153,2019,1,3495.0,0.744408945686901,100.00000000000001,100.0,549.5,0.9940357852882704,105.44751773737751,105.44751773737751
fg:6153,2020,2,3906.0,0.7649823736780259,100.0,100.0,380.9,0.9910802775024778,93.96612783738323,93.96612783738323
fg:6153,2021,3,5980.0,0.8328690807799443,100.0,100.0,521.7,0.9881422924901185,99.0113903831491,99.0113903831491
fg:6153,2022,3,5772.0,0.8278829604130808,100.0,100.0,530.9,0.9852216748768474,98.43923486285445,98.43923486285445
fg:6153,2023,3,5510.0,0.8211624441132638,99.99999999999999,100.0,408.7,0.9823182711198428,93.71591409023277,93.71591409023277
fg:6184,2019,1,3285.0,0.7324414715719063,100.00000000000001,100.0,528.5,0.9910802775024778,127.1000304403826,127.1000304403826
fg:6184,2020,2,3813.0,0.760622381807301,100.0,100.0,384.2,0.9881422924901185,113.10750305073302,113.10750305073302
fg:6184,2021,3,6089.0,0.835368363287145,100.00000000000001,100.0,540.7,0.9852216748768474,116.97826518603198,116.97826518603198
fg:6184,2022,3,6227.0,0.8384273596337687,100.0,100.0,561.4,0.9823182711198428,112.30493620620165,112.30493620620165
fg:6184,2023,3,6681.0,0.8477350590026647,100.0,100.0,499.1,0.9794319294809012,119.75777251161561,119.75777251161561
fg:6184,2024,3,6179.0,0.8373763382572165,100.0,100.0,495.4,0.9765625,112.91308838772382,112.91308838772382
fg:6195,2019,1,1405.0,0.5393474088291746,100.0,100.0,340.5,0.9737098344693282,82.15208008026005,82.15208008026005
fg:6249,2019,1,15.0,0.012345679012345678,100.0,100.0,201.5,0.9910802775024778,98.83200641892272,98.83200641892272
fg:6249,2021,2,54.0,0.0430622009569378,100.0,100.0,204.5,0.9852216748768474,93.16824416367189,93.16824416367189
fg:6310,2021,1,1745.0,0.5925297113752123,100.0,100.0,374.5,0.9823182711198428,99.12129955757317,99.12129955757317
fg:6310,2022,2,2051.0,0.6308828052906797,100.0,100.0,300.4,0.9794319294809012,89.3184284107945,89.3184284107945
fg:6345,2019,1,205.0,0.14590747330960854,100.0,100.0,220.5,0.9940357852882704,82.37578855385655,82.37578855385655
fg:6368,2019,1,2640.0,0.6875,100.00000000000001,100.0,464.0,0.9852216748768474,89.44487730119917,89.44487730119917
fg:6397,2019,1,15.0,0.012345679012345678,100.0,100.0,201.5,0.9970089730807579,97.23914675725909,97.23914675725909
fg:6397,2021,2,14.0,0.011532125205930808,100.00000000000001,100.0,200.5,0.9910802775024778,96.82217538039036,96.82217538039036
fg:6448,2019,1,25.0,0.02040816326530612,100.0,100.0,202.5,0.9823182711198428,94.22236478088288,94.22236478088288
fg:6483,2019,1,10.0,0.008264462809917356,100.0,100.0,201.0,0.9852216748768474,96.89370190937589,96.89370190937589
fg:6547,2019,1,1355.0,0.5303326810176126,100.0,100.0,335.5,0.9881422924901185,95.83938971244409,95.83938971244409
fg:6547,2020,2,1194.0,0.49874686716791977,99.99999999999999,100.0,238.1,0.9852216748768474,93.14824405158411,93.14824405158411
fg:6547,2021,3,1536.0,0.5614035087719298,100.0,100.0,265.7,0.9823182711198428,90.46872583728067,90.46872583728067
fg:6562,2021,1,5.0,0.004149377593360996,99.99999999999999,100.0,200.5,0.9852216748768474,97.70455613923922,97.70455613923922
fg:6564,2019,1,235.0,0.16376306620209058,100.0,100.0,223.5,0.9765625,74.97600631143227,74.97600631143227
fg:6576,2021,1,20.0,0.01639344262295082,99.99999999999999,100.0,202.0,0.9910802775024778,95.85858421745276,95.85858421745276
fg:6589,2019,1,695.0,0.36675461741424803,100.0,100.0,269.5,0.9823182711198428,95.92356396618382,95.92356396618382
fg:6589,2020,2,621.0,0.34102141680395387,100.0,100.0,220.4,0.9794319294809012,91.82151175218227,91.82151175218227
fg:6609,2019,1,2945.0,0.7104945717732207,100.00000000000001,100.0,494.5,0.9970089730807579,92.09295321031414,92.09295321031414
fg:6609,2020,2,3151.0,0.7242013330268904,100.0,100.0,338.4,0.9940357852882704,91.16255975158087,91.16255975158087
fg:6609,2021,3,4373.0,0.7846761169926431,99.99999999999997,100.0,412.9,0.9910802775024778,90.81354281420451,90.81354281420451
fg:6627,2019,1,25.0,0.02040816326530612,100.0,100.0,202.5,0.9852216748768474,97.06174527004748,97.06174527004748
fg:6632,2021,1,95.0,0.07335907335907337,100.0,100.0,209.5,0.9823182711198428,83.81943548937654,83.81943548937654
fg:6655,2021,1,5.0,0.004149377593360996,99.99999999999999,100.0,200.5,0.9852216748768474,97.70455613923922,97.70455613923922
fg:6677,2019,1,285.0,0.1919191919191919,100.0,100.0,228.5,0.9881422924901185,93.0105724034056,93.0105724034056
fg:6797,2019,1,300.0,0.2,100.0,100.0,230.0,1.0,69.77579618894096,69.77579618894096
fg:6848,2019,1,870.0,0.42028985507246375,100.0,100.0,287.0,0.9881422924901185,71.92120106169824,71.92120106169824
fg:6848,2020,2,706.0,0.3704092339979014,100.0,100.0,218.4,0.9852216748768474,75.66506851417036,75.66506851417036
fg:6876,2019,1,155.0,0.11439114391143912,99.99999999999999,100.0,215.5,0.9852216748768474,90.3838497879661,90.3838497879661
fg:6885,2019,1,2410.0,0.667590027700831,100.0,100.0,441.0,0.9852216748768474,90.41336684268717,90.41336684268717
fg:6887,2019,1,1870.0,0.6091205211726385,100.0,100.0,387.0,0.9881422924901185,84.13566020960216,84.13566020960216
fg:6887,2020,2,2321.0,0.6591877307583073,100.0,100.0,319.9,0.9852216748768474,89.91296040352184,89.91296040352184
fg:6887,2021,3,3912.0,0.7652582159624414,100.0,100.0,429.5,0.9823182711198428,78.0599748305361,78.0599748305361
fg:6887,2022,3,4094.0,0.7733282961843596,100.0,100.0,432.1,0.9794319294809012,76.18114685689349,76.18114685689349
fg:6887,2023,3,4829.0,0.8009620169182285,99.99999999999999,100.0,441.4,0.9765625,71.28842655883108,71.28842655883108
fg:6887,2024,3,3500.0,0.7446808510638298,100.0,100.0,314.2,0.9737098344693282,65.52669298530735,65.52669298530735
fg:6887,2025,3,2614.0,0.6853696906135291,100.0,100.0,295.2,0.970873786407767,65.25339614756568,65.25339614756568
fg:6893,2019,1,20.0,0.01639344262295082,100.0,100.0,202.0,0.9852216748768474,95.29193248808852,95.29193248808852
fg:6893,2021,2,197.0,0.14101646385110952,100.00000000000001,100.0,218.5,0.9794319294809012,79.71389461934443,79.71389461934443
fg:6895,2019,1,220.0,0.15492957746478872,100.0,100.0,222.0,0.9910802775024778,78.53322133891254,78.53322133891254
fg:6895,2021,2,202.0,0.14407988587731813,100.0,100.0,207.0,0.9852216748768474,76.2545394840448,76.2545394840448
fg:6902,2019,1,15.0,0.012345679012345678,100.0,100.0,201.5,1.0,97.53086419753086,97.53086419753086
fg:6902,2021,2,24.0,0.0196078431372549,100.0,100.0,201.5,0.9940357852882704,95.50539897867696,95.50539897867696
fg:6938,2021,1,60.0,0.047619047619047616,100.0,100.0,206.0,0.9823182711198428,97.20509620115786,97.20509620115786
fg:7007,2019,1,2260.0,0.653179190751445,100.0,100.0,426.0,0.9765625,90.18817808721394,90.18817808721394
fg:7007,2020,2,2588.0,0.6832101372756072,100.0,100.0,323.2,0.9737098344693282,88.50921449011202,88.50921449011202
fg:7007,2021,3,4345.0,0.7835888187556357,99.99999999999997,100.0,452.1,0.970873786407767,84.7415935702127,84.7415935702127
fg:7007,2022,3,3710.0,0.7556008146639511,100.0,100.0,382.3,0.9680542110358181,74.75296248934511,74.75296248934511
fg:7087,2019,1,205.0,0.14590747330960854,100.0,100.0,220.5,0.9852216748768474,88.90354623596053,88.90354623596053
fg:7087,2020,2,209.0,0.1483321504613201,99.99999999999999,100.0,208.6,0.9823182711198428,90.03675731654766,90.03675731654766
fg:7115,2021,1,5.0,0.004149377593360996,99.99999999999999,100.0,200.5,0.9765625,99.06559854069891,99.06559854069891
fg:7168,2019,1,90.0,0.06976744186046512,100.0,100.0,209.0,0.9970089730807579,94.25078349085659,94.25078349085659
fg:7185,2019,1,1835.0,0.6046128500823723,100.0,100.0,383.5,0.9881422924901185,83.77140487646207,83.77140487646207
fg:7185,2020,2,1658.0,0.5801259622113366,100.0,100.0,255.7,0.9852216748768474,80.88103569274841,80.88103569274841
fg:7216,2019,1,735.0,0.3798449612403101,100.0,100.0,273.5,1.0,101.04446801948052,101.04446801948052
fg:7216,2020,2,643.0,0.34888768312533913,100.0,100.0,220.2,0.9970089730807579,102.18940580973147,102.18940580973147
fg:7226,2020,1,235.0,0.16376306620209058,100.0,100.0,223.5,0.9970089730807579,92.8433475740113,92.8433475740113
fg:7226,2022,2,326.0,0.21363040629095675,100.0,100.0,218.5,0.9910802775024778,89.5992671677961,89.5992671677961
fg:7274,2019,1,5.0,0.004149377593360996,99.99999999999999,100.0,200.5,0.9794319294809012,97.13038636760803,97.13038636760803
fg:7274,2021,2,38.0,0.030694668820678513,100.00000000000001,100.0,203.5,0.9737098344693282,94.42854046978024,94.42854046978024
fg:7287,2019,1,830.0,0.4088669950738916,100.0,100.0,283.0,0.9852216748768474,79.53576811016302,79.53576811016302
fg:7290,2019,1,245.0,0.1695501730103806,100.0,100.0,224.5,0.9881422924901185,86.46544620925647,86.46544620925647
fg:7304,2020,1,780.0,0.3939393939393939,100.0,100.0,278.0,0.9940357852882704,123.1219130015442,123.1219130015442
fg:7304,2021,2,3949.0,0.7669450378714313,100.00000000000001,100.0,548.1,0.9910802775024778,122.40101226688314,122.40101226688314
fg:7304,2022,3,5493.0,0.8207082025997311,100.0,100.0,503.0,0.9881422924901185,115.29835759964175,115.29835759964175
fg:7304,2023,3,6787.0,0.84975585326155,100.0,100.0,537.3,0.9852216748768474,101.77459679182304,101.77459679182304
fg:7304,2024,3,6999.0,0.8536406878887669,100.0,100.0,584.0,0.9823182711198428,102.36810188572335,102.36810188572335
fg:7304,2025,3,7553.0,0.8629041471495488,100.0,100.0,585.7,0.9794319294809012,98.66803741185016,98.66803741185016
fg:7349,2021,1,10.0,0.008264462809917356,100.0,100.0,201.0,0.9765625,96.04209710743801,96.04209710743801
fg:7407,2019,1,25.0,0.02040816326530612,100.0,100.0,202.5,0.9852216748768474,94.50085452900373,94.50085452900373
fg:7407,2021,2,20.0,0.01639344262295082,100.00000000000001,100.0,200.5,0.9794319294809012,94.7319407202839,94.7319407202839
fg:7410,2019,1,20.0,0.01639344262295082,100.0,100.0,202.0,0.9765625,94.45440573770492,94.45440573770492
fg:7410,2021,2,87.0,0.0675990675990676,99.99999999999999,100.0,207.5,0.970873786407767,85.27263450545082,85.27263450545082
fg:7432,2019,1,10.0,0.008264462809917356,100.0,100.0,201.0,0.9910802775024778,97.46987853123542,97.46987853123542
fg:7432,2021,2,11.0,0.009083402146985962,100.0,100.0,200.5,0.9852216748768474,96.73233455231805,96.73233455231805
fg:7435,2019,1,880.0,0.4230769230769231,100.0,100.0,288.0,0.970873786407767,90.2697945926966,90.2697945926966
fg:7448,2019,1,140.0,0.1044776119402985,99.99999999999999,100.0,214.0,0.9852216748768474,80.41618257554028,80.41618257554028
fg:7476,2019,1,1005.0,0.4557823129251701,100.0,100.0,300.5,0.9881422924901185,97.22321819629157,97.22321819629157
fg:7476,2020,2,1114.0,0.4814174589455488,100.00000000000001,100.0,251.1,0.9852216748768474,96.38513278000949,96.38513278000949
fg:7476,2021,3,1406.0,0.5395241749808135,100.0,100.0,261.7,0.9823182711198428,95.2682837451195,95.2682837451195
fg:7539,2019,1,1905.0,0.6135265700483091,100.0,100.0,390.5,0.9852216748768474,98.17270448409487,98.17270448409487
fg:7539,2020,2,1729.0,0.5903038579720041,100.0,100.0,258.6,0.9823182711198428,93.99335880978795,93.99335880978795
fg:7555,2019,1,15.0,0.012345679012345678,100.0,100.0,201.5,0.9881422924901185,96.37437173669056,96.37437173669056
fg:7593,2019,1,240.0,0.16666666666666666,100.0,100.0,224.0,1.0,75.70686751699624,75.70686751699624
fg:7593,2021,2,174.0,0.12663755458515283,100.0,100.0,203.0,0.9940357852882704,79.87788952940635,79.87788952940635
fg:7608,2019,1,10.0,0.008264462809917356,100.0,100.0,201.0,0.9881422924901185,97.18093620357364,97.18093620357364
fg:7619,2019,1,810.0,0.40298507462686567,100.0,100.0,281.0,0.9794319294809012,77.51908510642298,77.51908510642298
fg:7731,2019,1,10.0,0.008264462809917356,100.0,100.0,201.0,0.9881422924901185,97.18093620357364,97.18093620357364
fg:7738,2021,1,10.0,0.008264462809917356,100.0,100.0,201.0,0.9881422924901185,98.97643531643565,98.97643531643565
fg:7739,2019,1,1955.0,0.6196513470681458,100.0,100.0,395.5,0.9940357852882704,99.16438768959937,99.16438768959937
fg:7739,2020,2,2484.0,0.6742671009771987,100.0,100.0,331.1,0.9910802775024778,109.86927170503657,109.86927170503657
fg:7739,2021,3,3054.0,0.7179125528913963,100.0,100.0,332.9,0.9881422924901185,100.56818306692999,100.56818306692999
fg:7739,2022,3,3598.0,0.7498957899124635,100.0,100.0,435.9,0.9852216748768474,108.58960488953875,108.58960488953875
fg:7739,2023,3,3851.0,0.7624232825183132,100.0,100.0,388.6,0.9823182711198428,97.7222581587618,97.7222581587618
fg:7739,2024,3,4151.0,0.7757428518034012,99.99999999999999,100.0,399.7,0.9794319294809012,100.47709390745449,100.47709390745449
fg:7739,2025,3,3395.0,0.7388465723612623,100.0,100.0,349.6,0.9765625,86.93082429372704,86.93082429372704
fg:7802,2019,1,2630.0,0.6866840731070496,100.00000000000001,100.0,463.0,0.9940357852882704,92.58346139155869,92.58346139155869
fg:7802,2020,2,2819.0,0.7014182632495646,100.0,100.0,324.1,0.9910802775024778,100.99476305235612,100.99476305235612
fg:7802,2021,3,4845.0,0.8014888337468983,100.0,100.0,483.8,0.9881422924901185,96.81314889186918,96.81314889186918
fg:7802,2022,3,5120.0,0.810126582278481,100.00000000000001,100.0,507.4,0.9852216748768474,86.10430020348551,86.10430020348551
fg:7802,2023,3,5760.0,0.8275862068965517,100.0,100.0,462.2,0.9823182711198428,77.69207375052682,77.69207375052682
fg:7802,2024,3,4898.0,0.8032141685798623,99.99999999999999,100.0,410.8,0.9794319294809012,83.96962688418712,83.96962688418712
fg:7802,2025,3,4202.0,0.7778600518326546,99.99999999999999,100.0,392.2,0.9765625,92.60835643144517,92.60835643144517
fg:7803,2021,1,5.0,0.004149377593360996,99.99999999999999,100.0,200.5,0.9823182711198428,97.41662522723752,97.41662522723752
fg:7836,2021,1,10.0,0.008264462809917356,100.0,100.0,201.0,0.9881422924901185,97.18093620357364,97.18093620357364
fg:785,2019,1,2495.0,0.6752368064952639,100.0,100.0,449.5,0.9852216748768474,103.26097780431068,103.26097780431068
fg:785,2020,2,2856.0,0.7041420118343196,100.0,100.0,335.9,0.9823182711198428,99.38474123467864,99.38474123467864
fg:785,2021,3,2385.0,0.6652719665271967,100.0,100.0,237.2,0.9794319294809012,93.0802980182411,93.0802980182411
fg:7859,2019,1,3170.0,0.7254004576659039,100.00000000000001,100.0,517.0,0.9881422924901185,117.9332833939909,117.9332833939909
fg:7859,2020,2,3771.0,0.7585998792999397,100.0,100.0,386.9,0.9852216748768474,111.26392108012575,111.26392108012575
fg:7859,2021,3,5800.0,0.8285714285714286,100.0,100.0,515.7,0.9823182711198428,101.98791753009168,101.98791753009168
fg:7859,2022,3,5954.0,0.8322616717920045,100.0,100.0,546.7,0.9794319294809012,91.724794248212,91.724794248212
fg:7859,2023,3,6119.0,0.8360431752971718,100.0,100.0,464.2,0.9765625,94.8631220373365,94.8631220373365
fg:7859,2024,3,5878.0,0.8304605820853348,100.0,100.0,490.8,0.9737098344693282,94.32363449745208,94.32363449745208
fg:7870,2019,1,1640.0,0.5774647887323944,100.0,100.0,364.0,0.9852216748768474,83.79381765486697,83.79381765486697
fg:7870,2021,2,1099.0,0.47803392779469334,100.0,100.0,211.5,0.9794319294809012,87.99923652152937,87.99923652152937
fg:7882,2021,1,5.0,0.004149377593360996,99.99999999999999,100.0,200.5,0.9823182711198428,97.41662522723752,97.41662522723752
fg:7888,2019,1,110.0,0.08396946564885496,100.0,100.0,211.0,0.9881422924901185,89.52480734543319,89.52480734543319
fg:7927,2019,1,2210.0,0.6480938416422287,100.0,100.0,421.0,0.9852216748768474,108.36554377759194,108.36554377759194
fg:7927,2020,2,2408.0,0.6674057649667405,100.0,100.0,308.2,0.9823182711198428,97.77125449366282,97.77125449366282
fg:7927,2021,3,2738.0,0.6952767902488572,99.99999999999999,100.0,302.8,0.9794319294809012,88.42948257011156,88.42948257011156
fg:7949,2019,1,1640.0,0.5774647887323944,100.0,100.0,364.0,0.9970089730807579,99.3251094063921,99.3251094063921
fg:7949,2022,1,125.0,0.09433962264150944,100.0,100.0,212.5,0.9881422924901185,83.27189741173953,83.27189741173953
fg:7996,2019,1,1865.0,0.6084828711256117,100.0,100.0,386.5,0.9940357852882704,100.3221892660221,100.3221892660221
fg:7996,2020,2,1982.0,0.6228786926461345,100.0,100.0,286.3,0.9910802775024778,93.38187849497162,93.38187849497162
fg:8001,2019,1,285.0,0.1919191919191919,100.0,100.0,228.5,0.9794319294809012,92.22254863233533,92.22254863233533
fg:8004,2019,1,5.0,0.004149377593360996,99.99999999999999,100.0,200.5,0.9940357852882704,98.5786525659322,98.5786525659322
fg:8044,2019,1,225.0,0.15789473684210525,100.0,100.0,222.5,0.9765625,71.86366500377643,71.86366500377643
fg:8048,2019,1,10.0,0.008264462809917356,100.0,100.0,201.0,0.9970089730807579,102.6583061786185,102.6583061786185
fg:8090,2019,1,2460.0,0.6721311475409836,100.0,100.0,446.0,0.9852216748768474,96.07730289564668,96.07730289564668
fg:8090,2020,2,2813.0,0.700971841515076,100.0,100.0,333.7,0.9823182711198428,93.2684669198997,93.2684669198997
fg:8090,2021,3,3397.0,0.738960191429193,99.99999999999999,100.0,341.4,0.9794319294809012,86.06061538154783,86.06061538154783
fg:8090,2022,3,2273.0,0.6544773970630579,100.0,100.0,301.9,0.9765625,111.5218749305942,111.5218749305942
fg:8090,2023,3,2548.0,0.67982924226254,100.0,100.0,333.9,0.9737098344693282,105.06730471253583,105.06730471253583
fg:8090,2024,3,2195.0,0.646539027982327,100.0,100.0,302.2,0.970873786407767,107.30532623839194,107.30532623839194
fg:8202,2019,1,735.0,0.3798449612403101,100.0,100.0,273.5,0.9910802775024778,69.92071422460536,69.92071422460536
fg:8202,2020,2,1043.0,0.4650022291573785,100.00000000000001,100.0,260.2,0.9881422924901185,80.28051696275925,80.28051696275925
fg:8202,2021,3,3595.0,0.7497393117831074,100.00000000000001,100.0,488.1,0.9852216748768474,94.48895270188316,94.48895270188316
fg:8202,2022,3,4630.0,0.7941680960548885,100.00000000000001,100.0,468.3,0.9823182711198428,99.25167287534212,99.25167287534212
fg:8202,2023,3,3944.0,0.7667185069984448,99.99999999999999,100.0,299.5,0.9794319294809012,93.03982763138742,93.03982763138742
fg:8203,2019,1,2105.0,0.6369137670196672,100.0,100.0,410.5,0.9910802775024778,84.7943579760898,84.7943579760898
fg:8203,2020,2,2094.0,0.6357012750455373,100.0,100.0,283.1,0.9881422924901185,80.29289522829545,80.29289522829545
fg:8203,2022,2,541.0,0.31074095347501435,100.0,100.0,229.5,0.9823182711198428,87.70713267960873,87.70713267960873
fg:8223,2019,1,40.0,0.03225806451612903,100.0,100.0,204.0,0.9910802775024778,101.65785718137779,101.65785718137779
fg:8223,2021,2,194.0,0.13916786226685796,100.00000000000001,100.0,217.0,0.9852216748768474,81.48283362016072,81.48283362016072
fg:8241,2022,1,5.0,0.004149377593360996,99.99999999999999,100.0,200.5,0.9737098344693282,96.56292549301635,96.56292549301635
fg:8246,2021,1,165.0,0.12087912087912088,100.00000000000001,100.0,216.5,0.9823182711198428,84.67062862959799,84.67062862959799
fg:8252,2019,1,1580.0,0.5683453237410072,100.0,100.0,358.0,0.9765625,113.19667470327026,113.19667470327026
fg:8252,2020,2,1544.0,0.5626822157434402,100.00000000000001,100.0,259.6,0.9737098344693282,100.847467221246,100.847467221246
fg:8259,2019,1,1545.0,0.5628415300546448,100.0,100.0,354.5,0.9794319294809012,100.80906856658866,100.80906856658866
fg:8259,2020,2,1881.0,0.6105160662122687,100.00000000000001,100.0,295.4,0.9765625,100.06542277805679,100.06542277805679
fg:8259,2021,3,2678.0,0.6905621454357916,100.0,100.0,336.4,0.9737098344693282,91.01043600170054,91.01043600170054
fg:8259,2022,3,2170.0,0.6439169139465876,100.0,100.0,304.2,0.970873786407767,81.0176009494508,81.0176009494508
fg:8267,2019,1,820.0,0.40594059405940597,100.0,100.0,282.0,0.9765625,86.37619513449901,86.37619513449901
fg:8362,2019,1,25.0,0.02040816326530612,100.0,100.0,202.5,0.9852216748768474,99.00080208748473,99.00080208748473
fg:8370,2019,1,105.0,0.08045977011494253,100.0,100.0,210.5,0.9794319294809012,86.56739540687559,86.56739540687559
fg:8392,2019,1,970.0,0.4470046082949309,100.0,100.0,297.0,0.9881422924901185,72.59281610804798,72.59281610804798
fg:8418,2019,1,1180.0,0.4957983193277311,100.0,100.0,318.0,0.9970089730807579,100.89724312084402,100.89724312084402
fg:8418,2020,2,1449.0,0.5469988674971688,100.00000000000001,100.0,274.1,0.9940357852882704,92.66835873892607,92.66835873892607
fg:8418,2021,3,2157.0,0.6425379803395889,100.0,100.0,314.6,0.9910802775024778,93.35384376053102,93.35384376053102
fg:8418,2022,3,1689.0,0.5846313603322949,100.0,100.0,275.9,0.9881422924901185,81.88755420106607,81.88755420106607
fg:8418,2023,3,1122.0,0.48320413436692505,100.0,100.0,216.5,0.9852216748768474,81.89755443533309,81.89755443533309
fg:8418,2024,3,514.0,0.2998833138856476,100.0,100.0,215.1,0.9823182711198428,79.75388081179237,79.75388081179237
fg:8553,2019,1,1505.0,0.55637707948244,100.0,100.0,350.5,0.9881422924901185,84.69692656377208,84.69692656377208
fg:8553,2021,2,1438.0,0.5451099317664898,100.0,100.0,253.5,0.9823182711198428,84.37366677729021,84.37366677729021
fg:8609,2019,1,415.0,0.25696594427244585,100.00000000000001,100.0,241.5,0.9910802775024778,81.91685614687103,81.91685614687103
fg:8610,2019,1,1005.0,0.4557823129251701,100.0,100.0,300.5,0.9765625,81.14601930161137,81.14601930161137
fg:8623,2019,1,1140.0,0.48717948717948717,100.0,100.0,314.0,0.9910802775024778,106.66833025901646,106.66833025901646
fg:8623,2020,2,1927.0,0.6162456028141989,100.0,100.0,324.3,0.9881422924901185,111.38625197808845,111.38625197808845
fg:8623,2021,3,3216.0,0.7282608695652174,100.0,100.0,392.3,0.9852216748768474,107.53643394997663,107.53643394997663
fg:8623,2022,3,3505.0,0.7449521785334751,100.0,100.0,386.4,0.9823182711198428,102.58535039795356,102.58535039795356
fg:8623,2023,3,4498.0,0.7893997893997894,99.99999999999999,100.0,455.4,0.9794319294809012,104.18706928315991,104.18706928315991
fg:8623,2024,3,4257.0,0.7800989554700385,100.00000000000001,100.0,399.5,0.9765625,106.84400837041977,106.84400837041977
fg:8623,2025,3,3481.0,0.7436445204016235,99.99999999999999,100.0,320.4,0.9737098344693282,102.4472303034095,102.4472303034095
fg:8700,2019,1,10.0,0.008264462809917356,100.0,100.0,201.0,0.9765625,96.04209710743801,96.04209710743801
fg:8709,2019,1,3240.0,0.7297297297297297,100.00000000000001,100.0,524.0,0.9940357852882704,81.87149270198262,81.87149270198262
fg:8709,2020,2,3147.0,0.7239475500345065,100.0,100.0,320.3,0.9910802775024778,79.41840014037177,79.41840014037177
fg:8709,2021,3,5093.0,0.8093119338948037,100.0,100.0,481.6,0.9881422924901185,77.08229854326827,77.08229854326827
fg:8709,2022,3,5382.0,0.8176845943482224,100.0,100.0,542.6,0.9852216748768474,89.4416625346489,89.4416625346489
fg:8709,2023,3,5961.0,0.8324256388772517,100.0,100.0,460.7,0.9823182711198428,88.45979186386418,88.45979186386418
fg:8722,2019,1,1375.0,0.5339805825242718,100.0,100.0,337.5,0.9881422924901185,100.62004880395824,100.62004880395824
fg:8722,2020,2,1560.0,0.5652173913043478,100.00000000000001,100.0,273.5,0.9852216748768474,97.1607595379655,97.1607595379655
fg:8722,2021,3,2088.0,0.635036496350365,100.0,100.0,298.7,0.9823182711198428,103.09909458655017,103.09909458655017
fg:8722,2022,3,1432.0,0.5440729483282675,100.0,100.0,261.9,0.9794319294809012,87.92014627538016,87.92014627538016
fg:8753,2019,1,170.0,0.12408759124087591,100.0,100.0,217.0,0.9881422924901185,86.00223483030811,86.00223483030811
fg:8779,2019,1,30.0,0.024390243902439025,100.0,100.0,203.0,0.9881422924901185,95.86599619451209,95.86599619451209
fg:8779,2021,2,313.0,0.20687376074025116,100.0,100.0,229.5,0.9823182711198428,81.92049382451742,81.92049382451742
fg:8782,2019,1,15.0,0.012345679012345678,100.0,100.0,201.5,0.9881422924901185,96.37437173669056,96.37437173669056
fg:8823,2019,1,5.0,0.004149377593360996,99.99999999999999,100.0,200.5,0.9881422924901185,100.35293383609672,100.35293383609672
fg:8879,2019,1,95.0,0.07335907335907337,100.0,100.0,209.5,0.9910802775024778,102.92595439047027,102.92595439047027
fg:8879,2020,2,131.0,0.09842223891810668,99.99999999999999,100.0,207.4,0.9881422924901185,101.85718510469256,101.85718510469256
fg:8879,2021,3,251.0,0.1729841488628532,99.99999999999999,100.0,216.1,0.9852216748768474,97.89665144642595,97.89665144642595
fg:9015,2019,1,1200.0,0.5,100.0,100.0,320.0,0.9881422924901185,82.60017782771695,82.60017782771695
fg:9054,2019,1,2500.0,0.6756756756756757,100.0,100.0,450.0,0.9881422924901185,99.86766797507765,99.86766797507765
fg:9054,2020,2,2660.0,0.689119170984456,100.0,100.0,316.0,0.9852216748768474,93.04030068965052,93.04030068965052
fg:9077,2019,1,3115.0,0.7219003476245655,100.00000000000001,100.0,511.5,0.9852216748768474,86.28244277275365,86.28244277275365
fg:9077,2020,2,2597.0,0.6839610218593627,100.0,100.0,272.8,0.9823182711198428,87.67956801559289,87.67956801559289
fg:9077,2021,3,3383.0,0.73816277547458,99.99999999999999,100.0,345.1,0.9794319294809012,90.79431930009818,90.79431930009818
fg:9077,2022,3,1987.0,0.6234703482899279,100.0,100.0,306.6,0.9765625,80.95263142959892,80.95263142959892
fg:9112,2019,1,2665.0,0.6895213454075032,100.00000000000001,100.0,466.5,0.9910802775024778,86.19266445232206,86.19266445232206
fg:9112,2020,2,2627.0,0.6864384635484714,100.0,100.0,302.8,0.9881422924901185,86.21207243950904,86.21207243950904
fg:9112,2021,3,2565.0,0.6812749003984063,100.0,100.0,266.9,0.9852216748768474,84.90808823280894,84.90808823280894
fg:9132,2019,1,10.0,0.008264462809917356,100.0,100.0,201.0,0.9970089730807579,98.05294859223982,98.05294859223982
fg:9132,2021,2,21.0,0.0171990171990172,100.0,100.0,201.5,0.9910802775024778,97.3574987680925,97.3574987680925
fg:9134,2019,1,1550.0,0.5636363636363636,100.0,100.0,355.0,0.9852216748768474,91.18119495135595,91.18119495135595
fg:9134,2020,2,1640.0,0.5774647887323944,100.00000000000001,100.0,271.0,0.9823182711198428,90.54321088597756,90.54321088597756
fg:9149,2019,1,50.0,0.04,100.0,100.0,205.0,0.9970089730807579,96.32824614264871,96.32824614264871
fg:9166,2019,1,2225.0,0.6496350364963503,100.0,100.0,422.5,0.9881422924901185,88.71813523159533,88.71813523159533
fg:9166,2021,2,3605.0,0.7502601456815817,99.99999999999999,100.0,427.0,0.9823182711198428,112.88164685017937,112.88164685017937
fg:9205,2019,1,190.0,0.1366906474820144,100.0,100.0,219.0,0.9910802775024778,94.81437421385702,94.81437421385702
fg:9205,2020,2,292.0,0.19571045576407506,100.0,100.0,217.8,0.9881422924901185,89.44711035749616,89.44711035749616
fg:9218,2019,1,3410.0,0.7396963123644251,100.00000000000001,100.0,541.0,0.9910802775024778,111.24805074126311,111.24805074126311
fg:9218,2020,2,3883.0,0.7639189455046232,100.0,100.0,383.7,0.9881422924901185,118.06487198214185,118.06487198214185
fg:9218,2021,3,6365.0,0.8413747521480502,100.00000000000001,100.0,562.6,0.9852216748768474,124.42532232317943,124.42532232317943
fg:9218,2022,3,6664.0,0.8474059003051883,100.00000000000001,100.0,593.4,0.9823182711198428,145.1240392509044,145.1240392509044
fg:9218,2023,3,8076.0,0.8706338939197931,100.0,100.0,608.6,0.9794319294809012,134.43077065107732,134.43077065107732
fg:9218,2024,3,7971.0,0.8691527641478574,100.00000000000001,100.0,595.7,0.9765625,119.82589193520465,119.82589193520465
fg:9218,2025,3,7347.0,0.8595998595998596,100.0,100.0,532.4,0.9737098344693282,103.61580533193559,103.61580533193559
fg:9241,2019,1,2930.0,0.7094430992736077,100.00000000000001,100.0,493.0,0.9940357852882704,112.1292007820509,112.1292007820509
fg:9241,2020,2,3594.0,0.7496871088861077,100.0,100.0,383.6,0.9910802775024778,109.88166271173158,109.88166271173158
fg:9241,2021,3,5388.0,0.8178506375227687,100.0,100.0,488.0,0.9881422924901185,117.36221103466906,117.36221103466906
fg:9241,2022,3,5379.0,0.8176014591883265,100.0,100.0,505.1,0.9852216748768474,122.07889275849335,122.07889275849335
fg:9241,2023,3,5303.0,0.8154697831769953,99.99999999999999,100.0,421.0,0.9823182711198428,109.52337392245329,109.52337392245329
fg:9241,2024,3,4729.0,0.7976049924101872,99.99999999999997,100.0,419.1,0.9794319294809012,101.61765415498819,101.61765415498819
fg:9241,2025,3,4148.0,0.7756170531039641,100.00000000000001,100.0,401.5,0.9765625,97.55086713031167,97.55086713031167
fg:9253,2019,1,1140.0,0.48717948717948717,100.0,100.0,314.0,0.9970089730807579,69.84998522682505,69.84998522682505
fg:9256,2019,1,1710.0,0.5876288659793815,100.0,100.0,371.0,0.9910802775024778,103.0304643823201,103.0304643823201
fg:9256,2020,2,2418.0,0.6683250414593698,100.0,100.0,339.2,0.9881422924901185,109.87927522459049,109.87927522459049
fg:9256,2021,3,3976.0,0.768160741885626,100.0,100.0,432.0,0.9852216748768474,119.4087253466563,119.4087253466563
fg:9256,2022,3,4953.0,0.8049731838127743,100.00000000000001,100.0,505.7,0.9823182711198428,107.8451377664701,107.8451377664701
fg:9256,2023,3,4094.0,0.7733282961843596,100.0,100.0,324.7,0.9794319294809012,96.26068382319275,96.26068382319275
fg:9272,2019,1,1760.0,0.5945945945945946,100.0,100.0,376.0,0.9852216748768474,73.74781777738968,73.74781777738968
fg:9272,2020,2,1683.0,0.5837669094693028,100.0,100.0,262.7,0.9823182711198428,67.27399827233235,67.27399827233235
fg:9284,2019,1,470.0,0.281437125748503,100.0,100.0,247.0,0.9910802775024778,86.20182518089999,86.20182518089999
fg:9308,2019,1,1710.0,0.5876288659793815,100.0,100.0,371.0,0.9910802775024778,88.95721076827392,88.95721076827392
fg:9308,2020,2,1458.0,0.5485327313769752,99.99999999999999,100.0,243.2,0.9881422924901185,87.04065681971169,87.04065681971169
fg:9323,2019,1,360.0,0.23076923076923078,100.00000000000001,100.0,236.0,0.9970089730807579,67.02746344089992,67.02746344089992
fg:9323,2021,2,531.0,0.30675909878682844,100.0,100.0,231.5,0.9910802775024778,60.998314854731035,60.998314854731035
fg:9325,2019,1,10.0,0.008264462809917356,100.0,100.0,201.0,0.9852216748768474,96.89370190937589,96.89370190937589
fg:9345,2019,1,1475.0,0.5514018691588785,100.0,100.0,347.5,0.9910802775024778,100.48837999131294,100.48837999131294
fg:9345,2020,2,1710.0,0.5876288659793815,100.00000000000001,100.0,282.5,0.9881422924901185,91.46708453314262,91.46708453314262
fg:9345,2021,3,2609.0,0.6849566815437123,100.0,100.0,340.6,0.9852216748768474,80.97489528035673,80.97489528035673
fg:9368,2019,1,2540.0,0.679144385026738,100.0,100.0,454.0,0.9852216748768474,98.6952614586335,98.6952614586335
fg:9368,2020,2,3077.0,0.7194295066635492,100.0,100.0,355.3,0.9823182711198428,96.56726736464528,96.56726736464528
fg:9368,2021,3,3815.0,0.7607178464606181,99.99999999999999,100.0,366.4,0.9794319294809012,103.4261289187812,103.4261289187812
fg:9368,2022,3,3281.0,0.7322026333407722,100.0,100.0,378.1,0.9765625,107.3564532080685,107.3564532080685
fg:9368,2023,3,3250.0,0.7303370786516854,100.0,100.0,348.3,0.9737098344693282,103.34446181303652,103.34446181303652
fg:9388,2019,1,30.0,0.024390243902439025,100.0,100.0,203.0,0.9823182711198428,93.44003066749724,93.44003066749724
fg:9388,2021,2,43.0,0.03459372485921158,100.00000000000001,100.0,202.5,0.9765625,95.70782209029889,95.70782209029889
fg:9393,2019,1,1665.0,0.581151832460733,100.0,100.0,366.5,0.9940357852882704,90.78813917679558,90.78813917679558
fg:9393,2020,2,1587.0,0.5694294940796556,100.0,100.0,258.8,0.9910802775024778,86.95105107708375,86.95105107708375
fg:9393,2021,3,1403.0,0.5389934690741452,100.0,100.0,225.1,0.9881422924901185,81.59720669082334,81.59720669082334
fg:9433,2019,1,505.0,0.2961876832844575,100.0,100.0,250.5,0.9910802775024778,100.63398471463019,100.63398471463019
fg:9433,2020,2,634.0,0.3456924754634678,100.0,100.0,233.1,0.9881422924901185,94.82822998820659,94.82822998820659
fg:9433,2021,3,827.0,0.4079921065614208,100.0,100.0,238.6,0.9852216748768474,97.70128221515067,97.70128221515067
fg:9433,2022,3,465.0,0.27927927927927926,100.0,100.0,212.3,0.9823182711198428,97.64498711095891,97.64498711095891
fg:9434,2019,1,205.0,0.14590747330960854,100.0,100.0,220.5,0.9910802775024778,80.92315402843833,80.92315402843833
fg:9434,2021,2,133.0,0.09977494373593399,100.0,100.0,201.0,0.9852216748768474,85.61168579010808,85.61168579010808
fg:9490,2019,1,5.0,0.004149377593360996,99.99999999999999,100.0,200.5,0.9910802775024778,98.28555449090962,98.28555449090962
fg:9549,2019,1,930.0,0.43661971830985913,100.0,100.0,293.0,0.9765625,123.58078779567536,123.58078779567536
fg:9627,2019,1,1790.0,0.5986622073578596,100.0,100.0,379.0,0.9910802775024778,87.10166361901253,87.10166361901253
fg:9627,2020,2,2027.0,0.628137589092036,100.0,100.0,295.3,0.9881422924901185,90.9052290149286,90.9052290149286
fg:9627,2021,3,3425.0,0.7405405405405405,100.0,100.0,399.4,0.9852216748768474,91.94769323973931,91.94769323973931
fg:9627,2022,3,3322.0,0.7346306943830163,100.0,100.0,384.0,0.9823182711198428,88.71413906623135,88.71413906623135
fg:9627,2023,3,4392.0,0.7854077253218884,99.99999999999999,100.0,438.8,0.9794319294809012,90.14385827373646,90.14385827373646
fg:9627,2024,3,3035.0,0.7166469893742621,100.0,100.0,289.9,0.9765625,81.69184597360204,81.69184597360204
fg:9744,2019,1,850.0,0.4146341463414634,100.0,100.0,285.0,0.9910802775024778,83.43068938240496,83.43068938240496
fg:9761,2019,1,15.0,0.012345679012345678,100.0,100.0,201.5,0.9910802775024778,96.66091595394536,96.66091595394536
fg:9761,2021,2,24.0,0.0196078431372549,100.0,100.0,201.5,0.9852216748768474,94.65855307640298,94.65855307640298
fg:9774,2019,1,2605.0,0.6846254927726675,100.0,100.0,460.5,1.0,101.03965039536098,101.03965039536098
fg:9774,2020,2,3029.0,0.7162449751714354,100.0,100.0,346.6,0.9970089730807579,103.52719432813953,103.52719432813953
fg:9774,2021,3,4809.0,0.8002995506739891,99.99999999999999,100.0,467.9,0.9940357852882704,91.60869088270775,91.60869088270775
fg:9774,2022,3,4689.0,0.7962302598064187,100.00000000000001,100.0,462.8,0.9910802775024778,92.08290984156295,92.08290984156295
fg:9774,2023,3,4973.0,0.805605054268589,99.99999999999999,100.0,420.1,0.9881422924901185,82.43347081108817,82.43347081108817
fg:9774,2024,3,4273.0,0.7807418234971679,99.99999999999999,100.0,393.0,0.9852216748768474,77.38253498491012,77.38253498491012
fg:9774,2025,3,3395.0,0.7388465723612623,100.0,100.0,338.5,0.9823182711198428,68.55216005394462,68.55216005394462
fg:9776,2019,1,2555.0,0.6804260985352862,100.0,100.0,455.5,0.9881422924901185,89.06612809723937,89.06612809723937
fg:9776,2020,2,2719.0,0.6937994386323042,100.0,100.0,318.6,0.9852216748768474,91.58701310598823,91.58701310598823
fg:9777,2019,1,3310.0,0.7339246119733924,100.00000000000001,100.0,531.0,1.0,121.67465676844283,121.67465676844283
fg:9777,2020,2,3653.0,0.752730269936122,100.0,100.0,366.7,0.9970089730807579,110.84005791773146,110.84005791773146
fg:9777,2021,3,6055.0,0.8345968297725707,100.0,100.0,546.6,0.9940357852882704,109.97407246673724,109.97407246673724
fg:9777,2022,3,6315.0,0.8403193612774451,100.0,100.0,575.3,0.9910802775024778,121.31630959970822,121.31630959970822
fg:9777,2023,3,7499.0,0.8620531095528222,100.0,100.0,568.0,0.9881422924901185,117.60861978032028,117.60861978032028
fg:9777,2024,3,7483.0,0.8617989174248532,100.0,100.0,578.7,0.9852216748768474,111.73639198412296,111.73639198412296
fg:9777,2025,3,6556.0,0.8452810727178959,100.0,100.0,481.5,0.9823182711198428,96.24411767549248,96.24411767549248
fg:9784,2019,1,15.0,0.012345679012345678,100.0,100.0,201.5,0.9910802775024778,96.66091595394536,96.66091595394536
fg:9784,2021,2,34.0,0.027552674230145867,100.00000000000001,100.0,202.5,0.9852216748768474,96.05161472068069,96.05161472068069
fg:9785,2019,1,2215.0,0.6486090775988287,100.0,100.0,421.5,0.9910802775024778,105.93898272078094,105.93898272078094
fg:9785,2020,2,3012.0,0.7150997150997151,100.0,100.0,368.3,0.9881422924901185,108.74928236370195,108.74928236370195
fg:9785,2021,3,5671.0,0.8253529326153398,100.00000000000001,100.0,559.8,0.9852216748768474,102.51376846924708,102.51376846924708
fg:9787,2019,1,50.0,0.04,100.0,100.0,205.0,1.0,96.94424020570756,96.94424020570756
fg:9794,2021,1,10.0,0.008264462809917356,100.0,100.0,201.0,0.9852216748768474,96.89370190937589,96.89370190937589
fg:9803,2019,1,310.0,0.2052980132450331,100.0,100.0,231.0,0.9940357852882704,73.10993982623266,73.10993982623266
fg:9803,2021,2,261.0,0.17864476386036962,100.0,100.0,207.5,0.9881422924901185,74.64959306101221,74.64959306101221
fg:9807,2019,1,815.0,0.4044665012406948,100.0,100.0,281.5,0.9910802775024778,92.72593348923664,92.72593348923664
fg:9807,2020,2,702.0,0.36908517350157727,100.0,100.0,221.3,0.9881422924901185,89.00902977749253,89.00902977749253
fg:9810,2019,1,2410.0,0.667590027700831,100.0,100.0,441.0,0.9881422924901185,98.90059417377124,98.90059417377124
fg:9810,2020,2,2008.0,0.6259351620947631,99.99999999999999,100.0,256.2,0.9852216748768474,96.02779615193458,96.02779615193458
fg:9847,2019,1,1310.0,0.5219123505976095,100.0,100.0,331.0,0.9881422924901185,108.91846238015583,108.91846238015583
fg:9847,2020,2,2253.0,0.6524761077324066,100.0,100.0,346.7,0.9852216748768474,105.14432546944842,105.14432546944842
fg:9847,2021,3,4620.0,0.7938144329896907,100.00000000000003,100.0,511.1,0.9823182711198428,105.0371135358458,105.0371135358458
fg:9847,2022,3,5919.0,0.8314369995785925,100.0,100.0,547.4,0.9794319294809012,99.93821578126186,99.93821578126186
fg:9847,2023,3,6407.0,0.8422505586959379,100.0,100.0,494.5,0.9765625,103.3804709177014,103.3804709177014
fg:9847,2024,3,6207.0,0.8379910895099231,100.0,100.0,504.8,0.9737098344693282,102.66669585985714,102.66669585985714
fg:9847,2025,3,6234.0,0.8385794995964487,100.0,100.0,527.0,0.970873786407767,99.76462766120348,99.76462766120348
fg:9874,2019,1,3275.0,0.7318435754189944,100.00000000000001,100.0,527.5,0.9940357852882704,125.61136008331654,125.61136008331654
fg:9874,2020,2,3700.0,0.7551020408163265,100.0,100.0,373.5,0.9910802775024778,135.05006449119722,135.05006449119722
fg:9874,2021,3,6224.0,0.8383620689655172,100.00000000000001,100.0,561.1,0.9881422924901185,117.72049968930192,117.72049968930192
fg:9874,2022,3,6069.0,0.8349153941394964,100.00000000000001,100.0,538.4,0.9852216748768474,111.39639541489632,111.39639541489632
fg:9874,2023,3,7011.0,0.8538545853123858,100.0,100.0,535.1,0.9823182711198428,102.56232098764714,102.56232098764714
fg:9874,2024,3,5011.0,0.8067943970375141,99.99999999999999,100.0,370.2,0.9794319294809012,93.4482558026481,93.4482558026481
fg:9874,2025,3,3308.0,0.7338065661047027,99.99999999999999,100.0,293.8,0.9765625,87.61139084136701,87.61139084136701
fg:9892,2019,1,1665.0,0.581151832460733,100.0,100.0,366.5,0.9881422924901185,97.52300566082702,97.52300566082702
fg:9892,2020,2,1847.0,0.6061700032819166,100.0,100.0,284.8,0.9852216748768474,94.64615904501818,94.64615904501818
fg:9892,2021,3,1606.0,0.5723449750534568,100.0,100.0,229.8,0.9823182711198428,90.49684228468946,90.49684228468946
fg:9927,2019,1,2750.0,0.6962025316455697,100.00000000000001,100.0,475.0,0.9794319294809012,108.43162858962262,108.43162858962262
fg:9927,2020,2,2990.0,0.7136038186157518,100.0,100.0,334.0,0.9765625,107.54857175999177,107.54857175999177
fg:9927,2021,3,4587.0,0.7926386728875064,99.99999999999997,100.0,446.3,0.9737098344693282,100.69261462964602,100.69261462964602
fg:9929,2020,1,500.0,0.29411764705882354,100.0,100.0,250.0,0.9852216748768474,109.98750267524574,109.98750267524574
fg:9929,2021,2,1960.0,0.620253164556962,100.0,100.0,366.0,0.9823182711198428,124.6644573719792,124.6644573719792
fg:9929,2022,3,3488.0,0.7440273037542662,100.0,100.0,425.2,0.9794319294809012,107.4049862149037,107.4049862149037
fg:9929,2023,3,2773.0,0.6979612383589228,100.0,100.0,267.3,0.9765625,102.08780671907306,102.08780671907306
fg:9952,2021,1,175.0,0.12727272727272726,100.00000000000001,100.0,217.5,0.9940357852882704,110.35074075772503,110.35074075772503
fg:9952,2022,2,1415.0,0.5411089866156787,100.0,100.0,331.0,0.9910802775024778,124.12743729311484,124.12743729311484
fg:9952,2023,3,2020.0,0.6273291925465838,100.0,100.0,315.0,0.9881422924901185,105.05147205999228,105.05147205999228
fg:9957,2019,1,495.0,0.2920353982300885,100.0,100.0,249.5,0.9765625,77.32192807005187,77.32192807005187
