Name,Season_From,Season_To,PA_From,PA_To,Contact_From,Contact_To,D_Contact,Power_From,Power_To,D_Power,Speed_From,Speed_To,D_Speed,Defense_From,Defense_To,D_Defense,Discipline_From,Discipline_To,D_Discipline,WAR_From,WAR_To,D_WAR,wRC+_From,wRC+_To,D_wRC+,OPS_From,OPS_To,D_OPS,Area_From,Area_To,D_Area
AJ Pollock,2021,2022,422,527,58.62264335162274,54.85953598270348,-3.7631073689192647,60.93708196524821,51.89421586893789,-9.04286609631032,54.28168417222338,43.5107903590532,-10.770893813170176,48.38297939521886,47.57786565175766,-0.8051137434611988,41.63971375135128,41.144330603303786,-0.4953831480474946,3.154262753222948,0.5848832300198332,-2.569379523203115,136.86262914607624,92.1105208593312,-44.75210828674504,0.891908569,0.68076817,-0.21114039900000003,6639.350918418724,5416.133620789271,-1223.2172976294532
AJ Pollock,2022,2023,527,144,54.85953598270348,42.052057297952814,-12.807478684750663,51.89421586893789,47.3592236501212,-4.53499221881669,43.5107903590532,44.88517576297916,1.374385403925956,47.57786565175766,50.30870872985981,2.730843078102147,41.144330603303786,42.656126160416925,1.511795557113139,0.5848832300198332,-0.7429276421672104,-1.3278108721870436,92.1105208593312,45.65094299019344,-46.45957786913776,0.68076817,0.523548453,-0.15721971700000004,5416.133620789271,4905.144163991061,-510.9894567982101
Aaron Hicks,2021,2022,126,453,47.403838227167086,47.15945433243502,-0.24438389473206712,48.41898726885229,42.76480133633479,-5.6541859325175,44.503607727338,57.42042914790953,12.91682142057153,49.486120260129454,50.27133748146032,0.7852172213308677,58.10078130600876,68.35031899367762,10.249537687668855,0.0294259073308935,0.876531482773464,0.8471055754425706,77.13876655875539,88.99218314780414,11.853416589048749,0.626984126,0.642146017,0.015161890999999983,5840.323287555481,6666.128886979641,825.8055994241595
Aaron Hicks,2022,2023,453,312,47.15945433243502,50.23316018157214,3.07370584913712,42.76480133633479,39.629920928077134,-3.134880408257658,57.42042914790953,58.82660756388542,1.4061784159758872,50.27133748146032,42.30343818631387,-7.967899295146452,68.35031899367762,65.65241517361319,-2.6979038200644254,0.876531482773464,0.8871616058481563,0.010630123074692244,88.99218314780414,108.5193133712994,19.527130223495263,0.642146017,0.73546373,0.09331771300000002,6666.128886979641,6127.585283966728,-538.5436030129131
Aaron Judge,2021,2022,633,696,57.56962780141522,60.01427549089689,2.4446476894816698,78.22032009062312,80.0,1.7796799093768811,48.5757215486698,56.94664080891349,8.370919260243696,46.81570399071232,53.63672947982537,6.8210254891130475,60.36493131853515,70.28250506563037,9.917573747095226,5.484160811914226,11.071471512023166,5.58731070010894,149.9826024255484,206.15483678377265,56.172234358224244,0.916464167,1.110820403,0.19435623599999996,8025.986478008781,9700.29247564464,1674.3059976358581
Aaron Judge,2022,2023,696,458,60.01427549089689,47.521642861975366,-12.492632628921527,80.0,80.0,0.0,56.94664080891349,43.13421711366742,-13.812423695246075,53.63672947982537,46.62572323988849,-7.011006239936883,70.28250506563037,74.05152852539658,3.7690234597662027,11.071471512023166,4.746401160254562,-6.325070351768604,206.15483678377265,173.46589456336747,-32.68894222040518,1.110820403,1.019192556,-0.09162784700000004,9700.29247564464,7720.38636271855,-1979.906112926089
Aaron Judge,2023,2024,458,704,47.521642861975366,60.73253993236168,13.210897070386316,80.0,80.0,0.0,43.13421711366742,53.94246751068602,10.808250397018604,46.62572323988849,37.18191742127637,-9.44380581861212,74.05152852539658,80.0,5.948471474603423,4.746401160254562,11.326987222021891,6.580586061767329,173.46589456336747,219.7835722854021,46.31767772203463,1.019192556,1.15928922,0.1400966640000001,7720.38636271855,9041.143427663766,1320.7570649452164
Aaron Judge,2024,2025,704,679,60.73253993236168,58.12773704676631,-2.604802885595369,80.0,80.0,0.0,53.94246751068602,42.87642086433032,-11.066046646355701,37.18191742127637,54.7325989106232,17.550681489346836,80.0,72.889571000025,-7.110428999974999,11.326987222021891,10.123553063479156,-1.203434158542736,219.7835722854021,204.45786957330023,-15.325702712101872,1.15928922,1.144169281,-0.015119939000000082,9041.143427663766,8870.224540470055,-170.91888719371127
Abraham Toro,2021,2022,375,352,59.70856869108749,50.123175025892,-9.58539366519549,43.5803991140407,43.297717508464224,-0.28268160557647803,44.33179657552431,46.782319639770144,2.4505230642458358,41.98931393553888,49.64531237270186,7.655998437162978,51.041221195342914,48.11016797714521,-2.931053218197704,0.4326319347631957,-0.6166801748582025,-1.0493121096213982,94.1699841650867,62.8911971472643,-31.278787017822403,0.687800994,0.562710437,-0.12509055700000005,5509.644674426163,5382.118364194833,-127.52631023133017
Abraham Toro,2024,2025,364,284,59.297010117590006,57.05143543357708,-2.2455746840129223,41.4834654331965,42.51445428787828,1.0309888546817803,50.37983034453245,44.00585200981563,-6.373978334716824,50.54521826622568,44.17795221451404,-6.367266051711638,45.10267630804729,42.658361770081925,-2.4443145379653686,0.7019116509443863,-0.6807811823738064,-1.3826928333181927,86.83298532864347,77.32052316386951,-9.512462164773964,0.642966046,0.659388764,0.01642271800000006,5730.312100176614,5020.990507967676,-709.3215922089375
Adam Duvall,2021,2022,555,315,41.36358537631989,38.84880966397694,-2.514775712342953,64.1218756578401,54.48470797055959,-9.637167687280517,43.314127279913336,49.47626958771408,6.1621423078007425,64.45116043325564,55.19906883213001,-9.252091601125628,39.414543984523405,41.92213235402094,2.507588369497533,2.264088251174792,0.8430331489723019,-1.4210551022024904,100.90511550670324,87.9100702552128,-12.995045251490438,0.772309151,0.67688734,-0.09542181100000002,5892.736417695608,5461.964065463197,-430.7723522324113
Adam Duvall,2022,2023,315,353,38.84880966397694,40.37381292556435,1.5250032615874147,54.48470797055959,59.491468868597465,5.006760898037875,49.47626958771408,54.7603512502922,5.284081662578124,55.19906883213001,43.48708842347505,-11.71198040865496,41.92213235402094,41.852314996823,-0.06981735719794102,0.8430331489723019,1.5637552730611144,0.7207221240888125,87.9100702552128,117.4949641542531,29.584893899040296,0.67688734,0.834366147,0.15747880700000005,5461.964065463197,5492.737635379869,30.773569916672386
Adam Duvall,2023,2024,353,330,40.37381292556435,37.46252580463138,-2.9112871209329683,59.491468868597465,49.02158194518439,-10.469886923413078,54.7603512502922,42.95536530057291,-11.804985949719295,43.48708842347505,47.267364186075774,3.7802757626007235,41.852314996823,42.39242036758216,0.5401053707591643,1.5637552730611144,-1.0205092329096903,-2.584264505970805,117.4949641542531,58.50203308878724,-58.992931065465854,0.834366147,0.568886888,-0.265479259,5492.737635379869,4548.192045222952,-944.5455901569167
Adam Engel,2021,2022,140,260,50.64061053384183,40.2002127490114,-10.44039778483043,52.38479087815924,41.39166096392619,-10.993129914233045,61.162121322085554,60.0462983515619,-1.1158229705236522,54.95770111227472,52.553704132043,-2.4039969802317174,45.203437801371045,43.94282961668996,-1.2606081846810824,1.3289375962321035,-0.1256791618653963,-1.4546167580974998,124.9869535651862,63.12193791649429,-61.86501564869191,0.831649244,0.57943485,-0.252214394,6653.353159431244,5411.93696811764,-1241.416191313604
Adam Frazier,2021,2022,639,602,74.98294271494228,65.15756566192876,-9.825377053013526,36.10823897804162,31.535580051316533,-4.572658926725087,49.44262530126403,54.170992423947766,4.728367122683736,51.12363783039492,57.354390626663886,6.230752796268966,54.35670840152142,53.3507777809052,-1.0059306206162262,3.2494321655877623,1.2684758435117092,-1.980956322076053,112.84813382529514,82.19753883702896,-30.650594988266178,0.778669761,0.611539388,-0.167130373,6598.056173849362,6375.002069718319,-223.05410413104255
Adam Frazier,2022,2023,602,455,65.15756566192876,58.91045204875423,-6.247113613174527,31.535580051316533,38.98226753397396,7.446687482657428,54.170992423947766,55.54842544948341,1.3774330255356446,57.354390626663886,34.39860601928746,-22.955784607376422,53.3507777809052,49.61693774480997,-3.7338400360952306,1.2684758435117092,0.3932207425846217,-0.8752551009270875,82.19753883702896,92.02917683812682,9.831638001097858,0.611539388,0.695631067,0.08409167900000003,6375.002069718319,5231.935326760193,-1143.0667429581263
Adam Frazier,2023,2024,455,294,58.91045204875423,52.57978308947026,-6.330668959283969,38.98226753397396,34.00241389937975,-4.979853634594214,55.54842544948341,55.58632789802371,0.03790244854030078,34.39860601928746,47.665130507964506,13.266524488677042,49.61693774480997,50.78353780240241,1.16660005759244,0.3932207425846217,-0.5160448833017814,-0.9092656258864031,92.02917683812682,64.72357032326106,-27.305606514865758,0.695631067,0.57568007,-0.119950997,5231.935326760193,5429.690932000274,197.75560524008142
Adam Frazier,2024,2025,294,459,52.57978308947026,59.54589407688621,6.966110987415952,34.00241389937975,32.79141801454597,-1.2109958848337783,55.58632789802371,42.17576739626704,-13.41056050175667,47.665130507964506,50.58187763597089,2.916747128006385,50.78353780240241,43.80636295671791,-6.977174845684495,-0.5160448833017814,0.7423660421548769,1.2584109254566584,64.72357032326106,88.5631944045655,23.839624081304436,0.57568007,0.683932423,0.10825235300000002,5429.690932000274,4894.718959050754,-534.97197294952
Addison Barger,2024,2025,225,502,45.206881225309296,50.40625862632209,5.199377401012796,49.97835979398321,63.23076843346219,13.252408639478979,49.466096795881015,48.54764020770405,-0.9184565881769657,45.91701597837575,52.56924733506536,6.652231356689612,45.43228547554681,45.168507995274005,-0.26377748027280745,-0.3292911029305683,2.192148390341301,2.5214394932718696,69.23524120594674,106.7825389781929,37.54729777224617,0.600961538,0.755745031,0.15478349300000005,5298.765076771992,6400.750127975708,1101.9850512037156
Adley Rutschman,2022,2023,470,687,60.85785303323253,69.92236891000152,9.064515876768994,52.865032421968046,50.39023883693114,-2.474793585036906,60.55833363571286,39.118683886712326,-21.439649749000537,80.0,69.04003446557402,-10.959965534425976,70.72128203054575,70.49051043886358,-0.23077159168217065,5.607643843570633,5.517824443106697,-0.0898194004639361,134.142338101579,126.15615694382754,-7.986181157751474,0.806425745,0.809464396,0.0030386510000000033,10093.080282375058,8555.176928031076,-1537.9033543439818
Adley Rutschman,2023,2024,687,638,69.92236891000152,62.21249294208479,-7.70987596791673,50.39023883693114,46.90797782015344,-3.4822610167776986,39.118683886712326,39.47638558861246,0.3577017019001332,69.04003446557402,58.78172866429987,-10.258305801274155,70.49051043886358,56.65220889096121,-13.838301547902368,5.517824443106697,2.719432066495945,-2.798392376610752,126.15615694382754,102.75314592908194,-23.4030110147456,0.809464396,0.708724725,-0.10073967099999992,8555.176928031076,6631.288999534916,-1923.8879284961604
Adley Rutschman,2024,2025,638,365,62.21249294208479,59.41760306719789,-2.7948898748869055,46.90797782015344,48.042211857498245,1.1342340373448039,39.47638558861246,43.42606611217216,3.9496805235596995,58.78172866429987,54.65318084704119,-4.128547817258678,56.65220889096121,64.91592183608907,8.263712945127857,2.719432066495945,1.1638089115843926,-1.5556231549115525,102.75314592908194,91.2201660293606,-11.53297989972134,0.708724725,0.673308942,-0.035415783000000034,6631.288999534916,6999.405085923735,368.116086388819
Adolis García,2021,2022,622,657,36.99971182177215,42.31941836909933,5.319706547327179,59.85813236513426,64.37525787316963,4.51712550803537,51.69009894083669,74.09619840808826,22.406099467251565,66.76645611051512,49.84211580092865,-16.92434030958647,33.65218519742667,38.005681080621024,4.3534958831943555,2.749930707296063,3.190790879666942,0.44086017237087916,98.50564175324192,111.699190370383,13.193548617141076,0.740562617,0.756046139,0.015483521999999916,5826.138672603781,6985.537943680825,1159.3992710770444
Adolis García,2022,2023,657,632,42.31941836909933,43.4736202509224,1.1542018818230702,64.37525787316963,69.93267264362551,5.557414770455878,74.09619840808826,58.343576765286514,-15.752621642801742,49.84211580092865,62.07102221817136,12.228906417242705,38.005681080621024,50.60871951948794,12.603038438866918,3.190790879666942,4.664451134942951,1.4736602552760085,111.699190370383,127.86360294429367,16.16441257391068,0.756046139,0.835639753,0.07959361400000009,6985.537943680825,7648.050968862095,662.5130251812698
Adolis García,2023,2024,632,637,43.4736202509224,37.18464000138404,-6.288980249538362,69.93267264362551,61.05679369335719,-8.875878950268316,58.343576765286514,42.55271627658664,-15.790860488699877,62.07102221817136,29.225638015755298,-32.84538420241606,50.60871951948794,41.21223082426745,-9.39648869522049,4.664451134942951,-0.1412981602727409,-4.8057492952156915,127.86360294429367,93.50200785778486,-34.361595086508814,0.835639753,0.684144427,-0.15149532600000004,7648.050968862095,4207.974902551188,-3440.0760663109068
Adolis García,2024,2025,637,547,37.18464000138404,42.40529299721819,5.2206529958341505,61.05679369335719,56.76055695125,-4.29623674210719,42.55271627658664,53.1851724126605,10.632456136073863,29.225638015755298,53.93540545684442,24.709767441089124,41.21223082426745,37.27128455218099,-3.940946272086464,-0.1412981602727409,0.7387872814393904,0.8800854417121313,93.50200785778486,82.82936211315248,-10.672645744632376,0.684144427,0.665044044,-0.019100383000000054,4207.974902551188,5651.688290043095,1443.7133874919064
Akil Baddoo,2021,2022,461,225,45.8651240853303,41.37996681530443,-4.485157270025873,47.9982240342875,36.46308306160438,-11.535140972683124,69.46961545732032,59.31395366530888,-10.155661792011436,41.51280181820459,49.0125552220441,7.499753403839506,53.58961456321184,54.05220701365858,0.462592450446742,1.7175468533946292,-0.2394974098098765,-1.9570442632045058,108.30222783498718,64.94931688323345,-43.35291095175373,0.765553355,0.557545604,-0.20800775100000002,6230.509339679915,5451.767198625202,-778.7421410547131
Akil Baddoo,2022,2023,225,357,41.37996681530443,46.265965083869375,4.885998268564947,36.46308306160438,47.9303806795217,11.467297617917318,59.31395366530888,61.453696203906816,2.139742538597936,49.0125552220441,48.29888651741511,-0.7136687046289865,54.05220701365858,56.62741499294994,2.5752079792913563,-0.2394974098098765,0.6704621603392369,0.9099595701491134,64.94931688323345,87.99021930445396,23.04090242122051,0.557545604,0.681654025,0.12410842100000008,5451.767198625202,6413.046639104495,961.279440479293
Alan Trejo,2022,2023,125,227,49.76852810351519,50.92755666703232,1.1590285635171327,44.12742765579656,35.581093777709995,-8.546333878086564,46.354802136750095,51.12448427979009,4.769682143039994,51.83497000808308,53.07364756462167,1.2386775565385904,39.96331589036448,46.08571125520457,6.122395364840095,0.4266770105165806,-0.1515419610528146,-0.5782189715693952,93.87974442978282,57.72316341899795,-36.15658101078487,0.735728813,0.630605788,-0.10512302500000004,5090.476635076278,5296.174846512586,205.69821143630725
Albert Pujols,2021,2022,296,351,56.34718766371082,60.49877058405542,4.151582920344602,55.594510782799766,67.29999818059889,11.705487397799125,46.1794716072728,29.596900614679697,-16.582570992593105,45.83791878726274,44.89538892638807,-0.9425298608746644,43.31955370617328,50.09267387045423,6.773120164280947,0.1041390417136745,2.0103514244911684,1.906212382777494,89.22240083277438,148.47397909800986,59.25157826523548,0.716511055,0.895217943,0.178706888,5822.036806544175,6025.74102995174,203.7042234075643
Alcides Escobar,2021,2022,349,131,60.028085369095535,48.36036801477415,-11.667717354321383,32.93592338066391,31.97012067902964,-0.9658027016342672,55.090328419406966,53.56447636621438,-1.5258520531925868,50.08625119149421,47.84524488309916,-2.2410063083950504,39.33619866355727,37.82471315884108,-1.511485504716191,1.3855723326816236,-0.3126001134949674,-1.698172446176591,101.52816463415468,53.03626161869658,-48.4919030154581,0.74444635,0.541800048,-0.202646302,5174.831035996017,4498.642251657737,-676.1887843382801
Alec Bohm,2021,2022,417,631,50.08727884597722,64.2222007370396,14.134921891062383,50.32693051620914,51.07910890460605,0.7521783883969135,47.002818302971086,44.25441204423947,-2.748406258731613,47.34313929358578,42.41742325008649,-4.9257160434992855,46.26859576969346,41.770925097006696,-4.497670672686766,-0.0165557094963149,1.4118123812940029,1.4283680907903178,75.66966810344947,98.46152226715448,22.79185416370501,0.646661617,0.712983345,0.06632172800000002,5525.3892683235335,5645.700965986771,120.31169766323728
Alec Bohm,2022,2023,631,611,64.2222007370396,66.40127180236995,2.179071065330348,51.07910890460605,50.52996344630548,-0.5491454583005719,44.25441204423947,36.22095016802824,-8.033461876211234,42.41742325008649,42.46447485174425,0.04705160165775624,41.770925097006696,46.59414443789297,4.823219340886276,1.4118123812940029,1.378502421166088,-0.033309960127914984,98.46152226715448,104.36860650808384,5.907084240929365,0.712983345,0.764608227,0.05162488199999993,5645.700965986771,5609.382250962913,-36.3187150238582
Alec Bohm,2023,2024,611,606,66.40127180236995,67.83613909428183,1.4348672919118854,50.52996344630548,54.24937509575773,3.7194116494522476,36.22095016802824,38.29738469561867,2.076434527590429,42.46447485174425,60.61545913117163,18.150984279427384,46.59414443789297,49.269558452919135,2.6754140150261634,1.378502421166088,3.4464993856085275,2.0679969644424396,104.36860650808384,113.47498826994982,9.106381761865975,0.764608227,0.779336597,0.014728370000000046,5609.382250962913,6851.33716370006,1241.9549127371474
Alec Bohm,2024,2025,606,504,67.83613909428183,67.92103142221268,0.08489232793084511,54.24937509575773,50.00147182056254,-4.247903275195185,38.29738469561867,44.21445459222012,5.917069896601454,60.61545913117163,50.29793033140914,-10.317528799762492,49.269558452919135,47.999211913498776,-1.270346539420359,3.4464993856085275,1.734872532941508,-1.7116268526670195,113.47498826994982,104.82533217200428,-8.649656097945538,0.779336597,0.740831964,-0.038504633000000066,6851.33716370006,6422.128910977415,-429.20825272264483
Alec Burleson,2023,2024,347,595,62.37841349288808,64.10616716871336,1.7277536758252765,48.391395010128925,52.28837922360832,3.896984213479392,40.67856189679704,40.58775507526288,-0.09080682153415864,36.94064977180483,35.354207142278355,-1.5864426295264735,45.51187680800761,40.18972255443492,-5.322154253572684,-0.6153701331775854,0.656409465571675,1.2717795987492604,88.7325275947197,105.91548739806632,17.18295980334662,0.690767735,0.734664508,0.043896773000000056,5235.547236538738,5186.352874298993,-49.194362239744805
Alec Burleson,2024,2025,595,546,64.10616716871336,66.31152448889395,2.205357320180596,52.28837922360832,54.49902449534058,2.210645271732261,40.58775507526288,46.63922142663166,6.051466351368774,35.354207142278355,37.63851958855906,2.2843124462807083,40.18972255443492,49.009476615079095,8.819754060644172,0.656409465571675,2.0986745219023017,1.4422650563306267,105.91548739806632,124.47509791187048,18.55961051380416,0.734664508,0.801293951,0.06662944299999995,5186.352874298993,6184.565489954233,998.2126156552404
Aledmys Díaz,2021,2022,319,327,55.58189899359031,56.334428562385305,0.7525295687949978,48.83748297414006,50.12226256105393,1.2847795869138707,39.187134411886205,37.34166448572422,-1.8454699261619822,62.9806567879824,53.62570976836374,-9.354947019618656,37.85881635262204,42.85317789287901,4.994361540256968,1.549429879816591,0.817867934465424,-0.731561945351167,97.27059059461452,96.6822329222197,-0.588357672394821,0.721376324,0.690740461,-0.030635862999999985,5508.97135288907,5425.71673019884,-83.25462269022955
Aledmys Díaz,2022,2023,327,344,56.334428562385305,51.56745792140688,-4.766970640978428,50.12226256105393,40.40044899511165,-9.721813565942277,37.34166448572422,43.01552679330615,5.673862307581928,53.62570976836374,47.44611636042767,-6.179593407936068,42.85317789287901,39.16282740770393,-3.690350485175081,0.817867934465424,-0.399885845221579,-1.217753779687003,96.6822329222197,70.61221449664195,-26.070018425577743,0.690740461,0.616391317,-0.07434914399999992,5425.71673019884,4631.534084349928,-794.1826458489122
Alejandro Kirk,2021,2022,189,541,61.2043557457576,70.68195779579246,9.477602050034854,55.72429536144294,52.93554887038155,-2.7887464910613886,41.669784388096346,24.970449910631952,-16.699334477464394,48.66246279210212,70.15353697983018,21.49107418772806,61.14208542019374,72.91803763013434,11.775952209940598,0.7366682821732038,4.281229718287087,3.5445614361138835,105.6007838193886,129.13776437793746,23.536980558548862,0.764405964,0.786427812,0.022021847999999955,6884.617141899332,8124.222438902177,1239.605297002845
Alejandro Kirk,2022,2023,541,422,70.68195779579246,66.30287474318838,-4.379083052604074,52.93554887038155,42.53502537102607,-10.40052349935548,24.970449910631952,23.11522595241144,-1.8552239582205132,70.15353697983018,76.2549586106401,6.101421630809924,72.91803763013434,65.37629039029656,-7.541747239837775,4.281229718287087,2.2669398111885344,-2.014289907098553,129.13776437793746,95.13281273566902,-34.00495164226844,0.786427812,0.691650103,-0.09477770900000004,8124.222438902177,7078.691819636491,-1045.5306192656853
Alejandro Kirk,2023,2024,422,386,66.30287474318838,63.948894957749474,-2.3539797854389093,42.53502537102607,47.96204639662477,5.427021025598698,23.11522595241144,29.420759325294927,6.305533372883488,76.2549586106401,80.0,3.7450413893598977,65.37629039029656,57.92775385901874,-7.448536531277817,2.2669398111885344,2.7456664640140427,0.4787266528255083,95.13281273566902,93.49173830063076,-1.641074435038263,0.691650103,0.677476378,-0.014173724999999915,7078.691819636491,7213.99981971027,135.3080000737782
Alejandro Kirk,2024,2025,386,506,63.948894957749474,67.05868145740827,3.109786499658796,47.96204639662477,54.989220915475,7.027174518850231,29.420759325294927,35.36850556075507,5.947746235460141,80.0,80.0,0.0,57.92775385901874,57.64979149485834,-0.2779623641604019,2.7456664640140427,4.677982758635817,1.9323162946217747,93.49173830063076,115.55087581177855,22.059137511147796,0.677476378,0.769112117,0.091635739,7213.99981971027,8055.34121558826,841.3413958779902
Alek Thomas,2022,2023,411,402,51.44647007838704,50.07605371405025,-1.3704163643367835,45.15953066508232,48.33176874758553,3.172238082503206,55.37835252036869,67.86716706984352,12.488814549474824,57.64013541891004,49.209918132817066,-8.430217286092976,43.688719418335744,41.0537852333801,-2.6349341849556467,0.7795921116998445,0.3890195642917967,-0.39057254740804787,71.48651710929514,70.77727075931091,-0.7092463499842268,0.618771192,0.64683155,0.028060358000000063,6078.21583871961,6237.12715027711,158.91131155750008
Alek Thomas,2023,2024,402,103,50.07605371405025,52.58055809371201,2.5045043796617534,48.33176874758553,53.91086184175374,5.579093094168215,67.86716706984352,57.84458438397692,-10.022582685866595,49.209918132817066,47.0896638066696,-2.1202543261474673,41.0537852333801,49.07497416377514,8.021188930395041,0.3890195642917967,-0.1869162240382638,-0.5759357883300604,70.77727075931091,65.07309389637524,-5.704176862935668,0.64683155,0.602992775,-0.043838774999999996,6237.12715027711,6452.114913656171,214.9877633790611
Alek Thomas,2024,2025,103,469,52.58055809371201,46.6682754919172,-5.912282601794807,53.91086184175374,47.47687969115993,-6.433982150593813,57.84458438397692,51.78630808385303,-6.058276300123893,47.0896638066696,43.78327319058341,-3.3063906160861904,49.07497416377514,36.892507398500925,-12.182466765274214,-0.1869162240382638,0.4427960098354678,0.6297122338737315,65.07309389637524,81.31357924365041,16.24048534727517,0.602992775,0.658931857,0.05593908199999997,6452.114913656171,4887.800382110049,-1564.3145315461215
Alex Bregman,2021,2022,400,656,66.55297853264037,67.07238785908245,0.5194093264420871,46.731296207375365,53.2076840177097,6.476387810334337,43.14316220704058,36.56309442583631,-6.580067781204271,52.59098749904791,60.48479416836722,7.893806669319311,68.16104567281158,78.6812637232844,10.52021805047282,2.144006613493261,5.406469146886795,3.2624625333935335,114.01454381136392,136.79692832325603,22.782384511892104,0.777413793,0.82023322,0.042819426999999965,7378.373327476576,8446.368830184416,1067.9955027078395
Alex Bregman,2022,2023,656,724,67.07238785908245,68.35645660201418,1.2840687429317228,53.2076840177097,48.0474541352609,-5.160229882448803,36.56309442583631,37.88936261227235,1.3262681864360388,60.48479416836722,51.49537713416133,-8.989417034205893,78.6812637232844,76.1754513169555,-2.5058124063289,5.406469146886795,4.389559298441781,-1.0169098484450139,136.79692832325603,124.93879047836728,-11.858137844888745,0.82023322,0.803774137,-0.016459082999999985,8446.368830184416,7696.774689455564,-749.5941407288519
Alex Bregman,2023,2024,724,634,68.35645660201418,67.33552227397415,-1.0209343280400276,48.0474541352609,52.74077405796952,4.693319922708618,37.88936261227235,35.55865666769562,-2.330705944576728,51.49537713416133,65.18126068076212,13.685883546600792,76.1754513169555,56.16804265747717,-20.00740865947833,4.389559298441781,4.170496729622563,-0.2190625688192176,124.93879047836728,117.20282126136706,-7.735969217000218,0.803774137,0.768125227,-0.035648910000000034,7696.774689455564,7222.173408081152,-474.6012813744119
Alex Bregman,2024,2025,634,495,67.33552227397415,65.90974213102591,-1.4257801429482413,52.74077405796952,53.17740198358111,0.4366279256115959,35.55865666769562,40.83552704840438,5.276870380708758,65.18126068076212,57.34185436153759,-7.83940631922453,56.16804265747717,66.26017148520627,10.092128827729098,4.170496729622563,3.5313061115866127,-0.6391906180359506,117.20282126136706,125.30300647899588,8.10018521762882,0.768125227,0.821489723,0.05336449600000004,7222.173408081152,7696.278801140046,474.10539305889415
Alex Call,2022,2023,131,439,48.52461448994043,51.62517353005524,3.1005590401148098,45.9993713563796,38.27929204574159,-7.720079310638006,51.991522082969766,44.01876840136653,-7.972753681603237,49.05143910188752,61.52201099025,12.470571888362485,57.90883296260673,67.82005442789861,9.91122146529188,0.4992518827849194,0.5660353274190886,0.06678344463416919,114.59512113729556,73.08639402616166,-41.50872711113391,0.748158563,0.614006115,-0.13415244800000004,6098.390016190696,6677.82133669567,579.4313205049739
Alex Call,2023,2024,439,113,51.62517353005524,60.61073587926367,8.985562349208429,38.27929204574159,47.933369173058566,9.654077127316974,44.01876840136653,51.09922226370143,7.080453862334899,61.52201099025,48.59385518934525,-12.928155800904754,67.82005442789861,61.426094536387374,-6.393959891511237,0.5660353274190886,1.1677650148508067,0.6017296874317182,73.08639402616166,166.65648259228635,93.5700885661247,0.614006115,0.950031286,0.33602517099999996,6677.82133669567,6916.917256000196,239.09591930452643
Alex Call,2024,2025,113,322,60.61073587926367,60.40775038438203,-0.20298549488164497,47.933369173058566,42.34088702424921,-5.592482148809353,51.09922226370143,46.75769335137214,-4.341528912329288,48.59385518934525,46.14527127423901,-2.4485839151062407,61.426094536387374,68.05922340977793,6.633128873390554,1.1677650148508067,0.9416068874480832,-0.22615812740272356,166.65648259228635,112.82532246310346,-53.83116012918289,0.950031286,0.745944678,-0.204086608,6916.917256000196,6632.212729340226,-284.7045266599698
Alex Jackson,2024,2025,155,100,22.247958634954724,32.45575335965657,10.207794724701845,43.50737616998509,55.11893357550351,11.611557405518418,52.48492527739364,47.66487453693596,-4.820050740457681,57.30814126834005,58.224559159544775,0.9164178912047234,42.10415770092053,42.85510411753353,0.7509464166129973,-0.114407439505515,1.073982680720317,1.188390120225832,28.57919694455111,111.42336170267568,82.84416475812456,0.438708772,0.762527472,0.3238187,4569.2976693752325,5267.685254605325,698.3875852300926
Alex Kirilloff,2021,2022,231,156,52.50035171871344,53.25617837086599,0.7558266521525496,54.36829062332799,48.980778733013935,-5.387511890314052,44.85096808686056,40.5712943802911,-4.2796737065694614,50.0113653474642,43.34131070998642,-6.670054637477776,37.78538876783358,40.93932316424643,3.1539343964128506,0.3075343305049028,-0.4929454727663646,-0.8004798032712674,94.80540115723656,85.36169397895212,-9.443707178284441,0.721957111,0.651433691,-0.07052342,5425.457909247579,4902.12170358704,-523.3362056605383
Alex Kirilloff,2022,2023,156,319,53.25617837086599,51.762818713108274,-1.4933596577577148,48.980778733013935,51.14507790410788,2.164299171093944,40.5712943802911,44.170774610975776,3.5994802306846765,43.34131070998642,37.94545769438309,-5.395853015603336,40.93932316424643,48.50799102872863,7.568667864482201,-0.4929454727663646,0.5388540666011379,1.0317995393675026,85.36169397895212,117.82470282459214,32.46300884564002,0.651433691,0.792802239,0.14136854799999998,4902.12170358704,5199.511394053538,297.389690466498
Alex Kirilloff,2023,2024,319,178,51.762818713108274,41.81656487637777,-9.946253836730506,51.14507790410788,52.34303824025952,1.1979603361516382,44.170774610975776,50.946650285480295,6.775875674504519,37.94545769438309,44.150895846816695,6.205438152433608,48.50799102872863,48.80937320279584,0.30138217406720713,0.5388540666011379,-0.3370638032587399,-0.8759178698598777,117.82470282459214,81.67007029718198,-36.15463252741016,0.792802239,0.653310719,-0.13949151999999998,5199.511394053538,5373.881430180247,174.37003612670833
Alex Verdugo,2021,2022,604,644,66.90275406538174,69.45255398150596,2.549799916124215,50.28549951055811,48.79307018341788,-1.4924293271402291,54.05952068137336,39.126804659752366,-14.93271602162099,44.37130293296586,41.00312675375276,-3.3681761792131013,54.66010003471109,54.07146596932103,-0.5886340653900604,1.943588621820057,1.0654353423293188,-0.8781532794907383,106.04207391580589,102.29173749695742,-3.7503364188484625,0.777463965,0.732361504,-0.04510246100000004,6925.398995425884,6122.303722755431,-803.0952726704527
Alex Verdugo,2022,2023,644,602,69.45255398150596,66.69641880449464,-2.7561351770113163,48.79307018341788,49.02799512678162,0.23492494336373682,39.126804659752366,47.55027070444498,8.423466044692617,41.00312675375276,49.26609583315141,8.262969079398651,54.07146596932103,58.46116133601427,4.389695366693239,1.0654353423293188,1.546691286974723,0.4812559446454041,102.29173749695742,99.79232349672856,-2.4994140002288674,0.732361504,0.745165686,0.012804181999999997,6122.303722755431,7001.300316680557,878.996593925126
Alex Verdugo,2023,2024,602,621,66.69641880449464,61.790081453724106,-4.906337350770535,49.02799512678162,45.20999493842732,-3.818000188354297,47.55027070444498,40.228001848750665,-7.322268855694318,49.26609583315141,55.61155519267098,6.345459359519566,58.46116133601427,56.86525376785589,-1.5959075681583812,1.546691286974723,0.6034059541010416,-0.9432853328736813,99.79232349672856,84.5065494338301,-15.285774062898454,0.745165686,0.646784443,-0.09838124299999995,7001.300316680557,6431.734932414239,-569.5653842663187
Alex Verdugo,2024,2025,621,213,61.790081453724106,62.96492244036627,1.1748409866421667,45.20999493842732,39.82321660281232,-5.3867783356149985,40.228001848750665,45.937120466745725,5.70911861799506,55.61155519267098,41.9453767736467,-13.666178419024277,56.86525376785589,57.930364010616536,1.065110242760646,0.6034059541010416,-0.9342631468002968,-1.5376691009013383,84.5065494338301,66.16088641589307,-18.345663017937028,0.646784443,0.585114748,-0.06166969500000008,6431.734932414239,5868.575687502122,-563.1592449121172
Alfonso Rivas III,2022,2023,287,123,46.55406608357963,44.841700883251065,-1.7123652003285628,40.91254317345476,48.02757631976365,7.115033146308889,57.48797250572205,47.79757698427336,-9.690395521448686,43.97909538355256,48.44056019116652,4.461464807613957,58.11324240787512,51.07530239899926,-7.037940008875857,-0.1178663848925245,-0.0384338317653157,0.0794325531272088,84.61851609304824,93.92658941255192,9.308073319503677,0.628451229,0.725297036,0.096845807,5728.246199663893,5482.365804477379,-245.88039518651385
Amed Rosario,2021,2022,588,670,57.25229481726997,63.67573764359361,6.423442826323637,47.018085216483655,47.64964372509124,0.6315585086075828,70.52891686251976,72.32713050895846,1.7982136464386969,47.85136011761202,44.60349768303399,-3.2478624345780247,40.25655613033088,34.3866533093782,-5.869902820952682,2.7969415724615256,3.05985377977272,0.26291220731119447,101.620425915183,103.65625684467184,2.0358309294888386,0.73051948,0.715393987,-0.01512549299999999,6473.862479258897,6386.293024767059,-87.56945449183786
Amed Rosario,2022,2023,670,545,63.67573764359361,56.99002350516491,-6.685714138428693,47.64964372509124,43.42639026273341,-4.223253462357825,72.32713050895846,55.01958159678334,-17.307548912175122,44.60349768303399,34.59137184991437,-10.012125833119626,34.3866533093782,36.0020564693077,1.6154031599295067,3.05985377977272,0.3887951226785598,-2.6710586570941603,103.65625684467184,87.20327396178438,-16.45298288288747,0.715393987,0.683018527,-0.03237546000000002,6386.293024767059,4785.951394866177,-1600.3416299008823
Amed Rosario,2023,2024,545,346,56.99002350516491,54.64390658542063,-2.346116919744283,43.42639026273341,42.07737670410712,-1.3490135586262966,55.01958159678334,55.27946684636707,0.25988524958373205,34.59137184991437,38.20043447247281,3.60906262255844,36.0020564693077,30.47502497491639,-5.527031494391313,0.3887951226785598,0.2253232956220725,-0.1634718270564873,87.20327396178438,96.36473905559566,9.161465093811287,0.683018527,0.685876453,0.0028579260000000106,4785.951394866177,4549.103256116885,-236.84813874929205
Amed Rosario,2024,2025,346,191,54.64390658542063,59.00724673836243,4.363340152941802,42.07737670410712,52.45793858342096,10.380561879313845,55.27946684636707,49.03321272585763,-6.246254120509441,38.20043447247281,42.20209239412036,4.001657921647556,30.47502497491639,36.22532452924063,5.75029955432424,0.2253232956220725,0.4398668451845875,0.214543549562515,96.36473905559566,106.0529242697698,9.68818521417414,0.685876453,0.745364611,0.05948815799999996,4549.103256116885,5422.555776866391,873.4525207495062
Andrew Benintendi,2021,2022,538,521,58.55304240387872,66.3637903499236,7.810747946044884,50.56113888586696,45.96584582084877,-4.59529306501819,37.88958555562747,46.27344768674992,8.383862131122449,47.97026684059462,43.321071724603335,-4.649195115991283,42.770917244712976,59.46352966015418,16.692612415441204,1.4030990341191465,2.0007667737461934,0.5976677396270469,104.13050150927124,120.68380259654867,16.553301087277433,0.766213015,0.772209244,0.005996228999999964,5349.65594643209,6516.796322677697,1167.1403762456075
Andrew Benintendi,2022,2023,521,621,66.3637903499236,63.011878117282045,-3.35191223264156,45.96584582084877,36.35375002772869,-9.612095793120083,46.27344768674992,58.378283137741015,12.104835450991096,43.321071724603335,26.97597284608729,-16.345098878516044,59.46352966015418,52.338208090120666,-7.125321570033513,2.0007667737461934,-0.3542630303789942,-2.355029804125188,120.68380259654867,87.93729462867988,-32.746507967868794,0.772209244,0.681678337,-0.090530907,6516.796322677697,5087.011773470587,-1429.78454920711
Andrew Benintendi,2023,2024,621,522,63.011878117282045,55.68973919543348,-7.322138921848563,36.35375002772869,48.51675631247484,12.163006284746153,58.378283137741015,42.35343979183136,-16.02484334590965,26.97597284608729,34.121726551236854,7.145753705149563,52.338208090120666,53.069081799882575,0.7308737097619087,-0.3542630303789942,-0.1501250118733344,0.2041380185056598,87.93729462867988,93.27691783511646,5.339623206436585,0.681678337,0.685498445,0.0038201079999999887,5087.011773470587,5215.651729347619,128.63995587703175
Andrew Benintendi,2024,2025,522,470,55.68973919543348,51.61903701238318,-4.070702183050301,48.51675631247484,50.45537094150888,1.938614629034042,42.35343979183136,48.27298573032812,5.9195459384967535,34.121726551236854,29.72519432201241,-4.396532229224444,53.069081799882575,49.56623362325461,-3.502848176627964,-0.1501250118733344,0.1811376105627312,0.33126262243606563,93.27691783511646,102.57290661205502,9.295988776938557,0.685498445,0.737988627,0.052490181999999996,5215.651729347619,4996.34693236619,-219.3047969814288
Andrew Knizner,2021,2022,185,293,44.85944593420008,49.76264979561725,4.903203861417168,38.34237279776613,40.346763436976886,2.0043906392107544,44.403923932564936,44.098986392053774,-0.30493754051116184,40.69763603063517,40.21131439579637,-0.4863216348387951,53.00568790316123,49.92154873360043,-3.0841391695607996,-0.9828464485262224,-0.0406010399375499,0.9422454085886725,48.112637067019016,76.64564998742952,28.533012920410506,0.517105925,0.601369863,0.08426393799999998,4643.398449603467,4779.977275378284,136.57882577481632
Andrew Knizner,2022,2023,293,241,49.76264979561725,44.472427230606215,-5.290222565011035,40.346763436976886,52.228669973914656,11.88190653693777,44.098986392053774,45.80139191086384,1.7024055188100675,40.21131439579637,38.59144720324249,-1.6198671925538832,49.92154873360043,36.82596246820682,-13.095586265393614,-0.0406010399375499,0.030272235480382,0.0708732754179319,76.64564998742952,92.33373634122133,15.688086353791803,0.601369863,0.711607142,0.11023727900000002,4779.977275378284,4537.172333635096,-242.80494174318756
Andrew McCutchen,2021,2022,574,580,48.42274895534439,52.895480590771285,4.4727316354268964,54.840584557357616,51.70438567981103,-3.136198877546583,56.89268101904783,35.87443398848441,-21.018247030563415,33.08255757028465,43.628407188030245,10.545849617745596,67.9230303175072,59.70858519178415,-8.214445125723046,1.4511618687636731,0.5867721649717224,-0.8643897037919508,107.93689283349292,98.16268787906488,-9.774204954428043,0.778478175,0.69998326,-0.07849491500000005,6274.0259421026285,5667.461376929823,-606.5645651728055
Andrew McCutchen,2022,2023,580,473,52.895480590771285,52.41808721741511,-0.47739337335617194,51.70438567981103,49.84686846823446,-1.857517211576571,35.87443398848441,42.928987550457904,7.054553561973492,43.628407188030245,44.405318426119045,0.7769112380888004,59.70858519178415,72.32501427801941,12.616429086235257,0.5867721649717224,1.3205568522509137,0.7337846872791913,98.16268787906488,114.87714281046604,16.714454931401164,0.69998326,0.775871414,0.07588815400000004,5667.461376929823,6496.563707833835,829.102330904012
Andrew McCutchen,2023,2024,473,515,52.41808721741511,45.332575717542966,-7.085511499872148,49.84686846823446,53.40698943206564,3.5601209638311815,42.928987550457904,39.06113619624292,-3.8678513542149844,44.405318426119045,40.55308943802809,-3.852228988090957,72.32501427801941,64.24861081632494,-8.076403461694468,1.3205568522509137,0.5081642732494649,-0.8123925790014488,114.87714281046604,105.95487183118608,-8.922270979279958,0.775871414,0.738869624,-0.037001790000000034,6496.563707833835,5520.549496545842,-976.014211287993
Andrew McCutchen,2024,2025,515,551,45.332575717542966,51.403951535098535,6.07137581755557,53.40698943206564,48.18135375245362,-5.225635679612026,39.06113619624292,36.5032164946403,-2.5579197016026214,40.55308943802809,43.18106776522882,2.6279783272007293,64.24861081632494,62.47150632047472,-1.7771044958502245,0.5081642732494649,-0.1239873187129683,-0.6321515919624332,105.95487183118608,95.3256071412318,-10.629264689954283,0.738869624,0.700209643,-0.03865998100000001,5520.549496545842,5573.477860726158,52.92836418031584
Andrew Vaughn,2021,2022,469,555,51.81538712107995,60.24464997087438,8.429262849794426,56.28857079349096,57.146422749050245,0.8578519555592834,37.2338199853982,35.95495761598496,-1.2788623694132397,34.64228053404116,20.0,-14.642280534041163,51.26371366880114,45.91148544268312,-5.352228226118015,-0.265388572324051,-0.5981097516652062,-0.3327211793411552,92.54571999399782,112.78807221525835,20.242352221260532,0.704851896,0.750132484,0.04528058800000001,5104.538188486264,4708.069128177518,-396.4690603087456
Andrew Vaughn,2022,2023,555,615,60.24464997087438,54.29128441956839,-5.9533655513059855,57.146422749050245,55.25922555931505,-1.887197189735197,35.95495761598496,30.913941106376758,-5.041016509608202,20.0,36.82216999463054,16.822169994630542,45.91148544268312,44.15143738148126,-1.7600480612018643,-0.5981097516652062,0.4375100636631941,1.0356198153284004,112.78807221525835,103.45716630229543,-9.330905912962919,0.750132484,0.743149759,-0.006982724999999967,4708.069128177518,4693.2181301722085,-14.85099800530952
Andrew Vaughn,2023,2024,615,619,54.29128441956839,53.90175867221107,-0.38952574735731815,55.25922555931505,53.875247554996754,-1.383978004318294,30.913941106376758,41.487253277408975,10.573312171032217,36.82216999463054,32.21383659593469,-4.608333398695855,44.15143738148126,42.98625116934046,-1.1651862121407959,0.4375100636631941,-0.1436402447821463,-0.5811503084453404,103.45716630229543,97.40133149930216,-6.0558348029932745,0.743149759,0.699008019,-0.04414174000000004,4693.2181301722085,4839.620769957622,146.40263978541316
Andrew Vaughn,2024,2025,619,447,53.90175867221107,58.003136842169006,4.101378169957933,53.875247554996754,55.42950384344672,1.554256288449963,41.487253277408975,38.938402654443806,-2.548850622965169,32.21383659593469,47.90312766754676,15.689291071612075,42.98625116934046,49.00136444693693,6.01511327759647,-0.1436402447821463,0.577946130133122,0.7215863749152683,97.40133149930216,99.10267207349575,1.701340574193594,0.699008019,0.718504936,0.019496917000000002,4839.620769957622,5909.981303941395,1070.3605339837732
Andruw Monasterio,2023,2024,315,142,55.32800191665454,45.76894239397228,-9.559059522682261,39.70583682407538,42.82306961081283,3.1172327867374534,47.10479348748093,52.055478705547,4.95068521806607,49.85712724023208,45.53793421986117,-4.319193020370911,57.07695121014578,58.97650222318181,1.8995510130360316,0.5690860309722543,-0.2437958285618655,-0.8128818595341198,88.60120360807534,68.83599920278347,-19.76520440529187,0.67767646,0.574816901,-0.10285955899999999,5905.74522836443,5679.995389144663,-225.74983921976673
Andruw Monasterio,2024,2025,142,135,45.76894239397228,49.88397038353151,4.1150279895592305,42.82306961081283,45.97878388147968,3.1557142706668486,52.055478705547,48.058365050639054,-3.997113654907949,45.53793421986117,52.67662792435755,7.138693704496376,58.97650222318181,46.92048555192709,-12.056016671254724,-0.2437958285618655,0.7101650871642111,0.9539609157260767,68.83599920278347,110.78837028702252,41.95237108423905,0.574816901,0.755026454,0.18020955299999997,5679.995389144663,5633.590482951238,-46.40490619342472
Andrés Giménez,2021,2022,210,557,40.25545810468425,57.00983751573927,16.75437941105502,42.13367856402534,52.69048614241311,10.556807578387769,64.38692063306407,67.40797431656465,3.0210536835005826,55.2672444426711,67.73487516622843,12.467630723557335,33.712903291261966,39.915302649608165,6.202399358346199,0.6816751221691749,6.126288710637384,5.44461358846821,75.90067530343045,140.95169372278434,65.0510184193539,0.633360479,0.837100356,0.20373987699999996,5320.116789099908,7656.351462394929,2336.234673295021
Andrés Giménez,2022,2023,557,616,57.00983751573927,52.43764981398562,-4.5721877017536485,52.69048614241311,40.678988391741136,-12.011497750671971,67.40797431656465,66.4611248637898,-0.9468494527748419,67.73487516622843,75.6062120415827,7.87133687535426,39.915302649608165,35.2586713354365,-4.656631314171662,6.126288710637384,3.796867410497356,-2.3294213001400284,140.95169372278434,96.43113460775766,-44.520559115026686,0.837100356,0.712289224,-0.12481113199999994,7656.351462394929,6836.295153629339,-820.0563087655892
Andrés Giménez,2023,2024,616,633,52.43764981398562,57.451885509735845,5.014235695750223,40.678988391741136,38.14098999309094,-2.5379983986501955,66.4611248637898,61.389269222031146,-5.07185564175866,75.6062120415827,76.21189571406356,0.6056836724808647,35.2586713354365,33.51283527803733,-1.745836057399174,3.796867410497356,2.7622993632239026,-1.0345680472734533,96.43113460775766,83.21128527282949,-13.21984933492817,0.712289224,0.638035339,-0.07425388500000007,6836.295153629339,6510.345233759967,-325.949919869372
Andrés Giménez,2024,2025,633,369,57.451885509735845,52.50497796516086,-4.946907544574984,38.14098999309094,36.31768695888371,-1.8233030342072283,61.389269222031146,57.5008624760998,-3.8884067459313485,76.21189571406356,64.80142496924937,-11.41047074481419,33.51283527803733,42.76442632335522,9.251591045317888,2.7622993632239026,1.0353732200587389,-1.7269261431651637,83.21128527282949,70.41048581817422,-12.800799454655262,0.638035339,0.598395994,-0.03963934499999999,6510.345233759967,6057.201216611023,-453.14401714894484
Andy Ibáñez,2021,2022,272,128,60.49894365538803,52.540868153655694,-7.958075501732338,47.10338863096191,40.90390705650351,-6.199481574458396,44.23807322152311,54.47957377355446,10.241500552031354,54.715660605845855,50.28408228151019,-4.431578324335668,44.37288162987775,52.69704934622303,8.32416771634528,1.1281326992278389,-0.2272870266592638,-1.3554197258871028,105.75577902985658,58.52029802554952,-47.23548100430706,0.755815818,0.550748424,-0.20506739399999996,5928.119679332467,5961.023029721225,32.903350388757644
Andy Ibáñez,2022,2023,128,383,52.540868153655694,57.19598328845173,4.655115134796034,40.90390705650351,51.0159329202949,10.112025863791388,54.47957377355446,46.42284552372307,-8.056728249831394,50.28408228151019,54.99747704504468,4.713394763534495,52.69704934622303,42.08022746655147,-10.616821879671562,-0.2272870266592638,1.603529740449252,1.8308167671085158,58.52029802554952,102.80228339976004,44.28198537421052,0.550748424,0.744102593,0.19335416900000002,5961.023029721225,5972.861717029607,11.83868730838185
Andy Ibáñez,2023,2024,383,244,57.19598328845173,43.39325857097465,-13.802724717477076,51.0159329202949,43.51193623427736,-7.503996686017544,46.42284552372307,49.451454429934245,3.0286089062111756,54.99747704504468,57.21845142337405,2.220974378329366,42.08022746655147,41.30550737609072,-0.7747200904607467,1.603529740449252,0.7268723921534532,-0.8766573482957987,102.80228339976004,85.57248799530191,-17.22979540445813,0.744102593,0.652224824,-0.091877769,5972.861717029607,5242.797292208767,-730.0644248208391
Andy Ibáñez,2024,2025,244,193,43.39325857097465,58.144068984044,14.750810413069345,43.51193623427736,43.67452546259837,0.16258922832101064,49.451454429934245,49.86415422814656,0.4126997982123157,57.21845142337405,53.62776123791818,-3.5906901854558697,41.30550737609072,46.62629206920827,5.320784693117545,0.7268723921534532,0.3822430090463127,-0.34462938310714053,85.57248799530191,83.54252592280376,-2.029962072498151,0.652224824,0.652790861,0.0005660369999999082,5242.797292208767,5992.9955459397925,750.198253731025
Andy Pages,2024,2025,443,624,51.38375509057678,57.11661835943372,5.732863268856946,52.55752842174156,52.81589769662638,0.25836927488482075,44.599185341590186,48.4263696466106,3.827184305020417,48.6139373177576,65.85516227348567,17.24122495572807,43.785805673940885,37.75166251039065,-6.034143163550233,1.2541788663194264,4.060006152931073,2.8058272866116463,98.41980022325755,113.46694603698576,15.047145813728207,0.712377754,0.773773666,0.06139591199999994,5511.965803819626,6374.866799891218,862.9009960715921
Angel Martínez,2024,2025,169,484,53.56881826220701,47.97597535418513,-5.592842908021879,39.26736217416944,39.568416395145775,0.30105422097633294,49.38252700065453,55.99178759065818,6.60926059000365,45.550605650431415,39.11602657585571,-6.434579074575701,49.99180279720426,34.645725161717195,-15.346077635487063,-0.0351722510374294,-0.1459768610946841,-0.1108046100572547,83.2868947496598,74.24697290687043,-9.039921842789369,0.635367391,0.628055458,-0.007311932999999993,5348.356892205277,4432.580331977235,-915.7765602280424
Anthony Rendon,2021,2022,249,193,57.77582543381485,56.69156515678532,-1.0842602770295287,44.30417699060236,48.77282872380683,4.468651733204474,44.294918481940606,50.73952571210648,6.444607230165872,42.42463659088758,52.629147527314046,10.204510936426466,59.95517071922028,64.39279441071484,4.437623691494565,0.247230300572349,0.912675833945013,0.665445533372664,94.09499925834214,102.53765403682944,8.442654778487295,0.711805748,0.705942942,-0.005862805999999998,5900.778765138621,7108.939346945556,1208.1605818069356
Anthony Rendon,2022,2023,193,183,56.69156515678532,60.206328464647584,3.5147633078622604,48.77282872380683,42.61618408655083,-6.156644637256001,50.73952571210648,50.510959682703394,-0.22856602940308335,52.629147527314046,44.42871905135598,-8.200428475958063,64.39279441071484,70.56448250246308,6.171688091748237,0.912675833945013,0.2174688295536565,-0.6952070043913564,102.53765403682944,95.85544017610948,-6.682213860719955,0.705942942,0.678223304,-0.02771963799999999,7108.939346945556,6821.930079318257,-287.00926762729887
Anthony Rendon,2023,2024,183,238,60.206328464647584,60.39718804026039,0.1908595756128051,42.61618408655083,37.73222900473984,-4.8839550818109885,50.510959682703394,54.85475187877908,4.34379219607569,44.42871905135598,48.70333705006741,4.2746179987114274,70.56448250246308,65.2694323553831,-5.2950501470799765,0.2174688295536565,-0.06042522195515,-0.2778940515088065,95.85544017610948,68.56241992563189,-27.293020250477596,0.678223304,0.57371298,-0.10451032399999993,6821.930079318257,6724.564647284537,-97.36543203372003
Anthony Rizzo,2021,2022,576,548,59.71461850689148,52.66393836021285,-7.05068014667863,55.389832482044056,62.93689556987261,7.547063087828555,46.9484779675357,37.80653959567525,-9.141938371860455,50.90676604528808,41.57948953314952,-9.32727651213856,53.51326352997015,57.79141686038282,4.278153330412664,2.216069350731723,2.47176096834169,0.2556916176099673,113.9422550051265,131.42274770670377,17.480492701577276,0.783266129,0.817161132,0.033895002999999924,6760.9454746228985,6045.090624922543,-715.8548497003558
Anthony Rizzo,2022,2023,548,421,52.66393836021285,50.6167195050261,-2.047218855186756,62.93689556987261,48.119957283627386,-14.816938286245225,37.80653959567525,34.58118070962921,-3.2253588860460383,41.57948953314952,55.93364512348691,14.354155590337392,57.79141686038282,47.08503795235514,-10.70637890802768,2.47176096834169,0.8497409303892172,-1.622020037952473,131.42274770670377,98.62144719694686,-32.80130050975691,0.817161132,0.705807058,-0.11135407399999997,6045.090624922543,5255.014643595106,-790.0759813274371
Anthony Rizzo,2023,2024,421,375,50.6167195050261,55.7945792783797,5.177859773353603,48.119957283627386,42.47854558305432,-5.641411700573066,34.58118070962921,37.36970367138996,2.788522961760755,55.93364512348691,48.826815321289565,-7.106829802197346,47.08503795235514,46.85468504706474,-0.23035290529039543,0.8497409303892172,-0.1825616079203499,-1.032302538309567,98.62144719694686,85.46921335986151,-13.152233837085348,0.705807058,0.636644905,-0.06916215299999995,5255.014643595106,5080.605421017834,-174.40922257727198
Anthony Santander,2021,2022,438,647,52.42143692402413,57.028152819948,4.60671589592387,55.10522103484173,60.73752738848567,5.6323063536439335,47.35494926497156,41.33974396008078,-6.015205304890777,35.77364369036228,38.8758917759077,3.102248085545419,38.59523111844062,50.99604291505585,12.40081179661523,-0.1663644334874141,2.343574693302233,2.509939126789647,91.54243258341306,121.2755581568901,29.73312557347704,0.719538725,0.773096413,0.05355768799999994,5038.777510281343,5931.011463599627,892.233953318284
Anthony Santander,2022,2023,647,656,57.028152819948,52.25072533496086,-4.777427484987136,60.73752738848567,59.23641547242693,-1.5011119160587398,41.33974396008078,47.507672031897634,6.167928071816853,38.8758917759077,41.80539743550637,2.929505659598675,50.99604291505585,45.61277656392768,-5.383266351128171,2.343574693302233,2.5227338616109725,0.17915916830873968,121.2755581568901,118.38332344613292,-2.8922347107571795,0.773096413,0.796776339,0.023679926000000018,5931.011463599627,5794.581876225929,-136.42958737369827
Anthony Santander,2023,2024,656,665,52.25072533496086,54.23781960862448,1.9870942736636152,59.23641547242693,65.10846439640922,5.872048923982291,47.507672031897634,41.24491620138055,-6.2627558305170865,41.80539743550637,42.44864993618639,0.6432525006800205,45.61277656392768,47.83732173808461,2.2245451741569298,2.5227338616109725,3.2068294227194727,0.6840955611085002,118.38332344613292,128.2676654172403,9.884341971107375,0.796776339,0.814153028,0.017376689,5794.581876225929,5988.207077479492,193.62520125356332
Anthony Santander,2024,2025,665,221,54.23781960862448,40.71104258923673,-13.526777019387744,65.10846439640922,45.71320393509894,-19.39526046131028,41.24491620138055,42.12833380157844,0.8834176001978946,42.44864993618639,44.98628702395805,2.5376370877716568,47.83732173808461,51.21132071325452,3.3739989751699113,3.2068294227194727,-0.9460280845365224,-4.1528575072559955,128.2676654172403,60.79944767388719,-67.46821774335311,0.814153028,0.565307644,-0.248845384,5988.207077479492,4788.913867749849,-1199.2932097296434
Anthony Volpe,2023,2024,601,689,41.396880306497394,52.177769849739335,10.78088954324194,50.85418998429636,43.29203872287511,-7.562151261421249,65.47802950263407,65.34727159986953,-0.13075790276454313,56.95631018171181,71.39232069307263,14.436010511360827,49.06209060170799,45.93671029008759,-3.125380311620404,1.949675709618261,3.496706386071355,1.547030676453094,83.28274331217979,87.27204133519592,3.989298023016133,0.665958101,0.657210136,-0.008747964999999969,6652.562853250352,7337.208655680522,684.6458024301692
Anthony Volpe,2024,2025,689,596,52.177769849739335,45.650934244129125,-6.526835605610209,43.29203872287511,51.90825662703047,8.616217904155356,65.34727159986953,54.01451325895512,-11.33275834091441,71.39232069307263,44.25869906437776,-27.133621628694875,45.93671029008759,50.37802029284894,4.441310002761348,3.496706386071355,1.023192529674097,-2.473513856397258,87.27204133519592,82.91537728484958,-4.356664050346339,0.657210136,0.66296652,0.005756384000000003,7337.208655680522,5750.820507781253,-1586.388147899269
Aristides Aquino,2021,2022,204,276,29.674016964248587,27.205960051731243,-2.468056912517344,56.71185757902839,50.34423562186338,-6.367621957165007,47.17270130368287,45.81058097226839,-1.3621203314144807,44.84666467428545,61.60019954677438,16.753534872488927,55.04786362149276,35.81756541727083,-19.23029820422193,-0.1916536143329194,0.1791537185787021,0.3708073329116215,82.79191495480416,63.00641469156943,-19.785500263234724,0.707065584,0.609311173,-0.09775441099999993,5029.121605606676,4602.506434664792,-426.61517094188366
Austin Barnes,2021,2022,225,212,45.83091097145152,54.44977163475022,8.618860663298697,41.01779592958911,47.267435003937486,6.249639074348373,49.86013524368567,42.474059750200446,-7.386075493485222,56.22030834299209,58.4472391905703,2.2269308475782097,53.8723196480084,68.33966412043476,14.467344472426362,0.6739487629961108,1.3389084977194847,0.6649597347233739,78.29845188590183,104.22119341299546,25.922741527093635,0.644107142,0.703697791,0.059590648999999996,5813.772292009096,7027.915929478861,1214.1436374697641
Austin Barnes,2022,2023,212,200,54.44977163475022,48.59054510366453,-5.859226531085689,47.267435003937486,32.37259277631691,-14.894842227620579,42.474059750200446,44.4393765059873,1.9653167557868514,58.4472391905703,51.30528977898604,-7.141949411584264,68.33966412043476,55.74351649789927,-12.59614762253549,1.3389084977194847,-0.6990722900467172,-2.0379807877662017,104.22119341299546,39.28519753827776,-64.9359958747177,0.703697791,0.49785444,-0.20584335099999995,7027.915929478861,5164.303446678351,-1863.6124828005095
Austin Barnes,2023,2024,200,156,48.59054510366453,52.46663532637637,3.876090222711838,32.37259277631691,37.75683646369578,5.38424368737887,44.4393765059873,49.87581062754772,5.436434121560424,51.30528977898604,51.94669945887388,0.6414096798878433,55.74351649789927,54.91259145015539,-0.8309250477438823,-0.6990722900467172,0.5019609109119634,1.2010332009586806,39.28519753827776,84.62983504646165,45.344637508183894,0.49785444,0.638311688,0.14045724800000003,5164.303446678351,5796.032065704817,631.7286190264658
Austin Hays,2021,2022,529,582,52.99814186930484,53.750027945417735,0.7518860761128963,53.46320094751674,48.78511823535084,-4.678082712165896,47.13409144507431,46.58256170811746,-0.5515297369568515,50.57271790354757,49.820038940919474,-0.7526789626280959,44.199473252714085,41.10374812968288,-3.095725123031208,1.8492426351780744,1.8719582547597025,0.022715619581628044,106.33603210702611,105.98888138544712,-0.3471507215789984,0.769050363,0.718926036,-0.05012432699999991,5856.06690554877,5455.545604006173,-400.52130154259703
Austin Hays,2022,2023,582,566,53.750027945417735,50.01081209105655,-3.739215854361184,48.78511823535084,52.33060298790834,3.545484752557499,46.58256170811746,41.71222292368735,-4.8703387844301105,49.820038940919474,60.34866083626655,10.52862189534708,41.10374812968288,46.326059649740586,5.222311520057708,1.8719582547597025,2.732998901347417,0.8610406465877145,105.98888138544712,111.15626217110888,5.167380785661763,0.718926036,0.769319108,0.05039307199999998,5455.545604006173,5910.682173532554,455.1365695263812
Austin Hays,2023,2024,566,255,50.01081209105655,46.16418182300616,-3.84663026805039,52.33060298790834,48.34303744989055,-3.9875655380177903,41.71222292368735,46.50707399051311,4.794851066825764,60.34866083626655,44.4529045892439,-15.895756247022653,46.326059649740586,35.080606310077734,-11.245453339662852,2.732998901347417,0.2021849045521571,-2.53081399679526,111.15626217110888,96.78422286664988,-14.372039304458994,0.769319108,0.698894286,-0.070424822,5910.682173532554,4625.1242423793165,-1285.5579311532374
Austin Hays,2024,2025,255,416,46.16418182300616,44.54794112944009,-1.6162406935660698,48.34303744989055,52.627266418720765,4.284228968830213,46.50707399051311,59.04209215132069,12.535018160807574,44.4529045892439,48.776749996972406,4.323845407728506,35.080606310077734,41.61953204430312,6.538925734225387,0.2021849045521571,1.2405869903411828,1.0384020857890257,96.78422286664988,104.51996547783054,7.735742611180655,0.698894286,0.767535424,0.06864113799999993,4625.1242423793165,5808.897047948629,1183.7728055693124
Austin Hedges,2021,2022,312,338,35.447882194991465,38.85828129262431,3.4103990976328475,40.49565406777442,33.899931535103576,-6.595722532670841,47.575664802345166,45.042009743187705,-2.5336550591574607,71.25919419355215,63.03472914572985,-8.2244650478223,36.46379942328095,49.90415083246696,13.440351409186007,0.2853475791895705,-0.0249251526591473,-0.3102727318487178,41.96757265316901,42.74847090979536,0.7808982566263509,0.527364438,0.489152977,-0.038211461,5061.1622371447975,5120.635301815679,59.473064670881286
Austin Hedges,2022,2023,338,212,38.85828129262431,42.93216734999148,4.073886057367169,33.899931535103576,34.33492284349031,0.43499130838673494,45.042009743187705,47.12385766262557,2.0818479194378625,63.03472914572985,80.0,16.965270854270152,49.90415083246696,41.34237211955804,-8.561778712908918,-0.0249251526591473,1.0481456637481028,1.0730708164072502,42.74847090979536,24.019074643531063,-18.729396266264295,0.489152977,0.460857872,-0.028295104999999987,5120.635301815679,5679.84394309071,559.2086412750314
Austin Hedges,2023,2024,212,146,42.93216734999148,26.483877901041502,-16.44828944894998,34.33492284349031,32.20714552315845,-2.127777320331859,47.12385766262557,50.08231301616628,2.958455353540714,80.0,70.43553484625755,-9.564465153742447,41.34237211955804,40.18948794794083,-1.1528841716172096,1.0481456637481028,0.4062022735431997,-0.6419433902049031,24.019074643531063,19.90049232962589,-4.118582313905172,0.460857872,0.422494171,-0.03836370100000003,5679.84394309071,4702.353683865702,-977.4902592250082
Austin Hedges,2024,2025,146,180,26.483877901041502,35.742326764126155,9.258448863084652,32.20714552315845,41.256614214440845,9.049468691282392,50.08231301616628,42.33769400456091,-7.744619011605373,70.43553484625755,76.142932469492,5.707397623234442,40.18948794794083,49.18687261123228,8.997384663291449,0.4062022735431997,1.189045860726612,0.7828435871834122,19.90049232962589,50.55761786665824,30.65712553703235,0.422494171,0.527419354,0.10492518299999998,4702.353683865702,5681.763542131624,979.4098582659217
Austin Martin,2024,2025,257,181,57.98827155528038,62.38901253563572,4.400740980355344,39.27215169113544,39.94638516442351,0.6742334732880693,53.46376862721071,54.89402187631095,1.4302532491002395,35.14830277506721,51.58545519374937,16.43715241868216,55.87138232557438,65.66130976156187,9.789927435987487,-0.2274325932096632,0.9671396471820384,1.1945722403917016,92.39497300359857,113.0505891082354,20.655616104636835,0.669578388,0.73968629,0.07010790199999994,5449.45459963901,7133.15174643221,1683.6971467931999
Austin Meadows,2021,2022,591,147,50.74964656654648,68.11476385664724,17.365117290100763,53.33473104710298,42.90874608899091,-10.425984958112068,38.854372765672366,44.063777379958914,5.209404614286548,38.52386616102084,43.5980087179359,5.0741425569150564,54.57775416626504,66.95904845329399,12.38129428702895,1.512719023992684,-0.1649897934877291,-1.6777088174804131,112.05902712211756,100.77365876456416,-11.285368357553395,0.772249769,0.675063775,-0.09718599399999994,5301.272124777897,6759.498399898652,1458.2262751207545
Austin Nola,2021,2022,194,397,66.52233107618244,64.26154007507422,-2.260791001108217,42.654578893664606,42.56446986956711,-0.09010902409749377,43.80071465648674,42.795524871272775,-1.0051897852139646,56.87681149706065,34.82937811900716,-22.04743337805349,59.62315606574749,60.4654285121556,0.8422724464081099,1.20796812483453,0.1844940123845131,-1.0234741124500168,101.06816680389596,88.90873938834255,-12.15942741555341,0.715928728,0.649237329,-0.06669139899999998,6921.063852538756,5724.857862471341,-1196.2059900674149
Austin Nola,2022,2023,397,154,64.26154007507422,50.08159522850239,-14.179944846571836,42.56446986956711,32.19181748088562,-10.372652388681495,42.795524871272775,45.44219868202105,2.6466738107482755,34.82937811900716,43.79519185478581,8.965813735778653,60.4654285121556,63.34647849499641,2.881049982840814,0.1844940123845131,-0.9026062435992864,-1.0871002559837994,88.90873938834255,36.215914619896175,-52.69282476844638,0.649237329,0.452307692,-0.196929637,5724.857862471341,5236.5163334138015,-488.34152905753945
Austin Riley,2021,2022,662,693,55.73442417084595,53.89543013348539,-1.8389940373605569,64.03799337953087,74.14742910991879,10.109435730387915,36.2794422143114,43.66095685086986,7.381514636558457,45.30762743476976,44.43588432981901,-0.8717431049507525,44.18991473396591,46.692740396445664,2.502825662479758,5.073919567793721,5.87082165672667,0.7969020889329483,136.21561590172186,143.55505058023763,7.339434678515772,0.89757796,0.877661633,-0.01991632700000001,5706.889979559854,6545.65933909094,838.7693595310866
Austin Riley,2022,2023,693,715,53.89543013348539,54.25952501245374,0.364094878968352,74.14742910991879,68.46133897628607,-5.686090133632717,43.66095685086986,55.86566105858704,12.204704207717178,44.43588432981901,50.830464866454896,6.394580536635885,46.692740396445664,49.29210503649131,2.5993646400456427,5.87082165672667,5.109713067331594,-0.761108589395076,143.55505058023763,127.9605487605147,-15.594501819722936,0.877661633,0.861177815,-0.016483817999999983,6545.65933909094,7398.792688811367,853.1333497204268
Austin Riley,2023,2024,715,469,54.25952501245374,50.61642081653849,-3.6431041959152495,68.46133897628607,66.63935008984288,-1.8219888864431937,55.86566105858704,45.39879301650371,-10.466868042083327,50.830464866454896,48.5767097488027,-2.2537551176521973,49.29210503649131,47.72876238576795,-1.5633426507233565,5.109713067331594,2.4249274132981324,-2.6847856540334614,127.9605487605147,116.3971439034069,-11.563404857107798,0.861177815,0.78313809,-0.078039725,7398.792688811367,6342.634329348496,-1056.158359462871
Austin Riley,2024,2025,469,447,50.61642081653849,45.805915778686426,-4.810505037852067,66.63935008984288,60.44045743663237,-6.198892653210507,45.39879301650371,44.47067564926516,-0.9281173672385492,48.5767097488027,51.2664722689577,2.689762520155,47.72876238576795,43.15665164750985,-4.572110738258104,2.4249274132981324,1.6665352305783354,-0.758392182719797,116.3971439034069,103.24553709201687,-13.151606811390025,0.78313809,0.736609447,-0.046528643000000036,6342.634329348496,5670.927638833512,-671.7066905149841
Austin Slater,2021,2022,306,325,46.45503300971512,48.56918871956407,2.1141557098489443,53.18094040743287,52.94552548161731,-0.23541492581556156,68.26505952065094,68.47143969089598,0.20638017024504052,51.54491199315604,47.00339580776241,-4.5415161853936326,52.77991413340989,59.6450434136064,6.865129280196513,1.490070550227132,2.1071385384035484,0.6170679881764163,102.93025202727476,124.45609825448678,21.525846227212014,0.743619101,0.774096084,0.030476983000000013,7034.046126877573,7187.894324706955,153.8481978293812
Austin Slater,2022,2023,325,207,48.56918871956407,48.51344595304888,-0.055742766515187725,52.94552548161731,53.53729422493983,0.5917687433225183,68.47143969089598,44.82244143683366,-23.64899825406232,47.00339580776241,49.77638170316053,2.772985895398122,59.6450434136064,56.10422715633977,-3.540816257266634,2.1071385384035484,0.6701924384074835,-1.4369460999960648,124.45609825448678,108.99494357950476,-15.461154674982012,0.774096084,0.747826086,-0.02626999799999996,7187.894324706955,6059.43054491481,-1128.463779792145
Austin Slater,2023,2024,207,212,48.51344595304888,43.902451778084696,-4.610994174964183,53.53729422493983,39.324763763124594,-14.212530461815234,44.82244143683366,46.759957930683385,1.9375164938497278,49.77638170316053,49.330482013364986,-0.44589968979554584,56.10422715633977,61.810245832922334,5.706018676582566,0.6701924384074835,-0.1720788739751856,-0.8422713123826692,108.99494357950476,76.20326407470345,-32.79167950480131,0.747826086,0.586291439,-0.16153464699999998,6059.43054491481,5532.637976338645,-526.7925685761647
Austin Slater,2024,2025,212,160,43.902451778084696,46.33484726756946,2.4323954894847617,39.324763763124594,56.27055038416851,16.945786621043915,46.759957930683385,52.35662652643849,5.596668595755105,49.330482013364986,51.09779593917095,1.767313925805965,61.810245832922334,45.19646173152009,-16.613784101402246,-0.1720788739751856,0.0191514298649267,0.1912303038401123,76.20326407470345,77.60017416467028,1.3969100899668234,0.586291439,0.642061872,0.05577043299999995,5532.637976338645,6007.035823931152,474.3978475925069
Austin Wells,2024,2025,414,448,49.16377254895156,42.34745846903419,-6.816314079917376,51.490886808463074,57.23989253562365,5.749005727160579,41.13743201157101,49.50834384613968,8.370911834568673,76.05426760330518,73.90875825929928,-2.1455093440059017,56.92140503268098,44.24411158580942,-12.677293446871559,3.4710188760808376,3.053728235869969,-0.4172906402108687,106.57319770127978,93.86250687821568,-12.710690823064098,0.717514123,0.711576762,-0.005937360999999974,7088.201935698774,6686.198120952595,-402.00381474617916
Austin Wynns,2021,2022,139,177,48.062779171303646,52.04554365297537,3.9827644816717225,37.47497826631068,38.69194526402261,1.2169669977119284,48.80262293064545,41.56963811329217,-7.232984817353277,44.90783384826823,51.28288083532211,6.375046987053878,45.693413974064406,48.78066689620314,3.087252922138731,-0.6698017357800568,0.5953477995924712,1.265149535372528,44.01328145640737,92.71112216729544,48.69784071088807,0.539576364,0.670524691,0.13094832700000003,4788.471424105611,5133.039254076153,344.56782997054233
Austin Wynns,2022,2023,177,145,52.04554365297537,41.14617746280783,-10.899366190167541,38.69194526402261,35.19234294267336,-3.4996023213492435,41.56963811329217,46.16321615332247,4.593578040030302,51.28288083532211,61.14658779475154,9.863706959429429,48.78066689620314,45.380654253039495,-3.4000126431636417,0.5953477995924712,0.1408752831543501,-0.4544725164381211,92.71112216729544,37.84629178596309,-54.864830381332354,0.670524691,0.544528709,-0.12599598199999995,5133.039254076153,5010.85899307388,-122.18026100227326
Avisaíl García,2021,2022,515,380,45.790674082953615,35.217918174123554,-10.572755908830061,65.03962523320956,51.67206909712664,-13.367556136082925,45.45489887725807,50.1866268691192,4.731727991861135,49.47546562205382,45.7431139496906,-3.7323516723632153,35.12950576116816,30.93963992913406,-4.189865832034101,2.292552548016553,-1.0184816430092396,-3.3110341910257928,115.4663217888774,61.30696548419725,-54.159356304680145,0.820335698,0.582316083,-0.2380196149999999,5482.903852414521,4381.340153796068,-1101.5636986184527
Avisaíl García,2022,2023,380,118,35.217918174123554,35.146757387977274,-0.07116078614627952,51.67206909712664,53.02903028986373,1.3569611927370886,50.1866268691192,52.40638796775367,2.2197610986344714,45.7431139496906,51.56622863221511,5.823114682524505,30.93963992913406,40.00849653683882,9.06885660770476,-1.0184816430092396,-0.419191292269339,0.5992903507399006,61.30696548419725,45.50983528927985,-15.7971301949174,0.582316083,0.556194124,-0.026121959000000028,4381.340153796068,5142.607186624348,761.2670328282802
Ben Gamel,2021,2022,400,423,47.65456248524626,52.06880780618579,4.4142453209395285,46.071467418621474,47.92945266424131,1.8579852456198367,44.93493405613435,52.52667854010164,7.59174448396729,28.21286097310444,36.76136177203957,8.54850079893513,59.66943181870561,61.25620650653871,1.586774687833099,-0.1204254521866486,0.0597308801572222,0.1801563323438708,99.07781245086991,95.02452281267688,-4.053289638193036,0.734968962,0.693149305,-0.0418196569999999,4784.024970165399,5889.681802354496,1105.6568321890963
Ben Rice,2024,2025,178,530,45.431422160654016,60.03009786500692,14.598675704352907,54.698270820523085,68.25198727032235,13.55371644979926,44.28032267694349,44.96660715007035,0.6862844731268609,49.07789957897404,45.43407932035172,-3.64382025862232,57.30011029228141,59.70836674966153,2.4082564573801193,-0.2620388494106458,3.0460694295556765,3.3081082789663223,74.1927275361404,132.60016845324574,58.40744091710535,0.612729153,0.836050548,0.22332139500000003,5942.038057027707,7373.704724250317,1431.6666672226102
Ben Rortvedt,2024,2025,328,128,43.68502005860768,43.76865091686965,0.08363085826197647,37.94189301722527,28.541497864636213,-9.400395152589056,44.564837973193136,43.93906202094322,-0.6257759522499171,58.28617679831767,52.02038534889128,-6.265791449426388,56.546777824832034,52.40629459874896,-4.140483226083077,1.3624902071063505,-0.4556571741782179,-1.8181473812845683,86.97182020926962,30.52906080634668,-56.442759402922945,0.620521445,0.445357142,-0.17516430299999997,5569.398044236622,4664.449500648897,-904.948543587725
Blake Perkins,2023,2024,168,434,46.40626309017995,47.635931922027225,1.2296688318472775,41.63232329392041,41.2038031280774,-0.428520165843004,55.8409758247052,60.73942927299501,4.898453448289814,63.361055528124986,60.47222241163229,-2.888833116492698,65.40911973556219,58.80891086351541,-6.600208872046778,1.0693286230249115,1.5599025994215283,0.4905739763966168,89.45778405527285,84.12552638252333,-5.33225767274952,0.674951553,0.647260891,-0.027690662000000033,7120.901073642378,6893.3756251183,-227.52544852407755
Blake Perkins,2024,2025,434,171,47.635931922027225,46.43380759222555,-1.202124329801677,41.2038031280774,42.68479740123281,1.480994273155403,60.73942927299501,59.10517939909677,-1.6342498738982414,60.47222241163229,51.79534974557025,-8.676872666062039,58.80891086351541,57.93366158794407,-0.8752492755713348,1.5599025994215283,0.4309011547349111,-1.1290014446866172,84.12552638252333,82.89601454220178,-1.2295118403215497,0.647260891,0.64663271,-0.0006281809999999499,6893.3756251183,6304.105925102393,-589.2697000159078
Blaze Alexander,2024,2025,185,266,44.4218564253823,39.59938270466239,-4.822473720719913,44.5251461843182,53.89111941109245,9.365973226774244,48.51638266750562,43.13014597872988,-5.386236688775739,43.50950647316262,54.58319070868195,11.07368423551933,46.52393556916999,49.86766346296374,3.343727893793748,-0.0738897551869216,1.0504115878801052,1.1243013430670268,88.73669676858748,99.29029533222676,10.553598563639284,0.664025666,0.705802611,0.041776944999999954,4916.92681443796,5472.965410498129,556.0385960601689
Bo Bichette,2021,2022,690,697,62.026545830228166,60.11083861819698,-1.9157072120311867,61.51665946609357,62.55600059873577,1.0393411326421997,80.0,46.83229074716035,-33.16770925283965,47.54014811947226,44.917291942976576,-2.622856176495688,32.15237915959473,37.69470909725982,5.542329937665087,4.858364381005121,4.817446944107239,-0.04091743689788174,121.6489946021056,129.34172848499162,7.692733882886017,0.82785326,0.802180246,-0.025673013999999994,7638.429618007619,6064.183132318219,-1574.2464856894003
Bo Bichette,2022,2023,697,601,60.11083861819698,66.33770207193615,6.2268634537391705,62.55600059873577,58.0048776238065,-4.551122974929271,46.83229074716035,44.99407937008967,-1.838211377070678,44.917291942976576,50.00345058129121,5.086158638314636,37.69470909725982,33.08581585680136,-4.608893240458457,4.817446944107239,3.885924649688416,-0.9315222944188228,129.34172848499162,123.77530381551338,-5.566424669478238,0.802180246,0.81404023,0.01185998399999999,6064.183132318219,5971.15485759253,-93.02827472568879
Bo Bichette,2023,2024,601,336,66.33770207193615,53.136500849006026,-13.201201222930123,58.0048776238065,45.41300145094165,-12.59187617286485,44.99407937008967,50.224016793672206,5.229937423582534,50.00345058129121,53.32339349970189,3.319942918410682,33.08581585680136,37.48037579687728,4.394559940075922,3.885924649688416,0.2897790681507979,-3.596145581537618,123.77530381551338,70.05313206678242,-53.72217174873096,0.81404023,0.598329122,-0.21571110800000004,5971.15485759253,5403.039183846293,-568.115673746237
Bo Bichette,2024,2025,336,628,53.136500849006026,70.03432013481768,16.89781928581165,45.41300145094165,57.23719204872587,11.824190597784224,50.224016793672206,39.2207181527221,-11.003298640950106,53.32339349970189,34.92114389585171,-18.40224960385018,37.48037579687728,41.91176279929232,4.431387002415036,0.2897790681507979,3.8249870635104086,3.5352079953596105,70.05313206678242,133.74225688817225,63.689124821389825,0.598329122,0.839505767,0.24117664500000002,5403.039183846293,5716.778114742567,313.7389308962738
Bo Naylor,2023,2024,230,389,51.07036941728577,37.598032881407896,-13.472336535877872,50.5350515565722,48.34584044388192,-2.1892111126902805,56.90770032123596,47.02083539849656,-9.886864922739399,54.95346132139406,69.7153613007062,14.761899979312147,59.96480623179362,48.12435416669073,-11.840452065102888,2.067928596397535,1.5984485729762787,-0.4694800234212564,122.54302783048,74.11022035632865,-48.432807474151346,0.808827403,0.613848376,-0.19497902700000003,7105.177224379022,5960.001383025886,-1145.175841353136
Bo Naylor,2024,2025,389,414,37.598032881407896,44.52588821153168,6.9278553301237835,48.34584044388192,50.52516896873867,2.17932852485675,47.02083539849656,44.0419839985209,-2.9788513999756603,69.7153613007062,56.82615323307739,-12.889208067628815,48.12435416669073,54.154388071107725,6.030033904416996,1.5984485729762787,1.4790240627913165,-0.11942451018496225,74.11022035632865,84.52468223941526,10.414461883086602,0.613848376,0.661068525,0.047220149000000045,5960.001383025886,5928.078411578137,-31.92297144774875
Bobby Dalbec,2021,2022,453,353,34.786434588207655,35.67746014281614,0.8910255546084827,69.21341433390039,57.67821469100481,-11.535199642895577,48.18932739582414,54.708740202868185,6.5194128070440485,33.01311368583738,46.80497151961952,13.791857833782139,41.29974620225794,49.90933461973449,8.609588417476544,0.4575789929385848,-0.1869417099844972,-0.644520702923082,105.98836944673836,79.57262171738124,-26.415747729357122,0.792018041,0.652371291,-0.13964674999999993,4819.012723601016,5654.315820245517,835.3030966445012
Bobby Witt Jr.,2022,2023,632,694,54.00456443666114,61.74327964520923,7.738715208548086,55.26173132122261,61.23182927105029,5.970097949827675,80.0,79.32639444215522,-0.6736055578447804,39.39095174954261,70.6311766102624,31.240224860719792,39.27087591176832,43.10220950793247,3.83133359616415,2.318757224162092,5.891634902419943,3.572877678257851,97.83347165467836,115.84897306027436,18.015501405595998,0.722391783,0.813443099,0.09105131600000005,6764.068063809151,9485.12550520379,2721.0574413946397
Bobby Witt Jr.,2023,2024,694,709,61.74327964520923,72.1954127549888,10.452133109779567,61.23182927105029,72.35771087185032,11.125881600800028,79.32639444215522,66.21740069460526,-13.10899374754996,70.6311766102624,74.3075568124181,3.6763802021556984,43.10220950793247,48.70581683228834,5.60360732435587,5.891634902419943,10.490035552883826,4.5984006504638835,115.84897306027436,169.13393177564416,53.2849587153698,0.813443099,0.977330991,0.16388789199999998,9485.12550520379,10495.49565023892,1010.3701450351291
Bobby Witt Jr.,2024,2025,709,687,72.1954127549888,62.46563426614826,-9.729778488840537,72.35771087185032,65.17765957198428,-7.180051299866037,66.21740069460526,73.07113012547809,6.853729430872832,74.3075568124181,80.0,5.692443187581901,48.70581683228834,45.11730944282793,-3.5885073894604105,10.490035552883826,8.004788844585176,-2.48524670829865,169.13393177564416,129.71644196602443,-39.417489809619724,0.977330991,0.85160315,-0.125727841,10495.49565023892,10037.129779193776,-458.36587104514365
Brad Miller,2021,2022,377,241,43.30496311276238,35.75276586934697,-7.5521972434154065,63.63406704015676,50.46933353000157,-13.164733510155187,53.26524575806245,43.20343482039242,-10.061810937670032,39.95153483813493,39.53904288659383,-0.4124919515410994,55.87013918470242,46.15448436442147,-9.715654820280946,0.7183511022283336,-1.1305296022210856,-1.848880704449419,105.81759774164634,68.38938513269808,-37.42821260894826,0.774127112,0.589529362,-0.18459775,6146.077004736866,4359.711498775339,-1786.3655059615267
Bradley Zimmer,2021,2022,348,117,36.35088329538821,27.05135480774956,-9.299528487638646,52.12179697390133,45.30010938405724,-6.821687589844096,60.14660472576723,55.1056310444415,-5.040973681325731,62.45253728699005,55.06896134990371,-7.383575937086341,51.61465782639768,42.238618201647085,-9.376039624750597,1.4286246874692488,-0.2888162470699598,-1.7174409345392085,91.06509401388156,26.73991137997073,-64.32518263391083,0.669194248,0.435467979,-0.23372626900000004,6603.011966953231,4862.266449993608,-1740.7455169596233
Brandon Belt,2021,2022,381,298,50.19271000061061,41.357270613739445,-8.835439386871165,67.08482383891548,49.68823018967991,-17.39659364923557,45.490252664958966,47.72619927126276,2.2359466063037914,47.92368620021848,42.553397867524936,-5.370288332693541,59.0240792075441,60.31306318225219,1.2889839747080956,3.5723140760583214,0.050058500097738,-3.5222555759605836,158.60968534952224,96.6079658223604,-62.00171952716184,0.974875831,0.675897055,-0.298978776,6842.930206090328,5477.239737336324,-1365.6904687540045
Brandon Belt,2022,2023,298,404,41.357270613739445,40.38001226294136,-0.9772583507980883,49.68823018967991,59.064648729578906,9.376418539898992,47.72619927126276,38.92615402870298,-8.800045242559776,42.553397867524936,45.88085122908667,3.327453361561737,60.31306318225219,66.40081042792808,6.087747245675885,0.050058500097738,2.1291662148482686,2.079107714750531,96.6079658223604,137.3602310574809,40.75226523512049,0.675897055,0.858487397,0.18259034200000002,5477.239737336324,5800.468575529343,323.2288381930193
Brandon Crawford,2021,2022,549,458,53.95236938246667,43.15514834101685,-10.797221041449824,57.41582492274568,45.01062029262314,-12.40520463012254,48.43585202163823,51.11676702906888,2.6809150074306487,75.824819412313,64.90402590041862,-10.920793511894388,50.754761241612655,50.76139286050744,0.006631618894786584,6.197402252497148,2.049028410187571,-4.148373842309577,139.67776093736074,86.73458482548692,-52.943176111873825,0.895145323,0.651840605,-0.2433047180000001,7674.148336850462,6203.815626131701,-1470.3327107187615
Brandon Crawford,2022,2023,458,320,43.15514834101685,38.80004447212101,-4.355103868895839,45.01062029262314,48.205855776166736,3.1952354835435983,51.11676702906888,51.532205378041134,0.41543834897225196,64.90402590041862,60.48585589228234,-4.418170008136279,50.76139286050744,45.81824804627208,-4.94314481423536,2.049028410187571,0.3689557398796371,-1.6800726703079338,86.73458482548692,62.05413468504795,-24.68045014043897,0.651840605,0.587214904,-0.06462570099999998,6203.815626131701,5716.143999192793,-487.67162693890805
Brandon Drury,2022,2023,568,523,57.085728584720776,46.77507680608712,-10.310651778633655,61.80286345113316,61.603345314858,-0.19951813627516657,35.59247952362732,38.02677070040261,2.4342911767752895,50.49745083305146,58.325062004801865,7.827611171750405,49.13534531140469,37.31493657861968,-11.820408732785012,3.128086297632398,2.725521892704549,-0.40256440492784895,123.03410402665313,114.79551936451304,-8.238584662140084,0.812700527,0.802834558,-0.009865968999999919,6092.108922438399,5403.806245435275,-688.3026770031238
Brandon Drury,2023,2024,523,360,46.77507680608712,42.65428138924092,-4.1207954168461995,61.603345314858,40.4435837611312,-21.159761553726796,38.02677070040261,41.70998949052068,3.683218790118069,58.325062004801865,46.86494270376716,-11.460119301034702,37.31493657861968,50.80051829405232,13.485581715432637,2.725521892704549,-2.0524530070176628,-4.777974899722212,114.79551936451304,35.16378374768347,-79.63173561682957,0.802834558,0.469358973,-0.333475585,5403.806245435275,4714.554872291807,-689.2513731434674
Brandon Lowe,2021,2022,615,266,42.41796364483109,40.91840303829189,-1.4995606065391982,63.78834487114458,53.45398027950613,-10.334364591638447,59.85107781025543,52.320249407906864,-7.530828402348568,38.03140810952018,44.93936440942644,6.90795629990626,48.16359413110436,49.82698712131656,1.663392990212202,4.453706042417807,0.6005103203862409,-3.8531957220315665,136.42345818863697,102.8385053176613,-33.58495287097567,0.863201883,0.691249399,-0.17195248399999996,6027.094577951143,5522.428408959971,-504.6661689911716
Brandon Lowe,2022,2023,266,436,40.91840303829189,40.95094509849496,0.03254206020307038,53.45398027950613,59.12504206707247,5.671061787566337,52.320249407906864,54.840801096322,2.520551688415132,44.93936440942644,56.67507492291089,11.735710513484449,49.82698712131656,50.20843064815311,0.3814435268365486,0.6005103203862409,2.8560483908884096,2.2555380705021686,102.8385053176613,116.23569895923764,13.397193641576337,0.691249399,0.770952473,0.07970307399999998,5522.428408959971,6502.110334976175,979.6819260162038
Brandon Lowe,2023,2024,436,425,40.95094509849496,42.97576376861066,2.0248186701156996,59.12504206707247,61.17813298094089,2.0530909138684166,54.840801096322,55.41194384123951,0.5711427449175162,56.67507492291089,47.13883914593213,-9.536235776978756,50.20843064815311,41.78443758379073,-8.423993064362385,2.8560483908884096,2.240291619812356,-0.6157567710760534,116.23569895923764,123.2743026621114,7.038603702873758,0.770952473,0.783315507,0.01236303399999994,6502.110334976175,5894.942624872946,-607.1677101032292
Brandon Lowe,2024,2025,425,553,42.97576376861066,43.20256500959585,0.22680124098518917,61.17813298094089,63.20630579959565,2.0281728186547596,55.41194384123951,42.79280242553954,-12.619141415699971,47.13883914593213,32.52486658702582,-14.613972558906312,41.78443758379073,39.18039630360354,-2.6040412801871895,2.240291619812356,1.6801465739883783,-0.5601450458239778,123.2743026621114,113.99114429708716,-9.283158365024235,0.783315507,0.784731658,0.0014161510000000321,5894.942624872946,4657.471393865124,-1237.471231007822
Brandon Marsh,2021,2022,260,461,43.170500325248575,42.585918665104735,-0.58458166014384,52.500741982329885,50.00179925706831,-2.4989427252615712,64.24045747520557,57.644576577968834,-6.595880897236739,48.97608617284604,56.276830551201925,7.300744378355887,47.89557396403328,44.84278040121146,-3.052793562821819,0.5721004889974137,1.3813282304481425,0.8092277414507287,84.66501448226413,89.50422426833846,4.839209786074335,0.672534519,0.679193787,0.0066592679999999405,6276.409417066724,6033.996957434351,-242.4124596323727
Brandon Marsh,2022,2023,461,472,42.585918665104735,49.08502669502153,6.499108029916798,50.00179925706831,56.86231183388998,6.8605125768216695,57.644576577968834,60.6030387472915,2.958462169322665,56.276830551201925,54.87730507425621,-1.399525476945712,44.84278040121146,59.75252119904954,14.909740797838076,1.3813282304481425,3.528503624231231,2.1471753937830886,89.50422426833846,123.83902560738706,34.334801339048596,0.679193787,0.829470685,0.150276898,6033.996957434351,7501.39163191218,1467.3946744778286
Brandon Marsh,2023,2024,472,476,49.08502669502153,46.24177375307203,-2.843252941949501,56.86231183388998,57.59481995342698,0.7325081195369947,60.6030387472915,64.70814230834632,4.105103561054825,54.87730507425621,52.43950744147284,-2.437797632783372,59.75252119904954,59.082638765510566,-0.669882433538973,3.528503624231231,2.267824861977416,-1.2606787622538147,123.83902560738706,107.07699876956016,-16.762026837826895,0.829470685,0.747081339,-0.08238934600000003,7501.39163191218,7424.781261425774,-76.61037048640628
Brandon Marsh,2024,2025,476,425,46.24177375307203,55.36818499530939,9.12641124223736,57.59481995342698,54.441298052275,-3.1535219011519757,64.70814230834632,56.494610283167816,-8.213532025178509,52.43950744147284,49.195977403510994,-3.243530037961847,59.082638765510566,50.39919800690425,-8.683440758606316,2.267824861977416,2.428677818718473,0.16085295674105682,107.07699876956016,116.34232068203916,9.265321912478996,0.747081339,0.785314522,0.038233183000000004,7424.781261425774,6723.595460138613,-701.1858012871608
Brandon Nimmo,2021,2022,386,673,61.06565108780288,63.06907887352735,2.003427785724476,49.11751139564129,53.64257465329545,4.5250632576541605,45.64875448466256,54.01040662854936,8.3616521438868,52.896086482502895,50.34374664398696,-2.552339838515934,68.72652211265641,63.233430658092686,-5.493091454563725,3.222729153316445,5.47821816531842,2.2554890120019753,135.2182599974683,131.9522637759577,-3.2659962215105907,0.837964742,0.799922799,-0.03804194300000008,7365.162540749785,7689.773790340489,324.61124959070366
Brandon Nimmo,2022,2023,673,682,63.06907887352735,59.58707425635054,-3.4820046171768126,53.64257465329545,59.16713049348356,5.524555840188114,54.01040662854936,38.46818657726023,-15.542220051289135,50.34374664398696,44.87254680956181,-5.47119983442515,63.233430658092686,62.23493016650042,-0.9985004915922673,5.47821816531842,4.150166635316937,-1.328051530001483,131.9522637759577,129.03284148435202,-2.9194222916056844,0.799922799,0.828918124,0.028995325000000016,7689.773790340489,6671.115145673086,-1018.6586446674028
Brandon Nimmo,2023,2024,682,663,59.58707425635054,50.52623260626312,-9.060841650087418,59.16713049348356,57.70563339322947,-1.4614971002540926,38.46818657726023,57.80198757581836,19.333800998558132,44.87254680956181,49.0245884418111,4.152041632249286,62.23493016650042,60.8951040735466,-1.339826092953821,4.150166635316937,2.7663374211810257,-1.3838292141359116,129.03284148435202,108.35613521399686,-20.676706270355155,0.828918124,0.726599624,-0.10231849999999998,6671.115145673086,7202.83832892531,531.7231832522239
Brandon Nimmo,2024,2025,663,652,50.52623260626312,55.05093662587191,4.524704019608791,57.70563339322947,58.226764621478864,0.521131228249395,57.80198757581836,55.24760260730374,-2.5543849685146185,49.0245884418111,49.96308995793198,0.9385015161208798,60.8951040735466,51.371758039430105,-9.523346034116493,2.7663374211810257,2.995828314399062,0.22949089321803617,108.35613521399686,114.08380106543058,5.727665851433713,0.726599624,0.760232586,0.03363296199999999,7202.83832892531,6931.976655662521,-270.8616732627888
Brayan Rocchio,2024,2025,442,383,47.574423990504165,50.94468579726358,3.370261806759416,36.393783320632274,41.008946006430776,4.615162685798502,43.80214684782716,48.67292984407193,4.87078299624477,59.64934724036744,49.89059258266461,-9.75875465770283,54.7138129099534,43.1131055013072,-11.600707408646194,1.0718080209901153,0.3967039556179627,-0.6751040653721526,79.24428137441816,77.32626630544114,-1.9180150689770272,0.613654164,0.630353746,0.0166995820000001,5613.577774536736,5164.644282249795,-448.93349228694115
Brendan Donovan,2022,2023,468,371,67.55834683182238,69.40503234900237,1.846685517179992,42.7375342877765,49.00946511621489,6.271930828438393,39.68506888677023,53.9590022930574,14.27393340628717,46.76239778679129,44.0594866874383,-2.7029110993529883,73.95569609663119,59.44603201125038,-14.509664085380805,2.589561290589178,1.512838728300936,-1.076722562288242,127.20335533204724,118.40309469035932,-8.800260641687913,0.772520906,0.786883212,0.014362305999999991,7082.402979924247,7213.015540027664,130.6125601034173
Brendan Donovan,2023,2024,371,652,69.40503234900237,69.98758777686176,0.5825554278593899,49.00946511621489,47.13460833798558,-1.874856778229308,53.9590022930574,39.10645909608189,-14.85254319697551,44.0594866874383,52.984503336710986,8.925016649272685,59.44603201125038,58.42533950690173,-1.020692504348652,1.512838728300936,3.1838203952334068,1.6709816669324709,118.40309469035932,115.11562774919648,-3.2874669411628474,0.786883212,0.759401029,-0.02748218300000005,7213.015540027664,6847.049435104874,-365.9661049227907
Brendan Donovan,2024,2025,652,515,69.98758777686176,70.80187586432703,0.8142880874652718,47.13460833798558,48.919207106285,1.7845987682994178,39.10645909608189,42.53134861163279,3.4248895155508947,52.984503336710986,49.99445982191398,-2.9900435147970086,58.42533950690173,58.42970431799334,0.004364811091612353,3.1838203952334068,2.855031076009722,-0.3287893192236848,115.11562774919648,118.59689135104448,3.481263601847999,0.759401029,0.77456564,0.015164611000000106,6847.049435104874,7003.864293371516,156.81485826664266
Brendan Rodgers,2021,2022,415,581,57.45012000283104,59.37026377259842,1.9201437697673782,53.20482034124727,54.41944812724164,1.2146277859943666,46.57596542144087,48.53047875016118,1.95451332872031,46.638056528050654,53.821174273770936,7.183117745720281,37.76652076540734,51.20192805139972,13.435407285992376,1.2246083845268418,1.8280372071608189,0.603428822633977,98.06784888719378,93.55716968580194,-4.510679201391838,0.79799508,0.733270843,-0.06472423699999996,5534.174079717116,6790.299143766004,1256.125064048888
Brendan Rodgers,2022,2023,581,192,59.37026377259842,51.8079909480506,-7.562272824547819,54.41944812724164,49.307002771580144,-5.112445355661492,48.53047875016118,45.57992481623758,-2.950553933923601,53.821174273770936,52.36641063934422,-1.454763634426719,51.20192805139972,45.53967918215557,-5.662248869244152,1.8280372071608189,0.1938600774959205,-1.6341771296648984,93.55716968580194,77.28065654020078,-16.276513145601157,0.733270843,0.700140449,-0.03313039399999995,6790.299143766004,5674.398872614493,-1115.9002711515113
Brendan Rodgers,2023,2024,192,539,51.8079909480506,52.14436619654603,0.336375248495429,49.307002771580144,51.89467521675679,2.5876724451766435,45.57992481623758,44.9320944223524,-0.6478303938851795,52.36641063934422,46.60707741277896,-5.7593332265652535,45.53967918215557,44.05457119054773,-1.4851079916078334,0.1938600774959205,0.7561661700879377,0.5623060925920172,77.28065654020078,87.06819590311625,9.787539362915467,0.700140449,0.721312022,0.021171572999999944,5674.398872614493,5460.185461748594,-214.21341086589837
Brendan Rodgers,2024,2025,539,128,52.14436619654603,34.76693592258968,-17.37743027395635,51.89467521675679,51.21688708658855,-0.6777881301682385,44.9320944223524,44.03826130574439,-0.8938331166080076,46.60707741277896,50.47171244026047,3.864635027481505,44.05457119054773,48.139443469637314,4.084872279089581,0.7561661700879377,-0.3172397297213083,-1.073405899809246,87.06819590311625,54.80355677672033,-32.26463912639592,0.721312022,0.543885869,-0.17742615299999998,5460.185461748594,4927.511519052013,-532.6739426965814
Brent Rooker,2023,2024,526,614,36.84419418827929,47.95305878344645,11.108864595167162,66.27804764687345,73.19643053250144,6.918382885627992,47.76624260047565,51.89582971219521,4.129587111719559,38.98017261547632,37.35858023703284,-1.6215923784434807,50.29724244724227,48.502070452701965,-1.7951719945403042,2.077314870985017,5.109351443785511,3.032036572800494,126.08690114436892,163.63141597278016,37.54451482841124,0.817018288,0.927091908,0.11007361999999998,5365.626668793833,6365.006543479385,999.3798746855518
Brent Rooker,2024,2025,614,699,47.95305878344645,49.61664675379372,1.6635879703472654,73.19643053250144,61.67071801907856,-11.525712513422874,51.89582971219521,49.42766447734349,-2.4681652348517176,37.35858023703284,35.196496324460725,-2.1620839125721147,48.502070452701965,50.80407081230486,2.302000359602893,5.109351443785511,2.426791018113569,-2.6825604256719418,163.63141597278016,121.97580261381478,-41.65561335896538,0.927091908,0.814476779,-0.11261512899999992,6365.006543479385,5780.838838980405,-584.1677044989801
Brenton Doyle,2023,2024,431,603,29.107960185892857,48.365548347116125,19.257588161223268,46.88645559866992,55.96803250883114,9.081576910161225,67.32292851220775,68.45774739799504,1.1348188857872827,77.49770216589559,68.89911107390037,-8.598591091995218,38.68084499978528,45.25993059110079,6.579085591315511,0.4392191915576295,3.560922016534456,3.121702824976827,44.2823275436557,96.74659953880382,52.464271995148124,0.593358395,0.763689789,0.17033139399999997,6591.9020322533415,7875.907436464303,1284.0054042109614
Brenton Doyle,2024,2025,603,538,48.365548347116125,44.142342876740855,-4.2232054703752695,55.96803250883114,51.828440775782745,-4.139591733048398,68.45774739799504,60.25257411643488,-8.205173281560157,68.89911107390037,62.03463478888111,-6.864476285019265,45.25993059110079,42.66062281509053,-2.5993077760102636,3.560922016534456,0.4366144612784974,-3.124307555255959,96.74659953880382,65.19035574944472,-31.5562437893591,0.763689789,0.650747754,-0.112942035,7875.907436464303,6504.250882063302,-1371.656554401001
Brett Baty,2023,2024,389,171,41.30811247395395,46.198372031092624,4.890259557138677,49.9869955376038,45.31454555790113,-4.672449979702677,47.148854477121645,46.83673507901965,-0.3121193981019985,47.230827967053386,54.03381947967379,6.802991512620402,49.34367239974547,48.24836151238024,-1.0953108873652297,-0.4864328442996425,0.4680567417089783,0.9544895860086209,66.5629569433917,82.62844584346738,16.065488900075678,0.59827085,0.632679737,0.034408887,5239.091650025357,5507.8775214597445,268.78587143438745
Brett Baty,2024,2025,171,432,46.198372031092624,51.08477094650838,4.886398915415754,45.31454555790113,61.85475984472564,16.540214286824515,46.83673507901965,55.30076025419847,8.464025175178826,54.03381947967379,53.19497321688743,-0.8388462627863547,48.24836151238024,51.14509571623986,2.8967342038596158,0.4680567417089783,2.298866795133429,1.830810053424451,82.62844584346738,110.61089182065844,27.982445977191063,0.632679737,0.748339561,0.11565982399999997,5507.8775214597445,7064.244010873955,1556.3664894142103
Brett Phillips,2021,2022,292,225,30.939440986545566,24.435127882498392,-6.504313104047174,54.904554542491525,42.085115474802265,-12.81943906768926,71.71142024806214,62.633867430827394,-9.077552817234746,67.31627875073288,66.0060293879704,-1.3102493627624767,58.7236685649463,52.09957122298463,-6.624097341961672,2.2270728054369062,0.0636156108861644,-2.163457194550742,102.12801570795078,36.79865806341031,-65.32935764454047,0.72687747,0.465950788,-0.260926682,7719.38435388925,5949.080643445337,-1770.3037104439127
Brett Wisely,2023,2024,131,272,35.49245660789329,49.86735729922695,14.374900691333664,40.61298948804331,40.20785781570603,-0.40513167233728353,46.52433651496246,43.71146225113823,-2.8128742638242272,55.14952576412082,58.66089406176248,3.51136829764166,43.67113241772765,43.01285130779921,-0.6582811099284385,-0.3579047538567851,0.5611865219749937,0.9190912758317789,36.37133689645003,75.02968781063545,38.65835091418542,0.497435896,0.623015872,0.12557997599999998,4686.416706099581,5228.369889318839,541.9531832192588
Brian Anderson,2021,2022,264,383,44.70357546918735,43.15528805824546,-1.5482874109418887,46.80951560814,51.20125757308536,4.3917419649453535,54.28943428263377,48.041581392236495,-6.247852890397276,52.83439603830177,45.0481881392341,-7.786207899067669,49.39025282580548,50.54267547896704,1.1524226531615582,1.0395394588652849,0.1972757743138461,-0.8422636845514387,94.79284658629706,85.07076668363327,-9.722079902663793,0.714803615,0.656858806,-0.057944808999999986,5858.31287874117,5369.484520189582,-488.82835855158737
Brian Anderson,2022,2023,383,361,43.15528805824546,39.37907543950667,-3.776212618738789,51.20125757308536,48.01823728473615,-3.183020288349205,48.041581392236495,43.53457983924032,-4.507001552996172,45.0481881392341,49.692191695419325,4.6440035561852255,50.54267547896704,49.818169417203976,-0.7245060617630656,0.1972757743138461,0.3550652192046772,0.1577894448908311,85.07076668363327,86.53717903797508,1.4664123543418128,0.656858806,0.678173835,0.02131502899999993,5369.484520189582,5032.070336178609,-337.41418401097326
Brice Turang,2023,2024,448,619,51.90539179916733,65.2062940132386,13.300902214071272,34.20067046981045,38.20102424786761,4.0003537780571605,66.49099876945023,79.66786260316998,13.17686383371975,51.748038198340815,58.432824370891794,6.684786172550979,51.48700146470576,52.94252476862249,1.4555233039167277,-0.1322854778403473,2.561491325778403,2.6937768036187504,61.41604730122035,88.1685147784398,26.752467477219447,0.584898208,0.664798121,0.07989991299999999,6099.514889474743,7958.120650903344,1858.605761428601
Brice Turang,2024,2025,619,659,65.2062940132386,60.53585292714472,-4.670441086093888,38.20102424786761,54.61219970583737,16.41117545796976,79.66786260316998,56.75597355634921,-22.911889046820768,58.432824370891794,48.688570617152735,-9.74425375373906,52.94252476862249,57.30821607874539,4.365691310122898,2.561491325778403,4.41621399531057,1.8547226695321668,88.1685147784398,123.56972992154684,35.40121514310704,0.664798121,0.794140029,0.129341908,7958.120650903344,7336.634825351272,-621.4858255520712
Brooks Baldwin,2024,2025,121,328,45.176164908744106,47.68788481565791,2.511719906913804,40.684201674487305,52.64502285218728,11.960821177699977,54.09391108592815,54.49446303540241,0.40055194947426287,51.892421431026925,31.88004662108609,-20.012374809940834,38.21304685759903,41.0746166138731,2.861569756274065,0.071566040728997,-0.1679727527180026,-0.2395387934469996,58.81138702529407,92.06455234934523,33.25316532405117,0.565789473,0.696790122,0.13100064899999997,5019.236078015837,4938.313568951778,-80.92250906405934
Brooks Lee,2024,2025,185,527,55.02224676605152,51.25494084675671,-3.767305919294813,38.0368858101354,46.19075558157751,8.15386977144211,50.45948813731033,42.516521429091696,-7.942966708218634,48.19967592001955,46.66529431568914,-1.534381604330413,43.96402925383431,43.445125359057904,-0.5189038947764075,-0.30011437296092,0.3187687622033011,0.618883135164221,60.6328305697572,80.54517307796851,19.91234250821131,0.584632305,0.654239837,0.06960753200000003,5222.431703357781,5026.13281221621,-196.2988911415705
Bryan De La Cruz,2021,2022,219,355,53.50308910566385,52.36543751380251,-1.137651591861335,47.0093344038546,59.87923550729468,12.869901103440078,46.47247646953319,51.259781819007394,4.787305349474202,48.13468543178657,39.55116601326921,-8.583519418517362,46.01512995149967,43.56527122701575,-2.449858724483917,0.7987182832460085,0.4778537082197268,-0.3208645750262817,110.82337219264896,98.78378322342736,-12.039588969221597,0.783300061,0.725396252,-0.05790380900000003,5522.594138924726,5818.922703209708,296.32856428498144
Bryan De La Cruz,2022,2023,355,626,52.36543751380251,50.83161283304803,-1.5338246807544849,59.87923550729468,52.05218201696657,-7.827053490328112,51.259781819007394,39.82883248192446,-11.430949337082936,39.55116601326921,33.01718409762637,-6.5339819156428405,43.56527122701575,42.63232349433443,-0.9329477326813205,0.4778537082197268,-0.3398222317579483,-0.8176759399776751,98.78378322342736,90.8743237981001,-7.90945942532727,0.725396252,0.71505354,-0.010342712000000032,5818.922703209708,4569.245908022881,-1249.676795186827
Bryan De La Cruz,2023,2024,626,622,50.83161283304803,43.66323856187452,-7.168374271173505,52.05218201696657,52.48667254500613,0.4344905280395608,39.82883248192446,40.12193667263377,0.2931041907093146,33.01718409762637,38.81457378527019,5.797389687643822,42.63232349433443,36.032886515602975,-6.599436978731454,-0.3398222317579483,-1.088820067265311,-0.7489978355073628,90.8743237981001,78.18840393888668,-12.685919859213413,0.71505354,0.654093043,-0.06096049699999995,4569.245908022881,4244.962098792656,-324.2838092302245
Bryan Reynolds,2021,2022,646,614,62.93773440549099,51.38438666979823,-11.55334773569276,58.52842440819087,60.70954776486527,2.181123356674398,56.56996750458033,45.794036705086754,-10.77593079949358,64.45897933044958,36.3001282787817,-28.15885105166788,57.65850499986543,48.81534785806714,-8.843157141798287,6.331428981131811,2.90298319473102,-3.428445786400791,139.8216033903613,123.23038320123266,-16.59122018912865,0.912454238,0.806531484,-0.10592275400000006,8553.10990011205,5631.366190996436,-2921.7437091156135
Bryan Reynolds,2022,2023,614,640,51.38438666979823,53.44902516643671,2.06463849663848,60.70954776486527,59.9285394051887,-0.7810083596765693,45.794036705086754,59.22295814948274,13.42892144439599,36.3001282787817,41.07978192969988,4.779653650918178,48.81534785806714,50.88568990086366,2.0703420427965185,2.90298319473102,2.1253522768183988,-0.7776309179126213,123.23038320123266,109.71652888211293,-13.51385431911973,0.806531484,0.789617813,-0.016913670999999963,5631.366190996436,6655.159281995512,1023.7930909990764
Bryan Reynolds,2023,2024,640,692,53.44902516643671,53.05383630006988,-0.3951888663668299,59.9285394051887,57.847838001287776,-2.0807014039009246,59.22295814948274,55.76829848944114,-3.4546596600415995,41.07978192969988,27.30197932521157,-13.777802604488308,50.88568990086366,47.04268766053768,-3.84300224032598,2.1253522768183988,2.1604761896648714,0.03512391284647265,109.71652888211293,118.23192994662918,8.515401064516254,0.789617813,0.790875972,0.0012581590000000364,6655.159281995512,5515.111920063908,-1140.0473619316044
Bryan Reynolds,2024,2025,692,654,53.05383630006988,47.594633020029,-5.459203280040882,57.847838001287776,55.88479597557146,-1.9630420257163195,55.76829848944114,46.138882678442044,-9.629415810999099,27.30197932521157,40.56370798332102,13.261728658109448,47.04268766053768,49.6620054690413,2.6193178085036166,2.1604761896648714,1.0782438394413298,-1.0822323502235416,118.23192994662918,99.2542017197389,-18.977728226890278,0.790875972,0.720087106,-0.070788866,5515.111920063908,5462.850834179779,-52.26108588412899
Bryce Harper,2021,2022,599,426,56.11607301121931,55.35699818008074,-0.7590748311385696,75.964029523376,67.21964169792044,-8.744387825455561,48.55506901159284,52.75285680553095,4.197787793938112,43.6561650359954,43.567506622228414,-0.08865841376698569,65.37044038979244,47.43099034139616,-17.939450048396274,6.65250510370656,2.645840225715049,-4.006664877991511,170.48425745080436,139.18510857169528,-31.299148879109083,1.043564818,0.877363278,-0.16620153999999987,7890.499813634846,6779.845750758177,-1110.6540628766688
Bryce Harper,2022,2023,426,546,55.35699818008074,51.995062734520175,-3.3619354455605617,67.21964169792044,66.12467189907169,-1.0949697988487515,52.75285680553095,45.187892663045616,-7.564964142485337,43.567506622228414,43.12941690830501,-0.4380897139234037,47.43099034139616,56.2434864140479,8.81249607265174,2.645840225715049,3.454676825959673,0.8088366002446241,139.18510857169528,141.24409545955098,2.0589868878556956,0.877363278,0.900004809,0.022641530999999993,6779.845750758177,6526.744643677652,-253.10110708052525
Bryce Harper,2023,2024,546,631,51.995062734520175,55.14877159185155,3.153708857331374,66.12467189907169,66.14860672160663,0.02393482253494028,45.187892663045616,42.53058280533856,-2.6573098577070553,43.12941690830501,54.82704234295528,11.69762543465027,56.2434864140479,52.02253859764595,-4.220947816401953,3.454676825959673,5.098079086222505,1.6434022602628318,141.24409545955098,143.72135955460536,2.4772640950543803,0.900004809,0.898470418,-0.0015343909999999683,6526.744643677652,6902.007487204314,375.26284352666244
Bryce Harper,2024,2025,631,580,55.14877159185155,49.47184304000054,-5.676928551851006,66.14860672160663,63.50838027277001,-2.6402264488366143,42.53058280533856,53.10784130890052,10.577258503561957,54.82704234295528,46.817276751496735,-8.009765591458546,52.02253859764595,49.403995390793874,-2.618543206852074,5.098079086222505,3.474154026482733,-1.623925059739772,143.72135955460536,131.2467242056975,-12.474635348907867,0.898470418,0.843922499,-0.054547919,6902.007487204314,6542.365963957425,-359.64152324688894
Bryson Stott,2022,2023,466,640,58.44277207275802,67.50375580710451,9.060983734346493,44.83717329897912,44.6517276363352,-0.1854456626439145,62.68131611067736,71.72948904014959,9.04817292947223,50.412510219981804,73.65867216489586,23.246161944914057,53.09239352954098,49.44372443362701,-3.6486690959139665,1.3080956825202774,4.109588550382017,2.8014928678617395,84.26787985431471,100.14492551222828,15.87704565791357,0.652937472,0.747441915,0.09450444300000005,6833.422721039196,8787.809779387871,1954.387058348675
Bryson Stott,2023,2024,640,571,67.50375580710451,62.24658791083557,-5.257167896268939,44.6517276363352,41.28148343869926,-3.370244197635941,71.72948904014959,71.77156969601994,0.04208065587035037,73.65867216489586,52.67152603243108,-20.98714613246478,49.44372443362701,57.53416102815874,8.090436594531731,4.109588550382017,1.7802130348272072,-2.3293755155548097,100.14492551222828,86.98173722315366,-13.163188289074625,0.747441915,0.670967652,-0.07647426300000004,8787.809779387871,7572.551519654198,-1215.2582597336732
Bryson Stott,2024,2025,571,560,62.24658791083557,62.67991050968588,0.4333225988503102,41.28148343869926,43.28085971798683,1.9993762792875671,71.77156969601994,63.260812942994406,-8.510756753025532,52.67152603243108,61.52429776039661,8.852771727965525,57.53416102815874,62.507867273922685,4.9737062457639425,1.7802130348272072,3.0671196147582083,1.286906579931001,86.98173722315366,99.90073669076088,12.918999467607222,0.670967652,0.718738552,0.04777090000000006,7572.551519654198,8134.690741937333,562.1392222831346
Byron Buxton,2021,2022,254,382,53.74292109633426,40.96212456494693,-12.780796531387324,74.61938190456138,73.55549179236898,-1.0638901121923965,66.0924604623128,65.06124932858032,-1.0312111337324836,62.75402744209878,57.68308090584163,-5.0709465362571535,39.45268717458438,51.49554263321675,12.042855458632367,4.066125556065535,3.4088805730046468,-0.6572449830608886,170.70003080421128,134.62762882587776,-36.07240197833352,1.005076226,0.83275331,-0.17232291599999994,8410.06335727573,7908.664104890806,-501.3992523849247
Byron Buxton,2022,2023,382,347,40.96212456494693,37.015071409748046,-3.947053155198887,73.55549179236898,63.21487827524238,-10.340613517126606,65.06124932858032,65.37978871546757,0.31853938688725236,57.68308090584163,44.586937055603975,-13.096143850237652,51.49554263321675,49.47040919920315,-2.025133434013604,3.4088805730046468,0.5235276587014217,-2.8853529143032253,134.62762882587776,95.8871781876298,-38.740450638247964,0.83275331,0.731448126,-0.10130518399999999,7908.664104890806,6383.894534572872,-1524.7695703179343
Byron Buxton,2023,2024,347,388,37.015071409748046,47.10235453264141,10.08728312289336,63.21487827524238,65.40725616369136,2.1923778884489806,65.37978871546757,60.13779949002344,-5.241989225444129,44.586937055603975,53.618958861449634,9.032021805845659,49.47040919920315,37.68690346620889,-11.783505732994257,0.5235276587014217,3.685716165792499,3.162188507091077,95.8871781876298,140.44122218308823,44.55404399545843,0.731448126,0.858995207,0.127547081,6383.894534572872,6673.889234160623,289.9946995877517
Byron Buxton,2024,2025,388,542,47.10235453264141,45.05803867520451,-2.0443158574368994,65.40725616369136,72.58391306222796,7.176656898536606,60.13779949002344,80.0,19.86220050997656,53.618958861449634,47.43883126459457,-6.1801275968550655,37.68690346620889,43.77449534321941,6.087591877010517,3.685716165792499,5.012449588240003,1.3267334224475036,140.44122218308823,136.3415758121969,-4.099646370891321,0.858995207,0.877797773,0.018802565999999965,6673.889234160623,8046.562073498228,1372.6728393376043
C.J. Cron,2021,2022,547,632,55.28841133919887,51.80644746000672,-3.4819638791921506,61.57739197091759,61.95754174368951,0.3801497727719223,36.93918914977854,48.61464124501508,11.675452095236537,42.329721984923246,44.59912412404167,2.2694021391184265,53.32807914950503,45.73577983008304,-7.59229931942199,2.3450179129362105,1.357024239224603,-0.9879936737116075,125.40412691581508,102.9699656927768,-22.434161223038288,0.904558714,0.78319851,-0.12136020400000003,5919.63646732989,6086.380430906139,166.74396357624846
C.J. Cron,2022,2023,632,278,51.80644746000672,48.80960479361497,-2.99684266639175,61.95754174368951,55.72656228876208,-6.230979454927429,48.61464124501508,34.961638628124135,-13.653002616890944,44.59912412404167,50.33850044941407,5.7393763253723975,45.73577983008304,44.68118600905062,-1.0545938210324195,1.357024239224603,-0.3284798913637877,-1.6855041305883907,102.9699656927768,83.77166952404386,-19.198296168732938,0.78319851,0.729072555,-0.05412595499999995,6086.380430906139,5163.406995918305,-922.9734349878336
CJ Abrams,2022,2023,302,614,54.63332171041919,54.450756606905145,-0.18256510351404387,38.73914862136625,48.73106228980658,9.991913668440333,56.39558965360973,80.0,23.604410346390267,40.3911763434222,43.21717154974874,2.8259952063265388,29.802339491982973,37.84475850268603,8.042419010703053,-0.3158655082251925,2.254736163991991,2.5706016722171836,71.80761477374249,90.6051541518436,18.79753937810112,0.603943661,0.711587153,0.10764349200000001,4475.197415277335,6517.362563157154,2042.1651478798194
CJ Abrams,2023,2024,614,602,54.450756606905145,51.42010064183641,-3.030655965068732,48.73106228980658,52.16847805549563,3.437415765689053,80.0,58.96912562733468,-21.030874372665323,43.21717154974874,28.82772618233625,-14.389445367412492,37.84475850268603,40.13413756849703,2.289379065811005,2.254736163991991,1.8160484712184504,-0.4386876927735406,90.6051541518436,106.3049254749442,15.699771323100592,0.711587153,0.74700822,0.03542106700000003,6517.362563157154,5078.385514065426,-1438.977049091728
CJ Abrams,2024,2025,602,635,51.42010064183641,53.5738082815599,2.1537076397234856,52.16847805549563,51.78304553758989,-0.3854325179057412,58.96912562733468,77.62766821834848,18.6585425910138,28.82772618233625,38.56664357912887,9.738917396792623,40.13413756849703,41.55634663211882,1.4222090636217857,1.8160484712184504,3.15892119332544,1.3428727221069896,106.3049254749442,107.31756540218946,1.0126399272452602,0.74700822,0.748216033,0.0012078129999999465,5078.385514065426,6475.207043447183,1396.8215293817575
Cal Raleigh,2021,2022,148,415,30.09586098756549,38.28478676495861,8.18892577739312,45.457959910309214,67.59230943048661,22.134349520177395,43.82684871775398,46.47577069798072,2.6489219802267385,54.31405928678059,70.07988575722482,15.765826470444225,30.659088954483707,46.23226188628647,15.573172931802766,-0.0767547408597829,4.172002202548907,4.24875694340869,46.49978568160042,121.91814753081805,75.41836184921763,0.532325489,0.773526538,0.24120104900000006,3960.5421365567818,6655.551728420752,2695.00959186397
Cal Raleigh,2022,2023,415,569,38.28478676495861,41.84229290708855,3.557506142129938,67.59230943048661,59.58447151923482,-8.00783791125179,46.47577069798072,38.496254267980696,-7.979516430000025,70.07988575722482,72.97329674606155,2.8934109888367345,46.23226188628647,47.77055198544135,1.538290099154878,4.172002202548907,4.346603051815951,0.17460084926704322,121.91814753081805,113.66963414976036,-8.248513381057691,0.773526538,0.761939998,-0.011586540000000034,6655.551728420752,6220.3530735972045,-435.19865482354726
Cal Raleigh,2023,2024,569,628,41.84229290708855,40.59919054693542,-1.2431023601531308,59.58447151923482,64.70629634435018,5.121824825115361,38.496254267980696,39.95737617825279,1.461121910272091,72.97329674606155,80.0,7.02670325393845,47.77055198544135,48.95960769013519,1.1890557046938426,4.346603051815951,5.41411407977552,1.0675110279595694,113.66963414976036,117.55250684811342,3.8828726983530686,0.761939998,0.747999345,-0.013940653000000025,6220.3530735972045,6806.519483169729,586.1664095725246
Cal Raleigh,2024,2025,628,705,40.59919054693542,42.98203330171883,2.382842754783411,64.70629634435018,77.05072992248961,12.34443357813943,39.95737617825279,45.94862697378069,5.991250795527904,80.0,74.12831727985653,-5.871682720143468,48.95960769013519,53.17225765896432,4.212649968829126,5.41411407977552,9.065312477852814,3.6511983980772937,117.55250684811342,161.1147743082231,43.56226746010968,0.747999345,0.947791422,0.199792077,6806.519483169729,7839.220488021016,1032.7010048512866
Carlos Correa,2021,2022,640,590,63.762221133690325,61.96885904245188,-1.7933620912384427,59.87753988328924,61.08066943218323,1.2031295488939904,45.55613648022715,33.04329275856373,-12.512843721663423,72.8179044792792,48.898639109312455,-23.91926536996675,63.29556292302879,58.208348851179295,-5.087214071849495,6.282071013179333,4.576120655830672,-1.7059503573486614,132.95456314337574,139.16724655124978,6.212683407874039,0.850309684,0.833534644,-0.016775039999999963,8801.044973747956,6596.809458612742,-2204.235515135214
Carlos Correa,2022,2023,590,580,61.96885904245188,50.616907128407576,-11.351951914044307,61.08066943218323,55.9154034009485,-5.165266031234729,33.04329275856373,35.85375432163537,2.810461563071641,48.898639109312455,52.367074925529856,3.4684358162174007,58.208348851179295,56.37879429162369,-1.8295545595556035,4.576120655830672,1.715911247057373,-2.860209408773299,139.16724655124978,94.07402705384108,-45.0932194974087,0.833534644,0.710901649,-0.12263299500000002,6596.809458612742,5953.000786532779,-643.8086720799629
Carlos Correa,2023,2024,580,367,50.616907128407576,64.87763545526656,14.260728326858981,55.9154034009485,60.673876371193984,4.758472970245485,35.85375432163537,48.64058605431104,12.786831732675672,52.367074925529856,58.461496468004846,6.09442154247499,56.37879429162369,61.78412477856625,5.40533048694256,1.715911247057373,4.220448014662285,2.504536767604912,94.07402705384108,154.25036509244535,60.17633803860427,0.710901649,0.905219521,0.19431787200000006,5953.000786532779,8251.172464594976,2298.1716780621973
Carlos Correa,2024,2025,367,584,64.87763545526656,60.96163842332624,-3.9159970319403143,60.673876371193984,51.69498099074473,-8.978895380449252,48.64058605431104,38.34159431388863,-10.298991740422416,58.461496468004846,52.88545824833008,-5.576038219674764,61.78412477856625,50.71038553781163,-11.07373924075462,4.220448014662285,2.6059618088843868,-1.6144862057778981,154.25036509244535,106.24118134646454,-48.009183745980806,0.905219521,0.734426416,-0.170793105,8251.172464594976,6150.683010928873,-2100.489453666103
Carlos Santana,2021,2022,659,506,53.60266741341394,54.41186527718445,0.8091978637705068,47.47729568443248,55.669568576801424,8.192272892368948,39.35630951138068,43.861111750637725,4.504802239257046,41.67593966715928,47.95234340668387,6.276403739524596,67.32291400878421,70.52027790700353,3.197363898219322,-0.7727978696310082,0.8728289148057002,1.6456267844367085,80.97236105253302,101.9496115129378,20.97725046040479,0.660257563,0.692075602,0.03181803899999991,5928.926973621826,7034.399063454637,1105.4720898328114
Carlos Santana,2022,2023,506,619,54.41186527718445,54.84032429419969,0.4284590170152427,55.669568576801424,51.41862707129576,-4.250941505505665,43.861111750637725,53.99984348088991,10.138731730252182,47.95234340668387,49.59917880809491,1.646835401411039,70.52027790700353,59.81642710039058,-10.703850806612955,0.8728289148057002,1.524455221783021,0.6516263069773207,101.9496115129378,101.09534899904398,-0.8542625138938291,0.692075602,0.747346159,0.05527055700000005,7034.399063454637,6905.601303871024,-128.7977595836128
Carlos Santana,2023,2024,619,594,54.84032429419969,55.37440605183002,0.5340817576303323,51.41862707129576,54.54793370086294,3.129306629567182,53.99984348088991,43.82210578684453,-10.177737694045376,49.59917880809491,64.04643587225802,14.447257064163104,59.81642710039058,64.13035995488677,4.313932854496194,1.524455221783021,2.924642704207452,1.400187482424431,101.09534899904398,112.85098632720845,11.755637328164468,0.747346159,0.748628317,0.0012821579999999777,6905.601303871024,7549.541796143079,643.940492272055
Carlos Santana,2024,2025,594,474,55.37440605183002,48.37017599339644,-7.004230058433585,54.54793370086294,43.91750595149129,-10.630427749371648,43.82210578684453,49.89682924510738,6.074723458262845,64.04643587225802,56.7352349274219,-7.311200944836116,64.13035995488677,58.81848783589624,-5.311872118990529,2.924642704207452,0.2967989270571408,-2.627843777150311,112.85098632720845,81.67153940818149,-31.179446919026958,0.748628317,0.633318081,-0.11531023600000001,7549.541796143079,6338.169428835568,-1211.372367307511
Carson Kelly,2021,2022,359,354,52.79643847782212,52.64548587206988,-0.150952605752245,48.00927038308561,44.711577224502655,-3.297693158582952,44.31600730175437,48.44121696096028,4.125209659205915,52.8632046723311,53.54778943544392,0.6845847631128166,62.51202809489366,55.409096775240336,-7.102931319653322,1.7495067637870243,0.5843636193805902,-1.165143144406434,104.18521693801692,73.31865610581097,-30.86656083220595,0.753802594,0.616870733,-0.1369318610000001,6471.931229962242,6180.792412072404,-291.1388178898378
Carson Kelly,2022,2023,354,151,52.64548587206988,40.20300832519243,-12.442477546877448,44.711577224502655,38.22224078999966,-6.489336434502995,48.44121696096028,47.49072760035551,-0.9504893606047702,53.54778943544392,55.15634856519845,1.608559129754532,55.409096775240336,51.151230783331954,-4.257865991908382,0.5843636193805902,0.0720299103733595,-0.5123337090072307,73.31865610581097,56.0341018480144,-17.28455425779657,0.616870733,0.5649104,-0.051960332999999914,6180.792412072404,5159.013056779627,-1021.7793552927769
Carson Kelly,2023,2024,151,313,40.20300832519243,53.70157397746374,13.49856565227131,38.22224078999966,46.17208402270843,7.949843232708773,47.49072760035551,35.71159627700956,-11.77913132334595,55.15634856519845,63.92778469534255,8.771436130144103,51.151230783331954,54.8672496569371,3.716018873605144,0.0720299103733595,1.7702801677876996,1.69825025741434,56.0341018480144,98.27293025446896,42.23882840645456,0.5649104,0.686764521,0.12185412099999993,5159.013056779627,6117.839871164425,958.8268143847981
Carson Kelly,2024,2025,313,421,53.70157397746374,55.7140240327591,2.0124500552953606,46.17208402270843,52.07377635641447,5.901692333706038,35.71159627700956,42.85843434388123,7.146838066871666,63.92778469534255,57.31944978853789,-6.608334906804664,54.8672496569371,59.83108405175955,4.963834394822449,1.7702801677876996,2.662402597242651,0.8921224294549515,98.27293025446896,114.53788312329624,16.26495286882728,0.686764521,0.760725848,0.07396132700000002,6117.839871164425,6825.056083711761,707.216212547336
Casey Schmitt,2023,2024,277,113,44.39840753240607,50.05174525673656,5.653337724330491,44.18278820686264,53.51272599236472,9.329937785502082,44.55678775867271,47.32759424666403,2.7708064879913152,48.85621349270104,47.35187844793781,-1.5043350447632307,35.54029652015305,38.353805537863394,2.813509017710345,-0.5607772174555464,0.4003240800075829,0.9611012974631293,57.89485371379327,109.08218222988891,51.18732851609565,0.579585123,0.759821354,0.18023623099999997,4480.171115355433,5320.155011998489,839.9838966430552
Casey Schmitt,2024,2025,113,348,50.05174525673656,49.14394367122633,-0.9078015855102279,53.51272599236472,52.31447571161621,-1.1982502807485105,47.32759424666403,41.68584462472434,-5.641749621939688,47.35187844793781,46.12671937546367,-1.2251590724741348,38.353805537863394,44.59927124482556,6.245465706962165,0.4003240800075829,0.7194883352491801,0.3191642552415972,109.08218222988891,98.41955301869665,-10.662629211192268,0.759821354,0.706116529,-0.053704824999999956,5320.155011998489,5194.454875181499,-125.70013681698947
Cavan Biggio,2021,2022,294,303,46.25635836005128,43.04469700734148,-3.211661352709797,44.23930982024622,45.202397701087705,0.9630878808414849,45.75621121993159,54.78573090743309,9.029519687501498,38.75943229628113,58.885579954918526,20.126147658637393,62.62969616803028,65.87216252296136,3.242466354931082,-0.2763052362033688,1.3127829765397765,1.5890882127431452,83.7752924072263,96.98047618996686,13.205183782740562,0.677917808,0.668075346,-0.009842462000000052,5310.970867403795,6829.835103245392,1518.8642358415973
Cavan Biggio,2022,2023,303,338,43.04469700734148,49.37433986209621,6.329642854754724,45.202397701087705,45.7235918643467,0.5211941632589969,54.78573090743309,50.99589925664926,-3.7898316507838317,58.885579954918526,47.28732017461732,-11.598259780301206,65.87216252296136,65.02589315201818,-0.8462693709431761,1.3127829765397765,0.8972750911059734,-0.4155078854338031,96.98047618996686,101.7293998869774,4.7489236970105395,0.668075346,0.7104789,0.042403554000000065,6829.835103245392,6317.991144001102,-511.8439592442901
Cavan Biggio,2023,2024,338,224,49.37433986209621,42.06036022587023,-7.31397963622598,45.7235918643467,32.80837439866807,-12.91521746567863,50.99589925664926,51.59491223888038,0.5990129822311232,47.28732017461732,47.09322504890364,-0.19409512571368026,65.02589315201818,62.78080580149263,-2.2450873505255515,0.8972750911059734,0.1065821275571819,-0.7906929635487915,101.7293998869774,83.50099728851276,-18.22840259846464,0.7104789,0.616827852,-0.09365104800000001,6317.991144001102,5278.1648853625375,-1039.8262586385645
Ceddanne Rafaela,2024,2025,571,587,39.75542912740059,49.22128338407634,9.465854256675748,46.31663574091534,50.43941239737749,4.12277665646215,52.17826095871944,63.5569965695617,11.378735610842256,51.045073323428085,80.0,28.954926676571915,20.32609001184136,30.001542644867737,9.675452633026378,1.024765337216233,3.805443670615059,2.780678333398826,80.91939343147581,91.48703384452844,10.56764041305263,0.663871084,0.70843996,0.044568876000000035,4169.014053192037,6966.426089295975,2797.4120361039377
Cedric Mullins,2021,2022,675,672,63.82291115239212,56.9324268100054,-6.890484342386721,55.963334889846834,48.00479101234311,-7.958543877503722,66.16288199823352,64.70177118080831,-1.461110817425208,58.86542655734233,61.21353462570359,2.348108068361256,53.68481754405435,46.52240587181485,-7.1624116722395,6.089096293955766,3.69972506321488,-2.389371230740886,135.59351174497044,106.8367551418303,-28.756756603140147,0.877856377,0.721346176,-0.15651020100000002,8443.311304737292,7273.719579480298,-1169.5917252569934
Cedric Mullins,2022,2023,672,455,56.9324268100054,48.999976830033184,-7.932449979972219,48.00479101234311,49.38633628372919,1.3815452713860807,64.70177118080831,63.51337052706077,-1.1884006537475358,61.21353462570359,51.2398286876949,-9.973705938008685,46.52240587181485,51.68667439589535,5.164268524080505,3.69972506321488,1.8906500557539128,-1.8090750074609672,106.8367551418303,97.74294117902689,-9.09381396280341,0.721346176,0.721151318,-0.00019485799999996445,7273.719579480298,6653.638191143497,-620.081388336801
Cedric Mullins,2023,2024,455,499,48.999976830033184,53.9925804737528,4.992603643719619,49.38633628372919,45.06216193164238,-4.324174352086814,63.51337052706077,68.68486370008557,5.1714931730248,51.2398286876949,46.08614191568349,-5.153686772011412,51.68667439589535,50.45194769690326,-1.234726698992091,1.8906500557539128,2.1066532250852767,0.216003169331364,97.74294117902689,103.7308899102351,5.9879487312082205,0.721151318,0.710283453,-0.010867865000000032,6653.638191143497,6535.04109868697,-118.5970924565272
Cedric Mullins,2024,2025,499,498,53.9925804737528,46.31115299811321,-7.681427475639595,45.06216193164238,46.952863921011534,1.8907019893691555,68.68486370008557,62.47440590831598,-6.210457791769592,46.08614191568349,42.09560506199172,-3.990536853691772,50.45194769690326,53.8930457087096,3.4410980118063392,2.1066532250852767,1.285559192319055,-0.8210940327662217,103.7308899102351,94.13674240960768,-9.594147500627429,0.710283453,0.689794495,-0.020488957999999946,6535.04109868697,5945.149823928806,-589.8912747581644
Chad Pinder,2021,2022,233,379,48.612814912754544,39.60609642598914,-9.0067184867654,59.66873502088154,50.62650469614,-9.042230324741539,51.55465400151087,50.55915541514282,-0.9954985863680506,41.22157686850185,37.38848759907175,-3.833089269430097,46.209480367911816,37.64990736251633,-8.559573005395485,0.1586063638274558,-0.5077782526910113,-0.666384616518467,98.24062033691922,84.80019659466087,-13.440423742258346,0.711644137,0.64764102,-0.06400311699999994,5826.7575259140285,4448.053691970627,-1378.7038339434012
Charlie Blackmon,2021,2022,582,577,63.60978930805047,59.40546053261374,-4.2043287754367356,46.60545716489748,46.22275725546661,-0.38269990943086896,48.640039513286126,53.07496772474556,4.434928211459436,33.69845875972071,39.3238086231142,5.625349863393495,55.11838635702584,42.37497894172249,-12.743407415303352,-0.0588873182523703,0.1739222304543719,0.2328095487067422,92.68609564956512,90.85542462739076,-1.8306710221743572,0.761021299,0.733004049,-0.028017249999999994,5817.623441535054,5454.269227090738,-363.3542144443154
Charlie Blackmon,2022,2023,577,413,59.40546053261374,64.18610415475794,4.780643622144204,46.22275725546661,43.33813347598533,-2.884623779481281,53.07496772474556,47.91923780535386,-5.155729919391703,39.3238086231142,45.04216049887,5.718351875755793,42.37497894172249,56.39783468573456,14.02285574401207,0.1739222304543719,0.790312042738788,0.616389812284416,90.85542462739076,106.26742068363076,15.41199605624,0.733004049,0.803307545,0.07030349599999997,5454.269227090738,6266.064335283979,811.7951081932406
Charlie Blackmon,2023,2024,413,499,64.18610415475794,59.15322045307496,-5.032883701682984,43.33813347598533,41.89219659914038,-1.4459368768449536,47.91923780535386,48.75021311828,0.8309753129261424,45.04216049887,40.81100316646109,-4.231157332408905,56.39783468573456,52.307234763110536,-4.090599922624023,0.790312042738788,0.0323700790265162,-0.7579419637122717,106.26742068363076,93.31622383481536,-12.9511968488154,0.803307545,0.74068404,-0.06262350500000002,6266.064335283979,5582.087875820995,-683.9764594629842
Charlie Culberson,2021,2022,271,124,44.19187430029428,43.15675287468024,-1.0351214256140437,40.73537484856768,38.238486912490046,-2.496887936077634,61.02991512066126,48.30153303847628,-12.728382082184979,56.64104271252841,42.662445563851705,-13.978597148676705,40.24325694246004,35.5768794503343,-4.66637749212574,1.0142149546048465,-0.3913503991377561,-1.4055653537426025,83.57970943376009,81.06645335771354,-2.513256076046545,0.67644695,0.639855072,-0.03659187799999997,5611.6576415976215,4094.8058197924574,-1516.851821805164
Chas McCormick,2021,2022,320,407,38.7940380255937,44.87767470458881,6.083636678995113,55.412489213329295,53.38511379441343,-2.0273754189158666,45.738761215526665,43.770150276819166,-1.9686109387074993,67.4633194298117,60.54540506959821,-6.917914360213494,48.84910431091009,54.7260733781837,5.876969067273606,2.0842221849981133,2.355958467296464,0.2717362822983507,107.9083135782748,114.54230552436265,6.633991946087846,0.765933098,0.738380567,-0.02755253099999999,6163.054612759878,6254.122401654098,91.06778889422003
Chas McCormick,2022,2023,407,457,44.87767470458881,48.72621281872336,3.8485381141345485,53.38511379441343,56.03839141043686,2.6532776160234306,43.770150276819166,51.96887720887425,8.19872693205508,60.54540506959821,51.77440200192473,-8.771003067673483,54.7260733781837,48.61482636393457,-6.11124701424913,2.355958467296464,3.2575420075247465,0.9015835402282826,114.54230552436265,132.47940211272126,17.937096588358614,0.738380567,0.841903921,0.10352335400000001,6254.122401654098,6286.135651153705,32.0132494996069
Chas McCormick,2023,2024,457,267,48.72621281872336,39.27817308072949,-9.448039737993874,56.03839141043686,42.55741701373435,-13.480974396702507,51.96887720887425,52.06450296396344,0.0956257550891948,51.77440200192473,53.62864728092371,1.854245278998981,48.61482636393457,41.702851409505456,-6.9119749544291125,3.2575420075247465,-0.2299264700999595,-3.4874684776247062,132.47940211272126,65.31902828691172,-67.16037382580954,0.841903921,0.576461814,-0.26544210700000004,6286.135651153705,5018.695062018462,-1267.4405891352435
Chas McCormick,2024,2025,267,116,39.27817308072949,38.43017938744138,-0.8479936932881103,42.55741701373435,37.40821035368745,-5.1492066600469,52.06450296396344,45.07939620790998,-6.985106756053462,53.62864728092371,53.300594371752894,-0.32805290917081464,41.702851409505456,43.24106007991284,1.5382086704073856,-0.2299264700999595,-0.114058205510423,0.1158682645895365,65.31902828691172,61.857549874102354,-3.461478412809363,0.576461814,0.569279279,-0.00718253499999999,5018.695062018462,4514.303064189971,-504.3919978284903
Chris Taylor,2021,2022,582,454,43.47107937414687,28.831135948636604,-14.639943425510264,51.91596943342467,48.88270547762346,-3.0332639558012104,72.25353621871074,63.566850748279705,-8.68668547043103,38.76780320753115,55.45821135838656,16.69040815085541,56.87179977014451,52.18602603874131,-4.685773731403202,2.750854819588948,1.6520757063959777,-1.0987791131929705,112.95861123556014,92.66829643890917,-20.290314796650975,0.782103901,0.677099085,-0.105004816,6413.040540883188,5915.901304481637,-497.139236401551
Chris Taylor,2022,2023,454,384,28.831135948636604,36.52010971607678,7.688973767440178,48.88270547762346,50.41144830321055,1.5287428255870879,63.566850748279705,58.662946092085775,-4.90390465619393,55.45821135838656,45.83752125305468,-9.620690105331882,52.18602603874131,53.67956206342173,1.4935360246804166,1.6520757063959777,1.2427666364377858,-0.40930906995819183,92.66829643890917,102.62747197109428,9.959175532185114,0.677099085,0.745639176,0.06854009099999991,5915.901304481637,5662.686221137595,-253.2150833440428
Chris Taylor,2023,2024,384,246,36.52010971607678,38.11357837572794,1.5934686596511582,50.41144830321055,40.527196265167255,-9.884252038043293,58.662946092085775,45.927054737613325,-12.73589135447245,45.83752125305468,43.20288860677891,-2.6346326462757688,53.67956206342173,56.640500229040825,2.9609381656190976,1.2427666364377858,-0.5805127115512522,-1.823279347989038,102.62747197109428,72.95977301147984,-29.66769895961444,0.745639176,0.598428666,-0.14721050999999996,5662.686221137595,4753.341488938827,-909.3447321987678
Chris Taylor,2024,2025,246,125,38.11357837572794,31.993424013372756,-6.1201543623551835,40.527196265167255,42.165112909751365,1.6379166445841093,45.927054737613325,49.300600137447816,3.373545399834491,43.20288860677891,50.11383574210782,6.910947135328904,56.640500229040825,42.97538383622305,-13.665116392817772,-0.5805127115512522,-0.3218593534532369,0.25865335809801526,72.95977301147984,55.95829022445114,-17.0014827870287,0.598428666,0.556884955,-0.04154371099999998,4753.341488938827,4482.807214041594,-270.53427489723254
Christian Arroyo,2021,2022,181,300,47.73692062272501,63.21848193677173,15.481561314046722,49.334604291769466,51.24327527441164,1.908670982642171,52.28021224847582,44.983202154569526,-7.2970100939062945,51.07561798558454,40.997520349619975,-10.078097635964568,35.10231843568296,34.88133250863434,-0.2209859270486234,0.8673139068631449,0.3070215161853993,-0.5602923906777456,105.048168443916,101.91464186125802,-3.1335265826579786,0.769144297,0.736433365,-0.03271093199999997,5265.571487979734,5242.22421077901,-23.34727720072442
Christian Arroyo,2022,2023,300,206,63.21848193677173,47.6670974067878,-15.551384529983928,51.24327527441164,41.74169227146629,-9.501583002945345,44.983202154569526,44.850473586738026,-0.13272856783149933,40.997520349619975,47.66571569047723,6.6681953408572525,34.88133250863434,31.671971810864147,-3.2093606977701903,0.3070215161853993,-0.2962358725248437,-0.603257388710243,101.91464186125802,66.79088497891529,-35.12375688234273,0.736433365,0.637523451,-0.09890991400000004,5242.22421077901,4288.812218757939,-953.4119920210705
Christian Bethancourt,2022,2023,333,332,42.476681695115424,33.873812286109526,-8.602869409005898,57.607537995939,48.93828697461665,-8.669251021322346,49.58857969302919,47.021330773103934,-2.5672489199252553,61.71571974063229,52.38169590547472,-9.334023835157566,27.252654411413264,27.877401333241515,0.6247469218282511,1.7290725868887602,0.4286019317125483,-1.300470655176212,99.10234964461908,72.88087418977682,-26.221475454842263,0.691937561,0.634728815,-0.05720874600000003,5327.612909220159,4197.253116233345,-1130.3597929868138
Christian Bethancourt,2023,2024,332,147,33.873812286109526,40.31445733380779,6.440645047698261,48.93828697461665,51.36900087425533,2.4307138996386755,47.021330773103934,55.9307665674092,8.909435794305267,52.38169590547472,52.004484560840325,-0.37721134463439654,27.877401333241515,30.413200842647072,2.5357995094055568,0.4286019317125483,0.2071631154517803,-0.221438816260768,72.88087418977682,66.02621175940548,-6.854662430371334,0.634728815,0.608285784,-0.026443031000000006,4197.253116233345,5069.31488019022,872.0617639568745
Christian Encarnacion-Strand,2023,2024,241,123,47.77065306177875,42.57377191544314,-5.196881146335613,59.72238401718785,47.62329312784139,-12.099090889346456,45.484233268603504,46.84906671925522,1.364833450651716,46.44762693548667,51.16455670721562,4.71692977172895,39.31257573064142,34.51695912742616,-4.795616603215258,0.6636470304819007,-0.6596562138410536,-1.3233032443229542,112.53010280678456,34.791339131378216,-77.73876367540635,0.805278306,0.512615643,-0.2926626630000001,5414.365745312873,4703.5374249267925,-710.8283203860801
Christian Encarnacion-Strand,2024,2025,123,137,42.57377191544314,44.1746355858492,1.6008636704060635,47.62329312784139,50.5611416951524,2.9378485673110077,46.84906671925522,43.29715317338998,-3.55191354586524,51.16455670721562,46.876076701857656,-4.288480005357961,34.51695912742616,31.989633831654512,-2.52732529577165,-0.6596562138410536,-0.6261304481343449,0.03352576570670862,34.791339131378216,59.47326423276761,24.681925101389396,0.512615643,0.610499718,0.09788407500000007,4703.5374249267925,4453.299847215983,-250.2375777108091
Christian Vázquez,2021,2022,498,426,59.34250757148732,63.89341526463284,4.5509076931455255,37.78083743072547,46.76296332541845,8.982125894692977,39.29550056852998,20.318248049852198,-18.977252518677783,59.64525969041564,62.32700308203365,2.6817433916180065,47.20733183461738,44.19168072009596,-3.015651114521418,1.018511559147141,1.9041248715596293,0.8856133124124883,75.92520264374922,99.2368936996854,23.31169105593618,0.659375466,0.714051477,0.05467601100000008,5557.742175646547,5127.266872433984,-430.47530321256363
Christian Vázquez,2022,2023,426,355,63.89341526463284,46.12090866436202,-17.772506600270823,46.76296332541845,37.58351751921098,-9.179445806207468,20.318248049852198,36.96220348207856,16.64395543222636,62.32700308203365,71.71695445987169,9.389951377838038,44.19168072009596,44.16378663988511,-0.02789408021084938,1.9041248715596293,0.850247479430166,-1.0538773921294633,99.2368936996854,63.344359147393895,-35.8925345522915,0.714051477,0.597703829,-0.11634764800000008,5127.266872433984,5220.129766353893,92.86289391990886
Christian Vázquez,2023,2024,355,315,46.12090866436202,52.24996311856045,6.129054454198432,37.58351751921098,43.02185566692161,5.438338147710631,36.96220348207856,41.79550961877713,4.833306136698575,71.71695445987169,69.16994364676954,-2.5470108131021476,44.16378663988511,36.34224887453921,-7.8215377653459015,0.850247479430166,0.7299136082674782,-0.12033387116268779,63.344359147393895,59.10704320285837,-4.237315944535524,0.597703829,0.574917708,-0.022786120999999993,5220.129766353893,5397.091786851035,176.96202049714248
Christian Vázquez,2024,2025,315,214,52.24996311856045,52.72809969171276,0.4781365731523053,43.02185566692161,33.954748792481354,-9.067106874440256,41.79550961877713,42.8424159268073,1.0469063080301666,69.16994364676954,60.04799092779932,-9.12195271897022,36.34224887453921,56.12927715965386,19.78702828511465,0.7299136082674782,0.2670151607568536,-0.4628984475106246,59.10704320285837,54.888324933047926,-4.218718269810445,0.574917708,0.544712247,-0.03020546099999999,5397.091786851035,5776.581421580765,379.4896347297299
Christian Walker,2021,2022,445,667,48.42718941342327,54.77772132791691,6.3505319144936365,47.37295186006301,63.52438370196517,16.15143184190216,49.305448895794335,43.24717224319201,-6.0582766526023235,49.22900125454261,61.96189374004072,12.732892485498112,44.95920230251933,60.41244181406608,15.453239511546748,0.3533803647669825,3.950327013670224,3.596946648903242,88.2377492326355,122.27404479167484,34.036295559039345,0.696152875,0.803680491,0.10752761600000005,5443.698187043346,7589.037664618157,2145.339477574811
Christian Walker,2022,2023,667,661,54.77772132791691,52.77024334150016,-2.0074779864167454,63.52438370196517,59.5683083766215,-3.9560753253436687,43.24717224319201,56.00355563045522,12.756383387263206,61.96189374004072,61.615616872842125,-0.34627686719859696,60.41244181406608,52.85620375679889,-7.556238057267187,3.950327013670224,3.896817762935063,-0.05350925073516111,122.27404479167484,119.62138986221834,-2.652654929456503,0.803680491,0.829896906,0.026216414999999937,7589.037664618157,7597.1189424617905,8.08127784363387
Christian Walker,2023,2024,661,552,52.77024334150016,50.60322593240633,-2.1670174090938303,59.5683083766215,64.16299476646523,4.59468638984373,56.00355563045522,41.63287900737197,-14.370676623083249,61.615616872842125,63.33041609050495,1.7147992176628222,52.85620375679889,54.82183829947996,1.965634542681066,3.896817762935063,3.058675864925257,-0.8381418980098063,119.62138986221834,119.58764615968676,-0.033743702531580766,0.829896906,0.802785845,-0.027111060999999936,7597.1189424617905,7038.210041110128,-558.9089013516623
Christian Walker,2024,2025,552,640,50.60322593240633,41.67292506121106,-8.930300871195271,64.16299476646523,58.45383301733044,-5.709161749134793,41.63287900737197,42.713016033478965,1.0801370261069962,63.33041609050495,47.990006649056646,-15.340409441448301,54.82183829947996,41.67982992179279,-13.14200837768717,3.058675864925257,1.1106047412554876,-1.9480711236697692,119.58764615968676,98.91744435595209,-20.67020180373467,0.802785845,0.71738782,-0.08539802500000004,7038.210041110128,5097.480028322619,-1940.7300127875096
Christian Yelich,2021,2022,475,671,52.34925003833168,53.9651640988394,1.6159140605077198,53.62135572557864,59.12645259906213,5.505096873483488,56.039410022442524,67.08897140820216,11.049561385759631,48.232172348024136,35.98869343369584,-12.243478914328293,68.14460127403352,65.47104711391717,-2.6735541601163533,1.4025242919496623,2.206287024419222,0.8037627324695595,101.69823981355924,110.8871710794853,9.188931265926058,0.735538846,0.737832575,0.002293729000000022,7308.360657202416,7352.2942232002115,43.933565997795085
Christian Yelich,2022,2023,671,632,53.9651640988394,56.59870134760416,2.6335372487647604,59.12645259906213,60.58439144226092,1.4579388431987965,67.08897140820216,80.0,12.911028591797844,35.98869343369584,42.79416793857156,6.805474504875718,65.47104711391717,60.614643100427045,-4.8564040134901205,2.206287024419222,3.763409132682877,1.557122108263655,110.8871710794853,122.93628953090185,12.049118451416547,0.737832575,0.817525891,0.07969331599999996,7352.2942232002115,8428.23713395055,1075.9429107503383
Christian Yelich,2023,2024,632,315,56.59870134760416,63.96752407923388,7.36882273162972,60.58439144226092,61.05429535193301,0.46990390967208384,80.0,69.42074543209007,-10.579254567909928,42.79416793857156,44.87599229095503,2.081824352383471,60.614643100427045,63.1120113257286,2.4973682253015568,3.763409132682877,3.014585347230016,-0.7488237854528608,122.93628953090185,153.55584910191052,30.61955957100868,0.817525891,0.909454501,0.09192861000000008,8428.23713395055,8620.654389695832,192.4172557452821
Christian Yelich,2024,2025,315,644,63.96752407923388,49.28424938030256,-14.68327469893132,61.05429535193301,62.38483088617858,1.3305355342455698,69.42074543209007,52.82110738359879,-16.59963804849128,44.87599229095503,36.91747993982765,-7.958512351127382,63.1120113257286,54.6571784293627,-8.4548328963659,3.014585347230016,2.441379435197057,-0.5732059120329591,153.55584910191052,121.41749554522096,-32.138353556689566,0.909454501,0.795174681,-0.11427982000000003,8620.654389695832,6196.794609684144,-2423.8597800116877
Christopher Morel,2022,2023,425,429,35.27491883774003,38.17038392830663,2.8954650905665957,60.726866158248754,68.8561465294426,8.129280371193843,56.76853201739897,57.61040137404938,0.8418693566504132,39.24361144178601,37.055712438962686,-2.187899002823322,48.60722886743263,46.59430519695862,-2.0129236704740094,1.676869778477711,1.5852720348681648,-0.09159774360954609,110.24751178991168,119.76378590609744,9.516274116185755,0.74077455,0.82081607,0.08004151999999998,5439.782583669955,5818.08726227427,378.3046786043151
Christopher Morel,2023,2024,429,611,38.17038392830663,36.72758301118093,-1.4428009171256946,68.8561465294426,51.86045017047571,-16.99569635896689,57.61040137404938,41.47199696643866,-16.13840440761072,37.055712438962686,28.888317104993703,-8.167395333968983,46.59430519695862,54.40852866259515,7.81422346563653,1.5852720348681648,-1.0011469731592753,-2.5864190080274403,119.76378590609744,81.1570570360714,-38.606728870026046,0.82081607,0.633846765,-0.18696930499999997,5818.08726227427,4195.864577403345,-1622.2226848709251
Christopher Morel,2024,2025,611,305,36.72758301118093,30.005597545819725,-6.7219854653612074,51.86045017047571,60.32320701130301,8.462756840827304,41.47199696643866,52.36504697903451,10.89305001259585,28.888317104993703,39.94969603560652,11.061378930612818,54.40852866259515,43.21587600598341,-11.192652656611742,-1.0011469731592753,-0.1109941063009885,0.8901528668582868,81.1570570360714,89.58779217046265,8.430735134391256,0.633846765,0.684208043,0.05036127800000001,4195.864577403345,4795.230970714317,599.366393310972
Cody Bellinger,2021,2022,350,550,36.75840940433799,43.27246637241293,6.514056968074939,43.203345815470456,50.70743878999559,7.504092974525136,55.742512282205695,67.27047296266979,11.52796068046409,49.70865086294824,53.562638620553145,3.853987757604905,44.93647136349794,45.08310748408269,0.14663612058475195,-1.0204612925522203,1.4509618591345697,2.47142315168679,47.15043509904614,83.17133736170112,36.02090226265498,0.541587301,0.654343433,0.11275613200000001,5065.687915910352,6454.897045681888,1389.209129771536
Cody Bellinger,2022,2023,550,556,43.27246637241293,64.91223086648924,21.63976449407631,50.70743878999559,51.81885846915488,1.1114196791592903,67.27047296266979,59.19658307770518,-8.073889884964608,53.562638620553145,50.47277383221746,-3.0898647883356816,45.08310748408269,46.64216888550323,1.5590614014205428,1.4509618591345697,4.374138721625757,2.923176862491187,83.17133736170112,135.21341440201616,52.042077040315036,0.654343433,0.881165207,0.22682177400000003,6454.897045681888,7038.198495720608,583.3014500387198
Cody Bellinger,2023,2024,556,569,64.91223086648924,58.154314843691054,-6.7579160227981845,51.81885846915488,47.48259332674972,-4.336265142405161,59.19658307770518,52.93722829744222,-6.25935478026296,50.47277383221746,46.16370064970924,-4.309073182508222,46.64216888550323,49.18687456386999,2.5447056783667605,4.374138721625757,2.0792686351360667,-2.29487008648969,135.21341440201616,107.75359795665254,-27.459816445363614,0.881165207,0.751488399,-0.12967680800000003,7038.198495720608,6110.428778121199,-927.769717599409
Cody Bellinger,2024,2025,569,656,58.154314843691054,64.31600968252803,6.161694838836979,47.48259332674972,52.778936758498645,5.296343431748923,52.93722829744222,55.96499429952567,3.027766002083453,46.16370064970924,64.66513094008695,18.501430290377712,49.18687456386999,53.04591613050746,3.8590415666374653,2.0792686351360667,4.895194035688189,2.8159254005521226,107.75359795665254,125.03422753309192,17.28062957643938,0.751488399,0.813433299,0.06194490000000008,6110.428778121199,7993.254330615374,1882.825552494175
Colin Moran,2021,2022,359,128,51.07259959366018,47.35961816760608,-3.7129814260540996,48.94631803722984,54.74536827515454,5.799050237924703,27.7775925488959,43.67225186258,15.894659313684098,41.1790016833398,50.53977733473805,9.36077565139825,49.18638323159234,53.81874615248893,4.63236292089659,-0.2453471679266453,0.1131404557599107,0.358487623686556,96.07621601935074,85.97720637481723,-10.09900964453351,0.724198944,0.680834288,-0.043364655999999946,4536.921301802715,5924.883254112654,1387.961952309939
Colt Keith,2024,2025,556,468,57.098328321748205,55.619125650223886,-1.4792026715243196,45.181820891862415,51.63928127565341,6.457460383790995,50.750402236867096,50.61621108476437,-0.1341911521027228,52.0379047572452,43.06237104804559,-8.97553370919961,46.55920822854176,56.25145022321826,9.692241994676493,1.7269556195809093,1.6418478863513437,-0.08510773322956555,95.30405231459928,108.54647239341595,13.242420078816679,0.689197478,0.746376811,0.057179333,5989.2989668915925,6284.841952786396,295.5429858948037
Colton Cowser,2024,2025,561,360,42.76298104212096,32.32251849896419,-10.44046254315677,63.0292660592633,59.609982523258566,-3.419283536004734,50.975195913629896,61.12460930356019,10.149413389930295,66.43505162958064,51.21905370215673,-15.215997927423913,55.02042051235569,52.29115221935557,-2.729268293000125,3.927316478488262,0.6610272028169001,-3.266289275671362,118.6189228018079,82.55284678992138,-36.06607601188652,0.767749401,0.654765544,-0.11298385700000002,7276.966110413286,6214.969529543002,-1061.9965808702837
Connor Joe,2021,2022,211,467,59.04937398939071,55.74908925585149,-3.300284733539222,53.37980272154494,42.6979022494545,-10.68190047209044,44.85660959102943,53.56220910978635,8.70559951875692,50.43314836061751,44.0034191185943,-6.429729242023207,63.64363126299531,65.48724674184946,1.8436154788541543,0.933010572449486,0.3202937388396141,-0.612716833609872,114.48312588314836,88.57607368550352,-25.907052197644845,0.848420662,0.697240655,-0.151180007,7026.693823670695,6446.641774320353,-580.0520493503418
Connor Joe,2022,2023,467,472,55.74908925585149,53.15848410917644,-2.5906051466750455,42.6979022494545,51.26370693751547,8.565804688060972,53.56220910978635,44.29021778817268,-9.271991321613669,44.0034191185943,52.68880412429119,8.685385005696887,65.48724674184946,62.46962539606914,-3.01762134578032,0.3202937388396141,1.4449975557814998,1.1247038169418857,88.57607368550352,106.250057801327,17.673984115823487,0.697240655,0.760290556,0.06304990099999996,6446.641774320353,6629.539525494886,182.89775117453337
Connor Joe,2023,2024,472,416,53.15848410917644,47.56672510534486,-5.591759003831584,51.26370693751547,42.55631708505175,-8.70738985246372,44.29021778817268,46.15585571485664,1.8656379266839593,52.68880412429119,48.51229488168023,-4.176509242610955,62.46962539606914,61.55970969148829,-0.9099157045808539,1.4449975557814998,0.5219602767589107,-0.9230372790225891,106.250057801327,92.79517347246482,-13.454884328862178,0.760290556,0.687843406,-0.0724471499999999,6629.539525494886,5773.964412753723,-855.5751127411631
Connor Norby,2024,2025,194,337,37.624905358993374,44.08936893893343,6.464463579940059,53.760131967206576,47.04945203387931,-6.710679933327263,45.24420923910448,53.14096408961596,7.896754850511485,43.36393969921443,46.83402580163743,3.4700861024230036,39.442933629578754,38.81760953254447,-0.6253240970342802,0.0933009524576223,0.5507260203251775,0.4574250678675552,101.343413514424,89.7731306169225,-11.5702828975015,0.732016679,0.688770788,-0.04324589099999998,4570.520517421646,5037.208072524292,466.687555102646
Connor Wong,2023,2024,403,487,36.34536955621031,49.493875685968426,13.148506129758118,50.78756939124416,46.845522250611445,-3.9420471406327167,53.15474596884233,47.70223970239509,-5.452506266447237,41.2590438565101,23.502604697336423,-17.756439159173674,37.276946536798135,42.29259894111782,5.015652404319681,0.2705397071654788,1.130200535580622,0.8596608284151431,79.34457766377054,111.9702079365928,32.625630272822264,0.672944743,0.758389261,0.08544451800000008,4580.032772763748,4166.360110708281,-413.6726620554664
Connor Wong,2024,2025,487,188,49.493875685968426,45.325777776990016,-4.16809790897841,46.845522250611445,35.87411151079043,-10.971410739821017,47.70223970239509,46.60216032110886,-1.1000793812862284,23.502604697336423,49.20985827993928,25.70725358260286,42.29259894111782,48.65345815869677,6.360859217578955,1.130200535580622,-0.6862374076049904,-1.8164379431856124,111.9702079365928,38.67277135850208,-73.29743657809072,0.758389261,0.500127323,-0.2582619380000001,4166.360110708281,4845.92036961347,679.5602589051887
Corbin Carroll,2022,2023,115,645,47.66381533181793,61.427322370255,13.76350703843707,50.53507769756175,58.89837408031031,8.363296382748558,57.30133780417897,80.0,22.69866219582103,58.29452832864607,44.15651738769419,-14.13801094095188,49.549728110941,53.66038576526294,4.11065765432194,1.3757483270875064,5.352661704257975,3.9769133771704688,130.09458166501372,132.51507104109254,2.4204893760788195,0.830434782,0.867697037,0.03726225500000002,6607.457418970506,8335.073717861289,1727.6162988907827
Corbin Carroll,2023,2024,645,684,61.427322370255,55.97302035261418,-5.454302017640821,58.89837408031031,54.42371798310922,-4.474656097201091,80.0,80.0,0.0,44.15651738769419,57.01656558497615,12.860048197281962,53.66038576526294,63.637394007771775,9.977008242508838,5.352661704257975,4.339383636300464,-1.0132780679575113,132.51507104109254,107.07697861964972,-25.438092421442818,0.867697037,0.749429706,-0.11826733099999998,8335.073717861289,9107.243663813188,772.1699459518986
Corbin Carroll,2024,2025,684,642,55.97302035261418,53.60426936196229,-2.3687509906518898,54.42371798310922,69.8565353713293,15.43281738822008,80.0,79.96696502401976,-0.033034975980243075,57.01656558497615,61.76008901300669,4.743523428030542,63.637394007771775,50.695888286407374,-12.9415057213644,4.339383636300464,6.5267846211336105,2.187400984833147,107.07697861964972,139.08839604480144,32.01141742515172,0.749429706,0.883459268,0.13402956199999994,9107.243663813188,9566.71989640188,459.47623258869316
Corey Dickerson,2021,2022,365,297,55.24441790728455,57.35220004611994,2.1077821388353897,43.69636613205007,46.85611990016475,3.159753768114676,48.37964389991145,46.55724398005057,-1.822399919860878,48.20538388065391,49.38525007149508,1.1798661908411674,39.36600239886424,32.917903786306034,-6.448098612558205,0.7446041360667071,0.6397433527283005,-0.10486078333840654,96.98137566153405,95.6318711792006,-1.3495044823334439,0.733765492,0.698239811,-0.035525680999999976,5198.740926849802,5079.406264808848,-119.33466204095384
Corey Dickerson,2022,2023,297,152,57.35220004611994,52.72936745919617,-4.622832586923771,46.85611990016475,41.14102437696421,-5.715095523200539,46.55724398005057,40.749574383876976,-5.8076695961735965,49.38525007149508,46.51386324553755,-2.8713868259575293,32.917903786306034,32.45942047143567,-0.45848331487036376,0.6397433527283005,-0.6160266586380511,-1.2557700113663515,95.6318711792006,70.9604413053078,-24.671429873892805,0.698239811,0.637061402,-0.061178408999999934,5079.406264808848,4261.977797721564,-817.4284670872848
Corey Julks,2023,2024,323,189,50.835991205160845,45.35127071823258,-5.484720486928268,43.53032715515722,38.277022176435686,-5.2533049787215305,55.22413079720719,48.74789791466234,-6.476232882544849,55.38245795470186,45.478420750076985,-9.904037204624878,48.159008745530656,48.96322099758635,0.8042122520556916,0.4074327171558444,-0.5947299071173915,-1.002162624273236,79.49637796556931,66.37006769199971,-13.126310273569601,0.649562615,0.581490656,-0.06807195899999996,6082.317955898504,4881.833791286712,-1200.484164611792
Corey Seager,2021,2022,409,663,58.39260144510578,55.07314663933886,-3.3194548057669238,63.01772152341741,61.74762911737118,-1.2700924060462242,45.44715600270332,54.39443670464552,8.947280701942198,46.45676571171248,58.54949851867019,12.092732806957713,54.39246275101581,48.45977271098664,-5.932690040029172,3.818176031992184,4.348300671803552,0.5301246398113686,146.26629338533422,116.57334340226429,-29.692949983069937,0.914889489,0.772054054,-0.14283543499999996,6827.676621731715,7347.034411213855,519.3577894821392
Corey Seager,2022,2023,663,536,55.07314663933886,65.43881809946967,10.365671460130812,61.74762911737118,74.59640123245102,12.848772115079832,54.39443670464552,33.46496448368896,-20.929472220956562,58.54949851867019,49.67696289622137,-8.872535622448822,48.45977271098664,47.74119083105997,-0.7185818799266741,4.348300671803552,6.37683057349887,2.0285299016953173,116.57334340226429,172.52175497709445,55.94841157483016,0.772054054,1.012566882,0.24051282799999996,7347.034411213855,6912.311341794729,-434.72306941912575
Corey Seager,2023,2024,536,533,65.43881809946967,59.94606179092823,-5.492756308541438,74.59640123245102,68.50045446845054,-6.095946764000473,33.46496448368896,28.486372679207307,-4.978591804481653,49.67696289622137,59.017699119358696,9.340736223137327,47.74119083105997,52.09687631784434,4.355685486784374,6.37683057349887,4.645561753551278,-1.7312688199475916,172.52175497709445,141.93696475653223,-30.584790220562212,1.012566882,0.864299397,-0.14826748499999998,6912.311341794729,6627.200740038124,-285.1106017566044
Corey Seager,2024,2025,533,445,59.94606179092823,55.92016198988669,-4.025899801041547,68.50045446845054,65.9887601378052,-2.5116943306453408,28.486372679207307,45.68239861854698,17.196025939339677,59.017699119358696,56.72839913583029,-2.2892999835284087,52.09687631784434,60.32321431822546,8.22633800038112,4.645561753551278,4.019348894042064,-0.6262128595092138,141.93696475653223,137.68712924586418,-4.249835510668049,0.864299397,0.859875812,-0.004423585000000063,6627.200740038124,7651.934262676714,1024.7335226385894
Curt Casali,2021,2022,231,176,40.552988522313726,41.47825694533498,0.9252684230212509,40.10616680572515,45.14607639153532,5.039909585810165,42.90590785025125,44.68815741319831,1.782249562947058,49.437642359914776,47.73236852957432,-1.7052738303404524,56.1759469096998,58.9457644605243,2.7698175508244987,0.3378000190128736,0.459716567625486,0.12191654861261242,82.4753186183086,92.57204275594503,10.096724137636429,0.663043478,0.649262899,-0.01378057899999996,5004.3130447232,5364.784097860746,360.47105313754673
Curtis Mead,2024,2025,132,264,52.134011388226966,51.78728219498591,-0.3467291932410532,43.603009795944565,41.01052348492063,-2.592486311023933,49.823611599632414,53.005732011897024,3.1821204122646094,46.19318929441721,49.89524601874326,3.7020567243260487,39.05186462947376,45.222234074516095,6.170369445042333,-0.2847240309023038,0.0783873796824977,0.3631114105848015,67.35203401329048,75.57056765806338,8.218533644772904,0.569327993,0.620075757,0.05074776399999992,5034.432546536657,5487.910661676248,453.47811513959095
César Hernández,2021,2022,637,617,53.25678990932435,57.71437314584976,4.457583236525416,46.0841922071749,35.86515503194486,-10.219037175230042,48.50737916233704,48.940169594958284,0.43279043262124617,48.67427915543568,45.11995524222164,-3.5543239132140343,53.349043759433705,52.421629422359885,-0.9274143370738201,1.4649381456326742,0.4687458154038685,-0.9961923302288057,91.43070733877688,80.84742935469315,-10.583277984083736,0.693657219,0.62893206,-0.06472515899999998,5938.732756080343,5432.4838131319775,-506.24894294836577
DJ LeMahieu,2021,2022,679,541,69.51186170912572,68.51528675271797,-0.9965749564077555,45.28256992246418,49.11970949168368,3.8371395692195023,43.75453158972932,37.930039018211424,-5.824492571517894,49.31456122710235,61.84124161334045,12.526680386238098,65.67507961177901,71.8819420060586,6.206862394279582,2.0843539228530106,3.070240356395459,0.9858864335424484,101.35581577160484,115.27378002455694,13.917964252952103,0.710851754,0.734281068,0.023429314000000034,7176.037017743442,8057.581246126039,881.5442283825969
DJ LeMahieu,2022,2023,541,562,68.51528675271797,57.23123373635166,-11.284053016366308,49.11970949168368,50.926481778017,1.8067722863333202,37.930039018211424,32.3034931464185,-5.626545871792928,61.84124161334045,50.53479843971866,-11.306443173621794,71.8819420060586,62.35984435564156,-9.522097650417031,3.070240356395459,1.2769719892611593,-1.7932683671342997,115.27378002455694,100.13646507010772,-15.137314954449224,0.734281068,0.717744187,-0.01653688100000006,8057.581246126039,6140.2168560204,-1917.3643901056394
DJ LeMahieu,2023,2024,562,228,57.23123373635166,57.40248238523485,0.1712486488831857,50.926481778017,40.74202203465954,-10.184459743357458,32.3034931464185,39.36254316830083,7.059050021882335,50.53479843971866,56.48346213342305,5.948663693704397,62.35984435564156,55.049213618629125,-7.310630737012438,1.2769719892611593,-0.4606023582182267,-1.737574347479386,100.13646507010772,52.98205946086362,-47.1544056092441,0.717744187,0.527428933,-0.19031525399999993,6140.2168560204,5913.225849261505,-226.9910067588953
DJ LeMahieu,2024,2025,228,142,57.40248238523485,53.68904781144656,-3.713434573788291,40.74202203465954,48.29949230755191,7.557470272892367,39.36254316830083,41.86841491642012,2.50587174811929,56.48346213342305,50.13146223045408,-6.35199990296897,55.049213618629125,56.16755165034995,1.1183380317208247,-0.4606023582182267,0.2529491362314053,0.713551494449632,52.98205946086362,94.76237066800353,41.78031120713991,0.527428933,0.673965669,0.14653673599999995,5913.225849261505,5965.809026671455,52.58317740995062
DJ Stewart,2023,2024,185,194,39.10628677324978,41.86614359184205,2.7598568185922687,59.4211174914857,48.449854533775344,-10.971262957710358,44.3138023806016,43.11664616809109,-1.1971562125105137,44.90986037226789,44.22844272089576,-0.6814176513721364,47.31297922798882,70.98220068813686,23.669221460148037,0.7866123255948098,-0.2081204927103323,-0.994732818305142,128.5632649445419,87.82600709949088,-40.73725784505103,0.839583333,0.622210622,-0.217372711,5193.765201057202,5770.806045699939,577.0408446427373
Dairon Blanco,2023,2024,138,132,48.15348602236298,42.08544167823068,-6.0680443441323035,46.315907275429616,48.01963780803393,1.703730532604311,67.17537379821209,72.42606346401405,5.250689665801957,58.15812826190359,47.39798102525259,-10.760147236651001,47.38783572860389,44.97749885345822,-2.410336875145667,1.238477859405525,0.50180799234234,-0.736669867063185,108.72368172798971,95.88528643732,-12.838395290669709,0.775142314,0.699358973,-0.07578334099999995,6793.50706447096,6161.129913640116,-632.3771508308446
Dane Myers,2024,2025,108,333,45.94765008561807,51.66949028149562,5.721840195877547,52.8593185565469,45.32705744541036,-7.532261111136542,56.31994057281308,55.13002194843381,-1.189918624379274,53.42260278905577,48.388442643765295,-5.034160145290478,49.45954458543803,51.25656838379927,1.7970237983612378,0.6631895812755595,-0.0414095005430846,-0.7045990818186441,113.45623629804764,72.48842300646942,-40.967813291578224,0.775438596,0.61702419,-0.158414406,6338.487542491992,6009.340859330152,-329.14668316184
Daniel Schneemann,2024,2025,221,422,39.86806800269382,39.787382076203386,-0.08068592649043183,47.04154777598595,50.55109201209999,3.5095442361140456,45.29602709625631,53.00906319007697,7.713036093820662,50.47769504112535,63.57267869975942,13.09498365863407,53.41645151813596,52.856843476239824,-0.5596080418961336,0.2979979096653271,1.321754070804998,1.0237561611396708,92.86297618829072,78.92617847580267,-13.936797712488044,0.671043067,0.636222337,-0.03482073000000008,5287.22749421137,6431.12801762177,1143.9005234103997
Daniel Vogelbach,2021,2022,258,461,54.89608035661389,55.30653322705302,0.4104528704391299,55.9332833953909,57.05324794177583,1.119964546384928,32.00154109179269,35.226328552264775,3.2247874604720863,43.87483479809677,40.76526379229599,-3.109571005800781,75.67492830649073,77.54096401124131,1.8660357047505869,-0.0495699048631751,1.3502654833486578,1.3998353882118328,101.67310181330024,125.75605520465449,24.082953391354252,0.730232557,0.792729254,0.062496697000000045,6533.289176697947,6681.506865923199,148.2176892252519
Daniel Vogelbach,2022,2023,461,319,55.30653322705302,51.415642455465765,-3.8908907715872587,57.05324794177583,57.76155540884939,0.7083074670735598,35.226328552264775,34.71305947987973,-0.513269072385043,40.76526379229599,44.19939356129507,3.434129768999078,77.54096401124131,66.74847381781278,-10.792490193428534,1.3502654833486578,0.1608201044391106,-1.1894453789095472,125.75605520465449,107.62673421466448,-18.129320989990006,0.792729254,0.742194356,-0.050534897999999995,6681.506865923199,6130.216282516351,-551.2905834068479
Danny Jansen,2021,2022,205,248,49.22588088072579,58.0750547277174,8.849173846991611,56.45889980606377,61.93026022966652,5.4713604236027535,45.07963357145096,48.14250338564616,3.0628698141951958,59.39409207423355,56.55107582543806,-2.843016248795486,50.15372634039703,59.489766850027365,9.336040509630337,1.4673626229521872,2.662677203709728,1.195314580757541,104.7371722062378,140.64771336953598,35.91054116329818,0.771845693,0.854988746,0.08314305299999991,6395.639133425885,7665.360097703151,1269.720964277266
Danny Jansen,2022,2023,248,301,58.0750547277174,50.0982504120386,-7.976804315678798,61.93026022966652,54.19241701253145,-7.737843217135072,48.14250338564616,43.770598287448976,-4.371905098197182,56.55107582543806,55.06143832252479,-1.4896375029132685,59.489766850027365,50.9424377499651,-8.547329100062264,2.662677203709728,1.925859747892124,-0.7368174558176042,140.64771336953598,114.66803032718974,-25.979683042346238,0.854988746,0.786172955,-0.06881579100000002,7665.360097703151,6112.508130109777,-1552.851967593374
Danny Jansen,2023,2024,301,324,50.0982504120386,50.13491498441816,0.036664572379557114,54.19241701253145,42.07350841188969,-12.11890860064176,43.770598287448976,43.115820862896456,-0.6547774245525204,55.06143832252479,44.10252748287871,-10.95891083964608,50.9424377499651,67.66986694943526,16.72742919947016,1.925859747892124,0.5487582481242271,-1.377101499767897,114.66803032718974,90.14526188489567,-24.522768442294065,0.786172955,0.657562838,-0.1286101169999999,6112.508130109777,5802.366079245693,-310.142050864084
Danny Jansen,2024,2025,324,337,50.13491498441816,45.126224451789135,-5.008690532629025,42.07350841188969,48.317883269080944,6.244374857191254,43.115820862896456,42.09117297428715,-1.0246478886093087,44.10252748287871,46.1346520008131,2.0321245179343848,67.66986694943526,62.64287737974361,-5.026989569691651,0.5487582481242271,1.3021022897209091,0.753344041596682,90.14526188489567,103.08123936572647,12.9359774808308,0.657562838,0.720734126,0.06317128799999994,5802.366079245693,5645.883068757207,-156.4830104884859
Danny Mendick,2021,2022,186,106,48.75127355308657,51.62303867840576,2.871765125319193,35.42913187078791,44.014970698598816,8.585838827810903,43.94390129385691,56.6333145098933,12.689413216036392,46.445828604878,50.35783730373127,3.9120086988532705,55.02994495071842,53.40008171633227,-1.629863234386157,-0.3007110329662439,0.7492610744293513,1.0499721073955952,66.6620306049042,124.77512410930576,58.11309350440156,0.589288067,0.786156111,0.19686804400000002,5023.391011520138,6211.644251885933,1188.2532403657951
Dansby Swanson,2021,2022,653,696,47.20604815956312,50.49215291193477,3.2861047523716493,55.0438816032955,57.79856401289231,2.7546824095968034,57.59963672165839,63.33081136608412,5.731174644425728,61.22100467768824,80.0,18.778995322311758,48.74900245217773,47.31270912642033,-1.436293325757397,3.3064584194406006,6.652801922674684,3.346343503234084,99.13853501104396,116.7711498944532,17.632614883409246,0.760329284,0.775897988,0.015568703999999989,6933.644246864305,8473.536024158562,1539.8917772942568
Dansby Swanson,2022,2023,696,638,50.49215291193477,47.76626281142271,-2.7258901005120535,57.79856401289231,52.43647988997665,-5.362084122915654,63.33081136608412,60.3778752725672,-2.952936093516918,80.0,80.0,0.0,47.31270912642033,54.78172114988919,7.469012023468856,6.652801922674684,4.83481312051192,-1.8179888021627644,116.7711498944532,104.65353731998545,-12.117612574467756,0.775897988,0.743515409,-0.03238257899999997,8473.536024158562,8321.831884185003,-151.704139973559
Dansby Swanson,2023,2024,638,593,47.76626281142271,46.92876219821565,-0.8375006132070624,52.43647988997665,51.88947728553136,-0.5470026044452894,60.3778752725672,67.03551280954267,6.657637536975464,80.0,76.28856482588648,-3.711435174113518,54.78172114988919,52.849181914461646,-1.9325392354275408,4.83481312051192,4.214864448738324,-0.6199486717735958,104.65353731998545,97.4903604858174,-7.163176834168041,0.743515409,0.701486126,-0.04202928299999997,8321.831884185003,8340.539607878673,18.707723693669323
Dansby Swanson,2024,2025,593,645,46.92876219821565,46.45497025977996,-0.47379193843568856,51.88947728553136,55.67885482637175,3.789377540840384,67.03551280954267,64.88953906713083,-2.14597374241184,76.28856482588648,55.59368549075735,-20.69487933512913,52.849181914461646,47.26726948873609,-5.581912425725555,4.214864448738324,3.3544562350877607,-0.8604082136505635,97.4903604858174,99.40050492924944,1.9101444434320314,0.701486126,0.716638592,0.015152465999999976,8340.539607878673,6957.237441405925,-1383.3021664727476
Darell Hernaiz,2024,2025,135,197,49.47359500279031,59.02682522209648,9.553230219306165,37.58828827910219,36.91287832821312,-0.675409950889069,44.28041641059671,43.1294436821912,-1.150972728405506,48.73643264513061,52.481460141058186,3.745027495927573,52.2100172985468,53.36042799816474,1.150410699617936,-0.4640286029894406,-0.1252835238605789,0.3387450791288617,49.789493409454366,65.10741418355582,15.317920774101452,0.502860695,0.598666073,0.095805378,5140.30334776972,5698.972183733339,558.6688359636191
Darin Ruf,2021,2022,312,388,53.504490063623386,44.905189083048825,-8.599300980574561,67.29476329413068,51.234536265334086,-16.06022702879659,49.22875443414279,51.756627817754485,2.5278733836116913,57.33492065302917,32.349450844534154,-24.98546980849502,66.83209674892237,62.33806727360796,-4.494029475314406,2.9244545337625034,-0.6763384368858305,-3.600792970648334,144.36144290888666,88.68826762287674,-55.67317528600992,0.903699353,0.645024383,-0.25867497000000006,8152.250230992749,5441.29238700907,-2710.9578439836787
Daulton Varsho,2021,2022,315,592,52.02377948056744,47.07147007015047,-4.952309410416973,50.33714103690645,55.34948152142914,5.012340484522689,67.13186647051911,62.73413192020026,-4.397734550318852,55.72065171703433,77.7708850650539,22.050233348019574,47.819944962329714,46.83165915157645,-0.9882858107532613,1.7798924226968609,4.30034407029456,2.5204516475976995,100.0264193009147,106.3111882556776,6.28476895476291,0.755091055,0.744768335,-0.010322720000000007,7081.052620295684,7990.371093493706,909.3184731980218
Daulton Varsho,2022,2023,592,581,47.07147007015047,48.13825317972515,1.0667831095746791,55.34948152142914,48.81202478242645,-6.5374567390026925,62.73413192020026,57.41110929523028,-5.32302262496998,77.7708850650539,68.03138878516992,-9.73949627988398,46.83165915157645,47.12023383596592,0.28857468438946654,4.30034407029456,1.906614865677103,-2.3937292046174576,106.3111882556776,84.35195708486472,-21.959231170812885,0.744768335,0.6739684,-0.07079993499999993,7990.371093493706,6910.270266010928,-1080.1008274827782
Daulton Varsho,2023,2024,581,513,48.13825317972515,41.22693464532662,-6.911318534398525,48.81202478242645,48.19747025294382,-0.6145545294826249,57.41110929523028,62.47007083565046,5.058961540420178,68.03138878516992,74.83860240138416,6.807213616214241,47.12023383596592,52.798781781656,5.678547945690077,1.906614865677103,3.173737122023587,1.267122256346484,84.35195708486472,98.6409669653947,14.289009880529974,0.6739684,0.700376157,0.026407756999999976,6910.270266010928,7513.929045140685,603.658779129757
Daulton Varsho,2024,2025,513,271,41.22693464532662,41.3504624420305,0.12352779670387548,48.19747025294382,65.08457707413186,16.887106821188034,62.47007083565046,53.762549779442935,-8.707521056207526,74.83860240138416,58.15926199940965,-16.679340401974514,52.798781781656,40.60310717791239,-12.195674603743605,3.173737122023587,2.2085171929477254,-0.9652199290758614,98.6409669653947,122.81931578249532,24.178348817100627,0.700376157,0.832519937,0.13214378000000004,7513.929045140685,6351.908842696415,-1162.0202024442697
David Bote,2021,2022,327,127,46.44016936656524,41.32983092112533,-5.110338445439915,51.46546314986946,58.70494026279808,7.2394771129286255,43.08782798518448,49.575775034835736,6.487947049651254,51.16606258293192,48.38080532608448,-2.7852572568474443,49.21109854031832,46.57963741289716,-2.6314611274211543,-0.3256199794522844,0.5195011262579841,0.8451211057102684,65.91043041263369,112.17620540552934,46.26577499289566,0.605970526,0.745995111,0.14002458500000003,5523.519524855685,5665.354742132851,141.83521727716652
David Fletcher,2021,2022,665,228,72.7201771762619,69.49810401216516,-3.2220731640967415,26.31907906095121,24.966514980642025,-1.352564080309186,65.9353062589122,46.84720556130729,-19.088100697604915,61.3402002937007,61.64577441364047,0.30557411993977013,47.68326191666005,45.3877312483338,-2.2955306683262506,0.831937659965337,0.7613665020088808,-0.07057115795645619,69.16242001688276,74.86737528654565,5.704955269662889,0.621701483,0.620943952,-0.000757531000000089,6698.3888198476325,5585.075725235219,-1113.3130946124138
David Fry,2023,2024,113,392,45.46372293405104,53.45466140831857,7.99093847426753,52.173038940072765,51.09159017977047,-1.081448760302294,51.06978158366962,46.39690582987821,-4.672875753791409,41.138196340468966,43.04875854243184,1.9105622019628754,40.10524339838281,54.20476835596154,14.09952495757873,-0.116055059283276,1.7315936905758216,1.8476487498590977,104.85418422183211,129.4422912181214,24.588106996289284,0.734425654,0.80417145,0.06974579599999997,5045.619233271622,5863.192128109497,817.5728948378755
David Fry,2024,2025,392,157,53.45466140831857,27.97558955922661,-25.479071849091962,51.09159017977047,50.11995598272574,-0.9716341970447289,46.39690582987821,49.298748936987366,2.9018431071091584,43.04875854243184,47.51204802016899,4.463289477737149,54.20476835596154,39.469247403306255,-14.735520952655285,1.7315936905758216,-0.5786274042780981,-2.3102210948539197,129.4422912181214,63.19213602401364,-66.25015519410775,0.80417145,0.592313061,-0.21185838899999998,5863.192128109497,4372.345007937062,-1490.847120172435
David Hamilton,2024,2025,317,194,49.807058217571,45.81800141288854,-3.9890568046824555,44.95176701911566,42.10496103359127,-2.8468059855243837,74.56071396623898,65.1011513080677,-9.45956265817128,50.27583301862623,52.60405640421365,2.328223385587421,50.91322448077875,51.733497369329406,0.8202728885506545,1.6420195769947368,0.1336041782324442,-1.5084153987622926,94.14262920093036,59.61768224666911,-34.524946954261246,0.697396939,0.589877835,-0.10751910399999998,6864.105766453172,6270.576442868269,-593.5293235849031
David Peralta,2021,2022,538,490,57.549756106966285,50.962095930781615,-6.58766017618467,49.20555482222957,55.475771555179776,6.270216732950203,55.63622396710948,45.21673296314596,-10.419491003963522,54.049619917481465,52.402444464053325,-1.6471754534281402,52.72442789909323,47.36828085868089,-5.356147040412338,1.4622989888454274,1.7200010108942851,0.2577020220488577,94.91018751802692,103.5986867334438,8.688499215416883,0.727742875,0.730905117,0.0031622420000000373,6876.380638386499,5992.256482391195,-884.1241559953041
David Peralta,2022,2023,490,422,50.962095930781615,57.63683286328157,6.674736932499954,55.475771555179776,47.54086932155201,-7.934902233627767,45.21673296314596,38.03425466174539,-7.182478301400565,52.402444464053325,48.65075668206206,-3.751687781991265,47.36828085868089,37.87850741061223,-9.48977344806866,1.7200010108942851,-0.3063666465776974,-2.0263676574719827,103.5986867334438,80.44459020549046,-23.154096527953342,0.730905117,0.674549521,-0.05635559600000006,5992.256482391195,4957.23809517352,-1035.018387217675
David Peralta,2023,2024,422,260,57.63683286328157,52.77210255482213,-4.8647303084594355,47.54086932155201,51.367422591995,3.826553270442993,38.03425466174539,44.32090495875366,6.286650297008265,48.65075668206206,40.245406966330144,-8.405349715731916,37.87850741061223,48.06460745613154,10.18610004551931,-0.3063666465776974,0.4573844990197059,0.7637511455974033,80.44459020549046,114.63302103068337,34.18843082519291,0.674549521,0.749869621,0.0753201,4957.23809517352,5345.879398893336,388.64130371981537
David Villar,2022,2023,181,140,35.38078713209796,33.44304120338825,-1.9377459287097096,52.373479389960266,47.17953969241776,-5.193939697542504,46.18921507385537,48.09708973778308,1.907874663927707,48.98092216312872,53.46837451335531,4.48745235022659,55.185942632348855,50.2014771120805,-4.984465520268358,0.9056375330833134,-0.2598749070896917,-1.165512440173005,124.24879892553496,51.48001026009506,-72.7687886654399,0.786619917,0.550230414,-0.23638950300000006,5321.19717154887,5127.041300061761,-194.15587148710893
Davis Schneider,2023,2024,141,454,40.63308411619377,35.80292506502666,-4.830159051167108,60.87658658253834,49.50836392275856,-11.368222659779775,50.56173877248268,51.368717430482896,0.8069786580002187,54.50342272380883,52.51265530712128,-1.9907674166875537,64.0237960041529,58.561968634769016,-5.461827369383883,1.9117270361631653,0.3539254374031054,-1.55780159876006,175.30185051374602,79.788188020766,-95.51366249298002,1.007703594,0.624507594,-0.3831960000000001,6846.854469894128,5794.391429017271,-1052.4630408768571
Davis Schneider,2024,2025,454,227,35.80292506502666,41.95354113762187,6.150616072595206,49.50836392275856,55.19097057480489,5.682606652046331,51.368717430482896,48.65066948377325,-2.718047946709646,52.51265530712128,47.89557559961072,-4.617079707510555,58.561968634769016,65.54884492048265,6.986876285713635,0.3539254374031054,1.3033304965985997,0.9494050591954943,79.788188020766,127.05872697840208,47.27053895763608,0.624507594,0.797403692,0.17289609800000005,5794.391429017271,6286.574855040161,492.18342602289067
Derek Hill,2024,2025,172,149,38.84126092775831,38.36921449783259,-0.4720464299257259,55.095935665960674,53.32125443991522,-1.7746812260454519,56.34022080607631,60.05635832599912,3.7161375199228104,48.81804475952101,58.95527274715972,10.13722798763871,34.62781447750959,39.602151240090514,4.974336762580926,0.2284308648668307,0.6611278177671672,0.4326969529003365,89.49824867540018,70.37349442617185,-19.12475424922833,0.690341321,0.609180125,-0.08116119600000005,5245.068313237588,6012.1385100848975,767.0701968473095
Didi Gregorius,2021,2022,408,232,48.824089230598965,51.58194845447974,2.7578592238807786,39.47132944063854,34.48629588066636,-4.98503355997218,54.24644870587583,54.32336770773713,0.07691900186129885,29.87604857049991,45.87711066514085,16.001062094640936,40.38518868302533,36.21839170942495,-4.166796973600384,-0.991441882593742,-0.4302132686033215,0.5612286139904206,69.12414402018126,58.60606334290639,-10.518080677274874,0.63917306,0.566669351,-0.07250370899999992,4216.661523779287,4600.399033056891,383.73750927760466
Dominic Canzone,2023,2024,182,188,50.28427931239543,37.21610040083004,-13.06817891156539,53.18465818417419,55.33977429490493,2.155116110730738,45.1205897305904,47.55210750821853,2.4315177776281303,46.33955306898444,47.90895018195444,1.5693971129699946,36.70813879877428,44.94328409120031,8.235145292426033,-0.372238024107103,0.0573461555755645,0.4295841796826675,80.55220505918014,87.59111697107532,7.038911911895184,0.657085688,0.652228975,-0.0048567130000000125,5093.775180352796,5133.339137394523,39.56395704172701
Dominic Canzone,2024,2025,188,268,37.21610040083004,56.72529393185157,19.50919353102153,55.33977429490493,63.553468220758646,8.213693925853718,47.55210750821853,45.213212188746816,-2.3388953194717175,47.90895018195444,43.10527491605728,-4.803675265897155,44.94328409120031,42.722506943686845,-2.2207771475134663,0.0573461555755645,1.4699672390343528,1.4126210834587882,87.59111697107532,140.86973783480403,53.278620863728705,0.652228975,0.839690436,0.18746146100000005,5133.339137394523,6035.635626583304,902.2964891887805
Dominic Fletcher,2023,2024,102,241,53.37717383164372,49.44740041612828,-3.9297734155154345,47.35641794044045,31.282394848650185,-16.074023091790266,44.80357834120153,43.07028656425444,-1.733291776947091,54.32992988128841,52.775149300771616,-1.5547805805167911,46.22491290590177,43.22411097401878,-3.0008019318829895,0.573628033860781,-0.8089826372688926,-1.3826106711296737,111.96133750159704,43.29147392837305,-68.66986357322399,0.790860215,0.507706221,-0.2831539940000001,5736.019427863041,4558.268585642484,-1177.7508422205565
Dominic Smith,2021,2022,493,152,50.1373833442681,47.01167357448269,-3.1257097697854093,45.62047926343224,44.776616256945054,-0.843863006487183,34.90909686683105,50.22179269535718,15.312695828526131,30.13969844263086,50.977256248159385,20.837557805528526,39.734196360716986,51.94404428314807,12.20984792243108,-0.989613199306404,-0.2385648200002714,0.7510483793061327,84.26561128864844,64.50683872512285,-19.758772563525596,0.667488333,0.559897878,-0.10759045499999997,3862.124564788345,5708.191809093396,1846.0672443050507
Dominic Smith,2022,2023,152,586,47.01167357448269,59.41551553472007,12.40384196023738,44.776616256945054,40.26765836990124,-4.508957887043813,50.22179269535718,31.341371565603065,-18.880421129754115,50.977256248159385,47.846555190401325,-3.13070105775806,51.94404428314807,49.70023632727551,-2.2438079558725548,-0.2385648200002714,-0.070564192375544,0.1680006276247274,64.50683872512285,90.70537692152324,26.198538196400392,0.559897878,0.692162474,0.13226459599999996,5708.191809093396,4985.958606556416,-722.2332025369797
Dominic Smith,2023,2024,586,307,59.41551553472007,47.91977036343315,-11.49574517128692,40.26765836990124,49.35928601792425,9.091627648023007,31.341371565603065,42.86878058583308,11.527409020230014,47.846555190401325,49.689887446375614,1.843332255974289,49.70023632727551,53.33897564203932,3.6387393147638107,-0.070564192375544,0.2085975595923933,0.2791617519679373,90.70537692152324,94.41289142676916,3.707514505245925,0.692162474,0.690885401,-0.0012770730000000174,4985.958606556416,5619.698845879953,633.740239323537
Dominic Smith,2024,2025,307,225,47.91977036343315,57.01489278586129,9.09512242242814,49.35928601792425,44.8323516024311,-4.526934415493145,42.86878058583308,48.53118962869247,5.6624090428593945,49.689887446375614,44.09385543089586,-5.596032015479757,53.33897564203932,45.60671223227937,-7.732263409759952,0.2085975595923933,0.3893359346756634,0.18073837508327012,94.41289142676916,110.85913297798828,16.446241551219117,0.690885401,0.749999999,0.059114598000000074,5619.698845879953,5460.5118737631965,-159.1869721167568
Donovan Solano,2021,2022,344,304,61.488122031150034,60.00460381657483,-1.4835182145752057,45.04429231853688,45.55518185635973,0.5108895378228482,47.685089232985085,37.149783415082936,-10.535305817902149,49.83916160542325,50.29042517806644,0.4512635726431924,46.36709586949734,45.10551403480178,-1.261581834695562,1.390098708694307,0.5341726562556748,-0.8559260524386323,105.4014794754829,98.76122892127258,-6.640250554210326,0.747932117,0.723707875,-0.02422424199999995,5923.245484296135,5358.765108346864,-564.4803759492715
Donovan Solano,2022,2023,304,450,60.00460381657483,57.790741326467504,-2.2138624901073243,45.55518185635973,47.01377732449886,1.45859546813913,37.149783415082936,36.57028131927291,-0.5795020958100281,50.29042517806644,40.84881492993643,-9.441610248130011,45.10551403480178,49.97394249669457,4.86842846189279,0.5341726562556748,1.110431334056583,0.5762586778009082,98.76122892127258,114.3363359665616,15.57510704528903,0.723707875,0.759751832,0.03604395699999996,5358.765108346864,5164.012563765531,-194.7525445813326
Donovan Solano,2023,2024,450,309,57.790741326467504,57.14922404018283,-0.6415172862846745,47.01377732449886,45.42164243473689,-1.5921348897619723,36.57028131927291,35.426149448814726,-1.1441318704581818,40.84881492993643,44.492690649701416,3.643875719764985,49.97394249669457,48.29044761991192,-1.683494876782646,1.110431334056583,0.7821788992558878,-0.3282524348006952,114.3363359665616,117.2590642392403,2.9227282726786967,0.759751832,0.760003201,0.0002513690000000013,5164.012563765531,5083.142091138402,-80.87047262712895
Donovan Solano,2024,2025,309,179,57.14922404018283,47.29720872543927,-9.85201531474356,45.42164243473689,40.67884829742201,-4.742794137314881,35.426149448814726,44.17018167851685,8.744032229702121,44.492690649701416,50.76585958526951,6.273168935568094,48.29044761991192,38.7543877029895,-9.536059916922426,0.7821788992558878,-0.0390157618029732,-0.821194661058861,117.2590642392403,81.80695663917052,-35.45210760006978,0.760003201,0.62785219,-0.13215101099999993,5083.142091138402,4642.819914468236,-440.3221766701663
Drew Waters,2022,2023,109,337,39.72719451345343,39.36185384609518,-0.36534066735825377,53.85067962215901,48.293678948700624,-5.557000673458383,49.286342020194326,59.74161826530356,10.455276245109232,46.63977682661116,58.6550153887177,12.01523856210654,52.93585513964783,44.41247013926888,-8.523385000378944,0.4122874917534941,0.9258031484702178,0.5135156567167237,123.48848969897594,82.9406380309246,-40.54785166805134,0.80324074,0.677186707,-0.12605403299999995,5546.586765153885,6012.288311519197,465.7015463653124
Dylan Carlson,2021,2022,619,488,50.88720837293389,52.16528439741856,1.278076024484669,47.28566617563054,42.3996600767953,-4.886006098835239,47.583941323937545,60.744297586857286,13.160356262919741,42.58695378255558,52.00725941589402,9.420305633338437,54.112542318345575,56.91220507395357,2.799662755607997,2.394640886776335,1.870310340400612,-0.5243305463757229,111.45543971152256,98.20648192794344,-13.248957783579115,0.780311443,0.695203399,-0.08510804399999994,5583.107650998904,6598.031386630571,1014.9237356316671
Dylan Carlson,2022,2023,488,255,52.16528439741856,51.89799779324535,-0.2672866041732078,42.3996600767953,44.53456793248478,2.1349078556894767,60.744297586857286,51.37380095895591,-9.370496627901375,52.00725941589402,46.26047057344163,-5.746788842452389,56.91220507395357,56.06412492937731,-0.8480801445762651,1.870310340400612,0.0789316576908492,-1.7913786827097629,98.20648192794344,83.81687182342172,-14.389610104521722,0.695203399,0.650980391,-0.04422300800000001,6598.031386630571,5934.074230281576,-663.9571563489953
Dylan Carlson,2023,2024,255,265,51.89799779324535,38.6408215439103,-13.257176249335053,44.53456793248478,35.616052104104654,-8.918515828380123,51.37380095895591,48.62308475691925,-2.7507162020366636,46.26047057344163,36.681933814539775,-9.578536758901855,56.06412492937731,50.74533873702888,-5.318786192348426,0.0789316576908492,-1.096415598609875,-1.1753472563007241,83.81687182342172,66.70434675671547,-17.112525066706255,0.650980391,0.563388196,-0.08759219500000004,5934.074230281576,4143.688258564778,-1790.385971716798
Dylan Carlson,2024,2025,265,241,38.6408215439103,48.23712322123452,9.59630167732422,35.616052104104654,42.89029150136648,7.274239397261823,48.62308475691925,45.00017455952688,-3.6229101973923648,36.681933814539775,46.578707551339306,9.896773736799531,50.74533873702888,55.70602018013014,4.960681443101258,-1.096415598609875,-0.3602690272298453,0.7361465713800297,66.70434675671547,73.92294328804984,7.21859653133437,0.563388196,0.614413827,0.051025631000000016,4143.688258564778,5410.007688026429,1266.3194294616505
Dylan Crews,2024,2025,132,322,52.30653434607921,43.01001958519716,-9.296514760882047,49.13392143681212,50.022574882525525,0.8886534457134019,58.84440332709616,60.05355827470541,1.2091549476092496,54.87518397292914,51.102943213051816,-3.7722407598773273,53.45897849004908,47.54618802503271,-5.912790465016364,0.4527361872632467,0.1910478363684773,-0.2616883508947694,79.60554502382399,76.95498603049687,-2.650558993327124,0.640819963,0.631038941,-0.009781021999999973,6857.214524374636,6038.795998310969,-818.4185260636677
Dylan Moore,2021,2022,377,255,40.650918183383126,44.52236043056658,3.8714422471834524,44.56081874756073,50.83864709768872,6.27782835012799,65.97377130631767,67.41257556193207,1.4388042556144,65.13909470759025,52.19952160279876,-12.939573104791485,58.63402259705204,66.8416904908085,8.207667893756465,1.0669303251019169,1.969340859096152,0.9024105339942352,73.77224319579936,127.4754766711363,53.703233475336944,0.610199417,0.752954785,0.142755368,7252.590180852887,7453.705251792832,201.11507093994533
Dylan Moore,2022,2023,255,165,44.52236043056658,35.229153626686056,-9.293206803880523,50.83864709768872,55.45565424496291,4.617007147274187,67.41257556193207,52.36756680600636,-15.045008755925714,52.19952160279876,48.77174629631788,-3.427775306480882,66.8416904908085,50.19921038277996,-16.642480108028543,1.969340859096152,0.5224046004507228,-1.4469362586454293,127.4754766711363,107.29554482740863,-20.179931843727672,0.752954785,0.730616509,-0.022338276000000046,7453.705251792832,5529.713623201316,-1923.991628591516
Dylan Moore,2023,2024,165,441,35.229153626686056,43.064621830139096,7.83546820345304,55.45565424496291,47.88082261102772,-7.57483163393519,52.36756680600636,70.87683485385966,18.509268047853304,48.77174629631788,52.15873622763132,3.386989931313444,50.19921038277996,64.0728287184122,13.873618335632237,0.5224046004507228,2.413358616604381,1.8909540161536582,107.29554482740863,105.76281017956455,-1.5327346478440802,0.730616509,0.687302371,-0.043314137999999947,5529.713623201316,7253.559076360827,1723.8454531595107
Dylan Moore,2024,2025,441,243,43.064621830139096,34.03552161278772,-9.029100217351377,47.88082261102772,45.90648587803453,-1.9743367329931871,70.87683485385966,55.26285236709586,-15.613982486763803,52.15873622763132,43.05779401597979,-9.100942211651535,64.0728287184122,49.27440887888453,-14.798419839527668,2.413358616604381,-0.1072673140139658,-2.5206259306183467,105.76281017956455,83.01343037223549,-22.749379807329063,0.687302371,0.641918934,-0.045383437000000026,7253.559076360827,4887.288566911328,-2366.2705094494986
Eddie Rosario,2021,2022,412,270,59.54698919640565,39.39686263360592,-20.150126562799727,47.40750086400923,42.67613968247807,-4.731361181531156,55.44288464339972,52.9121949049224,-2.530689738477321,45.85788348695928,38.248727819811606,-7.609155667147675,40.92626082278636,39.80000905874712,-1.1262517640392389,0.9406764682982104,-1.2592977939914654,-2.199974262289676,99.7931916559203,62.66326600124388,-37.12992565467641,0.740234248,0.587259259,-0.15297498900000006,5852.660664019167,4305.201541936493,-1547.4591220826733
Eddie Rosario,2022,2023,270,516,39.39686263360592,46.66684738197203,7.269984748366113,42.67613968247807,52.7435279042167,10.067388221738625,52.9121949049224,44.05988370648209,-8.852311198440312,38.248727819811606,52.118211981414994,13.869484161603388,39.80000905874712,33.29266514906895,-6.50734390967817,-1.2592977939914654,1.3095219378151657,2.568819731806631,62.66326600124388,100.83204357968938,38.1687775784455,0.587259259,0.754645162,0.167385903,4305.201541936493,4931.412606069682,626.2110641331883
Eddie Rosario,2023,2024,516,319,46.66684738197203,40.08256062770685,-6.584286754265186,52.7435279042167,49.33682218769774,-3.4067057165189567,44.05988370648209,56.65493986768507,12.595056161202983,52.118211981414994,36.09117403401984,-16.02703794739515,33.29266514906895,39.13296599721631,5.840300848147358,1.3095219378151657,-1.9876742297967267,-3.2971961676118924,100.83204357968938,44.29367038518899,-56.538373194500394,0.754645162,0.531009357,-0.22363580500000002,4931.412606069682,4659.401021739887,-272.01158432979446
Edmundo Sosa,2021,2022,326,190,52.1230034167722,42.34635118262675,-9.776652234145452,44.82182753026928,42.91876227672855,-1.9030652535407313,50.11742410499858,66.80637003121291,16.68894592621433,60.45044033058268,63.06217660570852,2.6117362751258426,38.75744620121047,30.95475772223328,-7.802688478977192,1.9595014229395689,1.2590635126492633,-0.7004379102903056,102.3823742226952,81.09369050745094,-21.28868371524426,0.7345679,0.644450456,-0.0901174440000001,5694.585158673737,5782.685273017965,88.10011434422813
Edmundo Sosa,2022,2023,190,300,42.34635118262675,45.69290815118778,3.346556968561032,42.91876227672855,48.11001054726609,5.1912482705375425,66.80637003121291,54.26302383299582,-12.543346198217087,63.06217660570852,54.11388253132548,-8.948294074383043,30.95475772223328,28.162550514438397,-2.792207207794881,1.2590635126492633,1.034924137952244,-0.22413937469701928,81.09369050745094,91.07265895063182,9.978968443180875,0.644450456,0.719452589,0.07500213300000003,5782.685273017965,5019.713205313559,-762.9720677044061
Edmundo Sosa,2023,2024,300,274,45.69290815118778,44.411420985044174,-1.2814871661436058,48.11001054726609,53.6567631000202,5.546752552754107,54.26302383299582,63.00438266488455,8.741358831888732,54.11388253132548,59.69666495695101,5.582782425625531,28.162550514438397,33.17353792288244,5.010987408444041,1.034924137952244,1.874069403404679,0.839145265452435,91.07265895063182,102.17817513070442,11.105516180072598,0.719452589,0.734186746,0.014734157000000025,5019.713205313559,6171.581389376745,1151.8681840631862
Edmundo Sosa,2024,2025,274,261,44.411420985044174,50.81341875636582,6.401997771321646,53.6567631000202,51.69726476707634,-1.9594983329438591,63.00438266488455,45.06858382830222,-17.93579883658233,59.69666495695101,57.6942246295969,-2.0024403273541083,33.17353792288244,30.415561036895166,-2.757976885987272,1.874069403404679,1.62550046271494,-0.2485689406897389,102.17817513070442,111.39915774596037,9.220982615255949,0.734186746,0.776528798,0.04234205199999996,6171.581389376745,5162.979169977311,-1008.602219399434
Edouard Julien,2023,2024,408,301,46.80927903635336,36.91332732376635,-9.895951712587006,60.44318299522346,48.86503854217751,-11.578144453045951,48.51137435365724,51.94703691245682,3.435662558799578,47.84893375805264,45.26081610410752,-2.588117653945119,72.23888222631797,61.00003067083327,-11.2388515554847,2.631706887892168,-0.0271147391089168,-2.658821627001085,133.84717421168983,78.61147730189563,-55.2356969097942,0.839415261,0.615667073,-0.22374818799999996,7095.21672576258,5566.512713308896,-1528.7040124536834
Edouard Julien,2024,2025,301,208,36.91332732376635,47.01121685606564,10.097889532299284,48.86503854217751,48.634509668833495,-0.23052887334401362,51.94703691245682,38.27316265827814,-13.673874254178678,45.26081610410752,38.76923629355262,-6.491579810554896,61.00003067083327,59.6585382294431,-1.3414924413901659,-0.0271147391089168,-0.7943688796364298,-0.767254140527513,78.61147730189563,80.5067774010295,1.8953000991338627,0.615667073,0.633354567,0.017687494000000026,5566.512713308896,5111.511123589743,-455.00158971915334
Eduardo Escobar,2021,2022,599,542,53.65220098812841,49.24422551241538,-4.40797547571303,51.87233754313994,54.167496580642485,2.2951590375025432,43.19380299713116,47.60459758306504,4.4107945859338855,49.88612802710766,43.963750866414046,-5.922377160693614,46.6082505513461,43.01743957904753,-3.59081097229857,2.5390880387868946,1.8867660894118043,-0.6523219493750902,107.93560330532036,103.68865658643249,-4.24694671888787,0.785623275,0.725505982,-0.060117292999999905,5708.308058250239,5396.534080187459,-311.77397806277986
Eduardo Escobar,2022,2023,542,309,49.24422551241538,41.67735866329894,-7.566866849116444,54.167496580642485,39.748803015977394,-14.418693564665091,47.60459758306504,48.22880819416231,0.6242106110972685,43.963750866414046,41.06930664022691,-2.894444226187133,43.01743957904753,40.7878775659462,-2.2295620131013365,1.8867660894118043,-0.8620411367781609,-2.748807226189965,103.68865658643249,65.62815859562065,-38.06049799081184,0.725505982,0.613230519,-0.11227546300000002,5396.534080187459,4246.204417289955,-1150.329662897504
Edward Olivares,2021,2022,111,174,53.21786624708224,57.43635111248959,4.218484865407348,46.91815194665971,50.62453364673637,3.706381700076655,48.38930011315406,46.41744260291237,-1.9718575102416906,46.73945608739868,45.56153665961929,-1.1779194277793863,46.232532218412274,43.71959242591418,-2.512939792498095,-0.1092806299613046,0.2478037863163747,0.3570844162776793,85.60547968436933,108.53211904604318,22.92663936167385,0.696849684,0.743271221,0.04642153699999996,5539.994635391166,5647.100431884162,107.10579649299598
Edward Olivares,2022,2023,174,385,57.43635111248959,57.79637256159838,0.3600214491087925,50.62453364673637,50.15117838177644,-0.4733552649599275,46.41744260291237,52.60954152655978,6.192098923647414,45.56153665961929,38.12477567305231,-7.436760986566981,43.71959242591418,43.69819039651531,-0.021402029398871036,0.2478037863163747,0.5085326624442578,0.2607288761278831,108.53211904604318,105.84335632538968,-2.6887627206535,0.743271221,0.768860517,0.02558929600000004,5647.100431884162,5579.988509768662,-67.11192211550042
Edward Olivares,2023,2024,385,196,57.79637256159838,54.58812340665833,-3.2082491549400487,50.15117838177644,45.11944771995604,-5.031730661820397,52.60954152655978,48.04686464791487,-4.562676878644908,38.12477567305231,36.31271419825622,-1.8120614747960957,43.69819039651531,48.53509681716496,4.836906420649655,0.5085326624442578,-0.9212358296619484,-1.4297684921062062,105.84335632538968,73.60917666462169,-32.23417966076799,0.768860517,0.624149659,-0.14471085800000005,5579.988509768662,5129.726369190077,-450.2621405785849
Ehire Adrianza,2021,2022,209,110,55.28404811880471,50.58139864536339,-4.702649473441319,40.40475729961314,31.90991589199537,-8.494841407617766,50.41119371554946,50.46317636982344,0.05198265427397786,50.36261752815764,47.49472908858111,-2.8678884395765323,56.732152376636286,53.62608876385285,-3.106063612783437,0.5674280528883188,-0.5917007221818674,-1.1591287750701862,95.19856883139704,39.39274896331543,-55.80581986808161,0.728021977,0.46982193,-0.25820004700000004,6088.184958388416,5173.98421996042,-914.2007384279959
Elehuris Montero,2022,2023,185,307,36.7244867682408,29.60949806285253,-7.114988705388271,53.64655978459329,52.46720781322775,-1.1793519713655414,49.02825681403719,46.83778999989046,-2.190466814146731,51.934756992330726,39.81677442794988,-12.117982564380846,38.696593525646,33.542918140230725,-5.153675385415276,0.2083797194758912,-0.8797442783120887,-1.08812399778798,80.9580821782197,77.25430900325269,-3.7037731749670115,0.702088451,0.715958618,0.0138701670000001,5029.862587042061,3901.55017198034,-1128.312415061721
Elehuris Montero,2023,2024,307,247,29.60949806285253,39.91195418520844,10.302456122355906,52.46720781322775,48.208948043656974,-4.258259769570778,46.83778999989046,38.81900945299158,-8.018780546898881,39.81677442794988,40.956090576703126,1.1393161487532453,33.542918140230725,41.55027981703886,8.007361676808138,-0.8797442783120887,-1.88025753367517,-1.000513255363081,77.25430900325269,46.958280497700216,-30.29602850555247,0.715958618,0.570777905,-0.14518071300000002,3901.55017198034,4158.733185667029,257.1830136866888
Eli White,2021,2022,220,117,35.3761801716323,31.867320160301706,-3.5088600113305937,39.43301542023086,41.49979657849008,2.066781158259218,51.26097834467412,67.23820761026148,15.977229265587361,57.27566384031762,59.506807649765065,2.2311438094474454,47.91009974362578,52.30122581763628,4.391126074010501,-0.0754314559134202,0.6092777280555619,0.6847091839689821,57.36111481001242,66.47766508184243,9.116550271830015,0.567171717,0.578266177,0.011094460000000028,5131.582386326346,6130.971196366686,999.3888100403401
Elias Díaz,2021,2022,371,381,53.81118509707899,49.59767980664431,-4.213505290434682,51.38485873428351,49.24005355951287,-2.1448051747706387,39.76827320091069,35.978403016038904,-3.7898701848717877,62.59785677861415,30.270242438822187,-32.327614339791964,47.91679147154806,43.32340348201977,-4.5933879895282885,1.6826518986342416,-1.167072525960983,-2.849724424595225,90.74587725097776,68.40706701744602,-22.33881023353173,0.774470086,0.648361262,-0.126108824,6122.865569195626,4167.052273570107,-1955.8132956255195
Elias Díaz,2022,2023,381,526,49.59767980664431,49.67507460362164,0.07739479697733032,49.24005355951287,48.14102418958638,-1.099029369926491,35.978403016038904,42.97123980151312,6.992836785474218,30.270242438822187,33.69914268074879,3.4289002419266055,43.32340348201977,37.868936145617816,-5.4544673364019545,-1.167072525960983,-0.0548569988841197,1.1122155270768634,68.40706701744602,82.41425079029004,14.007183772844016,0.648361262,0.725054373,0.07669311099999998,4167.052273570107,4310.889685644038,143.83741207393086
Elias Díaz,2023,2024,526,351,49.67507460362164,49.59306099182908,-0.08201361179256139,48.14102418958638,44.464875468724,-3.676148720862379,42.97123980151312,35.62103582140896,-7.350203980104162,33.69914268074879,53.88978146294802,20.19063878219923,37.868936145617816,39.67450333683338,1.805567191215566,-0.0548569988841197,0.4790411194471906,0.5338981183313103,82.41425079029004,80.76345030590231,-1.6508004843877302,0.725054373,0.694928774,-0.030125599000000003,4310.889685644038,4666.964818573016,356.07513292897784
Elias Díaz,2024,2025,351,283,49.59306099182908,35.04412031981214,-14.54894067201694,44.464875468724,47.014175990683576,2.549300521959573,35.62103582140896,40.57231323697083,4.951277415561869,53.88978146294802,56.352406587242825,2.462625124294803,39.67450333683338,43.865442230916216,4.190938894082834,0.4790411194471906,0.3741822079568798,-0.10485891149031079,80.76345030590231,73.72194355132103,-7.0415067545812775,0.694928774,0.607039073,-0.08788970099999993,4666.964818573016,4684.210545474048,17.245726901031958
Elly De La Cruz,2023,2024,427,696,42.26280484913911,42.52051995878382,0.2577151096447139,62.0810449649078,65.53174555500837,3.450700590100574,77.75086088507504,80.0,2.249139114924958,57.4141321320362,72.75160078599524,15.337468653959036,47.42859196517743,56.03974300785547,8.611151042678038,1.8813694149075624,6.555340095610578,4.673970680703016,84.62588121174318,119.26510609565474,34.63922488391157,0.710263297,0.8094905,0.09922720299999999,7913.792986504905,9657.470880281358,1743.6778937764539
Elly De La Cruz,2024,2025,696,699,42.52051995878382,47.37041256958313,4.849892610799309,65.53174555500837,60.05139481700576,-5.480350738002613,80.0,77.14399855457219,-2.8560014454278075,72.75160078599524,48.49958381029974,-24.252016975695497,56.03974300785547,52.653260838622415,-3.386482169233055,6.555340095610578,4.337031449214489,-2.218308646396089,119.26510609565474,108.50352613594754,-10.761579959707205,0.8094905,0.776576121,-0.03291437900000005,9657.470880281358,7735.220266213007,-1922.2506140683518
Eloy Jiménez,2021,2022,231,327,43.67789421338685,52.61241709473995,8.934522881353104,57.20575377662556,68.83272015376801,11.626966377142445,41.50035472989408,41.42647092495013,-0.07388380494394653,46.86844119959694,41.58501945268514,-5.283421746911799,40.35344072879342,48.62016416573389,8.266723436940467,0.3105017613604883,1.6473418523601353,1.336840090999647,99.82506777040204,143.40664977753744,43.581582007135395,0.739650021,0.857798165,0.11814814399999995,4979.541256690106,6075.143545971601,1095.6022892814954
Eloy Jiménez,2022,2023,327,489,52.61241709473995,51.21510599584315,-1.3973110988968003,68.83272015376801,57.685909365296894,-11.146810788471115,41.42647092495013,40.3835149138456,-1.042956011104529,41.58501945268514,40.32477716838376,-1.260242284301377,48.62016416573389,40.15432184357738,-8.465842322156512,1.6473418523601353,0.5851078993782535,-1.0622339529818818,143.40664977753744,105.77441011302103,-37.632239664516405,0.857798165,0.757762888,-0.10003527699999992,6075.143545971601,5034.954024016334,-1040.189521955267
Eloy Jiménez,2023,2024,489,349,51.21510599584315,51.33928836311856,0.12418236727540943,57.685909365296894,51.90041059683114,-5.78549876846575,40.3835149138456,37.99589263542408,-2.3876222784215244,40.32477716838376,44.032734937823726,3.7079577694399646,40.15432184357738,43.16455527696228,3.0102334333849043,0.5851078993782535,-0.9282948972131284,-1.5134027965913819,105.77441011302103,78.3474000602023,-27.42701005281873,0.757762888,0.625818033,-0.13194485499999997,5034.954024016334,4957.993913148339,-76.96011086799535
Elvis Andrus,2021,2022,541,577,60.557564384061024,58.40609987227831,-2.151464511782713,37.54673570005741,48.11242348364417,10.56568778358676,74.11623562652767,71.23536838622542,-2.8808672403022513,62.91255540303806,57.94870319664754,-4.96385220639052,44.24270108651808,51.15710682029658,6.914405733778501,1.637269333449643,3.416921179531879,1.779651846082236,73.21862246690046,103.99258531623698,30.773962849336527,0.613599814,0.707031211,0.09343139700000003,7219.496149133825,7759.545305151018,540.0491560171922
Elvis Andrus,2022,2023,577,406,58.40609987227831,56.40992327244373,-1.996176599834584,48.11242348364417,40.15126426447021,-7.961159219173965,71.23536838622542,55.426106372409045,-15.809262013816372,57.94870319664754,59.529890425322165,1.5811872286746222,51.15710682029658,49.0951314784085,-2.061975341888086,3.416921179531879,1.237677680473359,-2.1792434990585203,103.99258531623698,81.78036877593365,-22.21221654030333,0.707031211,0.661992473,-0.04503873800000002,7759.545305151018,6411.047447021876,-1348.4978581291416
Emmanuel Rivera,2022,2023,359,283,49.18618398196287,54.12938731748682,4.943203335523947,54.79454411999804,47.01384690448583,-7.780697215512205,46.20309038444295,45.91931834529444,-0.28377203914850924,56.245216771795775,52.23439763681193,-4.010819134983848,46.4111407514536,50.706418990955264,4.295278239501663,1.242711404483441,0.3072187034023607,-0.9354927010810804,94.58169839418136,82.3757501722849,-12.205948221896463,0.701570017,0.672464285,-0.029105731999999995,6048.104213284585,5941.996213459017,-106.10799982556819
Emmanuel Rivera,2023,2024,283,302,54.12938731748682,48.13808307889374,-5.991304238593074,47.01384690448583,47.90388781187789,0.8900409073920557,45.91931834529444,46.55704434535399,0.6377260000595442,52.23439763681193,49.268542359519415,-2.965855277292512,50.706418990955264,50.2449095489532,-0.4615094420020611,0.3072187034023607,0.3382561439189384,0.031037440516577697,82.3757501722849,86.33532009663045,3.9595699243455584,0.672464285,0.655688584,-0.01677570100000003,5941.996213459017,5575.211969712566,-366.78424374645056
Emmanuel Rivera,2024,2025,302,127,48.13808307889374,48.22860273062992,0.09051965173618015,47.90388781187789,36.62914113790326,-11.274746673974626,46.55704434535399,44.61651909194157,-1.9405252534124173,49.268542359519415,50.51307106600534,1.244528706485923,50.2449095489532,41.19661397202296,-9.048295576930244,0.3382561439189384,-0.2869171503256444,-0.6251732942445828,86.33532009663045,64.0154898552384,-22.319830241392054,0.655688584,0.574671915,-0.08101666899999993,5575.211969712566,4623.265042264644,-951.9469274479225
Enmanuel Valdez,2023,2024,149,223,50.5240964143289,50.34251533170535,-0.181581082623552,49.02474365872112,50.47195715932583,1.447213500604711,52.51315232971537,45.528966125992206,-6.984186203723162,44.95548605252164,39.30256133458464,-5.652924717937005,46.96041146419639,51.86955838893009,4.909146924733697,0.345873610454145,-0.5920019582227616,-0.9378755686769066,104.15176298045589,73.3404903038281,-30.81127267662778,0.76404822,0.633454349,-0.13059387099999997,5656.831600298374,5363.044228808934,-293.78737148943947
Enmanuel Valdez,2024,2025,223,102,50.34251533170535,55.33431542328698,4.991800091581631,50.47195715932583,47.69266064648507,-2.7792965128407587,45.528966125992206,46.82103312579199,1.2920669997997862,39.30256133458464,53.22310008302431,13.920538748439675,51.86955838893009,58.097839789348505,6.2282814004184175,-0.5920019582227616,0.0805245381270333,0.6725264963497949,73.3404903038281,82.25527644095841,8.914786137130307,0.633454349,0.656755009,0.023300659999999973,5363.044228808934,6500.933615353897,1137.8893865449627
Enrique Hernández,2021,2022,585,402,55.01514381463637,50.894027797373326,-4.121116017263041,54.48622097867664,45.34683590585116,-9.139385072825483,56.89697267587599,47.98164637001425,-8.91532630586174,62.0202786602521,49.54039594741632,-12.479882712835781,58.32063160086974,53.481368887755686,-4.839262713114053,3.647717823679756,0.2652575197024434,-3.3824603039773127,108.71622301928436,74.45365842656446,-34.2625645927199,0.785571033,0.628994914,-0.156576119,7823.397640321712,5816.708824282378,-2006.6888160393337
Enrique Hernández,2022,2023,402,508,50.894027797373326,50.8532441480486,-0.040783649324723115,45.34683590585116,41.73283632427672,-3.61399958157444,47.98164637001425,45.9837846134282,-1.9978617565860546,49.54039594741632,28.095681125943397,-21.444714821472925,53.481368887755686,48.91701605557063,-4.564352832185058,0.2652575197024434,-1.140415389261187,-1.4056729089636304,74.45365842656446,72.78371148085185,-1.66994694571261,0.628994914,0.646359325,0.01736441100000008,5816.708824282378,4372.565772752461,-1444.143051529917
Enrique Hernández,2023,2024,508,393,50.8532441480486,51.00809126276865,0.15484711472004875,41.73283632427672,50.17306890027336,8.440232575996639,45.9837846134282,50.62136435564321,4.63757974221501,28.095681125943397,52.40832442497383,24.31264329903043,48.91701605557063,48.852399494723024,-0.06461656084760392,-1.140415389261187,0.6220881791794034,1.7625035684405903,72.78371148085185,81.79449705125262,9.01078557040077,0.646359325,0.65354042,0.007181094999999971,4372.565772752461,6088.750657585985,1716.184884833524
Enrique Hernández,2024,2025,393,256,51.00809126276865,42.0359724304317,-8.972118832336953,50.17306890027336,50.95833801579575,0.7852691155223965,50.62136435564321,43.35472064694264,-7.26664370870057,52.40832442497383,53.1909515866062,0.7826271616323695,48.852399494723024,43.84602459888127,-5.006374895841752,0.6220881791794034,-0.1534283121124617,-0.7755164912918651,81.79449705125262,69.91373762624615,-11.880759425006474,0.65354042,0.62128127,-0.032259150000000014,6088.750657585985,5151.287631373027,-937.4630262129585
Eric Haase,2021,2022,381,351,38.52085399025064,43.20305129210885,4.68219730185821,62.309609262103216,54.44864106785433,-7.860968194248883,49.955850658564565,44.32335073554186,-5.632499923022706,42.96808875100651,40.31010634994875,-2.6579824010577653,44.22710074469688,42.02892388573727,-2.198176858959606,1.0386704616161213,1.1822178179444396,0.14354735632831828,99.82721301983504,111.41135105206962,11.584138032234577,0.744778696,0.747567762,0.002789065999999951,5356.101123153362,4784.927382048999,-571.1737411043632
Eric Haase,2022,2023,351,293,43.20305129210885,36.906090471276414,-6.296960820832439,54.44864106785433,39.65285042600024,-14.79579064185409,44.32335073554186,46.865637753287615,2.542287017745757,40.31010634994875,47.542830109767024,7.232723759818278,42.02892388573727,37.3021130630682,-4.726810822669073,1.1822178179444396,-1.093925724088241,-2.2761435420326803,111.41135105206962,42.10043669148766,-69.31091436058196,0.747567762,0.527597239,-0.21997052299999997,4784.927382048999,4137.112987001276,-647.8143950477224
Eric Hosmer,2021,2022,565,419,58.79772466573738,62.10193179335664,3.3042071276192644,50.98050597707656,49.51055342125478,-1.4699525558217843,31.56945648114611,34.60226753016447,3.0328110490183597,43.96541255041682,44.74780280879697,0.782390258380147,49.22777580099099,51.5043220436587,2.276546242667713,0.8676917187420177,0.6134732146284753,-0.2542185041135424,103.6195210358069,104.095733758894,0.4762127230871016,0.731771376,0.715707825,-0.01606355100000001,5256.360723880247,5630.0058809292,373.6451570489535
Eric Hosmer,2022,2023,419,100,62.10193179335664,47.6272470343088,-14.47468475904784,49.51055342125478,43.38432391481743,-6.1262295064373475,34.60226753016447,43.87824376020889,9.27597623004442,44.74780280879697,49.62871121704174,4.880908408244771,51.5043220436587,42.09132183346158,-9.413000210197126,0.6134732146284753,-0.2918940725401798,-0.9053672871686551,104.095733758894,67.48120486680045,-36.614528892093546,0.715707825,0.609787234,-0.10592059099999995,5630.0058809292,4869.959254740979,-760.0466261882211
Ernie Clement,2021,2022,133,179,58.39556720021507,57.67664612748423,-0.7189210727308364,38.51456634215453,33.281622022895384,-5.232944319259147,48.27998896106361,44.19989567796775,-4.080093283095856,56.06854402409834,51.70597056518172,-4.362573458916614,45.55644994206519,46.453637460706645,0.8971875186414522,0.360308068816687,-0.8678744852626066,-1.2281825540792934,74.21755023944972,32.064274187201214,-42.15327605224851,0.623458359,0.45152681,-0.17193154900000002,5720.666775867687,5115.369451534737,-605.2973243329498
Ernie Clement,2024,2025,452,588,66.84806768986655,68.11868957848206,1.2706218886155085,41.56024308451753,38.525289059727655,-3.034954024789876,51.08499757135856,47.42942872637871,-3.6555688449798467,62.5418045635528,69.42356180351004,6.881757239957238,28.72879390249968,38.76323096709228,10.034437064592595,2.1368894314893634,3.216264981626082,1.0793755501367186,93.80665042405936,97.55813512606844,3.75148470200908,0.692278545,0.711418149,0.019139604000000032,5617.648211657724,6217.925043393792,600.2768317360687
Eugenio Suárez,2021,2022,574,629,38.44063891859548,40.89902782005595,2.4583889014604665,58.17661373248481,63.35822800547723,5.1816142729924195,29.407568928384915,39.6686605177433,10.261091589358383,40.8603060023483,51.10606045465514,10.24575445230684,55.26862139802961,62.63721300389181,7.3685916058622,-0.0118336332104238,4.333299474006343,4.345133107216767,84.95328591932727,132.02477755786296,47.07149163853569,0.713437057,0.790836984,0.07739992699999998,4532.561858701545,6131.878513848725,1599.3166551471795
Eugenio Suárez,2022,2023,629,694,40.89902782005595,39.33228612816599,-1.566741691889959,63.35822800547723,54.20118311754754,-9.157044887929693,39.6686605177433,35.54046835025342,-4.128192167489878,51.10606045465514,65.45736161619125,14.351301161536107,62.63721300389181,55.885041422876064,-6.7521715810157446,4.333299474006343,3.475767444658212,-0.857532029348131,132.02477755786296,104.73557644427116,-27.2892011135918,0.790836984,0.714070917,-0.076766067,6131.878513848725,5820.822987036528,-311.05552681219706
Eugenio Suárez,2023,2024,694,640,39.33228612816599,47.58479526659834,8.252509138432352,54.20118311754754,59.71080542524658,5.509622307699047,35.54046835025342,47.958919929733845,12.418451579480426,65.45736161619125,58.06001573252789,-7.3973458836633625,55.885041422876064,49.25043142901807,-6.6346099938579925,3.475767444658212,3.870113666246589,0.39434622158837707,104.73557644427116,115.44647922839142,10.710902784120265,0.714070917,0.788102014,0.07403109699999999,5820.822987036528,6511.18986380722,690.3668767706922
Eugenio Suárez,2024,2025,640,657,47.58479526659834,36.73884128481253,-10.845953981785811,59.71080542524658,69.18897533373666,9.47816990849008,47.958919929733845,42.539926803427946,-5.4189931263058995,58.06001573252789,47.4915345963772,-10.568481136150687,49.25043142901807,43.25276351544125,-5.997667913576819,3.870113666246589,3.801178856616932,-0.06893480962965715,115.44647922839142,124.69361712346377,9.247137895072342,0.788102014,0.823835926,0.03573391199999998,6511.18986380722,5301.521731863056,-1209.668131944164
Evan Carter,2024,2025,162,220,46.01001761837664,52.728958067521546,6.71894044914491,45.3004126565588,45.056492433041136,-0.2439202235176623,57.03598472727649,64.80432058779988,7.768335860523386,49.17083940188438,53.30648929537157,4.135649893487191,59.36201568734279,56.89947743543896,-2.4625382519038297,0.1079071333117288,1.4271210707995503,1.3192139374878216,81.14910733655807,107.27542398827268,26.126316651714603,0.632716049,0.728116213,0.09540016399999995,6240.196223453602,7029.967081015637,789.7708575620345
Evan Longoria,2021,2022,291,298,52.65362732209713,46.175503127122745,-6.478124194974384,64.42948324548206,60.5744400583258,-3.8550431871562623,44.55734936202767,38.68747084730696,-5.86987851472071,53.29486825637686,51.87210098673543,-1.422767269641426,62.04103594507491,53.99529754621287,-8.045738398862042,1.9682197770910783,1.411141060123275,-0.5570787169678033,123.29801954952298,114.80187633977329,-8.49614320974969,0.832728901,0.76656406,-0.06616484099999997,7233.300982914429,5916.254904798177,-1317.046078116252
Evan Longoria,2022,2023,298,237,46.175503127122745,43.84835124639011,-2.327151880732636,60.5744400583258,58.63132834307813,-1.9431117152476673,38.68747084730696,39.76950735139897,1.0820365040920095,51.87210098673543,50.25225225689172,-1.61984872984371,53.99529754621287,53.23917991063192,-0.7561176355809494,1.411141060123275,0.263028040280048,-1.148113019843227,114.80187633977329,90.9845438743506,-23.81733246542268,0.76656406,0.717159596,-0.04940446399999998,5916.254904798177,5664.003957244417,-252.25094755376085
Ezequiel Duran,2022,2023,220,439,44.34613999761342,49.01109614127919,4.664956143665769,44.546013301064974,56.145746961167816,11.599733660102842,50.53579192476078,39.00041028082742,-11.535381643933363,50.15408710483759,44.53020647718075,-5.623880627656845,38.14199916176937,35.56415561898493,-2.577843542784443,0.2017622098339717,1.3784892713687915,1.1767270615348198,81.68512838741212,111.1909043645515,29.50577597713938,0.642657342,0.767550666,0.12489332399999997,4929.143270928875,4757.6057913637,-171.5374795651751
Ezequiel Duran,2023,2024,439,285,49.01109614127919,47.49657478351349,-1.5145213577657017,56.145746961167816,41.47541187627407,-14.670335084893743,39.00041028082742,44.39264118577765,5.392230904950232,44.53020647718075,55.49726929982079,10.967062822640045,35.56415561898493,35.41432324049102,-0.14983237849390463,1.3784892713687915,0.1861620160177217,-1.1923272553510698,111.1909043645515,75.18809426861371,-36.00281009593779,0.767550666,0.60861482,-0.158935846,4757.6057913637,4718.320116287488,-39.28567507621119
Ezequiel Duran,2024,2025,285,219,47.49657478351349,45.66715383272075,-1.8294209507927377,41.47541187627407,35.17742094987617,-6.297990926397901,44.39264118577765,57.10705309607072,12.714411910293073,55.49726929982079,54.828855985358224,-0.668413314462569,35.41432324049102,36.90866012862428,1.4943368881332546,0.1861620160177217,-0.0132929944769725,-0.1994550104946942,75.18809426861371,57.16889658528279,-18.019197683330923,0.60861482,0.558737971,-0.049876849,4718.320116287488,4971.942291179024,253.6221748915359
Ezequiel Tovar,2023,2024,615,695,42.99995349613711,40.828458620485634,-2.171494875651476,47.804571539597205,55.5563203893979,7.751748849800691,49.31792713972304,45.83674575640159,-3.4811813833214487,75.3289559528214,73.02167902972616,-2.3072769230952446,27.04562913035774,21.229785112819247,-5.815844017538492,1.6714967510648489,3.658020839651281,1.9865240885864321,71.8862425914131,94.34281409814776,22.45657150673466,0.695029944,0.763332188,0.06830224400000007,5387.052539617783,5030.561113314789,-356.4914263029941
Ezequiel Tovar,2024,2025,695,390,40.828458620485634,44.86609035554908,4.037631735063449,55.5563203893979,50.41396234371667,-5.1423580456812275,45.83674575640159,49.9404820838888,4.103736327487212,73.02167902972616,56.40961820859551,-16.612060821130648,21.229785112819247,29.9507855000476,8.721000387228354,3.658020839651281,0.8277689488727018,-2.8302518907785794,94.34281409814776,77.79293465004093,-16.54987944810682,0.763332188,0.694270833,-0.06906135499999999,5030.561113314789,5054.8585003493445,24.297387034555868
Fernando Tatis Jr.,2023,2024,635,438,49.66179929182394,56.4443433656179,6.782544073793957,61.1206820282617,71.10934189975707,9.988659871495372,65.57984230538456,54.26607605067303,-11.313766254711531,69.26229681077606,53.72673525579819,-15.535561554977875,43.60301371739108,46.31796407931911,2.7149503619280324,4.032437675263811,3.2691331516511704,-0.7633045236126406,111.33935056157648,134.5378755115181,23.19852494994163,0.770462213,0.832644959,0.062182746000000066,7975.230513334562,7556.612050976384,-418.61846235817757
Fernando Tatis Jr.,2024,2025,438,691,56.4443433656179,56.32359920186218,-0.12074416375571673,71.10934189975707,61.81837580968167,-9.2909660900754,54.26607605067303,67.52498710210827,13.258911051435241,53.72673525579819,66.86786997796312,13.141134722164935,46.31796407931911,63.39585384010012,17.077889760781012,3.2691331516511704,6.081623189208179,2.812490037557009,134.5378755115181,131.28272564346076,-3.2551498680573445,0.832644959,0.813711158,-0.018933800999999972,7556.612050976384,9501.62470096862,1945.0126499922353
Franchy Cordero,2021,2022,136,275,29.74284915484745,36.49471783253738,6.751868677689934,47.49820709079781,60.48121710673077,12.983010015932955,47.959386132005314,57.06239055538633,9.103004423381016,49.934178913069005,36.23179863634744,-13.702380276721563,39.47280749419924,50.71307724623984,11.240269752040604,-0.8475000834849963,-0.339802048795053,0.5076980346899433,30.25178474038493,91.83907317791636,61.58728843753143,0.496879556,0.697060514,0.20018095800000002,4389.41371767837,5427.730075802189,1038.3163581238196
Francisco Alvarez,2023,2024,423,342,39.21255517231647,45.0515714031369,5.839016230820427,61.54438023695758,54.80104312441617,-6.743337112541411,40.9691513821138,38.51126256685202,-2.457888815261782,79.15283655328787,59.271233603803935,-19.881602949483934,51.51140776807531,51.37042660341757,-0.14098116465773813,2.9721948020289406,1.8754463064004063,-1.0967484956285343,96.11810351335876,101.16332780513616,5.0452242917774015,0.720860717,0.709614945,-0.011245771999999987,6788.035560885834,5811.453433094257,-976.5821277915766
Francisco Alvarez,2024,2025,342,277,45.0515714031369,43.26704711781316,-1.7845242853237337,54.80104312441617,63.29622047223809,8.495177347821922,38.51126256685202,44.16464852377618,5.653385956924161,59.271233603803935,48.68296971473919,-10.588263889064748,51.37042660341757,52.63802582874847,1.2675992253308976,1.8754463064004063,1.8269705910681493,-0.04847571533225703,101.16332780513616,123.80544826258108,22.642120457444918,0.709614945,0.786504651,0.076889706,5811.453433094257,5955.625034553995,144.17160145973776
Francisco Lindor,2021,2022,524,706,52.86358869148161,58.56324985013044,5.69966115864883,54.43598105662856,55.8336526877988,1.3976716311702404,53.352599955224704,58.52655988852824,5.173959933303536,80.0,69.83450925675902,-10.16549074324098,56.86033073035088,51.326422545517744,-5.5339081848331375,3.934927369513112,6.353453821062668,2.4185264515495555,101.20426909111724,124.49756976678198,23.29330067566474,0.733898246,0.787733261,0.053835014999999986,8371.607471333633,8186.182346598124,-185.4251247355087
Francisco Lindor,2022,2023,706,687,58.56324985013044,55.60061394014704,-2.9626359099833977,55.8336526877988,59.48442108127688,3.6507683934780744,58.52655988852824,71.25074665793943,12.72418676941119,69.83450925675902,62.89259463767951,-6.941914619079512,51.326422545517744,53.24080196296086,1.914379417443115,6.353453821062668,5.513950410876935,-0.839503410185733,124.49756976678198,120.15509307856564,-4.342476688216337,0.787733261,0.806344208,0.01861094699999999,8186.182346598124,8719.04720156271,532.864854964585
Francisco Lindor,2023,2024,687,689,55.60061394014704,60.52664589805742,4.926031957910375,59.48442108127688,64.89074515277345,5.40632407149657,71.25074665793943,68.58508682943602,-2.665659828503408,62.89259463767951,73.67660722578165,10.784012588102144,53.24080196296086,51.74318126561406,-1.4976206973467967,5.513950410876935,7.67684950751479,2.1628990966378554,120.15509307856564,136.87564878805517,16.72055570948953,0.806344208,0.843976777,0.037632569000000005,8719.04720156271,9689.067201683882,970.0200001211724
Francisco Lindor,2024,2025,689,732,60.52664589805742,60.14226617355223,-0.3843797245051874,64.89074515277345,58.19843839642977,-6.692306756343676,68.58508682943602,63.19459688584076,-5.390489943595263,73.67660722578165,59.67295847486284,-14.003648750918813,51.74318126561406,53.242698792298505,1.4995175266844427,7.67684950751479,6.262467207130101,-1.4143823003846894,136.87564878805517,128.77125428201668,-8.104394506038489,0.843976777,0.811466924,-0.03250985299999998,9689.067201683882,8240.099786664281,-1448.9674150196006
Francisco Mejía,2021,2022,277,299,54.2393730644944,49.78571142753423,-4.45366163696017,40.751056470071504,42.20808533178082,1.4570288617093183,47.59119261556713,41.11455778979334,-6.476634825773793,46.462736578041394,44.03040646768563,-2.432330110355764,35.634273428553335,23.93867625787941,-11.695597170673924,1.2282751754692094,0.2773048611577163,-0.9509703143114931,106.88014002239652,84.02455323096429,-22.85558679143223,0.738463768,0.644836883,-0.09362688500000005,4731.205010898771,3753.273538102266,-977.9314727965057
Francisco Mejía,2022,2023,299,160,49.78571142753423,46.80836244831676,-2.9773489792174743,42.20808533178082,44.1488289482574,1.9407436164765812,41.11455778979334,46.354702512942495,5.240144723149157,44.03040646768563,42.79805732590114,-1.2323491417844892,23.93867625787941,29.962346640807425,6.023670382928014,0.2773048611577163,-0.1138591775184145,-0.3911640386761308,84.02455323096429,78.72687738241339,-5.297675848550895,0.644836883,0.657861635,0.013024751999999973,3753.273538102266,4175.970302510296,422.6967644080305
Frank Schwindel,2021,2022,259,292,60.5703373822118,49.32747642770106,-11.24286095451074,56.79034472349553,46.286877284023646,-10.503467439471883,45.60037901341299,42.15670753807285,-3.443671475340139,43.751940604865965,45.9811101108488,2.2291695059828385,41.8369829759389,40.852656536698944,-0.9843264392399576,1.95838821083152,-0.4004291064856335,-2.3588173173171536,154.23156339854407,79.79052814365636,-74.44103525488771,0.96156546,0.635330839,-0.326234621,5891.370008529821,4786.923451302368,-1104.446557227452
Franmil Reyes,2021,2022,466,473,42.15302117685293,33.405905918240045,-8.747115258612887,70.5121090867393,57.38330490359832,-13.128804183140979,38.76271711416178,41.110157732618106,2.347440618456325,39.31863105933906,41.20781612402621,1.8891850646871475,51.11413382032077,45.665858138808105,-5.448275681512662,1.7128542751161862,-0.9457848636656552,-2.658639138781841,127.86972951246558,81.08197316402503,-46.78775634844055,0.845565434,0.638024075,-0.20754135899999993,5418.1638724572695,4459.188951915313,-958.9749205419566
Freddie Freeman,2021,2022,695,708,68.08482085390688,73.87835789371196,5.793537039805088,62.12930577687456,62.21353639583879,0.08423061896422723,57.11697578367269,59.67559669379928,2.558620910126585,44.7089164772601,48.16277054108523,3.4538540638251334,58.735146830615015,61.518829126001314,2.783682295386299,4.676829881662418,6.79982191491211,2.122992033249692,135.99503371937433,157.36182044310345,21.36678672372912,0.896139088,0.918217569,0.022078480999999983,8063.673206548528,8888.019360405167,824.3461538566398
Freddie Freeman,2022,2023,708,730,73.87835789371196,72.38913193293567,-1.4892259607762952,62.21353639583879,61.4645176549314,-0.7490187409073883,59.67559669379928,67.86972762529024,8.19413093149096,48.16277054108523,50.11186519549002,1.9490946544047887,61.518829126001314,53.56920722901527,-7.949621896986045,6.79982191491211,7.698388400703389,0.898566485791279,157.36182044310345,161.00684644710662,3.645026004003171,0.918217569,0.976308036,0.05809046700000009,8888.019360405167,8837.361278284317,-50.65808212084994
Freddie Freeman,2023,2024,730,638,72.38913193293567,64.58843442951353,-7.800697503422143,61.4645176549314,57.452308957175305,-4.012208697756094,67.86972762529024,46.66548811527238,-21.204239510017857,50.11186519549002,46.39341131761282,-3.718453877877195,53.56920722901527,61.80624909436031,8.237041865345041,7.698388400703389,3.9460497568024007,-3.7523386439009885,161.00684644710662,135.79948589731632,-25.20736054979031,0.976308036,0.853757706,-0.12255033000000004,8837.361278284317,7330.809021492281,-1506.5522567920361
Freddie Freeman,2024,2025,638,627,64.58843442951353,56.1340507780884,-8.454383651425125,57.452308957175305,61.23010751540021,3.7777985582249087,46.66548811527238,45.331193211457744,-1.3342949038146372,46.39341131761282,43.663665301493126,-2.729746016119698,61.80624909436031,49.381966449075385,-12.424282645284926,3.9460497568024007,3.8921122806271593,-0.05393747617524136,135.79948589731632,139.37060177554082,3.5711158782245036,0.853757706,0.868624717,0.014867010999999986,7330.809021492281,6239.055008989915,-1091.754012502366
Freddy Fermin,2023,2024,235,368,55.260190866602976,56.31029729011376,1.0501064235107833,52.797012775752926,41.91176466857861,-10.885248107174313,44.85061718401631,48.19592695204241,3.3453097680261052,61.59519476330952,65.35336158329584,3.7581668199863145,41.09110889906621,44.126210276296135,3.0351013772299282,1.888639181581228,1.9363532961201977,0.047714114538969676,108.94080404941408,92.21914859223246,-16.721655457181626,0.781342313,0.684582799,-0.09675951400000005,6110.467495878805,6133.535763281348,23.068267402543825
Freddy Fermin,2024,2025,368,347,56.31029729011376,51.796474514226375,-4.513822775887384,41.91176466857861,40.742536965035455,-1.1692277035431573,48.19592695204241,40.719689717325394,-7.4762372347170185,65.35336158329584,59.4397305363625,-5.9136310469333395,44.126210276296135,41.77378570877161,-2.3524245675245226,1.9363532961201977,0.9737257802459932,-0.9626275158742045,92.21914859223246,77.31664205501721,-14.902506537215245,0.684582799,0.635616816,-0.04896598299999999,6133.535763281348,5153.046761180683,-980.4890021006659
Gabriel Arias,2023,2024,345,161,31.609783385287983,32.32346603631194,0.7136826510239587,55.60661988233304,51.25069562465765,-4.35592425767539,44.85055013124989,50.3267006500495,5.476150518799614,57.51784871972138,48.08735727808072,-9.430491441640662,40.3740083922777,31.355300311438437,-9.018708080839264,0.505888439980465,-0.2413528603677007,-0.7472413003481657,73.20725008164295,70.4471120681021,-2.7601380135408533,0.62774327,0.607599561,-0.020143708999999954,4959.687274320978,4364.047453496083,-595.6398208248947
Gabriel Arias,2024,2025,161,471,32.32346603631194,27.308910478005043,-5.014555558306899,51.25069562465765,52.82963796884584,1.5789423441881851,50.3267006500495,49.63309157243604,-0.6936090776134662,48.08735727808072,57.8497150582217,9.76235778014098,31.355300311438437,32.849730919394155,1.4944306079557172,-0.2413528603677007,1.0863526127820544,1.327705473149755,70.4471120681021,76.97953615359889,6.532424085496785,0.607599561,0.63789401,0.030294449,4364.047453496083,4628.562029049116,264.51457555303296
Gabriel Moreno,2023,2024,380,351,61.22029207101946,62.294582996815976,1.074290925796518,48.32139255411309,48.46770941977726,0.14631686566416846,37.18098040744149,46.12432825860548,8.943347851163992,63.84714581615661,61.35258566993952,-2.49456014621709,53.39044345560927,67.902072705541,14.51162924993173,2.300133609239288,2.532726109646743,0.23259250040745494,101.92598892841912,107.0385363665944,5.112547438175284,0.747098317,0.733604221,-0.013494095999999955,6565.234416087863,7836.97300008784,1271.738583999977
Gabriel Moreno,2024,2025,351,309,62.294582996815976,64.33830283039225,2.043719833576276,48.46770941977726,51.13169130832983,2.66398188855257,46.12432825860548,45.74843026906221,-0.3758979895432688,61.35258566993952,64.04546110323798,2.692875433298461,67.902072705541,57.17078732022237,-10.731285385318635,2.532726109646743,2.6886347765394585,0.15590866689271543,107.0385363665944,117.29298683781217,10.254450471217766,0.733604221,0.785963805,0.05235958399999996,7836.97300008784,7560.281606908065,-276.6913931797744
Garrett Cooper,2021,2022,250,469,53.47438431543179,54.55380471387934,1.079420398447546,60.96709598149408,55.56616070014844,-5.400935281345646,36.82239464407601,39.9524955527518,3.130100908675786,40.38023761617993,46.00892730757487,5.628689691394939,54.86475314256628,52.44277126065394,-2.4219818819123375,0.8219112795961256,1.2134594378040358,0.3915481582079101,128.96228638896795,110.28877391485116,-18.67351247411679,0.845116279,0.75234593,-0.09277034899999992,5773.550308633854,5879.104260326159,105.55395169230542
Garrett Cooper,2022,2023,469,457,54.55380471387934,44.31568503750794,-10.238119676371397,55.56616070014844,53.84561048027777,-1.7205502198706668,39.9524955527518,37.6316932459676,-2.320802306784202,46.00892730757487,49.57635590720689,3.5674285996320165,52.44277126065394,38.19019343298476,-14.252577827669178,1.2134594378040358,0.3893808040580083,-0.8240786337460275,110.28877391485116,94.91330991925544,-15.375463995595723,0.75234593,0.723588828,-0.028757102000000034,5879.104260326159,4690.565103909092,-1188.5391564170677
Garrett Cooper,2023,2024,457,116,44.31568503750794,46.64727106797706,2.3315860304691185,53.84561048027777,43.7006648706982,-10.144945609579572,37.6316932459676,45.9615717374217,8.329878491454103,49.57635590720689,50.56964289900996,0.9932869918030747,38.19019343298476,44.71460670206535,6.52441326908059,0.3893808040580083,-0.3632816483045851,-0.7526624523625933,94.91330991925544,58.429017199515776,-36.48429271973966,0.723588828,0.566306799,-0.157282029,4690.565103909092,5096.875617156768,406.3105132476767
Garrett Hampson,2021,2022,494,226,50.01285392386877,44.454671864014735,-5.558182059854033,41.44282431247751,38.802469353744925,-2.640354958732587,68.11197401448973,66.42127054275423,-1.6907034717355032,56.571330822263846,47.41168155381171,-9.159649268452135,50.40976212769862,54.85514571715594,4.445383589457322,0.1802722599644752,-0.2013441169254947,-0.3816163768899699,63.81086313404476,56.42970241674353,-7.381160717301228,0.668896651,0.593528178,-0.07536847299999994,6715.169874970887,5939.70301546802,-775.466859502867
Garrett Hampson,2022,2023,226,252,44.454671864014735,50.47208682780559,6.017414963790856,38.802469353744925,39.36748059881503,0.565011245070103,66.42127054275423,55.8558001404883,-10.56547040226593,47.41168155381171,42.684114842606384,-4.727566711205327,54.85514571715594,54.11526762046041,-0.7398780966955343,-0.2013441169254947,0.6025244031325953,0.80386852005809,56.42970241674353,100.40870548803056,43.97900307128703,0.593528178,0.729488087,0.135959909,5939.70301546802,5521.448574850723,-418.2544406172965
Garrett Hampson,2023,2024,252,231,50.47208682780559,47.78291916974953,-2.689167658056057,39.36748059881503,37.23882082424506,-2.128659774569968,55.8558001404883,53.7177874799532,-2.1380126605350966,42.684114842606384,61.68726217415653,19.003147331550146,54.11526762046041,48.28840841656483,-5.82685920389558,0.6025244031325953,0.4934445900164276,-0.10907981311616766,100.40870548803056,60.319798946461056,-40.08890654156951,0.729488087,0.575578653,-0.153909434,5521.448574850723,5886.854710016999,365.4061351662758
Garrett Stubbs,2022,2023,121,125,50.62204336769621,42.93468492296397,-7.68735844473224,46.02906013612472,33.24568687329878,-12.78337326282594,57.61499416191352,55.63463664247183,-1.9803575194416894,44.31317140293811,46.217259120614834,1.904087717676724,58.84887526702008,49.842804874960905,-9.006070392059172,0.678998841885825,-0.3119587036718048,-0.9909575455576298,129.153780202355,52.705668812063344,-76.44811139029164,0.81226415,0.557379388,-0.254884762,6239.873640288694,4894.074143513731,-1345.7994967749637
Garrett Stubbs,2023,2024,125,187,42.93468492296397,43.2936429050199,0.35895798205593366,33.24568687329878,21.584354474753784,-11.661332398544996,55.63463664247183,58.35924774153017,2.724611099058336,46.217259120614834,53.7743608720752,7.557101751460365,49.842804874960905,49.48244887909307,-0.3603559958678346,-0.3119587036718048,0.320213429615836,0.6321721332876408,52.705668812063344,61.2915234901811,8.585854678117755,0.557379388,0.557894045,0.0005146569999999739,4894.074143513731,4819.719422356234,-74.3547211574969
Gary Sánchez,2021,2022,440,471,41.95012737503866,40.55775856624727,-1.3923688087913888,58.31381936356519,60.53512617035807,2.2213068067928816,37.66834281813264,41.60039927355648,3.932056455423833,39.85171336676155,58.04185987743816,18.190146510676612,57.18595442938892,52.08075998070409,-5.105194448684834,1.1444337128515447,1.3860171905313976,0.2415834776798529,100.90912180967672,88.21848950345024,-12.690632306226476,0.729794682,0.659466224,-0.07032845799999998,5146.129445866585,5955.117440222333,808.987994355748
Gary Sánchez,2022,2023,471,267,40.55775856624727,45.75731686133749,5.19955829509022,60.53512617035807,65.0905477131876,4.555421542829535,41.60039927355648,40.03920530991309,-1.5611939636433831,58.04185987743816,55.34924909768407,-2.692610779754091,52.08075998070409,52.91748758061108,0.8367275999069932,1.3860171905313976,1.6359279160860782,0.24991072555468063,88.21848950345024,109.8126038072132,21.59411430376295,0.659466224,0.780056179,0.12058995500000003,5955.117440222333,6253.666424567483,298.5489843451496
Gary Sánchez,2023,2024,267,280,45.75731686133749,43.539121039284495,-2.218195822052998,65.0905477131876,57.26790517290363,-7.822642540283972,40.03920530991309,44.43358239846207,4.394377088548978,55.34924909768407,48.07036751452928,-7.278881583154792,52.91748758061108,56.48652658278827,3.569039002177192,1.6359279160860782,0.3778550648841088,-1.2580728512019694,109.8126038072132,96.81996823521422,-12.992635571998974,0.780056179,0.698979591,-0.08107658800000006,6253.666424567483,5872.133396677501,-381.5330278899819
Gary Sánchez,2024,2025,280,101,43.539121039284495,49.146547901744974,5.607426862460478,57.26790517290363,59.348807114026265,2.080901941122633,44.43358239846207,45.47721849569355,1.0436360972314773,48.07036751452928,42.34527004253221,-5.725097471997067,56.48652658278827,47.1693372712196,-9.317189311568676,0.3778550648841088,-0.1291464390622065,-0.5070015039463153,96.81996823521422,100.2987902893998,3.478822054185585,0.698979591,0.714612119,0.015632528000000034,5872.133396677501,5638.415200825786,-233.71819585171488
Gavin Lux,2021,2022,381,471,53.58943613707892,57.46964611078362,3.8802099737047016,45.43337239788331,46.47241500744082,1.0390426095575123,61.15346333608992,58.46691928077625,-2.686544055313668,46.610000665001934,52.51692572525446,5.906925060252526,56.66339927936094,60.6107982490524,3.947398969691463,0.9678092394391888,2.7021196073985942,1.7343103679594054,90.37664264251478,113.39221612942931,23.015573486914533,0.692263093,0.745122067,0.05285897400000006,6534.310138235298,7192.236014604796,657.9258763694979
Gavin Lux,2024,2025,487,503,54.90809327392398,57.20392817498529,2.295834901061312,47.42357265626615,40.45765045493155,-6.9659222013346,54.69617306966138,45.95162992486628,-8.744543144795095,45.01494587166624,33.262034673269326,-11.752911198396916,55.88571302405031,62.039943028280994,6.1542300042306834,1.4461731231122816,0.2885990402134334,-1.1575740828988481,98.29346735824318,101.51911393615173,3.225646577908549,0.703016469,0.724340057,0.021323588000000004,6298.011066577339,5380.307128600048,-917.7039379772914
Gavin Sheets,2021,2022,179,410,53.99977930217909,52.915869917173794,-1.083909385005299,60.0528588845893,50.45758951314425,-9.595269371445049,39.4399926630949,39.04176480256828,-0.3982278605266174,44.35331227459011,39.99116261259383,-4.362149661996277,50.67869178012913,45.7875768982935,-4.891114881835627,0.478875696935537,0.2110454913284503,-0.2678302056070867,123.20308659475371,99.45268804015096,-23.750398554602754,0.830272346,0.706262534,-0.12400981199999994,5870.408598519961,4971.778255806518,-898.6303427134426
Gavin Sheets,2022,2023,410,344,52.915869917173794,48.84352915644868,-4.072340760725112,50.45758951314425,42.71992062684597,-7.73766888629828,39.04176480256828,43.48034954971122,4.43858474714294,39.99116261259383,38.56143281550111,-1.429729797092726,45.7875768982935,49.86753939081239,4.079962492518888,0.2110454913284503,-1.497152388078573,-1.7081978794070234,99.45268804015096,61.57366468638676,-37.8790233537642,0.706262534,0.59863157,-0.10763096400000005,4971.778255806518,4745.488474188243,-226.2897816182749
Gavin Sheets,2023,2024,344,501,48.84352915644868,53.25909076371223,4.415561607263548,42.71992062684597,44.45282269144605,1.7329020646000828,43.48034954971122,35.41610800704203,-8.064241542669194,38.56143281550111,34.079151126283364,-4.482281689217743,49.86753939081239,50.60658973522311,0.739050344410721,-1.497152388078573,-0.8200897930278794,0.6770625950506937,61.57366468638676,88.19755204256559,26.623887356178827,0.59863157,0.660377691,0.06174612099999999,4745.488474188243,4550.189317365431,-195.29915682281262
Gavin Sheets,2024,2025,501,545,53.25909076371223,56.119107415269504,2.860016651557274,44.45282269144605,54.85068675079551,10.397864059349459,35.41610800704203,43.06730832476084,7.651200317718811,34.079151126283364,43.304354957549705,9.225203831266342,50.60658973522311,51.04944911604409,0.44285938082097687,-0.8200897930278794,1.3466349408104012,2.1667247338382807,88.19755204256559,110.64586228243093,22.448310239865336,0.660377691,0.74629298,0.085915289,4550.189317365431,5887.495396595827,1337.3060792303959
George Springer,2021,2022,342,583,51.41852052800174,54.91207646650233,3.4935559385005845,65.58829057923134,59.2419673339088,-6.346323245322537,50.25118107520162,69.0107074271464,18.75952635194478,48.91886119745186,43.48654738468199,-5.43231381276987,56.33589067186576,53.76414296043312,-2.571747711432643,2.628593790745731,4.018253404083391,1.3896596133376602,140.1435230186328,132.59931680684383,-7.544206211788975,0.907090104,0.813703803,-0.093386301,7027.912135299796,7433.830827876744,405.91869257694725
George Springer,2022,2023,583,683,54.91207646650233,57.71227302682141,2.8001965603190797,59.2419673339088,51.97082200952708,-7.27114532438172,69.0107074271464,51.00380133198019,-18.006906095166208,43.48654738468199,45.99651767710277,2.509970292420782,53.76414296043312,53.15963548645112,-0.6045074739819967,4.018253404083391,1.7996895635035572,-2.218563840579834,132.59931680684383,103.16610137921896,-29.433215427624873,0.813703803,0.732027317,-0.08167648599999999,7433.830827876744,6423.9980280745,-1009.8327998022432
George Springer,2023,2024,683,614,57.71227302682141,50.1711065598932,-7.54116646692821,51.97082200952708,49.6700929661659,-2.30072904336118,51.00380133198019,63.93085881443255,12.927057482452355,45.99651767710277,41.340726201822136,-4.655791475280637,53.15963548645112,55.87397131191965,2.714335825468524,1.7996895635035572,1.048598609861046,-0.7510909536425112,103.16610137921896,94.45291379764272,-8.713187581576236,0.732027317,0.674067975,-0.05795934199999997,6423.9980280745,6383.269206848476,-40.72882122602459
George Springer,2024,2025,614,586,50.1711065598932,63.069469629529,12.898363069635806,49.6700929661659,67.35719408208635,17.68710111592045,63.93085881443255,62.24938409371637,-1.6814747207161744,41.340726201822136,30.607646842400666,-10.73307935942147,55.87397131191965,62.343535201120304,6.469563889200657,1.048598609861046,5.1965761135610204,4.147977503699974,94.45291379764272,166.12905855908951,71.67614476144679,0.674067975,0.959204693,0.28513671799999996,6383.269206848476,7697.183860747941,1313.9146538994655
Geraldo Perdomo,2022,2023,500,495,51.26766700929293,57.87823694715632,6.610569937863389,31.3493056181242,32.24541952558336,0.89611390745916,63.00920822767468,61.5755119674898,-1.433696260184874,56.97219023217605,55.75141270727035,-1.2207775249056994,63.58330820435427,71.66184639405097,8.078538189696701,0.2633080887933619,2.323499112380833,2.060191023587471,58.54851703331576,98.1834331123533,39.63491607903754,0.547017039,0.712152711,0.165135672,6683.322121997897,7336.292342095023,652.970220097126
Geraldo Perdomo,2023,2024,495,388,57.87823694715632,65.92888169486275,8.050644747706436,32.24541952558336,39.243778069951325,6.998358544367967,61.5755119674898,62.49279337663358,0.9172814091437758,55.75141270727035,51.410953868347846,-4.340458838922501,71.66184639405097,65.95089524767027,-5.710951146380694,2.323499112380833,2.031091727537634,-0.29240738484319895,98.1834331123533,101.88751413841416,3.7040810260608623,0.712152711,0.71771926,0.005566548999999976,7336.292342095023,7604.283191657469,267.9908495624459
Geraldo Perdomo,2024,2025,388,720,65.92888169486275,74.5577007568764,8.628819062013648,39.243778069951325,47.02259641255197,7.778818342600644,62.49279337663358,62.27735008269175,-0.21544329394183137,51.410953868347846,59.01807755832581,7.607123689977961,65.95089524767027,77.86457527561183,11.913680027941552,2.031091727537634,7.079152752480812,5.048061024943179,101.88751413841416,137.98755046348717,36.100036325073006,0.71771926,0.8513565,0.13363724,7604.283191657469,9753.393712507746,2149.1105208502777
Giancarlo Stanton,2021,2022,579,452,48.57931802970669,38.06121840187822,-10.51809962782847,76.3535112491802,79.08830528443531,2.7347940352551063,30.69011314696326,37.21779649300754,6.527683346044281,39.35666380523355,44.20842652874791,4.851762723514355,54.37922635398431,57.449309855562014,3.070083501577706,3.052472056195388,1.1220220744392286,-1.9304499817561596,138.1502517466922,113.46410290342094,-24.686148843271255,0.869744995,0.759429073,-0.11031592200000007,5726.430419276205,5861.058996007689,134.62857673148392
Giancarlo Stanton,2022,2023,452,415,38.06121840187822,34.95050647236286,-3.110711929515361,79.08830528443531,68.50501567872395,-10.583289605711357,37.21779649300754,32.44783997491333,-4.769956518094212,44.20842652874791,40.131427363840025,-4.076999164907882,57.449309855562014,54.920190540337,-2.52911931522501,1.1220220744392286,-0.5675170249765151,-1.6895390994157438,113.46410290342094,87.63473011631329,-25.829372787107644,0.759429073,0.69518397,-0.06424510299999997,5861.058996007689,4775.643287068267,-1085.4157089394212
Giancarlo Stanton,2023,2024,415,459,34.95050647236286,40.28913599282868,5.3386295204658225,68.50501567872395,77.29658196486696,8.79156628614301,32.44783997491333,29.54970320663234,-2.898136768280988,40.131427363840025,42.4643643788431,2.3329370150030755,54.920190540337,47.86328048515462,-7.056910055182385,-0.5675170249765151,0.8365630576666583,1.4040800826431734,87.63473011631329,117.19903053424488,29.56430041793159,0.69518397,0.773295088,0.07811111800000003,4775.643287068267,5047.241202541717,271.5979154734496
Giancarlo Stanton,2024,2025,459,281,40.28913599282868,40.38992042344141,0.1007844306127268,77.29658196486696,80.0,2.7034180351330406,29.54970320663234,41.19104066493997,11.641337458307628,42.4643643788431,41.36414100089088,-1.1002233779522186,47.86328048515462,55.98400913936087,8.120728654206253,0.8365630576666583,1.9277738790477952,1.091210821381137,117.19903053424488,157.68708286023326,40.48805232598838,0.773295088,0.94437751,0.171082422,5047.241202541717,6090.199309036714,1042.958106494997
Gio Urshela,2021,2022,442,551,51.48990710047287,62.40011200516317,10.910204904690303,50.93828475650773,50.65537279754199,-0.28291195896573385,37.83471139336258,38.46706569805893,0.6323543046963493,48.06719864500795,47.34031225819305,-0.7268863868148969,34.04064558111124,43.522701209093725,9.482055627982483,1.2501231034635318,2.5795722287695257,1.329449125305994,97.42773283759163,118.02181971932278,20.594086881731144,0.719952596,0.766709774,0.04675717800000001,4640.033359096076,5566.870029805081,926.8366707090045
Gio Urshela,2022,2023,551,228,62.40011200516317,61.08089251335873,-1.3192194918044464,50.65537279754199,38.78184169546962,-11.87353110207237,38.46706569805893,48.38871899191162,9.921653293852685,47.34031225819305,50.79038963159912,3.4500773734060672,43.522701209093725,36.83322364174644,-6.689477567347282,2.5795722287695257,0.5153744667050381,-2.0641977620644876,118.02181971932278,92.52473648045292,-25.497083238869862,0.766709774,0.702779143,-0.06393063099999996,5566.870029805081,5146.972825110521,-419.89720469456006
Gio Urshela,2023,2024,228,461,61.08089251335873,59.50295822527268,-1.5779342880860483,38.78184169546962,41.06411252471069,2.282270829241064,48.38871899191162,39.6938225910976,-8.694896400814017,50.79038963159912,58.12782433190026,7.337434700301138,36.83322364174644,37.3497034923572,0.5164798506107573,0.5153744667050381,0.680396226628023,0.16502175992298496,92.52473648045292,80.39614628953665,-12.12859019091627,0.702779143,0.647445167,-0.05533397600000001,5146.972825110521,5123.445197500638,-23.527627609882984
Gio Urshela,2024,2025,461,197,59.50295822527268,46.93989032376406,-12.563067901508617,41.06411252471069,37.27622316464394,-3.7878893600667496,39.6938225910976,41.96689049979061,2.273067908693008,58.12782433190026,48.57576061034668,-9.55206372155358,37.3497034923572,39.27759490251299,1.9278914101557874,0.680396226628023,-0.3601786233465741,-1.040574849974597,80.39614628953665,68.27535058165185,-12.120795707884795,0.647445167,0.613146337,-0.03429883,5123.445197500638,4329.3555696415215,-794.0896278591163
Gleyber Torres,2021,2022,516,572,54.439732997625846,51.01596941097151,-3.4237635866543386,43.89650330508201,59.14486382096607,15.248360515884066,51.75713746768936,45.829616311885474,-5.927521155803888,41.44756082353862,48.95917136950095,7.511610545962327,54.9854593057848,47.57503544843957,-7.410423857345229,1.3680389283694496,2.605663069640461,1.2376241412710112,95.7018897349501,114.41094498172086,18.70905524677076,0.69675237,0.760552828,0.063800458,5744.041484567216,6052.533125413369,308.49164084615313
Gleyber Torres,2022,2023,572,672,51.01596941097151,63.8181706359625,12.802201224990995,59.14486382096607,54.15005925041097,-4.994804570555104,45.829616311885474,42.089526242320055,-3.7400900695654187,48.95917136950095,45.631753229719536,-3.3274181397814147,47.57503544843957,58.1773372815874,10.602301833147827,2.605663069640461,3.6577684636783823,1.0521053940379215,114.41094498172086,121.58502820467592,7.174083222955062,0.760552828,0.799746324,0.039193495999999994,6052.533125413369,6668.348015267862,615.8148898544932
Gleyber Torres,2023,2024,672,665,63.8181706359625,55.72040008503941,-8.097770550923094,54.15005925041097,46.60071622747706,-7.549343022933911,42.089526242320055,33.19175753494525,-8.897768707374802,45.631753229719536,41.66156590501122,-3.970187324708313,58.1773372815874,58.8051247095769,0.627787427989503,3.6577684636783823,1.8206259586810307,-1.8371425049973515,121.58502820467592,105.0829412563799,-16.502086948296025,0.799746324,0.708510949,-0.09123537500000001,6668.348015267862,5351.000357206204,-1317.347658061658
Gleyber Torres,2024,2025,665,628,55.72040008503941,62.73108623267864,7.010686147639234,46.60071622747706,48.66303977129215,2.06232354381509,33.19175753494525,40.94743490426166,7.755677369316409,41.66156590501122,45.41696421268613,3.755398307674909,58.8051247095769,73.08673463433789,14.281609924760986,1.8206259586810307,2.579047053193212,0.7584210945121814,105.0829412563799,112.76113802846297,7.678196772083069,0.708510949,0.745498299,0.036987349999999974,5351.000357206204,7042.1969072706015,1691.1965500643973
Gunnar Henderson,2022,2023,132,622,50.98341221374653,51.03478007588975,0.051367862143216314,60.78801782953037,65.51416041154454,4.72614258201417,46.99084720681312,70.19365557143868,23.20280836462556,50.2906400701501,53.3969022089934,3.106262138843306,60.82771006984333,52.20949110429884,-8.618218965544486,0.8120412343603847,4.658498737329026,3.8464575029686414,126.64534785913752,122.07277261168848,-4.572575247449038,0.78814002,0.814044556,0.025904535999999978,6885.235231524227,8151.803999120424,1266.5687675961972
Gunnar Henderson,2023,2024,622,719,51.03478007588975,59.89115241112774,8.856372335237992,65.51416041154454,71.14712541152045,5.632964999975911,70.19365557143868,67.34538502798709,-2.8482705434515907,53.3969022089934,51.24789000798566,-2.149012201007743,52.20949110429884,61.27712296769718,9.06763186339834,4.658498737329026,7.900210087044759,3.2417113497157333,122.07277261168848,153.79507079266284,31.722298180974363,0.814044556,0.892966421,0.07892186499999998,8151.803999120424,9184.40201377101,1032.5980146505863
Gunnar Henderson,2024,2025,719,651,59.89115241112774,57.42510358249942,-2.466048828628324,71.14712541152045,57.8702132501212,-13.276912161399245,67.34538502798709,72.36938744323689,5.024002415249797,51.24789000798566,48.02849594933843,-3.2193940586472323,61.27712296769718,52.8318514164196,-8.445271551277578,7.900210087044759,4.778555438463746,-3.1216546485810133,153.79507079266284,119.78289181549304,-34.012178977169796,0.892966421,0.787169186,-0.10579723500000004,9184.40201377101,7873.956964936275,-1310.4450488347356
Ha-Seong Kim,2021,2022,298,582,47.98272769823015,60.94808197623245,12.965354278002302,44.04232740239574,43.672565839640384,-0.36976156275535743,56.39471219714737,57.93007034755952,1.5353581504121507,55.75681645106071,61.77656409145583,6.019747640395124,51.93510240988064,59.07392053420879,7.1388181243281466,0.3672873738578296,3.645583018868208,3.2782956450103784,71.42821085788768,104.97817586102757,33.54996500313989,0.622330195,0.707676477,0.08534628200000005,6243.276527096355,7618.086631168118,1374.8101040717638
Ha-Seong Kim,2022,2023,582,626,60.94808197623245,60.54654176349735,-0.40154021273509954,43.672565839640384,40.9346107563197,-2.737955083320685,57.93007034755952,66.54240893482823,8.61233858726871,61.77656409145583,63.59589395260342,1.8193298611475868,59.07392053420879,67.81913538003623,8.74521484582744,3.645583018868208,4.210896299559166,0.5653132806909578,104.97817586102757,110.17908520581602,5.200909344788457,0.707676477,0.748816214,0.041139736999999954,7618.086631168118,8489.79304863128,871.7064174631614
Ha-Seong Kim,2023,2024,626,470,60.54654176349735,60.92819424873064,0.381652485233289,40.9346107563197,44.10822078653473,3.1736100302150305,66.54240893482823,60.432132517411965,-6.110276417416266,63.59589395260342,57.57741320171722,-6.018480750886198,67.81913538003623,73.50834079588213,5.689205415845905,4.210896299559166,2.631214189308525,-1.579682110250641,110.17908520581602,100.61590370479183,-9.56318150102419,0.748816214,0.70019915,-0.04861706399999999,8489.79304863128,8342.508235967798,-147.28481266348172
Ha-Seong Kim,2024,2025,470,191,60.92819424873064,57.21013873807362,-3.718055510657024,44.10822078653473,46.06242285917085,1.9542020726361216,60.432132517411965,50.858393576465296,-9.573738940946669,57.57741320171722,48.45825668902044,-9.119156512696783,73.50834079588213,57.9277134268978,-15.58062736898433,2.631214189308525,0.2966893073695277,-2.334524881938997,100.61590370479183,82.38697485441735,-18.228928850374487,0.70019915,0.64869416,-0.05150498999999997,8342.508235967798,6449.844673387473,-1892.6635625803247
Hanser Alberto,2021,2022,255,159,63.183804667680086,47.569391650632205,-15.61441301704788,40.40779535914122,33.956600497327216,-6.4511948618140025,55.44364804140016,48.175560626402586,-7.268087414997574,49.183051400466624,44.7313329723323,-4.451718428134328,23.42526028785768,30.38553134723804,6.960271059380361,0.3686071542525321,-0.3336059463724546,-0.7022131006249868,82.57544517046128,73.27813983096927,-9.297305339492013,0.693326279,0.62324625,-0.07008002899999999,4827.840811387165,3904.437320592984,-923.4034907941805
Harold Castro,2021,2022,339,443,55.42004208542428,61.38823267904464,5.968190593620363,40.363469149802334,43.14051048692609,2.7770413371237552,44.19263582168594,41.05837962344578,-3.134256198240159,34.138666386984184,33.00705135906672,-1.1316150279174622,30.15928510973633,35.08038255130832,4.9210974415719875,-0.5067919081469405,-0.2826621099588256,0.2241297981881149,82.6733898748959,93.218980536535,10.545590661639096,0.669177919,0.68095238,0.011774461000000014,3913.796109771096,4320.762868592668,406.9667588215725
Harold Castro,2022,2023,443,270,61.38823267904464,45.98502052107568,-15.403212157968959,43.14051048692609,34.166000944087536,-8.974509542838554,41.05837962344578,45.29505049617346,4.236670872727679,33.00705135906672,42.40760546964276,9.400554110576039,35.08038255130832,30.72808925687525,-4.352293294433068,-0.2826621099588256,-1.4750706313968418,-1.1924085214380162,93.218980536535,44.85716745945589,-48.36181307707911,0.68095238,0.589046424,-0.09190595600000007,4320.762868592668,3688.038403106668,-632.7244654860006
Harold Ramírez,2021,2022,361,435,57.05816380126092,59.496828397534784,2.438664596273867,52.533090631264464,49.21694420732023,-3.3161464239442324,54.899786768893854,36.004796375988704,-18.89499039290515,31.79657577322714,44.41500386550168,12.618428092274542,31.592169729669845,33.51069652244122,1.9185267927713774,-0.166423842408742,1.2787011493289395,1.4451249917376816,92.6904703258624,117.726110761723,25.0356404358606,0.702939229,0.746995236,0.0440560069999999,4961.774264218406,4651.431577366844,-310.34268685156167
Harold Ramírez,2022,2023,435,434,59.496828397534784,55.94680738547336,-3.5500210120614213,49.21694420732023,51.29893077883306,2.0819865715128287,36.004796375988704,48.74120741239557,12.736411036406864,44.41500386550168,38.9802570557022,-5.434746809799485,33.51069652244122,31.7593171594572,-1.7513793629840215,1.2787011493289395,1.4091264631012954,0.1304253137723559,117.726110761723,127.0256194930744,9.299508731351395,0.746995236,0.812534562,0.06553932600000001,4651.431577366844,4890.87792606359,239.4463486967461
Harold Ramírez,2023,2024,434,246,55.94680738547336,46.21392205423177,-9.73288533124159,51.29893077883306,40.81142155919412,-10.487509219638937,48.74120741239557,54.07570236219853,5.334494949802959,38.9802570557022,45.91053667378712,6.930279618084924,31.7593171594572,27.369670400021704,-4.389646759435497,1.4091264631012954,-0.6094550830441953,-2.018581546145491,127.0256194930744,72.1492500952416,-54.8763693978328,0.812534562,0.604017215,-0.2085173469999999,4890.87792606359,4325.891372031612,-564.9865540319779
Harrison Bader,2021,2022,401,313,52.42798336472104,53.75762986959785,1.3296465048768127,48.77806559444796,38.21515412360614,-10.562911470841819,53.44763913010994,73.22139605887776,19.773756928767817,69.05539973788969,56.53316283770008,-12.522236900189604,45.57878505865885,43.14205252327707,-2.436732535381779,2.94614292047674,1.4386451286577058,-1.5074977918190344,108.13226639246152,84.32134558282341,-23.810920809638105,0.784679989,0.650094095,-0.13458589399999998,6843.955407499887,6538.575998151408,-305.3794093484785
Harrison Bader,2022,2023,313,344,53.75762986959785,50.70201758628931,-3.055612283308541,38.21515412360614,40.46588037858581,2.250726254979668,73.22139605887776,68.4975117317687,-4.723884327109062,56.53316283770008,60.578495298599705,4.045332460899623,43.14205252327707,42.1522865899222,-0.9897659333548745,1.4386451286577058,0.8788204969862633,-0.5598246316714425,84.32134558282341,69.17906688270479,-15.142278700118624,0.650094095,0.62201486,-0.02807923500000009,6538.575998151408,6497.484095480967,-41.091902670441414
Harrison Bader,2023,2024,344,437,50.70201758628931,51.42923841372953,0.7272208274402203,40.46588037858581,47.32267615977782,6.856795781192012,68.4975117317687,48.01582234444359,-20.481689387325105,60.578495298599705,61.2110720828494,0.632576784249693,42.1522865899222,42.5398291789222,0.3875425889999988,0.8788204969862633,1.2252915350489078,0.34647103806264445,69.17906688270479,84.67459893540745,15.495532052702657,0.62201486,0.656887188,0.034872328000000063,6497.484095480967,5914.052663559341,-583.4314319216255
Harrison Bader,2024,2025,437,501,51.42923841372953,47.27801168587275,-4.1512267278567805,47.32267615977782,53.175787259386055,5.853111099608235,48.01582234444359,44.33835990681306,-3.677462437630531,61.2110720828494,56.44557801416505,-4.765494068684347,42.5398291789222,45.70493219458342,3.1651030156612237,1.2252915350489078,3.1864909863068007,1.961199451257893,84.67459893540745,121.9372868346894,37.26268789928196,0.656887188,0.795966103,0.13907891500000003,5914.052663559341,5761.09934972962,-152.95331382972108
Heliot Ramos,2024,2025,518,695,48.69719251771924,52.97080985931504,4.273617341595802,63.39630762925782,56.51539289595954,-6.880914733298276,47.10085937317855,40.6468622563279,-6.453997116850651,41.6984309581467,31.70607798730301,-9.99235297084369,45.15240949034434,47.4698636898012,2.3174541994568614,2.316398141151003,1.0949017223991269,-1.221496418751876,119.75980864309486,106.41887827038718,-13.340930372707675,0.791867506,0.728057553,-0.06380995300000003,5762.857965105508,5040.215514015784,-722.6424510897241
Henry Davis,2023,2024,255,122,43.62675759369825,29.3102115051472,-14.31654608855105,47.830627576742174,40.54606353720224,-7.284564039539937,38.6851621145749,44.61387260987638,5.92871049530148,42.26525153776687,47.22982726324263,4.964575725475761,52.51957133565669,52.44266812642833,-0.07690320922836236,-0.8338686769061445,-0.7030981255776612,0.13077055132848336,76.12881677754616,30.92394877845904,-45.20486799908713,0.653071895,0.453205127,-0.19986676799999997,4794.789652235233,4336.056850014969,-458.7328022202637
Henry Davis,2024,2025,122,283,29.3102115051472,37.581433717585895,8.271222212438694,40.54606353720224,45.80278009981316,5.256716562610926,44.61387260987638,46.668269363665445,2.0543967537890637,47.22982726324263,62.38099686430807,15.151169601065433,52.44266812642833,39.248653017184346,-13.194015109243985,-0.7030981255776612,-0.0933516348991245,0.6097464906785367,30.92394877845904,40.89153224383042,9.96758346537138,0.453205127,0.511590726,0.05838559900000001,4336.056850014969,5085.049322125023,748.9924721100533
Heston Kjerstad,2024,2025,114,167,42.106420521090456,42.341972168815886,0.2355516477254298,51.978644040112144,45.6639223030832,-6.314721737028947,46.33989042727829,52.70361432024157,6.363723892963279,48.608722797250174,38.23517823991199,-10.373544557338185,43.86838225066546,34.65775438753942,-9.210627863126042,0.3284426196621216,-1.137956734377295,-1.4663993540394165,115.16845069357508,56.68535144036235,-58.48309925321273,0.744816585,0.566444034,-0.17837255100000005,5149.670875023145,4350.089447507271,-799.5814275158737
Hunter Dozier,2021,2022,543,500,38.48659910757775,45.90904923098001,7.422450123402257,52.56874342777325,50.30451947521637,-2.2642239525568826,51.13199087392463,28.136383260363974,-22.995607613560654,27.217057223566,34.143313578286325,6.926256354720323,45.03561666321924,43.94550957450823,-1.090107088711008,-0.8917336461753209,-1.010969331626436,-0.11923568545111518,80.3105255395428,88.43184081038464,8.121315270841848,0.67970171,0.679445887,-0.0002558230000000439,4309.143712287424,3900.963317854186,-408.18039443323823
Hunter Goodman,2024,2025,224,579,36.5236614491614,45.947946385551866,9.424284936390464,59.14139761764491,66.12221545328777,6.980817835642853,46.0263939268869,41.80050396880613,-4.225889958080764,36.30558172365912,55.12559701723752,18.8200152935784,30.965970832883404,35.72218503304738,4.756214200163978,-1.2441752498868863,3.408037153538659,4.652212403425545,60.72410030219383,117.70424184789086,56.98014154569702,0.644740182,0.843341009,0.19860082699999992,4188.628307956171,5571.749144289699,1383.1208363335281
Hunter Renfroe,2021,2022,572,522,53.4476614102754,50.73336778305493,-2.7142936272204707,64.0263999100421,63.38644968186277,-0.6399502281793303,33.2852372064971,41.46170207804982,8.176464871552717,57.55906949230286,43.56787231422136,-13.9911971780815,45.58346465094462,48.16890936517533,2.585444714230711,2.571422616876036,2.412128434076369,-0.159294182799667,112.85111412148343,123.8268671411448,10.975753019661369,0.815645006,0.806945796,-0.008699209999999957,5957.95723275865,5797.975383678599,-159.98184908005078
Hunter Renfroe,2022,2023,522,548,50.73336778305493,46.37360626198881,-4.359761521066119,63.38644968186277,51.45201574766589,-11.934433934196882,41.46170207804982,42.07502885615271,0.6133267781028948,43.56787231422136,43.71409761466495,0.1462253004435894,48.16890936517533,44.73138394200859,-3.43752542316674,2.412128434076369,0.4487362929561098,-1.9633921411202593,123.8268671411448,92.94865886192125,-30.878208279223557,0.806945796,0.713107905,-0.09383789100000006,5797.975383678599,4954.947460725535,-843.0279229530643
Hunter Renfroe,2023,2024,548,424,46.37360626198881,50.42377885842202,4.050172596433207,51.45201574766589,50.77689979401779,-0.6751159536481026,42.07502885615271,36.86386842403624,-5.211160432116472,43.71409761466495,45.10960638882143,1.3955087741564824,44.73138394200859,54.84415396341246,10.112770021403868,0.4487362929561098,0.1016687387752668,-0.347067554180843,92.94865886192125,93.38071866799376,0.43205980607251604,0.713107905,0.689377603,-0.023730302000000036,4954.947460725535,5389.902814269755,434.9553535442201
Hunter Renfroe,2024,2025,424,108,50.42377885842202,46.43374680957968,-3.9900320488423375,50.77689979401779,41.38838322490879,-9.388516569108994,36.86386842403624,43.971764497787845,7.107896073751604,45.10960638882143,44.47257167085874,-0.6370347179626918,54.84415396341246,51.94271219884065,-2.901441764571807,0.1016687387752668,-0.9477634126473552,-1.049432151422622,93.38071866799376,32.2622580245485,-61.11846064344526,0.689377603,0.483164982,-0.20621262099999993,5389.902814269755,4954.622188728132,-435.2806255416235
Ian Happ,2021,2022,535,641,40.46857728058825,52.8064421578754,12.337864877287153,57.80025720853894,55.66964074445502,-2.1306164640839143,55.11301088545223,51.632034215714725,-3.480976669737508,38.53403511019724,51.91428878180777,13.380253671610532,58.169615620342086,52.13502468800135,-6.034590932340734,1.4656860209229077,3.7171448822479465,2.251458861325039,105.17372833899203,121.6669045279133,16.493176188921268,0.75711029,0.781444241,0.02433395100000002,5822.32931931124,6635.573949067835,813.2446297565948
Ian Happ,2022,2023,641,691,52.8064421578754,52.67056595889136,-0.13587619898404313,55.66964074445502,54.143531247618895,-1.5261094968361277,51.632034215714725,53.6656104977178,2.033576282003075,51.91428878180777,44.23814524397931,-7.676143537828459,52.13502468800135,65.35976096465943,13.224736276658078,3.7171448822479465,3.240592325265295,-0.4765525569826514,121.6669045279133,118.48460552784572,-3.1822990000675873,0.781444241,0.791381804,0.009937563000000038,6635.573949067835,6878.712820438184,243.13887137034908
Ian Happ,2023,2024,691,657,52.67056595889136,48.03667336580578,-4.6338925930855766,54.143531247618895,61.12809372700372,6.984562479384827,53.6656104977178,54.46795833234732,0.8023478346295221,44.23814524397931,51.03751237273921,6.799367128759897,65.35976096465943,60.868037527397234,-4.491723437262195,3.240592325265295,3.647092149866785,0.4064998246014899,118.48460552784572,120.6947412320549,2.210135704209179,0.791381804,0.782068463,-0.00931334100000003,6878.712820438184,7169.193880290763,290.48105985257916
Ian Happ,2024,2025,657,663,48.03667336580578,53.39408547579483,5.357412109989049,61.12809372700372,55.24464652083449,-5.88344720616923,54.46795833234732,40.46429070613661,-14.003667626210714,51.03751237273921,51.61616810141246,0.5786557286732545,60.868037527397234,65.40488699561065,4.536849468213418,3.647092149866785,2.8071781963268023,-0.8399139535399827,120.6947412320549,115.77252036124874,-4.922220870806157,0.782068463,0.762418256,-0.019650206999999975,7169.193880290763,6724.905512048,-444.2883682427637
Ildemaro Vargas,2022,2023,222,286,64.21592393132772,68.08668516239322,3.870761231065501,42.95964636012463,41.21929495157888,-1.7403514085457488,53.82642416278315,46.60901354087413,-7.217410621909018,60.8893664428791,53.48478507625409,-7.40458136662501,46.94770125824376,58.80124910174669,11.85354784350293,1.4343892685579158,0.5653654382145391,-0.8690238303433767,94.1341847883774,81.30192003488264,-12.832264753494755,0.69098703,0.666482344,-0.024504685999999998,6762.924936945055,6832.914621329009,69.98968438395332
Ildemaro Vargas,2023,2024,286,303,68.08668516239322,66.05018822135855,-2.0364969410346703,41.21929495157888,36.73168850192226,-4.487606449656624,46.60901354087413,46.58511811769905,-0.023895423175083863,53.48478507625409,51.96835606811553,-1.5164290081385587,58.80124910174669,53.541381930001634,-5.259867171745057,0.5653654382145391,0.0304424277877062,-0.5349230104268329,81.30192003488264,71.77046845236738,-9.53145158251526,0.666482344,0.611478483,-0.05500386099999999,6832.914621329009,6123.431089754575,-709.483531574434
Ildemaro Vargas,2024,2025,303,121,66.05018822135855,58.30203330988321,-7.748154911475346,36.73168850192226,47.19002883931409,10.458340337391832,46.58511811769905,44.8533343760265,-1.731783741672544,51.96835606811553,54.16010728637824,2.1917512182627092,53.541381930001634,38.40388127508587,-15.137500654915762,0.0304424277877062,0.1630726143526831,0.1326301865649769,71.77046845236738,84.90530861482208,13.134840162454694,0.611478483,0.674275361,0.062796878,6123.431089754575,5523.807040144352,-599.6240496102228
Isaac Paredes,2022,2023,381,571,54.90827330099713,56.84986241140572,1.9415891104085858,54.38128906855802,49.93768677996828,-4.443602288589737,44.40869055390976,39.55540054979073,-4.853290004119025,57.70182535828033,50.30494587046293,-7.396879487817401,66.79601766307943,55.70115375529902,-11.094863907780407,2.278758805163345,4.207999606715855,1.9292408015525102,114.79546035102535,135.90487801939136,21.109417668366007,0.739507259,0.839818888,0.10031162900000001,7363.72301812432,6073.796217557689,-1289.9268005666318
Isaac Paredes,2023,2024,571,641,56.84986241140572,57.34572101758043,0.4958586061747141,49.93768677996828,41.312065687128765,-8.625621092839516,39.55540054979073,37.79697038036716,-1.7584301694235691,50.30494587046293,50.31933057784646,0.014384707383527484,55.70115375529902,64.10148730674298,8.400333551443964,4.207999606715855,3.306983426462247,-0.9010161802536083,135.90487801939136,116.36798017405934,-19.53689784533202,0.839818888,0.739322782,-0.10049610600000003,6073.796217557689,6055.352731070392,-18.443486487296468
Isaac Paredes,2024,2025,641,438,57.34572101758043,60.37902974184454,3.03330872426411,41.312065687128765,48.46800780094438,7.1559421138156125,37.79697038036716,38.81030266051731,1.013332280150145,50.31933057784646,46.10374359387436,-4.215586983972095,64.10148730674298,64.65497738251838,0.5534900757754002,3.306983426462247,2.433822661876367,-0.8731607645858799,116.36798017405934,127.96436495708564,11.596384783026295,0.739322782,0.80927013,0.06994734800000002,6055.352731070392,6410.8108547240845,355.4581236536924
Isiah Kiner-Falefa,2021,2022,677,531,67.68288511409428,68.82657395205706,1.1436888379627845,35.21179164258514,37.12875971752831,1.9169680749431706,68.12301160844325,64.3026513175286,-3.8203602909146497,48.021495787757104,50.4145232895218,2.393027501764699,43.18156599219197,52.21513722137584,9.03357122918387,1.6046007531946915,1.4496396341085294,-0.15496111908616217,83.95441140712525,84.00252202800836,0.04811062088310791,0.669610491,0.641516092,-0.028094398999999992,6205.469827118823,6852.790548028076,647.3207209092534
Isiah Kiner-Falefa,2022,2023,531,361,68.82657395205706,56.96976435872428,-11.856809593332784,37.12875971752831,43.27882022260654,6.15006050507823,64.3026513175286,50.59988229706113,-13.702769020467471,50.4145232895218,53.524525203625046,3.1100019141032433,52.21513722137584,52.1243111197221,-0.0908261016537395,1.4496396341085294,0.5235955132856619,-0.9260441208228675,84.00252202800836,80.67228200775524,-3.3302400202531146,0.641516092,0.646046352,0.004530260000000008,6852.790548028076,6240.481349647283,-612.3091983807926
Isiah Kiner-Falefa,2023,2024,361,496,56.96976435872428,65.3076539476287,8.337889588904417,43.27882022260654,39.15782010528733,-4.121000117319213,50.59988229706113,59.5788281608321,8.978945863770974,53.524525203625046,57.76232127989346,4.237796076268417,52.1243111197221,42.4477360335723,-9.676575086149803,0.5235955132856619,2.062523519171573,1.5389280058859112,80.67228200775524,92.83747432101116,12.165192313255915,0.646046352,0.682632118,0.036585765999999964,6240.481349647283,6446.135354804329,205.6540051570455
Isiah Kiner-Falefa,2024,2025,496,459,65.3076539476287,63.16411529428146,-2.1435386533472354,39.15782010528733,31.98142315396648,-7.1763969513208465,59.5788281608321,56.131921473181706,-3.4469066876503973,57.76232127989346,52.372474117825696,-5.389847162067767,42.4477360335723,40.10745394319386,-2.3402820903784374,2.062523519171573,0.703730389349575,-1.358793129821998,92.83747432101116,74.82591581570927,-18.011558505301892,0.682632118,0.631463556,-0.05116856199999997,6446.135354804329,5415.745241746514,-1030.3901130578151
Iván Herrera,2024,2025,259,452,61.292935059038754,60.47249461745814,-0.8204404415806152,52.18148248010733,60.168090284953394,7.9866078048460665,61.35232827582398,49.50421721943671,-11.848111056387268,50.33657151694136,43.09950666260099,-7.237064854340375,56.954481983202335,56.57499206531829,-0.37948991788404385,2.1257720041259223,2.666445319812717,0.5406733156867949,127.66393328480996,137.47258212875454,9.808648843944582,0.800040621,0.837250858,0.037210237000000035,7535.16287877967,6947.601578417838,-587.5613003618319
J.D. Davis,2021,2022,211,365,38.0183496421378,37.65257434207233,-0.3657753000654722,53.9648608370961,65.17224206079496,11.20738122369886,45.84557793769885,44.9659657956543,-0.8796121420445502,48.39421202017342,41.94863198980917,-6.445580030364248,50.91728744833748,51.923004303367264,1.0057168550297817,1.3328296352293976,1.126797143537699,-0.20603249169169846,127.65592779662369,118.10000560164384,-9.555922194979843,0.819640444,0.75796502,-0.061675424000000034,5299.410090259366,5422.843428815855,123.4333385564887
J.D. Davis,2022,2023,365,546,37.65257434207233,41.02462889808051,3.3720545560081803,65.17224206079496,56.40252731357099,-8.769714747223965,44.9659657956543,41.76972320665893,-3.196242588995368,41.94863198980917,57.10120136460419,15.152569374795014,51.923004303367264,47.872740806807855,-4.05026349655941,1.126797143537699,2.139630007690254,1.012832864152555,118.10000560164384,102.96550538276728,-15.134500218876568,0.75796502,0.737867647,-0.02009737300000003,5422.843428815855,5588.628982318695,165.78555350284023
J.D. Davis,2023,2024,546,157,41.02462889808051,40.70280468552248,-0.3218242125580275,56.40252731357099,52.28002556899215,-4.122501744578841,41.76972320665893,42.0806152368131,0.31089203015417155,57.10120136460419,42.65535486359471,-14.445846501009477,47.872740806807855,47.64774366064453,-0.2249971461633251,2.139630007690254,-0.4181659015743139,-2.557795909264568,102.96550538276728,85.86811740218597,-17.097387980581303,0.737867647,0.631021799,-0.10684584799999997,5588.628982318695,4800.320387908153,-788.3085944105424
J.D. Martinez,2021,2022,634,596,53.62262713338647,50.25183791048444,-3.370789222902033,63.87377178291679,56.84727494415685,-7.02649683875994,40.56324434245177,33.57539131855525,-6.98785302389652,41.01297339076192,40.01340805700895,-0.9995653337529689,41.97942647721091,47.20381174509978,5.22438526788887,2.7420890321406994,1.4421990149384862,-1.2998900172022132,126.37279133683904,119.06620451967626,-7.306586817162781,0.86667498,0.789581723,-0.07709325700000003,5541.033280322807,4931.075420507948,-609.9578598148582
J.D. Martinez,2022,2023,596,479,50.25183791048444,43.0743894484675,-7.17744846201694,56.84727494415685,74.53425159103239,17.686976646875536,33.57539131855525,40.85154907263899,7.276157754083741,40.01340805700895,42.35815072768622,2.3447426706772703,47.20381174509978,40.41180434133357,-6.792007403766206,1.4421990149384862,2.336271445061383,0.8940724301228966,119.06620451967626,133.36791464505694,14.30171012538068,0.789581723,0.892513975,0.102932252,4931.075420507948,5439.204530667883,508.1291101599345
J.D. Martinez,2023,2024,479,495,43.0743894484675,43.358689413609525,0.2842999651420257,74.53425159103239,57.98748004143759,-16.546771549594794,40.85154907263899,38.6952808887552,-2.156268183883789,42.35815072768622,41.85139237805506,-0.5067583496311627,40.41180434133357,51.41844640641427,11.006642065080698,2.336271445061383,0.5922889912057101,-1.7439824538556727,133.36791464505694,106.97326762546103,-26.394647019595908,0.892513975,0.725285553,-0.167228422,5439.204530667883,5116.172566526881,-323.0319641410015
J.P. Crawford,2021,2022,687,603,65.85496846402509,65.57673968437568,-0.2782287796494103,38.93177563843085,37.46226204989037,-1.4695135885404795,33.72694116943329,48.66174389562333,14.934802726190043,56.59037903536448,40.492780087086885,-16.097598948277593,57.1542309749684,70.17212524329639,13.017894268327993,3.064392026552656,2.2302575087627954,-0.8341345177898605,102.84920076356003,104.86679606669988,2.017595303139842,0.714605989,0.675341611,-0.039264378000000044,6079.053686417301,6511.505887952878,432.45220153557693
J.P. Crawford,2022,2023,603,638,65.57673968437568,62.09117169937977,-3.4855679849959103,37.46226204989037,48.74141037152961,11.27914832163924,48.66174389562333,48.54329775051512,-0.11844614510820861,40.492780087086885,42.23837975358016,1.745599666493277,70.17212524329639,73.70107118764504,3.5289459443486493,2.2302575087627954,4.841170935325194,2.6109134265623988,104.86679606669988,136.43290833138403,31.56611226468415,0.675341611,0.817729806,0.142388195,6511.505887952878,7195.726898863757,684.2210109108792
J.P. Crawford,2023,2024,638,451,62.09117169937977,51.32566852055636,-10.765503178823408,48.74141037152961,45.04313979731194,-3.6982705742176734,48.54329775051512,55.4264636942873,6.883165943772177,42.23837975358016,54.28065847213687,12.042278718556709,73.70107118764504,66.1563885169353,-7.544682670709747,4.841170935325194,1.6388239500511417,-3.2023469852740525,136.43290833138403,89.82886163262253,-46.60404669876149,0.817729806,0.625197972,-0.19253183399999996,7195.726898863757,7039.515551888617,-156.21134697514026
J.P. Crawford,2024,2025,451,654,51.32566852055636,60.9792639074886,9.653595386932238,45.04313979731194,42.24044931318804,-2.8026904841239,55.4264636942873,45.36430780620116,-10.062155888086139,54.28065847213687,38.1387787011905,-16.141879770946368,66.1563885169353,62.26826152932762,-3.888126987607677,1.6388239500511417,2.8182207544754494,1.1793968044243077,89.82886163262253,113.19065201889754,23.361790386275004,0.625197972,0.722027289,0.09682931699999997,7039.515551888617,5893.719936310614,-1145.795615578003
J.T. Realmuto,2021,2022,537,562,51.27309697188921,57.47206095354802,6.198963981658807,53.92203849262805,61.10914759584196,7.187109103213913,67.96271856035412,76.8200316972783,8.857313136924176,78.13787142255433,79.42078799167052,1.2829165691161961,47.64128941471058,47.1688965661417,-0.4723928485688802,4.636020196504958,6.654911009334679,2.0188908128297207,108.567030006476,128.70202522484274,20.13499521836674,0.78171995,0.819811613,0.038091663,8514.431324869902,9874.186116995896,1359.7547921259938
J.T. Realmuto,2022,2023,562,540,57.47206095354802,49.50289357289786,-7.9691673806501555,61.10914759584196,55.856673700928695,-5.252473894913265,76.8200316972783,49.00777406707857,-27.812257630199724,79.42078799167052,43.7781503619401,-35.64263762973042,47.1688965661417,43.091392267507125,-4.077504298634572,6.654911009334679,2.0335060290374183,-4.62140498029726,128.70202522484274,100.8646550172672,-27.837370207575546,0.819811613,0.762351661,-0.05745995200000009,9874.186116995896,5548.253521048079,-4325.9325959478165
J.T. Realmuto,2023,2024,540,413,49.50289357289786,53.87054372773572,4.367650154837861,55.856673700928695,55.32850119257552,-0.5281725083531725,49.00777406707857,41.69601268267547,-7.311761384403098,43.7781503619401,46.420132705958224,2.6419823440181247,43.091392267507125,43.435536002263206,0.34414373475608073,2.0335060290374183,1.963987900312296,-0.06951812872512231,100.8646550172672,107.27396407379652,6.409309056529324,0.762351661,0.750981266,-0.011370394999999922,5548.253521048079,5506.269170858011,-41.984350190067744
J.T. Realmuto,2024,2025,413,550,53.87054372773572,53.721543855558814,-0.14899987217690835,55.32850119257552,49.96073411198074,-5.367767080594781,41.69601268267547,50.699279800499305,9.003267117823832,46.420132705958224,49.88291028055463,3.4627775745964087,43.435536002263206,43.84818117470122,0.4126451724380118,1.963987900312296,2.0890892380122925,0.12510133769999654,107.27396407379652,93.99800739965843,-13.275956674138087,0.750981266,0.699580548,-0.05140071800000001,5506.269170858011,5843.688543532971,337.41937267495996
JJ Bleday,2022,2023,238,303,39.019034533881126,42.77835810772055,3.759323573839424,44.0215385908664,46.45370490850531,2.4321663176389094,54.89404359758424,51.10495595464048,-3.7890876429437625,47.177291844709394,46.56577370499858,-0.6115181397108174,58.45703568290759,64.05528436681533,5.598248683907741,-0.3043143768841939,0.3855444773151487,0.6898588541993426,66.48002385144282,90.57687858577695,24.09685473433413,0.586134453,0.665699773,0.07956532000000005,5593.511570927392,5926.952516184125,333.44094525673245
JJ Bleday,2023,2024,303,642,42.77835810772055,52.17311329217725,9.394755184456699,46.45370490850531,53.61715204505442,7.1634471365491095,51.10495595464048,36.63286740688568,-14.472088547754801,46.56577370499858,43.98786478362612,-2.5779089213724546,64.05528436681533,59.58936107836373,-4.465923288451599,0.3855444773151487,3.1918187340960897,2.806274256780941,90.57687858577695,120.0438407845668,29.466962198789844,0.665699773,0.761555916,0.095856143,5926.952516184125,5755.364459602046,-171.58805658207893
JJ Bleday,2024,2025,642,344,52.17311329217725,38.7503765330121,-13.422736759165147,53.61715204505442,50.63664727506678,-2.9805047699876397,36.63286740688568,43.28130820898596,6.648440802100282,43.98786478362612,37.061504681463255,-6.926360102162867,59.58936107836373,55.68975245712467,-3.899608621239061,3.1918187340960897,-0.1393253039445292,-3.3311440380406188,120.0438407845668,89.83064103249279,-30.213199752074004,0.761555916,0.697513445,-0.06404247100000005,5755.364459602046,4745.688699296918,-1009.6757603051283
Jace Peterson,2021,2022,302,328,50.46945478569235,49.54476593137749,-0.9246888543148586,44.10139831100567,49.01335868944405,4.91196037843838,63.93039451990933,73.10147900990916,9.171084489999828,45.382957095098135,61.517821339989,16.134864244890863,64.06739027659806,59.85935960277793,-4.208030673820133,0.7904789104461981,2.1186538465696123,1.328174936123414,97.65166509396408,96.05126693251152,-1.60039816145256,0.714477485,0.697895364,-0.016582121000000005,6699.031704938653,8158.392700680191,1459.3609957415383
Jace Peterson,2022,2023,328,430,49.54476593137749,45.98709351257413,-3.5576724188033637,49.01335868944405,37.26100795371701,-11.752350735727035,73.10147900990916,59.86300029151364,-13.238478718395513,61.517821339989,50.39755410901198,-11.12026723097702,59.85935960277793,60.79023170823677,0.9308721054588389,2.1186538465696123,0.3479676986714098,-1.7706861478982026,96.05126693251152,73.58618623994805,-22.465080692563475,0.697895364,0.611224948,-0.08667041599999992,8158.392700680191,6096.403061353819,-2061.9896393263725
Jack Suwinski,2022,2023,372,534,40.12752274265118,40.24704621943165,0.11952347678047204,58.935550029967565,62.7011523665345,3.7656023365669355,47.87171705026736,59.96585463942285,12.094137589155494,53.514184981220566,45.91085877931071,-7.603326201909859,58.59850529286001,67.26335048298787,8.664845190127863,1.148627215007779,2.5750793466401176,1.4264521316323386,97.49940795876884,112.14987141728147,14.650463458512633,0.70943004,0.793090012,0.08365997199999997,6293.789411354956,7052.948393524062,759.1589821691059
Jack Suwinski,2023,2024,534,277,40.24704621943165,42.216861729914655,1.9698155104830022,62.7011523665345,50.63532595409412,-12.06582641244038,59.96585463942285,53.48073818357877,-6.485116455844079,45.91085877931071,35.33584113288167,-10.575017646429039,67.26335048298787,54.825520939442896,-12.437829543544979,2.5750793466401176,-1.1445694951890255,-3.719648841829143,112.14987141728147,62.2404989963786,-49.909372420902876,0.793090012,0.588379392,-0.20471061999999995,7052.948393524062,5224.787497925958,-1828.1608955981046
Jack Suwinski,2024,2025,277,178,42.216861729914655,35.27024546571211,-6.946616264202547,50.63532595409412,45.965332956334855,-4.669992997759266,53.48073818357877,54.81058582310016,1.3298476395213896,35.33584113288167,46.767046570791706,11.431205437910037,54.825520939442896,62.87198555079927,8.046464611356377,-1.1445694951890255,-0.5442923414441062,0.6002771537449193,62.2404989963786,54.99057627342096,-7.249922722957635,0.588379392,0.534232209,-0.05414718299999999,5224.787497925958,5640.607807415061,415.82030948910324
Jackie Bradley Jr.,2021,2022,428,370,30.090971060745503,44.19651208308328,14.105541022337775,41.564973700249375,41.84123037552276,0.2762566752733875,62.11209206663735,43.11462930965476,-18.997462756982593,52.44293798783847,63.82348091175672,11.380542923918249,44.75174737212919,47.177365503933856,2.4256181318046686,-1.7170486756917602,-0.170076941170738,1.5469717345210223,36.313941088088406,56.032861357188814,19.71892026910041,0.49696322,0.566481293,0.06951807300000007,5127.761552111947,5469.0647596529125,341.30320754096556
Jackie Bradley Jr.,2022,2023,370,113,44.19651208308328,34.23633298176098,-9.960179101322296,41.84123037552276,41.06304472047526,-0.7781856550475013,43.11462930965476,47.80236326066469,4.687733951009932,63.82348091175672,57.88112610338426,-5.942354808372457,47.177365503933856,40.64555801707902,-6.531807486854838,-0.170076941170738,-0.5423780348124568,-0.3723010936417188,56.032861357188814,3.000516312115141,-53.032345045073676,0.566481293,0.397023809,-0.16945748400000005,5469.0647596529125,4698.114001827843,-770.9507578250696
Jackson Chourio,2024,2025,573,589,55.85196030988833,53.13904786254454,-2.71291244734379,57.838245958041554,56.31618200515404,-1.522063952887514,59.70619858580096,60.04741842101864,0.34121983521767874,62.10475811502744,48.22334447858912,-13.881413636438317,45.97808292329153,36.20917190416895,-9.768911019122584,3.924287864028197,2.927121640378953,-0.997166223649244,117.99710439718524,111.35224164419444,-6.644862752990804,0.790938227,0.770482509,-0.02045571800000001,7520.547887663633,6153.414250133701,-1367.1336375299325
Jackson Holliday,2024,2025,208,649,35.53593914428942,52.3745975824145,16.83865843812508,49.17218709527149,47.6170967654381,-1.5550903298333907,57.843564207940375,41.47119174286063,-16.372372465079742,51.390977682063095,41.11836657372077,-10.272611108342325,48.38552683210022,54.21735925865378,5.831832426553561,-0.0467018223340275,1.230759099034192,1.2774609213682193,62.21885661712603,95.58969877514492,33.370842158018895,0.565334007,0.689756359,0.12442235199999996,5597.118052443997,5346.284946003199,-250.83310644079756
Jackson Merrill,2024,2025,593,483,65.25363874682087,51.48760442137311,-13.766034325447755,60.3766293835133,56.028380667416336,-4.348248716096961,60.53318959355231,49.53480347415845,-10.998386119393857,60.93878541487668,52.87003356584279,-8.068751849033895,35.46264848922567,35.34869117002536,-0.11395731920030983,5.341505124928887,3.0181509512309512,-2.323354173697936,129.64684290775756,116.20445616275909,-13.442386744998473,0.82597623,0.774245566,-0.051730663999999926,7493.622207217037,5691.091076990242,-1802.5311302267946
Jacob Stallings,2021,2022,427,384,54.04782328576293,50.65743224761963,-3.3903910381432993,41.72317729216472,38.61392677804752,-3.1092505141171998,39.95414564238492,33.055985581440936,-6.898160060943987,80.0,48.54444584652541,-31.455554153474587,61.32097807657329,53.08551141262855,-8.235466663944742,3.072140831855532,-0.2151896429385185,-3.2873304747940506,92.29249994139576,66.05375548259684,-26.23874445879892,0.70387857,0.584335712,-0.11954285799999997,7293.812248377718,4804.438279936088,-2489.3739684416296
Jacob Stallings,2022,2023,384,276,50.65743224761963,45.05661876200264,-5.600813485616989,38.61392677804752,41.70286674166764,3.0889399636201205,33.055985581440936,33.32614079870224,0.27015521726130487,48.54444584652541,53.552627139662086,5.008181293136673,53.08551141262855,58.65824551609647,5.572734103467923,-0.2151896429385185,-0.4074786108364301,-0.1922889678979116,66.05375548259684,55.79472655803642,-10.259028924560418,0.584335712,0.564695331,-0.019640380999999985,4804.438279936088,5153.648545533539,349.2102655974504
Jacob Stallings,2023,2024,276,281,45.05661876200264,49.70824324697486,4.651624484972217,41.70286674166764,48.81732529669424,7.1144585550266015,33.32614079870224,36.94377380186614,3.6176330031639026,53.552627139662086,42.57084920649846,-10.981777933163627,58.65824551609647,55.396605814679326,-3.2616397014171454,-0.4074786108364301,0.9089094181448232,1.3163880289812533,55.79472655803642,113.33842187131926,57.54369531328283,0.564695331,0.809817754,0.24512242299999998,5153.648545533539,5190.293947561855,36.64540202831631
Jacob Stallings,2024,2025,281,129,49.70824324697486,30.332716540496875,-19.375526706477984,48.81732529669424,30.40812844039069,-18.409196856303552,36.94377380186614,42.854695082584826,5.910921280718682,42.57084920649846,45.87029680397625,3.299447597477794,55.396605814679326,37.10743424398471,-18.289171570694613,0.9089094181448232,-1.4377684833168751,-2.3466779014616983,113.33842187131926,-6.647331036123474,-119.98575290744273,0.809817754,0.363379726,-0.446438028,5190.293947561855,3337.708165262374,-1852.5857822994808
Jacob Wilson,2024,2025,103,523,63.631895966811406,77.83497320993135,14.203077243119942,33.03133320887116,39.94225106604292,6.910917857171761,49.22487546116445,45.61846818798683,-3.6064072731776236,47.52052426662584,49.12382333617805,1.6032990695522074,54.38993175690152,47.79410140918833,-6.595830347713189,0.038365243720251,3.3900440156588365,3.3516787719385857,85.50788236400159,121.36920669600204,35.86132433200045,0.628942881,0.799530816,0.17058793500000002,5759.871245338765,6295.919727368839,536.0484820300735
Jacob Young,2023,2024,121,521,53.7256540503001,60.08271794008516,6.35706388978506,36.79860363905789,34.51501698439704,-2.2835866546608443,67.9376550488901,63.42961664219524,-4.508038406694851,56.88702078966535,73.23169801613678,16.344677226471426,52.79215763579099,51.121703965432346,-1.670453670358647,0.8996959736954642,2.674570184554014,1.7748742108585498,82.57865391335238,84.33492792090736,1.7562740075549783,0.658482496,0.647602831,-0.010879664999999927,6743.605297406764,7476.89674507317,733.2914476664055
Jacob Young,2024,2025,521,364,60.08271794008516,59.97038234716646,-0.1123355929186971,34.51501698439704,35.15019798508812,0.6351810006910767,63.42961664219524,45.26380014978911,-18.16581649240613,73.23169801613678,70.77980598250629,-2.451892033630486,51.121703965432346,55.93223563432433,4.810531668891983,2.674570184554014,1.0097646649008445,-1.6648055196531695,84.33492792090736,66.46290774755558,-17.872020173351785,0.647602831,0.582811684,-0.064791147,7476.89674507317,6760.069623702443,-716.8271213707267
Jake Bauers,2023,2024,272,346,37.03226695514577,36.90377885351706,-0.1284881016287116,61.10998786973889,52.66608712419178,-8.443900745547104,39.51135731052975,58.361953066390654,18.8505957558609,43.57664353296631,45.69596492357995,2.119321390613642,52.76772406219173,58.47124170592232,5.703517643730585,-0.3048834514055997,0.0870433849749637,0.39192683638056336,88.28451749507055,88.10260307390767,-0.18191442116287249,0.692634904,0.661505186,-0.031129718000000084,5065.75547053724,5950.707686974088,884.9522164368473
Jake Bauers,2024,2025,346,218,36.90377885351706,49.05226532168202,12.148486468164961,52.66608712419178,56.53143297199081,3.865345847799027,58.361953066390654,54.77340209726438,-3.588550969126274,45.69596492357995,47.118051415124825,1.4220864915448743,58.47124170592232,64.51638832645396,6.045146620531646,0.0870433849749637,0.8081119495496547,0.721068564574691,88.10260307390767,114.37296019969206,26.270357125784386,0.661505186,0.752118112,0.09061292600000004,5950.707686974088,6968.767349370621,1018.059662396533
Jake Burger,2022,2023,183,540,39.436966864990886,42.84085184942579,3.403884984434903,61.848762572011225,72.76841789234712,10.919655320335892,47.43710434793184,44.40533766745408,-3.031766680477766,42.42174763287961,37.88436677890929,-4.537380853970319,38.37368594430079,35.87626129243598,-2.4974246518648116,0.3613627067702466,2.274383401676789,1.9130206949065425,112.70108227262328,120.54837562994508,7.847293357321803,0.760531135,0.827551941,0.06702080599999993,5005.714438655222,5196.170657357535,190.45621870231298
Jake Burger,2023,2024,540,579,42.84085184942579,46.10752899801381,3.2666771485880233,72.76841789234712,64.777741273585,-7.990676618762123,44.40533766745408,43.16381561544786,-1.2415220520062178,37.88436677890929,38.81987226556597,0.9355054866566803,35.87626129243598,35.905795840192624,0.0295345477566471,2.274383401676789,1.3780620751945842,-0.8963213264822047,120.54837562994508,107.10199781380808,-13.446377816137002,0.827551941,0.760331218,-0.06722072299999993,5196.170657357535,4996.753835746495,-199.41682161104018
Jake Burger,2024,2025,579,376,46.10752899801381,43.9013340430721,-2.206194954941715,64.777741273585,59.00203083862522,-5.775710434959777,43.16381561544786,45.69261669754731,2.5288010820994486,38.81987226556597,44.82093787727106,6.001065611705087,35.905795840192624,31.08654444321491,-4.819251396977716,1.3780620751945842,-0.0597695894684419,-1.437831664663026,107.10199781380808,88.86301295847078,-18.238984855337307,0.760331218,0.687156346,-0.07317487200000006,4996.753835746495,4799.164247421789,-197.5895883247058
Jake Cave,2021,2022,178,177,38.85848028980028,38.06986551728372,-0.78861477251656,43.31173045049133,52.95298517386157,9.641254723370238,50.543194213844274,57.05311631777332,6.50992210392905,50.67868827998771,53.06243283060967,2.3837445506219623,47.3060029854222,44.53842630926314,-2.7675766761590594,-0.5174732875789274,0.3473621423595264,0.8648354299384537,50.24978127783041,79.78384959088504,29.534068313054632,0.541270496,0.644033346,0.10276284999999996,5073.529666536854,5764.977511359604,691.4478448227501
Jake Cave,2022,2023,177,203,38.06986551728372,43.43974433707916,5.369878819795439,52.95298517386157,45.0005047992491,-7.95248037461247,57.05311631777332,55.08588050960695,-1.9672358081663717,53.06243283060967,51.68685830259175,-1.3755745280179212,44.53842630926314,46.61428965647064,2.075863347207502,0.3473621423595264,-0.145644272501478,-0.4930064148610044,79.78384959088504,65.42852312953985,-14.355326461345186,0.644033346,0.620103313,-0.02393003299999996,5764.977511359604,5570.898170927892,-194.0793404317119
Jake Cave,2023,2024,203,346,43.43974433707916,45.78082499326626,2.3410806561870956,45.0005047992491,45.57280892131017,0.5723041220610696,55.08588050960695,55.88528353088572,0.7994030212787706,51.68685830259175,46.23219226237058,-5.45466604022117,46.61428965647064,37.713461341608976,-8.900828314861663,-0.145644272501478,-0.3294276043324227,-0.1837833318309447,65.42852312953985,74.6536545547378,9.225131425197944,0.620103313,0.686139901,0.06603658800000001,5570.898170927892,5081.98888805485,-488.9092828730427
Jake Cronenworth,2021,2022,643,684,68.04576115217006,56.95154824159471,-11.09421291057535,50.770714651874,46.04600969931607,-4.7247049525579286,51.38195170296828,58.9224876455244,7.540535942556119,51.33922799532236,53.81334936703799,2.4741213717156327,58.91327374195703,63.36439008143468,4.45111633947765,3.739008669365284,3.647879000990889,-0.0911296683743954,117.43387198234792,108.58351913842006,-8.850352843927865,0.80047494,0.721984154,-0.07849078599999992,7482.294773805739,7382.530353979845,-99.76441982589404
Jake Cronenworth,2022,2023,684,522,56.95154824159471,58.00457910919427,1.0530308675995599,46.04600969931607,42.2181709189303,-3.8278387803857754,58.9224876455244,60.02791738049518,1.1054297349707838,53.81334936703799,46.14666010611919,-7.666689260918801,63.36439008143468,52.45191881621049,-10.912471265224191,3.647879000990889,0.7563498870502908,-2.891529113940598,108.58351913842006,90.7891399394996,-17.794379198920453,0.721984154,0.689267718,-0.03271643600000007,7382.530353979845,6284.646300312618,-1097.884053667227
Jake Cronenworth,2023,2024,522,656,58.00457910919427,60.85942859930701,2.8548494901127413,42.2181709189303,49.30507738085646,7.086906461926162,60.02791738049518,49.6556976711742,-10.37221970932098,46.14666010611919,46.17404100128421,0.02738089516501674,52.45191881621049,59.29836408630539,6.846445270094904,0.7563498870502908,2.063187146295464,1.3068372592451731,90.7891399394996,104.99728058093454,14.208140641434937,0.689267718,0.713567637,0.02429991900000006,6284.646300312618,6699.561048301225,414.9147479886069
Jake Cronenworth,2024,2025,656,515,60.85942859930701,56.031727146402034,-4.827701452904975,49.30507738085646,45.53278307748607,-3.772294303370387,49.6556976711742,42.77024404426059,-6.885453626913609,46.17404100128421,51.8278264410696,5.653785439785388,59.29836408630539,66.27633553123599,6.977971444930596,2.063187146295464,2.918704221606997,0.8555170753115333,104.99728058093454,117.49854494100153,12.501264360066983,0.713567637,0.743754971,0.030187333999999955,6699.561048301225,6592.701645024361,-106.85940327686421
Jake Fraley,2021,2022,265,247,45.66545090463451,52.97883081092575,7.313379906291239,45.16797301910968,50.961785138918,5.793812119808322,56.17033811613268,50.07604726802118,-6.0942908481115055,48.14857347939268,43.50005288502636,-4.6485205943663175,70.53098460161671,57.60322551069159,-12.927759090925122,1.0955938829722198,0.793342561308328,-0.3022513216638918,108.514110221855,121.2467439428342,12.732633720979194,0.721431605,0.811722146,0.090290541,6619.84473210501,6176.002263217457,-443.84246888755297
Jake Fraley,2022,2023,247,380,52.97883081092575,53.91590050753706,0.9370696966113101,50.961785138918,47.19791756059974,-3.763867578318262,50.07604726802118,55.3062377939467,5.230190525925522,43.50005288502636,45.58314096917714,2.0830880841507735,57.60322551069159,49.27252333304979,-8.330702177641797,0.793342561308328,1.142197671417465,0.34885511010913706,121.2467439428342,107.33976604415668,-13.906977898677525,0.811722146,0.782926064,-0.028796082000000056,6176.002263217457,5981.507497842953,-194.4947653745039
Jake Fraley,2023,2024,380,382,53.91590050753706,56.40777281089225,2.491872303355187,47.19791756059974,37.82932281187216,-9.368594748727581,55.3062377939467,56.23630182728203,0.9300640333353272,45.58314096917714,49.745378417189485,4.162237448012348,49.27252333304979,40.135642059063215,-9.136881273986575,1.142197671417465,0.9425725975846596,-0.19962507383280548,107.33976604415668,95.93351203322158,-11.4062540109351,0.782926064,0.715557216,-0.06736884799999998,5981.507497842953,5382.632774489686,-598.8747233532667
Jake Fraley,2024,2025,382,217,56.40777281089225,50.53840911304998,-5.869363697842267,37.82932281187216,42.5299616127074,4.700638800835243,56.23630182728203,46.95430575489879,-9.281996072383237,49.745378417189485,47.55645430414391,-2.188924113045573,40.135642059063215,56.78249308563318,16.646851026569962,0.9425725975846596,0.2923074945678588,-0.6502651030168007,95.93351203322158,97.37764634479268,1.444134311571105,0.715557216,0.713996187,-0.0015610289999999916,5382.632774489686,5682.283369356346,299.65059486665996
Jake Lamb,2021,2022,170,111,44.952765599660985,41.00210928163427,-3.9506563180267165,53.60418715377452,53.94594216469258,0.3417550109180638,48.0293888263467,46.24150264116044,-1.7878861851862595,45.58769516074928,46.55630690969916,0.9686117489498827,56.81126910332974,53.56601975088713,-3.245249352442613,-0.0352782075057856,0.0272341812013356,0.0625123887071212,85.99068830226601,105.379270437326,19.38858213505999,0.673937907,0.707067892,0.03312998499999997,5857.319522015177,5492.079514022415,-365.240007992762
Jake McCarthy,2022,2023,354,312,53.178910986704665,54.19174599211006,1.0128350054053925,47.065360490125634,34.30254955096727,-12.762810939158364,80.0,71.51245077726858,-8.487549222731417,46.9496802779794,43.47027651048177,-3.4794037674976295,44.45265188086623,48.47115043443587,4.018498553569643,2.210795819180011,0.0651308426633363,-2.1456649765166746,116.03870282761872,78.12644604132835,-37.91225678629037,0.768671618,0.644268774,-0.1244028439999999,6883.304485240533,5779.775417483928,-1103.5290677566045
Jake McCarthy,2023,2024,312,495,54.19174599211006,64.52867324278132,10.336927250671266,34.30254955096727,37.58143339893971,3.2788838479724376,71.51245077726858,68.53230398957808,-2.980146787690501,43.47027651048177,56.12362652071195,12.653350010230184,48.47115043443587,47.26586149525544,-1.2052889391804271,0.0651308426633363,2.974291762203328,2.9091609195399917,78.12644604132835,110.0247346813602,31.89828864003185,0.644268774,0.749432079,0.10516330499999993,5779.775417483928,6918.764289328861,1138.9888718449329
Jake McCarthy,2024,2025,495,222,64.52867324278132,52.08468923978245,-12.443984002998874,37.58143339893971,40.84783358997797,3.266400191038258,68.53230398957808,60.757386934227256,-7.7749170553508264,56.12362652071195,52.97944969389754,-3.144176826814409,47.26586149525544,43.50663016768613,-3.75923132756931,2.974291762203328,-0.1368195171808227,-3.1111112793841507,110.0247346813602,60.19848696698043,-49.82624771437977,0.749432079,0.591235536,-0.15819654299999997,6918.764289328861,5896.186103868245,-1022.5781854606166
Jake Meyers,2021,2022,163,160,47.50603631539859,40.24208290693145,-7.263953408467138,52.91082430709063,42.42746783189962,-10.483356475191009,56.19537295476238,53.0275886159686,-3.16778433879378,55.40526501775653,57.72818709290644,2.3229220751499113,45.83619018421342,43.71640027591263,-2.1197899083007883,1.097497631081736,0.3621804076026592,-0.7353172234790768,109.18579224748144,66.01583240116355,-43.169959846317894,0.76133753,0.582083333,-0.179254197,6332.8516472766,5374.082788174999,-958.7688591016004
Jake Meyers,2022,2023,160,341,40.24208290693145,43.409168068053646,3.167085161122195,42.42746783189962,42.50882322869024,0.0813553967906202,53.0275886159686,54.49277736812301,1.4651887521544111,57.72818709290644,55.55770416812036,-2.1704829247860786,43.71640027591263,48.575521829182456,4.859121553269823,0.3621804076026592,1.069662494144474,0.7074820865418148,66.01583240116355,87.20875872598943,21.192926324825876,0.582083333,0.678064705,0.09598137200000001,5374.082788174999,5704.702119932949,330.61933175795
Jake Meyers,2023,2024,341,513,43.409168068053646,45.941907025204806,2.5327389571511603,42.50882322869024,47.12366581263871,4.614842583948473,54.49277736812301,59.1853436938008,4.692566325677795,55.55770416812036,63.859723905556805,8.302019737436446,48.575521829182456,46.50609085514631,-2.0694309740361447,1.069662494144474,1.944205944527732,0.8745434503832581,87.20875872598943,84.75877468073166,-2.4499840452577644,0.678064705,0.646361276,-0.031703429000000005,5704.702119932949,6581.304322350306,876.6022024173571
Jake Meyers,2024,2025,513,381,45.941907025204806,61.97805759135095,16.03615056614614,47.12366581263871,42.56011940949544,-4.56354640314327,59.1853436938008,54.9185396600674,-4.266804033733401,63.859723905556805,58.70923958542012,-5.150484320136684,46.50609085514631,53.89245128186102,7.38636042671471,1.944205944527732,2.2665160017786548,0.32231005725092277,84.75877468073166,107.328099103895,22.569324423163337,0.646361276,0.726739847,0.08037857100000001,6581.304322350306,6991.926473753697,410.6221514033905
Jake Rogers,2023,2024,365,337,38.48364835173391,37.08732883043471,-1.3963195212992048,59.1588376465004,49.15829802936197,-10.000539617138429,46.33394120862333,51.18141367988904,4.847472471265711,69.47042721286508,80.0,10.529572787134924,50.79342912670775,46.68417686964184,-4.109252257065911,2.533133673314566,2.155809207492144,-0.3773244658224222,97.0484525449848,69.57250826054512,-27.475944284439677,0.729823046,0.606805781,-0.12301726499999999,6524.203186023457,6609.738083445778,85.53489742232068
Jake Rogers,2024,2025,337,142,37.08732883043471,43.05639797035254,5.969069139917835,49.15829802936197,48.05385250607228,-1.1044455232896908,51.18141367988904,49.62064704482426,-1.5607666350647804,80.0,53.44140563338456,-26.558594366615438,46.68417686964184,55.631369661385484,8.947192791743646,2.155809207492144,0.3351464104306193,-1.8206627970615248,69.57250826054512,70.46500137844589,0.89249311790077,0.606805781,0.609929077,0.003123295999999942,6609.738083445778,5931.545078188217,-678.1930052575608
James McCann,2021,2022,412,191,43.61250763280972,45.13036335034309,1.5178557175333722,46.63417712523998,45.903698205031546,-0.7304789202084336,37.416241949358216,53.87267446039804,16.45643251103982,48.40617405671096,53.90176226764511,5.495588210934152,43.521593666193226,42.39516160754221,-1.1264320586510195,0.3297681316375725,0.1287353933923386,-0.2010327382452339,78.27792077711952,56.66502334047738,-21.612897436642136,0.643022653,0.538153697,-0.10486895600000001,4562.544252001611,5538.439880178697,975.8956281770861
James McCann,2022,2023,191,226,45.13036335034309,43.1257135562732,-2.0046497940698913,45.903698205031546,50.95292544181649,5.049227236784944,53.87267446039804,47.96050824411053,-5.91216621628751,53.90176226764511,50.36567761897533,-3.536084648669778,42.39516160754221,35.28552793615003,-7.109633671392174,0.1287353933923386,0.2575215468449229,0.1287861534525843,56.66502334047738,75.99043422774389,19.325410887266507,0.538153697,0.645869889,0.10771619199999993,5538.439880178697,4924.3642906156965,-614.0755895630009
James McCann,2023,2024,226,233,43.1257135562732,46.82566809274477,3.699954536471573,50.95292544181649,49.64038675558844,-1.3125386862280521,47.96050824411053,43.05838035392864,-4.902127890181887,50.36567761897533,42.72608355150025,-7.63959406747508,35.28552793615003,41.16557120314339,5.880043266993354,0.2575215468449229,0.1539417812054581,-0.1035797656394648,75.99043422774389,88.28685932815415,12.29642510041026,0.645869889,0.666820424,0.020950534999999992,4924.3642906156965,4749.597114893203,-174.76717572249345
James McCann,2024,2025,233,137,46.82566809274477,46.14178760409092,-0.6838804886538483,49.64038675558844,56.17310853985873,6.532721784270294,43.05838035392864,45.27484549556211,2.2164651416334706,42.72608355150025,50.25070625473442,7.524622703234165,41.16557120314339,45.017779788026914,3.8522085848835275,0.1539417812054581,0.7362305890076747,0.5822888078022166,88.28685932815415,109.50336185463485,21.216502526480696,0.666820424,0.754423719,0.08760329500000008,4749.597114893203,5587.278936934036,837.6818220408331
James Outman,2023,2024,567,156,37.98161958734217,31.90775358778324,-6.073865999558933,54.67862737816834,46.06333012465669,-8.615297253511656,65.44754177971897,47.43138770468955,-18.016154075029426,57.83743479245519,50.89983198522896,-6.937602807226234,56.684214427386806,51.16066640702697,-5.523548020359833,3.891357025147109,-0.3546096077223698,-4.245966632869479,116.57759476865162,52.56294548451763,-64.014649284134,0.789586688,0.521116138,-0.26847055,7072.108719790171,4900.492735768446,-2171.615984021724
James Outman,2024,2025,156,148,31.90775358778324,22.34477080908323,-9.562982778700011,46.06333012465669,53.15316501868482,7.0898348940281295,47.43138770468955,55.77272681494205,8.341339110252498,50.89983198522896,48.05874295308107,-2.8410890321478846,51.16066640702697,46.77603884863735,-4.384627558389624,-0.3546096077223698,-0.4948109639400365,-0.14020135621766666,52.56294548451763,47.61815884430818,-4.9447866402094505,0.521116138,0.537111738,0.0159956,4900.492735768446,4815.083530938751,-85.40920482969523
James Wood,2024,2025,336,689,50.85002658557547,44.86008057852928,-5.989946007046193,61.50563565686256,74.78667093113053,13.281035274267971,51.39547579043655,45.26940817431979,-6.126067616116757,42.390557054435874,38.09015421513737,-4.300402839298506,64.53989181284595,62.34437620091845,-2.1955156119275046,1.3076783082198806,3.2502182285137025,1.9425399202938218,119.6393112199534,127.29375842430731,7.6544472043539145,0.78128531,0.82469868,0.04341337000000001,6888.071826219403,6484.438282577332,-403.63354364207134
Jared Triolo,2023,2024,209,446,47.29886229823687,44.20440418140483,-3.094458116832037,42.22203203841505,42.953537074251,0.7315050358359514,52.4345984122329,50.8140968574649,-1.6205015547680048,56.51977593043343,56.10082843139216,-0.4189474990412734,55.53062552321402,53.05404017684704,-2.4765853463669814,1.544408815039148,0.4244790084387697,-1.1199298066003782,118.04279078649336,72.31298720339208,-45.72980358310127,0.785349863,0.610684937,-0.17466492599999994,6153.171626237735,5826.976564314589,-326.19506192314566
Jared Triolo,2024,2025,446,376,44.20440418140483,51.07354139342826,6.869137212023425,42.953537074251,44.5574317475698,1.6038946733187984,50.8140968574649,59.644377004109046,8.83028014664415,56.10082843139216,59.96750744048603,3.866679009093872,53.05404017684704,57.28094389020278,4.226903713355739,0.4244790084387697,1.503858053333905,1.0793790448951353,72.31298720339208,86.34214621895569,14.029159015563607,0.610684937,0.667487425,0.056802487999999984,5826.976564314589,7071.3747289143175,1244.3981645997283
Jared Walsh,2021,2022,585,454,53.39234919642061,42.12869506477894,-11.263654131641673,62.638210941131575,55.09464999404516,-7.543560947086412,39.96941058598973,43.42354269598502,3.4541321099952924,35.874204038742235,43.98598255939975,8.111778520657516,45.59687767585631,44.3750732720013,-1.2218044038550104,2.3632061606842463,-0.8378734328286972,-3.2010795935129437,126.00826978569862,77.35272872007619,-48.65554106562243,0.849604902,0.642244924,-0.20735997800000006,5398.273109806228,4966.8179588021085,-431.4551510041192
Jared Walsh,2022,2023,454,116,42.12869506477894,20.905215088470477,-21.22347997630846,55.09464999404516,44.3445870603534,-10.750062933691765,43.42354269598502,44.81929693015429,1.3957542341692672,43.98598255939975,46.981229766522326,2.995247207122574,44.3750732720013,49.78498135550245,5.409908083501151,-0.8378734328286972,-0.8659432629864794,-0.028069830157782194,77.35272872007619,33.83539721768493,-43.51733150239126,0.642244924,0.494363394,-0.14788152999999998,4966.8179588021085,3994.39810105456,-972.4198577475486
Jarred Kelenic,2021,2022,377,181,41.04736946463808,31.70794588086277,-9.33942358377531,49.126702308646735,51.965443362367616,2.838741053720881,51.54791018891473,55.00253798501989,3.4546277961051644,39.36696900204879,53.73800006860124,14.371031066552447,49.19925859113517,49.63618345452648,0.43692486339131165,-0.4989006160632828,-0.1585548241208088,0.340345791942474,73.20122685134669,56.70986087022126,-16.491365981125426,0.615400356,0.53387791,-0.08152244600000003,5009.45792966681,5565.052888770955,555.5949591041453
Jarred Kelenic,2022,2023,181,416,31.70794588086277,43.971265222491816,12.263319341629046,51.965443362367616,55.94555251604729,3.9801091536796775,55.00253798501989,53.51922944110751,-1.4833085439123792,53.73800006860124,46.96567066721953,-6.772329401381711,49.63618345452648,50.8794387751614,1.2432553206349155,-0.1585548241208088,1.5230891060983105,1.6816439302191193,56.70986087022126,109.944702803138,53.23484193291674,0.53387791,0.746277914,0.21240000400000003,5565.052888770955,5989.06269050118,424.00980173022526
Jarred Kelenic,2023,2024,416,449,43.971265222491816,40.10688798195618,-3.8643772405356387,55.94555251604729,54.419322076428266,-1.5262304396190274,53.51922944110751,54.77594431210634,1.2567148709988274,46.96567066721953,44.78881234273397,-2.1768583244855577,50.8794387751614,44.94626616058931,-5.9331726145720864,1.5230891060983105,0.5259689410062143,-0.9971201650920962,109.944702803138,86.91781982188918,-23.026882981248818,0.746277914,0.678918168,-0.06735974599999994,5989.06269050118,5436.502320276302,-552.5603702248782
Jarren Duran,2021,2022,112,223,38.65382317787994,45.01485013205817,6.361026954178229,45.80423627628177,48.93957872092067,3.1353424446389013,57.1622611158654,60.91315865508236,3.7508975392169646,49.12304164395371,41.81608010899191,-7.3069615349618005,37.948932991858776,44.860787539100045,6.911854547241269,-0.3270644357372815,-0.1286444705147329,0.1984199652225486,47.57752269285587,77.32115962421896,29.743636931363092,0.577520026,0.645256308,0.06773628200000004,5006.268801669096,5528.741447934713,522.4726462656163
Jarren Duran,2022,2023,223,362,45.01485013205817,56.45061330869158,11.435763176633408,48.93957872092067,54.31291819532659,5.373339474405917,60.91315865508236,74.54830849825358,13.635149843171213,41.81608010899191,43.59537570448161,1.7792955954896996,44.860787539100045,43.11467537777146,-1.7461121613285826,-0.1286444705147329,2.4885936673192286,2.6172381378339615,77.32115962421896,121.79762522376636,44.476465599547396,0.645256308,0.828188097,0.18293178899999996,5528.741447934713,6979.968106165847,1451.226658231134
Jarren Duran,2023,2024,362,735,56.45061330869158,59.00643062520095,2.555817316509369,54.31291819532659,60.81703436955576,6.504116174229175,74.54830849825358,77.48826106942741,2.9399525711738335,43.59537570448161,66.05969969243877,22.464323987957158,43.11467537777146,48.78759152406111,5.672916146289651,2.4885936673192286,6.827963883633537,4.3393702163143075,121.79762522376636,130.74070663303564,8.943081409269283,0.828188097,0.83376513,0.005577033000000009,6979.968106165847,9283.133735767033,2303.165629601186
Jarren Duran,2024,2025,735,696,59.00643062520095,49.36113507671995,-9.645295548481002,60.81703436955576,59.67599251325582,-1.1410418562999425,77.48826106942741,69.13518167092201,-8.3530793985054,66.05969969243877,53.132704879585226,-12.926994812853543,48.78759152406111,48.75770448329074,-0.02988704077037596,6.827963883633537,3.911707641026082,-2.9162562426074548,130.74070663303564,111.15078705378288,-19.589919579252765,0.83376513,0.774309583,-0.059455547,9283.133735767033,7485.808102592499,-1797.3256331745333
Jason Delay,2022,2023,167,187,39.52684858528606,46.99034048611761,7.463491900831549,35.76581639891334,33.32372555573717,-2.4420908431761674,42.37589372823268,45.22578010592736,2.8498863776946806,58.62824072681235,63.21087196102891,4.5826312342165565,40.99747760862055,45.18442450626938,4.186946897648831,0.1666963400732947,1.0832600489903623,0.9165637089170676,50.474532256364256,81.86548559684994,31.39095334048568,0.536027981,0.666224307,0.13019632599999997,4487.966092052252,5188.547815999529,700.5817239472772
Jason Heyward,2021,2022,353,151,50.60140276236409,46.66230612479099,-3.939096637573101,48.23646749410406,43.32482760846887,-4.911639885635189,55.48997072319034,52.45937298636848,-3.0305977368218606,57.68922149181533,48.9975780785709,-8.691643413244428,49.770291615265776,48.90039058699022,-0.8699010282755566,0.0572241658368677,-0.2672068533753178,-0.3244310192121855,70.31366309195326,63.13816460368544,-7.17549848826782,0.627202483,0.555517957,-0.07168452600000008,6518.685090387317,5488.840834495089,-1029.844255892228
Jason Heyward,2022,2023,151,377,46.66230612479099,58.61565518555915,11.953349060768161,43.32482760846887,52.795613478452125,9.470785869983253,52.45937298636848,43.58429639282299,-8.875076593545487,48.9975780785709,57.9573875541924,8.959809475621498,48.90039058699022,53.40055448254488,4.500163895554657,-0.2672068533753178,2.2143874939572203,2.481594347332538,63.13816460368544,118.87283704842568,55.73467244474024,0.555517957,0.812626084,0.2571081270000001,5488.840834495089,6727.206119379715,1238.365284884626
Jason Heyward,2023,2024,377,258,58.61565518555915,49.27973441554007,-9.33592077001908,52.795613478452125,51.638333439694655,-1.1572800387574702,43.58429639282299,64.04506574422241,20.46076935139942,57.9573875541924,52.21396275597153,-5.743424798220872,53.40055448254488,48.737914913740525,-4.662639568804352,2.2143874939572203,0.8438052735157323,-1.370582220441488,118.87283704842568,93.01913708660176,-25.85369996182392,0.812626084,0.700218444,-0.11240764000000003,6727.206119379715,6725.178207129986,-2.0279122497295248
Javier Báez,2021,2022,547,590,33.605741311027444,38.81594829887766,5.2102069878502135,65.74266824831652,51.6979939634947,-14.044674284821816,67.65551386086013,60.34105343076579,-7.314460430094336,58.44035047305108,54.62918776432448,-3.811162708726606,28.238030225477,29.65643311032739,1.4184028848503907,4.171505406231693,1.968614055673136,-2.2028913505585574,116.63502616195356,89.39571189065408,-27.239314271299477,0.812705222,0.670758893,-0.14194632899999993,6281.822144462934,5322.992107432567,-958.8300370303677
Javier Báez,2022,2023,590,547,38.81594829887766,40.23845908784459,1.4225107889669317,51.6979939634947,44.145712993061416,-7.552280970433287,60.34105343076579,61.030594374797104,0.6895409440313145,54.62918776432448,64.98713146544998,10.3579437011255,29.65643311032739,31.02245153500096,1.3660184246735696,1.968614055673136,0.6775831181030207,-1.2910309375701152,89.39571189065408,61.353575788315865,-28.04213610233822,0.670758893,0.592889463,-0.07786943000000002,5322.992107432567,5564.229195655893,241.23708822332628
Javier Báez,2023,2024,547,289,40.23845908784459,39.93394485215525,-0.30451423568933933,44.145712993061416,46.36898074433192,2.2232677512705052,61.030594374797104,54.251925526638615,-6.778668848158489,64.98713146544998,50.68865781445582,-14.298473650994154,31.02245153500096,34.37473707238554,3.3522855373845815,0.6775831181030207,-0.7325924163841555,-1.4101755344871763,61.353575788315865,41.4846234934234,-19.868952294892466,0.592889463,0.515570934,-0.07731852900000002,5564.229195655893,4865.78975562838,-698.4394400275132
Javier Báez,2024,2025,289,437,39.93394485215525,44.074403803347046,4.140458951191796,46.36898074433192,46.99261868399887,0.6236379396669491,54.251925526638615,54.111676398940446,-0.14024912769816922,50.68865781445582,55.56713557697548,4.878477762519658,34.37473707238554,27.443286525711898,-6.931450546673645,-0.7325924163841555,1.42648302824193,2.159075444626086,41.4846234934234,86.39152316600318,44.90689967257978,0.515570934,0.680191625,0.16462069099999999,4865.78975562838,4924.258314823964,58.46855919558402
Jazz Chisholm Jr.,2021,2022,507,241,45.75101225565387,46.06627708568248,0.3152648300286103,54.83192286177712,66.11885851829425,11.286935656517123,69.28893746830404,65.95673383661175,-3.3322036316922947,47.83173860396783,54.635874708686856,6.804136104719028,44.77521354760528,51.6652158802391,6.89000233263382,1.816767310552441,2.5195025476935347,0.7027352371410938,93.5935421254526,134.27307785591904,40.67953573046644,0.727539262,0.860211267,0.13267200499999998,6568.119771747186,7709.851811301267,1141.732039554081
Jazz Chisholm Jr.,2022,2023,241,383,46.06627708568248,38.15827909622202,-7.907997989460462,66.11885851829425,59.65619998538577,-6.462658532908478,65.95673383661175,66.51193041257886,0.5551965759671162,54.635874708686856,52.03563368516711,-2.600241023519743,51.6652158802391,49.660251376672086,-2.0049645035670167,2.5195025476935347,1.923192073669092,-0.5963104740244427,134.27307785591904,101.9436362658873,-32.329441590031735,0.860211267,0.761051284,-0.09915998299999995,7709.851811301267,6745.021101094126,-964.8307102071412
Jazz Chisholm Jr.,2023,2024,383,621,38.15827909622202,48.24601658990227,10.087737493680251,59.65619998538577,56.10044085485819,-3.5557591305275764,66.51193041257886,72.97960635501911,6.467675942440252,52.03563368516711,57.82837877003661,5.792745084869495,49.660251376672086,51.23177968613508,1.571528309462991,1.923192073669092,4.081361920747442,2.15816984707835,101.9436362658873,110.69860007689752,8.754963811010214,0.761051284,0.759614557,-0.001436726999999971,6745.021101094126,7825.047292708345,1080.026191614219
Jazz Chisholm Jr.,2024,2025,621,531,48.24601658990227,41.83454652521929,-6.41147006468298,56.10044085485819,61.83879348395392,5.738352629095729,72.97960635501911,62.52152277688715,-10.458083578131962,57.82837877003661,58.039401557529295,0.21102278749268777,51.23177968613508,54.81740340266519,3.5856237165301152,4.081361920747442,4.379344895023726,0.29798297427628384,110.69860007689752,126.09384578932725,15.395245712429727,0.759614557,0.812594951,0.052980393999999986,7825.047292708345,7397.695955052077,-427.3513376562678
Jean Segura,2021,2022,567,387,66.15345746594471,62.52741188329155,-3.6260455826531626,48.50068571307741,47.81090101079448,-0.6897847022829282,55.39485787478417,53.23172642947135,-2.163131445312821,61.78805826859566,56.05014009381383,-5.737918174781832,47.832913653776,46.7363277116168,-1.0965859421591944,3.4638730335285546,2.101169428380849,-1.3627036051477055,109.791635000953,105.3648028437113,-4.426832157241691,0.783854202,0.722922961,-0.060931241000000025,7341.078198738822,6685.962382244839,-655.1158164939825
Jean Segura,2022,2023,387,326,62.52741188329155,55.06737702711156,-7.460034856179988,47.81090101079448,41.6266397798656,-6.1842612309288825,53.23172642947135,46.77355086221589,-6.458175567255459,56.05014009381383,45.58299605130374,-10.467144042510093,46.7363277116168,44.266500036746585,-2.469827674870217,2.101169428380849,-1.2310814551280975,-3.3322508835089466,105.3648028437113,51.23577791082936,-54.12902493288194,0.722922961,0.555992843,-0.16693011800000002,6685.962382244839,5148.455977946267,-1537.5064042985723
Jed Lowrie,2021,2022,512,184,53.77744986467404,45.11887732197022,-8.658572542703823,51.51929720988274,37.93603642561476,-13.583260784267978,37.58568628902262,47.96573062658797,10.380044337565351,41.46190194024437,47.25497867862424,5.793076738379874,55.52079356820669,52.91682907907767,-2.6039644891290195,0.874194075531298,-0.9865829735763288,-1.860777049107627,101.25332716599766,48.92579913466642,-52.32752803133124,0.716608827,0.50803827,-0.20857055699999993,5493.826943855196,5081.500770493634,-412.3261733615618
Jeff McNeil,2021,2022,426,589,61.18648019791926,74.31480621037693,13.12832601245767,40.97410258054674,44.60761248762133,3.6335099070745898,45.15279568758794,50.1696802043196,5.016884516731658,57.89539627880834,59.793913500467625,1.898517221659283,43.33090172167852,49.14208063515644,5.811178913477917,1.0547472458497582,5.506336122377388,4.45158887652763,90.66055844844716,140.45996407911096,49.7994056306638,0.679352452,0.836037166,0.15668471399999995,5768.738146126658,7201.009421935704,1432.2712758090465
Jeff McNeil,2022,2023,589,648,74.31480621037693,67.72050266959539,-6.594303540781539,44.60761248762133,36.87267968854613,-7.734932799075203,50.1696802043196,53.53960481328474,3.3699246089651425,59.793913500467625,55.35347694726777,-4.440436553199852,49.14208063515644,46.43905232372468,-2.7030283114317584,5.506336122377388,2.3967029188691296,-3.109633203508259,140.45996407911096,99.1311838026425,-41.328780276468464,0.836037166,0.71111111,-0.12492605599999995,7201.009421935704,6253.304711758013,-947.7047101776916
Jeff McNeil,2023,2024,648,472,67.72050266959539,57.99712258204479,-9.723380087550602,36.87267968854613,42.41972399506119,5.547044306515062,53.53960481328474,40.72422368977323,-12.815381123511507,55.35347694726777,50.28935644986556,-5.0641204974022145,46.43905232372468,45.71420894909546,-0.7248433746292235,2.3967029188691296,1.2622419042872577,-1.1344610145818719,99.1311838026425,96.94198683400212,-2.189196968640374,0.71111111,0.692289588,-0.01882152200000009,6253.304711758013,5319.239119351491,-934.0655924065213
Jeff McNeil,2024,2025,472,462,57.99712258204479,62.718762522828655,4.7216399407838665,42.41972399506119,43.67488412703624,1.2551601319750532,40.72422368977323,50.10885241225889,9.384628722485658,50.28935644986556,49.97077888680026,-0.31857756306529694,45.71420894909546,56.62703927728767,10.912830328192214,1.2622419042872577,2.11142587133073,0.8491839670434722,96.94198683400212,110.64836906214204,13.706382228139915,0.692289588,0.745810176,0.053520588000000036,5319.239119351491,6568.465400805782,1249.226281454291
Jeimer Candelario,2021,2022,626,467,57.750584045711534,47.20468784943427,-10.545896196277262,51.283913128241565,48.30454521636498,-2.9793679118765866,47.54432846862063,41.29724122015303,-6.247087248467594,51.72284258697396,45.48076510578896,-6.2420774811849995,52.720793143863936,41.56485669988885,-11.155936443975087,3.865837794016633,0.0264463212604165,-3.8393914727562164,118.85531833679906,79.5591007999727,-39.29621753682636,0.794884736,0.633253969,-0.161630767,6481.730170402995,4758.008847833357,-1723.7213225696378
Jeimer Candelario,2022,2023,467,576,47.20468784943427,52.05808241127559,4.85339456184132,48.30454521636498,53.69734506211872,5.392799845753743,41.29724122015303,54.14297183828009,12.845730618127057,45.48076510578896,50.97977799235348,5.499012886564522,41.56485669988885,51.52203014673771,9.957173446848863,0.0264463212604165,3.183913295999022,3.1574669747386057,79.5591007999727,117.63559184518832,38.07649104521562,0.633253969,0.806939301,0.17368533200000003,4758.008847833357,6548.799744141519,1790.7908963081618
Jeimer Candelario,2023,2024,576,463,52.05808241127559,43.40312500038412,-8.65495741089147,53.69734506211872,50.94113355044988,-2.7562115116688446,54.14297183828009,41.696825302463886,-12.446146535816204,50.97977799235348,36.19268182422612,-14.787096168127363,51.52203014673771,40.050830137986765,-11.471200008750948,3.183913295999022,-0.2534201458656823,-3.4373334418647046,117.63559184518832,88.89632507207074,-28.739266773117578,0.806939301,0.707189138,-0.09975016299999995,6548.799744141519,4295.012124728599,-2253.7876194129203
Jeremy Peña,2022,2023,558,634,47.00628348286491,51.89509038201311,4.8888068991482,54.28747775076872,44.2001882346545,-10.087289516114225,60.84417294589453,50.02953758937231,-10.814635356522217,62.12400259200731,57.44705281802026,-4.676949773987047,33.86160695689452,40.70652438263918,6.844917425744661,3.310234574226422,2.717773238191648,-0.5924613360347739,102.47283535760988,96.13720401758786,-6.335631340022019,0.71491231,0.705092018,-0.009820292000000008,6338.8580961164025,5625.535362068124,-713.3227340482781
Jeremy Peña,2023,2024,634,650,51.89509038201311,56.77867999018427,4.883589608171164,44.2001882346545,46.95857431690316,2.7583860822486628,50.02953758937231,61.945554363905856,11.916016774533546,57.44705281802026,49.38460207537058,-8.06245074264968,40.70652438263918,34.67976608547908,-6.0267582971601,2.717773238191648,2.749632252881856,0.03185901469020802,96.13720401758786,99.16227710219016,3.0250730846022975,0.705092018,0.701261122,-0.0038308959999999725,5625.535362068124,5856.603708495666,231.06834642754166
Jeremy Peña,2024,2025,650,543,56.77867999018427,58.3933712077372,1.6146912175529238,46.95857431690316,53.16443646758912,6.2058621506859595,61.945554363905856,64.50575841097074,2.560204047064886,49.38460207537058,63.5705280313132,14.185925955942622,34.67976608547908,41.98078987479475,7.301023789315671,2.749632252881856,5.713527144535203,2.9638948916533474,99.16227710219016,135.11462301057807,35.95234590838791,0.701261122,0.840142061,0.13888093899999998,5856.603708495666,7491.790268290537,1635.1865597948708
Jesse Winker,2021,2022,485,547,67.45494421440449,55.52082108472725,-11.93412312967724,64.1566421965263,46.19841365651806,-17.958228540008243,31.33066793884487,29.89267438562619,-1.4379935532186785,37.00797652947279,35.4660298877819,-1.5419466416908918,60.822255459930034,73.7122905771468,12.890035117216769,3.2341332337709163,0.7520224329287015,-2.482110800842215,148.14240397094358,109.77923153718498,-38.36317243375859,0.949369987,0.687991115,-0.261378872,6586.498273118251,5569.858529556545,-1016.6397435617055
Jesse Winker,2022,2023,547,197,55.52082108472725,46.309664716766974,-9.211156367960278,46.19841365651806,35.86387425217297,-10.334539404345094,29.89267438562619,38.40395554820454,8.511281162578353,35.4660298877819,46.96508279373621,11.499052905954308,73.7122905771468,61.42520180958647,-12.287088767560334,0.7520224329287015,-0.776869315499857,-1.5288917484285585,109.77923153718498,66.52691446479517,-43.252317072389815,0.687991115,0.566784905,-0.12120620999999998,5569.858529556545,5026.915623995373,-542.9429055611727
Jesse Winker,2023,2024,197,508,46.309664716766974,57.03072784250851,10.721063125741537,35.86387425217297,49.84272875724524,13.97885450507227,38.40395554820454,44.41684564587118,6.012890097666634,46.96508279373621,38.92454649916349,-8.040536294572718,61.42520180958647,66.8842027382675,5.459000928681036,-0.776869315499857,1.378987365639808,2.155856681139665,66.52691446479517,117.67612396301912,51.149209498223954,0.566784905,0.764334956,0.197550051,5026.915623995373,6278.504914710771,1251.5892907153984
Jesús Aguilar,2021,2022,510,507,54.74959588087469,48.49393306275863,-6.255662818116065,53.3510367508952,47.02950888417355,-6.321527866721645,35.46525717037619,34.18377062846504,-1.2814865419111499,46.69378367788174,44.36401530604435,-2.329768371837389,53.556420568850186,41.41608786389241,-12.140332704957778,1.3134656280665884,-0.7192404131385661,-2.0327060412051545,107.42433740010178,82.02011227785921,-25.404225122242565,0.787510198,0.660747469,-0.12676272899999996,5659.740793448174,4398.937907091129,-1260.8028863570453
Jesús Aguilar,2022,2023,507,115,48.49393306275863,44.9650942665047,-3.528838796253929,47.02950888417355,45.36375503553071,-1.6657538486428436,34.18377062846504,38.77872238157335,4.594951753108312,44.36401530604435,48.27037285767009,3.9063575516257387,41.41608786389241,45.96541828179228,4.549330417899874,-0.7192404131385661,-0.3187030217630642,0.4005373913755019,82.02011227785921,79.834865982818,-2.1852462950412104,0.660747469,0.665317138,0.004569668999999998,4398.937907091129,4734.551745185305,335.61383809417566
Jesús Sánchez,2021,2022,251,343,44.55712728668933,43.11690570591961,-1.440221580769716,62.02201759496268,57.85313669401135,-4.168880900951336,38.36816077924985,48.54071868483922,10.172557905589372,51.33438303052792,46.3563719304168,-4.978011100111118,43.88680429361425,46.84185100222922,2.9550467086149723,0.9482215733630808,0.5022492156850513,-0.44597235767802945,110.89143523786392,88.28214320025539,-22.609292037608526,0.807711883,0.682439291,-0.12527259199999996,5383.536955892237,5584.578480830031,201.04152493779475
Jesús Sánchez,2022,2023,343,402,43.11690570591961,48.11868587069863,5.001780164779014,57.85313669401135,61.28012879274032,3.4269920987289737,48.54071868483922,48.25102669443263,-0.2896919904065882,46.3563719304168,49.400131629331,3.043759698914201,46.84185100222922,48.66725394442633,1.8254029421971083,0.5022492156850513,1.397777689700208,0.8955284740151568,88.28214320025539,107.81116025860972,19.529017058354327,0.682439291,0.776683291,0.094244,5584.578480830031,6198.571961414669,613.9934805846378
Jesús Sánchez,2023,2024,402,537,48.11868587069863,46.80813287790178,-1.3105529927968504,61.28012879274032,64.36238174694002,3.0822529541996957,48.25102669443263,52.81501947935303,4.563992784920401,49.400131629331,50.893598000895615,1.4934663715646153,48.66725394442633,40.91635759103208,-7.750896353394246,1.397777689700208,1.6089530322880392,0.2111753425878311,107.81116025860972,101.40871327945555,-6.402446979154163,0.776683291,0.730610749,-0.046072541999999994,6198.571961414669,6228.245004251596,29.67304283692647
Jesús Sánchez,2024,2025,537,497,46.80813287790178,48.58294360891975,1.774810731017972,64.36238174694002,55.702878297688926,-8.65950344925109,52.81501947935303,55.50520293495587,2.690183455602835,50.893598000895615,50.85318540310051,-0.04041259779510398,40.91635759103208,48.42798177317241,7.511624182140331,1.6089530322880392,1.0334220205263192,-0.5755310117617201,101.40871327945555,93.36182380308922,-8.046889476366331,0.730610749,0.698501429,-0.03210932,6228.245004251596,6389.253207825077,161.0082035734813
Jhonkensy Noel,2024,2025,198,153,36.53397109661035,27.50731194377996,-9.02665915283039,63.149801864112646,53.058045720227696,-10.09175614388495,46.10848177152109,47.071216763018604,0.9627349914975127,46.18474830961034,48.52576235138787,2.3410140417775267,36.22964571012536,27.638772079137468,-8.590873630987893,0.6165735638375042,-1.0587112062696202,-1.6752847701071243,117.70683540533226,28.060262398607748,-89.64657300672451,0.773912306,0.480303832,-0.29360847400000006,4919.450651172934,3967.1508318188153,-952.2998193541189
Ji Man Choi,2021,2022,305,419,43.2470761536918,43.28097217088335,0.033896017191551664,56.89932232863153,58.48687061359836,1.5875482849668359,44.03333695492097,31.220262273698527,-12.813074681222442,44.90123755156687,48.98395117073141,4.082713619164537,64.51229735037373,66.75708229709885,2.244784946725119,1.0939753605124012,1.0328308690053245,-0.06114449150707668,116.67854437521945,114.21542734470462,-2.463117030514823,0.758393696,0.728929231,-0.029464464999999995,6005.920904615309,5728.200531238439,-277.72037337687016
Ji Man Choi,2022,2023,419,117,43.28097217088335,41.70493121280975,-1.5760409580736052,58.48687061359836,63.662965004065605,5.176094390467242,31.220262273698527,45.9531139519577,14.73285167825917,48.98395117073141,47.424422747489466,-1.559528423241943,66.75708229709885,49.9911201292574,-16.765962167841444,1.0328308690053245,-0.4849659658396111,-1.5177968348449355,114.21542734470462,64.24898907252081,-49.96643827218381,0.728929231,0.623931623,-0.10499760799999991,5728.200531238439,5808.837884781156,80.63735354271739
Jo Adell,2021,2022,140,285,47.24719367204967,32.22650663490994,-15.02068703713973,48.23540626206632,51.30192975249758,3.0665234904312584,52.1555592174743,53.0984289672739,0.9428697497995984,50.11551478974587,46.46778169577645,-3.6477330939694212,39.4800425777741,37.71880050688593,-1.7612420708881729,0.1472700303836707,-0.222655608593978,-0.36992563897764874,89.16609333398272,77.20437051687746,-11.961722817105255,0.702656335,0.637218835,-0.06543750000000004,5350.843085321346,4666.337027811492,-684.5060575098541
Jo Adell,2024,2025,451,573,39.96827782992097,46.18477093840491,6.216493108483938,59.731379410198336,69.02503232252411,9.293652912325776,43.74964536238178,48.8461735400342,5.096528177652424,45.46134828402482,23.2083469558344,-22.25300132819042,45.61806794102161,39.65210817091048,-5.965959770111127,0.1134411171285649,1.224196362781221,1.110755245652656,90.99817829772508,112.44059254643317,21.44241424870809,0.682469135,0.77777333,0.09530419500000009,5176.904664779553,4966.767294884076,-210.1373698954767
Joc Pederson,2021,2022,481,433,48.74269979044615,56.40873085133799,7.666031060891839,56.91524497703933,70.04245998778624,13.127215010746916,43.13348755689972,49.122581615895406,5.989094058995683,37.41882738510061,30.47110961000869,-6.947717775091924,45.81858199140387,54.668534653797,8.849952662393136,0.3482738645163877,2.3558453758085465,2.007571511292159,95.88059946952878,144.4071687835912,48.52656931406243,0.73168273,0.87440136,0.14271863000000007,5131.406047922667,6485.295217594202,1353.8891696715345
Joc Pederson,2022,2023,433,425,56.40873085133799,52.78130177436675,-3.6274290769712394,70.04245998778624,61.562309210474616,-8.480150777311628,49.122581615895406,48.79146612371657,-0.3311154921788386,30.47110961000869,39.485443221577526,9.014333611568837,54.668534653797,61.05207371528774,6.383539061490737,2.3558453758085465,0.7396812900610328,-1.6161640857475137,144.4071687835912,109.44796437191486,-34.95920441167634,0.87440136,0.764436411,-0.10996494899999998,6485.295217594202,6568.321052617827,83.0258350236254
Joc Pederson,2023,2024,425,449,52.78130177436675,56.12342453464124,3.342122760274485,61.562309210474616,67.3841174243575,5.821808213882882,48.79146612371657,42.1920972397982,-6.599368883918366,39.485443221577526,41.85139237805506,2.3659491564775337,61.05207371528774,60.39876956521826,-0.6533041500694807,0.7396812900610328,2.9899916912795543,2.2503104012185213,109.44796437191486,151.6172958443576,42.16933147244275,0.764436411,0.907762899,0.14332648799999992,6568.321052617827,6803.9824640355855,235.66141141775825
Joc Pederson,2024,2025,449,306,56.12342453464124,45.58295868554579,-10.540465849095447,67.3841174243575,52.20905889193885,-15.175058532418646,42.1920972397982,48.01599304012667,5.823895800328472,41.85139237805506,44.7525831726901,2.901190794635042,60.39876956521826,58.18811318093741,-2.2106563842808526,2.9899916912795543,-0.7816602376758854,-3.77165192895544,151.6172958443576,76.2780592995955,-75.33923654476212,0.907762899,0.613547787,-0.29421511199999995,6803.9824640355855,5845.196981674852,-958.7854823607331
Joey Bart,2024,2025,282,332,51.275339685642585,45.803906473178856,-5.4714332124637295,56.55646055478551,47.84862677357681,-8.707833781208699,43.593861030792326,41.13051697533047,-2.463344055461853,43.07840542211874,51.81238421174592,8.73397878962718,52.11975995514593,61.30462538958309,9.184865434437157,1.3271394809095791,1.3218509390859547,-0.005288541823624371,121.06134562344148,100.60660335849975,-20.45474226494173,0.799330024,0.695772563,-0.10355746099999996,5782.953725360287,5837.153622409036,54.199897048749335
Joey Gallo,2021,2022,616,410,29.277161250035174,20.437224082739696,-8.839937167295478,68.08230335277803,62.65121488030359,-5.4310884724744355,59.70097548709357,47.80325781810819,-11.89771766898538,66.15442585612755,47.23839351417687,-18.916032341950675,71.84186454126498,56.92354579284438,-14.918318748420603,4.421576045967602,0.028150816864057,-4.393425229103545,122.55962644377595,84.48351188063289,-38.076114563143065,0.808480675,0.637630661,-0.170850014,8018.977295906702,4938.75770194125,-3080.219593965452
Joey Gallo,2022,2023,410,332,20.437224082739696,20.0,-0.4372240827396965,62.65121488030359,69.14977825329731,6.498563372993722,47.80325781810819,49.083296823699385,1.2800390055911919,47.23839351417687,47.11784057633862,-0.12055293783824794,56.92354579284438,56.6063926081834,-0.31715318466098097,0.028150816864057,0.7429557566068121,0.7148049397427552,84.48351188063289,101.68934042598516,17.205828545352276,0.637630661,0.740921131,0.10329047000000002,4938.75770194125,5178.071163532292,239.31346159104214
Joey Gallo,2023,2024,332,260,20.0,24.45280942127681,4.452809421276811,69.14977825329731,54.602298883917406,-14.547479369379907,49.083296823699385,44.23605586867024,-4.847240955029143,47.11784057633862,52.5520150299074,5.4341744535687795,56.6063926081834,57.93918745081855,1.3327948426351526,0.7429557566068121,-0.1909871035298669,-0.933942860136679,101.68934042598516,75.04192074487909,-26.647419681106072,0.740921131,0.613245945,-0.12767518600000005,5178.071163532292,5010.575054924577,-167.49610860771554
Joey Loperfido,2024,2025,262,104,32.74239590610602,50.31308695419224,17.570691048086218,45.06009364015833,48.38158854729004,3.321494907131715,51.85407599807668,43.68043345750578,-8.173642540570903,53.451323836231246,48.85185675450958,-4.599467081721663,38.12991171125164,40.15647119643221,2.02655948518057,0.0568072167740762,0.7286995789503469,0.6718923621762707,73.41310217147075,147.7699833600577,74.35688118858694,0.614162054,0.878640776,0.264478722,4693.536605664254,5070.814751509765,377.27814584551106
Joey Meneses,2022,2023,240,657,59.62301408471737,56.71801921228238,-2.9049948724349903,65.12035717648504,47.742172429239474,-17.37818474724557,45.0023169336557,33.325490260706545,-11.676826672949154,42.71291801258378,37.28123394144977,-5.431684071134008,46.9170530035344,44.485280091102375,-2.4317729124320238,1.7367709831187423,-0.2796886049726284,-2.0164595880913705,157.7948656560645,96.09895107270194,-61.695914583362566,0.929729729,0.722138769,-0.20759096,6437.092668436017,4623.500033944709,-1813.5926344913087
Joey Meneses,2023,2024,657,313,56.71801921228238,50.24420096357533,-6.4738182487070475,47.742172429239474,44.59456387374355,-3.1476085554959212,33.325490260706545,46.79123624650756,13.465745985801014,37.28123394144977,44.000226296303225,6.718992354853455,44.485280091102375,44.13607333382966,-0.349206757272718,-0.2796886049726284,-0.9976156426958448,-0.7179270377232164,96.09895107270194,66.94950147880108,-29.149449593900854,0.722138769,0.593225927,-0.12891284199999997,4623.500033944709,5014.757875252426,391.2578413077172
Joey Ortiz,2024,2025,511,506,58.17652414544114,59.20348611598609,1.0269619705449458,48.38067463734785,36.40715926377044,-11.973515373577413,49.328047495776936,58.565094657180495,9.23704716140356,68.18394861532329,68.71474030747791,0.5307916921546223,64.84625705488263,45.43223885983924,-19.41401819504339,3.186932693005233,1.3616286536253466,-1.8253040393798863,104.64613241625626,66.60611864537773,-38.04001377087853,0.726467429,0.593021276,-0.13344615300000007,7969.153846068631,6716.131040540957,-1253.0228055276739
Joey Votto,2021,2022,533,376,52.78472321582799,42.612227600446,-10.17249561538199,73.41937128944,54.73571224925429,-18.683659040185702,43.181316805896046,33.89238239178359,-9.288934414112454,45.06823292211729,33.76882471206923,-11.299408210048057,65.267927893712,58.08287156139056,-7.185056332321437,3.5214301356504847,-0.8146528011000314,-4.3360829367505165,140.32996458469697,92.45215553229448,-47.87780905240248,0.937734521,0.688714153,-0.24902036799999994,7312.926369638739,4645.184041969324,-2667.7423276694144
Joey Votto,2022,2023,376,242,42.612227600446,38.40222400805387,-4.210003592392127,54.73571224925429,57.202600149191504,2.4668878999372126,33.89238239178359,42.25614244270535,8.363760050921755,33.76882471206923,44.02262596705684,10.253801254987607,58.08287156139056,55.01051751412255,-3.072354047268014,-0.8146528011000314,0.06655328405695,0.8812060851569814,92.45215553229448,98.75462215538036,6.302466623085877,0.688714153,0.746741893,0.058027739999999994,4645.184041969324,5234.771177569113,589.5871355997888
Joey Wendle,2021,2022,501,371,52.71795457613984,62.047545873933885,9.329591297794046,45.36565362545191,40.84361021228236,-4.5220434131695555,52.87034734093443,54.38469048699493,1.5143431460604972,64.6674663959472,56.152502230926544,-8.514964165020658,41.8432069691338,37.223098358541,-4.620108610592801,3.081080156234707,1.0694896325731438,-2.011590523661563,104.97703751484642,82.01721310071308,-22.959824414133337,0.741100407,0.657527844,-0.08357256300000004,6239.337897317671,5805.782208393527,-433.5556889241443
Joey Wendle,2022,2023,371,318,62.047545873933885,48.89967824667254,-13.147867627261341,40.84361021228236,39.82317098210217,-1.0204392301801875,54.38469048699493,58.858465314709,4.473774827714074,56.152502230926544,48.57760814650806,-7.5748940844184816,37.223098358541,41.05665342763557,3.8335550690945652,1.0694896325731438,-0.7575612207668874,-1.8270508533400311,82.01721310071308,46.06306781695067,-35.95414528376241,0.657527844,0.554016353,-0.10351149100000001,5805.782208393527,5303.360095752492,-502.4221126410348
Johan Rojas,2023,2024,164,363,50.52126074937157,52.469104194217685,1.9478434448461144,39.62427517958003,37.30793582031161,-2.3163393592684187,66.87058159764432,69.40863917546172,2.5380575778173977,55.986745771733936,64.02232027289159,8.035574501157654,35.760860529949966,40.6445114853108,4.883650955360835,1.384828801245204,1.1067602204791147,-0.2780685807660892,108.3951127805677,66.48685072161118,-41.908262058956524,0.771302352,0.601358446,-0.16994390599999998,5803.466164405941,6526.837521050477,723.3713566445367
Johan Rojas,2024,2025,363,172,52.469104194217685,48.62286332947404,-3.846240864743642,37.30793582031161,41.343208579509096,4.035272759197483,69.40863917546172,64.22714930041502,-5.181489875046694,64.02232027289159,59.06074449004792,-4.961575782843674,40.6445114853108,44.24512963719125,3.6006181518804468,1.1067602204791147,0.4351151745422845,-0.6716450459368302,66.48685072161118,57.91921830702282,-8.56763241458836,0.601358446,0.569235588,-0.03212285800000003,6526.837521050477,6288.0813725232,-238.75614852727722
Jon Berti,2021,2022,271,404,51.446150889724976,52.87118224600526,1.4250313562802859,41.60729813954071,43.67313814362412,2.0658400040834124,61.23956478476892,80.0,18.760435215231077,50.86910473818759,56.415386215359824,5.546281477172236,61.26121472282829,59.58630609128008,-1.6749086315482131,0.2347610442137813,2.1667175439398227,1.9319564997260414,73.93042099603917,88.42127877735012,14.49085778131095,0.624415832,0.662246251,0.03783041900000006,6691.49424646734,8002.244363539027,1310.7501170716869
Jon Berti,2022,2023,404,424,52.87118224600526,64.35809846999062,11.48691622398536,43.67313814362412,41.75528233267767,-1.917855810946449,80.0,58.3741639793291,-21.625836020670903,56.415386215359824,56.49920044514161,0.08381422978178676,59.58630609128008,52.66784495400863,-6.91846113727145,2.1667175439398227,2.196637459373972,0.029919915434149402,88.42127877735012,101.87473749157144,13.453458714221313,0.662246251,0.74824107,0.08599481899999994,8002.244363539027,7032.162925739456,-970.0814377995712
Jon Singleton,2023,2024,105,405,47.51981822194061,44.452055951391465,-3.067762270549146,45.123155697298735,53.35669041827951,8.233534720980778,44.39845661630194,33.499207944425855,-10.899248671876087,49.59174362670253,37.00473990938278,-12.587003717319753,57.90978187515228,62.50464459726444,4.594862722112161,-0.5147982270802722,-0.1116406045448664,0.4031576225354058,50.86518776226176,103.95487914254254,53.089691380280776,0.530402929,0.706903146,0.17650021700000007,5693.570626264904,4988.424104092684,-705.1465221722201
Jonah Bride,2022,2023,187,106,55.2841529939828,54.189237213550825,-1.0949157804319753,37.350147817171845,38.51598983090578,1.1658420137339363,46.40885201135156,41.56565741309571,-4.843194598255856,51.043911789752215,53.18038969525053,2.1364779054983174,63.66982090027812,60.74746395905591,-2.922356941222212,-0.0592920247877867,-0.3199003196047847,-0.260608294816998,68.18337747497924,48.94996066644151,-19.233416808537726,0.547988848,0.490259739,-0.057729109,6151.921895281853,5906.5388472729865,-245.38304800886635
Jonah Bride,2023,2024,106,272,54.189237213550825,58.89239242772602,4.703155214175197,38.51598983090578,48.30469301745584,9.788703186550059,41.56565741309571,39.07013945009946,-2.495517962996246,53.18038969525053,46.51641048800549,-6.663979207245042,60.74746395905591,64.45344395369892,3.705979994643016,-0.3199003196047847,1.064939574906186,1.3848398945109708,48.94996066644151,124.39049825938962,75.4405375929481,0.490259739,0.817824543,0.32756480399999993,5906.5388472729865,6345.169963037797,438.6311157648106
Jonah Bride,2024,2025,272,125,58.89239242772602,41.72304567164946,-17.169346756076564,48.30469301745584,33.01416243476303,-15.29053058269281,39.07013945009946,42.988037651590304,3.917898201490843,46.51641048800549,53.94174587095793,7.42533538295244,64.45344395369892,58.20246661111913,-6.2509773425797945,1.064939574906186,-0.6920509362251193,-1.7569905111313053,124.39049825938962,23.09693540013892,-101.2935628592507,0.817824543,0.4355,-0.38232454299999996,6345.169963037797,5080.278614245673,-1264.8913487921236
Jonah Heim,2021,2022,285,450,50.27247448912245,52.33750131308211,2.0650268239596556,45.40995413836733,53.24413799114912,7.834183852781784,47.6053164810128,42.53005785342896,-5.0752586275838425,66.10598598591176,69.68564785554334,3.579661869631579,43.08023728372586,51.2086822758977,8.128444992171843,0.736420561263951,2.7436359446287444,2.0072153833647937,59.3796294541419,98.50094912901878,39.12131967487688,0.597927185,0.696792555,0.09886537000000006,5994.145003344429,6782.707164020556,788.562160676127
Jonah Heim,2022,2023,450,501,52.33750131308211,55.83015058116613,3.4926492680840227,53.24413799114912,51.3038951088306,-1.9402428823185147,42.53005785342896,48.07438850590147,5.54433065247251,69.68564785554334,77.77365431825388,8.088006462710538,51.2086822758977,46.27597845700429,-4.932703818893408,2.7436359446287444,4.048814452853591,1.3051785082248468,98.50094912901878,106.86804703560108,8.367097906582302,0.696792555,0.75500203,0.058209474999999955,6782.707164020556,7252.887880124563,470.18071610400693
Jonah Heim,2023,2024,501,491,55.83015058116613,52.6866376043794,-3.143512976786731,51.3038951088306,44.88527744859346,-6.418617660237139,48.07438850590147,40.36705481996936,-7.707333685932106,77.77365431825388,46.37842817076367,-31.395226147490206,46.27597845700429,38.94808779862477,-7.327890658379523,4.048814452853591,-0.0593391996597837,-4.108153652513375,106.86804703560108,71.97443742576449,-34.89360960983659,0.75500203,0.602314425,-0.152687605,7252.887880124563,4711.1993211550525,-2541.6885589695103
Jonah Heim,2024,2025,491,433,52.6866376043794,47.41644577619715,-5.270191828182249,44.88527744859346,43.35335564049029,-1.5319218081031707,40.36705481996936,43.52487299925532,3.157818179285961,46.37842817076367,45.493257645490246,-0.8851705252734234,38.94808779862477,47.09731497137763,8.149227172752859,-0.0593391996597837,-0.4809683289438891,-0.4216291292841054,71.97443742576449,69.08806935847792,-2.8863680672865684,0.602314425,0.602478902,0.0001644769999999962,4711.1993211550525,4897.226417258595,186.02709610354214
Jonathan Aranda,2023,2024,103,143,42.74948253655722,54.13240125686428,11.38291872030706,47.32276984843508,60.43551698428976,13.112747135854683,49.03447008690375,45.96454198238693,-3.069928104516819,48.530698632290346,50.33794993643001,1.8072513041396618,54.53070786067919,52.597911665072665,-1.932796195606528,0.1078810733052888,0.3945601258092536,0.2866790525039648,101.06883256002212,113.02304384263526,11.954211282613144,0.707621916,0.737379807,0.029757891000000036,5564.023404372035,6589.915125146366,1025.8917207743316
Jonathan Aranda,2024,2025,143,422,54.13240125686428,59.97589958433636,5.8434983274720835,60.43551698428976,61.74777274663992,1.312255762350155,45.96454198238693,32.61339110863516,-13.35115087375177,50.33794993643001,47.73365037893814,-2.6042995574918706,52.597911665072665,50.87057045992627,-1.727341205146395,0.3945601258092536,2.5363418909283864,2.141781765119133,113.02304384263526,146.04677466089927,33.02373081826401,0.737379807,0.882554117,0.14517430999999992,6589.915125146366,6064.499820326931,-525.4153048194357
Jonathan India,2021,2022,631,431,55.98576433532956,54.82304980948355,-1.1627145258460132,52.450543687514646,43.74614701161184,-8.704396675902807,52.82073262400999,41.61598142245106,-11.204751201558935,39.80324120492341,37.03819853158037,-2.7650426733430393,63.6317798997494,55.27335905634669,-8.358420843402705,3.406481349624528,0.2424015032826121,-3.1640798463419157,121.7039570420598,95.32619093159354,-26.377766110466254,0.834837092,0.705384512,-0.12945258000000004,6612.040299846232,5153.631073485392,-1458.40922636084
Jonathan India,2022,2023,431,529,54.82304980948355,55.588993662031626,0.7659438525480766,43.74614701161184,50.85973683841018,7.113589826798339,41.61598142245106,58.37928989681716,16.763308474366106,37.03819853158037,42.46113268591825,5.422934154337881,55.27335905634669,63.62923579575613,8.355876739409439,0.2424015032826121,1.5758806541250878,1.3334791508424757,95.32619093159354,99.85815246551424,4.531961533920693,0.705384512,0.745863277,0.04047876500000003,5153.631073485392,6901.865782129708,1748.234708644316
Jonathan India,2023,2024,529,637,55.588993662031626,60.42388902787389,4.834895365842264,50.85973683841018,48.11008925487096,-2.749647583539222,58.37928989681716,54.31396342799506,-4.0653264688221,42.46113268591825,50.93197834126358,8.470845655345329,63.62923579575613,72.49793708024228,8.86870128448615,1.5758806541250878,2.917036725276182,1.3411560711510944,99.85815246551424,108.98253900584912,9.124386540334882,0.745863277,0.749600389,0.0037371120000000424,6901.865782129708,7779.3743895088755,877.5086073791672
Jonathan India,2024,2025,637,567,60.42388902787389,56.190192391288505,-4.233696636585385,48.11008925487096,42.79836446838901,-5.311724786481946,54.31396342799506,35.98407560155376,-18.3298878264413,50.93197834126358,32.49668457779279,-18.43529376347079,72.49793708024228,62.96656168284322,-9.53137539739906,2.917036725276182,-0.2526971855896608,-3.169733910865843,108.98253900584912,88.67280581244086,-20.309733193408263,0.749600389,0.669398012,-0.08020237699999999,7779.3743895088755,5087.476531881471,-2691.897857627405
Jonathan Schoop,2021,2022,674,510,56.17795521601148,44.53001083011242,-11.647944385899066,53.23587238556681,45.22617939356658,-8.009692992000225,46.40990033917013,52.57294973808774,6.1630493989176145,50.36585013295185,80.0,29.63414986704815,37.02524346770532,33.626368170034546,-3.3988752976707772,2.1667885223877583,1.266426275860809,-0.9003622465269494,105.0877062738325,57.1372337575627,-47.9504725162698,0.755466751,0.561461008,-0.19400574300000006,5584.431914965536,6079.5925859365325,495.16067097099676
Jonathan Schoop,2022,2023,510,151,44.53001083011242,43.070671564611466,-1.459339265500951,45.22617939356658,42.04802348487777,-3.178155908688815,52.57294973808774,47.19518695137267,-5.377762786715074,80.0,51.35134894895941,-28.648651051040588,33.626368170034546,45.430680073824405,11.80431190378986,1.266426275860809,-0.3260740001430761,-1.5925002760038849,57.1372337575627,52.97660006009921,-4.1606336974634885,0.561461008,0.550204518,-0.011256489999999952,6079.5925859365325,4997.18098103963,-1082.4116048969026
Jonathan Villar,2021,2022,505,220,45.51779509938096,39.428466213502624,-6.089328885878338,51.98117428550712,45.73048784293505,-6.250686442572075,55.86809849693688,64.51346388592151,8.64536538898463,48.88822570683932,30.951801166819124,-17.936424540020198,47.86675463598346,45.53146404031118,-2.3352905956722836,1.9542668091377733,-1.212242704309506,-3.1665095134472794,103.08441889751062,59.468253115353015,-43.6161657821576,0.738367153,0.56225417,-0.176112983,5953.784910063479,4733.712472718163,-1220.0724373453168
Jordan Beck,2024,2025,184,588,34.54177529907911,43.59048774820151,9.048712449122398,43.21115459853509,51.4001915002953,8.189036901760211,54.78421147001445,51.718846269659984,-3.0653652003544636,48.893327164867046,50.27847946580171,1.3851523009346636,40.106140754331314,48.01601276595586,7.909872011624543,-0.9871223167266668,0.8716846068414539,1.8588069235681206,31.407122967493336,90.44762839813002,59.040505430636685,0.521035805,0.732449832,0.211414027,4700.464331588686,5709.41885583218,1008.9545242434942
Jordan Luplow,2021,2022,193,234,39.17695000830523,40.09430315486106,0.9173531465558256,51.55621718413568,49.51052080397909,-2.045696380156592,39.578884969426056,52.15016841955884,12.571283450132782,44.48325512731005,56.82007191904923,12.336816791739174,61.27710241269965,55.46222841402136,-5.814873998678287,0.5836828359728682,0.4381329739514665,-0.1455498620214017,117.39295727915606,77.71874763215015,-39.67420964700591,0.7804126,0.634479882,-0.14593271799999996,5205.800682127556,6136.851642686389,931.0509605588331
Jordan Walker,2023,2024,465,178,50.83918278047634,38.62409173050705,-12.215091049969296,54.89627861015004,55.7000675355693,0.8037889254192621,46.81829069640148,50.55520860238396,3.73691790598248,30.760126030247577,40.93537531846374,10.175249288216165,44.16860515518309,42.96883910532957,-1.1997660498535154,1.032047957554449,-0.6492523261999594,-1.6813002837544084,116.11536330049124,71.87652275802073,-44.23884054247051,0.787173578,0.618662646,-0.168510932,4948.012304496695,4971.822661658652,23.810357161956745
Jordan Walker,2024,2025,178,396,38.62409173050705,32.98015166928474,-5.64394006122231,55.7000675355693,53.83368831212173,-1.8663792234475736,50.55520860238396,51.75045887970316,1.1952502773191966,40.93537531846374,39.6640719939639,-1.27130332449984,42.96883910532957,43.52472072977588,0.5558816244463074,-0.6492523261999594,-1.254228284221637,-0.6049759580216776,71.87652275802073,66.00093088909124,-5.87559186892949,0.618662646,0.5835629,-0.03509974599999999,4971.822661658652,4648.676161510021,-323.14650014863037
Jordan Westburg,2023,2024,228,447,51.3395270576558,53.30864606033483,1.9691190026790295,49.66125703074947,61.02867568236921,11.367418651619744,55.165598093055344,51.02789944794049,-4.1376986451148525,54.657405341947786,45.81618970414958,-8.841215637798207,47.12083787181784,41.23361403125648,-5.8872238405613615,1.0338893474632762,2.6551390458905133,1.621249698427237,96.42816113824576,124.31990814331,27.891747005064246,0.715249661,0.792428422,0.07717876099999998,6324.074612975744,6083.29050862789,-240.78410434785383
Jordan Westburg,2024,2025,447,352,53.30864606033483,49.84366291823564,-3.464983142099193,61.02867568236921,56.95052576277713,-4.078149919592079,51.02789944794049,44.79078778742368,-6.23711166051681,45.81618970414958,54.10790813526998,8.291718431120401,41.23361403125648,42.9336380167363,1.7000239854798238,2.6551390458905133,1.8827169434687487,-0.7724221024217646,124.31990814331,114.74215389000976,-9.577754253300242,0.792428422,0.769817073,-0.022611348999999947,6083.29050862789,5837.602337850437,-245.6881707774528
Jorge Alfaro,2021,2022,311,274,38.68193325359441,34.245303160876155,-4.436630092718254,52.029490108180816,55.735614691608085,3.7061245834272682,55.32592717650219,45.94112229748541,-9.384804879016784,52.60362668268295,43.90659519065808,-8.69703149202487,26.91317978310995,26.915401879585765,0.002222096475815505,0.1354284414996265,0.383226587236416,0.24779814573678952,68.45121123219322,89.94182711645968,21.49061588426646,0.62533108,0.667484032,0.04215295199999991,4878.116356963519,4084.7153259223383,-793.4010310411809
Jorge Mateo,2021,2022,209,533,46.323476790538805,40.23836109474463,-6.0851156957941726,41.701513104168114,47.1023982994008,5.400885195232682,58.681163668531056,79.99374203398172,21.312578365450662,48.95953621811733,69.76821364272264,20.808677424605314,39.14858272472941,37.368591172732,-1.779991551997405,0.3693500458371796,2.753687904475703,2.3843378586385233,83.09517775853678,82.83248350230906,-0.2626942562277179,0.669557889,0.645587964,-0.02396992500000006,5222.275043233189,7301.751436221378,2079.476392988189
Jorge Mateo,2022,2023,533,350,40.23836109474463,45.283640094605005,5.045278999860372,47.1023982994008,45.61008542981484,-1.4923128695859589,79.99374203398172,76.4758649409584,-3.5178770930233156,69.76821364272264,50.38045427733989,-19.387759365382756,37.368591172732,43.16888346179516,5.800292289063158,2.753687904475703,0.6182396733979485,-2.1354482310777545,82.83248350230906,66.20627424583613,-16.626209256472933,0.645587964,0.607064501,-0.03852346299999998,7301.751436221378,6436.780168098226,-864.9712681231522
Jorge Mateo,2023,2024,350,208,45.283640094605005,48.77969894821219,3.496058853607188,45.61008542981484,46.69990873986866,1.0898233100538235,76.4758649409584,69.15846217903066,-7.317402761927738,50.38045427733989,49.80937181437726,-0.5710824629626288,43.16888346179516,40.66884012730584,-2.5000433344893196,0.6182396733979485,0.7604489270031256,0.1422092536051771,66.20627424583613,86.52356846832944,20.317294222493317,0.607064501,0.668031957,0.060967455999999975,6436.780168098226,6163.770688438064,-273.00947966016156
Jorge Polanco,2021,2022,644,445,60.47495776800466,53.01732012230066,-7.457637645703997,56.24451318928516,53.65662743458146,-2.5878857547036986,54.96902251812391,43.11708342566693,-11.85193909245698,44.03197552574942,39.44997613442585,-4.5819993913235635,45.69265655930549,67.47467988117178,21.78202332186629,4.009090872486433,1.7332666433413404,-2.2758242291450923,123.67908466481016,118.14573611161934,-5.5333485531908195,0.826382726,0.751400748,-0.07498197799999995,6509.356314247841,6228.667421141481,-280.6888931063595
Jorge Polanco,2022,2023,445,343,53.01732012230066,51.209473172371496,-1.8078469499291643,53.65662743458146,55.35182597593945,1.695198541357989,43.11708342566693,48.49874296562901,5.381659539962087,39.44997613442585,43.00646622192063,3.5564900874947796,67.47467988117178,53.270371899782425,-14.204307981389356,1.7332666433413404,1.343561210066382,-0.3897054332749583,118.14573611161934,115.94086077881074,-2.204875332808598,0.751400748,0.788919351,0.037518602999999984,6228.667421141481,6002.930594470694,-225.7368266707872
Jorge Polanco,2023,2024,343,469,51.209473172371496,42.20442484447373,-9.005048327897768,55.35182597593945,49.54524464032941,-5.806581335610041,48.49874296562901,43.26387340577734,-5.234869559851674,43.00646622192063,36.16317818794518,-6.843288033975455,53.270371899782425,55.18611817390344,1.9157462741210125,1.343561210066382,0.2540664039079446,-1.0894948061584375,115.94086077881074,92.57985517143484,-23.3610056073759,0.788919351,0.651291333,-0.13762801800000002,6002.930594470694,4814.205625961529,-1188.7249685091647
Jorge Polanco,2024,2025,469,524,42.20442484447373,58.96450733263349,16.76008248815976,49.54524464032941,60.13009286216726,10.584848221837852,43.26387340577734,46.28544132087604,3.0215679150987,36.16317818794518,38.52609439998176,2.3629162120365805,55.18611817390344,53.22191873777521,-1.9641994361282258,0.2540664039079446,2.635008505511774,2.380942101603829,92.57985517143484,132.0893588053727,39.50950363393787,0.651291333,0.820987729,0.16969639600000008,4814.205625961529,6324.774701579215,1510.5690756176855
Jorge Soler,2021,2022,602,306,46.58159123504272,41.26135017264158,-5.320241062401145,61.82166914720131,62.62786210237786,0.8061929551765488,27.75114841777193,41.97577954377162,14.224631125999693,28.603568352089205,49.19273230021609,20.589163948126888,58.234028622745534,54.58156048938431,-3.652468133361225,0.0367644426688795,0.3807276645348961,0.3439632218660166,99.68538774843468,93.04978728857864,-6.635600459856036,0.748668858,0.695081967,-0.053586891000000025,4644.717812243263,5808.573746298926,1163.855934055663
Jorge Soler,2022,2023,306,580,41.26135017264158,51.02004367164977,9.758693499008196,62.62786210237786,68.06718458057168,5.439322478193816,41.97577954377162,39.42332808347046,-2.552451460301164,49.19273230021609,34.19485847783702,-14.99787382237907,54.58156048938431,58.04647797513652,3.46491748575221,0.3807276645348961,1.8666601784551555,1.4859325139202595,93.04978728857864,125.72485766450929,32.675070375930645,0.695081967,0.853284071,0.158202104,5808.573746298926,5920.671926030524,112.09817973159807
Jorge Soler,2023,2024,580,574,51.02004367164977,47.58895534013692,-3.4310883315128535,68.06718458057168,61.07038943888941,-6.99679514168227,39.42332808347046,33.77590356541185,-5.647424518058607,34.19485847783702,31.200828513810727,-2.9940299640262964,58.04647797513652,59.92834207320551,1.881864098068995,1.8666601784551555,1.0638769041987948,-0.8027832742563608,125.72485766450929,119.58796962459358,-6.1368880399157035,0.853284071,0.780194171,-0.07308990000000004,5920.671926030524,5109.342335861273,-811.3295901692518
Jorge Soler,2024,2025,574,315,47.58895534013692,39.07569795540582,-8.513257384731098,61.07038943888941,54.8673233169671,-6.203066121922305,33.77590356541185,42.82916891206898,9.053265346657128,31.200828513810727,40.39991983224228,9.199091318431556,59.92834207320551,52.9794127087424,-6.948929364463112,1.0638769041987948,-0.3348874994069768,-1.3987644036057716,119.58796962459358,88.46527191800769,-31.122697706585896,0.780194171,0.680090404,-0.10010376700000001,5109.342335861273,4962.026745560731,-147.31559030054177
Jose Altuve,2021,2022,678,604,66.35186155176179,69.0676180983387,2.7157565465769125,51.39506088236334,55.21217459167219,3.817113709308849,54.63809945055335,57.09329926126226,2.455199810708912,56.50121187810336,52.61895559237077,-3.882256285732595,54.93972126293772,62.81133107950552,7.871609816567805,5.269944380887023,6.865357019941586,1.5954126390545627,128.39714090450926,164.41354359861333,36.01640269410407,0.839258547,0.920624049,0.08136550200000003,7634.567598329249,8375.528685841156,740.961087511907
Jose Altuve,2022,2023,604,410,69.0676180983387,63.360890779628896,-5.706727318709802,55.21217459167219,51.76364374262506,-3.448530849047131,57.09329926126226,54.755770682490514,-2.337528578771746,52.61895559237077,49.85916292508519,-2.7597926672855806,62.81133107950552,56.22438496673119,-6.586946112774328,6.865357019941586,4.0633315192137465,-2.802025500727839,164.41354359861333,153.92133573315135,-10.492207865461978,0.920624049,0.914905148,-0.005718901000000054,8375.528685841156,7232.762723362213,-1142.765962478943
Jose Altuve,2023,2024,410,682,63.360890779628896,62.03431723467446,-1.3265735449544351,51.76364374262506,46.63461582638989,-5.129027916235167,54.755770682490514,49.01159751449912,-5.744173167991391,49.85916292508519,39.50229998176807,-10.356862943317118,56.22438496673119,42.62046903479124,-13.603915931939952,4.0633315192137465,3.866038607890708,-0.1972929113230384,153.92133573315135,126.72242722685444,-27.198908506296917,0.914905148,0.789930327,-0.12497482100000001,7232.762723362213,5441.085940715237,-1791.6767826469768
Jose Altuve,2024,2025,682,654,62.03431723467446,58.92282548844475,-3.11149174622971,46.63461582638989,46.856178681251336,0.2215628548614461,49.01159751449912,42.872362996102666,-6.1392345183964565,39.50229998176807,38.856127414637314,-0.6461725671307548,42.62046903479124,46.481290995314666,3.860821960523424,3.866038607890708,2.1328489507842043,-1.7331896571065037,126.72242722685444,113.3783243381754,-13.344102888679032,0.789930327,0.771426487,-0.018503839999999938,5441.085940715237,5221.528291578379,-219.55764913685744
Jose F Miranda,2022,2023,483,152,55.97196661467632,50.74344130412225,-5.228525310554069,52.11925213182698,43.906676522420014,-8.212575609406969,40.76468832699651,44.61510894311449,3.8504206161179795,42.15908522354959,43.31120081145526,1.1521155879056693,42.3285156976374,44.06687121963408,1.7383555219966809,1.4001947486985682,-0.7065827479528026,-2.106777496651371,115.65385085169186,54.72465844918637,-60.929192402505485,0.750727434,0.565974795,-0.18475263899999994,5190.003784801058,4880.776754088415,-309.2270307126428
Jose F Miranda,2023,2024,152,429,50.74344130412225,60.066075018352095,9.322633714229845,43.906676522420014,49.58119011984901,5.674513597428998,44.61510894311449,36.87561340888439,-7.739495534230102,43.31120081145526,40.49907557862368,-2.8121252328315762,44.06687121963408,37.92239492857477,-6.144476291059313,-0.7065827479528026,1.0426685381559102,1.7492512861087128,54.72465844918637,113.8553131680205,59.13065471883413,0.565974795,0.763074829,0.19710003399999998,4880.776754088415,4809.294933644146,-71.48182044426903
Jose Herrera,2022,2023,124,120,41.37358857343524,49.64100630929752,8.267417735862274,28.76616999978431,29.5206362996323,0.7544662998479907,45.5725504501366,46.55061999616707,0.9780695460304685,53.63674359715034,45.37571216176568,-8.261031435384666,52.36185290544581,59.53001499144453,7.168162085998723,-0.2768900911767067,-0.513617409087222,-0.23672731791051527,30.98249760321573,55.5922678935183,24.609770290302567,0.457207207,0.553077915,0.09587070800000003,4717.4246627546245,5044.523702141078,327.0990393864531
Jose Herrera,2023,2024,120,114,49.64100630929752,49.94484842708121,0.3038421177836952,29.5206362996323,34.661438407504406,5.140802107872105,46.55061999616707,45.63231426202422,-0.9183057341428551,45.37571216176568,51.97832858864966,6.6026164268839835,59.53001499144453,54.732518367550455,-4.797496623894077,-0.513617409087222,0.1696660435322253,0.6832834526194473,55.5922678935183,70.63565489842043,15.04338700490213,0.553077915,0.609307254,0.056229338999999934,5044.523702141078,5355.991523583612,311.46782144253484
Jose Herrera,2024,2025,114,204,49.94484842708121,44.56596107582867,-5.378887351252544,34.661438407504406,30.997406915879328,-3.664031491625078,45.63231426202422,43.52094289608756,-2.1113713659366553,51.97832858864966,50.34582259061967,-1.6325059980299912,54.732518367550455,64.56007175425115,9.8275533867007,0.1696660435322253,-0.2734904561537671,-0.4431564996859924,70.63565489842043,56.7756944710274,-13.859960427393027,0.609307254,0.544010237,-0.06529701700000001,5355.991523583612,5254.147312916909,-101.84421066670347
Jose Iglesias,2021,2022,511,467,62.78967976767304,69.82510690561887,7.035427137945824,39.50922261608528,36.80990316954225,-2.6993194465430292,51.83729947174191,40.12636284784551,-11.710936623896394,56.51960437855045,53.02679146380238,-3.4928129147480647,30.439820197412494,36.645784207233,6.205964009820505,1.7789696091254927,1.3316152714805098,-0.4473543376449829,89.45274237381709,87.08973373092054,-2.3630086428965456,0.700501998,0.708033148,0.007531149999999931,5273.79843061039,5077.252963004543,-196.54546760584708
Jose Iglesias,2024,2025,291,343,70.22527211384545,56.53523420145933,-13.690037912386117,42.19771257326724,33.859767784553746,-8.337944788713493,52.42522932485805,48.19302871804148,-4.232200606816569,53.97653350167618,46.600247521944354,-7.376285979731826,36.72682822784388,49.020197524503146,12.293369296659264,2.544415616976922,-0.2307821172929026,-2.7751977342698244,136.14299757220334,73.11010681379402,-63.03289075840932,0.829591446,0.59205275,-0.237538696,5975.888074912603,5158.3419574352665,-817.5461174773363
Jose Siri,2022,2023,325,364,33.374926923639855,27.97142845222512,-5.403498471414736,46.4978951886674,62.42083107042903,15.922935881761632,73.06671550178635,64.83584152617253,-8.230873975613818,71.54280983964813,64.91918954396716,-6.623620295680965,40.11865105800497,36.89270488021215,-3.225946177792821,1.7983315849162815,2.595844038993776,0.7975124540774943,74.92302051209977,105.64747969408702,30.724459181987257,0.606562738,0.76130047,0.15473773199999996,6840.887007321103,6385.9561727537575,-454.9308345673453
Jose Siri,2023,2024,364,448,27.97142845222512,22.438992528515733,-5.532435923709386,62.42083107042903,55.317328308200544,-7.103502762228487,64.83584152617253,57.07972860045961,-7.7561129257129195,64.91918954396716,70.70846909599234,5.789279552025178,36.89270488021215,40.495975303681305,3.603270423469155,2.595844038993776,1.8157399438699,-0.7801040951238758,105.64747969408702,78.31388509339176,-27.333594600695264,0.76130047,0.620176145,-0.14112432500000005,6385.9561727537575,5804.71673315842,-581.2394395953379
Jose Trevino,2021,2022,302,353,53.859851381110985,55.61129183276431,1.7514404516533233,42.24874935431298,46.97821555669013,4.729466202377154,39.5103498262705,43.821451966234136,4.311102139963637,69.75158767339062,80.0,10.248412326609383,39.50070971475985,38.908748515231146,-0.5919611995287042,0.9602790349405996,3.8271653334415183,2.8668862985009187,62.67138902214444,89.57136147702779,26.899972454883354,0.607017543,0.671345819,0.06432827600000002,5508.245166769109,6397.450316569462,889.205149800353
Jose Trevino,2022,2023,353,168,55.61129183276431,57.38161998852213,1.7703281557578237,46.97821555669013,39.02028334784427,-7.957932208845861,43.821451966234136,43.40990348089274,-0.4115484853413989,80.0,67.53216153757552,-12.467838462424481,38.908748515231146,45.0181001826986,6.1093516674674575,3.8271653334415183,0.7445760728500825,-3.082589260591436,89.57136147702779,56.72980796763274,-32.841553509395055,0.671345819,0.569586939,-0.10175888,6397.450316569462,5938.330099794173,-459.120216775289
Jose Trevino,2023,2024,168,234,57.38161998852213,53.05540068276124,-4.326219305760894,39.02028334784427,45.75652770169555,6.7362443538512835,43.40990348089274,45.18320630622324,1.7733028253305037,67.53216153757552,69.44091355508753,1.9087520175120147,45.0181001826986,56.75512841065015,11.737028227951548,0.7445760728500825,1.663398015327039,0.9188219424769564,56.72980796763274,84.7173064811377,27.98749851350496,0.569586939,0.641620633,0.07203369400000004,5938.330099794173,6935.539087144142,997.208987349969
Jose Trevino,2024,2025,234,302,53.05540068276124,58.3962707234197,5.340870040658459,45.75652770169555,42.11867602140912,-3.637851680286431,45.18320630622324,40.577756941988525,-4.605449364234715,69.44091355508753,58.55988487372871,-10.88102868135882,56.75512841065015,45.90927034173056,-10.84585806891959,1.663398015327039,0.3087365690690279,-1.354661446258011,84.7173064811377,66.1954285141201,-18.521877967017602,0.641620633,0.623489078,-0.018131555000000077,6935.539087144142,5665.565186994992,-1269.9739001491507
Josh Bell,2021,2022,568,647,57.4013171925756,62.155774582684025,4.754457390108428,65.10751158131418,53.54103965485752,-11.566471926456664,32.146521684877655,32.9287522895734,0.7822306046957479,46.4737789613487,37.30523927740083,-9.16853968394787,59.50348191930456,65.57392443281724,6.070442513512674,2.1597359997147407,2.106642094461339,-0.05309390525340163,119.2290945758828,123.72685930790932,4.497764732026525,0.822734599,0.783902691,-0.038831908000000026,6422.074371525576,6106.443064692716,-315.63130683286
Josh Bell,2022,2023,647,617,62.155774582684025,52.82317073296156,-9.332603849722467,53.54103965485752,56.18928824875872,2.648248593901201,32.9287522895734,29.77997159356096,-3.1487806960124445,37.30523927740083,38.476654364570855,1.1714150871700255,65.57392443281724,53.649131885408856,-11.92479254740838,2.106642094461339,0.4178768648396511,-1.688765229621688,123.72685930790932,103.68582736228824,-20.041031945621086,0.783902691,0.743850418,-0.04005227300000003,6106.443064692716,5081.2105085105295,-1025.2325561821863
Josh Bell,2023,2024,617,603,52.82317073296156,51.76054524199753,-1.062625490964031,56.18928824875872,52.13124366215285,-4.058044586605874,29.77997159356096,32.82860072504906,3.0486291314880987,38.476654364570855,31.38536922159501,-7.0912851429758454,53.649131885408856,51.26930923239185,-2.3798226530170083,0.4178768648396511,-0.0776586977795821,-0.4955355626192332,103.68582736228824,101.48972844108862,-2.1960989211996207,0.743850418,0.724602453,-0.019247964999999922,5081.2105085105295,4614.007289438627,-467.2032190719028
Josh Bell,2024,2025,603,533,51.76054524199753,55.115817239131545,3.355271997134018,52.13124366215285,58.19510059290239,6.0638569307495445,32.82860072504906,32.028202715968604,-0.8003980090804532,31.38536922159501,36.42405934000466,5.038690118409651,51.26930923239185,57.93172675420061,6.662417521808763,-0.0776586977795821,0.0638407118576147,0.14149940963719682,101.48972844108862,107.47600471492412,5.9862762738355,0.724602453,0.741244527,0.01664207399999995,4614.007289438627,5488.07889370146,874.0716042628337
Josh Donaldson,2021,2022,543,546,52.45720911113742,38.965847653094286,-13.491361458043137,67.96560566992923,54.61462871351336,-13.35097695641587,40.89456195572322,33.415907244603844,-7.4786547111193755,51.17259378865944,59.24739740673817,8.074803618078732,63.49239977824591,52.69908545439854,-10.793314323847369,3.381857175595456,1.568214590673491,-1.813642584921965,125.96990074267843,95.57140476197442,-30.398495980704013,0.826585425,0.682169294,-0.14441613099999995,7141.053190750161,5282.480028137781,-1858.5731626123797
Josh Donaldson,2022,2023,546,189,38.965847653094286,39.70137349362608,0.7355258405317926,54.61462871351336,64.97739610426679,10.362767390753426,33.415907244603844,40.118467714735615,6.702560470131772,59.24739740673817,51.2807265115139,-7.966670895224276,52.69908545439854,55.8696205433299,3.1705350889313593,1.568214590673491,0.0995267845357983,-1.4686878061376927,95.57140476197442,78.20369910318655,-17.36770565878787,0.682169294,0.666859066,-0.015310228000000037,5282.480028137781,5861.801180051175,579.3211519133938
Josh Harrison,2021,2022,558,425,64.29477620117558,56.629836334236856,-7.664939866938724,40.88526944257715,41.05232425309428,0.16705481051712923,43.11256494323794,47.73718137150036,4.624616428262421,55.28880966493869,53.92879067372141,-1.3600189912172809,37.86664531252234,38.43996634476797,0.5733210322456301,2.324276570887428,1.509832499744143,-0.8144440711432848,104.21046316325987,97.4323728354464,-6.778090327813473,0.741113105,0.68725119,-0.05386191500000004,5375.01464662437,5282.542139390178,-92.47250723419165
Josh Harrison,2022,2023,425,114,56.629836334236856,49.58025240893493,-7.049583925301924,41.05232425309428,37.11591456960477,-3.936409683489508,47.73718137150036,45.67039356952816,-2.066787801972204,53.92879067372141,44.71321393769868,-9.215576736022726,38.43996634476797,41.04685137581603,2.6068850310480656,1.509832499744143,-0.6410678633477592,-2.1509003630919024,97.4323728354464,50.112383369041865,-47.319989466404536,0.68725119,0.554420029,-0.13283116100000003,5282.542139390178,4492.712433304387,-789.8297060857913
Josh Jung,2022,2023,102,515,41.219530257363694,47.48902111817394,6.269490860810244,52.09058408122869,59.94228389596902,7.8516998147403285,51.914918488498806,34.81287489347486,-17.102043595023943,51.11493448158812,58.46359508652039,7.34866060493227,43.15445186234781,39.58211783324028,-3.5723340291075303,0.1352463506631435,2.819515636291915,2.6842692856287718,80.65744164231789,114.01208235822344,33.354640715905546,0.653661463,0.781090302,0.1274288389999999,5463.676411460388,5308.073899144374,-155.60251231601433
Josh Jung,2023,2024,515,188,47.48902111817394,45.78843060467945,-1.7005905134944896,59.94228389596902,49.87362752243624,-10.068656373532782,34.81287489347486,51.877193677761326,17.064318784286463,58.46359508652039,43.63810962191614,-14.825485464604249,39.58211783324028,38.6739137201638,-0.9082041130764793,2.819515636291915,0.347862029302604,-2.471653606989311,114.01208235822344,104.01244316319224,-9.999639195031193,0.781090302,0.719220654,-0.061869647999999944,5308.073899144374,5037.383031276551,-270.6908678678228
Josh Jung,2024,2025,188,511,45.78843060467945,50.275652737368006,4.487222132688558,49.87362752243624,50.89948515061751,1.0258576281812708,51.877193677761326,45.91311804576128,-5.964075632000046,43.63810962191614,59.116078905198265,15.477969283282121,38.6739137201638,39.71049526496196,1.0365815447981603,0.347862029302604,1.663568021057566,1.315705991754962,104.01244316319224,91.20131118833264,-12.811131974859606,0.719220654,0.683583567,-0.03563708700000001,5037.383031276551,5684.541957457039,647.1589261804875
Josh Lowe,2022,2023,198,501,39.49303885116951,51.935119507272574,12.442080656103066,44.00284683784405,57.93548452821938,13.932637690375337,60.71941078663173,72.62413862490311,11.904727838271384,48.4226162871996,46.78235424453744,-1.6402620426621652,49.9233957306726,38.39766595469963,-11.52572977597297,0.1375730843167236,3.4016138633228588,3.264040779006135,81.42820654272572,130.16778966197364,48.739583119247925,0.626805395,0.835329341,0.20852394600000002,5582.166232011628,6849.722891217945,1267.556659206317
Josh Lowe,2023,2024,501,387,51.935119507272574,41.89781164990709,-10.037307857365484,57.93548452821938,53.32766581679629,-4.607818711423093,72.62413862490311,65.86056529614376,-6.76357332875935,46.78235424453744,45.42697902353709,-1.3553752210003438,38.39766595469963,43.78058908584909,5.382923131149454,3.4016138633228588,0.9808369480468884,-2.4207769152759706,130.16778966197364,97.98252478205856,-32.18526487991508,0.835329341,0.693260425,-0.14206891600000005,6849.722891217945,5973.33870910465,-876.3841821132955
Josh Lowe,2024,2025,387,435,41.89781164990709,44.86595985770456,2.9681482077974692,53.32766581679629,46.98936973855496,-6.338296078241328,65.86056529614376,62.02186515273483,-3.8387001434089285,45.42697902353709,41.15096918674669,-4.276009836790401,43.78058908584909,39.655138825991806,-4.125450259857281,0.9808369480468884,-0.1237891878359911,-1.1046261358828795,97.98252478205856,79.23583920647684,-18.746685575581722,0.693260425,0.649571754,-0.04368867099999996,5973.33870910465,5224.089083358258,-749.2496257463918
Josh Naylor,2021,2022,250,498,56.24584370589569,59.450108381188656,3.2042646752929684,52.14139552720906,58.58447673489795,6.443081207688884,46.66249602649296,43.5293583539315,-3.1331376725614604,50.03420470658581,48.85802955648463,-1.1761751501011801,39.31967510096933,47.02474481050187,7.705069709532545,0.3680705350629801,1.862884473641332,1.4948139385783519,92.58434351984592,117.89035716351432,25.306013643668408,0.700346449,0.77139292,0.07104647100000006,5648.991481954943,6302.1376764951565,653.1461945402134
Josh Naylor,2022,2023,498,495,59.450108381188656,67.30365660720727,7.853548226018617,58.58447673489795,55.34592534941461,-3.2385513854833405,43.5293583539315,40.75949335752787,-2.7698649964036264,48.85802955648463,52.44229428186897,3.5842647253843367,47.02474481050187,38.72569390038426,-8.299050910117614,1.862884473641332,2.660925739954088,0.7980412663127561,117.89035716351432,127.20247824969005,9.312121086175722,0.77139292,0.842473406,0.07108048599999994,6302.1376764951565,6065.658433705416,-236.47924278974006
Josh Naylor,2023,2024,495,633,67.30365660720727,56.35376180157625,-10.949894805631025,55.34592534941461,58.36105128613764,3.015125936723031,40.75949335752787,39.98220039318049,-0.7772929643473816,52.44229428186897,45.810268037198085,-6.632026244670882,38.72569390038426,50.93238473265137,12.206690832267114,2.660925739954088,2.2623160772415343,-0.3986096627125537,127.20247824969005,118.45437607436352,-8.748102175326522,0.842473406,0.776103379,-0.06637002699999994,6065.658433705416,6018.913817770446,-46.74461593497017
Josh Naylor,2024,2025,633,604,56.35376180157625,63.06293517858939,6.709173377013144,58.36105128613764,56.017434685610354,-2.343616600527284,39.98220039318049,64.71873556994652,24.736535176766026,45.810268037198085,45.46826027124715,-0.34200776595093174,50.93238473265137,44.29236689711575,-6.640017835535623,2.2623160772415343,3.146882505270386,0.8845664280288519,118.45437607436352,127.55957763351992,9.105201559156399,0.776103379,0.81558011,0.03947673099999993,6018.913817770446,7089.057929751732,1070.1441119812862
Josh Rojas,2021,2022,550,510,53.27758474673261,58.21628201031596,4.93869726358335,42.22750698735244,46.17652024521545,3.949013257863008,60.45347283117557,73.19612168306745,12.742648851891879,41.3640714387716,45.72895780778856,4.364886369016958,59.79262008744478,65.94049952623365,6.14787943878887,1.736746639189653,2.5412791911171446,0.8045325519274915,103.4066325747101,108.5004826836942,5.0938501089841,0.752441427,0.739034038,-0.013407389000000047,6163.822670661079,7736.631208280044,1572.8085376189647
Josh Rojas,2022,2023,510,350,58.21628201031596,50.949078305848005,-7.267203704467953,46.17652024521545,36.42123576008049,-9.755284485134958,73.19612168306745,63.89715390930063,-9.298967773766819,45.72895780778856,58.55692100888454,12.827963201095976,65.94049952623365,52.06196927682934,-13.878530249404314,2.5412791911171446,0.9835826391247188,-1.557696551992426,108.5004826836942,78.20670153559908,-30.29378114809512,0.739034038,0.641047825,-0.09798621299999999,7736.631208280044,6479.3389394695005,-1257.2922688105436
Josh Rojas,2023,2024,350,476,50.949078305848005,48.5421190848616,-2.4069592209864012,36.42123576008049,43.167129466963246,6.745893706882754,63.89715390930063,45.11846583553478,-18.77868807376585,58.55692100888454,64.79117615716093,6.234255148276397,52.06196927682934,57.99262445316241,5.930655176333076,0.9835826391247188,1.898971804900648,0.9153891657759293,78.20670153559908,91.50836209292645,13.301660557327367,0.641047825,0.640932636,-0.00011518900000007104,6479.3389394695005,6438.097337219817,-41.24160224968364
Josh Rojas,2024,2025,476,211,48.5421190848616,46.33394289127976,-2.208176193581842,43.167129466963246,39.78291580421071,-3.3842136627525363,45.11846583553478,46.56438270549143,1.4459168699566547,64.79117615716093,42.93491601205347,-21.856260145107463,57.99262445316241,55.60919677754519,-2.38342767561722,1.898971804900648,-1.294531321261449,-3.1935031261620974,91.50836209292645,44.28552307845098,-47.22283901447547,0.640932636,0.511640211,-0.12929242499999993,6438.097337219817,5068.738287182077,-1369.3590500377395
Josh Smith,2022,2023,253,232,51.0581368283902,48.00304706468939,-3.0550897637008063,34.73111260236112,47.37314739125744,12.642034788896318,47.976567080669135,47.68168622235192,-0.2948808583172138,52.2395714096551,46.7281342365581,-5.511437173097001,64.00770418516184,58.33851091433007,-5.669193270831769,-0.0527483570257402,0.0611138821676952,0.1138622391934354,67.52857856718268,81.30666930765948,13.778090740476799,0.555599199,0.632552954,0.07695375500000001,5971.545918357248,5843.024589254988,-128.5213291022601
Josh Smith,2023,2024,232,592,48.00304706468939,56.16127383583094,8.15822677114155,47.37314739125744,44.73517606435111,-2.6379713269063316,47.68168622235192,46.783818065583645,-0.8978681567682756,46.7281342365581,50.68954019264766,3.961405956089564,58.33851091433007,51.853875248992246,-6.4846356653378265,0.0611138821676952,2.9272108432202177,2.8660969610525227,81.30666930765948,112.42849146778796,31.121822160128488,0.632552954,0.731169588,0.09861663399999998,5843.024589254988,5952.351653586845,109.32706433185649
Josh Smith,2024,2025,592,563,56.16127383583094,58.10925040809428,1.947976572263343,44.73517606435111,40.40675020750915,-4.32842585684196,46.783818065583645,54.736324010095615,7.9525059445119695,50.68954019264766,44.35777608685062,-6.331764105797042,51.853875248992246,56.852674898102286,4.99879964911004,2.9272108432202177,1.762347613801165,-1.1648632294190528,112.42849146778796,100.27388372736355,-12.15460774042441,0.731169588,0.700182504,-0.030987083999999943,5952.351653586845,6093.052508933786,140.70085534694135
Josh VanMeter,2021,2022,310,192,43.253758251855615,51.18449768033422,7.930739428478603,45.13021312201022,40.73627558027813,-4.393937541732086,44.93585304523567,57.72996098480073,12.794107939565059,45.06142817012542,48.41030363233365,3.348875462208234,61.25119794019309,63.87783248223318,2.626634542040094,-0.1901056958988166,-0.4408163522345402,-0.2507106563357236,76.98228900274329,56.49679691090511,-20.485492091838175,0.650788791,0.55802266,-0.09276613099999997,5427.822497462084,6464.043150488059,1036.2206530259746
José Abreu,2021,2022,659,679,52.01441696823292,66.74205349388468,14.72763652565176,63.67349167695849,59.533042439463856,-4.140449237494636,42.48804080803592,41.39479651864349,-1.0932442893924303,40.49378494311411,43.9766973171238,3.4829123740096932,48.11330087631506,54.3728696456706,6.259568769355539,2.828648807684432,3.799291063624503,0.9706422559400711,124.63052342896388,137.28691392838536,12.656390499421477,0.831096478,0.82442125,-0.0066752279999999775,5796.060817459172,6789.696288705193,993.6354712460216
José Abreu,2022,2023,679,594,66.74205349388468,49.33013754568522,-17.411915948199464,59.533042439463856,51.26186557040481,-8.271176869059047,41.39479651864349,37.54419719872861,-3.8505993199148776,43.9766973171238,39.39845010910052,-4.578247208023278,54.3728696456706,42.33154441862492,-12.041325227045675,3.799291063624503,-0.4999711715654283,-4.299262235189931,137.28691392838536,86.13165764879534,-51.15525627959002,0.82442125,0.679629629,-0.14479162099999998,6789.696288705193,4607.175405629108,-2182.520883076085
José Abreu,2023,2024,594,120,49.33013754568522,37.81279555311636,-11.51734199256886,51.26186557040481,41.26098985964658,-10.00087571075823,37.54419719872861,43.84255199563988,6.298354796911269,39.39845010910052,45.83567373317391,6.43722362407339,42.33154441862492,39.22412495374667,-3.107419464878255,-0.4999711715654283,-1.5177608712132988,-1.0177896996478706,86.13165764879534,-0.3995588756345454,-86.53121652442988,0.679629629,0.361356931,-0.318272698,4607.175405629108,4117.966003888385,-489.2094017407235
José Azócar,2022,2023,216,102,52.894640914251305,50.13014113437141,-2.7644997798798983,39.35964795405748,43.73530202091657,4.3756540668590915,47.9597842454486,58.79328333958912,10.833499094140514,59.15735472145338,46.6255738093914,-12.531780912061983,39.56021080678185,35.377403638429215,-4.182807168352639,0.6351069135726284,-0.1361835396891457,-0.7712904532617741,81.04911791878612,76.78867396043026,-4.260443958355864,0.629357586,0.640987877,0.011630291000000015,5344.7327671132425,5196.5896483702745,-148.143118742968
José Barrero,2022,2023,174,149,20.801736843903797,37.86606770394612,17.064330860042325,39.33351411424905,41.64018318392549,2.3066690696764383,54.41908859773545,48.135364170275786,-6.283724427459667,49.73306841766415,43.91131254592872,-5.8217558717354265,35.62582052005999,47.8111399792108,12.185319459150811,-1.2428165118580918,-0.4708950133268373,0.7719214985312546,5.7087799483938495,65.65509402873718,59.946314080343335,0.401462904,0.618610283,0.21714737899999997,3888.864373726236,4567.293028113109,678.4286543868734
José Caballero,2023,2024,280,483,47.16892899838131,41.63864279197902,-5.530286206402295,34.22763716445124,38.90797408491132,4.680336920460078,68.30308520920968,60.94845168072256,-7.3546335284871205,61.53510801828912,62.34693196003903,0.8118239417499069,55.15860282445532,40.37317795400188,-14.78542487045344,1.8680633302963787,1.914862279742352,0.04679894944597329,98.64139792364722,82.76486924839071,-15.876528675256509,0.663203462,0.630272108,-0.032931354000000024,6729.359556757384,5701.409342592526,-1027.9502141648582
José Caballero,2024,2025,483,370,41.63864279197902,46.08695178669434,4.448308994715326,38.90797408491132,42.63424831162757,3.7262742267162565,60.94845168072256,75.86840328712951,14.919951606406947,62.34693196003903,56.15530279942994,-6.191629160609089,40.37317795400188,58.45322786622423,18.08004991222235,1.914862279742352,2.1067029065881657,0.1918406268458137,82.76486924839071,97.03140276750112,14.26653351911041,0.630272108,0.685931571,0.05565946300000002,5701.409342592526,7340.386320920942,1638.9769783284164
José Ramírez,2021,2022,636,685,68.2299438915117,68.33527170126513,0.10532780975343314,62.12901558273917,58.14090335512495,-3.9881122276142236,80.0,64.90151550651132,-15.098484493488684,61.05039585383928,53.09465545713257,-7.955740396706709,64.9327261168731,61.226339547357135,-3.7063865695159635,6.430925992138625,5.94791877726202,-0.48300721487660514,139.77967140015403,140.00021261532623,0.22054121517220437,0.893389389,0.868887619,-0.02450176999999998,10693.649537169063,8857.731782881689,-1835.917754287375
José Ramírez,2022,2023,685,691,68.33527170126513,71.62532077184804,3.29004907058291,58.14090335512495,54.1042835932946,-4.0366197618303445,64.90151550651132,65.46365903113097,0.5621435246196569,53.09465545713257,56.02027502771534,2.925619570582775,61.226339547357135,63.06592557730725,1.8395860299501123,5.94791877726202,4.619632013510061,-1.3282867637519589,140.00021261532623,121.8702362048894,-18.12997641043684,0.868887619,0.830637539,-0.038250079999999964,8857.731782881689,9098.986358187356,241.25457530566746
José Ramírez,2023,2024,691,682,71.62532077184804,68.0973061105846,-3.528014661263441,54.1042835932946,63.93296216236487,9.82867856907027,65.46365903113097,73.5640838972955,8.10042486616453,56.02027502771534,53.73330900650376,-2.286966021211583,63.06592557730725,52.25181269907408,-10.814112878233168,4.619632013510061,6.402466667932156,1.7828346544220954,121.8702362048894,141.43936858837043,19.569132383481033,0.830637539,0.871898536,0.041260996999999966,9098.986358187356,9213.618889267882,114.63253108052595
José Ramírez,2024,2025,682,673,68.0973061105846,70.97550519375585,2.8781990831712534,63.93296216236487,54.90156808894525,-9.031394073419627,73.5640838972955,78.08681499209005,4.522731094794551,53.73330900650376,59.687141476896,5.953832470392243,52.25181269907408,59.68804093478487,7.436228235710793,6.402466667932156,6.3007981342824335,-0.10166853364972273,141.43936858837043,133.4721923751499,-7.96717621322054,0.871898536,0.862648557,-0.00924997900000002,9213.618889267882,9816.582480256428,602.9635909885455
José Tena,2024,2025,168,169,52.81376683990922,53.18875456170133,0.3749877217921096,50.57582928541088,42.95531931348553,-7.620509971925351,51.60375449866728,53.565973455556986,1.962218956889707,46.06168510270301,44.691532436595786,-1.3701526661072236,41.64775067708069,53.11736018371261,11.469609506631926,0.0275828375220339,0.0284905952941442,0.0009077577721102979,82.38674592262004,88.08038685601943,5.693640933399394,0.651656314,0.668872624,0.017216310000000012,5599.772641656739,5791.349916821367,191.57727516462728
Juan Soto,2021,2022,654,664,71.82141367873707,63.11002970694959,-8.711383971787484,69.70096118380837,63.83840830879438,-5.862552875013996,38.67414394693556,42.19701258181208,3.5228686348765237,49.71196296625573,20.804990259467907,-28.906972706787826,80.0,80.0,0.0,6.783356574935595,3.6689486048354354,-3.1144079701001592,163.69397404985946,145.72258107313874,-17.971392976720722,0.998696345,0.853496712,-0.14519963300000005,9199.99019950872,6806.589750215559,-2393.400449293161
Juan Soto,2022,2023,664,708,63.11002970694959,64.99328205889196,1.8832523519423745,63.83840830879438,71.67868439943148,7.840276090637097,42.19701258181208,40.03133259881558,-2.165679982996501,20.804990259467907,43.92132310263595,23.116332843168045,80.0,80.0,0.0,3.6689486048354354,6.177176815603946,2.508228210768511,145.72258107313874,153.66436746647517,7.941786393336429,0.853496712,0.929550072,0.07605335999999996,6806.589750215559,8559.234606590511,1752.6448563749518
Juan Soto,2023,2024,708,713,64.99328205889196,68.36410223759403,3.3708201787020613,71.67868439943148,80.0,8.321315600568525,40.03133259881558,32.70878649008862,-7.322546108726961,43.92132310263595,48.82586780280821,4.904544700172259,80.0,80.0,0.0,6.177176815603946,8.297821745545832,2.1206449299418857,153.66436746647517,180.99055562627643,27.326188159801262,0.929550072,0.988799282,0.05924921000000005,8559.234606590511,9062.647781002674,503.41317441216233
Juan Soto,2024,2025,713,715,68.36410223759403,62.55524280161647,-5.808859435977553,80.0,74.86316672892052,-5.136833271079482,32.70878649008862,69.12671306156746,36.41792657147884,48.82586780280821,28.134942515306847,-20.690925287501365,80.0,80.0,0.0,8.297821745545832,5.790238430984748,-2.507583314561084,180.99055562627643,155.93110814120718,-25.059447485069256,0.988799282,0.920641903,-0.06815737899999996,9062.647781002674,9062.721751319126,0.07397031645268726
Julio Rodríguez,2022,2023,560,714,49.96455484775702,51.325586515214844,1.361031667457823,70.91365762823929,67.11708783930554,-3.796569788933752,68.77682249908943,72.64162047649769,3.8647979774082586,54.61941895678465,56.56733654025905,1.9479175834743998,44.05212528950575,37.238040924053024,-6.814084365452729,5.731218901728761,5.824699554962545,0.09348065323378396,147.51493447290923,128.41796668594927,-19.096967786959965,0.853449119,0.818042813,-0.03540630599999994,7981.305173157941,7821.099806629086,-160.20536652885494
Julio Rodríguez,2023,2024,714,613,51.325586515214844,49.95282559177602,-1.3727609234388254,67.11708783930554,58.472861855884894,-8.644225983420647,72.64162047649769,58.2992538984502,-14.34236657804749,56.56733654025905,57.86328973428981,1.2959531940307585,37.238040924053024,36.584460319814255,-0.6535806042387691,5.824699554962545,3.939265167707058,-1.8854343872554873,128.41796668594927,116.13648348758166,-12.28148319836761,0.818042813,0.733804027,-0.08423878600000001,7821.099806629086,6489.814654127587,-1331.2851525014985
Julio Rodríguez,2024,2025,613,710,49.95282559177602,52.06879658014061,2.1159709883645874,58.472861855884894,63.41291569379656,4.94005383791167,58.2992538984502,66.75787505535695,8.458621156906744,57.86328973428981,58.89283929338478,1.0295495590949741,36.584460319814255,36.744764481918864,0.16030416210460885,3.939265167707058,5.72945034937004,1.7901851816629826,116.13648348758166,125.96944026266532,9.832956775083659,0.733804027,0.797870041,0.064066014,6489.814654127587,7391.594931411452,901.780277283865
Jung Hoo Lee,2024,2025,158,617,69.34476128234857,69.64004698016007,0.2952856978114937,44.0942989063888,40.89000416891008,-3.204294737478719,44.11120624201683,58.38081204272686,14.269605800710032,48.38879075847477,38.606356860561945,-9.782433897912824,57.946719395647655,58.737252788018175,0.79053339237052,0.100188217392952,2.412602136991063,2.3124139195981113,83.19293387647001,107.17950801800322,23.98657414153321,0.641161064,0.734533456,0.09337239200000003,6638.147360623081,6584.51629990886,-53.63106071422135
Junior Caminero,2024,2025,177,653,46.312436262882514,54.915722600635576,8.603286337753062,58.22906928822575,72.49676150594266,14.267692217716906,50.23844464855986,49.54551801700196,-0.6929266315579028,49.82906718258863,48.4624544110682,-1.3666127715204297,44.42452142560379,43.38288005694788,-1.0416413686559096,0.6645324438974645,4.564728244802292,3.9001958009048274,105.46996905675994,129.25356454772745,23.783595490967514,0.723677452,0.845756614,0.12207916200000002,5894.85896968727,6875.683108883446,980.8241391961765
Jurickson Profar,2021,2022,412,658,57.03177874099399,60.64024817685231,3.608469435858318,35.20086111429509,46.14232478513164,10.941463670836555,50.72749731323151,47.87629530098277,-2.8512020122487414,35.7543304140837,47.95150342581251,12.197173011728815,64.27591398149352,65.02840990943838,0.7524959279448638,-0.2766864618677643,2.5318249533497488,2.808511415217513,86.53347684366236,109.9043288414183,23.37085199775595,0.649381606,0.722602056,0.0732204500000001,5502.27041646235,6830.723223681565,1328.4528072192152
Jurickson Profar,2022,2023,658,521,60.64024817685231,57.08799940215254,-3.5522487746997697,46.14232478513164,40.23338811421384,-5.908936670917804,47.87629530098277,40.666275739939934,-7.210019561042834,47.95150342581251,27.638416168028822,-20.31308725778369,65.02840990943838,56.35440212744892,-8.67400778198946,2.5318249533497488,-1.6029478763641063,-4.134772829713855,109.9043288414183,77.52054573841576,-32.38378310300254,0.722602056,0.689345567,-0.033256489,6830.723223681565,4675.224374086107,-2155.4988495954585
Jurickson Profar,2023,2024,521,668,57.08799940215254,67.69646524687938,10.608465844726844,40.23338811421384,56.57234909976807,16.33896098555423,40.666275739939934,40.00701249710946,-0.6592632428304768,27.638416168028822,39.33335228924084,11.69493612121202,56.35440212744892,65.69419608946522,9.339793962016302,-1.6029478763641063,4.33303472126925,5.935982597633356,77.52054573841576,138.92728947203236,61.406743733616594,0.689345567,0.839310355,0.1499647879999999,4675.224374086107,6989.2603560086845,2314.035981922578
Jurickson Profar,2024,2025,668,371,67.69646524687938,58.76023638938818,-8.936228857491201,56.57234909976807,50.42876766291479,-6.143581436853282,40.00701249710946,53.06246869121783,13.055456194108373,39.33335228924084,37.30308181989536,-2.0302704693454814,65.69419608946522,65.05999240794685,-0.6342036815183718,4.33303472126925,1.2555631133152012,-3.077471607954049,138.92728947203236,122.22557653155958,-16.701712940472774,0.839310355,0.787061994,-0.052248360999999965,6989.2603560086845,6594.7940205497,-394.46633545898476
Justin Turner,2021,2022,612,532,65.00649419888754,62.783075094364506,-2.223419104523032,54.74535278126031,51.81080170553474,-2.9345510757255653,40.91208195874079,37.45475761457737,-3.4573243441634247,52.517423106454125,44.76591324301679,-7.7515098634373345,58.80459558701746,55.17908248674249,-3.625513100274972,4.041531016873402,2.297362387678356,-1.744168629195046,126.21444508400096,123.32672212051072,-2.8877229634902335,0.832030435,0.787658248,-0.04437218700000001,7065.443257335244,6088.926975906474,-976.5162814287705
Justin Turner,2022,2023,532,626,62.783075094364506,63.74945507624427,0.9663799818797614,51.81080170553474,50.3559682245225,-1.454833481012244,37.45475761457737,34.53730236824738,-2.917455246329986,44.76591324301679,34.93483148197016,-9.831081761046633,55.17908248674249,53.86817966721194,-1.310902819530547,2.297362387678356,1.1760196840055364,-1.1213427036728199,123.32672212051072,116.28639361034288,-7.040328510167839,0.787658248,0.800245055,0.012586807000000033,6088.926975906474,5455.175795688731,-633.7511802177423
Justin Turner,2023,2024,626,539,63.74945507624427,62.04420088615825,-1.7052541900860163,50.3559682245225,41.759427239046815,-8.596540985475684,34.53730236824738,34.07476386901506,-0.4625384992323234,34.93483148197016,41.772557043418,6.83772556144784,53.86817966721194,61.17300640379821,7.304826736586271,1.1760196840055364,1.1544884439299774,-0.021531240075558955,116.28639361034288,116.46404160788208,0.17764799753919647,0.800245055,0.73696862,-0.06327643500000002,5455.175795688731,5605.549043206471,150.3732475177394
Justin Turner,2024,2025,539,191,62.04420088615825,54.77140137379889,-7.272799512359363,41.759427239046815,39.82680933687547,-1.9326179021713443,34.07476386901506,48.33985962543901,14.265095756423953,41.772557043418,50.51705013886562,8.744493095447623,61.17300640379821,51.8117662926766,-9.36124011112161,1.1544884439299774,-0.283711960229357,-1.4382004041593344,116.46404160788208,70.93097183619945,-45.533069771682634,0.73696862,0.601567582,-0.13540103799999992,5605.549043206471,5708.127220877384,102.57817767091365
Justyn-Henry Malloy,2024,2025,230,127,31.453042543279544,44.255189027330594,12.80214648405105,49.655780697066135,40.99982801172758,-8.655952685338555,45.20102757341325,45.46685568149553,0.26582810808228174,40.89763097395846,48.18321176643804,7.2855807924795855,55.67354857403987,64.9219600649212,9.248411490881324,-0.5251037154171315,0.0021459777473847,0.5272496931645162,88.09908914363834,91.60028754421164,3.5011984005733012,0.65764098,0.654148999,-0.003491981000000033,4604.517002041835,5644.810354920683,1040.2933528788471
Ke'Bryan Hayes,2021,2022,396,560,55.27610099005032,56.2675741461156,0.9914731560652825,48.00194644402434,49.67268661287672,1.670740168852376,61.08738360530909,62.39765253636136,1.3102689310522706,68.99657842621902,77.69995792601509,8.703379499796071,51.86287045368418,55.577026674368966,3.714156220684785,1.872904774811165,3.0715342055871013,1.1986294307759364,85.41326336224962,85.99386153098499,0.5805981687353636,0.688584741,0.658840169,-0.029744572000000025,7725.257126869247,8649.01861322251,923.7614863532626
Ke'Bryan Hayes,2022,2023,560,525,56.2675741461156,59.91307377083035,3.645499624714752,49.67268661287672,57.20632024982824,7.533633636951521,62.39765253636136,48.19410893298621,-14.203543603375152,77.69995792601509,73.6745321658203,-4.025425760194793,55.577026674368966,45.627357412019165,-9.9496692623498,3.0715342055871013,3.215808403249697,0.14427419766259586,85.99386153098499,100.73183394844942,14.737972417464434,0.658840169,0.762012723,0.10317255400000003,8649.01861322251,7527.774950357061,-1121.2436628654486
Ke'Bryan Hayes,2023,2024,525,396,59.91307377083035,57.72256292812104,-2.1905108427093083,57.20632024982824,41.47464532801646,-15.73167492181178,48.19410893298621,56.90946845496023,8.715359521974023,73.6745321658203,60.75036593913272,-12.924166226687575,45.627357412019165,48.65903628128251,3.031678869263345,3.215808403249697,0.1092536491460951,-3.1065547541036023,100.73183394844942,59.66500171321371,-41.06683223523571,0.762012723,0.57323924,-0.18877348299999996,7527.774950357061,6646.1600335239855,-881.6149168330758
Ke'Bryan Hayes,2024,2025,396,570,57.72256292812104,55.34838102698024,-2.374181901140801,41.47464532801646,40.86734782360925,-0.6072975044072066,56.90946845496023,50.8867419873957,-6.022726467564532,60.75036593913272,80.0,19.24963406086728,48.65903628128251,51.03743833443897,2.3784020531564565,0.1092536491460951,1.3718167980969598,1.2625631489508646,59.66500171321371,64.87872475695353,5.213723043739819,0.57323924,0.595485271,0.022246031,6646.1600335239855,7285.245907780257,639.0858742562714
Keibert Ruiz,2022,2023,433,562,66.34481495232092,67.67440472850349,1.3295897761825728,42.83717461169085,45.142152800409015,2.3049781887181666,48.69583718927906,25.58527373846621,-23.11056345081285,50.034375389716274,20.0,-30.034375389716274,48.780480325582666,43.1490882970322,-5.631392028550465,1.5455077477189594,-0.533429159115787,-2.0789369068347465,91.9628850989249,93.34349026275862,1.380605163833721,0.672906091,0.717007001,0.04410091000000005,6201.608961897002,4044.23409857804,-2157.3748633189616
Keibert Ruiz,2023,2024,562,485,67.67440472850349,64.04288609412795,-3.6315186343755386,45.142152800409015,38.63619580784284,-6.505956992566176,25.58527373846621,43.96411750620948,18.378843767743273,20.0,41.54087148207014,21.540871482070138,43.1490882970322,35.99569420218576,-7.1533940948464405,-0.533429159115787,-0.3060051394947538,0.22742401962103326,93.34349026275862,70.12023218660302,-23.223258076155602,0.717007001,0.619270938,-0.09773606300000004,4044.23409857804,4660.104718645099,615.8706200670586
Keibert Ruiz,2024,2025,485,267,64.04288609412795,65.46086308165222,1.4179769875242698,38.63619580784284,37.18845397028596,-1.447741837556876,43.96411750620948,38.84355835298887,-5.120559153220611,41.54087148207014,36.59355182558036,-4.947319656489775,35.99569420218576,38.26747826625124,2.2717840640654785,-0.3060051394947538,-1.0118423025962608,-0.705837163101507,70.12023218660302,65.2899413097469,-4.830290876856125,0.619270938,0.594800616,-0.02447032199999999,4660.104718645099,4377.57478743761,-282.5299312074885
Kerry Carpenter,2022,2023,113,459,44.52241053525191,52.39344514715193,7.871034611900022,53.16622446724655,56.7336774799429,3.5674530126963475,48.603080374391766,50.81592043859668,2.2128400642049115,49.157436602408566,42.20534660265173,-6.952089999756836,42.11946900419044,41.29331898942574,-0.8261500147646998,0.4860386712117834,1.8695569929433784,1.383518321731595,125.21320985584028,121.33453922166731,-3.8786706341729627,0.795171406,0.811161147,0.015989740999999946,5366.84949453071,5661.852705863808,295.0032113330981
Kerry Carpenter,2023,2024,459,296,52.39344514715193,50.21282002335614,-2.1806251237957923,56.7336774799429,67.33282357450715,10.599146094564247,50.81592043859668,41.20258661266757,-9.61333382592911,42.20534660265173,48.06965714758094,5.864310544929211,41.29331898942574,44.72822650551758,3.4349075160918403,1.8695569929433784,2.3812917522775345,0.5117347593341561,121.33453922166731,158.37805572102616,37.043516499358844,0.811161147,0.931831109,0.12066996200000002,5661.852705863808,5959.250018983516,297.3973131197081
Kerry Carpenter,2024,2025,296,464,50.21282002335614,50.64387935045442,0.4310593270982821,67.33282357450715,61.08855207869832,-6.244271495808825,41.20258661266757,49.43186528417837,8.229278671510805,48.06965714758094,42.58173124575863,-5.487925901822308,44.72822650551758,35.723696243855855,-9.004530261661728,2.3812917522775345,1.5091360368151667,-0.8721557154623678,158.37805572102616,114.72685213121945,-43.65120358980671,0.931831109,0.787840143,-0.14399096599999994,5959.250018983516,5491.752280443698,-467.4977385398188
Keston Hiura,2021,2022,197,266,20.0,29.2154333894986,9.2154333894986,50.82557721480578,66.03423269391902,15.20865547911324,58.70355438844501,50.35910493795136,-8.344449450493656,47.17986838568053,44.39442085776322,-2.785447527917306,41.63152999403846,47.24342441771066,5.611894423672204,-0.7951434733180878,0.6661261767757571,1.461269650093845,53.01368222478982,115.18403273270768,62.17035050791786,0.55698829,0.764507421,0.20751913099999997,4549.179245641747,5215.5408971238085,666.3616514820615
Ketel Marte,2021,2022,374,558,69.99621826010515,57.20236252494558,-12.793855735159575,61.66838728047064,54.46556985250123,-7.202817427969407,48.081196515128745,53.12090091999524,5.039704404866498,36.33871512761189,44.31445759183404,7.975742464222151,52.97667449806932,57.29081713646296,4.3141426383936405,2.392859894912354,1.80545591248262,-0.5874039824297341,140.77644158927754,102.41217836979688,-38.36426321948066,0.909358288,0.727292595,-0.18206569299999997,6972.25419157157,6742.431907353093,-229.82228421847685
Ketel Marte,2022,2023,558,650,57.20236252494558,61.98845388808531,4.786091363139732,54.46556985250123,60.88987720383227,6.424307351331038,53.12090091999524,48.61827956751007,-4.502621352485171,44.31445759183404,49.49613316480526,5.181675572971216,57.29081713646296,60.480149796917615,3.189332660454653,1.80545591248262,4.3290020392917805,2.5235461268091606,102.41217836979688,126.17803611270756,23.765857742910683,0.727292595,0.843523049,0.11623045399999998,6742.431907353093,7553.220370926218,810.7884635731243
Ketel Marte,2023,2024,650,583,61.98845388808531,64.77839672352474,2.789942835439426,60.88987720383227,76.27765093584763,15.387773732015361,48.61827956751007,54.64428459137838,6.026005023868308,49.49613316480526,60.064400829786905,10.568267664981647,60.480149796917615,59.19856307722961,-1.2815867196880077,4.3290020392917805,6.320755744142679,1.9917537048508986,126.17803611270756,151.5932209536712,25.415184840963633,0.843523049,0.931736501,0.08821345200000008,7553.220370926218,9406.88670576979,1853.6663348435723
Ketel Marte,2024,2025,583,556,64.77839672352474,64.34986930002317,-0.4285274235015635,76.27765093584763,67.30528816800424,-8.972362767843393,54.64428459137838,40.80075999456791,-13.843524596810468,60.064400829786905,51.45963423517552,-8.604766594611384,59.19856307722961,62.7211826252272,3.522619547997593,6.320755744142679,4.59261322705358,-1.7281425170890987,151.5932209536712,145.2872078795435,-6.306013074127691,0.931736501,0.892565946,-0.039170554999999996,9406.88670576979,7817.919766178719,-1588.9669395910705
Kevin Kiermaier,2021,2022,390,221,45.24714521833987,44.70965466455286,-0.5374905537870092,41.55007999505112,50.56930117466347,9.019221179612352,63.74250540590288,61.66754522087335,-2.074960185029532,67.64684571860197,53.75926243425868,-13.887583284343286,45.98929412007612,44.72638276619154,-1.2629113538845758,2.814868787064896,0.9646452252013984,-1.8502235618634977,100.55356758915704,88.73360632859524,-11.819961260561797,0.716136162,0.649475024,-0.06666113799999995,6672.81370699468,6228.840457179615,-443.97324981506426
Kevin Kiermaier,2022,2023,221,408,44.70965466455286,50.28935727620564,5.579702611652785,50.56930117466347,43.50536558373724,-7.063935590926235,61.66754522087335,58.01811447136451,-3.649430749508838,53.75926243425868,63.07236012627579,9.31309769201711,44.72638276619154,47.04420889307839,2.3178261268868496,0.9646452252013984,2.6669500719164896,1.7023048467150912,88.73360632859524,103.38818592952018,14.654579600924933,0.649475024,0.740786239,0.09131121499999995,6228.840457179615,6516.785654140966,287.9451969613501
Kevin Kiermaier,2023,2024,408,281,50.28935727620564,32.30189815199121,-17.987459124214432,43.50536558373724,39.423857075005024,-4.081508508732213,58.01811447136451,57.64152518279692,-0.3765892885675939,63.07236012627579,64.42005262935301,1.3476925030772193,47.04420889307839,37.55477035700339,-9.489438536075,2.6669500719164896,0.265954548485432,-2.4009955234310576,103.38818592952018,53.539053134534726,-49.84913279498545,0.740786239,0.549967589,-0.19081864999999998,6516.785654140966,5179.243320065293,-1337.5423340756724
Kevin Newman,2021,2022,554,309,66.28116250290655,64.56987107421016,-1.7112914286963985,33.35050061358801,38.09413297793648,4.743632364348471,62.99116431080355,63.36993804594393,0.3787737351403848,59.821024078836665,50.9699361126199,-8.851087966216767,52.67435455769088,45.36526350149926,-7.309091056191626,-0.3811704743196474,1.2308952707723153,1.6120657450919627,51.60503160079288,91.53696632381316,39.931934723020284,0.574076296,0.687488689,0.11341239300000006,7000.652861724637,6346.025223620523,-654.6276381041134
Kevin Newman,2022,2023,309,253,64.56987107421016,64.95985464963508,0.389983575424921,38.09413297793648,37.36842285750941,-0.725710120427074,63.36993804594393,54.07988214761905,-9.29005589832488,50.9699361126199,45.93519941840084,-5.034736694219056,45.36526350149926,50.97262246899882,5.6073589674995645,1.2308952707723153,0.0220937337110464,-1.2088015370612688,91.53696632381316,78.57702132148361,-12.959945002329547,0.687488689,0.675201416,-0.012287272999999987,6346.025223620523,5984.575017075584,-361.45020654493965
Kevin Newman,2023,2024,253,311,64.95985464963508,62.74019276338517,-2.2196618862499093,37.36842285750941,34.8246278541951,-2.543795003314308,54.07988214761905,59.56484604301126,5.484963895392205,45.93519941840084,58.8078683838534,12.872668965452561,50.97262246899882,45.18636161902479,-5.786260849974035,0.0220937337110464,1.375240101506355,1.3531463677953084,78.57702132148361,89.31052439754703,10.733503076063414,0.675201416,0.686475409,0.011273992999999982,5984.575017075584,6302.853030321741,318.27801324615757
Kevin Newman,2024,2025,311,116,62.74019276338517,51.65569592736642,-11.084496836018744,34.8246278541951,37.19692030768197,2.372292453486871,59.56484604301126,51.82727506327562,-7.7375709797356365,58.8078683838534,48.364079375928505,-10.443789007924899,45.18636161902479,36.879256318127545,-8.307105300897241,1.375240101506355,-0.6694254922628791,-2.044665593769234,89.31052439754703,27.34279393428931,-61.967730463257716,0.686475409,0.480625476,-0.20584993300000004,6302.853030321741,4776.434649237108,-1526.4183810846334
Kevin Pillar,2023,2024,206,314,47.162280737051226,48.41829234879205,1.2560116117408242,50.42257316634677,41.29496506101593,-9.127608105330843,53.61619622726904,60.75487438115939,7.138678153890346,55.04214664618949,49.79139703317121,-5.250749613018279,32.32695199681033,38.50664598701475,6.17969399020442,0.1970634527229934,0.6414934927412121,0.44443004001821873,72.22807339340771,88.63006003430426,16.401986640896553,0.663816469,0.667495387,0.0036789179999999755,5390.882344713325,5380.648804311412,-10.23354040191316
Kevin Plawecki,2021,2022,173,186,61.98326523401828,53.738406337306536,-8.244858896711747,43.58046507486058,41.08753712601771,-2.492927948842869,42.29909334880506,42.00903005790448,-0.2900632909005765,44.71946702282438,45.4684915422652,0.749024519440816,50.84420836738327,51.62232654666197,0.7781181792786995,0.3635920018458474,-0.433350170352782,-0.7969421721986294,100.2109372547464,60.42163663637888,-39.78930061836752,0.73737224,0.572200771,-0.16517146900000002,5640.470135329473,5214.359679664356,-426.1104556651171
Kevin Smith,2022,2023,151,146,37.84264676359439,32.60300806480933,-5.239638698785058,44.55153229770045,47.35218651012956,2.800654212429116,57.151317076721575,49.55871549168211,-7.592601585039468,56.19437977674597,48.83509270883596,-7.35928706791001,40.04501959610822,35.85461924330376,-4.19040035280446,0.0275621740798083,-0.472057979128752,-0.49962015320856035,45.99971504989867,48.509697469948605,2.509982420049937,0.518374489,0.545784081,0.027409591999999927,5330.397886313653,4389.446242460985,-940.951643852668
Kody Clemens,2022,2023,127,148,41.09209783948243,44.99475905049463,3.9026612110122016,48.85639897465634,48.51240038112394,-0.3439985935323975,52.90617497993553,46.31841135051282,-6.58776362942271,54.25299577405304,53.79949958183996,-0.45349619221308046,43.190875770293474,45.16894715896062,1.9780713886671464,-0.2893200127492603,0.015676120466806,0.3049961332160663,39.44242521448147,71.87236768152711,32.42994246704564,0.5045427,0.643933501,0.139390801,5506.985146024026,5413.49028999437,-93.49485602965615
Kody Clemens,2023,2024,148,120,44.99475905049463,47.30675298962325,2.3119939391286195,48.51240038112394,52.16255919094327,3.650158809819331,46.31841135051282,47.97474404591375,1.656332695400934,53.79949958183996,48.9302134712649,-4.869286110575061,45.16894715896062,41.43563939701764,-3.7333077619429815,0.015676120466806,0.0995469943678054,0.0838708739009994,71.87236768152711,90.3519815936718,18.479613912144686,0.643933501,0.705701754,0.061768252999999995,5413.49028999437,5375.933235946745,-37.55705404762466
Kody Clemens,2024,2025,120,386,47.30675298962325,48.04199077695,0.7352377873267528,52.16255919094327,58.45979308545779,6.29723389451452,47.97474404591375,55.60865353475783,7.6339094888440755,48.9302134712649,56.59826184257973,7.668048371314832,41.43563939701764,48.01742489168215,6.5817854946645085,0.0995469943678054,1.4124094067291182,1.3128624123613128,90.3519815936718,95.06345515948595,4.71147356581416,0.705701754,0.715158045,0.009456291000000006,5375.933235946745,6767.387118555371,1391.4538826086255
Kole Calhoun,2021,2022,182,424,42.746267187789,32.01304314069992,-10.733224047089081,46.21958591335397,53.347114796183405,7.127528882829438,44.79794676021993,44.45937758025445,-0.3385691799654822,46.2419396422659,42.28880601705524,-3.9531336252106613,47.221670869786735,41.02687709398535,-6.1947937758013865,-0.2908734856299653,-1.263074363802758,-0.9722008781727927,80.69252748462362,66.44251956883552,-14.250007915788103,0.670197271,0.586972378,-0.08322489300000002,4907.438823904608,4283.6012681531,-623.8375557515083
Kole Calhoun,2022,2023,424,174,32.01304314069992,50.1728570936526,18.159813952952682,53.347114796183405,43.574984337017725,-9.77213045916568,44.45937758025445,44.72878402622214,0.2694064459676895,42.28880601705524,49.17794316741357,6.88913715035833,41.02687709398535,48.36942794974762,7.342550855762269,-1.263074363802758,-0.2099094968792522,1.0531648669235056,66.44251956883552,80.38998984898083,13.94747028014531,0.586972378,0.657405373,0.070432995,4283.6012681531,5297.645622596225,1014.0443544431246
Kolten Wong,2021,2022,492,497,60.206678230709656,57.28017946941112,-2.9264987612985394,46.62243490057806,49.77096124799864,3.148526347420585,55.93334996596568,62.10936008301671,6.176010117051028,51.76206233633008,37.48493277140011,-14.277129564929972,46.82695883228854,61.24844245955914,14.421483627270604,2.60955193793976,2.344613742132144,-0.2649381958076158,109.48477096674124,116.54635098387884,7.061580017137601,0.782556864,0.769626497,-0.012930367000000054,6444.887768756224,6692.828583603245,247.9408148470202
Kolten Wong,2022,2023,497,250,57.28017946941112,47.56479399151146,-9.715385477899659,49.77096124799864,34.66896664294518,-15.101994605053463,62.10936008301671,46.88243508097439,-15.226925002042321,37.48493277140011,48.804897716690775,11.319964945290664,61.24844245955914,49.274508022213645,-11.973934437345498,2.344613742132144,-0.717999045103806,-3.06261278723595,116.54635098387884,49.77766699828388,-66.76868398559496,0.769626497,0.519392857,-0.2502336399999999,6692.828583603245,4903.195375237032,-1789.6332083662128
Kris Bryant,2021,2022,586,181,51.72800475592024,61.47404483329782,9.746040077377579,55.18330752666307,45.71402842538305,-9.469279101280023,64.92111200448592,46.22052252845032,-18.700589476035603,35.66009863613551,43.29587937620748,7.635780740071972,52.79078804536971,57.02389411471168,4.2331060693419715,3.084211195824316,0.6315508103098159,-2.4526603855145,124.3297865166277,126.90147698243052,2.571690465802817,0.834723801,0.850690607,0.015966806,6355.655902945148,6133.696222707868,-221.95968023727983
Kris Bryant,2022,2023,181,335,61.47404483329782,51.1441624596286,-10.329882373669214,45.71402842538305,42.18968152610905,-3.5243468992740006,46.22052252845032,38.38369226035103,-7.836830268099284,43.29587937620748,37.86825764939843,-5.4276217268090505,57.02389411471168,53.22489959522677,-3.798994519484907,0.6315508103098159,-1.1654379421905303,-1.7969887525003463,126.90147698243052,74.19089720137693,-52.710579781053596,0.850690607,0.680099501,-0.17059110599999994,6133.696222707868,4740.233229327179,-1393.462993380689
Kris Bryant,2023,2024,335,155,51.1441624596286,36.76071743216542,-14.383445027463182,42.18968152610905,38.7390599400197,-3.4506215860893477,38.38369226035103,42.08942337058916,3.7057311102381263,37.86825764939843,42.145525475290725,4.277267825892295,53.22489959522677,47.461711243043496,-5.763188352183278,-1.1654379421905303,-0.7841982050264822,0.38123973716404813,74.19089720137693,69.1821525306791,-5.008744670697823,0.680099501,0.623332524,-0.056766976999999996,4740.233229327179,4076.935107250557,-663.2981220766223
Kurt Suzuki,2021,2022,247,159,50.99942392926455,48.61770995394716,-2.381713975317389,37.06798145512716,37.57736039564414,0.5093789405169815,40.4713705664731,37.70158484161376,-2.7697857248593394,37.79335163409412,40.39315055831482,2.5997989242207,43.08960281844125,53.89803249724304,10.808429678801787,-0.4344137142087669,-0.8252708284631214,-0.3908571142543545,74.8246531535434,60.23689253613698,-14.587760617406417,0.636343304,0.560786812,-0.07555649200000003,4159.0804137041305,4547.974750995536,388.89433729140546
Kyle Farmer,2021,2022,529,583,58.34869740247149,59.99534218624562,1.6466447837741356,43.62093670248587,42.71373615089406,-0.9072005515918136,46.368925063546975,39.3462576819353,-7.022667381611676,62.32330649744437,51.60390068163368,-10.719405815810688,37.15144483636277,42.30893591496351,5.157491078600742,2.12158458613974,1.5356066308623064,-0.5859779552774338,91.40840268893484,91.95568496108652,0.5472822721516764,0.732436946,0.70090574,-0.03153120599999992,5678.2281525849085,5228.583690589002,-449.64446199590657
Kyle Farmer,2022,2023,583,369,59.99534218624562,54.50247868528283,-5.492863500962791,42.71373615089406,43.23135122943442,0.5176150785403664,39.3462576819353,46.96197660756066,7.615718925625359,51.60390068163368,54.08663460852624,2.482733926892557,42.30893591496351,44.11953149968376,1.8105955847202466,1.5356066308623064,1.3917306198850987,-0.1438760109772077,91.95568496108652,98.98263006844287,7.0269451073563545,0.70090574,0.724811265,0.023905524999999983,5228.583690589002,5571.936541188175,343.3528505991735
Kyle Farmer,2023,2024,369,242,54.50247868528283,50.97472782871839,-3.527750856564438,43.23135122943442,43.19428429664747,-0.037066932786956386,46.96197660756066,39.65533784969995,-7.306638757860711,54.08663460852624,57.93987012409321,3.853235515566972,44.11953149968376,48.7110460207669,4.591514521083141,1.3917306198850987,0.5180992344449329,-0.8736313854401658,98.98263006844287,83.6718800561812,-15.310750012261678,0.724811265,0.646876801,-0.07793446400000004,5571.936541188175,5476.977524814456,-94.95901637371935
Kyle Farmer,2024,2025,242,300,50.97472782871839,50.6872940681744,-0.2874337605439905,43.19428429664747,42.387674285526,-0.8066100111214638,39.65533784969995,40.87701717647887,1.2216793267789257,57.93987012409321,42.46908114433698,-15.470788979756229,48.7110460207669,44.57500651444181,-4.1360395063250905,0.5180992344449329,-1.0480326073175297,-1.5661318417624626,83.6718800561812,65.22341151090158,-18.44846854527961,0.646876801,0.644620938,-0.0022558630000000246,5476.977524814456,4645.7463555860695,-831.2311692283865
Kyle Garlick,2021,2022,107,162,46.07263553635987,40.99942189809251,-5.073213638267362,53.71541699461969,59.07340649177835,5.357989497158663,52.170247325642926,48.558144884306266,-3.61210244133666,50.535520703521215,44.6247165064283,-5.910804197092915,46.38402471900897,42.739622478544106,-3.6444022404648635,0.3527997603433278,0.136715251968652,-0.21608450837467577,100.06621053281566,103.13152310450644,3.0653125716907823,0.745020295,0.71728395,-0.027736344999999996,5894.022084144188,5286.403586683749,-607.6184974604384
Kyle Higashioka,2021,2022,211,248,40.74750859340064,50.103074461978885,9.355565868578246,55.974800723541016,55.10672359058591,-0.8680771329551078,39.30567764180864,43.63014711618547,4.324469474376826,60.26143945435868,68.84365776291975,8.582218308561067,48.76226744235315,44.01148034788337,-4.7507870944697785,0.6673592375674356,1.6039258436902788,0.9365666061228431,72.34942086394719,82.04589161432554,9.696470750378353,0.635046533,0.65287393,0.017827397000000023,5599.3467609027775,6373.986201191002,774.6394402882243
Kyle Higashioka,2022,2023,248,260,50.103074461978885,44.6079276534883,-5.495146808490588,55.10672359058591,54.45628655712374,-0.6504370334621683,43.63014711618547,41.81450384961798,-1.8156432665674913,68.84365776291975,62.48529032008607,-6.358367442833675,44.01148034788337,42.45281452370291,-1.5586658241804585,1.6039258436902788,1.3671504275921205,-0.23677541609815833,82.04589161432554,85.3810051252692,3.335113510943657,0.65287393,0.687354414,0.03448048399999992,6373.986201191002,5642.354215580526,-731.6319856104756
Kyle Higashioka,2023,2024,260,263,44.6079276534883,44.45980959104065,-0.1481180624476437,54.45628655712374,55.88495032349046,1.4286637663667179,41.81450384961798,46.39018422435553,4.575680374737551,62.48529032008607,55.59272380189907,-6.892566518187003,42.45281452370291,46.21051731436376,3.7577027906608507,1.3671504275921205,1.570272810382862,0.20312238279074157,85.3810051252692,104.32753832343454,18.94653319816534,0.687354414,0.738968534,0.051614119999999986,5642.354215580526,5839.288912905548,196.93469732502217
Kyle Higashioka,2024,2025,263,327,44.45980959104065,51.3995270504916,6.9397174594509465,55.88495032349046,48.78033772697864,-7.104612596511821,46.39018422435553,46.98268997624325,0.592505751887721,55.59272380189907,51.79583313257121,-3.7968906693278583,46.21051731436376,48.39528560382353,2.184768289459768,1.570272810382862,0.9897443094231956,-0.5805285009596665,104.32753832343454,92.96629799439977,-11.361240329034771,0.738968534,0.693160141,-0.04580839299999995,5839.288912905548,5814.186182926509,-25.102729979039395
Kyle Isbel,2022,2023,278,313,48.83234384656832,55.59731026469652,6.764966418128196,49.25112067780333,46.523680687714446,-2.7274399900888824,53.87762652947143,64.46419727454617,10.586570745074738,64.72786542681247,62.07611255315284,-2.651752873659632,47.27414991033759,46.501108398969,-0.7730415113685893,0.4798742397533315,1.1626333760791072,0.6827591363257757,65.55750785237541,76.1979324658452,10.64042461346979,0.603381656,0.662188268,0.058806611999999925,6616.703359190607,7161.139149028866,544.4357898382586
Kyle Isbel,2023,2024,313,426,55.59731026469652,54.72190225681327,-0.8754080078832445,46.523680687714446,45.07369948532923,-1.4499812023852172,64.46419727454617,70.20743569527066,5.743238420724495,62.07611255315284,57.60598191588733,-4.4701306372655125,46.501108398969,47.13683006090727,0.6357216619382697,1.1626333760791072,1.4916345947366214,0.3290012186575142,76.1979324658452,82.2694900262207,6.071557560375496,0.662188268,0.654268839,-0.007919428999999978,7161.139149028866,7118.741762202142,-42.39738682672396
Kyle Isbel,2024,2025,426,409,54.72190225681327,57.24551503353649,2.523612776723219,45.07369948532923,39.88564584313994,-5.188053642189288,70.20743569527066,44.84447029929926,-25.3629653959714,57.60598191588733,62.32965564862732,4.7236737327399965,47.13683006090727,49.35403085678151,2.2172007958742412,1.4916345947366214,1.122336172344843,-0.36929842239177835,82.2694900262207,79.20166569806034,-3.0678243281603557,0.654268839,0.653765919,-0.0005029199999999623,7118.741762202142,6071.821583233717,-1046.9201789684248
Kyle Manzardo,2024,2025,156,531,43.00035966448899,45.911087449271065,2.9107277847820754,51.29452841495581,58.55372848794539,7.259200072989579,43.36985955479726,45.95448814987844,2.5846285950811847,47.39921596960079,39.136865411770415,-8.262350557830374,46.40339928940375,49.59196113645845,3.1885618470547,0.0259726906937152,1.1767582578790226,1.1507855671853073,98.08775386445171,112.65081053203048,14.563056667578763,0.702740937,0.76793685,0.06519591300000005,5079.052942219496,5418.778297092629,339.72535487313326
Kyle Schwarber,2021,2022,471,669,51.34184674152343,43.87244788280464,-7.46939885871879,73.72196164422945,77.7098006151746,3.9878389709451483,37.10152438773997,50.570852805842605,13.469328418102634,31.86166057731261,20.0,-11.861660577312609,64.79225750716054,65.94011082652224,1.147853319361701,2.6708576844250134,2.2145631623758764,-0.456294522049137,145.2543943368363,129.09934398004663,-16.155050356789673,0.927557747,0.82720271,-0.10035503700000004,6226.223710608026,5973.7492820176285,-252.4744285903971
Kyle Schwarber,2022,2023,669,720,43.87244788280464,36.95166667355586,-6.92078120924878,77.7098006151746,70.88712091520952,-6.822679699965079,50.570852805842605,34.448693795939846,-16.12215900990276,20.0,20.0,0.0,65.94011082652224,73.88706684322524,7.946956016702998,2.2145631623758764,0.8699506607960443,-1.344612501579832,129.09934398004663,118.3654120413546,-10.733931938692024,0.82720271,0.816559828,-0.010642881999999965,5973.7492820176285,4735.468015251767,-1238.2812667658618
Kyle Schwarber,2023,2024,720,692,36.95166667355586,46.34512179244712,9.393455118891254,70.88712091520952,73.73649799976744,2.849377084557915,34.448693795939846,40.43309650678344,5.984402710843597,20.0,38.13506336568492,18.13506336568492,73.88706684322524,71.53317018762684,-2.3538966555984047,0.8699506607960443,3.3425068344884457,2.4725561736924013,118.3654120413546,134.02278329888222,15.657371257527615,0.816559828,0.85077273,0.034212901999999934,4735.468015251767,6649.680681553292,1914.2126663015251
Kyle Schwarber,2024,2025,692,724,46.34512179244712,44.141903717725086,-2.203218074722031,73.73649799976744,80.0,6.263502000232563,40.43309650678344,48.79359276696602,8.360496260182579,38.13506336568492,34.199247612592266,-3.9358157530926547,71.53317018762684,67.58947439399913,-3.943695793627711,3.3425068344884457,4.9229221902164575,1.5804153557280118,134.02278329888222,152.08051640783808,18.05773310895586,0.85077273,0.92755479,0.07678205999999999,6649.680681553292,6846.9322005308895,197.2515189775977
Kyle Stowers,2024,2025,209,457,33.39810422040896,47.96286585529594,14.564761634886978,52.26655735774592,70.17629198387411,17.90973462612819,47.91243975162448,51.783715394916825,3.8712756432923427,42.42655567399139,49.419065859268,6.992510185276615,39.1256290451199,47.91847681243489,8.792847767314989,-0.7111250556112598,3.9803249401883822,4.691449995799642,67.84331223954246,148.79942673479505,80.95611449525259,0.601275916,0.912280701,0.31100478500000006,4398.289023223916,6764.552049821452,2366.263026597536
Kyle Tucker,2021,2022,567,609,66.34144011949162,60.6026931202895,-5.738746999202121,63.49664553097397,60.08044908827651,-3.416196442697462,62.71144031706578,67.88738667326442,5.1759463561986365,47.79276717266454,64.2302834885555,16.43751631589096,50.90942580207362,54.393643856427545,3.4842180543539243,4.926237084761015,4.872568101010576,-0.05366898375043849,145.74856673743847,129.64229271781184,-16.106274019626625,0.916604287,0.807974179,-0.10863010799999995,8084.971973150492,8973.355306975494,888.3833338250024
Kyle Tucker,2022,2023,609,674,60.6026931202895,68.35026179394883,7.74756867365933,60.08044908827651,59.7112578169151,-0.3691912713614087,67.88738667326442,73.15834101832674,5.2709543450623215,64.2302834885555,41.27508562814707,-22.955197860408433,54.393643856427545,65.1271020891818,10.73345823275426,4.872568101010576,4.906315296425944,0.0337471954153683,129.64229271781184,139.37088737867174,9.728594660859898,0.807974179,0.886237194,0.07826301499999999,8973.355306975494,8849.036237313188,-124.31906966230599
Kyle Tucker,2023,2024,674,339,68.35026179394883,64.59737489239753,-3.7528869015513067,59.7112578169151,64.94634109704629,5.235083280131185,73.15834101832674,53.38366716696004,-19.7746738513667,41.27508562814707,53.229651194250415,11.954565566103348,65.1271020891818,79.71787621470405,14.590774125522245,4.906315296425944,4.205214435573225,-0.7011008608527192,139.37088737867174,179.23002027364984,39.8591328949781,0.886237194,0.99257564,0.10633844599999998,8849.036237313188,9461.562576856108,612.5263395429192
Kyle Tucker,2024,2025,339,597,64.59737489239753,63.06582665562137,-1.5315482367761533,64.94634109704629,54.18202204992991,-10.764319047116373,53.38366716696004,66.5416341643766,13.157966997416565,53.229651194250415,49.24686231333092,-3.982788880919493,79.71787621470405,73.3279472544342,-6.389928960269842,4.205214435573225,4.498510782091407,0.2932963465181819,179.23002027364984,135.97800271715482,-43.25201755649502,0.99257564,0.841104377,-0.15147126300000002,9461.562576856108,8813.92574133054,-647.6368355255672
LaMonte Wade Jr.,2021,2022,381,251,56.0840087346803,52.87237062765377,-3.2116381070265305,56.22948448533808,48.20160755750235,-8.027876927835727,52.21430929207482,48.149489134939785,-4.064820157135038,51.173806762032605,45.827496715200695,-5.34631004683191,53.254472863926175,58.88455804224456,5.630085178318382,1.889923215576479,0.1028621696452539,-1.787061045931225,117.5314485094663,92.83553245598972,-24.69591605347658,0.808402803,0.664667887,-0.143734916,6882.568702122575,6128.553344284151,-754.0153578384243
LaMonte Wade Jr.,2022,2023,251,519,52.87237062765377,58.95271677361468,6.08034614596091,48.20160755750235,51.08660546491205,2.884997907409698,48.149489134939785,43.22341724978273,-4.926071885157057,45.827496715200695,40.690478435606366,-5.137018279594329,58.88455804224456,74.0620251114507,15.177467069206138,0.1028621696452539,1.8473575060139344,1.7444953363686806,92.83553245598972,120.33281297294802,27.4972805169583,0.664667887,0.79006495,0.12539706299999998,6128.553344284151,6827.820281642187,699.2669373580366
LaMonte Wade Jr.,2023,2024,519,401,58.95271677361468,55.32392804156319,-3.6287887320514898,51.08660546491205,51.432189956103976,0.3455844911919286,43.22341724978273,44.07383383990921,0.8504165901264855,40.690478435606366,44.523781682890366,3.8333032472840003,74.0620251114507,72.520422876585,-1.5416022348656924,1.8473575060139344,1.3347710031027635,-0.5125865029111709,120.33281297294802,118.8692961257012,-1.4635168472468223,0.79006495,0.760664652,-0.02940029799999999,6827.820281642187,6807.461137732455,-20.359143909731756
LaMonte Wade Jr.,2024,2025,401,242,55.32392804156319,45.29879365228802,-10.025134389275173,51.432189956103976,39.190043743227946,-12.24214621287603,44.07383383990921,48.4650440034263,4.391210163517087,44.523781682890366,40.13604487163716,-4.387736811253205,72.520422876585,62.98002435309368,-9.54039852349132,1.3347710031027635,-1.5585467941791675,-2.893317797281931,118.8692961257012,52.28974450746653,-66.57955161823466,0.760664652,0.524421849,-0.236242803,6807.461137732455,5231.0449378704525,-1576.416199862003
Lane Thomas,2021,2022,264,548,53.10101534484532,53.04544135647909,-0.05557398836623406,51.694181717056175,48.53932444865417,-3.1548572684020044,54.19849421175741,47.6787916098988,-6.5197026018586115,47.10369873833055,46.217721729362445,-0.8859770089681049,65.58204501741743,52.853082042620485,-12.728962974796943,0.9117490740919454,1.3647370398200385,0.4529879657280931,103.83550385514108,98.02112813663702,-5.814375718504067,0.752413514,0.704709347,-0.04770416700000002,6976.636735181213,5867.569544945111,-1109.0671902361019
Lane Thomas,2022,2023,548,682,53.04544135647909,55.02660200407556,1.9811606475964751,48.53932444865417,55.723638927289166,7.184314478634995,47.6787916098988,62.929095416520966,15.250303806622163,46.217721729362445,51.9797064294732,5.761984700110752,52.853082042620485,47.163223362640124,-5.689858679980361,1.3647370398200385,2.93226645816377,1.5675294183437314,98.02112813663702,109.17081580851418,11.14968767187716,0.704709347,0.783402132,0.07869278499999999,5867.569544945111,7080.95768003248,1213.388135087369
Lane Thomas,2023,2024,682,528,55.02660200407556,51.550669141171255,-3.4759328629043083,55.723638927289166,51.28286791361565,-4.440771013673519,62.929095416520966,63.80905948239716,0.8799640658761945,51.9797064294732,40.77202245188938,-11.20768397758382,47.163223362640124,55.013610731313726,7.850387368673601,2.93226645816377,1.373688428421843,-1.558578029741927,109.17081580851418,98.80129304021476,-10.369522768299419,0.783402132,0.709135849,-0.07426628299999993,7080.95768003248,6465.570723770457,-615.386956262023
Lane Thomas,2024,2025,528,142,51.550669141171255,34.845683377135614,-16.70498576403564,51.28286791361565,43.03107251370234,-8.251795399913306,63.80905948239716,49.88902717290154,-13.920032309495618,40.77202245188938,48.251435714552365,7.4794132626629874,55.013610731313726,53.23557402707345,-1.7780367042402787,1.373688428421843,-0.5230919618272156,-1.8967803902490585,98.80129304021476,47.80665740388274,-50.99463563633202,0.709135849,0.518478873,-0.1906569760000001,6465.570723770457,4982.188258847496,-1483.382464922961
Lars Nootbaar,2021,2022,124,347,49.259682375145616,53.5420641718571,4.2823817967114834,49.238310866459614,62.76912014016753,13.530809273707916,54.12896268275608,55.06925240692402,0.9402897241679398,53.70930380505343,61.14918805944528,7.439884254391849,59.28325747807098,71.59681841079883,12.313560932727853,0.5829209083343233,2.635202219253076,2.0522813109187528,98.6756835032366,122.54488842361658,23.869204920379985,0.739091518,0.788333498,0.04924198000000002,6706.017459161038,8748.010715876318,2041.993256715281
Lars Nootbaar,2022,2023,347,503,53.5420641718571,61.85474779319905,8.312683621341954,62.76912014016753,51.72334630093197,-11.045773839235558,55.06925240692402,57.68275320191676,2.6135007949927385,61.14918805944528,54.20744434693805,-6.9417437125072325,71.59681841079883,74.94106325617086,3.3442448453720317,2.635202219253076,3.1411317499573173,0.5059295307042411,122.54488842361658,118.12038421153665,-4.424504212079938,0.788333498,0.784374239,-0.003959258999999937,8748.010715876318,8563.093310251297,-184.91740562502127
Lars Nootbaar,2023,2024,503,405,61.85474779319905,60.53492443273257,-1.3198233604664793,51.72334630093197,59.56823236597618,7.844886065044207,57.68275320191676,51.9851915708336,-5.697561631083161,54.20744434693805,46.02564809253147,-8.181796254406578,74.94106325617086,72.85217702832107,-2.088886227849798,3.1411317499573173,1.7108996918639114,-1.4302320580934058,118.12038421153665,114.13013111030143,-3.9902531012352114,0.784374239,0.758250824,-0.02612341500000004,8563.093310251297,8016.667577036324,-546.4257332149737
Lars Nootbaar,2024,2025,405,583,60.53492443273257,53.64348616384839,-6.891438268884187,59.56823236597618,52.68277035419869,-6.885462011777491,51.9851915708336,40.04900202958181,-11.936189541251792,46.02564809253147,44.05988032303043,-1.965767769501042,72.85217702832107,64.58939093798656,-8.262786090334501,1.7108996918639114,0.8303861492028995,-0.8805135426610119,114.13013111030143,96.08971123372274,-18.040419876578696,0.758250824,0.686235391,-0.07201543300000002,8016.667577036324,6187.162367764782,-1829.5052092715414
Lawrence Butler,2023,2024,129,451,44.16134768128477,51.79461466258351,7.633266981298746,47.77763637186452,64.03019534346147,16.252558971596955,43.62667283519243,65.5383139360608,21.911641100868373,51.30405569007197,48.8617425201344,-2.44231316993757,42.24259109818338,49.66690873802174,7.424317639838357,-0.1622811325243383,3.128522261662127,3.290803394186465,58.72361221010644,130.1370832211039,71.41347101099745,0.581773491,0.807364432,0.225590941,4976.515148212862,7472.66820575474,2496.1530575418774
Lawrence Butler,2024,2025,451,630,51.79461466258351,40.62075523337188,-11.173859429211632,64.03019534346147,56.05065830102809,-7.979537042433378,65.5383139360608,58.79693930493377,-6.74137463112703,48.8617425201344,51.11520068671069,2.2534581665762943,49.66690873802174,52.00943526523119,2.3425265272094506,3.128522261662127,2.034410742823372,-1.094111518838755,130.1370832211039,95.51550579704784,-34.621577424056056,0.807364432,0.70995041,-0.09741402199999993,7472.66820575474,6347.817130838396,-1124.8510749163434
Lenyn Sosa,2023,2024,173,369,48.31357043322088,58.72214838201049,10.408577948789606,47.39742590652135,47.124026262867126,-0.27339964365422276,42.26398123450645,45.4180594567226,3.1540782222161496,48.95614512752997,45.24051204419106,-3.715633083338915,34.94304979395481,33.53420679193928,-1.40884300201553,-0.6295929586353671,0.1002341704852581,0.7298271291206252,48.04907115999624,80.53759119167991,32.48852003168367,0.571090386,0.642353104,0.07126271800000006,4641.690724696986,4968.579596870637,326.8888721736512
Lenyn Sosa,2024,2025,369,544,58.72214838201049,55.669403766733,-3.05274461527749,47.124026262867126,55.23925948310298,8.11523322023585,45.4180594567226,44.76013906189055,-0.657920394832054,45.24051204419106,44.90150318701525,-0.33900885717580564,33.53420679193928,32.656024567893226,-0.8781822240460571,0.1002341704852581,1.3421614322915458,1.2419272618062878,80.53759119167991,99.60694748581646,19.069356294136554,0.642353104,0.727180613,0.08482750900000002,4968.579596870637,5155.533342612308,186.9537457416709
Leody Taveras,2021,2022,185,341,39.13912310661188,47.34694269760322,8.207819590991335,42.40950177721121,47.24811591821181,4.838614141000598,68.93578561535706,56.070332023694505,-12.865453591662558,59.14093644509488,54.29789592785444,-4.843040517240439,43.62410291377158,46.0418224966313,2.4177195828597178,-0.2356394926014124,1.2064717956011548,1.4421112882025673,27.54674743625035,92.50650003680693,64.95975260055658,0.476636681,0.675065567,0.19842888599999997,6157.001689253284,5996.737573557679,-160.26411569560514
Leody Taveras,2022,2023,341,554,47.34694269760322,55.85641205822065,8.50946936061743,47.24811591821181,52.19372637045807,4.945610452246264,56.070332023694505,58.53451333855854,2.4641813148640352,54.29789592785444,53.63617997576233,-0.6617159520921092,46.0418224966313,45.34074456614117,-0.7010779304901291,1.2064717956011548,2.521194397526985,1.3147226019258302,92.50650003680693,101.34954039143769,8.843040354630759,0.675065567,0.732903348,0.05783778100000003,5996.737573557679,6692.837685698788,696.1001121411091
Leody Taveras,2023,2024,554,529,55.85641205822065,49.09059774630098,-6.765814311919669,52.19372637045807,45.53240822119399,-6.661318149264083,58.53451333855854,60.46078940386531,1.926276065306773,53.63617997576233,52.36104759751008,-1.275132378252252,45.34074456614117,49.835975753476205,4.495231187335037,2.521194397526985,1.18269130491147,-1.338503092615515,101.34954039143769,83.89084219336124,-17.458698198076448,0.732903348,0.641056717,-0.09184663100000001,6692.837685698788,6281.666704551654,-411.1709811471337
Leody Taveras,2024,2025,529,180,49.09059774630098,43.56685739579063,-5.5237403505103515,45.53240822119399,43.580719514039664,-1.9516887071543252,60.46078940386531,55.76092708015741,-4.6998623237079045,52.36104759751008,45.51757007193489,-6.843477525575189,49.835975753476205,37.6945877978289,-12.141387955647303,1.18269130491147,-0.7808336538363795,-1.9635249587478496,83.89084219336124,47.159155184732896,-36.73168700862834,0.641056717,0.530082267,-0.11097444999999995,6281.666704551654,4862.218897523073,-1419.4478070285813
Leury García,2021,2022,474,315,53.99148233166592,47.951731210828505,-6.0397511208374155,39.8927520651894,39.27179543852259,-0.6209566266668105,63.609071549316894,57.07718047015247,-6.531891079164424,47.021634396259145,51.27814695779262,4.2565125615334765,44.62743908078271,31.79587538077484,-12.831563700007866,1.500045624901951,-1.0965646141908048,-2.5966102390927555,96.45611946173727,38.370758836813,-58.08536062492427,0.711387484,0.499893503,-0.21149398099999994,5796.86491701937,4853.520453596984,-943.3444634223861
Lewin Díaz,2021,2022,128,174,43.186207246929385,38.25457874879438,-4.931628498135005,51.48246289546459,45.89924122928477,-5.583221666179824,47.38834696266473,46.84052900613193,-0.5478179565327963,54.39301853968906,53.69730960617349,-0.6957089335155686,34.10470650159027,45.8947242795824,11.790017777992126,0.1440377956979082,-0.6786839083787396,-0.8227217040766478,77.77950026918572,40.2660519784818,-37.51344829070392,0.693007172,0.511637931,-0.18136924099999996,5025.623828300399,5060.152226192301,34.52839789190239
Logan O'Hoppe,2023,2024,199,522,44.29012297405765,41.26454827463718,-3.025574699420474,61.87153733369206,57.99127637272196,-3.880260960970098,40.01703055913307,37.06033178210061,-2.9566987770324573,37.743291236822216,54.70416223180341,16.960870994981192,43.54832767819,39.38405453218616,-4.164273146003836,0.303447115068137,2.145799210603808,1.842352095535671,113.1724408050633,101.6011702451672,-11.571270559896107,0.796482412,0.712448758,-0.08403365400000007,4897.468212055597,4921.313794164012,23.84558210841442
Logan O'Hoppe,2024,2025,522,451,41.26454827463718,36.77188424974253,-4.492664024894651,57.99127637272196,56.48241616851905,-1.508860204202911,37.06033178210061,41.69253885676943,4.63220707466882,54.70416223180341,33.96225251337973,-20.741909718423678,39.38405453218616,39.0355367289377,-0.3485178032484626,2.145799210603808,-0.7859215837261173,-2.9317207943299253,101.6011702451672,71.7464247990253,-29.85474544614189,0.712448758,0.628936169,-0.08351258899999991,4921.313794164012,4093.812182718031,-827.5016114459804
Lorenzo Cain,2021,2022,286,156,57.64190674458916,44.334341167740895,-13.307565576848262,46.73886128886629,39.4743498726267,-7.264511416239586,66.8416339785002,48.72396256421806,-18.117671414282135,55.16901670958942,51.652173412511466,-3.516843297077955,56.35630632985646,42.01426913784093,-14.342037192015532,1.5087256112915468,-0.6734135282225229,-2.18213913951407,97.9265201979198,31.54064106283333,-66.38587913508647,0.729449538,0.465251988,-0.26419755,7543.50121112981,4861.286323607221,-2682.2148875225894
Lourdes Gurriel Jr.,2021,2022,541,493,57.68740542781633,62.92763586232559,5.240230434509257,55.129748803413904,48.40432102561653,-6.725427777797371,36.15766311651002,34.663837893970324,-1.493825222539698,51.52029200432536,46.51379038288216,-5.006501621443199,40.47848357786621,47.60932570795153,7.13084213008532,1.7129361650648134,1.5268125017860923,-0.1861236632787211,107.44854459159406,114.64491770078652,7.196373109192464,0.784518518,0.743054432,-0.04146408600000007,5448.160732844258,5490.747911150558,42.5871783063003
Lourdes Gurriel Jr.,2022,2023,493,592,62.92763586232559,61.26039105937469,-1.667244802950897,48.40432102561653,55.40228724076368,6.9979662151471445,34.663837893970324,48.05432979308053,13.390491899110202,46.51379038288216,53.39149089128728,6.87770050840512,47.60932570795153,44.28913975685811,-3.320185951093414,1.5268125017860923,1.991855584064849,0.4650430822787568,114.64491770078652,105.07592007575836,-9.56899762502816,0.743054432,0.771916539,0.028862107000000026,5490.747911150558,6514.647308784823,1023.8993976342645
Lourdes Gurriel Jr.,2023,2024,592,553,61.26039105937469,61.22865420377879,-0.031736855595902114,55.40228724076368,50.99464736992269,-4.407639870840988,48.05432979308053,52.79729722428398,4.7429674312034535,53.39149089128728,52.183102939343286,-1.2083879519439975,44.28913975685811,41.42457337781836,-2.8645663790397506,1.991855584064849,2.125213841603353,0.13335825753850372,105.07592007575836,108.31744267166582,3.2415225959074547,0.771916539,0.756578505,-0.015338034,6514.647308784823,6309.248839330584,-205.3984694542387
Lourdes Gurriel Jr.,2024,2025,553,546,61.22865420377879,58.56628273976219,-2.6623714640166014,50.99464736992269,47.98612304928923,-3.0085243206334553,52.79729722428398,48.04815827368553,-4.74913895059845,52.183102939343286,45.6320615770072,-6.551041362336086,41.42457337781836,41.681636332453,0.257062954634641,2.125213841603353,0.7401006271042117,-1.3851132144991412,108.31744267166582,94.63401352769505,-13.68342914397077,0.756578505,0.712871794,-0.04370671100000001,6309.248839330584,5540.716265391982,-768.5325739386017
Luis Arraez,2021,2022,479,603,75.37414618131942,80.0,4.625853818680582,35.93100235977677,42.97405318119625,7.043050821419477,52.25788366076753,40.94635124432776,-11.311532416439775,44.57920090325202,38.62514811447201,-5.954052788780011,63.01767641843123,68.08271677763962,5.065040359208389,1.5873752194792006,2.6565523839116145,1.069177164432414,104.6047237730855,130.10277018638016,25.49804641329466,0.73316196,0.795268022,0.06210606200000002,6883.149169862372,7064.179687743856,181.03051788148423
Luis Arraez,2022,2023,603,617,80.0,80.0,0.0,42.97405318119625,39.78519116709583,-3.1888620141004154,40.94635124432776,42.71109668066698,1.7647454363392185,38.62514811447201,32.91100889514248,-5.714139219329532,68.08271677763962,53.01205194097682,-15.0706648366628,2.6565523839116145,3.387343598793208,0.7307912148815934,130.10277018638016,131.25663885824812,1.1538686718679685,0.795268022,0.861498256,0.06623023399999994,7064.179687743856,5836.345666004261,-1227.8340217395953
Luis Arraez,2023,2024,617,672,80.0,80.0,0.0,39.78519116709583,35.75714720963935,-4.028043957456482,42.71109668066698,49.40216760957875,6.6910709289117705,32.91100889514248,28.18849724655408,-4.722511648588402,53.01205194097682,48.78553227696909,-4.226519664007725,3.387343598793208,1.115193923745451,-2.272149675047757,131.25663885824812,109.21884083893246,-22.03779801931566,0.861498256,0.738733334,-0.122764922,5836.345666004261,5372.355937324182,-463.98972868007877
Luis Arraez,2024,2025,672,675,80.0,80.0,0.0,35.75714720963935,33.89469652365332,-1.8624506859860261,49.40216760957875,48.340963352852135,-1.0612042567266116,28.18849724655408,33.65593599360152,5.467438747047439,48.78553227696909,61.16347708801011,12.377944811041019,1.115193923745451,0.8831186375556885,-0.23207528618976236,109.21884083893246,104.0334194757212,-5.185421363211262,0.738733334,0.719235633,-0.019497700999999923,5372.355937324182,6147.929194174338,775.5732568501553
Luis Campusano,2023,2024,174,299,66.78735515266156,56.198416304173385,-10.588938848488176,50.109262990819495,45.65325206935959,-4.456010921459907,42.05875941933667,45.0968203672949,3.038060947958236,46.91327195450697,30.777702396026285,-16.135569558480682,39.270841317300906,47.26514023532832,7.994298918027411,1.0394885445322188,-0.4619273766020391,-1.501415921134258,132.90828822619943,82.68628012481527,-50.22200810138416,0.847119385,0.641947284,-0.20517210099999994,5655.1874189985065,4813.949423757484,-841.2379952410229
Luis García Jr.,2021,2022,247,377,52.324733114671936,52.670443879606026,0.3457107649340898,45.28117538257714,50.27324150281026,4.992066120233119,47.97529151827589,39.56764578048789,-8.407645737788002,33.29550222832384,34.80544035235921,1.5099381240353722,38.08529348030902,32.72611210553351,-5.35918137477551,-0.6791200208588037,0.2023366492606595,0.8814566701194633,79.98088610425995,94.64686313794432,14.66597703368437,0.686320592,0.703546098,0.017225506000000057,4469.935298737657,4221.2751355250775,-248.6601632125794
Luis García Jr.,2022,2023,377,482,52.670443879606026,64.32962477735347,11.659180897747447,50.27324150281026,44.72066507154749,-5.5525764312627715,39.56764578048789,47.61384242077536,8.046196640287476,34.80544035235921,46.2329318009269,11.427491448567686,32.72611210553351,44.85936828235005,12.133256176816538,0.2023366492606595,0.500220177347965,0.29788352808730545,94.64686313794432,84.23861738268062,-10.408245755263707,0.703546098,0.688321775,-0.015224322999999984,4221.2751355250775,5785.885596381226,1564.6104608561482
Luis García Jr.,2023,2024,482,528,64.32962477735347,63.05083318048549,-1.2787915968679826,44.72066507154749,53.79659371030949,9.075928638762,47.61384242077536,53.34086917810466,5.727026757329298,46.2329318009269,57.509536805793694,11.276605004866795,44.85936828235005,39.80438738908221,-5.054980893267839,0.500220177347965,3.018198253010105,2.51797807566214,84.23861738268062,110.26560092143444,26.026983538753825,0.688321775,0.762181818,0.07386004299999993,5785.885596381226,6718.223987184847,932.3383908036212
Luis García Jr.,2024,2025,528,526,63.05083318048549,59.54605821013927,-3.5047749703462188,53.79659371030949,53.25646133721065,-0.5401323730988352,53.34086917810466,50.7982705947531,-2.5425985833515625,57.509536805793694,42.33913838029198,-15.170398425501716,39.80438738908221,37.16900052185228,-2.6353868672299257,3.018198253010105,0.7319554727275124,-2.2862427802825924,110.26560092143444,91.09834515432694,-19.167255767107505,0.762181818,0.700858629,-0.061323189,6718.223987184847,5618.021333465689,-1100.2026537191578
Luis Guillorme,2021,2022,156,335,61.92748383615845,67.76209882491793,5.834614988759476,31.952296428124875,38.02008546112356,6.067789032998682,41.1206732180708,39.24012072960397,-1.8805524884668259,51.66205638555708,59.83945812810549,8.177401742548412,69.95090266687214,65.91799631810493,-4.032906348767213,0.4983145525706666,1.772504946238387,1.2741903936677206,97.15959145726478,103.70594685550223,6.546355398237452,0.684799608,0.691418691,0.006619083000000026,6354.338921056978,7050.933315977889,696.5943949209113
Luis Guillorme,2022,2023,335,120,67.76209882491793,51.05253887085875,-16.70955995405918,38.02008546112356,33.254316193653295,-4.765769267470262,39.24012072960397,48.96537607432499,9.72525534472102,59.83945812810549,45.342680706991054,-14.496777421114437,65.91799631810493,54.653370713796,-11.264625604308925,1.772504946238387,-0.3500549881154638,-2.122559934353851,103.70594685550223,68.54092117353866,-35.16502568196357,0.691418691,0.615238396,-0.07618029500000001,7050.933315977889,5142.634800842958,-1908.2985151349312
Luis Guillorme,2023,2024,120,187,51.05253887085875,54.713250334370144,3.6607114635113973,33.254316193653295,34.01026769219574,0.7559514985424443,48.96537607432499,50.46890352466301,1.5035274503380194,45.342680706991054,53.69162042844433,8.348939721453277,54.653370713796,63.961219555039406,9.307848841243406,-0.3500549881154638,0.1300920327824948,0.4801470208979586,68.54092117353866,67.4526099610692,-1.0883112124694634,0.615238396,0.574367193,-0.04087120299999991,5142.634800842958,6286.834588825692,1144.199787982734
Luis Matos,2023,2024,253,156,61.76725292484099,57.32937576982372,-4.437877155017269,37.94240306710948,44.50979433478336,6.567391267673877,47.84985646480303,44.6202690530542,-3.229587411748831,37.35648310901735,41.39980893049247,4.043325821475122,55.259606199709566,36.16223522939763,-19.097370970311935,-0.4084103955832353,-0.8186799042309374,-0.4102695086477021,85.33277608981241,59.67699929877363,-25.655776791038782,0.660830362,0.583846153,-0.07698420900000003,5432.519237132296,4734.024726920513,-698.4945102117836
Luis Matos,2024,2025,156,184,57.32937576982372,52.679947660727535,-4.649428109096185,44.50979433478336,50.7268575478474,6.217063213064044,44.6202690530542,56.8887363463092,12.268467293255,41.39980893049247,40.257594353313074,-1.142214577179395,36.16223522939763,43.51914567588379,7.356910446486161,-0.8186799042309374,-0.2278712050945492,0.5908086991363882,59.67699929877363,90.52972236411722,30.85272306534359,0.583846153,0.690722951,0.10687679800000005,4734.024726920513,5655.382025120178,921.3572981996649
Luis Rengifo,2021,2022,190,511,47.3893552434178,58.40826939242605,11.018914149008246,41.03842464413057,48.50917631611544,7.470751671984871,53.49944457134436,58.02309923868801,4.523654667343649,39.41160708179257,41.3485692742007,1.9369621924081315,41.14978466559409,34.11596666240109,-7.033818003192998,-0.9155118503316124,1.6685110555377105,2.5840229058693227,49.21300277450243,102.38231473141563,53.169311956913205,0.556334131,0.723565499,0.16723136800000005,4670.000109960295,5445.018682730385,775.01857277009
Luis Rengifo,2022,2023,511,445,58.40826939242605,53.70487685960406,-4.7033925328219865,48.50917631611544,50.67918064698461,2.170004330869169,58.02309923868801,48.31619499676991,-9.706904241918103,41.3485692742007,39.53648005532312,-1.8120892188775812,34.11596666240109,50.92503641369834,16.80906975129725,1.6685110555377105,1.696458845285359,0.027947789747648555,102.38231473141563,114.61711226851584,12.234797537100206,0.723565499,0.783488278,0.05992277899999998,5445.018682730385,5624.98387185134,179.96518912095507
Luis Rengifo,2023,2024,445,304,53.70487685960406,60.15171945739133,6.446842597787267,50.67918064698461,44.46501115785651,-6.214169489128103,48.31619499676991,60.66454102778911,12.348346031019204,39.53648005532312,42.572045573118665,3.035565517795547,50.92503641369834,38.35374972461624,-12.5712866890821,1.696458845285359,1.495477422029353,-0.2009814232560061,114.61711226851584,118.2238155738176,3.606703305301764,0.783488278,0.763495783,-0.019992495,5624.98387185134,5656.195380294758,31.211508443418097
Luis Rengifo,2024,2025,304,541,60.15171945739133,54.83715828168295,-5.314561175708377,44.46501115785651,40.34519123953527,-4.119819918321241,60.66454102778911,45.4175375513167,-15.247003476472415,42.572045573118665,48.09638748951311,5.524341916394448,38.35374972461624,42.8949339496813,4.541184225065059,1.495477422029353,0.0259965176271676,-1.4694809044021853,118.2238155738176,72.68248280800341,-45.54133276581419,0.763495783,0.622366378,-0.14112940499999993,5656.195380294758,5061.780519839811,-594.4148604549473
Luis Robert Jr.,2021,2022,296,401,57.77716689614255,55.468628387942985,-2.308538508199568,63.84829115634432,57.510000230902094,-6.338290925442223,55.20727405187773,61.929422847988015,6.722148796110282,56.41384524554354,51.458574577010985,-4.955270668532556,29.483310799733143,28.1423576914669,-1.3409531082662447,3.41753775755103,2.143967596691556,-1.273570160859474,155.0199489420947,111.07463496643776,-43.94531397565693,0.945651105,0.745517784,-0.20013332100000003,6512.38193935486,6156.923697371993,-355.45824198286755
Luis Robert Jr.,2022,2023,401,595,55.468628387942985,42.24912068151652,-13.219507706426462,57.510000230902094,66.36726953900262,8.857269308100527,61.929422847988015,54.524369339433946,-7.405053508554069,51.458574577010985,64.3662833484611,12.90770877145011,28.1423576914669,30.47883401627915,2.336476324812253,2.143967596691556,4.970270357338911,2.8263027606473545,111.07463496643776,128.92502258327752,17.850387616839768,0.745517784,0.857378779,0.11186099500000002,6156.923697371993,6268.240647117031,111.31694974503807
Luis Robert Jr.,2023,2024,595,425,42.24912068151652,33.51175879724674,-8.73736188426978,66.36726953900262,54.275424888180886,-12.091844650821734,54.524369339433946,56.74635275371239,2.2219834142784407,64.3662833484611,45.74153882909926,-18.624744519361833,30.47883401627915,38.57543269512609,8.096598678846938,4.970270357338911,0.545929545211617,-4.424340812127293,128.92502258327752,84.38940604609681,-44.535616537180715,0.857378779,0.657436746,-0.19994203300000002,6268.240647117031,5017.628240530906,-1250.612406586125
Luis Robert Jr.,2024,2025,425,431,33.51175879724674,41.44849188400941,7.936733086762665,54.275424888180886,52.84012001806144,-1.4353048701194453,56.74635275371239,62.5877776789614,5.841424925249015,45.74153882909926,57.10543842518175,11.36389959608249,38.57543269512609,45.16457077752027,6.589138082394179,0.545929545211617,1.2747873716238205,0.7288578264122035,84.38940604609681,83.53411999668151,-0.8552860494152981,0.657436746,0.661298232,0.003861486000000025,5017.628240530906,6430.34866278831,1412.7204222574046
Luis Torrens,2021,2022,378,166,47.8436005951398,46.74103953725804,-1.1025610578817577,55.39465551571492,47.54284884311662,-7.8518066725983005,46.46808815062534,41.663692048115536,-4.804396102509806,33.83147224014451,42.39383562436107,8.56236338421656,48.53845067567109,49.11661593512239,0.5781652594512963,0.2390659318530254,-0.4602844227764793,-0.6993503546295047,100.901034885317,73.41192955923475,-27.489105326082253,0.729577636,0.581145775,-0.14843186100000005,5117.078193436973,4920.4335135320525,-196.64467990492085
Luis Torrens,2024,2025,130,283,54.26327974869528,55.63561364928997,1.3723339005946897,50.02423976713354,50.55024110933773,0.5260013422041965,43.10565112011518,45.99899009678633,2.8933389766711457,58.9203022840224,69.67211682946242,10.751814545440027,49.82435344239507,46.514060172443095,-3.310293269951977,0.7898094286244878,1.5884624198265986,0.7986529912021109,89.03175367415045,79.07973369331869,-9.952019980831764,0.665189047,0.628515529,-0.03667351800000007,6205.59789598056,6738.745208989299,533.1473130087388
Luis Urías,2021,2022,570,472,54.58327141899,54.38566066228624,-0.19761075670376016,53.29151184294579,49.92692692451092,-3.364584918434865,49.30812022464155,45.263572586384896,-4.0445476382566525,37.416237664085216,50.58792762073747,13.171689956652251,56.98640632039254,61.22015004796483,4.233743727572289,2.376299973973776,2.3877848868540883,0.011484912880312503,111.9668099198119,110.3107794823764,-1.65603043743549,0.789420927,0.738686648,-0.05073427900000005,6003.151985931567,6510.680474529066,507.52848859749884
Luis Urías,2022,2023,472,177,54.38566066228624,43.48608183991343,-10.89957882237281,49.92692692451092,37.48923219656963,-12.437694727941292,45.263572586384896,42.75816476039101,-2.505407825993885,50.58792762073747,47.19911886112477,-3.388808759612701,61.22015004796483,59.85897891398923,-1.3611711339755956,2.3877848868540883,0.0146192301448456,-2.3731656567092427,110.3107794823764,84.37043617525165,-25.94034330712475,0.738686648,0.635753968,-0.10293268,6510.680474529066,5078.499996296835,-1432.1804782322306
Luis Urías,2023,2024,177,109,43.48608183991343,44.496090112522,1.010008272608566,37.48923219656963,49.08535313661216,11.596120940042532,42.75816476039101,44.95907146690592,2.200906706514907,47.19911886112477,46.394093652561146,-0.8050252085636203,59.85897891398923,48.14905982236799,-11.709919091621245,0.0146192301448456,0.2014617481138477,0.18684251796900211,84.37043617525165,107.9700582073534,23.59962203210175,0.635753968,0.696369314,0.06061534600000007,5078.499996296835,5160.932182523367,82.4321862265324
Luis Urías,2024,2025,109,330,44.496090112522,60.93008576653706,16.433995654015064,49.08535313661216,38.47074394814205,-10.614609188470112,44.95907146690592,44.044823055116126,-0.9142484117897922,46.394093652561146,43.90127633676085,-2.492817315800295,48.14905982236799,62.30843706296551,14.159377240597522,0.2014617481138477,0.1227424650437264,-0.0787192830701213,107.9700582073534,83.61237523163348,-24.357682975719925,0.696369314,0.652963803,-0.04340551100000001,5160.932182523367,5945.988750713588,785.0565681902208
Luke Maile,2022,2023,206,199,43.72800603044638,48.18999681512268,4.461990784676303,38.0354498410113,46.10556743772711,8.07011759671581,42.65668394229699,44.297330554360514,1.6406466120635201,55.09355287754748,49.92477856124137,-5.168774316306113,54.0125276688338,50.152138238701525,-3.8603894301322725,0.6963988256183382,0.4575432496964304,-0.23885557592190781,82.49019577952922,86.2348523263983,3.7446565468690807,0.626937723,0.69914226,0.07220453700000007,5218.157508031423,5419.301161361307,201.14365332988382
Luke Maile,2023,2024,199,154,48.18999681512268,37.02852563633801,-11.161471178784673,46.10556743772711,35.86472109838638,-10.240846339340727,44.297330554360514,47.74741333131336,3.450082776952847,49.92477856124137,43.58591704396581,-6.338861517275561,50.152138238701525,50.420534704700174,0.26839646599864864,0.4575432496964304,-0.692263229302738,-1.1498064789991684,86.2348523263983,46.6092755660564,-39.6255767603419,0.69914226,0.519825707,-0.17931655300000005,5419.301161361307,4368.299353297494,-1051.0018080638129
Luke Raley,2023,2024,406,455,34.56631791308198,37.63098600337115,3.0646680902891674,63.51995406590434,63.490712808141126,-0.029241257763210626,62.13260305780352,53.87321926164941,-8.259383796154111,47.094023393458045,41.57932249234436,-5.5147009011136845,41.87507930600177,41.8607407537429,-0.014338552258870152,2.4393667507316223,2.273152094468133,-0.1662146562634894,129.13658177973497,129.17929832078818,0.04271654105320977,0.823529411,0.782959587,-0.04056982399999998,5938.358155285714,5404.607555823698,-533.750599462016
Luke Raley,2024,2025,455,219,37.63098600337115,30.60724283703871,-7.023743166332437,63.490712808141126,50.3510181198861,-13.139694688255027,53.87321926164941,48.16144563505334,-5.71177362659607,41.57932249234436,47.46040660782081,5.8810841154764475,41.8607407537429,45.0917782274134,3.231037473670497,2.273152094468133,0.1724007266689791,-2.1007513677991536,129.17929832078818,91.20633485347012,-37.97296346731805,0.782959587,0.630919853,-0.15203973400000004,5404.607555823698,4646.888097088076,-757.7194587356216
Luke Voit,2021,2022,241,568,35.82347190445589,33.51872168162531,-2.3047502228305845,59.96342277570494,59.24790473375367,-0.7155180419512703,44.43591796935615,25.974237648783557,-18.46168032057259,43.83144232483632,42.54038329652518,-1.291059028311139,45.20439424547154,47.77397610422769,2.569581858756152,0.5531409408664896,0.4215718868629234,-0.13156905400356617,112.8649592299218,102.55368185179418,-10.311277378127613,0.764420547,0.710098591,-0.054321956000000005,4926.9816879368855,3929.495936895399,-997.4857510414863
Luke Williams,2021,2022,108,136,54.87817036696741,40.73858909934241,-14.139581267624997,35.812690576535886,35.16777972967901,-0.6449108468568738,46.72394617681434,59.48798032388152,12.764034147067186,52.941158418033154,54.42540797383273,1.484249555799579,52.57393501426335,46.03675705071244,-6.53717796355091,0.1515018444708157,0.1300746158069498,-0.0214272286638659,74.5334267490401,66.44076996956241,-8.092656779477693,0.631141344,0.601725334,-0.029416010000000048,5602.080184822934,5299.023146794104,-303.05703802883
MJ Melendez,2022,2023,534,602,46.813406984255465,39.86256817719181,-6.950838807063654,56.29484307511776,57.92959312579178,1.6347500506740218,41.044435468798646,46.09764564675019,5.0532101779515415,20.0,35.77197119520678,15.771971195206781,61.84598700827717,52.67931288209031,-9.166674126186862,-0.6424497132715414,0.3817363687204207,1.0241860819919621,97.24566059169872,92.88482899390964,-4.360831597789087,0.706212342,0.713363209,0.007150867000000005,4707.241513449231,5046.790642454793,339.54912900556155
MJ Melendez,2023,2024,602,451,39.86256817719181,43.13101609520785,3.2684479180160366,57.92959312579178,57.261385783903805,-0.6682073418879781,46.09764564675019,44.54283458970895,-1.5548110570412348,35.77197119520678,40.5654367885289,4.793465593322118,52.67931288209031,45.27451961435504,-7.404793267735265,0.3817363687204207,-0.2489610372672582,-0.6306974059876789,92.88482899390964,86.28341943176704,-6.601409562142592,0.713363209,0.673818769,-0.039544440000000014,5046.790642454793,5048.465927336563,1.6752848817704944
Maikel Franco,2021,2022,403,388,49.09563617090987,48.82528396297592,-0.27035220793395354,46.50077071040324,45.12457951781786,-1.376191192585381,43.69737397387195,42.96134546217619,-0.736028511695757,47.59068344718687,48.91971129978123,1.3290278525943577,39.550205878242224,33.67428994542388,-5.875915932818344,-0.6231555150769378,-0.4550334377526194,0.1681220773243184,61.869535984156194,65.9350910307345,4.065555046578304,0.608539401,0.597472698,-0.011066703000000011,4859.184662788319,4534.153850998963,-325.03081178935554
Maikel Garcia,2023,2024,515,626,60.43140073451187,61.4989965200412,1.0675957855293348,46.95522928252496,43.96152949243714,-2.993699790087824,55.364769400572,80.0,24.635230599428,70.02579620782542,55.66625578340637,-14.359540424419052,54.94211065583971,56.27152400256024,1.3294133467205285,2.1420827568893195,1.2485459882630363,-0.8935367686262832,84.96263218527551,70.89697766953812,-14.065654515737393,0.680715818,0.613524395,-0.06719142300000003,7837.557616520962,8210.889407418817,373.33179089785517
Maikel Garcia,2024,2025,626,666,61.4989965200412,70.71234951088394,9.213352990842736,43.96152949243714,52.39230440136268,8.430774908925542,80.0,53.2728068489286,-26.727193151071397,55.66625578340637,74.94741179089715,19.28115600749078,56.27152400256024,66.01904722887303,9.747523226312794,1.2485459882630363,5.624936537258751,4.376390548995715,70.89697766953812,120.50392963812814,49.606951968590025,0.613524395,0.800172375,0.18664798000000005,8210.889407418817,9560.422258969436,1349.532851550619
Manny Machado,2021,2022,640,644,62.47878296085777,59.07466835159564,-3.4041146092621304,67.17889907264046,66.27559872805672,-0.9033003445837409,47.419771422335565,54.58529266441359,7.165521242078029,56.77444949085996,63.26620657945829,6.491757088598334,53.67485032676765,51.242988774293295,-2.431861552474352,4.480054515592921,7.133966856208912,2.6539123406159906,123.25985632199338,151.89197100623315,28.632114684239767,0.836236702,0.897601495,0.06136479299999997,7834.801067336669,8205.429568751499,370.62850141482977
Manny Machado,2022,2023,644,601,59.07466835159564,55.064559366630775,-4.010108984964866,66.27559872805672,60.370956609840256,-5.904642118216465,54.58529266441359,39.59354111672836,-14.991751547685233,63.26620657945829,63.9570925744542,0.6908859949959094,51.242988774293295,49.93947615740337,-1.3035126168899254,7.133966856208912,3.386386418205132,-3.7475804380037796,151.89197100623315,112.787322673976,-39.10464833225714,0.897601495,0.781714331,-0.11588716399999999,8205.429568751499,6748.110618624894,-1457.3189501266042
Manny Machado,2023,2024,601,643,55.064559366630775,58.17094144005068,3.1063820734199084,60.370956609840256,64.98409644889148,4.613139839051222,39.59354111672836,49.657440644748455,10.063899528020094,63.9570925744542,48.674430293618784,-15.282662280835417,49.93947615740337,45.33279231432513,-4.606683843078237,3.386386418205132,3.538400805746578,0.15201438754144592,112.787322673976,121.67552391873824,8.888201244762229,0.781714331,0.797214259,0.015499927999999996,6748.110618624894,6784.730983290643,36.62036466574864
Manny Machado,2024,2025,643,678,58.17094144005068,56.53186641801391,-1.6390750220367707,64.98409644889148,62.96098344837547,-2.0231130005160054,49.657440644748455,50.41359429481248,0.7561536500640216,48.674430293618784,43.754301988361135,-4.9201283052576485,45.33279231432513,48.56820435927279,3.235412044947658,3.538400805746578,3.75674874619958,0.21834794045300177,121.67552391873824,123.02550141793589,1.3499774991976494,0.797214259,0.79497086,-0.0022433990000000348,6784.730983290643,6567.008216813008,-217.72276647763465
Manuel Margot,2021,2022,464,363,60.846004005848506,57.16119686264817,-3.684807143200338,44.789757517719984,45.79312283637228,1.0033653186522926,50.84853547526913,59.828465125673375,8.979929650404245,70.0414134766284,48.83156906446498,-21.209844412163427,48.48135941612368,44.01751653062372,-4.4638428854999574,2.0773798735432543,1.335598904952535,-0.7417809685907193,94.42467016998236,104.31627950529744,9.891609335315081,0.695597748,0.70006887,0.004471121999999994,7090.066682202805,6155.41757789869,-934.6491043041151
Manuel Margot,2022,2023,363,336,57.16119686264817,56.39923292560933,-0.7619639370388356,45.79312283637228,43.71881372912605,-2.074309107246229,59.828465125673375,46.98188771600072,-12.846577409672655,48.83156906446498,49.07180945376053,0.24024038929555047,44.01751653062372,44.70309047558132,0.6855739449575964,1.335598904952535,0.4847305148380981,-0.8508683901144369,104.31627950529744,92.22253135781548,-12.09374814748196,0.70006887,0.685729596,-0.014339273999999902,6155.41757789869,5487.628315232852,-667.7892626658377
Manuel Margot,2023,2024,336,343,56.39923292560933,57.87255339303236,1.4733204674230294,43.71881372912605,42.74486476717494,-0.973948961951109,46.98188771600072,53.5079043783168,6.526016662316081,49.07180945376053,44.494417909502886,-4.577391544257644,44.70309047558132,46.93604134025477,2.232950864673448,0.4847305148380981,-0.2120850121937881,-0.6968155270318862,92.22253135781548,77.53778443852727,-14.684746919288216,0.685729596,0.62598162,-0.059747976000000036,5487.628315232852,5680.872686415333,193.2443711824808
Marcell Ozuna,2021,2022,208,507,49.35987997426675,46.91737585322616,-2.442504121040585,51.86866880125789,59.63990868246092,7.77123988120303,42.80465633440714,41.103145930539824,-1.7015104038673172,48.75463995510441,38.98292026923492,-9.771719685869492,50.7313642691924,43.72000341612544,-7.011360853066961,-0.2455930856864628,-0.3323377776490508,-0.08674469196258802,74.22837683308047,89.66510055710184,15.436723724021363,0.644844516,0.686927692,0.042083176,5632.566056387332,5044.126901276014,-588.4391551113176
Marcell Ozuna,2022,2023,507,592,46.91737585322616,54.8730265759746,7.955650722748437,59.63990868246092,72.74477978558079,13.10487110311987,41.103145930539824,40.5969814583156,-0.5061644722242278,38.98292026923492,39.38643684552863,0.4035165762937112,43.72000341612544,51.061883992448855,7.341880576323419,-0.3323377776490508,3.1916750816470687,3.5240128592961195,89.66510055710184,140.17626012698065,50.511159569878814,0.686927692,0.904774349,0.21784665699999994,5044.126901276014,6351.6218820913255,1307.4949808153115
Marcell Ozuna,2023,2024,592,688,54.8730265759746,55.386698860919125,0.5136722849445263,72.74477978558079,73.46200955564453,0.7172297700637387,40.5969814583156,33.86917311667484,-6.72780834164076,39.38643684552863,38.40342529639572,-0.983011549132911,51.061883992448855,56.45832327150346,5.396439279054604,3.1916750816470687,4.719817453555645,1.5281423719085767,140.17626012698065,154.4543814593856,14.278121332404936,0.904774349,0.924661679,0.01988732999999998,6351.6218820913255,6254.547631812938,-97.07425027838781
Marcell Ozuna,2024,2025,688,592,55.386698860919125,49.29654631884393,-6.090152542075195,73.46200955564453,55.10378028576307,-18.358229269881456,33.86917311667484,37.63885785303833,3.7696847363634944,38.40342529639572,40.3400350581996,1.9366097618038793,56.45832327150346,71.7975731394275,15.339249867924039,4.719817453555645,1.217890923081362,-3.5019265304742833,154.4543814593856,113.9681445333606,-40.486236926024986,0.924661679,0.755740626,-0.16892105299999993,6254.547631812938,6060.375241965003,-194.17238984793494
Marcus Semien,2021,2022,724,724,57.87386919192664,58.026936438419554,0.1530672464929168,60.29304580405723,50.45143227231152,-9.841613531745708,65.97033180209561,75.55480586105949,9.584474058963877,56.466362924693286,60.75253918471316,4.286176260019872,56.14788392839521,53.027445178580805,-3.1204387498144044,5.94250278142611,4.377779962314268,-1.564722819111842,130.94209004165356,106.62320079030869,-24.31888925134487,0.872597701,0.733091147,-0.139506554,8375.008847744291,8382.66380555131,7.6549578070189455
Marcus Semien,2022,2023,724,753,58.026936438419554,64.4884663978259,6.461529959406349,50.45143227231152,50.91443704116936,0.4630047688578358,75.55480586105949,55.93505966076209,-19.6197462002974,60.75253918471316,70.51577543093929,9.763236246226128,53.027445178580805,59.34852755458318,6.321082376002373,4.377779962314268,6.471892956645418,2.0941129943311507,106.62320079030869,127.9111308224011,21.28793003209242,0.733091147,0.826016195,0.09292504800000001,8382.66380555131,8601.309058346802,218.64525279549161
Marcus Semien,2023,2024,753,718,64.4884663978259,57.6633133441757,-6.8251530536502045,50.91443704116936,48.48826501176364,-2.42617202940572,55.93505966076209,53.6908749104184,-2.244184750343692,70.51577543093929,75.94919619869545,5.433420767756161,59.34852755458318,54.70599242182306,-4.642535132760116,6.471892956645418,4.272433832868908,-2.19945912377651,127.9111308224011,100.58944061998208,-27.32169020241902,0.826016195,0.698568672,-0.12744752300000006,8601.309058346802,7982.4813152862735,-618.8277430605285
Marcus Semien,2024,2025,718,534,57.6633133441757,53.13475059433559,-4.5285627498401055,48.48826501176364,44.81195943662351,-3.676305575140127,53.6908749104184,57.92030569332345,4.229430782905048,75.94919619869545,60.0428993129916,-15.906296885703846,54.70599242182306,54.780303458582736,0.07431103675967421,4.272433832868908,2.12828188931764,-2.1441519435512686,100.58944061998208,89.02824894465994,-11.56119167532215,0.698568672,0.669073232,-0.02949543999999993,7982.4813152862735,6968.487991941557,-1013.9933233447164
Mark Canha,2021,2022,625,542,53.25746153561535,59.13826937438165,5.880807838766302,45.035773416937005,46.623291427733605,1.5875180107966003,59.41151579879951,39.96765986157118,-19.443855937228335,46.65345413015731,40.26072565458061,-6.392728475576696,65.61461167187707,58.9439123718869,-6.670699299990169,2.905973293554021,2.510878915879512,-0.39509437767450883,115.98314172873634,125.55877033944844,9.575628610712101,0.745683236,0.769756073,0.02407283700000007,6848.321586207076,5748.5361736723125,-1099.785412534763
Mark Canha,2022,2023,542,507,59.13826937438165,61.09451118772871,1.956241813347063,46.623291427733605,44.65290513434073,-1.9703862933928775,39.96765986157118,55.136597967580805,15.168938106009627,40.26072565458061,45.77158755665586,5.5108619020752485,58.9439123718869,61.439520253108,2.4956078812210976,2.510878915879512,1.7303395722995167,-0.7805393435799954,125.55877033944844,110.64789767192656,-14.910872667521886,0.769756073,0.755029585,-0.014726488000000093,5748.5361736723125,6790.328659092619,1041.7924854203065
Mark Canha,2023,2024,507,462,61.09451118772871,52.55027796017552,-8.544233227553192,44.65290513434073,41.736446053730205,-2.9164590806105224,55.136597967580805,54.77949350011169,-0.35710446746911373,45.77158755665586,43.980183624984576,-1.791403931671283,61.439520253108,63.022591242628806,1.583070989520806,1.7303395722995167,0.8429523698878147,-0.887387202411702,110.64789767192656,101.35053264332016,-9.297365028606393,0.755029585,0.690211823,-0.064817762,6790.328659092619,6168.7309935797775,-621.5976655128416
Mark Canha,2024,2025,462,125,52.55027796017552,48.99585524258862,-3.5544227175869025,41.736446053730205,35.915571185926495,-5.82087486780371,54.77949350011169,43.63428099556749,-11.145212504544205,43.980183624984576,47.94365335153928,3.963469726554706,63.022591242628806,47.76074554564866,-15.261845696980146,0.8429523698878147,-0.653004437998971,-1.4959568078867858,101.35053264332016,49.32616440153404,-52.02436824178613,0.690211823,0.537486725,-0.1527250979999999,6168.7309935797775,4778.466627692166,-1390.2643658876113
Mark Vientos,2023,2024,233,454,36.6259228755073,42.683831146995615,6.057908271488316,59.60685370108844,68.94106065713359,9.33420695604515,42.49116505491149,37.52244262719002,-4.968722427721474,46.013369965212334,44.71359357790349,-1.299776387308846,36.66541668093001,43.60782862278572,6.94241194185571,-0.7749649790196089,2.8984192602656207,3.6733842392852294,67.8223903227919,132.24036784261304,64.41797751982114,0.620191361,0.837324401,0.21713304,4613.140760572502,5239.598960623494,626.4582000509927
Mark Vientos,2024,2025,454,463,42.683831146995615,42.598102205093,-0.08572894190261593,68.94106065713359,57.192573784193456,-11.748486872940134,37.52244262719002,46.28288333909947,8.760440711909453,44.71359357790349,38.722348560773966,-5.991245017129522,43.60782862278572,40.614976970540624,-2.9928516522450934,2.8984192602656207,0.4104534466783947,-2.487965813587226,132.24036784261304,96.7823204814547,-35.458047361158336,0.837324401,0.702152695,-0.13517170600000006,5239.598960623494,4840.089479803084,-399.5094808204103
Martín Maldonado,2021,2022,426,379,35.09418913693224,33.42715765925777,-1.6670314776744704,41.78805772707674,51.36540581799462,9.57734809091788,29.925290757602266,34.21920314615163,4.293912388549362,65.52317649981309,61.18267870676448,-4.340497793048613,56.97651049942,42.66600181948941,-14.310508679930592,0.3111618807098461,0.759494892617834,0.4483330119079879,61.41566671019781,70.81307801987656,9.397411309678745,0.572568565,0.599744186,0.02717562100000004,4950.5650497829,4567.415031988162,-383.15001779473823
Martín Maldonado,2022,2023,379,407,33.42715765925777,29.464873046420056,-3.962284612837717,51.36540581799462,48.80309367213668,-2.5623121458579377,34.21920314615163,38.23347220966919,4.01426906351756,61.18267870676448,34.188330232188484,-26.994348474575993,42.66600181948941,43.713383676303934,1.0473818568145248,0.759494892617834,-0.8740951869636939,-1.633590079581528,70.81307801987656,65.98094622053246,-4.832131799344097,0.599744186,0.606294146,0.006549959999999966,4567.415031988162,3515.829663452137,-1051.5853685360248
Martín Maldonado,2023,2024,407,147,29.464873046420056,26.86375672298261,-2.601116323437445,48.80309367213668,44.06249493858604,-4.740598733550641,38.23347220966919,38.84586568215435,0.6123934724851594,34.188330232188484,41.56432522977745,7.375994997588968,43.713383676303934,42.83384371756317,-0.8795399587407644,-0.8740951869636939,-1.506626484857256,-0.632531297893562,65.98094622053246,11.37325743558302,-54.60768878494944,0.606294146,0.40324074,-0.203053406,3515.829663452137,3538.391440232581,22.56177678044378
Martín Maldonado,2024,2025,147,161,26.86375672298261,31.333687991602467,4.469931268619856,44.06249493858604,42.07237700254049,-1.99011793604555,38.84586568215435,41.0565758088703,2.210710126715952,41.56432522977745,40.71665861916266,-0.8476666106147945,42.83384371756317,44.323085876474416,1.489242158911246,-1.506626484857256,-0.7717656542903756,0.7348608305668803,11.37325743558302,60.98451650512668,49.61125906954366,0.40324074,0.571691902,0.168451162,3538.391440232581,3761.814057180265,223.42261694768422
Marwin Gonzalez,2021,2022,307,207,45.686623140980615,45.20648153899414,-0.4801416019864746,41.924176468174174,45.79638692016628,3.8722104519921032,43.81201853498965,51.47152782695433,7.659509291964682,52.841013472844615,60.25964178684309,7.418628313998475,44.34923279850065,44.36196787110248,0.012735072601827824,-0.584660106247069,0.3368343731406756,0.9214944793877446,56.539537738229264,63.83228078552546,7.292743047296199,0.578857629,0.575554133,-0.003303496000000017,4963.018718907742,5805.174853515415,842.1561346076724
Masataka Yoshida,2023,2024,580,421,66.46519041749758,67.31726779484069,0.8520773773431074,51.78449112038473,48.00482104242079,-3.7796700779639423,44.985609761610334,36.934849331618494,-8.05076042999184,28.06898650859678,42.95990568504979,14.89091917645301,51.970695815876375,53.78972178473913,1.8190259688627535,0.7492871152150217,0.8697241360126069,0.12043702079758523,111.33579818957504,116.39799700540044,5.062198815825397,0.78299621,0.764512561,-0.01848364899999999,5681.198108472145,5955.088096241457,273.88998776931203
Masataka Yoshida,2024,2025,421,205,67.31726779484069,64.13826378913265,-3.1790040057080375,48.00482104242079,50.54047465228761,2.53565360986682,36.934849331618494,49.920675447910085,12.985826116291591,42.95990568504979,46.7548693119573,3.79496362690751,53.78972178473913,51.02882704561309,-2.7608947391260372,0.8697241360126069,-0.0842312687645303,-0.9539554047771373,116.39799700540044,88.3055666894198,-28.092430315980636,0.764512561,0.695614945,-0.068897616,5955.088096241457,6542.020139352346,586.932043110889
Masyn Winn,2023,2024,137,637,50.20562838385822,62.03888411180867,11.833255727950451,35.749984454733195,45.9291905901124,10.179206135379204,48.301719197455775,52.89936237460508,4.597643177149308,47.39500147126752,58.767203374018536,11.372201902751016,53.20909790250466,48.53614031280508,-4.672957589699578,-0.8144561540158135,3.611306919330986,4.4257630733468,28.694339908178705,103.83917595298146,75.14483604480276,0.467334547,0.729553039,0.262218492,5232.778416940563,6776.862306760268,1544.0838898197053
Masyn Winn,2024,2025,637,537,62.03888411180867,58.71083287030128,-3.3280512415073886,45.9291905901124,42.3000254854404,-3.6291651046719977,52.89936237460508,49.37214197747024,-3.5272203971348404,58.767203374018536,80.0,21.232796625981464,48.53614031280508,50.18937157243143,1.6532312596263523,3.611306919330986,3.4861426281090795,-0.12516429122190642,103.83917595298146,91.42323105092078,-12.415944902060687,0.729553039,0.672805831,-0.05674720799999999,6776.862306760268,7362.838684987748,585.9763782274795
Matt Carpenter,2021,2022,249,154,41.3180872848754,55.3271558271484,14.009068542272999,44.7669654921621,68.80450198599827,24.03753649383617,49.749671967749535,43.09669662744724,-6.652975340302298,48.11882691709481,49.51494163858342,1.3961147214886154,65.59420250121525,63.728982612217976,-1.8652198889972738,-0.2919515422406958,2.362270981988226,2.654222524228922,67.94102464731381,215.6468959792109,147.7058713318971,0.580583201,1.138327205,0.5577440039999999,5866.718683448071,7412.256197658463,1545.5375142103921
Matt Carpenter,2022,2023,154,237,55.3271558271484,37.093934981311975,-18.233220845836428,68.80450198599827,42.93078977982189,-25.87371220617638,43.09669662744724,43.39521510127358,0.29851847382634134,49.51494163858342,44.97784509509887,-4.537096543484552,63.728982612217976,68.17341303098624,4.444430418768263,2.362270981988226,-0.4170368158163744,-2.7793077978046004,215.6468959792109,85.09216514391281,-130.5547308352981,1.138327205,0.641182834,-0.497144371,7412.256197658463,5231.951824875931,-2180.3043727825316
Matt Carpenter,2023,2024,237,157,37.093934981311975,43.34777102892602,6.253836047614044,42.93078977982189,42.47235615234054,-0.4584336274813552,43.39521510127358,38.17347151681487,-5.221743584458707,44.97784509509887,47.98872379744754,3.01087870234867,68.17341303098624,55.83583782217048,-12.337575208815757,-0.4170368158163744,-0.2032923062731855,0.2137445095431889,85.09216514391281,95.45782364063196,10.36565849671915,0.641182834,0.686365337,0.04518250300000004,5231.951824875931,4942.709733721132,-289.2420911547997
Matt Chapman,2021,2022,622,621,36.302189388311376,46.39918030963853,10.096990921327155,56.2801325394589,64.08419114860023,7.804058609141329,47.33717758883087,50.56767342273467,3.2304958339038023,76.54754016780322,55.2967816509743,-21.250758516828917,58.98961420018083,63.28884436166014,4.299230161479308,3.702182571985533,3.871071286553356,0.16888871456782306,101.43100657872834,117.51515486503423,16.08414828630589,0.716151325,0.756756998,0.04060567299999995,7127.094452617782,7345.24338496481,218.14893234702777
Matt Chapman,2022,2023,621,581,46.39918030963853,43.87290395538443,-2.526276354254101,64.08419114860023,64.05366044389336,-0.030530704706862366,50.56767342273467,48.15487159500486,-2.4128018277298082,55.2967816509743,56.17531822096968,0.8785365699953758,63.28884436166014,59.89180221917822,-3.397042142481922,3.871071286553356,2.958362843547091,-0.9127084430062649,117.51515486503423,109.1725724420366,-8.342582422997637,0.756756998,0.754826209,-0.0019307889999999883,7345.24338496481,6938.860531955161,-406.3828530096489
Matt Chapman,2023,2024,581,647,43.87290395538443,53.286483893412296,9.413579938027866,64.05366044389336,65.27430233043175,1.2206418865383881,48.15487159500486,70.69133810920704,22.536466514202175,56.17531822096968,68.9407883514123,12.765470130442615,59.89180221917822,57.42804248114863,-2.4637597380295873,2.958362843547091,5.466064516574965,2.5077016730278743,109.1725724420366,120.6726386704186,11.50006622838201,0.754826209,0.790274846,0.035448637000000005,6938.860531955161,9503.601240568349,2564.740708613188
Matt Chapman,2024,2025,647,535,53.286483893412296,50.1929388249692,-3.093545068443099,65.27430233043175,59.35353704568786,-5.920765284743894,70.69133810920704,50.59689434687828,-20.09444376232876,68.9407883514123,58.92033841842744,-10.020449932984853,57.42804248114863,65.44931510400117,8.021272622852543,5.466064516574965,3.693378078578872,-1.7726864379960934,120.6726386704186,118.30905700722283,-2.363581663195774,0.790274846,0.769702333,-0.02057251299999996,9503.601240568349,7658.29153340905,-1845.3097071592983
Matt Duffy,2021,2022,322,247,64.8602200333248,55.34910670510251,-9.511113328222287,41.323651522537006,36.32337403920785,-5.000277483329157,58.43561723268757,40.85676699915293,-17.578850233534638,46.23556065321853,48.87071611115169,2.635155457933159,55.06811585510204,50.731388861213965,-4.336726993888078,1.2149540742816396,-0.0354866035188789,-1.2504406778005186,104.40653348439476,77.9278170977016,-26.47871638669315,0.737765694,0.619095815,-0.11866987900000003,6616.820242957558,5125.451731140505,-1491.3685118170524
Matt Duffy,2022,2023,247,209,55.34910670510251,55.534820629483406,0.18571392438089873,36.32337403920785,36.22532290240276,-0.09805113680508981,40.85676699915293,45.30007515816024,4.443308159007309,48.87071611115169,48.849287064164514,-0.02142904698717274,50.731388861213965,46.23074223393678,-4.500646627277185,-0.0354866035188789,-0.2134533425383396,-0.17796673901946072,77.9278170977016,72.73524194431226,-5.192575153389342,0.619095815,0.630827424,0.011731609000000032,5125.451731140505,5084.066533639216,-41.38519750128944
Matt Olson,2021,2022,673,699,59.01900498522211,48.37198309009542,-10.647021895126692,67.55690329278318,70.59752875600665,3.0406254632234777,50.718606583914365,39.48581891083965,-11.232787673074718,41.38969246848518,46.96271744085575,5.573024972370568,62.988649572847,53.486698970483005,-9.501950602363998,4.961015736504675,3.1327918344026338,-1.828223902102041,146.75145649450036,121.09590735587788,-25.655549138622476,0.911294033,0.802022369,-0.10927166399999999,7531.116493864742,6256.070444138947,-1275.0460497257945
Matt Olson,2022,2023,699,720,48.37198309009542,54.72497561160343,6.352992521508014,70.59752875600665,80.0,9.402471243993347,39.48581891083965,49.88676386411517,10.40094495327552,46.96271744085575,39.01307490029891,-7.949642540556837,53.486698970483005,62.086556513054944,8.59985754257194,3.1327918344026338,6.547510240122215,3.4147184057195816,121.09590735587788,161.5003752400049,40.404467884127016,0.802022369,0.992507309,0.19048493999999994,6256.070444138947,7672.671262841426,1416.600818702479
Matt Olson,2023,2024,720,685,54.72497561160343,49.94256745570099,-4.782408155902445,80.0,63.501323042954816,-16.498676957045184,49.88676386411517,31.034869112759058,-18.85189475135611,39.01307490029891,49.06496375745147,10.051888857152562,62.086556513054944,51.62865204768443,-10.457904465370511,6.547510240122215,2.6022249439979754,-3.94528529612424,161.5003752400049,117.40058190255142,-44.09979333745348,0.992507309,0.789513381,-0.20299392799999993,7672.671262841426,5600.070166379279,-2072.6010964621473
Matt Olson,2024,2025,685,724,49.94256745570099,53.42464168607609,3.4820742303751047,63.501323042954816,66.36644480936666,2.865121766411839,31.034869112759058,38.18773432673672,7.152865213977659,49.06496375745147,56.131372793911744,7.066409036460271,51.62865204768443,60.3301990656161,8.701547017931667,2.6022249439979754,4.700861501685093,2.0986365576871178,117.40058190255142,136.0615266903134,18.660944787761977,0.789513381,0.849996457,0.060483076000000024,5600.070166379279,7053.53624155029,1453.4660751710107
Matt Thaiss,2023,2024,307,186,40.63896328309495,32.71158967839342,-7.927373604701529,48.67243894602359,43.91535278156319,-4.757086164460397,43.33243993494974,44.44848902057875,1.1160490856290082,49.354129493084,43.00709151291658,-6.347037980167421,58.531697988748846,62.53448461694536,4.002786628196517,0.4641842451711594,-0.1491172878471081,-0.6133015330182675,84.52133994696479,83.9870345473123,-0.5343053996524816,0.658912897,0.621943702,-0.036969194999999955,5465.330142468032,4771.993127513816,-693.3370149542161
Matt Thaiss,2024,2025,186,190,32.71158967839342,42.900782763627895,10.189193085234471,43.91535278156319,42.17483849795514,-1.74051428360805,44.44848902057875,46.175225043207824,1.7267360226290762,43.00709151291658,52.02835751072768,9.0212659978111,62.53448461694536,61.81301988497896,-0.7214647319664067,-0.1491172878471081,0.6512635420976172,0.8003808299447253,83.9870345473123,89.10101644905134,5.113981901739038,0.621943702,0.637667887,0.015724184999999946,4771.993127513816,5719.199376914331,947.2062494005149
Matt Vierling,2022,2023,357,530,59.72507536748126,60.5002353794384,0.7751600119571407,50.45120475708831,48.40351195453419,-2.047692802554124,51.47968022374088,47.89436641379917,-3.5853138099417095,48.210530886247504,52.71300380711068,4.502472920863177,50.66297546501209,52.870699235447965,2.2077237704358765,0.2426653362226054,1.6682679608526252,1.4256026246300197,81.63860953535426,98.75520881497768,17.116599279623415,0.647687997,0.717231472,0.06954347500000002,6448.455905771308,6541.841506139146,93.38560036783838
Matt Vierling,2023,2024,530,567,60.5002353794384,58.64261477973015,-1.8576205997082482,48.40351195453419,52.66662550067145,4.263113546137262,47.89436641379917,58.52407021612444,10.629703802325274,52.71300380711068,45.68348256015857,-7.029521246952108,52.870699235447965,55.44904113158533,2.578341896137367,1.6682679608526252,2.3389917917843803,0.6707238309317551,98.75520881497768,107.01300052232018,8.257791707342506,0.717231472,0.734949234,0.01771776199999997,6541.841506139146,6956.569140653147,414.7276345140008
Matt Vierling,2024,2025,567,100,58.64261477973015,55.34241164243741,-3.3002031372927405,52.66662550067145,47.73966914626797,-4.92695635440348,58.52407021612444,49.38381058666497,-9.140259629459472,45.68348256015857,49.91948066745676,4.235998107298187,55.44904113158533,50.69061110068582,-4.758430030899511,2.3389917917843803,-0.0236791019957562,-2.3626708937801366,107.01300052232018,75.80618649276344,-31.20681402955674,0.734949234,0.616818181,-0.11813105300000004,6956.569140653147,6087.046557520776,-869.5225831323705
Matt Wallner,2023,2024,254,261,39.772316941568015,36.0941089489516,-3.6782079926164144,68.60109289828881,72.15819646412575,3.5571035658369397,52.32855637655143,51.26098101557661,-1.0675753609748213,43.966996888930936,45.82664607925498,1.859649190324042,53.376360052552734,50.58110254157377,-2.7952575109789635,1.5679779124144866,2.047979868810877,0.4800019563963902,141.4501454841804,154.2033688002696,12.75322331608919,0.877120993,0.894374781,0.017253787999999992,6224.0228444595,6084.929345946349,-139.09349851315164
Matt Wallner,2024,2025,261,392,36.0941089489516,32.761103052353604,-3.333005896597996,72.15819646412575,63.568298116824174,-8.589898347301578,51.26098101557661,47.06144318702073,-4.199537828555883,45.82664607925498,45.70471866632315,-0.12192741293182507,50.58110254157377,52.4562356357245,1.8751330941507263,2.047979868810877,1.354983498737889,-0.6929963700729878,154.2033688002696,114.02534523103958,-40.17802356923002,0.894374781,0.775510203,-0.11886457800000005,6084.929345946349,5393.03020530491,-691.8991406414389
Mauricio Dubón,2021,2022,187,265,50.95227768355903,59.66453991605189,8.712262232492861,41.26675527807864,37.551262270824594,-3.7154930072540466,43.74206017770978,47.30037332236983,3.5583131446600476,54.0809317618767,59.59720716737003,5.516275405493332,39.779577762942495,41.03719146258825,1.257613699645752,0.1547705650084196,0.2134597116472125,0.058689146638792905,75.09146252665634,59.07930460754074,-16.0121579191156,0.655217723,0.564665597,-0.09055212600000007,4969.991275118347,5577.85364876138,607.8623736430327
Mauricio Dubón,2022,2023,265,492,59.66453991605189,64.20216118750747,4.537621271455578,37.551262270824594,40.97633013634676,3.4250678655221662,47.30037332236983,54.69939322624312,7.399019903873288,59.59720716737003,53.396737685326734,-6.200469482043296,41.03719146258825,30.60715233361988,-10.430039128968367,0.2134597116472125,1.784188562003887,1.5707288503566745,59.07930460754074,96.80057377344656,37.72126916590582,0.564665597,0.720077992,0.15541239500000004,5577.85364876138,5417.353875623459,-160.49977313792078
Mauricio Dubón,2023,2024,492,428,64.20216118750747,61.1412307801818,-3.060930407325671,40.97633013634676,37.15383764533721,-3.822492491009548,54.69939322624312,43.60848014833571,-11.090913077907409,53.396737685326734,62.34255181840271,8.945814133075977,30.60715233361988,29.77374341594354,-0.8334089176763406,1.784188562003887,1.1079449312348784,-0.6762436307690087,96.80057377344656,85.97414846092626,-10.8264253125203,0.720077992,0.657167105,-0.06291088700000003,5417.353875623459,4891.8030094597325,-525.5508661637268
Mauricio Dubón,2024,2025,428,398,61.1412307801818,61.67103272335907,0.5298019431772687,37.15383764533721,36.91705177178103,-0.23678587355617964,43.60848014833571,49.45219220521871,5.843712056883,62.34255181840271,79.8131114387044,17.470559620301685,29.77374341594354,43.31193622256812,13.538192806624583,1.1079449312348784,2.208091871363842,1.1001469401289636,85.97414846092626,79.91339447300903,-6.060753987917224,0.657167105,0.643621144,-0.01354596099999994,4891.8030094597325,6741.672252572628,1849.8692431128957
Max Kepler,2021,2022,490,446,52.36982813493556,59.644118477390464,7.274290342454904,53.87893355430175,49.95752974615727,-3.9214038081444826,68.42228746276083,46.64146898070887,-21.780818482051963,62.72094659819184,65.62212200149125,2.901175403299412,60.06422302642704,62.97543157730186,2.911208550874825,2.2053641415256795,1.625807614979522,-0.5795565265461575,96.54022302394108,93.79754070807073,-2.742682315870354,0.719267987,0.666323794,-0.052944193000000084,8422.793782694594,7731.696273163438,-691.0975095311569
Max Kepler,2022,2023,446,491,59.644118477390464,58.01546172401649,-1.6286567533739742,49.95752974615727,61.91902086047124,11.961491114313972,46.64146898070887,37.20481217196365,-9.43665680874522,65.62212200149125,56.797334811325285,-8.824787190165964,62.97543157730186,53.563499652841934,-9.411931924459928,1.625807614979522,2.685469942267304,1.059662327287782,93.79754070807073,121.67680095538913,27.8792602473184,0.666323794,0.815993824,0.14967003,7731.696273163438,6732.935886901908,-998.7603862615297
Max Kepler,2023,2024,491,399,58.01546172401649,53.06432015167129,-4.9511415723452,61.91902086047124,49.34996674477661,-12.569054115694634,37.20481217196365,47.39245402492241,10.187641852958755,56.797334811325285,55.44983382200383,-1.3475009893214533,53.563499652841934,41.0990947578165,-12.464404895025432,2.685469942267304,0.9524967866339744,-1.7329731556333297,121.67680095538913,92.90159078123988,-28.77521017414925,0.815993824,0.681942319,-0.13405150499999996,6732.935886901908,5727.868954329725,-1005.0669325721828
Max Kepler,2024,2025,399,474,53.06432015167129,50.121043870458784,-2.943276281212505,49.34996674477661,54.79999194480991,5.450025200033302,47.39245402492241,49.24080439077353,1.8483503658511253,55.44983382200383,47.86986311507664,-7.579970706927192,41.0990947578165,54.91732182006451,13.818227062248006,0.9524967866339744,0.6056658790413879,-0.3468309075925865,92.90159078123988,89.82443189670877,-3.0771588845311015,0.681942319,0.691098706,0.009156386999999988,5727.868954329725,6269.163513751081,541.2945594213561
Max Muncy,2021,2022,592,565,57.13468493313577,43.47918536103378,-13.655499572101995,67.11733731441065,58.10105443634674,-9.016282878063905,47.821836509616816,47.07028417706527,-0.7515523325515474,52.20794302357327,45.60972163515168,-6.598221388421592,73.5658367898344,75.38809228435613,1.8222554945217269,4.509285010135587,2.0539217987166047,-2.455363211418982,139.36417480433613,106.3340630778095,-33.03011172652663,0.89540622,0.712824228,-0.18258199200000003,8362.147248785564,6716.420539878134,-1645.7267089074303
Max Muncy,2022,2023,565,579,43.47918536103378,42.66406552092674,-0.8151198401070374,58.10105443634674,64.64975311514381,6.5486986787970665,47.07028417706527,45.99423655387111,-1.0760476231941567,45.60972163515168,40.35961907292996,-5.25010256222172,75.38809228435613,67.70630100342305,-7.6817912809330835,2.0539217987166047,2.493581830586756,0.43966003187015135,106.3340630778095,116.54385355032532,10.20979047251582,0.712824228,0.808437067,0.09561283899999995,6716.420539878134,6281.382955389758,-435.0375844883765
Max Muncy,2023,2024,579,293,42.66406552092674,44.48123483073978,1.817169309813039,64.64975311514381,60.095341216482815,-4.5544118986609945,45.99423655387111,47.14265844119896,1.1484218873278493,40.35961907292996,52.12891548774865,11.76929641481869,67.70630100342305,68.965852137184,1.2595511337609508,2.493581830586756,2.3116154345903204,-0.18196639599643571,116.54385355032532,133.33927159314624,16.795418042820913,0.808437067,0.85203266,0.043595593000000044,6281.382955389758,6955.29796133236,673.915005942602
Max Muncy,2024,2025,293,388,44.48123483073978,52.10334289989616,7.622108069156383,60.095341216482815,61.40969510828898,1.3143538918061637,47.14265844119896,51.26351532358273,4.1208568823837695,52.12891548774865,46.51688726638541,-5.612028221363239,68.965852137184,71.23304058588401,2.2671884487000113,2.3116154345903204,2.9386610001247537,0.6270455655344334,133.33927159314624,136.88225240877588,3.5429808156296474,0.85203266,0.845937221,-0.00609543899999998,6955.29796133236,7493.072459369943,537.7744980375837
Max Schuemann,2024,2025,459,213,44.64154941044782,49.139977651256736,4.498428240808913,40.46584230590194,37.20961618131631,-3.2562261245856234,57.870100893368246,56.157678861786586,-1.71242203158166,51.63117876197866,62.606361141388206,10.975182379409546,60.66405497069097,60.29829897850442,-0.36575599218654986,1.329404487285251,0.5489864359159574,-0.7804180513692937,85.35837579404581,62.34014049341528,-23.018235300630536,0.618653495,0.568462138,-0.05019135699999999,6170.652437534059,6739.199529428946,568.5470918948877
Max Stassi,2021,2022,319,375,42.65762740103641,33.32639602101619,-9.33123138002022,55.02682858222908,46.91160109394831,-8.115227488280766,43.95632166559407,43.6849593199473,-0.2713623456467644,75.9513476602585,49.46378062270993,-26.487567037548573,52.20156568104124,57.86825828762555,5.666692606584313,2.929909288159722,-0.0889770011442528,-3.018886289303975,105.40940958253566,63.24308010414219,-42.16632947839347,0.751550722,0.570682982,-0.18086773999999994,6798.250412271898,5023.705230648773,-1774.5451816231252
Michael A. Taylor,2021,2022,528,456,43.75496580174024,46.78570603404793,3.0307402323076857,46.74261040786893,43.24437409983144,-3.498236308037491,51.09041108371357,50.628615751333946,-0.4617953323796229,80.0,63.41135665248345,-16.588643347516552,40.89285505822505,46.169794478032856,5.276939419807803,1.960678794300809,1.801642779146893,-0.15903601515391608,75.30456163006957,88.12803568039766,12.823474050328088,0.652685606,0.670263252,0.017577646000000002,6458.266856208961,5949.251448182709,-509.01540802625186
Michael A. Taylor,2022,2023,456,388,46.78570603404793,35.67006563861143,-11.115640395436493,43.24437409983144,59.43493981541078,16.19056571557934,50.628615751333946,62.27732244884818,11.648706697514235,63.41135665248345,59.21634282790963,-4.19501382457382,46.169794478032856,44.15993512291311,-2.009859355119744,1.801642779146893,1.8895004305328589,0.08785765138596591,88.12803568039766,93.3585940592201,5.230558378822437,0.670263252,0.720175598,0.04991234599999994,5949.251448182709,6514.504144189554,565.2526960068444
Michael A. Taylor,2023,2024,388,300,35.67006563861143,28.55971276580137,-7.110352872810065,59.43493981541078,48.58549423225266,-10.849445583158122,62.27732244884818,67.22250430582525,4.945181856977072,59.21634282790963,65.93557129592334,6.719228468013711,44.15993512291311,46.37570194065559,2.2157668177424767,1.8895004305328589,0.4174597429681001,-1.4720406875647587,93.3585940592201,50.354049070646624,-43.00454498857347,0.720175598,0.543341203,-0.17683439499999998,6514.504144189554,6404.540932811146,-109.96321137840732
Michael A. Taylor,2024,2025,300,325,28.55971276580137,27.7982843458515,-0.7614284199498691,48.58549423225266,53.986126167718105,5.400631935465448,67.22250430582525,51.50313794225286,-15.71936636357239,65.93557129592334,52.557915541564846,-13.377655754358493,46.37570194065559,44.643630441786485,-1.7320714988691037,0.4174597429681001,-0.0716090517112336,-0.48906879467933373,50.354049070646624,70.4606348641015,20.10658579345487,0.543341203,0.624668672,0.08132746899999999,6404.540932811146,5028.933237312034,-1375.6076954991122
Michael Brantley,2021,2022,508,277,77.43883001854228,72.77479875116168,-4.664031267380594,47.766466300135,49.80666983684417,2.0402035367091713,45.12199061991504,41.04587820058691,-4.076112419328126,42.17407631498691,46.474019645773794,4.299943330786881,54.070301266050336,70.05818069284166,15.987879426791324,2.1476115008618617,1.0944828184680642,-1.0531286823937975,121.42551919590257,127.72683271353289,6.301313517630319,0.799304937,0.785203077,-0.014101860000000022,6764.285552768727,7575.617424399395,811.3318716306676
Michael Busch,2024,2025,567,592,45.47926532449961,53.5230764293162,8.04381110481659,56.20230021979926,68.007168148199,11.804867928399737,43.97027862145326,46.29133632896854,2.32105770751528,47.16021046937914,43.65163757362983,-3.5085728957493103,58.28981795546656,54.65469431714173,-3.6351236383248278,2.199682912525364,3.4864568298900225,1.2867739173646586,117.60856911592568,139.87647460022396,22.267905484298282,0.77461313,0.865806168,0.091193038,5944.510230089744,6714.384098636244,769.8738685464996
Michael Chavis,2021,2022,124,426,37.02723350111431,39.62493686622005,2.597703365105737,48.69618170670421,49.61093231231801,0.9147506056138042,51.0900488476461,46.79538672589436,-4.294662121751742,53.27656292572952,39.6233910123444,-13.653171913385123,26.238917355671884,31.53642058480496,5.297503229133078,0.1276379633237787,-0.7032266146037691,-0.8308645779275479,67.7547416317677,77.67284866376379,9.918107031996087,0.65475873,0.654285646,-0.00047308399999990147,4461.573145535892,4108.941400549009,-352.63174498688295
Michael Conforto,2023,2024,470,488,50.77932032541087,51.58946367737988,0.8101433519690104,48.85254868797904,61.11225531758509,12.25970662960605,49.29631728660533,40.740688738511615,-8.555628548093715,45.86227371880177,42.30141222073932,-3.560861498062444,57.78953291719125,54.00015921650237,-3.789373700688884,0.7758324835317659,1.313041097183833,0.5372086136520672,98.61541467757216,111.62500987908452,13.009595201512354,0.718279006,0.759197918,0.040918911999999974,6055.692464397501,5913.676438980346,-142.0160254171551
Michael Conforto,2024,2025,488,486,51.58946367737988,45.23650454719488,-6.352959130184999,61.11225531758509,50.4439333534834,-10.668321964101686,40.740688738511615,43.56787558983759,2.827186851325976,42.30141222073932,37.245450984788135,-5.055961235951187,54.00015921650237,58.74226720542545,4.742107988923081,1.313041097183833,-0.5982248908195809,-1.911265988003414,111.62500987908452,83.02554549659959,-28.599464382484925,0.759197918,0.637062633,-0.12213528500000004,5913.676438980346,5205.857246720977,-707.8191922593687
Michael Harris II,2022,2023,441,539,53.97464635193608,61.86161148024036,7.886965128304283,63.85822876875913,59.84178154393543,-4.0164472248237,77.61904298252446,66.25185284147965,-11.367190141044816,59.22572568028404,57.7681000743592,-1.4576256059248465,36.90972204243117,35.71440975452907,-1.195312287902098,4.75865663050392,3.909532242890073,-0.8491243876138475,137.3300739975453,115.88912695785484,-21.440947039690457,0.853129116,0.80808274,-0.045046375999999944,8168.899431716746,7497.314588992695,-671.5848427240517
Michael Harris II,2023,2024,539,470,61.86161148024036,55.73831544948985,-6.1232960307505095,59.84178154393543,58.61299694165502,-1.2287846022804132,66.25185284147965,48.86498366444089,-17.386869177038754,57.7681000743592,58.65018437019906,0.88208429583986,35.71440975452907,34.12371294097044,-1.5906968135586297,3.909532242890073,1.9855216502956865,-1.9240105925943864,115.88912695785484,98.95547370436697,-16.933653253487876,0.80808274,0.722437137,-0.08564560300000001,7497.314588992695,6134.511153341292,-1362.8034356514027
Michael Harris II,2024,2025,470,641,55.73831544948985,53.46807508274626,-2.270240366743593,58.61299694165502,54.57188153833338,-4.0411154033216405,48.86498366444089,57.605711639092654,8.740727974651762,58.65018437019906,53.36296945194437,-5.2872149182546835,34.12371294097044,26.090533333632703,-8.03317960733774,1.9855216502956865,1.3594037210795658,-0.6261179292161207,98.95547370436697,82.851702365906,-16.103771338460973,0.722437137,0.677611141,-0.044825996000000035,6134.511153341292,5669.6265520092,-464.88460133209173
Michael Massey,2022,2023,194,461,47.227856780731,52.75216956581849,5.5243127850874885,50.38233055977483,48.16350345424818,-2.2188271055266497,54.11866195644364,51.81913221231141,-2.2995297441322293,46.19032426754541,54.33244934411261,8.142125076567204,39.55332185488344,39.9341211425966,0.38079928771315963,0.2326164562910026,0.4683316507274606,0.23571519443645797,91.32632428965502,73.94197727708804,-17.384347012566977,0.683014209,0.654754164,-0.02826004500000001,5373.864830512432,5767.354496844533,393.4896663321015
Michael Massey,2023,2024,461,356,52.75216956581849,60.96315846703695,8.210988901218457,48.16350345424818,52.13614942225985,3.972645968011669,51.81913221231141,52.034240631932605,0.21510841962119542,54.33244934411261,53.411521911742135,-0.9209274323704761,39.9341211425966,37.77672397996917,-2.157397162627433,0.4683316507274606,1.5559768704895962,1.0876452197621356,73.94197727708804,103.57712254568187,29.63514526859383,0.654754164,0.74258049,0.08782632600000007,5767.354496844533,6177.672244859648,410.3177480151153
Michael Massey,2024,2025,356,277,60.96315846703695,57.18363496986041,-3.779523497176541,52.13614942225985,37.9606460443074,-14.175503377952445,52.034240631932605,44.80909129516107,-7.225149336771537,53.411521911742135,53.0751240006767,-0.3363979110654327,37.77672397996917,36.01727184703945,-1.7594521329297166,1.5559768704895962,-0.4266434824855098,-1.982620352975106,103.57712254568187,56.76327441638973,-46.81384812929215,0.74258049,0.581093041,-0.161487449,6177.672244859648,4860.458758017915,-1317.2134868417334
Michael Pérez,2021,2022,231,132,36.528854886929736,43.22553784379615,6.696682956866411,40.940113111381855,47.01748841544757,6.077375304065718,45.29696652898544,48.14091159651539,2.843945067529944,53.753731546744106,50.80542874836075,-2.9483027983833594,48.298404470916246,50.75214473617926,2.453740265263015,-0.6882681902682068,-0.2423560894093558,0.445912100858851,35.82499223142733,41.60663683924425,5.781644607816922,0.51125541,0.511261119,5.709000000075903e-06,4824.3978743430725,5475.191401492131,650.7935271490587
Michael Toglia,2022,2023,120,152,38.91287983629056,30.86952816956169,-8.043351666728867,49.04684195183375,49.36889126302611,0.3220493111923588,51.63891224363573,48.31399374742111,-3.3249184962146217,51.35176569918104,50.54775270726175,-0.8040129919192864,47.6065135678683,44.22476496679691,-3.3817486010713864,-0.1243974460601885,-1.135968227012849,-1.0115707809526606,69.17898957406244,22.960158649794668,-46.21883092426778,0.653378378,0.507372153,-0.14600622499999993,5416.368542260332,4732.469875373203,-683.8986668871294
Michael Toglia,2023,2024,152,458,30.86952816956169,37.67561362466655,6.8060854551048635,49.36889126302611,68.13801350595759,18.76912224293148,48.31399374742111,59.59501801319471,11.281024265773603,50.54775270726175,39.35014037734172,-11.197612329920034,44.22476496679691,57.51724428584745,13.292479319050535,-1.135968227012849,0.3892017619399467,1.5251699889527957,22.960158649794668,97.59381927524072,74.63366062544605,0.507372153,0.76686245,0.2594902969999999,4732.469875373203,6373.604651288402,1641.1347759151995
Michael Toglia,2024,2025,458,337,37.67561362466655,26.552575704737706,-11.123037919928848,68.13801350595759,52.6115379526572,-15.526475553300386,59.59501801319471,49.04982868026895,-10.545189332925759,39.35014037734172,33.988831480401785,-5.361308896939931,57.51724428584745,46.31762007424927,-11.199624211598177,0.3892017619399467,-2.163360604465697,-2.5525623664056436,97.59381927524072,53.57862083331448,-44.01519844192624,0.76686245,0.611101413,-0.155761037,6373.604651288402,4017.66170518044,-2355.942946107962
Mickey Moniak,2022,2023,112,323,27.03329503654739,35.57486694618544,8.541571909638048,43.79962532470013,56.31091793116382,12.511292606463691,57.20035799655737,50.74298299013152,-6.457375006425849,49.709310558083615,52.83663958840202,3.127329030318407,33.81754840770347,24.28359572342723,-9.53395268427624,-0.4761241548366922,1.828558571754044,2.304682726590736,39.22755550600028,114.79374066498616,75.56618515898589,0.509093999,0.801678395,0.2925843960000001,4340.640762680636,4607.238912768591,266.5981500879552
Mickey Moniak,2023,2024,323,418,35.57486694618544,40.33627429161267,4.76140734542723,56.31091793116382,50.68878932709012,-5.622128604073701,50.74298299013152,45.423050269173146,-5.319932720958377,52.83663958840202,47.05156524658431,-5.785074341817712,24.28359572342723,33.10620286969995,8.82260714627272,1.828558571754044,0.1199163750634328,-1.7086421966906111,114.79374066498616,80.15742967875556,-34.6363109862306,0.801678395,0.645652279,-0.15602611600000005,4607.238912768591,4459.190866235759,-148.0480465328319
Mickey Moniak,2024,2025,418,461,40.33627429161267,50.08520984714225,9.748935555529584,50.68878932709012,62.01608083273399,11.32729150564387,45.423050269173146,56.050073197076685,10.627022927903539,47.05156524658431,27.289242303390434,-19.762322943193876,33.10620286969995,34.02493550451153,0.9187326348115832,0.1199163750634328,0.6324295313216354,0.5125131562582026,80.15742967875556,110.10551909965322,29.94808942089766,0.645652279,0.824290011,0.178637732,4459.190866235759,5109.227330052536,650.0364638167766
Miguel Amaya,2023,2024,156,363,46.41369198494488,53.91344133568234,7.49974935073746,46.3853948392033,45.52280409436235,-0.8625907448409507,45.09182405937461,41.53401466405802,-3.557809395316589,53.704896024902986,50.27293247551837,-3.4319635493846192,49.01287514459538,41.70142048771092,-7.311454656884457,0.6679438671683487,0.6088762847026797,-0.05906758246566901,95.06508363341923,81.68659547466942,-13.378488158749818,0.687810883,0.644416814,-0.04339406900000009,5503.417432103596,5125.144817553252,-378.27261455034386
Miguel Amaya,2024,2025,363,103,53.91344133568234,50.89930527652416,-3.014136059158183,45.52280409436235,47.12510317154793,1.6022990771855774,41.53401466405802,45.66173617955022,4.127721515492198,50.27293247551837,52.409778205412174,2.136845729893807,41.70142048771092,39.36787828880469,-2.3335421989062297,0.6088762847026797,0.8499330548028152,0.2410567701001355,81.68659547466942,124.17490503725809,42.48830956258867,0.644416814,0.81372549,0.1693086760000001,5125.144817553252,5235.865672319034,110.72085476578195
Miguel Andujar,2021,2022,162,140,56.841354901977,52.54092771187511,-4.300427190101885,46.68329857509468,39.76487227286667,-6.9184263022280135,44.77082075556915,57.56101496039791,12.790194204828765,48.78305365616395,51.468357291901945,2.685303635737995,36.28601451808066,38.73251342341015,2.4464989053294843,-0.0415520753379209,-0.2614885768749679,-0.219936501537047,82.88033850982997,56.12788636073072,-26.75245214909925,0.6670675,0.567748917,-0.09931858300000007,5116.844647669271,5406.424185723022,289.5795380537511
Miguel Andujar,2024,2025,319,341,65.24346329070269,65.43622789139236,0.19276460068967083,41.30209434145377,48.45661942036577,7.154525078912002,43.059633914782665,42.65004654375946,-0.40958737102320697,44.848260215241645,40.43993733638938,-4.4083228788522675,40.17657078017648,38.91874078967528,-1.2578299905012003,0.4290518051359102,1.1067798385284575,0.6777280333925473,102.85426513893356,124.62885828351988,21.77459314458632,0.697232659,0.822311142,0.12507848300000002,5148.73576862351,5270.1977538122765,121.46198518876645
Miguel Cabrera,2021,2022,526,433,50.50959282068323,50.241674757473,-0.2679180632102316,53.36045877043417,44.53566659302867,-8.824792177405499,28.757837035974703,33.43145141878253,4.673614382807827,39.48990924407119,42.33834117866441,2.848431934593215,45.76555438914636,44.86387989425054,-0.901674494895822,-0.461046521674925,-1.3072941882003106,-0.8462476665253856,92.15822753651976,78.20092928976233,-13.957298246757432,0.701182573,0.622230236,-0.07895233699999993,4510.037396218587,4420.210801557423,-89.82659466116365
Miguel Cabrera,2022,2023,433,370,50.241674757473,52.51184134068156,2.270166583208564,44.53566659302867,43.81660920731218,-0.7190573857164893,33.43145141878253,32.23925028520212,-1.1922011335804115,42.33834117866441,43.46607064465728,1.1277294659928714,44.86387989425054,50.05528322787538,5.191403333624841,-1.3072941882003106,-0.7130065843484148,0.5942876038518958,78.20092928976233,87.95623851893664,9.755309229174316,0.622230236,0.674915034,0.05268479799999992,4420.210801557423,4716.774569492456,296.56376793503296
Miguel Rojas,2021,2022,539,507,60.65778356205074,63.16579624116483,2.5080126791140884,40.5927149581546,37.12520953613537,-3.4675054220192294,63.22851059339976,43.35398819412588,-19.87452239927388,50.23394140898477,68.78986530407352,18.555923895088746,51.970506644529486,47.17165513667848,-4.798851507851005,1.9348622260763608,1.0929490403925315,-0.8419131856838293,92.79642762502208,67.91669209131145,-24.87973553371063,0.713480529,0.605326317,-0.10815421200000008,6642.27260373064,6258.642004210625,-383.6305995200155
Miguel Rojas,2022,2023,507,423,63.16579624116483,60.93197797419707,-2.2338182669677593,37.12520953613537,37.545903882086,0.42069434595062916,43.35398819412588,49.13560938921768,5.781621195091795,68.78986530407352,61.22461147373784,-7.565253830335678,47.17165513667848,47.06840894544584,-0.10324619123264256,1.0929490403925315,0.5777640569172542,-0.5151849834752773,67.91669209131145,67.46251596798693,-0.4541761233245154,0.605326317,0.611864145,0.006537828000000023,6258.642004210625,6129.850250642633,-128.7917535679917
Miguel Rojas,2023,2024,423,337,60.93197797419707,69.80371581883757,8.871737844640506,37.545903882086,40.80605892669988,3.2601550446138816,49.13560938921768,52.52978218452014,3.3941727953024596,61.22461147373784,68.22842099366952,7.0038095199316786,47.06840894544584,55.97827932640071,8.909870380954871,0.5777640569172542,2.768934047490704,2.19116999057345,67.46251596798693,110.00112850480102,42.538612536814085,0.611864145,0.747736884,0.13587273900000008,6129.850250642633,7752.429500806164,1622.5792501635306
Miguel Rojas,2024,2025,337,317,69.80371581883757,60.83225560515159,-8.971460213685987,40.80605892669988,42.928383109909646,2.122324183209763,52.52978218452014,52.542611969490174,0.012829784970037394,68.22842099366952,58.57753885118644,-9.650882142483077,55.97827932640071,54.79513483434235,-1.1831444920583607,2.768934047490704,1.721501538679048,-1.047432508811656,110.00112850480102,99.92768179775628,-10.073446707044738,0.747736884,0.715023061,-0.03271382300000003,7752.429500806164,6889.4022524380425,-863.027248368121
Miguel Vargas,2023,2024,304,237,48.56638859107437,43.02248917363883,-5.54389941743554,43.3369289090114,39.69135838277556,-3.6455705262358364,50.746152283432416,51.07349149921983,0.3273392157874113,42.08743612134694,45.23447404566223,3.147037924315292,62.8330193370594,58.69200597371269,-4.141013363346708,-0.0300588470342492,-0.9947840525928472,-0.964725205558598,83.52206978691711,46.2906963625794,-37.23137342433771,0.671823261,0.5062267,-0.16559656099999998,5770.882304502474,5337.832292324591,-433.0500121778823
Miguel Vargas,2024,2025,237,569,43.02248917363883,55.86104029671529,12.838551123076456,39.69135838277556,50.41280615713972,10.721447774364158,51.07349149921983,52.49939608819541,1.425904588975584,45.23447404566223,42.13646693834401,-3.0980071073182245,58.69200597371269,58.90366425675817,0.2116582830454803,-0.9947840525928472,1.3430150424946476,2.3377990950874947,46.2906963625794,100.85992923636093,54.56923287378152,0.5062267,0.717138113,0.21091141299999994,5337.832292324591,6394.573526425983,1056.7412341013915
Mike Brosseau,2021,2022,169,160,39.578179838701374,44.32280765690335,4.744627818201977,47.360360168100286,50.14235859528659,2.781998427186302,48.82173429375363,50.18710017527767,1.365365881524042,50.165318795797845,43.916214421458655,-6.24910437433919,48.63228629210074,50.39390267718194,1.7616163850812043,-0.010758701826848,0.6033337988342282,0.6140925006610762,72.14762420585059,117.97841038839805,45.830786182547456,0.612938855,0.762189716,0.14925086099999996,5230.925515925665,5416.117464902449,185.19194897678335
Mike Ford,2022,2023,149,251,49.48017992057988,38.855773588520464,-10.624406332059415,44.958616044565545,61.42083214525768,16.46221610069213,40.95194520920232,38.67295332681513,-2.2789918823871886,48.62107605523268,46.266891718498,-2.3541843367346758,62.66817185443827,54.48889919701576,-8.179272657422509,-0.2879983069770211,0.7644145112328923,1.0524128182099135,81.04681983461695,125.13203247461232,44.08521263999536,0.614990521,0.797595007,0.182604486,5803.659381058824,5320.874272830029,-482.78510822879434
Mike Moustakas,2021,2022,206,285,43.005003092738335,39.7260379631563,-3.2789651295820335,44.838235634919485,46.5554325466018,1.717196911682315,45.13326229798176,47.86003788441676,2.7267755864350036,44.51570396299161,45.7869928274424,1.2712888644507885,46.03386017595259,42.5856828446847,-3.4481773312678925,-0.3973370272746173,-0.4644531699753183,-0.06711614270070104,70.30098415939156,76.08869956165523,5.787715402263672,0.653138097,0.639974937,-0.013163160000000063,4750.536451142808,4712.773049452199,-37.76340169060859
Mike Moustakas,2022,2023,285,386,39.7260379631563,44.85667809583899,5.130640132682686,46.5554325466018,48.6839154487725,2.1284829021707026,47.86003788441676,39.76104112644507,-8.09899675797169,45.7869928274424,44.86333191799809,-0.9236609094443082,42.5856828446847,39.30500394159698,-3.2806789030877184,-0.4644531699753183,-0.4249039556068226,0.03954921436849573,76.08869956165523,77.99654670779204,1.9078471461368025,0.639974937,0.684791567,0.044816630000000024,4712.773049452199,4484.126867996578,-228.64618145562144
Mike Tauchman,2023,2024,401,350,55.70837220795183,54.94413187809424,-0.7642403298575928,46.05253082940529,47.79863570955119,1.7461048801459,53.04382503296045,52.55768621319312,-0.4861388197673264,49.34971378728744,45.15939137414953,-4.190322413137913,67.44998457857236,65.21440988921938,-2.2355746893529727,1.6560344327987495,1.047736105609661,-0.6082983271890885,108.25188231738788,110.13161976808792,1.8797374507000342,0.739354599,0.722914669,-0.01643992999999999,6996.0562732787175,6676.466940778309,-319.5893325004081
Mike Tauchman,2024,2025,350,385,54.94413187809424,53.14896022589155,-1.79517165220269,47.79863570955119,48.04700081349044,0.24836510393924982,52.55768621319312,41.29526510199777,-11.262421111195351,45.15939137414953,48.49078130363029,3.331389929480764,65.21440988921938,58.72594482313824,-6.48846506608114,1.047736105609661,1.3804506578270184,0.33271455221735735,110.13161976808792,115.165963099284,5.034343331196084,0.722914669,0.755844155,0.03292948600000001,6676.466940778309,5948.426393567271,-728.0405472110388
Mike Trout,2021,2022,146,499,56.36047819015488,52.43759944077297,-3.9228787493819084,70.21955403831217,79.82851616652101,9.608962128208844,55.47812410324407,46.95387637825023,-8.524247724993842,49.69285534891412,47.968861637850914,-1.7239937110632084,68.16693990181503,59.75044232100424,-8.416497580810784,2.1499275885369133,6.024749373529485,3.8748217849925712,189.15439794741047,175.87476170926516,-13.279636238145315,1.089685047,0.99887446,-0.09081058699999989,8483.164671023209,7696.86638368901,-786.2982873341989
Mike Trout,2022,2023,499,362,52.43759944077297,51.715967857974654,-0.7216315827983166,79.82851616652101,66.50671169922431,-13.321804467296701,46.95387637825023,51.35805727211238,4.404180893862154,47.968861637850914,52.67398131341384,4.705119675562926,59.75044232100424,60.75425861932628,1.003816298322036,6.024749373529485,2.941297184535888,-3.0834521889935966,175.87476170926516,134.72370953374948,-41.15105217551567,0.99887446,0.857663054,-0.14121140600000004,7696.86638368901,7562.079466424584,-134.78691726442594
Mike Trout,2023,2024,362,126,51.715967857974654,57.05396819664668,5.338000338672025,66.50671169922431,64.56528714206672,-1.941424557157589,51.35805727211238,57.30966144961487,5.951604177502489,52.67398131341384,46.95793957852156,-5.716041734892279,60.75425861932628,63.322815418825314,2.568556799499035,2.941297184535888,0.9217851404363296,-2.0195120440995584,134.72370953374948,139.88421286665803,5.160503332908547,0.857663054,0.866681228,0.009018174000000045,7562.079466424584,7922.9622613468655,360.8827949222814
Mike Trout,2024,2025,126,556,57.05396819664668,43.542337122322856,-13.511631074323823,64.56528714206672,64.55205491819942,-0.013232223867305493,57.30966144961487,46.12907221676608,-11.180589232848789,46.95793957852156,39.15221732927858,-7.805722249242983,63.322815418825314,70.13360524523668,6.810789826411366,0.9217851404363296,1.7932103882611072,0.8714252478247776,139.88421286665803,119.75142681338023,-20.132786053277798,0.866681228,0.797155049,-0.06952617900000002,7922.9622613468655,6369.318901789744,-1553.6433595571216
Mike Yastrzemski,2021,2022,532,558,47.34878896927728,48.612802190667175,1.2640132213898951,55.00427773428032,54.46933438067443,-0.5349433536058896,58.2192001526747,54.958891066553846,-3.2603090861208557,49.782984682899816,43.85349497478689,-5.929489708112925,54.15427967798039,61.96209288670282,7.807813208722429,2.125298759867564,1.501225239858972,-0.6240735200085918,106.33824798264672,98.98604929193496,-7.352198690711759,0.76799942,0.69695904,-0.07104038000000001,6640.808132246473,6553.267260479188,-87.54087176728535
Mike Yastrzemski,2022,2023,558,381,48.612802190667175,49.563211667204186,0.9504094765370112,54.46933438067443,55.5594637556615,1.0901293749870646,54.958891066553846,47.70344143165679,-7.2554496348970545,43.85349497478689,51.7373481335942,7.883853158807312,61.96209288670282,62.28902956631265,0.32693667960982964,1.501225239858972,1.7148328338455687,0.21360759398659668,98.98604929193496,110.80661559919216,11.820566307257195,0.69695904,0.775269848,0.07831080800000001,6553.267260479188,6743.963730504424,190.69647002523652
Mike Yastrzemski,2023,2024,381,474,49.563211667204186,46.45921849715733,-3.1039931700468557,55.5594637556615,55.26463468821786,-0.29482906744363646,47.70344143165679,53.30292105808511,5.5994796264283195,51.7373481335942,47.58257150912224,-4.154776624471964,62.28902956631265,54.267430059929545,-8.021599506383104,1.7148328338455687,1.7103767534237604,-0.004456080421808339,110.80661559919216,106.30436004811878,-4.502255551073375,0.775269848,0.739241468,-0.03602837999999997,6743.963730504424,6254.630080758245,-489.3336497461796
Mike Yastrzemski,2024,2025,474,558,46.45921849715733,55.90463978954016,9.445421292382832,55.26463468821786,51.20625470076446,-4.0583799874533995,53.30292105808511,51.41957575642277,-1.883345301662338,47.58257150912224,54.19914224922306,6.616570740100819,54.267430059929545,66.12642275857357,11.858992698644023,1.7103767534237604,2.3481491059559643,0.6377723525322039,106.30436004811878,105.9273420216054,-0.3770180265133831,0.739241468,0.735249535,-0.003991933000000003,6254.630080758245,7400.806656326313,1146.176575568068
Mike Zunino,2021,2022,375,123,32.15155786924534,28.183345453855857,-3.9682124153894804,75.78792597523457,55.7826940481672,-20.00523192706737,50.395843770502246,43.71336109326637,-6.682482677235875,65.889259912786,50.63624785606353,-15.253012056722476,48.51221591432646,41.28038938715608,-7.231826527170384,4.069255501783628,-0.2828293763145008,-4.352084878098129,133.1363165281403,41.4038197802467,-91.7324967478936,0.859891891,0.499469777,-0.36042211399999996,6815.660231960493,4506.95034781975,-2308.7098841407424
Mike Zunino,2022,2023,123,140,28.183345453855857,22.20664801360098,-5.976697440254878,55.7826940481672,45.53264273900345,-10.250051309163752,43.71336109326637,40.29574318420309,-3.4176179090632814,50.63624785606353,47.31790922993418,-3.3183386261293464,41.28038938715608,48.83231014768533,7.551920760529249,-0.2828293763145008,-0.30703197650688,-0.024202600192379242,41.4038197802467,62.73753840203956,21.333718621792862,0.499469777,0.577880183,0.07841040599999999,4506.95034781975,3874.439766576157,-632.5105812435932
Miles Mastrobuoni,2023,2024,149,106,55.05584215753692,56.32353752308144,1.267695365544519,37.31846183247863,37.3141931692368,-0.00426866324183095,63.5009472433526,53.070829468094175,-10.430117775258424,49.70663489373844,50.27338515219285,0.5667502584544124,56.62972743143164,53.174664664853175,-3.4550627665784646,0.0905528312513045,-0.3881694573874932,-0.47872228863879773,71.68391371704182,35.25226764491309,-36.43164607212873,0.608971057,0.469772813,-0.13919824399999997,6426.025409764645,5905.23754588063,-520.7878638840148
Miles Mastrobuoni,2024,2025,106,175,56.32353752308144,62.24589252986142,5.922355006779981,37.3141931692368,38.10560827962198,0.7914151103851808,53.070829468094175,48.28727499203322,-4.7835544760609565,50.27338515219285,52.09208736150443,1.8187022093115814,53.174664664853175,61.91491802092676,8.740253356073588,-0.3881694573874932,0.280182314381557,0.6683517717690501,35.25226764491309,85.25289940330613,50.00063175839304,0.469772813,0.619582042,0.149809229,5905.23754588063,6565.40238166121,660.1648357805798
Mitch Garver,2021,2022,243,215,48.08526825563536,48.39536372318748,0.3100954675521166,65.71554278045377,54.292258152553856,-11.423284627899918,43.59193449467256,46.270408972859,2.6784744781864447,50.22043971909635,45.90502418801439,-4.31541553108196,62.08638975338355,58.80736654970691,-3.279023203676637,2.1012129578570176,0.1958582764596749,-1.9053546813973425,138.7868613505578,100.32875722337168,-38.45810412718613,0.874932903,0.701929737,-0.17300316599999999,6808.2663495268935,6091.146212821103,-717.1201367057902
Mitch Garver,2022,2023,215,344,48.39536372318748,56.04340202662134,7.648038303433857,54.292258152553856,60.534121185592326,6.24186303303847,46.270408972859,39.58463216843825,-6.685776804420755,45.90502418801439,46.58408306712072,0.6790588791063357,58.80736654970691,66.40104419478212,7.5936776450752035,0.1958582764596749,2.2160673010809413,2.0202090246212663,100.32875722337168,141.7748956167446,41.44613839337292,0.701929737,0.87026239,0.168332653,6091.146212821103,6870.120791831087,778.9745790099842
Mitch Garver,2023,2024,344,430,56.04340202662134,33.97494821964888,-22.068453806972457,60.534121185592326,50.359261644437325,-10.174859541155001,39.58463216843825,39.18074184139212,-0.4038903270461276,46.58408306712072,40.16345589627616,-6.420627170844561,66.40104419478212,65.34814260329372,-1.0529015914883928,2.2160673010809413,-0.389046672296006,-2.6051139733769473,141.7748956167446,88.5396788421891,-53.2352167745555,0.87026239,0.626645966,-0.24361642400000005,6870.120791831087,4804.027812487661,-2066.092979343426
Mitch Garver,2024,2025,430,290,33.97494821964888,39.88535994429285,5.910411724643971,50.359261644437325,49.88510654038328,-0.4741551040540415,39.18074184139212,48.88085675775052,9.700114916358402,40.16345589627616,44.51117297911007,4.34771708283391,65.34814260329372,59.78373533094711,-5.564407272346614,-0.389046672296006,-0.0287771503457942,0.3602695219502118,88.5396788421891,86.36956945097877,-2.1701093912103318,0.626645966,0.639071409,0.012425443000000036,4804.027812487661,5539.617195216508,735.5893827288464
Mitch Haniger,2021,2022,691,247,48.3971798156171,47.46234208480252,-0.9348377308145785,59.84745633475568,59.67768303882925,-0.16977329592642576,42.08046427292828,44.51773505717496,2.437270784246678,28.206359506158464,49.91386859970885,21.707509093550385,47.5715078992861,51.80226796842722,4.230760069141127,2.137397298655906,0.9314415386690968,-1.2059557599868094,120.25803875095716,114.33199092999308,-5.926047820964072,0.80386303,0.736263735,-0.06759929500000006,4872.233731797096,6065.609649664927,1193.375917867831
Mitch Haniger,2022,2023,247,229,47.46234208480252,43.97094669455649,-3.4913953902460335,59.67768303882925,51.54849757390497,-8.129185464924284,44.51773505717496,50.08853176282181,5.570796705646849,49.91386859970885,43.67002596781565,-6.243842631893202,51.80226796842722,48.06387262614116,-3.7383953422860614,0.9314415386690968,-0.6585491514431937,-1.5899906901122907,114.33199092999308,71.56233852587461,-42.769652404118474,0.736263735,0.631304454,-0.10495928099999996,6065.609649664927,5348.911528828044,-716.6981208368834
Mitch Haniger,2023,2024,229,423,43.97094669455649,38.104177607552565,-5.866769087003924,51.54849757390497,52.63570446335854,1.0872068894535758,50.08853176282181,39.96577530839904,-10.12275645442277,43.67002596781565,38.968629748784736,-4.7013962190309115,48.06387262614116,55.77712254458106,7.7132499184398995,-0.6585491514431937,-0.5162776667378686,0.14227148470532514,71.56233852587461,85.46255690704633,13.900218381171726,0.631304454,0.620262535,-0.011041919000000067,5348.911528828044,4738.913895721435,-609.9976331066082
Mookie Betts,2021,2022,550,639,64.19929408547739,64.35990673769086,0.16061265221347298,54.20468231648301,63.39319039621275,9.188508079729743,49.48513627438287,65.20319383135009,15.718057556967224,51.33442201943222,57.12243256317159,5.788010543739375,69.37610085943865,59.39326084463585,-9.982840014802804,3.917105603008379,5.987773850102343,2.070668247093964,130.7172033703091,144.26631334521406,13.549109974904951,0.85439719,0.872809897,0.018412706999999973,7949.785383139195,9107.895257587508,1158.1098744483133
Mookie Betts,2022,2023,639,693,64.35990673769086,71.87909438900326,7.519187651312393,63.39319039621275,67.06018545232608,3.666995056113329,65.20319383135009,55.69824258684116,-9.50495124450893,57.12243256317159,46.299804560669806,-10.822628002501787,59.39326084463585,76.46270997035228,17.06944912571643,5.987773850102343,7.600614784390406,1.6128409342880632,144.26631334521406,164.96869536137436,20.7023820161603,0.872809897,0.987136531,0.11432663399999998,9107.895257587508,9591.622044659984,483.7267870724754
Mookie Betts,2023,2024,693,516,71.87909438900326,71.40896188483342,-0.47013250416983965,67.06018545232608,53.91402675867176,-13.146158693654321,55.69824258684116,54.88009889525624,-0.8181436915849218,46.299804560669806,48.24213392632621,1.9423293656564056,76.46270997035228,76.25787762927851,-0.20483234107376802,7.600614784390406,4.2984597764842905,-3.3021550079061157,164.96869536137436,139.57664027743849,-25.392055083935873,0.987136531,0.863204134,-0.12393239700000003,9591.622044659984,8835.611530912342,-756.0105137476421
Mookie Betts,2024,2025,516,663,71.40896188483342,67.1435374428105,-4.265424442022919,53.91402675867176,45.670881984831816,-8.243144773839944,54.88009889525624,49.74290799127542,-5.137190903980816,48.24213392632621,59.01458616986923,10.772452243543022,76.25787762927851,66.96382093440825,-9.294056694870264,4.2984597764842905,3.4144496316617,-0.8840101448225903,139.57664027743849,103.82600808653768,-35.7506321909008,0.863204134,0.73156435,-0.13163978399999998,8835.611530912342,7951.7332142732175,-883.878316639124
Myles Straw,2021,2022,638,596,66.34118911322616,62.69094030818813,-3.650248805038032,35.26734190499778,30.50768307509112,-4.759658829906659,76.36927993535647,77.83577725641442,1.4664973210579433,59.270589027036365,70.44633020746589,11.175741180429526,64.50046107284206,64.99777743065474,0.4973163578126787,3.071939454486928,1.4713820089659293,-1.6005574455209988,97.80223509216792,65.36715869675572,-32.435076395412196,0.696026364,0.564142987,-0.13188337699999997,8398.53696585226,8761.14028711422,362.60332126196045
Myles Straw,2022,2023,596,518,62.69094030818813,60.85445139847033,-1.8364889097178008,30.50768307509112,29.573608000114405,-0.9340750749767146,77.83577725641442,64.12839362198949,-13.707383634424929,70.44633020746589,49.31003156431481,-21.13629864315108,64.99777743065474,55.3388185473554,-9.658958883299334,1.4713820089659293,0.1646930538086891,-1.3066889551572403,65.36715869675572,68.22341452694178,2.8562558301860577,0.564142987,0.597318046,0.03317505900000006,8761.14028711422,6160.344524725603,-2600.795762388617
Nathaniel Lowe,2021,2022,642,645,53.31707262463474,60.83363520196399,7.516562577329253,55.78247379218635,62.731730554955526,6.949256762769174,52.95292813049068,33.19498843713302,-19.757939693357663,36.73240978434091,29.613115534325868,-7.119294250015042,59.99180240520462,45.005661807024055,-14.986140598180569,2.033564042220224,3.068398250963102,1.0348342087428781,113.89869642660904,142.72031437494527,28.82161794833624,0.771419542,0.850551001,0.07913145900000007,6312.791195316541,5208.081152628466,-1104.7100426880752
Nathaniel Lowe,2022,2023,645,724,60.83363520196399,58.64604481128835,-2.187590390675645,62.731730554955526,51.11622501554543,-11.615505539410094,33.19498843713302,30.00331526002956,-3.1916731771034605,29.613115534325868,49.55272937308241,19.93961383875654,45.005661807024055,63.32877431327292,18.32311250624887,3.068398250963102,2.778147849040684,-0.2902504019224179,142.72031437494527,118.22228226228388,-24.49803211266139,0.850551001,0.774622437,-0.07592856400000003,5208.081152628466,6120.173532094214,912.0923794657483
Nathaniel Lowe,2023,2024,724,565,58.64604481128835,58.16077167281617,-0.4852731384721807,51.11622501554543,51.290354781915504,0.17412976637007205,30.00331526002956,43.53506619052612,13.531750930496564,49.55272937308241,54.450737579906175,4.898008206823768,63.32877431327292,64.75054667640022,1.421772363127296,2.778147849040684,2.928534294098236,0.15038644505755183,118.22228226228388,122.66619954801396,4.44391728573008,0.774622437,0.762296513,-0.012325923999999988,6120.173532094214,7074.999230460208,954.825698365994
Nathaniel Lowe,2024,2025,565,609,58.16077167281617,48.00496795437519,-10.155803718440978,51.290354781915504,50.07701847458779,-1.2133363073277152,43.53506619052612,40.73172172054362,-2.8033444699825054,54.450737579906175,39.18443862767751,-15.266298952228667,64.75054667640022,56.6412304980219,-8.109316178378322,2.928534294098236,-0.3404609954372168,-3.268995289535453,122.66619954801396,91.28891612582942,-31.377283422184547,0.762296513,0.688542236,-0.07375427700000003,7074.999230460208,5220.4603837935965,-1854.5388466666118
Nelson Cruz,2021,2022,584,507,50.48189840673664,44.56890318272392,-5.912995224012718,68.25963294312227,53.27736401742872,-14.982268925693553,40.57625956842172,45.59652959096442,5.020270022542704,39.448051919597965,41.25337197805442,1.8053200584564522,45.9352003864444,49.73673666095063,3.8015362745062333,1.876963753690744,-0.4623650362030107,-2.339328789893755,123.01302908286998,86.98663173071752,-36.02639735215246,0.831558781,0.650545634,-0.18101314700000004,5681.231739760155,5208.607036285884,-472.624703474271
Nelson Cruz,2022,2023,507,152,44.56890318272392,39.71426440420344,-4.854638778520481,53.27736401742872,56.18611815373892,2.9087541363102005,45.59652959096442,48.20860696649098,2.6120773755265603,41.25337197805442,47.52611875678304,6.272746778728624,49.73673666095063,37.38739164997245,-12.349345010978183,-0.4623650362030107,-0.2719386406925865,0.19042639551042423,86.98663173071752,83.93832581028443,-3.0483059204330942,0.650545634,0.681496134,0.030950499999999992,5208.607036285884,4989.671977789507,-218.93505849637677
Nelson Velázquez,2022,2023,206,179,35.243535232898466,41.96567506057739,6.722139827678923,54.84201941840732,71.17818740927581,16.33616799086849,57.50907423237857,49.09356497487253,-8.415509257506045,45.07115828370282,44.02484083828006,-1.0463174454227584,51.904904989156776,46.24507548270618,-5.659829506450599,0.1893053697618673,0.841518377423332,0.6522130076614647,89.08428818884447,133.3910825981168,44.30679440927234,0.659380738,0.88809573,0.228714992,5633.80559947114,6000.884123285388,367.078523814248
Nelson Velázquez,2023,2024,179,230,41.96567506057739,38.15593254424,-3.809742516337387,71.17818740927581,50.230872046411776,-20.947315362864032,49.09356497487253,54.37875687616544,5.285191901292912,44.02484083828006,43.78152387777563,-0.24331696050442986,46.24507548270618,51.19164458577867,4.946569103072491,0.841518377423332,-0.4750849700462723,-1.3166033474696044,133.3910825981168,77.98795952485108,-55.40312307326573,0.88809573,0.639766701,-0.24832902899999998,6000.884123285388,5337.042014180673,-663.8421091047157
Nick Ahmed,2023,2024,210,228,44.3788494587807,47.36563454095683,2.9867850821761337,36.86612957550259,32.52213450159294,-4.343995073909653,49.82892771458455,47.72552259118283,-2.1034051234017213,59.56482480290588,63.3082871310833,3.743462328177415,43.540440658868754,37.75968533827677,-5.780755320591986,0.1125811596334929,0.4833485842072882,0.3707674245737953,50.15717575040659,58.6880722977764,8.530896547369814,0.56017316,0.561904761,0.001731601000000027,5215.061748285803,4894.612811598277,-320.44893668752593
Nick Allen,2022,2023,326,329,47.81143333913671,54.19828438118133,6.3868510420446185,32.05338499211871,32.29780517908314,0.24442018696443313,49.92902257024092,50.76759245744333,0.8385698872024108,63.19227239430194,53.26774170491751,-9.924530689384426,42.61869707407325,45.355949785792646,2.7372527117193926,0.5285336112912937,-0.3243927173702676,-0.8529263286615614,59.30126254041671,54.21252461070756,-5.088737929709147,0.547219899,0.550286606,0.003066707000000002,5239.786038886951,5215.910696827546,-23.87534205940483
Nick Allen,2023,2024,329,105,54.19828438118133,49.14518501379268,-5.053099367388654,32.29780517908314,33.2593684152783,0.9615632361951612,50.76759245744333,42.72608561825827,-8.041506839185061,53.26774170491751,48.32462656639497,-4.943115138522543,45.355949785792646,45.81572053884333,0.4597707530506838,-0.3243927173702676,-0.5872850093262911,-0.26289229195602354,54.21252461070756,33.22807833845942,-20.984446272248142,0.550286606,0.463108954,-0.087177652,5215.910696827546,4558.391160535231,-657.519536292315
Nick Allen,2024,2025,105,416,49.14518501379268,49.209206969008434,0.06402195521575749,33.2593684152783,25.291052314106903,-7.9683161011714,42.72608561825827,42.30877938054925,-0.4173062377090204,48.32462656639497,74.81116788875342,26.48654132235845,45.81572053884333,49.33747082670331,3.5217502878599802,-0.5872850093262911,0.7275476677350856,1.3148326770613767,33.22807833845942,53.05633301470826,19.82825467624884,0.463108954,0.534987579,0.07187862500000003,4558.391160535231,5515.465385700917,957.0742251656857
Nick Castellanos,2021,2022,585,558,55.48246851782931,46.76040234495186,-8.722066172877447,64.68642519198994,46.828704108493326,-17.857721083496614,48.898408680595765,45.66834372257021,-3.230064958025558,32.6654491380372,29.23313358225453,-3.4323155557826652,37.609671397559374,33.38532311846605,-4.224348279093327,3.69434608455211,-0.1955564971716704,-3.8899025817237805,140.28213426297262,94.65651714147718,-45.62561712149544,0.938664348,0.693972475,-0.24469187299999995,5546.812921369481,3899.529510450369,-1647.2834109191122
Nick Castellanos,2022,2023,558,671,46.76040234495186,42.34616459695267,-4.414237747999195,46.828704108493326,57.48758104593975,10.658876937446422,45.66834372257021,40.779900587438895,-4.888443135131311,29.23313358225453,34.525563802298166,5.292430220043634,33.38532311846605,32.31738909354135,-1.0679340249246962,-0.1955564971716704,1.2983626481461088,1.4939191453177791,94.65651714147718,107.98899644923011,13.332479307752934,0.693972475,0.787513747,0.09354127199999995,3899.529510450369,4123.286042042111,223.75653159174226
Nick Castellanos,2023,2024,671,659,42.34616459695267,49.48066605244964,7.134501455496974,57.48758104593975,53.725284571089695,-3.7622964748500536,40.779900587438895,40.92991697847157,0.15001639103267195,34.525563802298166,25.4647454382668,-9.060818364031366,32.31738909354135,34.75822278032301,2.4408336867816587,1.2983626481461088,0.2428708545232257,-1.0554917936228831,107.98899644923011,103.70135739075258,-4.287639058477538,0.787513747,0.741770458,-0.04574328900000002,4123.286042042111,4044.165035676386,-79.12100636572495
Nick Castellanos,2024,2025,659,589,49.48066605244964,46.01371570995577,-3.466950342493874,53.725284571089695,46.89646972957677,-6.828814841512923,40.92991697847157,47.82876295129716,6.89884597282559,25.4647454382668,29.10873558715337,3.6439901488865694,34.75822278032301,30.60526521138507,-4.152957568937939,0.2428708545232257,-0.5763975715012044,-0.8192684260244301,103.70135739075258,89.74261933234901,-13.958738058403569,0.741770458,0.694083796,-0.047686661999999935,4044.165035676386,3848.097503091791,-196.06753258459503
Nick Fortes,2022,2023,240,323,54.67174763062974,52.81083176282176,-1.8609158678079751,50.162230420689184,39.97534852777687,-10.18688189291231,52.41469237064686,51.14104449158007,-1.273647879066793,57.89423801843479,69.065127777962,11.170889759527213,53.16909896638533,48.72583390801258,-4.443265058372745,1.2603845301638708,0.6142291472868718,-0.6461553828769989,95.05595280382308,51.96393869168134,-43.09201411214173,0.695871735,0.561819727,-0.13405200799999994,6843.439095348471,6479.587522856935,-363.851572491536
Nick Fortes,2023,2024,323,335,52.81083176282176,60.442632135536535,7.631800372714771,39.97534852777687,34.47978421159458,-5.495564316182296,51.14104449158007,39.93341980687962,-11.207624684700448,69.065127777962,66.68939786351172,-2.3757299144502895,48.72583390801258,42.15119827413462,-6.574635633877961,0.6142291472868718,0.5761634683132624,-0.03806567897360946,51.96393869168134,58.01588577381421,6.05194708213287,0.561819727,0.577328159,0.015508431999999961,6479.587522856935,5460.418582483942,-1019.1689403729924
Nick Fortes,2024,2025,335,242,60.442632135536535,53.32288230334355,-7.119749832192987,34.47978421159458,44.26855817370577,9.788773962111193,39.93341980687962,48.382833482625486,8.449413675745866,66.68939786351172,59.02487791495535,-7.664519948556368,42.15119827413462,45.66039978053583,3.5092015064012116,0.5761634683132624,1.0415364560068512,0.4653729876935888,58.01588577381421,80.41164724203314,22.39576146821893,0.577328159,0.644457186,0.06712902700000001,5460.418582483942,5938.396831338087,477.978248854145
Nick Gonzales,2023,2024,128,387,38.25527548265213,55.483147675670445,17.227872193018314,39.206400987296334,47.315041512307104,8.10864052501077,47.05030687742135,49.06933652416306,2.019029646741714,51.88347486633891,53.35090473204763,1.4674298657087235,42.09125198472973,35.71686160774064,-6.374390376989091,-0.0798643740416964,1.3355078639456486,1.415372237987345,63.293693166815736,94.22403389143037,30.93034072461463,0.615542621,0.709209519,0.09366689799999994,4555.42335068678,5445.754090047239,890.3307393604582
Nick Gonzales,2024,2025,387,408,55.483147675670445,53.46292005955198,-2.0202276161184614,47.315041512307104,43.17580588149416,-4.139235630812941,49.06933652416306,43.69117833746702,-5.378158186696041,53.35090473204763,56.97004205854301,3.619137326495377,35.71686160774064,37.33525698872006,1.6183953809794218,1.3355078639456486,0.9069455203156516,-0.428562343629997,94.22403389143037,81.58242837354327,-12.6416055178871,0.709209519,0.661224331,-0.047985187999999956,5445.754090047239,5138.956746157838,-306.7973438894005
Nick Gordon,2021,2022,216,443,48.058514269211,50.91421049801179,2.855696228800788,49.52073409901117,54.71281196395479,5.19207786494362,63.43997268536057,50.16219583415205,-13.277776851208522,46.84421770200021,46.7686946822844,-0.07552301971580988,35.593571486258824,31.53740385133761,-4.056167634921213,0.2576239580243338,1.6956854801194423,1.4380615220951085,78.90907009492129,110.04101397738128,31.131943882459993,0.646666666,0.743069583,0.09640291700000003,5645.095809152847,5210.296581593795,-434.79922755905227
Nick Loftin,2024,2025,171,188,56.1761397533367,54.51119671727318,-1.6649430360635193,31.80014183000633,42.13268543198236,10.332543601976031,47.720076147955005,48.429498687002685,0.7094225390476794,54.01705381729868,52.58689432990234,-1.4301594873963381,64.58415735936616,54.084976376614414,-10.499180982751746,-0.1998582560322821,0.0645377830805374,0.2643960391128195,51.22783209025848,73.38304708838294,22.155214998124457,0.518839427,0.635217723,0.11637829600000005,6181.081248841529,6027.949601789918,-153.13164705161034
Nick Madrigal,2021,2022,215,228,71.41728348274356,67.00791383969214,-4.40936964305142,36.49099676443649,32.276800138768856,-4.214196625667633,55.07542793479629,50.49413868459364,-4.581289250202644,51.047186513403766,53.44344749410458,2.3962609807008164,51.7612651795437,52.96259962523327,1.201334445689568,1.2656046865115915,0.3144979594755397,-0.9511067270360518,111.86131891939245,72.56518832441435,-39.296130594978095,0.773837209,0.587606384,-0.186230825,6546.220279892183,6120.328454373098,-425.8918255190847
Nick Madrigal,2022,2023,228,294,67.00791383969214,71.85676268557299,4.848848845880852,32.276800138768856,35.17951008715837,2.9027099483895142,50.49413868459364,48.566676592742446,-1.927462091851197,53.44344749410458,64.42387468404243,10.98042718993785,52.96259962523327,46.77080450249024,-6.191795122743024,0.3144979594755397,1.162593249625692,0.8480952901501524,72.56518832441435,83.87930776891264,11.314119444498289,0.587606384,0.663270536,0.07566415199999998,6120.328454373098,6533.399781097944,413.0713267248457
Nick Martini,2024,2025,163,111,47.7660423569302,53.57489670839793,5.80885435146773,46.2116531251514,36.57936230786211,-9.632290817289288,50.17585066043075,45.18211875030469,-4.993731910126058,47.74901081842621,49.88188725131208,2.1328764328858725,44.13413160144072,53.77710113078841,9.642969529347688,-0.5028766091010558,-0.4581585073274333,0.04471810177362251,72.24088074676405,49.17061606432592,-23.07026468243813,0.641467951,0.582405935,-0.05906201599999994,5296.137936565382,5435.213777714615,139.07584114923338
Nick Pratto,2022,2023,182,345,31.886840066958463,33.1479725633314,1.2611324963729373,51.24028070134995,45.34800600623427,-5.892274695115681,45.450740842328734,41.95622689116562,-3.494513951163114,48.78185212486554,41.08517494181166,-7.696677183053879,52.81392503024209,50.72501168936159,-2.0889133408805023,-0.167022886577835,-0.6505805808532839,-0.4835576942754488,80.56284699486055,80.46796173246284,-0.09488526239771033,0.656794181,0.660187552,0.003393371000000034,4964.705670981918,4229.862794670709,-734.8428763112088
Nick Senzel,2021,2022,124,420,63.67733009715944,55.78844805348651,-7.888882043672929,43.044642058184245,39.72021792476671,-3.324424133417537,44.88427015303722,44.63864964670998,-0.24562050632724208,49.387684072279285,44.60300461036957,-4.784679461909718,52.80334071699476,50.809605546802736,-1.993735170192025,-0.144051341898775,-0.6921358459481428,-0.5480845040493678,72.02905398474986,66.50688851022163,-5.5221654745282365,0.63789596,0.601473546,-0.036422414000000014,6115.262892037583,5269.25930237061,-846.0035896669724
Nick Senzel,2022,2023,420,330,55.78844805348651,52.33734285299308,-3.45110520049343,39.72021792476671,46.1830093153837,6.462791390616992,44.63864964670998,56.375254656569005,11.736605009859026,44.60300461036957,34.06332236161924,-10.539682248750324,50.809605546802736,48.25973716916764,-2.549868377635093,-0.6921358459481428,-0.4359150022701571,0.2562208436779857,66.50688851022163,82.9250759813417,16.418187471120078,0.601473546,0.695640792,0.09416724599999993,5269.25930237061,5283.440771548558,14.181469177947292
Nick Senzel,2023,2024,330,267,52.33734285299308,47.13527560673253,-5.202067246260555,46.1830093153837,39.48298941865852,-6.7000198967251805,56.375254656569005,43.75026162914052,-12.624993027428488,34.06332236161924,43.116685499336185,9.053363137716943,48.25973716916764,56.45249507080345,8.192757901635808,-0.4359150022701571,-0.5428487639233026,-0.1069337616531455,82.9250759813417,72.85317859632364,-10.071897385018062,0.695640792,0.613527341,-0.082113451,5283.440771548558,5026.213553843243,-257.2272177053146
Nicky Lopez,2021,2022,565,480,67.68253138267572,60.286493775372655,-7.3960376073030645,34.9771583515037,30.003932972940447,-4.973225378563249,80.0,71.20297602052273,-8.797023979477274,80.0,69.99193259051226,-10.008067409487737,58.00516942770433,48.737460234740944,-9.267709192963387,5.463351422640999,0.8960122494829452,-4.567339173158054,104.47418016492274,55.1235014782011,-49.35067868672164,0.743549906,0.553786842,-0.1897630640000001,9573.270953633964,7265.251384468954,-2308.0195691650106
Nicky Lopez,2022,2023,480,262,60.286493775372655,53.90422286909043,-6.382270906282223,30.003932972940447,34.136546509671966,4.132613536731519,71.20297602052273,55.14129942430752,-16.061676596215207,69.99193259051226,65.00853482005793,-4.9833977704543315,48.737460234740944,55.86859131156731,7.131131076826364,0.8960122494829452,1.1530518029479704,0.25703955346502516,55.1235014782011,77.68108793701205,22.557586458810952,0.553786842,0.632248061,0.07846121900000003,7265.251384468954,6633.89542989115,-631.3559545778035
Nicky Lopez,2023,2024,262,445,53.90422286909043,56.566185660587976,2.661962791497544,34.136546509671966,29.00761250139812,-5.128934008273845,55.14129942430752,47.5339114004193,-7.60738802388822,65.00853482005793,58.35605447362953,-6.652480346428405,55.86859131156731,53.18366816622273,-2.6849231453445768,1.1530518029479704,0.9017274904320354,-0.251324312515935,77.68108793701205,77.2715264897333,-0.40956144727874744,0.632248061,0.606042741,-0.026205319999999976,6633.89542989115,5661.436430953748,-972.4589989374026
Nico Hoerner,2021,2022,170,517,62.597672224495696,69.80234725074142,7.204675026245724,38.08283030837911,44.50110209729432,6.418271788915213,46.04849249664596,68.8661171859289,22.817624689282937,65.48063885684539,70.59069658993471,5.11005773308932,54.4407040656497,46.597416119402126,-7.843287946247571,1.5530750809453422,4.282553151235078,2.7294780702897357,106.05258342908856,108.32659267120032,2.2740092421117595,0.751480457,0.736449289,-0.01503116800000004,6717.079923079131,8357.009579690393,1639.9296566112625
Nico Hoerner,2022,2023,517,688,69.80234725074142,71.70780130775753,1.9054540570161151,44.50110209729432,38.869315126724175,-5.631786970570147,68.8661171859289,80.0,11.1338828140711,70.59069658993471,69.1670681901185,-1.4236283998162094,46.597416119402126,52.38753008147763,5.790113962075502,4.282553151235078,4.474628561271315,0.19207541003623696,108.32659267120032,102.97435839675856,-5.352234274441756,0.736449289,0.729309375,-0.007139913999999914,8357.009579690393,8944.796028499488,587.7864488090945
Nico Hoerner,2023,2024,688,641,71.70780130775753,72.63273759731376,0.9249362895562285,38.869315126724175,37.86189231390191,-1.0074228128222629,80.0,70.68751545230626,-9.312484547693742,69.1670681901185,64.10013219133481,-5.066935998783691,52.38753008147763,51.80175155107508,-0.5857785304025498,4.474628561271315,3.812969757889752,-0.6616588033815627,102.97435839675856,101.8986930017144,-1.0756653950441546,0.729309375,0.708265649,-0.02104372600000004,8944.796028499488,8103.218940717431,-841.5770877820569
Nico Hoerner,2024,2025,641,649,72.63273759731376,77.33327321690928,4.700535619595513,37.86189231390191,37.92425934227144,0.06236702836952901,70.68751545230626,65.94962210073402,-4.7378933515722395,64.10013219133481,72.07645316650742,7.976320975172612,51.80175155107508,51.11856360658901,-0.6831879444860718,3.812969757889752,4.80335254933368,0.990382791443928,101.8986930017144,109.3889383665007,7.49024536478629,0.708265649,0.739136362,0.030870712999999994,8103.218940717431,8476.2546483861,373.0357076686696
Noelvi Marte,2023,2024,123,242,58.45500016973973,39.09330720483224,-19.36169296490749,56.264902189966925,43.98414436334424,-12.280757826622683,51.14387456627229,53.4146812681109,2.270806701838609,47.88744476619516,36.93557854002445,-10.951866226170708,48.13756584136385,34.185775929533214,-13.951789911830637,0.5714744774946315,-1.4255751068629288,-1.9970495843575602,120.0266900487748,47.89261958575091,-72.13407046302389,0.821994008,0.549243927,-0.272750081,6531.278805740779,4108.988952708622,-2422.289853032157
Noelvi Marte,2024,2025,242,360,39.09330720483224,50.01366842534756,10.920361220515318,43.98414436334424,55.48432857984154,11.500184216497296,53.4146812681109,55.37727793987749,1.9625966717665904,36.93557854002445,45.77120235463103,8.835623814606578,34.185775929533214,38.314917422101104,4.129141492567889,-1.4255751068629288,0.9742516598936476,2.3998267667565765,47.89261958575091,100.71532062187596,52.82270103612505,0.549243927,0.748377581,0.19913365399999994,4108.988952708622,5731.171138771118,1622.1821860624968
Nolan Arenado,2021,2022,653,620,60.92305443508926,66.9314282293857,6.008373794296439,54.34329657369317,59.54855876608666,5.205262192393484,52.130694383513095,44.74366816539651,-7.387026218116588,65.94752500575594,71.61562487471565,5.668099868959715,50.49607169577051,53.926057037640746,3.4299853418702355,4.252714441009663,7.22188359738403,2.9691691563743676,111.5414266521601,149.23873319731655,37.69730654515645,0.806502094,0.89127816,0.0847760660000001,7602.778863193449,8238.875674238,636.0968110445501
Nolan Arenado,2022,2023,620,612,66.9314282293857,60.6451098252728,-6.2863184041129045,59.54855876608666,52.39342435422056,-7.155134411866094,44.74366816539651,41.65465437080307,-3.089013794593434,71.61562487471565,57.03346527984467,-14.58215959487098,53.926057037640746,45.36612365673183,-8.559933380908916,7.22188359738403,2.7545665909191444,-4.467317006464886,149.23873319731655,106.7753591273554,-42.46337406996115,0.89127816,0.774288048,-0.11699011200000009,8238.875674238,6217.1349237492495,-2021.7407504887497
Nolan Arenado,2023,2024,612,635,60.6451098252728,64.5048047129736,3.8596948877007975,52.39342435422056,41.34556797213495,-11.047856382085612,41.65465437080307,38.87473589312752,-2.779918477675551,57.03346527984467,66.58740001947888,9.553934739634208,45.36612365673183,50.43145448725476,5.065330830522932,2.7545665909191444,3.201761596162708,0.4471950052435636,106.7753591273554,102.6110472697124,-4.164311857643,0.774288048,0.719384802,-0.05490324599999996,6217.1349237492495,6407.279148323538,190.14422457428827
Nolan Arenado,2024,2025,635,436,64.5048047129736,59.85822798902825,-4.646576723945344,41.34556797213495,41.49989621093309,0.1543282387981364,38.87473589312752,47.283572053250985,8.408836160123464,66.58740001947888,56.0463337990192,-10.541066220459676,50.43145448725476,47.23722914795252,-3.1942253393022426,3.201761596162708,0.8522272506039805,-2.3495343455587276,102.6110472697124,84.05238809571821,-18.558659173994187,0.719384802,0.665549428,-0.053835373999999936,6407.279148323538,5978.081997998566,-429.1971503249715
Nolan Gorman,2022,2023,313,464,39.093134409521625,37.69528979279863,-1.3978446167229919,58.354489448703504,65.24451939134056,6.890029942637057,44.08682475100676,50.05788018602096,5.9710554350142,34.768427458322606,46.78402349358473,12.015596035262128,47.30720312434018,52.739380774599,5.432177650258822,0.099342568165583,2.314943323643185,2.215600755477602,104.63058554294456,118.3368326588926,13.706247115948045,0.720814187,0.805418718,0.08460453099999998,4698.665011442128,5954.902052261485,1256.2370408193565
Nolan Gorman,2023,2024,464,402,37.69528979279863,27.55939786111979,-10.135891931678842,65.24451939134056,57.68023797698845,-7.564281414352109,50.05788018602096,49.90305324789031,-0.15482693813064685,46.78402349358473,43.05239647450155,-3.7316270190831844,52.739380774599,44.670584995683775,-8.068795778915224,2.314943323643185,0.3206608777434128,-1.9942824458997723,118.3368326588926,87.02147707883658,-31.31535558005602,0.805418718,0.671144278,-0.13427444,5954.902052261485,4646.27667228389,-1308.625379977595
Nolan Gorman,2024,2025,402,402,27.55939786111979,33.11219400469182,5.552796143572031,57.68023797698845,51.36172415716522,-6.318513819823231,49.90305324789031,43.09591133922906,-6.807141908661251,43.05239647450155,39.90985855361977,-3.1425379208817787,44.670584995683775,53.66258232652276,8.991997330838984,0.3206608777434128,-0.1816158406890565,-0.5022767184324692,87.02147707883658,87.58354727871811,0.5620701998815321,0.671144278,0.66639027,-0.004754008000000032,4646.27667228389,4542.570858874717,-103.70581340917306
Nolan Jones,2023,2024,424,297,49.1105655873358,44.87204020588298,-4.238525381452817,65.89532290634713,46.46723692832661,-19.428085978020526,59.61649036937368,48.05097281190934,-11.56551755746434,59.45718727800416,42.60972403412126,-16.847463243882906,59.92974049101082,62.09671743006552,2.166976939054699,3.790150978100959,-0.8566493209783185,-4.646800299079278,136.58840914792046,69.09313153801068,-67.49527760990978,0.931385275,0.641258445,-0.29012683000000006,8186.537828811183,5610.1134569623855,-2576.424371848798
Nolan Jones,2024,2025,297,403,44.87204020588298,43.18114464516478,-1.6908955607182037,46.46723692832661,48.00754742856591,1.5403105002393005,48.05097281190934,48.951271126367686,0.9002983144583467,42.60972403412126,47.746212803779535,5.136488769658278,62.09671743006552,53.02390600300965,-9.072811427055868,-0.8566493209783185,-0.4397688356507307,0.41688048532758776,69.09313153801068,71.98035354106455,2.8872220030538642,0.641258445,0.600245252,-0.04101319299999995,5610.1134569623855,5507.384153025779,-102.72930393660681
Nolan Schanuel,2023,2024,132,607,62.894066372314896,63.6597082945669,0.7656419222520015,34.166422755948886,38.22249528117635,4.056072525227464,43.32930446709458,44.863165091061255,1.5338606239666746,44.78338631963662,38.71236640749744,-6.071019912139178,69.87390464415229,66.61523139131897,-3.2586732528333187,0.0279508175666152,0.707030982096714,0.6790801645300988,113.0003481062834,104.700086465124,-8.300261641159395,0.73179038,0.705518649,-0.02627173099999991,6226.3528519916745,6041.260186298248,-185.09266569342617
Nolan Schanuel,2024,2025,607,564,63.6597082945669,66.19220751023548,2.5324992156685795,38.22249528117635,42.140529694728016,3.9180344135516663,44.863165091061255,46.29043292649459,1.4272678354333337,38.71236640749744,43.221473208999896,4.509106801502455,66.61523139131897,63.21030480876941,-3.404926582549564,0.707030982096714,1.4171351450767276,0.7101041629800136,104.700086465124,108.6323906181347,3.932304153010705,0.705518649,0.742285438,0.036766788999999966,6041.260186298248,6494.237524527769,452.9773382295207
Nomar Mazara,2021,2022,181,171,45.474901757635855,52.092608536352586,6.61770677871673,47.57655250022387,42.35104932620724,-5.22550317401663,47.853852264367696,43.603843500636856,-4.25000876373084,51.59707982597829,50.20144947673759,-1.3956303492407045,48.2215512307958,47.351659340474086,-0.8698918903217105,-0.2208811864119007,0.2272068387798366,0.4480880251917373,64.29035751325206,94.26043378299286,29.9700762697408,0.597455214,0.66799073,0.07053551599999996,5511.534635578198,5271.523046237767,-240.01158934043087
Odúbel Herrera,2021,2022,492,197,59.73622379583064,50.318714942657714,-9.417508853172926,49.60581967336792,48.251615720332325,-1.3542039530355936,51.36723155255183,58.48035917339646,7.1131276208446295,53.538294132219,52.90746780879815,-0.6308263234208482,42.87704199867842,40.440117592732335,-2.436924405946087,1.418385730639462,0.5360012639882512,-0.8823844666512108,93.45681804123154,82.83355456219505,-10.623263479036495,0.725759636,0.657566195,-0.06819344100000002,6238.154772893964,5952.785328819513,-285.36944407445117
Omar Narváez,2021,2022,445,296,54.561028839737205,49.00657569862996,-5.5544531411072455,39.18294629452904,33.95490697806213,-5.228039316466912,40.614539422143245,43.30362177123697,2.6890823490937237,68.2026603940983,67.64805241540665,-0.5546079786916494,47.54654322358112,53.18606469123706,5.639521467655939,2.763423423729264,1.3170989645745623,-1.4463244591547018,100.13299421418112,71.00868443248028,-29.124309781700845,0.743107559,0.596868934,-0.14623862500000007,5866.243974864412,5833.871231021407,-32.37274384300508
Omar Narváez,2022,2023,296,146,49.00657569862996,56.26115506242132,7.254579363791358,33.95490697806213,37.590335603742346,3.6354286256802197,43.30362177123697,43.25794799597119,-0.04567377526577587,67.64805241540665,52.031127928155165,-15.616924487251488,53.18606469123706,55.084338668394665,1.8982739771576078,1.3170989645745623,0.0274918591647195,-1.2896071054098428,71.00868443248028,62.44732537376632,-8.561359058713961,0.596868934,0.57963362,-0.017235314,5833.871231021407,5685.855765824117,-148.0154651972898
Oneil Cruz,2024,2025,599,544,43.72728237166872,34.55316736432917,-9.174115007339552,73.07363491371098,71.10200242753041,-1.9716324861805674,70.58404124365403,76.40409573459074,5.8200544909367125,49.70998616659212,50.67424849270763,0.9642623261155165,49.27286753539832,58.43899017576095,9.16612264036263,3.6010248962326505,1.5826519517325606,-2.01837294450009,110.33786992820656,85.63652013289894,-24.70134979530762,0.773041328,0.675713437,-0.09732789100000006,7829.952145764057,7961.107615363998,131.15546959994117
Orlando Arcia,2022,2023,234,533,51.3753306204287,54.75541469382785,3.3800840733991535,53.57275693425584,49.86537924383363,-3.707377690422213,45.36657688376836,42.18329096993591,-3.1832859138324494,46.105562476091855,58.57662300977296,12.471060533681104,54.05483628323442,51.40476303540908,-2.6500732478253397,0.6630230448191857,2.40875085858385,1.7457278137646646,105.41065318826178,100.20096309684786,-5.209690091413918,0.732507258,0.740907482,0.008400223999999956,5964.8818896384055,6243.993504271441,279.11161463303597
Orlando Arcia,2023,2024,533,602,54.75541469382785,45.358896879386926,-9.396517814440926,49.86537924383363,45.3648841532523,-4.500495090581332,42.18329096993591,42.07909099618293,-0.10419997375298351,58.57662300977296,58.73689839358058,0.16027538380762252,51.40476303540908,47.35826503379175,-4.04649800161733,2.40875085858385,0.8290239827970453,-1.5797268757868048,100.20096309684786,72.46293801034192,-27.738025086505942,0.740907482,0.625116638,-0.11579084400000006,6243.993504271441,5405.807970220622,-838.1855340508191
Orlando Arcia,2024,2025,602,214,45.358896879386926,45.59088935850234,0.2319924791154122,45.3648841532523,38.80056793302931,-6.5643162202229846,42.07909099618293,44.23438778132734,2.155296785144415,58.73689839358058,53.90973719871352,-4.82716119486706,47.35826503379175,39.28635312768908,-8.07191190610267,0.8290239827970453,-0.8454216019012917,-1.6744455846983368,72.46293801034192,33.468280074366554,-38.99465793597536,0.625116638,0.528958151,-0.09615848699999996,5405.807970220622,4650.168362749294,-755.6396074713284
Oscar Gonzalez,2022,2023,382,180,56.94215504016113,41.23772684972221,-15.704428190438925,55.26399872334712,46.51787029200722,-8.746128431339905,41.99460033307874,51.261968237540565,9.267367904461821,40.88984023174403,35.770880568377024,-5.118959663367008,28.990622820134867,28.423268917708413,-0.5673539024264542,1.4169035583307423,-1.4444302198762449,-2.861333778206987,123.49177680506416,47.7548754865466,-75.73690131851757,0.788551096,0.551027616,-0.2375234799999999,4765.270432222667,3958.968152802032,-806.3022794206354
Oswaldo Cabrera,2022,2023,171,330,45.92193751799648,46.94494813959349,1.0230106215970096,47.62753123521848,37.667442648461765,-9.960088586756711,51.20517491519624,54.55730386528096,3.352128950084719,59.94266926289201,47.82538123950574,-12.117288023386273,46.73983491588058,47.50693729964584,0.7671023837652626,1.273649058785295,-0.7953027080666404,-2.0689517668519355,110.18946092074908,59.2857007713819,-50.90376014936719,0.740336133,0.573887075,-0.16644905799999998,6012.29097850922,5199.807447405598,-812.4835311036213
Oswaldo Cabrera,2023,2024,330,326,46.94494813959349,57.2802373699183,10.335289230324804,37.667442648461765,43.16874467099549,5.5013020225337215,54.55730386528096,50.81309521945208,-3.744208645828877,47.82538123950574,55.47273904891408,7.647357809408341,47.50693729964584,47.41890935083629,-0.08802794880955389,-0.7953027080666404,0.9678914840610146,1.763194192127655,59.2857007713819,88.96475564950256,29.679054878120667,0.573887075,0.66084479,0.08695771499999994,5199.807447405598,6101.797058710922,901.9896113053237
Oswaldo Cabrera,2024,2025,326,122,57.2802373699183,51.00406974015571,-6.27616762976259,43.16874467099549,39.74789538702629,-3.420849283969197,50.81309521945208,45.795323987861615,-5.017771231590466,55.47273904891408,49.39827022398404,-6.074468824930037,47.41890935083629,50.86493858884828,3.4460292380119952,0.9678914840610146,0.0990199178739491,-0.8688715661870654,88.96475564950256,82.8039371626484,-6.160818486854168,0.66084479,0.630725263,-0.03011952699999998,6101.797058710922,5333.877224811714,-767.9198338992082
Otto Lopez,2024,2025,434,594,60.00108040559724,61.83364851631525,1.8325681107180074,44.47579966885985,46.39216125536386,1.91636158650401,61.65578329225056,49.73112876734915,-11.924654524901413,69.60466801981303,65.86351126490737,-3.74115675490566,42.86185516077688,52.624383776847694,9.762528616070817,2.508067273795671,2.3004796569607526,-0.20758761683491844,91.62366958166145,86.20880953158606,-5.41486005007539,0.690396273,0.672360862,-0.018035410999999946,7255.353112563414,7214.325865334177,-41.02724722923631
Owen Miller,2021,2022,202,472,45.22534467177411,58.52472810406987,13.299383432295762,41.42868433134281,40.361364439986815,-1.067319891355993,48.13435299359311,53.97080383208301,5.836450838489895,48.28921824344128,53.3198719852056,5.0306537417643185,40.138812544254,46.06957036684312,5.930757822589115,-0.6892067577913991,0.6576521855844104,1.3468589433758096,51.19706306377331,86.41118146173746,35.21411839796415,0.55147478,0.652262551,0.10078777099999991,4729.462933763222,5977.781178340381,1248.318244577159
Owen Miller,2022,2023,472,314,58.52472810406987,58.29394252333845,-0.2307855807314212,40.361364439986815,38.78363749904005,-1.5777269409467678,53.97080383208301,56.44276426234618,2.4719604302631737,53.3198719852056,60.4327929983057,7.112921013100099,46.06957036684312,43.64683059587352,-2.4227397709695992,0.6576521855844104,0.946948622590179,0.28929643700576857,86.41118146173746,81.78097731518308,-4.630204146554377,0.652262551,0.67368179,0.02141923899999998,5977.781178340381,6202.289604218273,224.50842587789157
Ozzie Albies,2021,2022,686,269,53.216010298955965,52.54108643444938,-0.6749238645065816,55.373666734812446,44.06590983681334,-11.307756897999106,78.68071998145666,46.15358020765528,-32.52713977380138,50.50183251133271,55.97501926803035,5.473186756697643,37.42645680322521,36.57378955264888,-0.8526672505763244,3.652614831554712,1.0663288717418853,-2.5862859598128267,107.8633138676116,94.28022755867038,-13.583086308941219,0.798571937,0.702587179,-0.09598475799999995,7208.493630371965,5183.906175978133,-2024.5874543938316
Ozzie Albies,2022,2023,269,660,52.54108643444938,61.871462728829485,9.330376294380102,44.06590983681334,56.774304085798285,12.708394248984945,46.15358020765528,64.42970172069501,18.276121513039726,55.97501926803035,39.91306840321444,-16.061950864815913,36.57378955264888,40.9203901549824,4.346600602333517,1.0663288717418853,4.129745502946105,3.0634166312042197,94.28022755867038,125.04045362098026,30.760226062309883,0.702587179,0.849289079,0.14670189999999994,5183.906175978133,6613.319153983337,1429.4129780052035
Ozzie Albies,2023,2024,660,435,61.871462728829485,56.87089941566588,-5.000563313163603,56.774304085798285,48.620073311931314,-8.15423077386697,64.42970172069501,52.52469997810177,-11.905001742593235,39.91306840321444,49.36728623814849,9.454217834934049,40.9203901549824,40.63737905927642,-0.28301109570598015,4.129745502946105,1.3135884690925073,-2.8161570338535977,125.04045362098026,95.60600452924388,-29.434449091736383,0.849289079,0.706957046,-0.14233203299999997,6613.319153983337,5815.266159829312,-798.0529941540253
Ozzie Albies,2024,2025,435,667,56.87089941566588,56.299012082680605,-0.5718873329852769,48.620073311931314,41.64080394282966,-6.979269369101651,52.52469997810177,55.77092727970215,3.2462273016003778,49.36728623814849,46.452879584264586,-2.9144066538839013,40.63737905927642,46.22791104960814,5.590531990331719,1.3135884690925073,1.3306356540757664,0.01704718498325919,95.60600452924388,86.88430580194277,-8.721698727301103,0.706957046,0.67068953,-0.036267516,5815.266159829312,5709.861739901242,-105.40441992806973
Parker Meadows,2023,2024,145,298,50.970065506637646,47.37546243011575,-3.594603076521892,46.59072011891335,48.16411578478352,1.5733956658701658,64.31637719121932,57.79436486754794,-6.522012323671376,56.23911665534731,57.894297216499,1.6551805611516883,57.31738536441792,52.75634032544651,-4.5610450389714146,0.9267244798597336,2.151883466156974,1.2251589862972405,94.236407622355,109.62300244886808,15.386594826513075,0.699034482,0.743097642,0.04406315999999999,7196.323502964275,6640.763129708585,-555.5603732556892
Parker Meadows,2024,2025,298,213,47.37546243011575,44.4990263931092,-2.876436037006556,48.16411578478352,41.601785695682494,-6.5623300891010246,57.79436486754794,55.19706718986063,-2.5972976776873082,57.894297216499,51.249503794501344,-6.6447934219976545,52.75634032544651,54.57304030726306,1.816699981816548,2.151883466156974,0.2156970510029284,-1.9361864151540458,109.62300244886808,74.9143761005999,-34.70862634826818,0.743097642,0.620922743,-0.12217489899999989,6640.763129708585,5802.227574298583,-838.5355554100024
Patrick Bailey,2023,2024,353,448,47.49660479122648,52.96974223616973,5.473137444943248,46.46463832429401,47.67512021426421,1.210481889970204,45.53405180184968,49.956716075990016,4.422664274140338,80.0,80.0,0.0,46.54894880538042,53.2414232144454,6.692474409064978,2.686811800344731,4.325548232354543,1.6387364320098121,76.51957252756596,81.11877081707404,4.599198289508081,0.643795989,0.636691268,-0.007104721000000036,6609.934510568595,7600.399953517324,990.4654429487291
Patrick Bailey,2024,2025,448,452,52.96974223616973,40.34739308315381,-12.622349153015918,47.67512021426421,41.55895185182968,-6.116168362434529,49.956716075990016,45.347487353444926,-4.60922872254509,80.0,80.0,0.0,53.2414232144454,44.96717020906621,-8.274253005379187,4.325548232354543,3.227004321993385,-1.0985439103611583,81.11877081707404,69.7839235772586,-11.334847239815431,0.636691268,0.601969088,-0.034722179999999936,7600.399953517324,5992.069813256861,-1608.330140260463
Patrick Wisdom,2021,2022,375,534,28.42816930653603,30.771919243005957,2.3437499364699264,69.91962783595147,63.27308053231204,-6.64654730363943,48.3159442294408,49.79129957643026,1.4753553469894598,56.37938269244684,31.63706640978888,-24.74231628265796,44.43559246817756,52.52637777045133,8.090785302273773,2.350534591124682,1.2247145347769872,-1.125820056347695,116.96241850596913,106.12562044902178,-10.836798056947345,0.822564313,0.724750676,-0.09781363700000001,5639.012278513137,4731.911147598271,-907.1011309148662
Patrick Wisdom,2022,2023,534,302,30.771919243005957,34.471088638636935,3.699169395630978,63.27308053231204,73.12141461348223,9.848334081170186,49.79129957643026,49.58020389036764,-0.2110956860626203,31.63706640978888,39.15925069776459,7.522184287975712,52.52637777045133,51.94947091988183,-0.5769068505695003,1.2247145347769872,0.6487856520586526,-0.5759288827183346,106.12562044902178,110.28196995553614,4.15634950651436,0.724750676,0.789036544,0.06428586800000002,4731.911147598271,5664.7447436397815,932.8335960415106
Patrick Wisdom,2023,2024,302,174,34.471088638636935,34.30086884935156,-0.17021978928537607,73.12141461348223,59.66365676780907,-13.457757845673157,49.58020389036764,54.52307661136362,4.942872720995979,39.15925069776459,47.51188471170114,8.352634013936552,51.94947091988183,45.42437785930942,-6.525093060572409,0.6487856520586526,-0.2214344560399233,-0.8702201080985759,110.28196995553614,73.79874616905913,-36.48322378647701,0.789036544,0.629399282,-0.15963726200000006,5664.7447436397815,5519.146902635095,-145.59784100468642
Paul DeJong,2021,2022,402,237,40.56667416033166,30.156277935561672,-10.410396224769986,48.95113076837494,47.272297435629255,-1.6788333327456826,49.86306543849066,43.94957253453545,-5.913492903955209,60.3027430065667,58.92211186272968,-1.3806311438370216,47.22270937850203,49.557591287075454,2.334881908573422,1.272906887782143,0.0250370584520527,-1.2478698293300903,83.94185191546318,53.282302236575376,-30.6595496788878,0.674031527,0.530440023,-0.14359150399999998,5799.94436319208,4996.501836330002,-803.442526862078
Paul DeJong,2022,2023,237,400,30.156277935561672,33.65621864980885,3.4999407142471775,47.272297435629255,42.73818203133472,-4.534115404294532,43.94957253453545,39.188932011307486,-4.760640523227963,58.92211186272968,64.07030011429475,5.148188251565074,49.557591287075454,37.53876349646657,-12.018827790608881,0.0250370584520527,0.5060010448638464,0.4809639864117938,53.282302236575376,65.57260514690904,12.290302910333665,0.530440023,0.612338709,0.08189868599999994,4996.501836330002,4418.9170115591705,-577.5848247708318
Paul DeJong,2023,2024,400,482,33.65621864980885,33.40043992990768,-0.25577871990117274,42.73818203133472,56.35502834566153,13.616846314326807,39.188932011307486,40.13273516120823,0.9438031499007451,64.07030011429475,57.34767799883046,-6.72262211546429,37.53876349646657,32.38511360775369,-5.153649888712884,0.5060010448638464,1.7864883801006934,1.280487335236847,65.57260514690904,95.7402797613498,30.167674614440756,0.612338709,0.702899901,0.09056119200000001,4418.9170115591705,4462.533808789075,43.61679722990448
Paul DeJong,2024,2025,482,208,33.40043992990768,33.77616472432632,0.3757247944186446,56.35502834566153,48.57250247331962,-7.782525872341914,40.13273516120823,52.17707018401853,12.044335022810301,57.34767799883046,50.265387462540815,-7.082290536289648,32.38511360775369,36.261618875824446,3.8765052680707583,1.7864883801006934,0.1640441249886579,-1.6224442551120355,95.7402797613498,75.89780701292511,-19.842472748424683,0.702899901,0.642287763,-0.06061213799999998,4462.533808789075,4681.645651559424,219.11184277034863
Paul Goldschmidt,2021,2022,679,651,62.03867087889077,61.552737439909095,-0.4859334389816752,64.25683953054535,69.23952360051888,4.98268406997353,61.72630110342034,54.28207172792608,-7.44422937549426,50.00424189114592,36.208372605650496,-13.79586928549542,56.85038063078314,64.71874102875869,7.868360397975543,4.83757341330665,6.828886350611262,1.9913129373046115,135.91614470511175,175.43467587848605,39.5185311733743,0.879339189,0.981238102,0.10189891299999998,8278.47385870716,7757.191875157323,-521.2819835498376
Paul Goldschmidt,2022,2023,651,687,61.552737439909095,54.24030403967777,-7.312433400231328,69.23952360051888,59.63088531653544,-9.608638283983439,54.28207172792608,53.66471721164562,-0.6173545162804572,36.208372605650496,49.01305367841517,12.804681072764673,64.71874102875869,60.92719387558479,-3.7915471531738945,6.828886350611262,3.4122831651365013,-3.4166031854747603,175.43467587848605,122.117415489738,-53.31726038874805,0.981238102,0.809854029,-0.17138407299999991,7757.191875157323,7302.060217982218,-455.1316571751049
Paul Goldschmidt,2023,2024,687,654,54.24030403967777,48.999029256240085,-5.241274783437682,59.63088531653544,58.3636558758257,-1.267229440709741,53.66471721164562,56.08222763818112,2.4175104265355003,49.01305367841517,44.38969166415078,-4.623362014264387,60.92719387558479,47.30792516831987,-13.619268707264922,3.4122831651365013,1.1559855125845642,-2.256297652551937,122.117415489738,100.02900100910848,-22.08841448062951,0.809854029,0.715561833,-0.09429219600000005,7302.060217982218,6201.090932865856,-1100.9692851163618
Paul Goldschmidt,2024,2025,654,534,48.999029256240085,61.0618253609187,12.062796104678611,58.3636558758257,49.691985166773165,-8.671670709052535,56.08222763818112,46.444106471745016,-9.638121166436108,44.38969166415078,42.066945917484986,-2.3227457466657953,47.30792516831987,48.56073901150308,1.2528138431832119,1.1559855125845642,0.7743569179844445,-0.38162859460011966,100.02900100910848,103.42911759869703,3.4001165895885492,0.715561833,0.7305466,0.014984767000000065,6201.090932865856,5850.877924141702,-350.21300872415395
Pavin Smith,2021,2022,545,277,61.34010090792694,50.720736896646365,-10.619364011280574,46.4310151361524,49.333204546572624,2.9021894104202204,42.42911558618079,46.47144029180417,4.042324705623379,40.96191693274056,45.47974762032915,4.517830687588592,53.96132571244959,60.66709419118577,6.705768478736175,0.6578875254268445,-0.0678289257830661,-0.7257164512099106,97.54247134845076,86.6064464285931,-10.936024919857658,0.732054823,0.666985927,-0.06506889599999999,5742.688703992792,6060.376918557795,317.68821456500245
Pavin Smith,2022,2023,277,228,50.720736896646365,50.70355552250315,-0.01718137414321319,49.333204546572624,49.22825108581294,-0.10495346075968115,46.47144029180417,44.50701195432029,-1.9644283374838807,45.47974762032915,39.92317640326364,-5.55657121706551,60.66709419118577,68.30514123210425,7.6380470409184795,-0.0678289257830661,-0.7046108951381813,-0.6367819693551152,86.6064464285931,80.71039841233218,-5.89604801626092,0.666985927,0.641787945,-0.025197982000000008,6060.376918557795,6017.42147416051,-42.95544439728474
Pavin Smith,2023,2024,228,158,50.70355552250315,59.78273393793418,9.07917841543103,49.22825108581294,63.67069645931288,14.442445373499936,44.50701195432029,43.08447771512631,-1.422534239193979,39.92317640326364,47.9381092606325,8.014932857368862,68.30514123210425,64.81668220331517,-3.48845902878908,-0.7046108951381813,0.92890789304765,1.6335187881858313,80.71039841233218,142.48086937972263,61.77047096739045,0.641787945,0.89554652,0.253758575,6017.42147416051,7416.872765208902,1399.4512910483918
Pavin Smith,2024,2025,158,288,59.78273393793418,42.64527777699808,-17.137456160936104,63.67069645931288,55.849079365173786,-7.821617094139093,43.08447771512631,43.56238431116263,0.4779065960363198,47.9381092606325,43.618417591664944,-4.3196916689675575,64.81668220331517,63.35824362502319,-1.4584385782919753,0.92890789304765,0.6998725618438905,-0.22903533120375952,142.48086937972263,122.86498466700075,-19.61588471272188,0.89554652,0.796795566,-0.098750954,7416.872765208902,5792.056423143109,-1624.816342065793
Pedro Pagés,2024,2025,218,389,46.7265595394803,42.41802711370702,-4.308532425773279,48.80953151788388,46.86998927757786,-1.9395422403060252,50.30818424494811,40.27754205745086,-10.03064218749725,49.23732449483062,70.87804802631013,21.64072353147951,41.2572503466845,37.48335516492752,-3.773895181756984,0.4800540438647444,1.5845144120762678,1.1044603682115235,83.7736898335252,76.51890535673009,-7.254784476795109,0.657343613,0.634901611,-0.022442002000000016,5312.823660130895,5220.088164319596,-92.73549581129919
Pete Alonso,2021,2022,637,685,55.48045110439773,58.52352856868778,3.04307746429005,68.19122269809496,68.13832938256267,-0.05289331553228749,37.33277441833837,40.218819654428266,2.886045236089899,45.42936734899061,33.6926786247389,-11.736688724251707,48.8540250353992,51.594207783505816,2.740182748106619,3.5238205316093296,3.800072881898367,0.2762523502890373,131.02243880746173,140.85343517913793,9.830996371676207,0.862515635,0.869412756,0.0068971210000000616,6160.422197089256,6106.277653847504,-54.14454324175222
Pete Alonso,2022,2023,685,658,58.52352856868778,48.04253892543917,-10.480989643248613,68.13832938256267,66.59063390010823,-1.5476954824544435,40.218819654428266,45.81771270247759,5.598893048049327,33.6926786247389,45.01652877165231,11.323850146913408,51.594207783505816,55.79698856188151,4.202780778375697,3.800072881898367,2.8002898310582225,-0.9997830508401444,140.85343517913793,120.277783721306,-20.57565145783194,0.869412756,0.821150305,-0.04826245100000004,6106.277653847504,6422.096515025462,315.81886117795875
Pete Alonso,2023,2024,658,695,48.04253892543917,50.75329771956112,2.7107587941219506,66.59063390010823,65.04711432940307,-1.5435195707051577,45.81771270247759,37.54218526800429,-8.275527434473304,45.01652877165231,33.738920948922946,-11.277607822729365,55.79698856188151,57.92260868631092,2.1256201244294104,2.8002898310582225,2.053534704155079,-0.7467551269031434,120.277783721306,121.37286475824538,1.0950810369393906,0.821150305,0.78837798,-0.032772324999999936,6422.096515025462,5660.692625103929,-761.4038899215338
Pete Alonso,2024,2025,695,709,50.75329771956112,56.694676149995416,5.941378430434298,65.04711432940307,73.27734582540175,8.23023149599868,37.54218526800429,34.47040081375657,-3.0717844542477195,33.738920948922946,32.34653164140942,-1.3923893075135254,57.92260868631092,51.8109013247674,-6.111707361543523,2.053534704155079,3.58680970973192,1.533275005576841,121.37286475824538,141.20800005483187,19.835135296586486,0.78837798,0.87100602,0.08262804000000001,5660.692625103929,5900.658020403204,239.96539529927577
Pete Crow-Armstrong,2024,2025,410,647,43.193933340578425,45.06570836050059,1.8717750199221612,46.890893864761765,59.985515623557205,13.09462175879544,72.19348532078405,73.2362928275455,1.0428075067614486,73.02851023405637,79.10390096984989,6.075390735793519,31.05083561132589,27.493532766678893,-3.5573028446469976,2.614493976374688,5.371055371309299,2.756561394934611,85.96601850130516,108.9191437637993,22.95312526249414,0.670478253,0.767592937,0.097114684,6796.062446987102,7752.795983875471,956.7335368883696
Rafael Devers,2021,2022,664,614,55.37682325299058,58.095359760025545,2.718536507034962,69.93401755463165,68.31133559523366,-1.622681959397994,46.35694311196927,46.912049951976535,0.5551068400072623,35.97043808283935,51.46990332864314,15.49946524580379,44.72515026030308,43.14124838718605,-1.5839018731170285,4.235142923942038,5.028205211762226,0.7930622878201881,132.50393810827188,140.10477260873677,7.6008345004648845,0.890480703,0.879026908,-0.011453794999999989,6118.931449590993,6806.966993362651,688.035543771658
Rafael Devers,2022,2023,614,656,58.095359760025545,56.36284982371632,-1.7325099363092278,68.31133559523366,68.33197169716883,0.020636101935167517,46.912049951976535,39.13330680239693,-7.778743149579604,51.46990332864314,41.35205827668121,-10.117845051961929,43.14124838718605,47.409596740328375,4.268348353142322,5.028205211762226,3.512114203176816,-1.51609100858541,140.10477260873677,125.65280769497622,-14.451964913760548,0.879026908,0.850609756,-0.028417152000000057,6806.966993362651,6075.495414507085,-731.4715788555659
Rafael Devers,2023,2024,656,601,56.36284982371632,50.79342350292922,-5.569426320787095,68.33197169716883,70.67019880851602,2.3382271113471944,39.13330680239693,46.22304469723512,7.089737894838187,41.35205827668121,44.021008004681136,2.668949727999923,47.409596740328375,52.4463075872133,5.036710846884922,3.512114203176816,4.181861818849845,0.6697476156730291,125.65280769497622,135.77750816682595,10.124700471849735,0.850609756,0.870599793,0.019990037000000016,6075.495414507085,6592.545426261901,517.0500117548163
Rafael Devers,2024,2025,601,729,50.79342350292922,45.44866266902143,-5.344760833907792,70.67019880851602,69.92727905536319,-0.7429197531528331,46.22304469723512,33.918407953345195,-12.304636743889922,44.021008004681136,38.68860968993392,-5.332398314747216,52.4463075872133,62.54810280815871,10.101795220945412,4.181861818849845,3.331043295533411,-0.8508185233164345,135.77750816682595,135.3366512011145,-0.44085696571144695,0.870599793,0.851149031,-0.019450762000000066,6592.545426261901,5765.687926695459,-826.8574995664421
Rafael Ortega,2021,2022,330,371,58.63819664995077,56.633048037113774,-2.0051486128369973,48.23951166262552,43.0416624805185,-5.197849182107021,52.27262765674294,39.74857309696668,-12.52405455977626,40.17953117710536,49.75587150659905,9.57634032949369,54.33977636028686,61.31091957987763,6.971143219590765,1.5641003080871565,0.7131900726638201,-0.8509102354233364,122.34805320580294,98.2162485784779,-24.13180462732504,0.822593934,0.688218242,-0.134375692,6096.41821185687,6014.934393510821,-81.48381834604879
Rafael Ortega,2022,2023,371,136,56.633048037113774,48.46205435747787,-8.170993679635906,43.0416624805185,34.247269410113404,-8.794393070405093,39.74857309696668,56.70575275274511,16.957179655778432,49.75587150659905,51.29295286933874,1.5370813627396913,61.31091957987763,61.98304857470173,0.6721289948241065,0.7131900726638201,0.2707535248494975,-0.44243654781432257,98.2162485784779,81.74865966653829,-16.467588911939615,0.688218242,0.612670564,-0.07554767800000006,6014.934393510821,6036.087123551606,21.152730040785173
Raimel Tapia,2021,2022,533,433,64.98214973331619,57.73407688780975,-7.248072845506442,39.05465121984257,47.10326319077667,8.048611970934104,70.86302747137442,61.84075371247452,-9.0222737588999,55.22452583403325,43.0636096476195,-12.16091618641375,46.496376522554,32.71333099822523,-13.78304552432877,0.579834497573084,0.5233328231154211,-0.056501674457662965,74.52297177863967,90.83893491151932,16.315963132879645,0.698730913,0.671618117,-0.02711279600000005,7041.592942309087,5512.741499978102,-1528.8514423309853
Raimel Tapia,2022,2023,433,169,57.73407688780975,45.46388281706963,-12.270194070740118,47.10326319077667,43.18804626047958,-3.915216930297092,61.84075371247452,62.05496471933222,0.21421100685769545,43.0636096476195,46.54023369553003,3.4766240479105264,32.71333099822523,48.09954841869194,15.386217420466707,0.5233328231154211,0.0349357373504569,-0.48839708576496416,90.83893491151932,81.55037651973336,-9.288558391785955,0.671618117,0.655203106,-0.01641501099999998,5512.741499978102,5685.861889551069,173.12038957296681
Ramón Laureano,2021,2022,378,383,48.303584510945576,41.48790740600902,-6.8156771049365545,53.93555923609752,53.03237220036203,-0.9031870357354848,49.15474893266824,55.69803541357596,6.543286480907717,51.50356599034578,45.23369269176228,-6.269873298583498,44.57181573935914,47.80850650650694,3.236690767147799,1.808565552575299,0.5779491296180006,-1.2306164229572985,112.242639298812,94.23130728146349,-18.011332017348508,0.760275566,0.662928809,-0.09734675700000006,5818.896871150491,5620.486794366544,-198.41007678394726
Ramón Laureano,2022,2023,383,404,41.48790740600902,42.60705067718982,1.1191432711807963,53.03237220036203,48.735148814133936,-4.297223386228097,55.69803541357596,53.09272619001005,-2.6053092235659108,45.23369269176228,57.47250283335685,12.23881014159457,47.80850650650694,49.25643606352102,1.4479295570140849,0.5779491296180006,1.0680574095269222,0.4901082799089216,94.23130728146349,90.14902809763475,-4.082279183828732,0.662928809,0.67564658,0.012717771000000044,5620.486794366544,6012.996264039326,392.50946967278196
Ramón Laureano,2023,2024,404,309,42.60705067718982,42.03787271903239,-0.5691779581574252,48.735148814133936,56.0279479392334,7.292799125099464,53.09272619001005,50.4579415537614,-2.6347846362486464,57.47250283335685,46.42773197194423,-11.044770861412616,49.25643606352102,38.97620208012699,-10.280233983394034,1.0680574095269222,0.8818279710994161,-0.18622943842750606,90.14902809763475,107.9790495495718,17.830021451937043,0.67564658,0.747742548,0.07209596799999995,6012.996264039326,5217.99617980224,-795.0000842370864
Ramón Laureano,2024,2025,309,488,42.03787271903239,54.07721509951288,12.039342380480484,56.0279479392334,63.94496595385405,7.917018014620652,50.4579415537614,47.35228850431354,-3.1056530494478594,46.42773197194423,40.87699715328362,-5.550734818660615,38.97620208012699,48.949595274308365,9.973393194181376,0.8818279710994161,2.953151977478118,2.0713240063787017,107.9790495495718,137.80491716799915,29.825867618427353,0.747742548,0.854684769,0.10694222100000006,5217.99617980224,6214.914561428327,996.9183816260875
Ramón Urías,2021,2022,296,445,55.21183216493988,50.86232928211926,-4.349502882820616,52.495577609112,55.876772765132365,3.381195156020368,42.896034737994974,49.61728260620605,6.721247868211073,40.17756843584888,61.390880502829006,21.213312066980123,55.46787300234437,46.10182025657711,-9.366052745767256,1.0598374063619305,2.6251076011988,1.5652701948368695,114.63468263036422,105.43849950910156,-9.196183121262663,0.773700226,0.719821923,-0.05387830299999996,5784.675088773088,6579.219914019299,794.5448252462111
Ramón Urías,2022,2023,445,396,50.86232928211926,47.26395867257,-3.5983706095492636,55.876772765132365,44.89370223368943,-10.983070531442934,49.61728260620605,53.37752671534818,3.7602441091421355,61.390880502829006,39.59452417614803,-21.79635632668098,46.10182025657711,45.5286129791212,-0.5732072774559143,2.6251076011988,0.6604114909196209,-1.9646961102791791,105.43849950910156,97.5913070052817,-7.847192503819855,0.719821923,0.703282828,-0.01653909500000006,6579.219914019299,5034.024359076393,-1545.1955549429058
Ramón Urías,2023,2024,396,301,47.26395867257,52.35608613945659,5.092127466886595,44.89370223368943,51.29760019306376,6.403897959374326,53.37752671534818,46.77300037317639,-6.604526342171795,39.59452417614803,40.08069787213351,0.4861736959854852,45.5286129791212,50.05573779968542,4.527124820564218,0.6604114909196209,0.910689497383683,0.25027800646406206,97.5913070052817,114.2680545022634,16.67674749698169,0.703282828,0.745053253,0.041770425000000055,5034.024359076393,5509.836635302567,475.8122762261737
Ramón Urías,2024,2025,301,391,52.35608613945659,48.357692521925486,-3.9983936175311072,51.29760019306376,48.581246536773016,-2.7163536562907424,46.77300037317639,45.50685873822161,-1.2661416349547778,40.08069787213351,58.354916312569976,18.274218440436464,50.05573779968542,45.83846135417835,-4.217276445507068,0.910689497383683,1.0937731584439947,0.1830836610603117,114.2680545022634,86.79509479905066,-27.472959703212737,0.745053253,0.675082829,-0.06997042399999998,5509.836635302567,5757.290826108492,247.45419080592546
Randal Grichuk,2021,2022,545,538,51.73500318207314,51.35458289922452,-0.3804202828486254,53.79457535686824,55.36285290379392,1.5682775469256782,37.17364277760267,50.00135428947676,12.827711511874085,49.22008101725776,40.93659967126985,-8.283481345987909,38.15577487257073,39.60680510995276,1.451030237382028,0.6079939758128277,0.4509704315529972,-0.15702354425983045,85.28180370762229,89.2200176564932,3.93821394887091,0.703434531,0.72415769,0.02072315899999999,4976.171177574744,5379.935619991804,403.7644424170594
Randal Grichuk,2022,2023,538,471,51.35458289922452,52.94234613818814,1.5877632389636247,55.36285290379392,54.828744685620734,-0.5341082181731878,50.00135428947676,43.33087854628261,-6.670475743194146,40.93659967126985,39.63457378015917,-1.3020258911106808,39.60680510995276,42.12652880725634,2.519723697303583,0.4509704315529972,0.6144377277938027,0.16346729624080547,89.2200176564932,101.35004409904413,12.130026442550928,0.72415769,0.779119824,0.05496213400000005,5379.935619991804,5181.301330491857,-198.63428949994704
Randal Grichuk,2023,2024,471,279,52.94234613818814,63.18658434367336,10.244238205485217,54.828744685620734,61.21877861262728,6.390033927006549,43.33087854628261,50.92110300294458,7.590224456661964,39.63457378015917,43.552391922573406,3.9178181424142338,42.12652880725634,50.97093880504608,8.84440999778974,0.6144377277938027,1.597079555193118,0.9826418273993154,101.35004409904413,139.4992575937193,38.14921349467518,0.779119824,0.875229305,0.09610948099999994,5181.301330491857,6963.566818947941,1782.2654884560843
Randal Grichuk,2024,2025,279,293,63.18658434367336,55.42950064314968,-7.75708370052368,61.21877861262728,58.25470125482238,-2.9640773578049036,50.92110300294458,46.6741620514429,-4.246940951501678,43.552391922573406,43.4812070962444,-0.07118482632900935,50.97093880504608,44.52364603061124,-6.4472927744348425,1.597079555193118,-0.4257769966033276,-2.022856551796446,139.4992575937193,81.52831587934055,-57.97094171437875,0.875229305,0.673772836,-0.20145646899999992,6963.566818947941,5887.6735312553865,-1075.8932876925546
Randy Arozarena,2021,2022,604,645,44.03873828029741,49.376756749478886,5.338018469181478,55.60278452049671,58.00889035146505,2.406105830968336,57.36418890001849,47.41394162892427,-9.95024727109422,51.225015672335175,41.26598678118062,-9.959028891154553,53.27752395026892,49.00358454382949,-4.273939406439432,3.876906847044209,2.6914871295269505,-1.1854197175172585,127.12177791959417,123.57849416657793,-3.54328375301624,0.815317541,0.772524273,-0.04279326799999994,6491.999048222207,5712.579666078645,-779.4193821435629
Randy Arozarena,2022,2023,645,654,49.376756749478886,47.86595260967143,-1.5108041398074548,58.00889035146505,59.81009063191677,1.8012002804517238,47.41394162892427,54.035178065501455,6.621236436577185,41.26598678118062,39.11569872532113,-2.150288055859491,49.00358454382949,60.12248800689364,11.11890346306415,2.6914871295269505,3.1255015704917843,0.4340144409648339,123.57849416657793,125.01129865887994,1.4328044923020116,0.772524273,0.788596768,0.016072494999999964,5712.579666078645,6390.09780208657,677.518136007925
Randy Arozarena,2023,2024,654,648,47.86595260967143,42.77612506444305,-5.089827545228381,59.81009063191677,54.59363116970276,-5.2164594622140115,54.035178065501455,45.88994635291032,-8.145231712591134,39.11569872532113,36.957773371327534,-2.1579253539935976,60.12248800689364,62.20342912823788,2.080941121344239,3.1255015704917843,1.973050688055408,-1.1524508824363764,125.01129865887994,114.24854061392074,-10.762758044959199,0.788596768,0.719768265,-0.06882850299999999,6390.09780208657,5466.822617595625,-923.2751844909444
Randy Arozarena,2024,2025,648,709,42.77612506444305,43.98486978521232,1.2087447207692676,54.59363116970276,59.35879574580867,4.76516457610591,45.88994635291032,58.44627791474058,12.556331561830255,36.957773371327534,38.21442582716318,1.256652455835649,62.20342912823788,54.49812953717922,-7.705299591058662,1.973050688055408,2.886755645434405,0.913704957378997,114.24854061392074,119.9653375656667,5.7167969517459625,0.719768265,0.760048501,0.04028023599999997,5466.822617595625,6083.617695344782,616.7950777491569
Reese McGuire,2021,2022,217,274,55.00479112437456,55.91070577215453,0.9059146477799658,38.39068180746004,41.150340792046215,2.7596589845861743,47.732345861536224,43.88984792418534,-3.8424979373508847,69.39224204313885,62.26562300979582,-7.126619033343033,45.67799607408216,39.42627398228039,-6.251722091801767,1.447696144907673,1.426411232180131,-0.02128491272754207,77.55188024973934,89.27762308580905,11.725742836069713,0.653619528,0.676594015,0.022974487000000043,6152.67487863038,5468.055614528379,-684.6192641020007
Reese McGuire,2022,2023,274,206,55.91070577215453,48.12610617866218,-7.784599593492352,41.150340792046215,35.00750649203624,-6.142834300009973,43.88984792418534,42.52719522018575,-1.3626527039995864,62.26562300979582,54.99997562571341,-7.265647384082406,39.42627398228039,37.31200532658597,-2.114268655694424,1.426411232180131,0.5343770014341029,-0.8920342307460281,89.27762308580905,79.96285536057825,-9.314767725230809,0.676594015,0.66828877,-0.008305245000000072,5468.055614528379,4451.125982277108,-1016.929632251271
Reese McGuire,2023,2024,206,158,48.12610617866218,47.41210925280021,-0.71399692586197,35.00750649203624,37.70691799295653,2.6994115009202844,42.52719522018575,48.45449995938033,5.927304739194575,54.99997562571341,54.059042290776894,-0.940933334936517,37.31200532658597,50.590467164985455,13.278461838399487,0.5343770014341029,0.1788312211546649,-0.35554578027943806,79.96285536057825,61.57441233863345,-18.388443021944795,0.66828877,0.575218805,-0.09306996499999998,4451.125982277108,5405.667903525036,954.5419212479283
Reese McGuire,2024,2025,158,140,47.41210925280021,47.77232462528207,0.36021537248186064,37.70691799295653,47.86006394198103,10.153145949024506,48.45449995938033,43.89555130415223,-4.5589486552281,54.059042290776894,58.22031955512369,4.1612772643467935,50.590467164985455,36.10790001433988,-14.482567150645572,0.1788312211546649,0.7572611548265062,0.5784299336718414,61.57441233863345,86.34261688919167,24.768204550558224,0.575218805,0.688213338,0.11299453299999995,5405.667903525036,5121.446580502842,-284.22132302219416
Rhys Hoskins,2021,2022,443,672,50.01064572963461,51.03305924920866,1.0224135195740516,65.69800484266712,61.85650241851071,-3.8415024241564097,40.09574479838664,37.82726197177412,-2.2684828266125194,41.9018065609693,35.55318412330251,-6.348622437666791,55.33697272718653,61.9251907404916,6.588218013305074,1.9247507345626216,2.3876615416231046,0.46291080706048304,127.32054036877597,122.66730907882756,-4.653231289948408,0.86364876,0.794139451,-0.06950930899999996,6032.575777322663,5803.032024980424,-229.5437523422397
Rhys Hoskins,2024,2025,517,328,43.15374704702701,46.1892152699272,3.0354682229001924,57.01535033458988,54.60545301865805,-2.409897315931836,34.56508617527393,44.7519982331077,10.186912057833766,39.416035089133366,49.00776306576582,9.591727976632455,57.74549197556019,61.87118050427552,4.1256885287153295,0.1949232150059883,0.8794877929127051,0.6845645779067168,101.09120767772929,108.53403618407047,7.442828506341186,0.721620861,0.748087682,0.026466820999999974,5022.34773708934,6205.182942758635,1182.8352056692956
Richie Palacios,2022,2023,123,102,56.98910013335956,60.59680012417095,3.6076999908113905,33.19719517071946,51.258462959109366,18.061267788389905,51.061495281767606,49.10654674022423,-1.9549485415433736,47.46546474017702,47.58140725685519,0.11594251667816735,51.39731261323994,53.99103392918733,2.5937213159473913,-0.3588877092963037,0.4028579627303564,0.7617456720266601,66.06265480461845,119.55005379149203,53.487398986873586,0.578397211,0.823059725,0.24466251400000005,5411.187378184102,6562.497676161744,1151.3102979776413
Richie Palacios,2023,2024,102,316,60.59680012417095,51.29336977968989,-9.303430344481058,51.258462959109366,39.17047781436941,-12.087985144739953,49.10654674022423,67.93098969169293,18.824442951468697,47.58140725685519,50.51952396831226,2.93811671145707,53.99103392918733,65.06573161405899,11.074697684871659,0.4028579627303564,1.3104490637039043,0.907591100973548,119.55005379149203,100.85382916243944,-18.696224629052594,0.823059725,0.664213564,-0.15884616100000004,6562.497676161744,7002.841599779611,440.3439236178674
Riley Adams,2021,2022,120,155,40.891386694239685,39.633879698310295,-1.2575069959293899,50.52854570592864,55.14617209826396,4.617626392335318,49.53099346815576,42.66665218829747,-6.864341279858294,38.92079517464739,36.87712239644614,-2.0436727782012483,57.49399081270757,48.09402049126363,-9.399970321443945,0.0327949944181559,-0.9631442887167458,-0.9959392831349018,105.6319533280614,57.59154580305908,-48.04040752500232,0.742171716,0.555020444,-0.18715127200000004,5271.429451299651,4656.232115156545,-615.1973361431064
Riley Adams,2022,2023,155,158,39.633879698310295,46.2688613157078,6.634981617397507,55.14617209826396,51.46643722583362,-3.6797348724303376,42.66665218829747,47.23031935097445,4.563667162676978,36.87712239644614,39.995117766370505,3.1179953699243654,48.09402049126363,42.177305531086034,-5.916714960177593,-0.9631442887167458,0.4102362639223039,1.3733805526390497,57.59154580305908,116.20132087684036,58.60977507378128,0.555020444,0.806734666,0.25171422200000004,4656.232115156545,4916.693087379641,260.4609722230962
Riley Adams,2023,2024,158,130,46.2688613157078,45.50626445160313,-0.7625968641046725,51.46643722583362,48.72498853280914,-2.7414486930244806,47.23031935097445,48.160991674431386,0.930672323456939,39.995117766370505,43.34412449200335,3.3490067256328473,42.177305531086034,46.59557444159243,4.418268910506399,0.4102362639223039,-0.2696721467463519,-0.6799084106686558,116.20132087684036,74.50156190606693,-41.69975897077343,0.806734666,0.628514588,-0.17822007799999995,4916.693087379641,5131.647463340761,214.9543759611197
Riley Adams,2024,2025,130,286,45.50626445160313,31.910846643710165,-13.595417807892964,48.72498853280914,56.431316618211845,7.706328085402703,48.160991674431386,47.28471944558885,-0.876272228842538,43.34412449200335,44.46707705464618,1.1229525626428298,46.59557444159243,43.631715900462055,-2.963858541130378,-0.2696721467463519,-0.5818971082668442,-0.31222496152049223,74.50156190606693,56.84457627093877,-17.65698563512816,0.628514588,0.559733041,-0.06878154700000005,5131.647463340761,4709.738004561722,-421.9094587790387
Riley Greene,2022,2023,418,416,51.62742470225311,54.30255451359933,2.675129811346224,51.4322339494793,59.433272661334776,8.001038711855479,46.67329081096436,58.14244611494807,11.469155303983712,46.63095906246531,45.26360093888543,-1.3673581235798764,52.1351628004221,50.63922738205797,-1.4959354183641338,1.03805963320267,2.254853916728073,1.2167942835254029,97.56850373314516,119.3407802770878,21.77227654394264,0.682276289,0.795647639,0.11337134999999998,5875.133818442283,6826.999446525281,951.8656280829982
Riley Greene,2023,2024,416,584,54.30255451359933,51.13609965807108,-3.166454855528251,59.433272661334776,65.37865812114939,5.945385459814609,58.14244611494807,48.64296616561106,-9.499479949337015,45.26360093888543,51.41314401958179,6.149543080696361,50.63922738205797,59.698762533368,9.05953515131003,2.254853916728073,3.931416763742809,1.6765628470147362,119.3407802770878,133.72925301154325,14.388472734455448,0.795647639,0.826714595,0.03106695599999998,6826.999446525281,7202.527991154353,375.5285446290718
Riley Greene,2024,2025,584,655,51.13609965807108,43.84672264534003,-7.289377012731052,65.37865812114939,66.77584168449839,1.397183563349003,48.64296616561106,42.51149170683726,-6.131474458773795,51.41314401958179,44.688411346385976,-6.724732673195817,59.698762533368,41.783470581841904,-17.915291951526093,3.931416763742809,2.9226978875282934,-1.0087188762145156,133.72925301154325,120.77683357750392,-12.952419434039328,0.826714595,0.806310432,-0.02040416300000003,7202.527991154353,5404.720389701688,-1797.807601452665
Rob Refsnyder,2021,2022,157,177,51.812937590900034,58.32485108644312,6.511913495543084,46.12092531250683,57.41692452326692,11.295999210760094,49.25141421494851,48.977746900969336,-0.27366731397917476,53.18158381727152,43.68218079503103,-9.499403022240493,59.1379893889457,54.61741455728968,-4.52057483165602,0.4026364201368631,1.04801101081582,0.645374590678957,87.57213051800278,146.05808288350633,58.48595236550355,0.66297026,0.880912816,0.217942556,6414.692899353728,6596.433040156865,181.74014080313736
Rob Refsnyder,2022,2023,177,243,58.32485108644312,56.364406270625054,-1.9604448158180645,57.41692452326692,37.67450398467146,-19.74242053859546,48.977746900969336,52.079419667990734,3.101672767021398,43.68218079503103,47.8746451057334,4.19246431070237,54.61741455728968,67.89901036627163,13.281595808981947,1.04801101081582,0.4189582557365177,-0.6290527550793024,146.05808288350633,94.6503757175782,-51.40770716592813,0.880912816,0.681976911,-0.19893590500000002,6596.433040156865,6494.089469653659,-102.34357050320614
Rob Refsnyder,2023,2024,243,307,56.364406270625054,51.63039116082825,-4.7340151097968,37.67450398467146,57.40702634512181,19.732522360450346,52.079419667990734,40.52809735174604,-11.551322316244693,47.8746451057334,42.3568152499891,-5.517829855744303,67.89901036627163,54.20645927521013,-13.692551091061496,0.4189582557365177,1.3476476095602057,0.928689353823688,94.6503757175782,131.76174300797626,37.111367290398064,0.681976911,0.830065359,0.14808844799999998,6494.089469653659,5754.795230706176,-739.2942389474829
Rob Refsnyder,2024,2025,307,209,51.63039116082825,52.32633632938731,0.6959451685590565,57.40702634512181,61.75603254180638,4.34900619668457,40.52809735174604,49.95804481863584,9.4299474668898,42.3568152499891,47.6139599127482,5.257144662759103,54.20645927521013,60.957610680315085,6.751151405104956,1.3476476095602057,0.9966293543236804,-0.3510182552365253,131.76174300797626,127.72064448780624,-4.041098520170024,0.830065359,0.837583468,0.0075181090000000506,5754.795230706176,7031.873919353556,1277.0786886473797
Robbie Grossman,2021,2022,671,477,53.92907755915751,45.40836080419817,-8.520716754959345,48.41274322011689,37.80466104446576,-10.608082175651127,61.13439330040215,46.19533812616199,-14.93905517424016,36.11046880345759,46.1672533440594,10.056784540601804,72.99890585570749,64.13960956185828,-8.859296293849212,2.5545574415156915,0.0217260551887905,-2.532831386326901,114.17955779016064,82.3598396140224,-31.819718176138238,0.771971349,0.621708059,-0.15026328999999994,6824.267153032258,5454.015626777364,-1370.251526254894
Robbie Grossman,2022,2023,477,420,45.40836080419817,52.97096834857349,7.562607544375325,37.80466104446576,46.23627651568721,8.431615471221448,46.19533812616199,48.917050962403614,2.721712836241622,46.1672533440594,37.179612342584,-8.987641001475396,64.13960956185828,70.42000530406591,6.280395742207631,0.0217260551887905,0.4627709654311372,0.4410449102423467,82.3598396140224,105.93648326005828,23.576643646035876,0.621708059,0.734243895,0.11253583599999994,5454.015626777364,6123.873830078893,669.8582033015291
Robbie Grossman,2023,2024,420,245,52.97096834857349,50.23070904990873,-2.7402592986647605,46.23627651568721,37.10845592692447,-9.127820588762738,48.917050962403614,49.25121654027416,0.334165577870543,37.179612342584,40.75405118217241,3.57443883958841,70.42000530406591,72.08404100678861,1.6640357027226997,0.4627709654311372,-0.544227755107095,-1.0069987205382323,105.93648326005828,83.48255879137459,-22.453924468683695,0.734243895,0.615718209,-0.11852568600000002,6123.873830078893,5828.719356702277,-295.1544733766159
Robinson Chirinos,2021,2022,112,220,38.13494281226132,31.918128866980023,-6.216813945281299,52.80333670617527,40.91249877980554,-11.890837926369734,46.64463264510598,43.83168015108433,-2.8129524940216513,52.47641772706364,28.436767866596004,-24.039649860467637,47.04047378937096,47.13757677584036,0.09710298646940174,0.664189492151398,-1.329575165540392,-1.99376465769179,110.35344403847836,61.81970866766592,-48.53373537081244,0.777932571,0.552019669,-0.22591290200000003,5319.634300065133,3419.299664553984,-1900.3346355111494
Rodolfo Castro,2022,2023,278,256,41.08774310836596,35.70877817597941,-5.378964932386552,53.22560453961729,45.45604301829857,-7.769561521318714,52.97248288035202,35.72349895694444,-17.24898392340758,46.27288308004184,42.75849623903771,-3.514386841004125,50.2616729616533,50.51259687648921,0.2509239148359157,0.8827956229835575,-0.6757263613080748,-1.5585219842916325,100.34840371695238,68.98909685800479,-31.35930685894759,0.725438621,0.618460903,-0.106977718,5634.293295679372,4155.212311549247,-1479.0809841301252
Romy Gonzalez,2024,2025,216,341,47.05006411689382,52.74993346597501,5.69986934908119,58.05328056726495,62.22889238526598,4.17561181800103,53.30411938826201,45.83577222697586,-7.468347161286147,43.66194187471045,45.94563136010785,2.283689485397403,37.24702256324432,37.98773561263728,0.7407130493929586,0.2388910762585107,1.4625310993637737,1.223640023105263,98.43555693754746,122.73183436412651,24.296277426579053,0.722640982,0.825648186,0.10300720399999996,5483.793331623176,5701.609392376407,217.8160607532318
Ronald Acuña Jr.,2021,2022,360,533,56.91187591928945,55.87706400632743,-1.0348119129620201,76.79970214102056,61.72181430384739,-15.077887837173172,64.93216333381446,67.7467488704954,2.814585536680937,58.54264273419877,42.15560786061674,-16.38703487358203,64.10690515431888,55.41575589523025,-8.691149259088633,4.372180866910718,2.368402443103244,-2.0037784238074736,157.32891175727008,115.38722185482575,-41.941689902444324,0.990404039,0.764120508,-0.22628353099999998,9777.012319277084,7569.813564439395,-2207.198754837689
Ronald Acuña Jr.,2022,2023,533,735,55.87706400632743,80.0,24.12293599367257,61.72181430384739,79.75758489782439,18.035770593977,67.7467488704954,80.0,12.253251129504605,42.15560786061674,45.56276597851281,3.407158117896067,55.41575589523025,65.18578802694518,9.770032131714927,2.368402443103244,9.146743026135836,6.778340583032591,115.38722185482575,171.44872736850394,56.061505513678185,0.764120508,1.011971942,0.24785143399999998,7569.813564439395,11693.78325830976,4123.9696938703655
Ronald Acuña Jr.,2023,2024,735,222,80.0,50.97422006942724,-29.02577993057276,79.75758489782439,55.47345913704383,-24.284125760780555,80.0,62.85229536345973,-17.14770463654027,45.56276597851281,48.96066759079845,3.3979016122856436,65.18578802694518,58.98374045259784,-6.202047574347333,9.146743026135836,0.9449144477951016,-8.201828578340734,171.44872736850394,105.55512789789567,-65.89359947060827,1.011971942,0.715934684,-0.2960372579999999,11693.78325830976,7269.007871477141,-4424.77538683262
Ronald Acuña Jr.,2024,2025,222,412,50.97422006942724,52.52310269411191,1.5488826246846727,55.47345913704383,69.27063327589723,13.797174138853393,62.85229536345973,55.918673654935496,-6.933621708524235,48.96066759079845,35.63186540777047,-13.328802183027982,58.98374045259784,67.24737064508491,8.26363019248707,0.9449144477951016,3.499786826182725,2.5548723783876235,105.55512789789567,161.08104296056186,55.525915062666186,0.715934684,0.935227207,0.2192925229999999,7269.007871477141,7338.593167266872,69.58529578973139
Rougned Odor,2021,2022,361,472,39.1894561079054,43.45922247412846,4.26976636622306,51.10170505114304,46.39503995744849,-4.7066650936945535,47.810099731788696,56.13804931402844,8.327949582239746,62.36622748787285,43.92024875712932,-18.445978730743526,43.7795016750766,45.26743926119416,1.4879375861175603,1.3145329303455804,0.2841845508956115,-1.0303483794499688,84.05466908628568,80.8612418039402,-3.193427282345482,0.664993098,0.632231239,-0.03276185899999995,5646.241084356547,5250.717118968314,-395.5239653882327
Rougned Odor,2022,2023,472,157,43.45922247412846,47.08708568221706,3.6278632080885984,46.39503995744849,47.25113126707522,0.8560913096267342,56.13804931402844,53.57428852210425,-2.563760791924196,43.92024875712932,51.62963200004886,7.709383242919536,45.26743926119416,52.87908450379989,7.611645242605725,0.2841845508956115,0.3384177630346809,0.0542332121390694,80.8612418039402,84.21548107783943,3.354239273899225,0.632231239,0.65443552,0.022204281000000048,5250.717118968314,6059.387569821071,808.6704508527573
Rowdy Tellez,2021,2022,325,599,54.511894809228295,52.76714676958559,-1.7447480396427082,57.939264641060085,67.54205609619729,9.6027914551372,46.56555973180071,30.38409958735983,-16.18146014444088,39.239447194920245,39.09098721268706,-0.14845998223318446,45.40066601183007,58.93402420061441,13.53335818878434,-0.3044063231567438,1.0482254479314814,1.3526317710882252,89.01449086598235,110.42794509982056,21.41345423383821,0.718756798,0.766756818,0.04800001999999992,5677.775816071946,5809.776045132555,132.00022906060894
Rowdy Tellez,2022,2023,599,351,52.76714676958559,50.7754667381514,-1.9916800314341856,67.54205609619729,53.20337257290114,-14.338683523296147,30.38409958735983,37.71740574579924,7.3333061584394095,39.09098721268706,44.42419389118506,5.3332066784980015,58.93402420061441,59.42960689531856,0.4955826947041473,1.0482254479314814,-0.6899075125536325,-1.738132960485114,110.42794509982056,79.26683962273447,-31.161105477086096,0.766756818,0.666804077,-0.09995274099999996,5809.776045132555,5726.008381911352,-83.76766322120238
Rowdy Tellez,2023,2024,351,421,50.7754667381514,53.43918936519237,2.6637226270409684,53.20337257290114,52.59887347934461,-0.6044990935565266,37.71740574579924,42.83619486393046,5.118789118131218,44.42419389118506,39.51661570253178,-4.907578188653282,59.42960689531856,53.08777843405765,-6.34182846126091,-0.6899075125536325,-0.4340290821907151,0.25587843036291735,79.26683962273447,90.09253701563298,10.825697392898519,0.666804077,0.690932318,0.024128240999999995,5726.008381911352,5559.655458332972,-166.3529235783808
Rowdy Tellez,2024,2025,421,312,53.43918936519237,45.984401863482816,-7.4547875017095535,52.59887347934461,61.23985932643343,8.640985847088821,42.83619486393046,44.05525249231915,1.2190576283886898,39.51661570253178,42.25331231727132,2.736696614739543,53.08777843405765,46.09462343407733,-6.9931549999803195,-0.4340290821907151,0.0626927669189142,0.49672184910962935,90.09253701563298,100.63824575784206,10.545708742209072,0.690932318,0.718547599,0.02761528099999999,5559.655458332972,5441.365392589138,-118.29006574383402
Royce Lewis,2023,2024,239,325,55.34845457754723,47.86398303234169,-7.484471545205537,61.86833827087334,55.4895543090231,-6.378783961850239,50.27400619723932,42.87169062670315,-7.4023155705361745,51.01980512710756,51.23261157285237,0.21280644574481045,49.4699767868377,46.2338995880786,-3.236077198759098,2.275614403539537,1.1327746243371069,-1.14283977920243,152.37041566567342,106.49277414759028,-45.87764151808314,0.920772033,0.747439409,-0.17333262399999994,6829.390128688945,5617.383343312075,-1212.0067853768696
Royce Lewis,2024,2025,325,403,47.86398303234169,49.93396542818975,2.069982395848058,55.4895543090231,51.49624183384056,-3.9933124751825417,42.87169062670315,54.357217297575815,11.485526670872666,51.23261157285237,53.48427902801172,2.2516674551593496,46.2338995880786,43.47668282207678,-2.757216766001818,1.1327746243371069,0.9830478409959428,-0.14972678334116407,106.49277414759028,84.61138891739624,-21.88138523019404,0.747439409,0.671176283,-0.07626312600000007,5617.383343312075,6074.465854161142,457.08251084906624
Ryan Jeffers,2021,2022,293,236,33.92800004926982,48.03919384328254,14.11119379401272,57.54577283396759,54.193849795029415,-3.3519230389381747,39.77286101266944,46.70205415592132,6.929193143251879,61.80870022619406,53.1476782657739,-8.661021960420165,45.92964990377016,54.34656708914287,8.41691718537271,1.2351584556657669,0.7697133409943696,-0.46544511467139726,83.25046871902562,86.26132337468438,3.010854655658761,0.670373636,0.648313929,-0.02205970700000004,5276.763502579242,6236.865929828883,960.1024272496406
Ryan Jeffers,2022,2023,236,335,48.03919384328254,48.08133592061427,0.04214207733173225,54.193849795029415,61.82184136734258,7.627991572313164,46.70205415592132,44.094784645256425,-2.607269510664892,53.1476782657739,43.858781141383766,-9.288897124390132,54.34656708914287,52.21498678443912,-2.1315803047037534,0.7697133409943696,2.262080455630529,1.4923671146361595,86.26132337468438,135.89466194159877,49.63333856691439,0.648313929,0.858090549,0.20977662000000008,6236.865929828883,5912.287062463053,-324.57886736582986
Ryan Jeffers,2023,2024,335,465,48.08133592061427,49.89968947742767,1.818353556813399,61.82184136734258,53.96263475800588,-7.859206609336695,44.094784645256425,46.05963974852647,1.9648551032700468,43.858781141383766,43.28248160152717,-0.5762995398565991,52.21498678443912,45.26255409155565,-6.95243269288347,2.262080455630529,1.5545657227685583,-0.7075147328619706,135.89466194159877,105.85778498447152,-30.036876957127248,0.858090549,0.731607799,-0.1264827500000001,5912.287062463053,5416.008554997236,-496.2785074658168
Ryan Jeffers,2024,2025,465,464,49.89968947742767,58.14161118258038,8.241921705152706,53.96263475800588,47.87012705610535,-6.09250770190053,46.05963974852647,39.87925600217656,-6.180383746349911,43.28248160152717,46.54436290486485,3.261881303337681,45.26255409155565,63.33958637958294,18.07703228802729,1.5545657227685583,2.0757142924315564,0.521148569662998,105.85778498447152,113.2695360739141,7.411751089442575,0.731607799,0.752155172,0.02054737300000009,5416.008554997236,6267.078324195362,851.0697691981259
Ryan McKenna,2021,2022,197,172,33.97078807791812,38.8221562734066,4.851368195488476,39.64616477022311,43.95508328014939,4.308918509926279,56.25886507766183,56.38862655478923,0.1297614771273956,55.80977887185979,57.40960715489624,1.5998282830364516,56.105569609732974,44.68282647288012,-11.422743136852851,0.054790560306678,0.6001037101784057,0.5453131498717277,59.13081769203439,81.44961860548707,22.318800913452684,0.558579881,0.633861236,0.075281355,5589.4753484128905,5574.215460681146,-15.25988773174413
Ryan McKenna,2022,2023,172,139,38.8221562734066,40.345588702960825,1.5234324295542265,43.95508328014939,48.13754978622925,4.182466506079862,56.38862655478923,56.577326997854016,0.18870044306478917,57.40960715489624,51.1606245903542,-6.24898256454204,44.68282647288012,43.470192340905,-1.212634131975122,0.6001037101784057,0.3123344031760968,-0.2877693070023089,81.44961860548707,89.19683384843269,7.7472152429456145,0.633861236,0.676832207,0.042970971000000024,5574.215460681146,5486.624004701814,-87.59145597933275
Ryan McMahon,2021,2022,596,597,47.88780126906728,49.42017177469094,1.5323705056236605,55.16854622026029,60.66875171162496,5.500205491364667,47.0071586031697,53.41631680423158,6.409158201061878,67.82501620742009,66.4890491083197,-1.3359670991003867,51.7822784734074,56.72271340104089,4.94043492763349,2.4464012560907418,3.0677200606945063,0.6213188046037645,93.49536230069532,96.74328121074484,3.2479189100495205,0.779400548,0.740621822,-0.038778725999999986,6854.90704236153,7782.137409745223,927.2303673836923
Ryan McMahon,2022,2023,597,627,49.42017177469094,40.936373482794345,-8.483798291896598,60.66875171162496,59.17753436791868,-1.4912173437062748,53.41631680423158,37.63294084895799,-15.783375955273584,66.4890491083197,62.1461923620157,-4.342856746304008,56.72271340104089,53.156324204237855,-3.566389196803037,3.0677200606945063,1.778236682490969,-1.2894833782035373,96.74328121074484,89.6224860426696,-7.120795168075233,0.740621822,0.752799689,0.012177867000000009,7782.137409745223,5928.77817325415,-1853.3592364910728
Ryan McMahon,2023,2024,627,645,40.936373482794345,44.4362276106859,3.4998541278915525,59.17753436791868,59.61364398775379,0.43610961983510776,37.63294084895799,41.47729551181547,3.8443546628574765,62.1461923620157,64.12667105456381,1.9804786925481181,53.156324204237855,54.83387175555514,1.6775475513172822,1.778236682490969,1.9251135799193912,0.14687689742842225,89.6224860426696,88.2810928471532,-1.3413931955164031,0.752799689,0.721864276,-0.030935413000000023,5928.77817325415,6531.068265171896,602.2900919177464
Ryan McMahon,2024,2025,645,586,44.4362276106859,34.90414452585941,-9.532083084826489,59.61364398775379,59.80585977002121,0.19221578226741798,41.47729551181547,46.880207431364525,5.402911919549055,64.12667105456381,62.88134379811851,-1.2453272564453073,54.83387175555514,57.5996941449951,2.765822389439961,1.9251135799193912,1.9390159623370065,0.013902382417615211,88.2810928471532,86.33602902288065,-1.9450638242725518,0.721864276,0.693426178,-0.028438098000000078,6531.068265171896,6406.073292073848,-124.99497309804792
Ryan Mountcastle,2021,2022,586,609,43.58537832078794,48.84456351926923,5.2591851984812905,60.15985571546325,60.92072257689495,0.7608668614317011,45.66699592574939,51.702502365759415,6.035506440010025,27.05546059734429,48.22259160158021,21.167131004235923,35.501829923108666,38.01306127382154,2.511231350712876,0.8415948553821337,1.7265809378133523,0.8849860824312186,110.81373100203976,107.39771802902897,-3.416012973010794,0.795765105,0.728842142,-0.066922963,4333.408469002038,5853.014970303672,1519.6065013016341
Ryan Mountcastle,2022,2023,609,470,48.84456351926923,52.2101507321125,3.3655872128432733,60.92072257689495,59.80212381442275,-1.1185987624722031,51.702502365759415,51.942848123579004,0.24034575781958978,48.22259160158021,45.79846433435364,-2.4241272672265737,38.01306127382154,39.724064286309485,1.711003012487943,1.7265809378133523,1.6067276653066795,-0.11985327250667277,107.39771802902897,113.41606194705103,6.018343918022069,0.728842142,0.779196217,0.050354075,5853.014970303672,5944.47116014683,91.45618984315752
Ryan Mountcastle,2023,2024,470,507,52.2101507321125,54.88161593348149,2.6714652013689886,59.80212381442275,55.97343076356909,-3.8286930508536585,51.942848123579004,40.16346786430249,-11.779380259276515,45.79846433435364,49.11943501540308,3.320970681049438,39.724064286309485,34.649429594172574,-5.074634692136911,1.6067276653066795,1.439019472354258,-0.16770819295242156,113.41606194705103,107.40570198559644,-6.010359961454597,0.779196217,0.732639452,-0.046556764999999944,5944.47116014683,5181.5381991464055,-762.9329610004243
Ryan Mountcastle,2024,2025,507,357,54.88161593348149,43.450432938497855,-11.431182994983637,55.97343076356909,54.6538301341042,-1.3196006294648939,40.16346786430249,47.61609449752635,7.452626633223858,49.11943501540308,46.089257031262,-3.0301779841410763,34.649429594172574,31.743264554753846,-2.9061650394187275,1.439019472354258,-0.3707098575138651,-1.809729329868123,107.40570198559644,81.33424534261013,-26.071456642986305,0.732639452,0.653184164,-0.07945528800000001,5181.5381991464055,4761.943308818318,-419.5948903280878
Ryan Noda,2023,2024,495,111,33.486071423191746,32.923288386150205,-0.562783037041541,58.8900321310169,39.88304285457185,-19.006989276445054,46.81631135637749,43.3141911889259,-3.5021201674515865,43.08348038415132,50.686554440566965,7.603074056415643,66.33229436172437,59.14830439750404,-7.1839899642203235,2.069903833185308,-0.5772448938564418,-2.64714872704175,121.5525938208808,44.36212010600295,-77.19047371487785,0.770040303,0.465071769,-0.304968534,5623.147133157121,4841.548262127056,-781.5988710300653
Ryan O'Hearn,2021,2022,254,145,44.502580310432,52.728887602255085,8.226307291823083,51.73149024688219,50.06925695377711,-1.662233293105075,41.58617058453007,47.82478448192169,6.238613897391616,47.98023132554105,47.12279059996396,-0.8574407255770851,40.47525614805952,45.08939883418777,4.614142686128247,-0.6452700267051299,-0.3912571363902362,0.2540128903148937,67.7286296113077,70.09840435846932,2.369774747161628,0.636360602,0.610550694,-0.025809908000000048,4846.621551012246,5606.733566259589,760.1120152473432
Ryan O'Hearn,2022,2023,145,368,52.728887602255085,57.33801232625217,4.609124723997084,50.06925695377711,58.6821488203331,8.612891866555984,47.82478448192169,46.6978599505609,-1.1269245313607925,47.12279059996396,51.07871506978728,3.955924469823316,45.08939883418777,39.76412166266151,-5.32527717152626,-0.3912571363902362,1.549954302573963,1.9412114389641992,70.09840435846932,117.542407262269,47.44400290379967,0.610550694,0.801294671,0.190743977,5606.733566259589,6087.432751139659,480.6991848800699
Ryan O'Hearn,2023,2024,368,494,57.33801232625217,64.930818269681,7.592805943428829,58.6821488203331,50.73629062835508,-7.945858191978019,46.6978599505609,47.9008820028194,1.203022052258504,51.07871506978728,42.26967626838564,-8.809038801401641,39.76412166266151,58.80806584334238,19.043944180680874,1.549954302573963,1.571577744393975,0.021623441820011857,117.542407262269,117.64064470398176,0.09823744171276871,0.801294671,0.760644665,-0.040650005999999905,6087.432751139659,6682.9174313708845,595.4846802312259
Ryan O'Hearn,2024,2025,494,544,64.930818269681,59.652402185492846,-5.278416084188152,50.73629062835508,51.42568669492341,0.6893960665683281,47.9008820028194,45.14641680767307,-2.754465195146331,42.26967626838564,51.861943547815024,9.592267279429386,58.80806584334238,56.44331332529187,-2.3647525180505156,1.571577744393975,3.026057404858114,1.454479660464139,117.64064470398176,127.26868770556392,9.628043001582157,0.760644665,0.802517683,0.041873017999999984,6682.9174313708845,6669.270176613634,-13.647254757250266
Sal Frelick,2023,2024,223,524,59.83432998294985,65.67136115287953,5.8370311699296735,34.1636134397464,29.77969230732222,-4.383921132424177,60.83156153294769,61.05544258906805,0.22388105612036213,59.66960345120758,59.74884642035513,0.07924296914755047,61.10955845843869,57.25719205574377,-3.852366402694919,1.1353107207585345,1.5173996927441924,0.38208897198565794,93.40924980957617,86.70234687598976,-6.706902933586406,0.691592514,0.654582699,-0.037009815,7159.082982850308,6944.180238228631,-214.9027446216769
Sal Frelick,2024,2025,524,594,65.67136115287953,70.60803301768615,4.936671864806627,29.77969230732222,39.354880358924326,9.575188051602105,61.05544258906805,56.49545863499048,-4.559983954077573,59.74884642035513,61.52456436387925,1.7757179435241213,57.25719205574377,55.966562241043206,-1.2906298147005657,1.5173996927441924,3.569805757457821,2.0524060647136286,86.70234687598976,113.95027944107808,27.24793256508832,0.654582699,0.756239997,0.10165729800000001,6944.180238228631,7548.064047271539,603.8838090429072
Salvador Perez,2021,2022,665,473,45.923560481049776,45.25485604493964,-0.6687044361101329,73.17352497585429,62.80403750043268,-10.369487475421614,37.57079794170322,36.53439598663155,-1.0364019550716677,22.22448161153616,33.59792522319694,11.373443611660779,24.589524175412567,30.012883768906203,5.423359593493636,2.702131209164172,0.7674620568360785,-1.9346691523280932,125.0284922153468,107.07398535680468,-17.954506858542118,0.85933786,0.756923295,-0.10241456500000001,4099.19432158584,4151.72999749812,52.53567591227966
Salvador Perez,2022,2023,473,580,45.25485604493964,46.5988357688594,1.3439797239197588,62.80403750043268,54.82454396069893,-7.979493539733745,36.53439598663155,31.4038770870532,-5.130518899578352,33.59792522319694,34.10941898799854,0.5114937648015996,30.012883768906203,23.597288615272248,-6.415595153633955,0.7674620568360785,-0.2706039753072858,-1.0380660321433643,107.07398535680468,87.25896133801506,-19.81502401878963,0.756923295,0.714320628,-0.04260266700000004,4151.72999749812,3448.5913879687723,-703.1386095293474
Salvador Perez,2023,2024,580,652,46.5988357688594,53.63996144961951,7.041125680760111,54.82454396069893,60.41221647876578,5.587672518066846,31.4038770870532,22.054990251795694,-9.348886835257506,34.10941898799854,56.19285009041577,22.08343110241723,23.597288615272248,33.234391137798845,9.637102522526597,-0.2706039753072858,3.28742377519574,3.558027750503026,87.25896133801506,116.5782150454122,29.319253707397138,0.714320628,0.786193339,0.07187271100000003,3448.5913879687723,4499.66673545553,1051.075347486758
Salvador Perez,2024,2025,652,641,53.63996144961951,50.45704234232773,-3.182919107291781,60.41221647876578,60.94297239874475,0.5307559199789722,22.054990251795694,35.44895707788213,13.393966826086434,56.19285009041577,35.227782426069766,-20.965067664346,33.234391137798845,29.50594864523442,-3.728442492564426,3.28742377519574,0.5315259384179933,-2.7558978367777467,116.5782150454122,95.44811914512562,-21.130095900286577,0.786193339,0.729260198,-0.05693314100000002,4499.66673545553,4285.635246926923,-214.03148852860704
Sam Haggerty,2022,2023,201,108,46.98425630840713,56.26794883360502,9.283692525197885,44.44210626640836,38.02144294141034,-6.420663324998017,67.57408761082077,62.27016296106044,-5.303924649760326,55.1765031189535,44.373035912450966,-10.803467206502532,52.13119655942003,61.64590212391024,9.514705564490207,1.4165166667892994,0.1336650859802251,-1.2828515808090744,114.9458701651861,110.12537957240372,-4.820490592782377,0.73840909,0.705145321,-0.03326376899999994,6726.574789976899,6407.367861645917,-319.206928330982
Sam Hilliard,2021,2022,238,200,29.77299258409783,37.63167314976593,7.858680565668102,61.6109169298724,52.47559540843238,-9.13532152144002,61.5435173456395,58.64401756686424,-2.899499778775258,49.30978007327536,49.085676770072375,-0.22410330320298755,49.3921242572979,59.46152753136831,10.06940327407041,0.3870955462497881,-0.7154697798012891,-1.1025653260510773,83.06465686836209,45.697344205931074,-37.36731266243102,0.756734469,0.544367816,-0.21236665300000002,5975.895784399147,6223.262839368998,247.36705496985178
Santiago Espinal,2021,2022,246,491,66.68756364042542,65.7654242199892,-0.9221394204362241,33.66865413986578,40.06137382070829,6.392719680842511,60.40000021406922,42.4392302181066,-17.96076999596262,57.54227106262482,63.23246737589699,5.690196313272168,56.69558639778751,54.79629369579789,-1.8992927019896158,1.883929218004443,2.3716283637859155,0.48769914578147255,114.90923197014826,99.66693626677954,-15.242295703368711,0.780915609,0.692159446,-0.088756163,7036.726285961206,6698.752641846892,-337.9736441143132
Santiago Espinal,2022,2023,491,254,65.7654242199892,60.61775214683351,-5.1476720731556895,40.06137382070829,36.08477071274375,-3.976603107964543,42.4392302181066,47.67910314281266,5.239872924706056,63.23246737589699,45.76430180799274,-17.46816556790425,54.79629369579789,53.50683414229627,-1.2894595535016222,2.3716283637859155,-0.0493753274157468,-2.4210036912016624,99.66693626677954,79.32794464197521,-20.338991624804336,0.692159446,0.644306417,-0.04785302899999999,6698.752641846892,5602.6905690375,-1096.0620728093927
Santiago Espinal,2023,2024,254,391,60.61775214683351,63.84897218691992,3.231220040086413,36.08477071274375,36.770729130169286,0.6859584174255389,47.67910314281266,50.70747273917804,3.02836959636538,45.76430180799274,46.1968189436086,0.4325171356158606,53.50683414229627,49.39893155869999,-4.107902583596278,-0.0493753274157468,0.0364135310450409,0.08578885846078771,79.32794464197521,76.17239980572825,-3.1555448362469605,0.644306417,0.650315939,0.006009521999999934,5602.6905690375,5702.0557523021525,99.36518326465284
Santiago Espinal,2024,2025,391,328,63.84897218691992,61.453497579876085,-2.3954746070438375,36.770729130169286,31.18229967005777,-5.5884294601115165,50.70747273917804,46.63116969619968,-4.07630304297836,46.1968189436086,53.127059169869526,6.930240226260928,49.39893155869999,54.72312939724656,5.324197838546567,0.0364135310450409,-0.3249177901054667,-0.3613313211505076,76.17239980572825,57.9563003876187,-18.21609941810955,0.650315939,0.574699718,-0.07561622099999998,5702.0557523021525,5762.409599905038,60.35384760288525
Sean Murphy,2021,2022,448,612,45.32543192920499,54.52746592689449,9.202033997689504,54.5388381639247,56.7426909293242,2.203852765399496,34.86874549574412,46.17083680539541,11.302091309651288,80.0,75.50306776827975,-4.496932231720251,49.35267540162096,51.18900395665801,1.8363285550370563,3.2727287812503763,5.248035088187151,1.9753063069367744,99.9378212264274,120.5478118024314,20.609990576003995,0.710383723,0.758685427,0.048301704,6347.513946669891,7540.007442767319,1192.4934960974279
Sean Murphy,2022,2023,612,438,54.52746592689449,53.49593876632724,-1.0315271605672507,56.7426909293242,65.11940976883017,8.376718839505969,46.17083680539541,39.57470957597506,-6.596127229420354,75.50306776827975,78.52113585497554,3.0180680866957914,51.18900395665801,57.81299026569565,6.62398630903764,5.248035088187151,4.957367816413211,-0.29066727177393936,120.5478118024314,130.26778055217164,9.719968749740246,0.758685427,0.843675181,0.08498975400000008,7540.007442767319,7989.092854024079,449.0854112567604
Sean Murphy,2023,2024,438,264,53.49593876632724,41.51968550182687,-11.976253264500372,65.11940976883017,52.485352508748186,-12.634057260081981,39.57470957597506,45.07783005294702,5.503120476971965,78.52113585497554,56.80334945280431,-21.717786402171228,57.81299026569565,54.62894214486125,-3.1840481208344045,4.957367816413211,0.8373031849957019,-4.12006463141751,130.26778055217164,78.32284064567278,-51.94493990649886,0.843675181,0.636022239,-0.20765294200000006,7989.092854024079,5933.145273206769,-2055.94758081731
Sean Murphy,2024,2025,264,337,41.51968550182687,35.58575563453178,-5.933929867295092,52.485352508748186,59.583147727433605,7.09779521868542,45.07783005294702,42.2403178563491,-2.8375121965979204,56.80334945280431,64.72846879064699,7.925119337842673,54.62894214486125,52.270657886318695,-2.358284258542554,0.8373031849957019,2.022085185644264,1.1847820006485623,78.32284064567278,96.64253213367084,18.319691487998057,0.636022239,0.708637971,0.07261573200000004,5933.145273206769,5998.676768974583,65.5314957678138
Seby Zavala,2021,2022,104,205,24.43101079888672,37.974936295361736,13.543925496475016,49.1558524062109,45.21615138709892,-3.939701019111979,48.87751993180156,39.19126525020616,-9.6862546815954,48.15663294587179,68.13754490203704,19.980911956165244,41.53835525578011,46.08552582028194,4.547170564501826,-0.0558071814817285,2.004812064890125,2.0606192463718536,64.80893989188164,110.51708099189564,45.708141100014004,0.616344086,0.728557124,0.11221303799999993,4266.673224006741,5254.494400351518,987.8211763447771
Seby Zavala,2022,2023,205,193,37.974936295361736,28.31527090652642,-9.659665388835318,45.21615138709892,46.64554195125461,1.429390564155689,39.19126525020616,44.9900886398181,5.79882338961194,68.13754490203704,67.92000668100364,-0.2175382210333936,46.08552582028194,38.46819295764824,-7.617332862633695,2.004812064890125,0.5565259804052206,-1.4482860844849044,110.51708099189564,45.47286210277035,-65.04421888912529,0.728557124,0.544652206,-0.18390491799999997,5254.494400351518,4839.495104024758,-414.9992963267605
Seiya Suzuki,2022,2023,446,583,55.684765250861886,62.06849964660392,6.383734395742032,55.95971519513503,61.56220880960675,5.602493614471719,49.03929917927222,38.65104644056334,-10.388252738708879,45.559654308577294,45.25642914066375,-0.3032251679135456,60.97747624646607,61.551040075415386,0.5735638289493181,1.958259190178122,3.0668008987667323,1.1085417085886105,118.30155658595692,127.32814392511877,9.02658733916185,0.769572239,0.842212193,0.072639954,6784.91875294871,6921.640516043244,136.72176309453425
Seiya Suzuki,2023,2024,583,585,62.06849964660392,55.733968855310046,-6.334530791293872,61.56220880960675,63.81729086147728,2.255082051870531,38.65104644056334,47.82645492846404,9.175408487900697,45.25642914066375,41.35167025373376,-3.90475888692999,61.551040075415386,63.73454009778342,2.1835000223680368,3.0668008987667323,3.4542992504579524,0.38749835169122004,127.32814392511877,136.7325707850044,9.404426859885646,0.842212193,0.84823384,0.006021646999999963,6921.640516043244,7025.624743376513,103.98422733326879
Seiya Suzuki,2024,2025,585,651,55.733968855310046,52.20437897132505,-3.529589883984997,63.81729086147728,66.57974579191048,2.7624549304332007,47.82645492846404,46.707000812874206,-1.119454115589832,41.35167025373376,41.29026568561385,-0.06140456811990447,63.73454009778342,62.13237473698565,-1.6021653607977697,3.4542992504579524,2.5933303735339583,-0.860968876923994,136.7325707850044,122.59029453466638,-14.142276250338028,0.84823384,0.803761422,-0.044472418000000014,7025.624743376513,6811.030849445624,-214.59389393088895
Sergio Alcántara,2021,2022,255,224,41.22937256128782,47.93870694800069,6.709334386712875,41.074974313457446,41.07226539772161,-0.002708915735837536,57.61404206697213,49.64211238019215,-7.97192968677998,63.90133023835969,49.723322536304565,-14.178007702055126,59.25901072173092,50.08812844281272,-9.1708822789182,0.9531320073569546,-0.0094214551094923,-0.9625534624664469,73.05363405197392,70.32961908775563,-2.7240149642182843,0.630422333,0.617358821,-0.013063512,6643.864975704502,5405.778776060924,-1238.0861996435779
Seth Brown,2021,2022,307,555,39.5829738127756,46.342638013344846,6.759664200569247,60.23936920259894,60.59946501523484,0.3600958126359046,47.31187076420981,56.28672640093425,8.974855636724442,56.08289096172108,35.49947910739611,-20.583411854324964,49.15715361368333,51.04792307328679,1.8907694596034617,1.121716854459451,1.5397255465173476,0.4180086920578967,103.51028528723585,114.97052962646602,11.460244339230172,0.754042681,0.748504504,-0.005538177000000033,5987.156948489857,5894.317389370255,-92.8395591196022
Seth Brown,2022,2023,555,378,46.342638013344846,41.05359588135054,-5.289042131994307,60.59946501523484,56.712317272507946,-3.8871477427268957,56.28672640093425,40.925158230914384,-15.361568170019865,35.49947910739611,38.8884090636181,3.388929956221986,51.04792307328679,45.388992014411365,-5.6589310588754245,1.5397255465173476,-0.3870750801645199,-1.9268006266818676,114.97052962646602,91.09196314354124,-23.878566482924782,0.748504504,0.691719961,-0.05678454300000002,5894.317389370255,4693.086543508374,-1201.2308458618809
Seth Brown,2023,2024,378,400,41.05359588135054,43.13048699060487,2.0768911092543334,56.712317272507946,52.06480934511095,-4.647507927396994,40.925158230914384,44.70037780402279,3.7752195731084086,38.8884090636181,35.28714386200661,-3.60126520161149,45.388992014411365,41.73721127859416,-3.651780735817205,-0.3870750801645199,-0.3550016092411345,0.032073470923385416,91.09196314354124,91.145522206631,0.053559063089764436,0.691719961,0.661532258,-0.030187702999999955,4693.086543508374,4480.987952797821,-212.09859071055325
Shea Langeliers,2022,2023,153,490,30.16898420801096,34.63105414847166,4.462069940460701,54.74886189421259,58.68183536924772,3.9329734750351335,46.863251207602936,45.81232390807045,-1.0509272995324892,46.102924017983376,39.36323948370256,-6.739684534280819,39.930107283673934,42.626077450273606,2.695970166599672,0.0259945703844841,0.6799099505738749,0.6539153801893909,95.28954768757302,85.9206091187636,-9.368938568809426,0.691015372,0.680840088,-0.010175284000000007,4481.143206477558,4602.149660304272,121.00645382671428
Shea Langeliers,2023,2024,490,534,34.63105414847166,43.96479904161706,9.3337448931454,58.68183536924772,63.79426166291542,5.112426293667696,45.81232390807045,40.14200661228841,-5.670317295782034,39.36323948370256,37.7871283723999,-1.5761111113026587,42.626077450273606,45.69364547246558,3.0675680221919777,0.6799099505738749,1.958000896894116,1.278090946320241,85.9206091187636,109.4924367781867,23.571827659423107,0.680840088,0.738596981,0.05775689300000009,4602.149660304272,5049.124004497872,446.9743441935998
Shea Langeliers,2024,2025,534,523,43.96479904161706,55.26503683639621,11.30023779477915,63.79426166291542,64.75241551798392,0.9581538550685025,40.14200661228841,51.09096753924814,10.948960926959728,37.7871283723999,44.29608666330272,6.508958290902818,45.69364547246558,42.39226054815396,-3.30138492431162,1.958000896894116,3.952855523380542,1.994854626486426,109.4924367781867,132.34545220078903,22.853015422602326,0.738596981,0.861430337,0.122833356,5049.124004497872,6358.078727719983,1308.9547232221112
Shohei Ohtani,2021,2022,639,666,43.95175378573053,54.412891992297816,10.461138206567284,80.0,75.4639849102189,-4.5360150897811025,61.86914526665433,42.85702937005199,-19.01211589660234,39.948348269837446,39.005937242876975,-0.9424110269604711,60.410306278745736,54.19557761994397,-6.214728658801768,5.01916377295867,3.60982544354488,-1.40933832941379,150.46676504435462,141.87001527617792,-8.596749768176693,0.964635734,0.874627186,-0.09000854800000002,7611.149777658664,6693.032599010744,-918.1171786479199
Shohei Ohtani,2022,2023,666,599,54.412891992297816,55.52002972056232,1.1071377282645045,75.4639849102189,80.0,4.5360150897811025,42.85702937005199,61.2415866516913,18.38455728163931,39.005937242876975,40.401463895714784,1.395526652837809,54.19557761994397,60.0918292605127,5.896251640568728,3.60982544354488,6.582202312819653,2.972376869274773,141.87001527617792,180.2209018620973,38.35088658591937,0.874627186,1.066381453,0.19175426699999998,6693.032599010744,8359.443008683877,1666.4104096731326
Shohei Ohtani,2023,2024,599,731,55.52002972056232,61.67104479987874,6.151015079316423,80.0,80.0,0.0,61.2415866516913,80.0,18.7584133483087,40.401463895714784,38.63329089590198,-1.7681729998128048,60.0918292605127,57.25664962506384,-2.83517963544886,6.582202312819653,8.949854777993277,2.3676524651736237,180.2209018620973,179.6782932394558,-0.5426086226414952,1.066381453,1.036336305,-0.03004514799999991,8359.443008683877,9590.18621666645,1230.743207982574
Shohei Ohtani,2024,2025,731,727,61.67104479987874,50.02425307554227,-11.646791724336474,80.0,80.0,0.0,80.0,61.61787446115412,-18.382125538845877,38.63329089590198,38.73777752403901,0.1044866281370318,57.25664962506384,63.57921525817114,6.322565633107303,8.949854777993277,7.474722977328911,-1.475131800664366,179.6782932394558,172.3156045629402,-7.362688676515603,1.036336305,1.013655397,-0.02268090800000011,9590.18621666645,8065.781905691931,-1524.4043109745198
Spencer Horwitz,2024,2025,381,411,59.98030757458538,60.911565575106906,0.9312580005215239,49.99906978345687,46.39650191191775,-3.602567871539115,38.42327895152931,42.60203253474536,4.17875358321605,50.45701838549497,48.19862297033374,-2.2583954151612318,59.2951499595237,58.76245443779916,-0.5326955217245413,1.864481531907316,1.7212282352319377,-0.14325329667537834,126.65140327915628,119.03362238535505,-7.617780893801239,0.789882209,0.786863987,-0.003018221999999904,6375.507068641762,6309.123777241827,-66.38329139993493
Spencer Steer,2022,2023,108,665,48.920262149334455,56.59563886473738,7.675376715402926,40.34682895347907,51.770116501223264,11.423287547744195,45.76848242764565,52.02189725421607,6.25341482657042,49.04751124016993,27.34432124317574,-21.70318999699419,56.3617710812712,58.30685539005087,1.9450843087796699,-0.0854371394255891,2.042419497394748,2.127856636820337,76.72983946310697,118.32341829841126,41.593578835304285,0.631871344,0.820308502,0.18843715800000005,5509.878380603623,5677.769875784852,167.8914951812294
Spencer Steer,2023,2024,665,656,56.59563886473738,51.45203448680723,-5.143604377930153,51.770116501223264,48.973849048101584,-2.796267453121679,52.02189725421607,68.38055700077277,16.358659746556697,27.34432124317574,43.06110454646833,15.716783303292587,58.30685539005087,60.31826453480839,2.011409144757522,2.042419497394748,1.548287984715908,-0.4941315126788399,118.32341829841126,97.6135733111714,-20.709844987239862,0.820308502,0.721036584,-0.09927191800000001,5677.769875784852,6901.852367188252,1224.0824914034001
Spencer Steer,2024,2025,656,568,51.45203448680723,47.60275479430255,-3.8492796925046804,48.973849048101584,46.71112849724152,-2.2627205508600667,68.38055700077277,50.14051577460138,-18.240041226171385,43.06110454646833,49.556986184729766,6.495881638261437,60.31826453480839,52.60512162411346,-7.713142910694934,1.548287984715908,0.9500603688744852,-0.5982276158414227,97.6135733111714,97.04870123388793,-0.5648720772834679,0.721036584,0.722778349,0.0017417650000000062,6901.852367188252,5783.189842507993,-1118.6625246802596
Spencer Torkelson,2022,2023,404,684,46.35361262378587,49.63040918200041,3.276796558214542,49.755475870618746,62.5292903374672,12.773814466848457,40.34961054314595,50.73431078652671,10.384700243380763,44.773438865849386,36.52973541555268,-8.243703450296707,55.21284561990675,54.70661147584391,-0.5062341440628444,-0.8375612089065243,1.3401008567710684,2.177662065677593,75.86314903426525,106.4619254264784,30.598776392213153,0.604097909,0.758410051,0.15431214199999999,5303.060118434154,6107.007424150472,803.9473057163177
Spencer Torkelson,2023,2024,684,381,49.63040918200041,43.796696355049065,-5.8337128269513485,62.5292903374672,48.02190990786691,-14.507380429600289,50.73431078652671,41.38680149435519,-9.347509292171523,36.52973541555268,46.3125398201405,9.782804404587822,54.70661147584391,53.55371145314618,-1.1529000226977288,1.3401008567710684,0.0778070702767584,-1.26229378649431,106.4619254264784,90.99546164756588,-15.466463778912527,0.758410051,0.669005847,-0.08940420400000004,6107.007424150472,5151.438603909039,-955.5688202414331
Spencer Torkelson,2024,2025,381,649,43.796696355049065,47.440190854938336,3.6434944998892718,48.02190990786691,58.881873531336936,10.859963623470023,41.38680149435519,44.26565969426245,2.8788581999072633,46.3125398201405,41.46834755928974,-4.844192260850761,53.55371145314618,59.17584737325809,5.6221359201119085,0.0778070702767584,2.336883551251953,2.259076480975194,90.99546164756588,117.5714949331538,26.576033285587926,0.669005847,0.789302848,0.12029700099999996,5151.438603909039,5942.521693395922,791.0830894868832
Starling Marte,2021,2022,526,505,61.746897895083535,60.75729856689115,-0.9895993281923836,51.42563380383745,53.65636405087295,2.2307302470355026,80.0,56.9452981445878,-23.054701855412198,53.35542122530265,49.550744876124114,-3.8046763491785356,47.80759423498294,42.92458914721983,-4.883005087763117,5.186816548758518,3.509153985979455,-1.6776625627790631,131.97125607507425,133.32567059347411,1.3544145183998637,0.841101253,0.814345811,-0.026755442000000018,8112.808209719202,6596.576864003009,-1516.2313457161927
Starling Marte,2022,2023,505,341,60.75729856689115,51.19662416199202,-9.560674404899132,53.65636405087295,43.05431948855837,-10.602044562314582,56.9452981445878,67.48620982706427,10.54091168247647,49.550744876124114,41.434154654495856,-8.116590221628257,42.92458914721983,37.413084320130736,-5.511504827089091,3.509153985979455,-0.278600696293076,-3.787754682272531,133.32567059347411,74.76959116923618,-58.556079424237936,0.814345811,0.624694478,-0.18965133300000003,6596.576864003009,5407.538941368789,-1189.0379226342202
Starling Marte,2023,2024,341,370,51.19662416199202,54.85201966683711,3.655395504845089,43.05431948855837,50.89159239243976,7.8372729038813915,67.48620982706427,66.70581854737524,-0.7803912796890273,41.434154654495856,37.15941380506287,-4.2747408494329875,37.413084320130736,46.84248811459482,9.429403794464086,-0.278600696293076,0.5916517991406802,0.8702524954337563,74.76959116923618,103.33474090927405,28.565149740037867,0.624694478,0.715035177,0.09034069899999997,5407.538941368789,6170.010319355644,762.4713779868553
Starling Marte,2024,2025,370,329,54.85201966683711,52.80740283849898,-2.0446168283381283,50.89159239243976,49.07539202169645,-1.81620037074331,66.70581854737524,47.59118243029717,-19.114636117078078,37.15941380506287,46.60269022846185,9.443276423398984,46.84248811459482,45.69104940719588,-1.1514387073989454,0.5916517991406802,0.6793544611708657,0.08770266203018551,103.33474090927405,112.33931793249997,9.00457702322592,0.715035177,0.744922166,0.029886989000000086,6170.010319355644,5557.559875847392,-612.4504435082526
Stephen Piscotty,2021,2022,188,139,43.702009538749095,30.93586368785568,-12.766145850893416,44.959911951497645,53.2246568284832,8.264744876985553,44.64139757391741,49.33349635374294,4.692098779825528,42.62096873707421,45.27157275291652,2.650604015842312,41.56087489460317,39.98000856232842,-1.580866332274745,-0.4354985465430955,-0.5452915194487377,-0.10979297290564216,79.20965885492366,68.82419972997216,-10.385459124951495,0.634516049,0.593068402,-0.04144764700000003,4499.557710294343,4542.478014236671,42.92030394232734
Stephen Vogt,2021,2022,238,191,44.90251410514756,43.19315146041775,-1.7093626447298078,42.939624390101656,44.35859375533487,1.4189693652332167,45.959829023007536,51.25176620427808,5.291937181270541,50.081850904699664,40.857151587435695,-9.224699317263969,54.217996347317225,51.39123990230736,-2.8267564450098632,-0.0386202669680185,-0.9359460192243908,-0.8973257522563723,65.66868417501112,62.41560162212573,-3.2530825528853953,0.616033754,0.562266267,-0.053767487,5398.772244644477,5041.975811994312,-356.7964326501651
Steven Kwan,2022,2023,638,718,77.21549247509517,73.25054543126468,-3.9649470438304917,35.80227704024878,31.550997300840223,-4.2512797394085595,71.52828006459245,62.550862351728526,-8.977417712863925,58.13846731906237,62.05136115354425,3.9128938344818778,73.84364700091726,68.16320322264252,-5.680443778274736,4.665408739130394,3.011875700774481,-1.6535330383559126,124.9382183480614,99.1418837232612,-25.796334624800195,0.772286269,0.71021279,-0.06207347899999993,9262.786576440893,8268.793188558348,-993.993387882545
Steven Kwan,2023,2024,718,540,73.25054543126468,77.62608358497317,4.37553815370849,31.550997300840223,39.50931100109812,7.9583137002578965,62.550862351728526,52.809060414511634,-9.741801937216891,62.05136115354425,62.68398883240861,0.6326276788643597,68.16320322264252,74.83728280893972,6.674079586297196,3.011875700774481,4.177134995028883,1.165259294254402,99.1418837232612,131.00928721131478,31.867403488053583,0.71021279,0.793029739,0.08281694899999992,8268.793188558348,9017.970097405489,749.176908847141
Steven Kwan,2024,2025,540,693,77.62608358497317,74.94246559824806,-2.6836179867251104,39.50931100109812,32.71971995628158,-6.7895910448165395,52.809060414511634,54.26534899413947,1.456288579627838,62.68398883240861,71.65378157150045,8.969792739091837,74.83728280893972,65.26319838255557,-9.574084426384147,4.177134995028883,3.1707728292801924,-1.0063621657486905,131.00928721131478,98.94299726875172,-32.06628994256306,0.793029739,0.704834782,-0.08819495699999991,9017.970097405489,8408.909291696862,-609.0608057086265
Stuart Fairchild,2022,2023,110,255,41.733119811026754,40.59219203178413,-1.1409277792426238,54.9188126931633,43.84542796659521,-11.073384726568086,45.61189351067932,60.338587117604746,14.726693606925423,51.21021865862006,55.45279952773026,4.242580869110199,50.91785364360113,50.71437463769761,-0.20347900590351742,0.5312859823685354,0.8908287097444557,0.3595427273759203,121.92656554184784,89.64822117182545,-32.27834437002238,0.800281161,0.709556424,-0.09072473700000006,5642.216381265191,6011.703594586208,369.4872133210174
Stuart Fairchild,2023,2024,255,233,40.59219203178413,39.00670173402085,-1.585490297763279,43.84542796659521,47.2554152116001,3.409987245004892,60.338587117604746,59.28329958279285,-1.055287534811896,55.45279952773026,52.241267882193874,-3.2115316455363825,50.71437463769761,48.21953187561617,-2.49484276208144,0.8908287097444557,0.3343696336070199,-0.5564590761374358,89.64822117182545,78.64881473102221,-10.999406440803241,0.709556424,0.654135337,-0.055421086999999924,6011.703594586208,5773.723324254553,-237.98027033165545
TJ Friedl,2022,2023,258,556,55.246478797028814,62.35599970300112,7.109520905972303,46.31547318836424,44.28959076668811,-2.0258824216761298,58.98253323582769,74.58592342207153,15.603390186243843,46.497404853255226,58.31991115386425,11.822506300609021,57.321451054723546,58.42981421408801,1.1083631593644654,0.6955887089132288,4.13287052339791,3.4372818144846815,101.79591550379963,116.88322892606398,15.087313422264344,0.749509043,0.819402895,0.06989385199999998,6593.30035755677,8305.584741978071,1712.2843844213012
TJ Friedl,2023,2024,556,341,62.35599970300112,56.95278137203401,-5.403218330967107,44.28959076668811,43.91642559184648,-0.37316517484162404,74.58592342207153,57.66534160960591,-16.92058181246562,58.31991115386425,37.85105726531957,-20.46885388854468,58.42981421408801,57.14286732150299,-1.2869468925850214,4.13287052339791,0.2753699124973527,-3.8575006109005576,116.88322892606398,89.87473704885883,-27.008491877205145,0.819402895,0.690205893,-0.12919700199999995,8305.584741978071,6007.669747177869,-2297.9149948002023
TJ Friedl,2024,2025,341,685,56.95278137203401,60.53420919299908,3.581427820965068,43.91642559184648,39.97061186932078,-3.945813722525706,57.66534160960591,52.70841399582907,-4.956927613776841,37.85105726531957,42.59163259677225,4.740575331452682,57.14286732150299,70.54234858467623,13.399481263173243,0.2753699124973527,2.879661786518417,2.6042918740210643,89.87473704885883,108.56034180948116,18.685604760622326,0.690205893,0.742408678,0.052202784999999974,6007.669747177869,6679.295317533262,671.6255703553934
Taylor Trammell,2021,2022,178,117,20.0,38.23126573215158,18.231265732151577,49.03304905355743,51.84741815213567,2.81436909857824,46.83451911885351,49.94930616172182,3.114787042868315,50.540486370771134,51.94008316907872,1.3995967983075843,47.90812079349439,54.42792815951498,6.519807366020586,0.0004684050223881,0.4171762247058072,0.4167078196834191,72.81174205089974,100.70849358594216,27.896751535042426,0.614656176,0.686443542,0.07178736600000002,4290.977632626606,5741.597520987296,1450.6198883606903
Taylor Walls,2021,2022,176,466,46.28337191751783,40.69058151449209,-5.592790403025745,38.77941827109685,38.20417614965789,-0.5752421214389614,49.860762153634056,63.58354030347435,13.722778149840295,51.50420107306368,38.67333321075861,-12.830867862305077,61.422997530578925,62.407784539528855,0.9847870089499295,0.4023660969383275,-0.4979078765005596,-0.9002739734388872,79.28899121791298,64.90014078821127,-14.388850429701705,0.610338345,0.552830859,-0.057507486,5850.356712676576,5418.939542646429,-431.41717003014674
Taylor Walls,2022,2023,466,349,40.69058151449209,42.637626070232216,1.9470445557401277,38.20417614965789,37.54032503438158,-0.6638511152763087,63.58354030347435,72.4859961829452,8.90245587947085,38.67333321075861,44.20686956742173,5.53353635666312,62.407784539528855,63.29633802580342,0.8885534862745672,-0.4979078765005596,0.7504785753434311,1.2483864518439907,64.90014078821127,83.68284236364164,18.782701575430366,0.552830859,0.637931034,0.085100175,5418.939542646429,6192.85002760783,773.9104849614014
Taylor Walls,2023,2024,349,252,42.637626070232216,41.38664534555173,-1.2509807246804883,37.54032503438158,32.04916664361447,-5.4911583907671115,72.4859961829452,62.83608444534529,-9.649911737599908,44.20686956742173,47.9108149757172,3.703945408295475,63.29633802580342,60.92916833021715,-2.36716969558627,0.7504785753434311,-0.1651047027247429,-0.915583278068174,83.68284236364164,60.31184235627667,-23.37100000736497,0.637931034,0.529452453,-0.10847858099999996,6192.85002760783,5607.238838607947,-585.6111889998829
Taylor Walls,2024,2025,252,317,41.38664534555173,50.64057375358528,9.253928408033552,32.04916664361447,34.96144779871819,2.91228115510372,62.83608444534529,53.5689314639749,-9.267152981370394,47.9108149757172,53.32872835815366,5.41791338243646,60.92916833021715,55.2232348338742,-5.705933496342951,-0.1651047027247429,0.2587923695679024,0.4238970722926453,60.31184235627667,66.15115577384425,5.839313417567581,0.529452453,0.599403713,0.06995125999999996,5607.238838607947,5821.226419318992,213.98758071104476
Taylor Ward,2021,2022,237,564,51.52925398723332,60.92564637103452,9.3963923838012,52.50589924308871,60.60150275004311,8.095603506954397,47.616156454366376,43.25339155542421,-4.362764898942167,48.2096614864828,51.456365471766006,3.2467039852832045,50.46890007361179,64.15708291314861,13.688182839536822,0.8895238477547575,3.723507519048803,2.8339836712940456,109.82074275450422,136.44091182771547,26.620169073211244,0.769414893,0.83265635,0.06324145700000006,5960.742471080258,7489.175676435235,1528.433205354977
Taylor Ward,2022,2023,564,409,60.92564637103452,57.62587971410295,-3.299766656931567,60.60150275004311,53.404919438833495,-7.196583311209615,43.25339155542421,45.37811292470061,2.1247213692764007,51.456365471766006,51.79694186569149,0.3405763939254811,64.15708291314861,56.879953676213326,-7.277129236935288,3.723507519048803,1.4211236080762983,-2.302383910972505,136.44091182771547,107.8348703089687,-28.606041518746764,0.83265635,0.756311639,-0.07634471100000007,7489.175676435235,6693.218312557617,-795.9573638776183
Taylor Ward,2023,2024,409,663,57.62587971410295,51.28741931155708,-6.33846040254587,53.404919438833495,56.81849773159313,3.413578292759638,45.37811292470061,43.26932676160254,-2.108786163098067,51.79694186569149,57.62444757933642,5.827505713644932,56.879953676213326,60.005682623888845,3.125728947675519,1.4211236080762983,2.822158861313744,1.4010352532374455,107.8348703089687,111.67056100911094,3.835690700142237,0.756311639,0.748416288,-0.00789535099999994,6693.218312557617,6848.212850963329,154.99453840571277
Taylor Ward,2024,2025,663,663,51.28741931155708,48.991003473943984,-2.2964158376130968,56.81849773159313,61.19132542691168,4.3728276953185485,43.26932676160254,46.171016893228725,2.9016901316261823,57.62444757933642,47.52829865736573,-10.096148921970688,60.005682623888845,65.40491854375182,5.399235919862974,2.822158861313744,2.9254475427018853,0.10328868138814151,111.67056100911094,116.71884497982768,5.048283970716739,0.748416288,0.791698903,0.04328261499999997,6848.212850963329,6814.489764939221,-33.72308602410885
Teoscar Hernández,2021,2022,595,535,51.77075381526264,46.08341173889886,-5.687342076363777,66.89878145600088,70.32536049341154,3.4265790374106615,54.21190084713437,49.75912103270467,-4.452779814429704,49.11555294197727,46.27752521175936,-2.8380277302179095,40.27556067414972,45.09185790234595,4.816297228196227,4.0315176486818665,3.050495731513924,-0.9810219171679426,131.83245288722355,129.5304620266591,-2.3019908605644446,0.86985485,0.806869813,-0.06298503699999991,6569.903411190202,6280.594578728439,-289.3088324617629
Teoscar Hernández,2022,2023,535,678,46.08341173889886,39.86498018874801,-6.218431550150854,70.32536049341154,60.54839885623258,-9.776961637178957,49.75912103270467,34.8753128655133,-14.883808167191368,46.27752521175936,50.63343421414471,4.355909002385346,45.09185790234595,36.34545808437867,-8.74639981796728,3.050495731513924,1.898837029420796,-1.151658702093128,129.5304620266591,106.9618166417966,-22.568645384862506,0.806869813,0.740509734,-0.06636007900000007,6280.594578728439,4555.783384647248,-1724.8111940811914
Teoscar Hernández,2023,2024,678,652,39.86498018874801,44.21630594621481,4.351325757466803,60.54839885623258,67.97504425627676,7.42664540004418,34.8753128655133,52.653761402225626,17.778448536712325,50.63343421414471,32.292712678451736,-18.34072153569297,36.34545808437867,45.91720407299064,9.571745988611973,1.898837029420796,3.413873252118856,1.5150362226980603,106.9618166417966,132.08620411701298,25.12438747521638,0.740509734,0.840326622,0.09981688799999999,4555.783384647248,5610.358533650991,1054.5751490037437
Teoscar Hernández,2024,2025,652,546,44.21630594621481,44.95263231884803,0.7363263726332221,67.97504425627676,59.44609699502577,-8.528947261250991,52.653761402225626,47.0824483905771,-5.571313011648527,32.292712678451736,35.02831590627778,2.735603227826047,45.91720407299064,40.712505101223286,-5.204698971767357,3.413873252118856,0.6358660331450471,-2.778007218973809,132.08620411701298,101.8118617921333,-30.274342324879683,0.840326622,0.73841541,-0.10191121199999997,5610.358533650991,4934.35224494018,-676.0062887108115
Thairo Estrada,2021,2022,132,541,57.06770843177826,59.38323674631403,2.3155283145357757,48.980716290631335,45.33584222185811,-3.644874068773227,52.44170003091567,61.13557627265666,8.693876241740988,55.66196094823346,52.66888558832628,-2.9930753599071735,49.76025936144563,46.10800576164014,-3.6522535998054835,1.1665249982215142,2.7732564877694474,1.6067314895479332,119.45914841965951,106.30215205268094,-13.156996366978575,0.812672175,0.721812385,-0.09085979,6606.18821678999,6586.192136440308,-19.996080349682416
Thairo Estrada,2022,2023,541,530,59.38323674631403,55.22230267803796,-4.16093406827607,45.33584222185811,44.60333092637945,-0.732511295478659,61.13557627265666,62.03802220215098,0.9024459294943199,52.66888558832628,75.33607402194116,22.667188433614875,46.10800576164014,36.09987118028536,-10.008134581354781,2.7732564877694474,3.4792386200753755,0.7059821323059281,106.30215205268094,99.66712844612022,-6.635023606560722,0.721812385,0.731255955,0.009443569999999957,6586.192136440308,6950.816848854296,364.62471241398816
Thairo Estrada,2023,2024,530,381,55.22230267803796,50.71877634949861,-4.503526328539351,44.60333092637945,41.99702838243818,-2.6063025439412684,62.03802220215098,50.7355878589273,-11.302434343223673,75.33607402194116,62.23123978240028,-13.104834239540878,36.09987118028536,34.2442734668134,-1.8555977134719654,3.4792386200753755,0.3982401825933841,-3.080998437481991,99.66712844612022,64.27305540880529,-35.394073037314925,0.731255955,0.590125753,-0.14113020199999993,6950.816848854296,5366.817431511301,-1583.999417342995
Thairo Estrada,2024,2025,381,165,50.71877634949861,53.12724858243863,2.4084722329400208,41.99702838243818,41.86863244338812,-0.12839593905005842,50.7355878589273,42.23200010443266,-8.503587754494646,62.23123978240028,49.28674189456474,-12.944497887835539,34.2442734668134,37.9138392004228,3.669565733609403,0.3982401825933841,-0.2575595947029673,-0.6557997772963514,64.27305540880529,66.22339377069945,1.950338361894154,0.590125753,0.654978354,0.06485260100000001,5366.817431511301,4734.809467938192,-632.007963573109
Tim Anderson,2021,2022,551,351,57.49382170038858,63.69797698403632,6.204155283647744,53.79373176568416,47.30501487130703,-6.488716894377127,70.60870485011014,68.88225601262702,-1.7264488374831188,58.46275940721294,50.79100881151725,-7.671750595695691,30.102592685785098,32.94697319429322,2.8443805085081237,4.290067433804609,2.241677679235932,-2.0483897545686767,118.40024070724031,110.06163763868189,-8.338603068558427,0.80625876,0.733609652,-0.07264910800000002,6899.765902812509,6439.781857832194,-459.98404498031505
Tim Anderson,2022,2023,351,524,63.69797698403632,50.31158706708098,-13.386389916955345,47.30501487130703,37.14737320972287,-10.157641661584158,68.88225601262702,57.11219857202782,-11.770057440599203,50.79100881151725,51.461185508710415,0.6701766971931633,32.94697319429322,36.627556746610935,3.6805835523177137,2.241677679235932,-0.1668651827240824,-2.4085428619600147,110.06163763868189,60.66554413666837,-49.396093502013514,0.733609652,0.582405585,-0.151204067,6439.781857832194,5067.82871479908,-1371.9531430331135
Tim Anderson,2023,2024,524,241,50.31158706708098,39.19086775513256,-11.12071931194842,37.14737320972287,33.11258419924604,-4.034789010476835,57.11219857202782,43.4311089049047,-13.681089667123125,51.461185508710415,48.637895140074114,-2.8232903686363002,36.627556746610935,32.50896767681448,-4.118589069796457,-0.1668651827240824,-1.4091248690144875,-1.2422596862904052,60.66554413666837,27.79163833829822,-32.87390579837015,0.582405585,0.463010248,-0.11939533699999993,5067.82871479908,3663.206873282188,-1404.6218415168923
Tommy Edman,2021,2022,691,630,66.83637959716884,60.55732378543503,-6.279055811733812,44.03213174086192,50.38955503722045,6.357423296358526,80.0,80.0,0.0,68.44760097278449,77.71573404445337,9.268133071668885,46.84995499599427,50.06452324993255,3.214568253938282,2.997013718286432,5.35916542876651,2.362151710480078,88.69241256128448,105.9082942990953,17.215881737810818,0.694587782,0.724670944,0.03008316199999994,8692.35949166899,9616.348537647538,923.9890459785474
Tommy Edman,2022,2023,630,528,60.55732378543503,62.44710111726087,1.8897773318258402,50.38955503722045,48.12297826376616,-2.2665767734542897,80.0,62.96233529027121,-17.037664709728787,77.71573404445337,63.71412606125678,-14.001607983196592,50.06452324993255,50.36350847421519,0.29898522428263874,5.35916542876651,2.484217683139037,-2.8749477456274732,105.9082942990953,92.23004073979826,-13.678253559297048,0.724670944,0.705414056,-0.019256888000000028,9616.348537647538,7798.942941630818,-1817.4055960167207
Tommy Edman,2023,2024,528,153,62.44710111726087,50.47527667940895,-11.971824437851922,48.12297826376616,46.240012696532446,-1.8829655672337111,62.96233529027121,61.77555389999381,-1.1867813902774031,63.71412606125678,52.811013962124136,-10.903112099132642,50.36350847421519,51.49458277968473,1.1310743054695394,2.484217683139037,0.8209808763187837,-1.6632368068202532,92.23004073979826,96.54473107452908,4.314690334730827,0.705414056,0.711383834,0.005969778000000092,7798.942941630818,6548.782065918853,-1250.1608757119648
Tommy Edman,2024,2025,153,377,50.47527667940895,59.56224658797159,9.086969908562644,46.240012696532446,46.84619423054656,0.6061815340141123,61.77555389999381,49.77984712494429,-11.99570677504952,52.811013962124136,62.9931320432776,10.182118081153462,51.49458277968473,45.06701866564112,-6.427564114043605,0.8209808763187837,1.19600971354407,0.37502883722528624,96.54473107452908,80.7094917400987,-15.835239334430383,0.711383834,0.65543906,-0.055944774000000086,6548.782065918853,6553.376175268081,4.594109349228347
Tommy La Stella,2021,2022,242,195,67.78574513020605,58.50127324514348,-9.284471885062572,44.98055060641897,41.4827188407754,-3.497831765643575,43.93560328786294,42.77014541927348,-1.1654578685894563,50.71039623593166,41.42504808359249,-9.285348152339168,61.070235290759925,52.73740717409044,-8.332828116669482,0.6254345261984668,-0.7211732791070069,-1.3466078053054737,94.16764293763956,78.45003383069165,-15.717609106947904,0.712878787,0.632051282,-0.08082750499999991,6890.341145019703,5346.185508977931,-1544.1556360417717
Tommy Pham,2021,2022,561,622,52.827721889007705,49.474948926986606,-3.352772962021099,54.26327769162875,56.36888640058072,2.1056087089519693,54.81835480923687,56.3658456172505,1.5474908080136274,35.828534819467336,46.070145742221285,10.24161092275395,71.46040549396236,58.566605571698425,-12.89379992226393,1.045698715614058,0.644294043215544,-0.4014046723985141,102.81824303429406,89.54974057606378,-13.268502458230273,0.723621352,0.685543315,-0.03807803700000001,6724.3035528587625,6732.844030959324,8.540478100561813
Tommy Pham,2022,2023,622,481,49.474948926986606,56.88794056405642,7.4129916370698155,56.36888640058072,61.0444025041168,4.675516103536083,56.3658456172505,65.1649360863008,8.799090469050299,46.070145742221285,49.744738808208986,3.6745930659877004,58.566605571698425,61.129973657847565,2.56336808614914,0.644294043215544,1.9306352709071648,1.2863412276916208,89.54974057606378,109.28151626679332,19.731775690729535,0.685543315,0.774491717,0.08894840199999998,6732.844030959324,8184.179202280423,1451.3351713210986
Tommy Pham,2023,2024,481,478,56.88794056405642,55.63317750079775,-1.2547630632586717,61.0444025041168,50.66281755637765,-10.381584947739157,65.1649360863008,42.940654800750096,-22.224281285550703,49.744738808208986,39.416947686317,-10.327791121891984,61.129973657847565,58.50826040683215,-2.6217132510154144,1.9306352709071648,-0.0555433157951555,-1.9861785867023203,109.28151626679332,91.57660423101689,-17.70491203577643,0.774491717,0.673621148,-0.10087056900000002,8184.179202280423,5824.191692025032,-2359.9875102553906
Tommy Pham,2024,2025,478,449,55.63317750079775,54.35019464485062,-1.2829828559471324,50.66281755637765,51.4395747985628,0.7767572421851554,42.940654800750096,39.92104563628644,-3.0196091644636525,39.416947686317,46.05020221526558,6.6332545289485765,58.50826040683215,63.259841864644194,4.751581457812044,-0.0555433157951555,0.2097323005582912,0.2652756163534467,91.57660423101689,94.41714273948875,2.840538508471866,0.673621148,0.699519339,0.025898191000000015,5824.191692025032,6200.392970824618,376.20127879958545
Tomás Nido,2021,2022,161,313,35.10470142527824,40.49675667299051,5.392055247712264,44.16513487724033,40.49568467125975,-3.6694502059805743,46.12101083497394,28.602639937938147,-17.51837089703579,66.59457597156357,75.08572528908562,8.491149317522044,24.3649199387025,31.637186533651573,7.272266594949073,0.6981138164023802,1.3652065639971656,0.6670927475947853,60.69533653943044,71.81312719050523,11.117790651074785,0.58766695,0.599691169,0.012024218999999947,4344.734522262999,4090.770778351976,-253.96374391102336
Tony Kemp,2021,2022,397,558,66.32678516917505,62.21611467731601,-4.110670491859047,34.67606217532425,30.29491851301603,-4.381143662308219,60.899178608343504,64.26702271332306,3.3678441049795538,51.70683697656232,50.92524834822959,-0.7815886283327345,71.97138948216798,54.09750930859957,-17.87388017356841,2.9694925244069554,1.3723984448279656,-1.5970940795789899,128.33467615833194,89.59057391960683,-38.74410223872512,0.799861207,0.641418128,-0.158443079,7634.91200725085,6288.992636820818,-1345.9193704300324
Tony Kemp,2022,2023,558,419,62.21611467731601,61.25610146440478,-0.9600132129112282,30.29491851301603,30.720925102154013,0.42600658913798384,64.26702271332306,51.055261606809545,-13.211761106513514,50.92524834822959,47.26443101940823,-3.6608173288213592,54.09750930859957,66.79317609177399,12.695666783174417,1.3723984448279656,-0.0959357993279621,-1.4683342441559277,89.59057391960683,75.70190601884653,-13.888667900760296,0.641418128,0.607019227,-0.03439890099999998,6288.992636820818,6235.049437314677,-53.943199506141355
Travis Jankowski,2023,2024,287,207,65.66182703890149,48.94365046259095,-16.71817657631054,33.398601494173406,31.38698892736521,-2.0116125668081963,58.70663298114845,60.08442453742026,1.3777915562718093,53.21111799421497,56.4002319266568,3.1891139324418276,71.54891147410486,51.39478335174734,-20.154128122357513,1.209340092036836,-0.2464255597695677,-1.4557656518064037,98.8432268568023,49.9206474649965,-48.922579391805805,0.688627161,0.507805746,-0.18082141500000004,7505.171211229725,5813.316062577157,-1691.8551486525676
Travis d'Arnaud,2021,2022,229,426,49.989550400980704,51.88378368091689,1.8942332799361878,51.35300777570004,57.34044434846084,5.987436572760799,44.56312582331522,40.45730531675178,-4.10582050656344,60.6711546041354,69.37809266555968,8.706938061424275,45.47467668985275,37.72556873967275,-7.749107950179997,0.9327135442804512,3.9504000202087073,3.0176864759282562,78.61965969388764,120.77341424100176,42.15375454711412,0.671402602,0.791471048,0.120068446,5987.623761438588,6027.987839889192,40.36407845060421
Travis d'Arnaud,2022,2023,426,292,51.88378368091689,46.09909416258558,-5.784689518331312,57.34044434846084,53.46510153787368,-3.8753428105871635,40.45730531675178,42.053170718693416,1.5958654019416372,69.37809266555968,54.277748457309286,-15.100344208250391,37.72556873967275,45.28501788933335,7.559449149660601,3.9504000202087073,0.7113533584277638,-3.2390466617809435,120.77341424100176,84.02070832247699,-36.75270591852477,0.791471048,0.684674977,-0.10679607099999999,6027.987839889192,5488.1611827996985,-539.8266570894939
Travis d'Arnaud,2023,2024,292,341,46.09909416258558,43.16498909190344,-2.9341050706821363,53.46510153787368,56.9610127751756,3.495911237301918,42.053170718693416,43.52767123652329,1.474500517829874,54.277748457309286,55.38824597184229,1.1104975145330016,45.28501788933335,45.60012992276948,0.3151120334361295,0.7113533584277638,1.847528198699027,1.1361748402712633,84.02070832247699,103.49503243261591,19.474324110138923,0.684674977,0.738534869,0.053859891999999965,5488.1611827996985,5631.711317687745,143.55013488804616
Travis d'Arnaud,2024,2025,341,231,43.16498909190344,33.43626792024756,-9.728721171655884,56.9610127751756,45.8479996832875,-11.1130130918881,43.52767123652329,41.40550962317006,-2.122161613353228,55.38824597184229,47.45585533578546,-7.93239063605683,45.60012992276948,39.76011600709596,-5.840013915673524,1.847528198699027,-0.3083244706427296,-2.1558526693417566,103.49503243261591,64.29827203827708,-39.19676039433884,0.738534869,0.598134259,-0.14040061000000004,5631.711317687745,4095.5155944135176,-1536.195723274227
Trayce Thompson,2022,2023,255,179,41.35870018221363,23.737251227548956,-17.621448954664675,68.43196647271333,51.46312114857493,-16.9688453241384,57.330056519231455,49.5220880130244,-7.807968506207054,52.49122959542184,48.12279766874097,-4.36843192668087,58.51338125518977,59.19240939331784,0.6790281381280678,2.3303839280751,-0.3268993218453018,-2.657283249920402,142.27486904760016,64.37873205938239,-77.89613698821778,0.859790491,0.579033848,-0.28075664300000003,7253.835287425129,4948.758436385494,-2305.0768510396347
Trea Turner,2021,2022,646,708,68.04707964607431,59.64197809970718,-8.405101546367128,58.84267122372089,55.78904457038431,-3.053626653336579,80.0,79.02453004066723,-0.97546995933277,57.5029762211925,54.27889824468608,-3.2240779765064147,46.36258525101167,43.81124661450834,-2.5513386365033313,7.122860411721812,6.321508694135254,-0.8013517175865585,142.50758213473318,128.0095265665505,-14.498055568182679,0.910747456,0.809033871,-0.10171358499999994,9098.06765203448,8091.803796549671,-1006.2638554848099
Trea Turner,2022,2023,708,691,59.64197809970718,50.17870552990862,-9.463272569798562,55.78904457038431,54.91987178087335,-0.8691727895109622,79.02453004066723,80.0,0.97546995933277,54.27889824468608,48.30151455748408,-5.977383687202,43.81124661450834,39.595940241655725,-4.215306372852616,6.321508694135254,4.1382902027630895,-2.1832184913721644,128.0095265665505,107.01423300263744,-20.995293563913066,0.809033871,0.778355289,-0.030678582000000065,8091.803796549671,7091.522427860198,-1000.2813686894724
Trea Turner,2023,2024,691,539,50.17870552990862,57.37046129518619,7.19175576527757,54.91987178087335,54.25388788986832,-0.665983891005034,80.0,61.20005142965276,-18.79994857034724,48.30151455748408,49.27995629691389,0.9784417394298046,39.595940241655725,37.57898797004664,-2.0169522716090853,4.1382902027630895,3.870461179769274,-0.2678290229938156,107.01423300263744,122.75492973144708,15.740696728809638,0.778355289,0.806969267,0.028613978000000095,7091.522427860198,6399.023005169043,-692.4994226911549
Trea Turner,2024,2025,539,639,57.37046129518619,61.41429834709867,4.043837051912483,54.25388788986832,51.3110079730054,-2.942879916862914,61.20005142965276,75.30722175151837,14.10717032186561,49.27995629691389,74.46887423320811,25.188917936294224,37.57898797004664,44.55726205432825,6.978274084281608,3.870461179769274,6.666986850123993,2.796525670354719,122.75492973144708,124.8082278067238,2.0532980752767287,0.806969267,0.811948847,0.0049795799999999835,6399.023005169043,8881.890729024139,2482.8677238550954
Trent Grisham,2021,2022,527,524,54.11509354307504,41.26093405618843,-12.854159486886608,47.72934184770657,49.855390088435776,2.1260482407292045,61.98184679261028,62.58174816280608,0.599901370195802,52.32383466671335,61.18102981269958,8.857195145986225,62.9438461064281,64.94413400361891,2.000287897190816,2.5500337116423446,1.7232780757901318,-0.8267556358522128,104.2208321485086,82.61711825811967,-21.60371389038893,0.74041611,0.625796102,-0.11462000799999994,7363.0957045824,7446.26744454658,83.17173996418023
Trent Grisham,2022,2023,524,555,41.26093405618843,41.29363229817284,0.03269824198440574,49.855390088435776,51.45527052303977,1.599880434603996,62.58174816280608,59.61976267817517,-2.961985484630908,61.18102981269958,54.32139293379165,-6.859636878907928,64.94413400361891,65.07151623655362,0.12738223293470696,1.7232780757901318,1.630925639073117,-0.09235243671701476,82.61711825811967,89.28641433986118,6.669296081741507,0.625796102,0.66635782,0.04056171799999997,7446.26744454658,6967.900948806091,-478.366495740489
Trent Grisham,2023,2024,555,209,41.29363229817284,44.99217615585128,3.6985438576784446,51.45527052303977,54.92578375720452,3.4705132341647484,59.61976267817517,40.01420290167525,-19.605559776499923,54.32139293379165,52.22281986128595,-2.098573072505701,65.07151623655362,65.63691891213396,0.5654026755803443,1.630925639073117,0.5182071496375389,-1.1127184894355782,89.28641433986118,92.83483050009184,3.5484161602306585,0.66635782,0.675329932,0.008972112000000032,6967.900948806091,6248.246019614752,-719.6549291913389
Trent Grisham,2024,2025,209,581,44.99217615585128,53.48309655308707,8.49092039723579,54.92578375720452,62.00740546866249,7.08162171145797,40.01420290167525,40.752186702024666,0.7379838003494186,52.22281986128595,38.14770688898452,-14.075112972301426,65.63691891213396,72.04558809437475,6.408669182240786,0.5182071496375389,3.15870260854247,2.6404954589049314,92.83483050009184,129.02449082001655,36.18966031992471,0.675329932,0.811239172,0.13590923999999993,6248.246019614752,6657.1497722298245,408.90375261507234
Trevor Larnach,2021,2022,301,180,32.800812248746965,37.987993682518606,5.1871814337716415,52.19590584140519,56.26735989191137,4.071454050506176,39.13623093438494,46.87466771044544,7.738436776060503,48.30906362761541,54.78900430849122,6.4799406808758135,53.69306973609388,56.63242587987413,2.9393561437802447,0.1817837178944666,0.7642650197251011,0.5824813018306345,90.74294024640552,101.3062830262141,10.563342779808579,0.672259136,0.711805555,0.039546419,4755.516553060388,5990.420032607117,1234.9034795467287
Trevor Larnach,2022,2023,180,212,37.987993682518606,35.522046130544766,-2.4659475519738407,56.26735989191137,57.63758378117397,1.3702238892626042,46.87466771044544,51.26041876050728,4.385751050061835,54.78900430849122,45.01168837414088,-9.77731593435034,56.63242587987413,59.34435977767391,2.7119338977997813,0.7642650197251011,0.2075990507949289,-0.5566659689301722,101.3062830262141,97.23493926507696,-4.071343761137143,0.711805555,0.7266213,0.014815745000000047,5990.420032607117,5748.410271949599,-242.0097606575182
Trevor Larnach,2023,2024,212,400,35.522046130544766,51.52769898361469,16.005652853069925,57.63758378117397,59.281268312580266,1.6436845314062936,51.26041876050728,42.73849058874983,-8.521928171757445,45.01168837414088,47.461851531784816,2.450163157643935,59.34435977767391,57.83049287492899,-1.5138669027449154,0.2075990507949289,1.4406818506576566,1.2330827998627276,97.23493926507696,119.47149246152104,22.236553196444078,0.7266213,0.771302816,0.04468151599999992,5748.410271949599,6344.156432865699,595.7461609161
Trevor Larnach,2024,2025,400,567,51.52769898361469,49.556120601011415,-1.9715783826032762,59.281268312580266,53.75884444364743,-5.522423868932833,42.73849058874983,40.33247826291751,-2.4060123258323216,47.461851531784816,33.15905601486192,-14.302795516922899,57.83049287492899,54.898965143438765,-2.9315277314902275,1.4406818506576566,0.218033942623498,-1.2226479080341586,119.47149246152104,101.85669871858448,-17.614793742936556,0.771302816,0.726900082,-0.044402733999999944,6344.156432865699,5093.227060605638,-1250.9293722600605
Trevor Story,2021,2022,595,396,48.93281788987819,42.31134600056269,-6.621471889315494,56.85151307541257,58.09781740653861,1.2463043311260407,69.50129173843096,66.19487389886814,-3.306417839562826,46.06281264582957,64.47402842886066,18.411215783031096,46.7225631995754,45.46236850480908,-1.2601946947663194,2.1691423973258543,2.54590978789102,0.3767673905651656,97.97500933240296,100.04720368501422,2.0721943526112625,0.800894653,0.737203972,-0.06369068099999997,6834.778431483746,7335.756064466112,500.9776329823653
Trevor Story,2022,2023,396,168,42.31134600056269,37.29650913682075,-5.014836863741941,58.09781740653861,46.56536852317357,-11.532448883365042,66.19487389886814,53.408172846532686,-12.786701052335452,64.47402842886066,61.56222618865789,-2.911802240202775,45.46236850480908,42.15166233901472,-3.3107061657943575,2.54590978789102,0.3417864263245893,-2.2041233615664306,100.04720368501422,49.34877119873296,-50.69843248628126,0.737203972,0.566455696,-0.17074827599999998,7335.756064466112,5553.54378023211,-1782.2122842340013
Trevor Story,2023,2024,168,106,37.29650913682075,40.499307722523184,3.202798585702432,46.56536852317357,42.034414557376536,-4.530953965797032,53.408172846532686,46.98346867487401,-6.424704171658675,61.56222618865789,54.09161628193943,-7.470609906718458,42.15166233901472,46.208107483843,4.056445144828281,0.3417864263245893,0.6632098756718973,0.321423449347308,49.34877119873296,103.10552179880824,53.75675060007528,0.566455696,0.733239662,0.166783966,5553.54378023211,5035.638175180346,-517.9056050517647
Trevor Story,2024,2025,106,654,40.499307722523184,46.87834331426133,6.379035591738145,42.034414557376536,57.06730521116917,15.032890653792634,46.98346867487401,77.17853378710974,30.19506511223573,54.09161628193943,40.647356558351326,-13.444259723588104,46.208107483843,35.40697129856851,-10.801136185274494,0.6632098756718973,3.025020917582097,2.3618110419101996,103.10552179880824,100.99665332453417,-2.1088684742740753,0.733239662,0.740816642,0.007576979999999955,5035.638175180346,6331.998757020092,1296.3605818397464
Trey Mancini,2021,2022,616,587,51.15628520727833,49.51810695984575,-1.6381782474325775,55.21074491174566,53.75609489538952,-1.4546500163561333,36.55747939289016,37.40769448218696,0.8502150892968032,40.94136889906108,45.054821632560255,4.113452733499173,47.79489379078904,51.32592926794085,3.5310354771518107,0.9500512355279996,0.9794518965481324,0.029400661020132723,104.6430009446205,104.851886101843,0.2088851572224968,0.757953377,0.709705795,-0.04824758200000001,5107.769390672963,5331.733189689483,223.96379901652017
Trey Mancini,2022,2023,587,263,49.51810695984575,40.117028999935,-9.40107795991075,53.75609489538952,43.4431009077963,-10.312993987593224,37.40769448218696,39.74050789246792,2.3328134102809557,45.054821632560255,45.22860929185514,0.17378765929488793,51.32592926794085,46.05678562647375,-5.269143641467103,0.9794518965481324,-0.7866303949084377,-1.76608229145657,104.851886101843,74.5555131301806,-30.296372971662393,0.709705795,0.635020786,-0.07468500899999997,5331.733189689483,4373.629643050498,-958.1035466389849
Trey Sweeney,2024,2025,119,326,38.83785276317329,37.77213217731701,-1.0657205858562762,51.79944943796447,42.14534105809284,-9.65410837987163,49.71986315032926,49.83415036669835,0.11428721636909245,54.46753754089169,44.568662626772806,-9.898874914118885,43.56547452545354,45.73290855263182,2.167434027178281,0.4139307258487567,-0.8991078558030574,-1.313038581651814,80.22372817893127,52.72521883682253,-27.49850934210874,0.641634835,0.548209251,-0.093425584,5402.121342533652,4602.600981491647,-799.5203610420049
Triston Casas,2023,2024,502,243,51.1027491419537,40.06428119465351,-11.038467947300191,63.10285657083726,62.83216136994282,-0.2706952008944441,36.41914685516322,37.96986019636509,1.5507133412018703,33.57722890491678,46.14794517203294,12.570716267116161,63.87255156243134,58.01134695864313,-5.8612046037882095,1.772489756871991,0.6472727535200633,-1.1252170033519278,131.2870899806706,120.37517154324487,-10.911918437425726,0.856044353,0.799712709,-0.056331644000000014,5779.790117187044,5543.029458360509,-236.7606588265353
Triston Casas,2024,2025,243,112,40.06428119465351,41.091171259355086,1.0268900647015755,62.83216136994282,48.06602061965387,-14.766140750288947,37.96986019636509,42.27392996258689,4.304069766221801,46.14794517203294,46.30500323471559,0.1570580626826512,58.01134695864313,52.32856505125485,-5.682781907388282,0.6472727535200633,-0.6135493725377099,-1.2608221260577732,120.37517154324487,56.476249147687,-63.898922395557875,0.799712709,0.579816017,-0.21989669200000006,5543.029458360509,5011.040481189453,-531.9889771710559
Tucker Barnhart,2021,2022,388,308,45.88397350903926,48.72135468138383,2.837381172344571,39.79743442410093,31.32400215414768,-8.473432269953246,43.69523794988881,40.10641637591706,-3.5888215739717566,66.00883594569531,55.93908614037925,-10.069749805316057,45.11456605073483,52.067763494224,6.953197443489174,1.5480111657054805,0.2597448006273298,-1.2882663650781507,81.23136447809819,62.55150921505077,-18.679855263047415,0.6848264,0.553548865,-0.13127753499999995,5467.286348931281,4981.345221355463,-485.9411275758184
Tucker Barnhart,2022,2023,308,123,48.72135468138383,40.00793675551977,-8.713417925864057,31.32400215414768,33.95762842486616,2.6336262707184765,40.10641637591706,43.78583504081825,3.679418664901192,55.93908614037925,58.17491849571204,2.2358323553327892,52.067763494224,50.517898200015495,-1.5498652942085087,0.2597448006273298,0.1986136322492064,-0.06113116837812341,62.55150921505077,54.33905611832783,-8.212453096722939,0.553548865,0.541433578,-0.012115286999999975,4981.345221355463,4922.985533699489,-58.359687655974085
Tucupita Marcano,2022,2023,177,220,45.85180892816995,58.53860625829521,12.686797330125259,33.3921929625768,41.11072155233694,7.71852858976014,54.63758435170611,51.6376381227995,-2.999946228906609,53.82242845699481,44.36020948559944,-9.462218971395366,49.03346043494387,42.7593954526674,-6.274064982276471,-0.1716650833284519,-0.3338111500178127,-0.1621460666893608,54.9925190688062,67.79750471354956,12.804985644743354,0.562063953,0.632933338,0.07086938499999995,5318.147054325847,5335.413980770942,17.266926445094214
Ty France,2021,2022,650,613,64.50490197334149,62.78080903107356,-1.72409294226793,49.91146749761388,51.15783329408318,1.2463657964693056,40.65954349740986,41.31381578945915,0.654272292049292,37.76854376407359,40.02922501851282,2.260681254439227,45.54665666709143,43.08725860159332,-2.459398065498114,3.204152697033768,2.6355258687990326,-0.5686268282347355,129.1675693760138,127.01988630654276,-2.147683069471043,0.812525932,0.773806981,-0.038718951,5441.363848082774,5425.215358633956,-16.1484894488176
Ty France,2022,2023,613,665,62.78080903107356,57.14820262240739,-5.63260640866617,51.15783329408318,45.44644827711004,-5.711385016973139,41.31381578945915,28.54141557457217,-12.772400214886979,40.02922501851282,44.7248198295467,4.695594811033885,43.08725860159332,40.77358502002674,-2.313673581566583,2.6355258687990326,1.2661086860214497,-1.369417182777583,127.01988630654276,105.79725192721038,-21.222634379332376,0.773806981,0.70311127,-0.07069571100000005,5425.215358633956,4434.075993302709,-991.1393653312471
Ty France,2023,2024,665,535,57.14820262240739,50.15986769574448,-6.988334926662908,45.44644827711004,48.69559035545691,3.249142078346864,28.54141557457217,34.76241585957285,6.221000285000677,44.7248198295467,30.454946677867927,-14.269873151678777,40.77358502002674,46.08479600519844,5.311210985171705,1.2661086860214497,-0.7787234206847308,-2.0448321067061803,105.79725192721038,93.48423386119002,-12.313018066020362,0.70311127,0.670017364,-0.03309390599999995,4434.075993302709,4236.550454922883,-197.52553837982668
Ty France,2024,2025,535,490,50.15986769574448,57.73257050569335,7.572702809948872,48.69559035545691,46.6709949639468,-2.024595391510111,34.76241585957285,41.48821718466008,6.725801325087232,30.454946677867927,58.916691852736605,28.46174517486868,46.08479600519844,39.64789012039301,-6.436905884805434,-0.7787234206847308,0.8866758005476509,1.6653992212323816,93.48423386119002,92.00466011942656,-1.4795737417634598,0.670017364,0.680768523,0.01075115900000001,4236.550454922883,5563.670409125414,1327.1199542025315
Tyler Fitzgerald,2024,2025,341,243,43.83140119559108,36.580835305179605,-7.2505658904114725,52.31361649960173,36.75803322194108,-15.555583277660645,62.28870857685924,52.19726660599246,-10.091441970866782,49.05545252226997,50.50785927890184,1.4524067566318735,47.51407905985201,42.77618898357783,-4.7378900762741765,2.9945428196230592,0.1097580988194048,-2.8847847208036543,131.84984683581993,72.0704018792264,-59.77944495659354,0.831126136,0.605669952,-0.225456184,6191.644608250832,4576.960946336006,-1614.6836619148262
Tyler Freeman,2023,2024,168,383,59.446090811677806,57.98737695424353,-1.458713857434276,43.03917620345527,41.59347579796346,-1.445700405491813,56.65641168910567,52.06157128239006,-4.594840406715605,47.72562328171925,45.81140816931054,-1.9142151124087121,47.18225836153276,53.23278668348112,6.050528321948363,0.191131842409081,0.3671258903723121,0.1759940479632311,82.91500462624862,84.21789042984936,1.302885803600745,0.661193793,0.626475278,-0.034718515000000005,6066.562275314625,5938.316401503843,-128.24587381078254
Tyler Freeman,2024,2025,383,428,57.98737695424353,70.3194317636899,12.332054809446376,41.59347579796346,41.83590891184949,0.24243311388602962,52.06157128239006,46.95674632978337,-5.104824952606691,45.81140816931054,30.53926358284837,-15.272144586462169,53.23278668348112,56.80315186204862,3.5703651785674992,0.3671258903723121,-0.7554944155995347,-1.1226203059718467,84.21789042984936,90.78101645968604,6.563126029836681,0.626475278,0.715202798,0.08872751999999995,5938.316401503843,5739.374876034105,-198.94152546973783
Tyler Naquin,2021,2022,454,334,54.51693468263865,43.719408520346754,-10.797526162291895,58.234877841325975,56.98018923421481,-1.254688607111163,48.40352912455864,58.68077148487289,10.277242360314254,36.70078124681668,45.75398552040027,9.053204273583589,37.43099889849959,35.29978219364877,-2.1312167048508215,1.438994263240691,0.4721345979470908,-0.9668596652936001,110.11266060614552,92.27364306345848,-17.839017542687046,0.809484762,0.704862927,-0.104621835,5318.487881835562,5553.243785522072,234.75590368651046
Tyler Nevin,2022,2023,184,111,45.78844672162106,49.33729872760646,3.5488520059854025,40.02065263444737,44.99508174758903,4.97442911314166,43.37243745715821,46.86207162070136,3.489634163543144,44.775180537365685,44.157567338429416,-0.6176131989362688,56.28350472136637,55.19810903110129,-1.0853956902650808,-0.546406947438796,-0.5066484685237019,0.0397584789150941,68.29374181902001,76.21688922350052,7.923147404480503,0.560059539,0.622095779,0.062036239999999965,5044.177332138041,5496.418777875253,452.2414457372124
Tyler Nevin,2023,2024,111,278,49.33729872760646,46.3924945536312,-2.944804173975257,44.99508174758903,47.98425484067834,2.989173093089306,46.86207162070136,43.95165587566888,-2.9104157450324806,44.157567338429416,41.07564971625692,-3.0819176221724973,55.19810903110129,52.8251551066052,-2.3729539244960876,-0.5066484685237019,-0.4502569430474866,0.05639152547621534,76.21688922350052,82.13118474171405,5.914295518213535,0.622095779,0.618382028,-0.003713751000000043,5496.418777875253,5117.139540843753,-379.2792370315001
Tyler O'Neill,2021,2022,537,383,45.95434124012627,44.8958847886713,-1.0584564514549655,72.13047430850919,55.75606369534881,-16.374410613160386,67.38807447945216,62.115428334686094,-5.272646144766064,62.60173012023395,52.15378689728571,-10.44794322294824,43.7739756609484,54.68472722538781,10.910751564439408,5.329407514762068,1.4434786111327869,-3.8859289036292815,142.66600104101735,98.90446260893049,-43.761538432086866,0.912121282,0.700309562,-0.21181171999999993,8153.399469490366,6901.445858886556,-1251.9536106038095
Tyler O'Neill,2022,2023,383,266,44.8958847886713,47.81445733930581,2.918572550634508,55.75606369534881,53.93403735739981,-1.8220263379489978,62.115428334686094,48.60459699767873,-13.51083133700736,52.15378689728571,50.99189769202624,-1.1618892052594703,54.68472722538781,55.34767560563613,0.6629483802483165,1.4434786111327869,0.6664739443751578,-0.777004666757629,98.90446260893049,97.00157364022132,-1.9028889687091635,0.700309562,0.715391419,0.015081856999999976,6901.445858886556,6251.9657382927,-649.4801205938566
Tyler O'Neill,2023,2024,266,473,47.81445733930581,37.2695200454746,-10.544937293831211,53.93403735739981,71.09530480257057,17.161267445170758,48.60459699767873,44.79005887832723,-3.8145381193515036,50.99189769202624,43.0047186009686,-7.987179091057641,55.34767560563613,56.684039201967934,1.3363635963318075,0.6664739443751578,2.5434381266333546,1.8769641822581966,97.00157364022132,132.7084653409226,35.70689170070128,0.715391419,0.847101124,0.131709705,6251.9657382927,5853.991926815552,-397.97381147714805
Tyler O'Neill,2024,2025,473,209,37.2695200454746,43.371479507607454,6.101959462132854,71.09530480257057,55.293092154468624,-15.802212648101943,44.79005887832723,52.38895455673886,7.59889567841163,43.0047186009686,41.1412025652949,-1.8635160356737046,56.684039201967934,52.54558712257392,-4.138452079394014,2.5434381266333546,-0.3442279911193917,-2.887666117752746,132.7084653409226,90.55675741847487,-42.15170792244773,0.847101124,0.684131221,-0.16296990300000003,5853.991926815552,5654.508227584292,-199.48369923125938
Tyler Soderstrom,2023,2024,138,213,35.74864978932304,45.01166615026828,9.263016360945244,46.49810963203926,61.66079828250878,15.16268865046952,42.55539212129612,40.27615171029287,-2.2792404110032507,46.2701218093979,44.88136146315522,-1.3887603462426767,45.76273210646835,50.8289518699902,5.06621976352185,-0.9866270889565286,0.2979807576700209,1.2846078466265496,34.169652702444466,114.3411957589133,80.17154305646883,0.471884057,0.743125418,0.27124136099999996,4452.578494509425,5533.119289544548,1080.5407950351237
Tyler Soderstrom,2024,2025,213,624,45.01166615026828,56.24857805798388,11.236911907715594,61.66079828250878,62.91079693070225,1.2499986481934684,40.27615171029287,46.50842035885572,6.232268648562851,44.88136146315522,48.075575651176486,3.194214188021263,50.8289518699902,49.39936032567754,-1.4295915443126574,0.2979807576700209,3.3816925809481395,3.0837118232781187,114.3411957589133,125.25810135928567,10.916905600372374,0.743125418,0.820307143,0.07718172499999998,5533.119289544548,6587.96382902671,1054.844539482162
Tyler Stephenson,2021,2022,402,183,62.55537630988715,54.995564363735895,-7.559811946151257,46.59524010300922,49.17987183524088,2.5846317322316636,39.38932077838142,50.17469963862817,10.785378860246752,47.47420381233884,49.32652478385853,1.8523209715196884,61.75406906750457,50.505357406859744,-11.248711660644823,1.7864291366782366,1.523223731672953,-0.26320540500528344,110.95649853735094,134.04914282330412,23.092644285953185,0.797100212,0.853512409,0.056412197,6379.158595437792,6141.936329167094,-237.22226627069813
Tyler Stephenson,2022,2023,183,517,54.995564363735895,47.84532306239756,-7.150241301338333,49.17987183524088,50.3514682057062,1.1715963704653163,50.17469963862817,37.95949578943765,-12.215203849190516,49.32652478385853,29.72843489567255,-19.59808988818598,50.505357406859744,55.608447821256384,5.10309041439664,1.523223731672953,-0.5641330689532739,-2.087356800626227,134.04914282330412,84.97506371805935,-49.07407910524478,0.853512409,0.695709323,-0.15780308600000004,6141.936329167094,4642.40704716999,-1499.5292819971046
Tyler Stephenson,2023,2024,517,515,47.84532306239756,54.26839761056148,6.4230745481639175,50.3514682057062,57.44631831306152,7.09485010735532,37.95949578943765,36.60097402868379,-1.3585217607538667,29.72843489567255,56.43857985190324,26.710144956230693,55.608447821256384,57.64403665895646,2.0355888377000753,-0.5641330689532739,3.062076789619187,3.626209858572461,84.97506371805935,113.01500435136596,28.039940633306614,0.695709323,0.782065389,0.08635606600000001,4642.40704716999,6499.242005874832,1856.8349587048424
Tyler Stephenson,2024,2025,515,342,54.26839761056148,40.61665602920501,-13.651741581356468,57.44631831306152,57.23230443064767,-0.21401388241384467,36.60097402868379,41.91744792769235,5.316473899008564,56.43857985190324,48.92259643918969,-7.5159834127135525,57.64403665895646,55.25023838138672,-2.3937982775697364,3.062076789619187,1.1281607469515589,-1.9339160426676283,113.01500435136596,99.45398981694092,-13.561014534425041,0.782065389,0.737194155,-0.04487123400000004,6499.242005874832,5573.853308976773,-925.3886968980587
Tyler Wade,2021,2022,145,163,46.723664931894746,54.11959872268097,7.3959337907862235,28.26540859549922,33.589382981343704,5.323974385844483,68.2064234969231,50.74248912748386,-17.463934369439237,49.92485932869181,45.786743038057466,-4.138116290634343,57.766828961918975,51.13782635831201,-6.629002603606963,0.6006439238491541,-0.6375424957617337,-1.2381864196108878,93.93616798948116,55.036764812112274,-38.89940317736889,0.677001311,0.544260741,-0.13274057000000006,5818.954069891865,5209.212011779546,-609.7420581123197
Tyler Wade,2024,2025,156,127,54.99283290730109,43.458891818332376,-11.533941088968717,28.92213664875602,25.486983719261357,-3.435152929494663,61.27503625844584,49.19764927804916,-12.077386980396675,47.30882028654997,46.96064064909288,-0.34817963745708624,53.55898490431114,57.46123671390035,3.9022518095892096,-0.3204747983207749,-0.319340603618641,0.0011341947021339394,56.15610973579986,69.11006552002608,12.953955784226224,0.523898645,0.561279537,0.03738089199999994,5583.052489534371,4692.278435752916,-890.7740537814543
Tyrone Taylor,2021,2022,271,405,51.86363667759639,47.19390279754015,-4.669733880056242,51.92049358364481,54.346471962917335,2.4259783792725216,60.10721465301896,56.56084159652415,-3.546373056494808,51.81960694168874,56.79218892296079,4.97258198127205,45.20528216159661,41.53337095858891,-3.6719112030076957,1.3184041607094432,2.069829789403498,0.7514256286940548,106.88217444920744,101.90925233817538,-4.972922111032062,0.777823333,0.728779002,-0.04904433099999994,6474.481001373402,6262.6173947073685,-211.86360666603377
Tyrone Taylor,2022,2023,405,243,47.19390279754015,49.63221782430307,2.438315026762922,54.346471962917335,50.11314816023686,-4.233323802680474,56.56084159652415,66.72909480048865,10.168253203964504,56.79218892296079,56.38365216999726,-0.40853675296352776,41.53337095858891,36.31244646136614,-5.220924497222768,2.069829789403498,1.0206511573371086,-1.0491786320663894,101.90925233817538,88.62210520414246,-13.28714713403292,0.728779002,0.713377156,-0.015401846000000052,6262.6173947073685,6392.69631559878,130.07892089141114
Tyrone Taylor,2023,2024,243,345,49.63221782430307,52.893797275145246,3.261579450842177,50.11314816023686,47.34866818362395,-2.764479976612911,66.72909480048865,57.31021868349567,-9.418876116992983,56.38365216999726,53.10057813547797,-3.283074034519295,36.31244646136614,42.08893225662935,5.776485795263206,1.0206511573371086,1.0921321551878262,0.0714809978507176,88.62210520414246,97.0227279474779,8.400622743335447,0.713377156,0.700672522,-0.012704633999999992,6392.69631559878,6049.865093703676,-342.8312218951032
Tyrone Taylor,2024,2025,345,341,52.893797275145246,51.94887067301779,-0.9449266021274596,47.34866818362395,38.336839096236574,-9.011829087387376,57.31021868349567,61.51811825632652,4.207899572830847,53.10057813547797,59.88907256457246,6.7884944290944915,42.08893225662935,41.72922521834023,-0.3597070382891161,1.0921321551878262,0.7876812877103551,-0.3044508674774712,97.0227279474779,69.98385009970679,-27.03887784777112,0.700672522,0.598286588,-0.10238593399999996,6049.865093703676,6039.750727196369,-10.11436650730775
Victor Caratini,2021,2022,356,314,48.4157213603033,51.98289794811005,3.567176587806749,47.616067609293474,52.560562604618845,4.944494995325371,39.0665651718282,38.106099887072766,-0.9604652847554362,47.90547835377002,63.979303125079866,16.073824771309845,54.01969265434073,59.79083560886952,5.771142954528791,0.0406065890376956,1.4669879523007916,1.426381363263096,73.65901922465741,84.32163318523163,10.66261396057422,0.63167247,0.642231252,0.010558781999999933,5345.083402839024,6708.090268160804,1363.0068653217804
Victor Caratini,2022,2023,314,226,51.98289794811005,56.28797536053275,4.305077412422698,52.560562604618845,52.46303472942285,-0.09752787519599337,38.106099887072766,39.048179626469576,0.9420797393968101,63.979303125079866,60.18305039723653,-3.7962527278433384,59.79083560886952,53.844317575296174,-5.946518033573348,1.4669879523007916,1.1556963127768576,-0.311291639523934,84.32163318523163,95.38834820799973,11.066715022768093,0.642231252,0.710518205,0.06828695299999998,6708.090268160804,6478.105041540557,-229.98522662024698
Victor Caratini,2023,2024,226,274,56.28797536053275,56.62465035671977,0.33667499618702124,52.46303472942285,52.9975869036878,0.5345521742649453,39.048179626469576,33.45923606880075,-5.588943557668827,60.18305039723653,62.81602057247299,2.6329701752364656,53.844317575296174,52.67025819874556,-1.1740593765506162,1.1556963127768576,1.8972920708639924,0.7415957580871348,95.38834820799973,112.73337767462516,17.345029466625434,0.710518205,0.743929688,0.033411483000000075,6478.105041540557,6261.2689901942485,-216.83605134630852
Victor Caratini,2024,2025,274,386,56.62465035671977,58.59894723131062,1.9742968745908485,52.9975869036878,48.988138714435465,-4.009448189252332,33.45923606880075,42.03769507988503,8.578459011084284,62.81602057247299,42.78873952369454,-20.027281048778455,52.67025819874556,50.720231668785246,-1.9500265299603114,1.8972920708639924,0.8505063899407801,-1.0467856809232123,112.73337767462516,104.37942290403828,-8.353954770586881,0.743929688,0.727903963,-0.01602572499999999,6261.2689901942485,5645.066681982669,-616.2023082115793
Victor Reyes,2021,2022,220,336,50.65714949369413,50.86520207657834,0.20805258288421413,48.93754811387017,44.91477319949495,-4.022774914375219,62.22314373735208,48.60099881836719,-13.622144918984894,46.70716423175089,46.358199205833145,-0.34896502591774237,32.88018288408841,32.58451821485713,-0.29566466923128587,0.2739516048592547,-0.0034004708267114,-0.2773520756859661,87.69972232175445,84.38749465074416,-3.312227671010291,0.700671611,0.650595237,-0.05007637399999998,5531.205757183257,4702.277505117726,-828.9282520655315
Victor Robles,2021,2022,369,407,45.24220374163418,42.718353453972775,-2.5238502876614035,33.309803419277586,36.829199471707724,3.519396052430139,40.37511775245953,62.742653112955615,22.367535360496085,50.90421111272388,56.16575155301055,5.261540440286673,52.21887121790307,39.22128212783566,-12.997589090067414,-0.3172888687152354,0.4107462282823111,0.7280350969975464,68.52904534683746,65.46828217079593,-3.060763176041533,0.604827136,0.584202681,-0.020624455000000097,4720.957487826374,5366.9993244281,646.0418366017266
Victor Robles,2022,2023,407,126,42.718353453972775,58.96931629485778,16.250962840885002,36.829199471707724,36.80875082686755,-0.020448644840172392,62.742653112955615,60.5869369847094,-2.155716128246212,56.16575155301055,41.98787510453373,-14.177876448476823,39.22128212783566,52.422719236481,13.201437108645344,0.4107462282823111,0.2833675188224381,-0.127378709459873,65.46828217079593,112.17948067630547,46.71119850550954,0.584202681,0.749731882,0.16552920100000001,5366.9993244281,5819.079039354377,452.0797149262762
Victor Robles,2023,2024,126,295,58.96931629485778,56.89149615227029,-2.077820142587484,36.80875082686755,44.04419713080801,7.235446303940456,60.5869369847094,78.46478616856032,17.87784918385092,41.98787510453373,52.15925953058778,10.171384426054054,52.422719236481,45.77209293069031,-6.650626305790688,0.2833675188224381,3.130613513196383,2.847245994373945,112.17948067630547,141.07545516453135,28.895974488225875,0.749731882,0.813693703,0.06396182100000003,5819.079039354377,7154.70556319211,1335.6265238377337
Victor Robles,2024,2025,295,114,56.89149615227029,43.90464254845414,-12.98685360381615,44.04419713080801,40.061165796241326,-3.9830313345666823,78.46478616856032,56.7401900139617,-21.724596154598622,52.15925953058778,46.13450537701879,-6.024754153568992,45.77209293069031,32.98852580500367,-12.783567125686645,3.130613513196383,-0.2072201001159468,-3.3378336133123296,141.07545516453135,75.49074695804501,-65.58470820648634,0.813693703,0.610890433,-0.20280326999999998,7154.70556319211,4574.528907531231,-2580.176655660879
Victor Scott II,2024,2025,155,463,41.93858674462257,45.08795383441074,3.1493670897881714,41.82527858025711,33.79009971271808,-8.035178867539031,54.354513625206735,74.78273920936178,20.428225584155044,51.458845442161305,65.07893734658582,13.620091904424513,42.18604806203946,53.598820011174,11.412771949134537,-0.4446473834315094,1.7396654031982317,2.184312786629741,39.963367005615495,75.5078097293788,35.54444272376331,0.502113458,0.601118173,0.09900471500000008,5118.8595172543055,7048.298502845637,1929.4389855913314
Vinnie Pasquantino,2022,2023,298,260,69.44579938599958,63.18127651191898,-6.264522874080598,57.37537328370371,50.813647145218894,-6.561726138484815,38.84120925958152,38.37799833129344,-0.46321092828807764,47.218597682421,43.75044154328247,-3.4681561391385287,66.70476150034726,56.47403439224733,-10.230727108099927,1.4299939508996349,0.1256315406358598,-1.3043624102637752,135.9328504738303,104.4381190805056,-31.494731393324713,0.832162738,0.761553761,-0.0706089769999999,7527.187089313165,6124.098781175968,-1403.0883081371976
Vinnie Pasquantino,2023,2024,260,554,63.18127651191898,67.25666343559121,4.075386923672227,50.813647145218894,56.49526500485264,5.6816178596337465,38.37799833129344,41.51362927151588,3.135630940222441,43.75044154328247,47.22043734746158,3.4699958041791135,56.47403439224733,51.55141380337087,-4.9226205888764625,0.1256315406358598,1.5042809011239884,1.3786493604881285,104.4381190805056,109.23137778473206,4.79325870422646,0.761553761,0.760211893,-0.0013418680000000238,6124.098781175968,6660.607633740394,536.508852564426
Vinnie Pasquantino,2024,2025,554,682,67.25666343559121,62.416612842001285,-4.840050593589922,56.49526500485264,60.55112164764034,4.0558566427877025,41.51362927151588,37.5642981300557,-3.949331141460185,47.22043734746158,34.54932966114778,-12.671107686313803,51.55141380337087,49.24780007490118,-2.303613728469692,1.5042809011239884,1.4760251314812367,-0.02825576964275167,109.23137778473206,115.60980051703578,6.378422732303719,0.760211893,0.797620902,0.03740900899999999,6660.607633740394,5766.79632097616,-893.8113127642337
Vladimir Guerrero Jr.,2021,2022,698,706,63.70362208587616,60.93249258250623,-2.7711295033699344,78.05809712509895,69.75847735209253,-8.299619773006427,45.40513674923719,41.2744273382162,-4.130709411020987,35.0691511830027,37.74594941498603,2.6767982319833266,62.00085291153644,50.4593827164738,-11.541470195062644,6.311180784328441,3.340916690349042,-2.9702640939793987,165.70161871862166,132.17307834896494,-33.528540369656724,1.002139508,0.818150736,-0.18398877199999997,7719.315783485516,6499.042243517386,-1220.2735399681296
Vladimir Guerrero Jr.,2022,2023,706,682,60.93249258250623,61.87281641747045,0.9403238349642251,69.75847735209253,61.97085342746435,-7.787623924628178,41.2744273382162,30.82124978409321,-10.453177554122988,37.74594941498603,26.65338159286241,-11.09256782212362,50.4593827164738,53.71417180681932,3.2547890903455254,3.340916690349042,1.1710370698214696,-2.1698796205275723,132.17307834896494,117.05001614322778,-15.123062205737156,0.818150736,0.788096374,-0.030054362,6499.042243517386,5383.423232047224,-1115.6190114701621
Vladimir Guerrero Jr.,2023,2024,682,697,61.87281641747045,72.29126828175495,10.4184518642845,61.97085342746435,73.06905711659117,11.09820368912682,30.82124978409321,25.13829830849593,-5.682951475597282,26.65338159286241,32.27122885326863,5.617847260406222,53.71417180681932,60.02991593801202,6.3157441311926945,1.1710370698214696,5.315319839956397,4.144282770134927,117.05001614322778,164.49173188476283,47.44171574153505,0.788096374,0.939813951,0.151717577,5383.423232047224,6755.928995594437,1372.505763547213
Vladimir Guerrero Jr.,2024,2025,697,680,72.29126828175495,67.94360922752135,-4.347659054233603,73.06905711659117,65.06816648277844,-8.00089063381273,25.13829830849593,40.90854331426243,15.770245005766501,32.27122885326863,41.71359556020615,9.44236670693752,60.02991593801202,68.35096966779112,8.321053729779102,5.315319839956397,3.887758510747029,-1.4275613292093676,164.49173188476283,137.02781322530683,-27.463918659456,0.939813951,0.847775391,-0.09203855999999999,6755.928995594437,7743.70601115218,987.7770155577427
Wander Franco,2021,2022,308,344,66.27260314176968,70.86320806666062,4.59060492489094,47.66367825494057,47.91087891144653,0.24720065650596013,61.82321138417276,65.14628990599967,3.3230785218269077,47.52536903417284,52.74753627462919,5.222167240456351,51.59036796373339,53.12324647511449,1.5328785113810994,2.36215488498732,2.2592612119414,-0.10289367304592023,125.88458629008107,115.06711624025372,-10.81747004982735,0.810036048,0.745685824,-0.0643502239999999,7092.298486599454,7855.367761181849,763.0692745823953
Wander Franco,2022,2023,344,491,70.86320806666062,70.39530086814702,-0.4679071985136005,47.91087891144653,55.23614653532875,7.325267623882219,65.14628990599967,62.40574769326173,-2.7405422127379353,52.74753627462919,68.32419956778674,15.576663293157544,53.12324647511449,56.06502979119359,2.9417833160790963,2.2592612119414,4.806045191582366,2.546783979640966,115.06711624025372,126.59311475283064,11.525998512576919,0.745685824,0.819308641,0.07362281699999995,7855.367761181849,9214.098907144346,1358.7311459624962
Wenceel Pérez,2024,2025,425,383,54.75902521690387,50.16976133495776,-4.58926388194611,44.11717049874416,52.10651865796834,7.989348159224178,53.04569141027542,55.26486809572396,2.219176685448545,49.716187316020346,54.46052212922729,4.744334813206947,49.71307757397163,46.80507018115155,-2.908007392820082,1.0274236319304395,1.7034371593830289,0.6760135274525894,93.89308558469207,103.41598693082712,9.522901346135043,0.683269825,0.738326552,0.05505672699999997,5985.499359616209,6372.465177170291,386.9658175540817
Whit Merrifield,2021,2022,720,550,64.88166279720002,58.88539200444989,-5.996270792750131,38.80479595074148,42.30491275952002,3.500116808778543,80.0,60.543154687036,-19.456845312964,57.794615806531965,53.2210592070276,-4.573556599504364,44.23007074511836,47.30100829718181,3.070937552063448,2.671305434477909,1.250127329345224,-1.421178105132685,89.2998547610978,87.4212009904396,-1.8786537706582038,0.711244979,0.673181818,-0.03806316100000007,7452.313904627575,6456.405629653677,-995.9082749738973
Whit Merrifield,2022,2023,550,592,58.88539200444989,59.5912809688183,0.7058889643684125,42.30491275952002,35.00918920559086,-7.2957235539291645,60.543154687036,56.47156917539434,-4.071585511641658,53.2210592070276,46.41104721743,-6.810011989597598,47.30100829718181,42.62326475980251,-4.6777435373793,1.250127329345224,1.2278534619740538,-0.02227386737117021,87.4212009904396,92.35984022804578,4.938639237606182,0.673181818,0.699651662,0.026469843999999965,6456.405629653677,5327.027440968671,-1129.3781886850065
Whit Merrifield,2023,2024,592,335,59.5912809688183,56.87993327269552,-2.711347696122786,35.00918920559086,32.116517834093656,-2.892671371497201,56.47156917539434,63.45847792159357,6.9869087461992265,46.41104721743,48.344651668840434,1.9336044514104316,42.62326475980251,61.51253895750999,18.88927419770748,1.2278534619740538,0.4544531940837651,-0.7734002678902887,92.35984022804578,79.07661072376965,-13.283229504276136,0.699651662,0.625171421,-0.07448024099999995,5327.027440968671,6374.627547850184,1047.600106881513
Wil Myers,2021,2022,500,286,42.74431021748079,43.726918965119495,0.9826087476387073,49.11470634319087,49.280810804159735,0.16610446096886733,49.64709693221037,51.01250064311374,1.3654037109033723,52.64099591876632,53.547702832599136,0.9067069138328137,54.033517223699405,49.40340802423518,-4.630109199464222,2.2022493393840725,1.1837112011923263,-1.0185381381917462,110.73739033058632,103.45790434963106,-7.279485980955258,0.76838914,0.713152746,-0.05523639400000002,5851.495544071328,5804.362338605684,-47.133205465644096
Wil Myers,2022,2023,286,141,43.726918965119495,34.237259930270895,-9.4896590348486,49.280810804159735,40.91418428849973,-8.366626515660002,51.01250064311374,49.0395578546589,-1.9729427884548372,53.547702832599136,49.53261900311953,-4.015083829479607,49.40340802423518,49.69118014329055,0.2877721190553686,1.1837112011923263,-0.6784854264095072,-1.8621966276018336,103.45790434963106,43.15660448842645,-60.30129986120461,0.713152746,0.540607423,-0.17254532300000003,5804.362338605684,4754.7523435818775,-1049.6099950238067
Will Benson,2023,2024,329,388,44.36071088046927,24.67552270638718,-19.68518817408209,55.87173880187473,55.11477496533271,-0.7569638365420204,60.85169712463275,46.82608659980729,-14.02561052482546,47.53289489753058,43.5039205766845,-4.028974320846082,60.51918730595105,53.76304849931559,-6.756138806635462,2.0046727009771,-0.5832248905537234,-2.5878975915308233,128.07639595728142,76.40647096422587,-51.669924993055545,0.86299948,0.649995102,-0.21300437800000005,6815.358418235057,4585.732113103415,-2229.626305131642
Will Benson,2024,2025,388,253,24.67552270638718,42.43892422072912,17.76340151434194,55.11477496533271,61.5749889780588,6.460214012726091,46.82608659980729,48.1411584351523,1.3150718353450088,43.5039205766845,47.87137096036409,4.367450383679589,53.76304849931559,43.23772552335083,-10.525322975964755,-0.5832248905537234,0.0100379241809336,0.593262814734657,76.40647096422587,85.1268776547246,8.72040669049872,0.649995102,0.70750988,0.057514778000000044,4585.732113103415,5604.986241227209,1019.2541281237936
Will Brennan,2023,2024,455,353,65.1680603120225,62.93645504006743,-2.2316052719550754,35.51428143441282,42.78633357394594,7.272052139533116,47.5534191605294,47.0702288968356,-0.4831902636937997,48.9293656070611,45.01164689411242,-3.917718712948684,32.76799698200194,40.09700277376408,7.3290057917621425,-0.0591725409119153,0.4666236249986575,0.5257961659105728,79.75710530121142,98.00930298881283,18.25219768760141,0.655382579,0.696660656,0.04127807700000008,4787.963301833303,5303.988237606541,516.0249357732373
Will Smith,2021,2022,501,578,56.82903910530592,62.39162553021927,5.562586424913356,57.49466824342315,57.4877100477501,-0.006958195673050227,45.69854765957235,36.296032962113074,-9.402514697459274,63.07516200127718,54.7376508128956,-8.337511188381576,62.94821157398015,62.64777922112469,-0.30043235285545933,4.598668490510358,4.331210689099018,-0.26745780141133935,129.75325955024104,127.402614880842,-2.3506446693990455,0.860438543,0.807127482,-0.05331106100000005,7762.993062061255,7131.961459866492,-631.0316021947629
Will Smith,2022,2023,578,554,62.39162553021927,61.14035220631168,-1.25127332390759,57.4877100477501,51.67620599146549,-5.811504056284612,36.296032962113074,48.68123416445339,12.385201202340319,54.7376508128956,59.08285335655836,4.345202543662758,62.64777922112469,61.13797169958936,-1.5098075215353362,4.331210689099018,3.806623829075345,-0.5245868600236734,127.402614880842,116.98924955185797,-10.413365328984028,0.807127482,0.796705776,-0.01042170599999992,7131.961459866492,7561.656382765648,429.69492289915615
Will Smith,2023,2024,554,544,61.14035220631168,56.649642921694095,-4.490709284617587,51.67620599146549,54.27135031842583,2.5951443269603445,48.68123416445339,44.299728459755045,-4.381505704698348,59.08285335655836,45.57875877519307,-13.504094581365287,61.13797169958936,55.743057435224415,-5.394914264364942,3.806623829075345,2.612817596998858,-1.1938062320764868,116.98924955185797,109.14247124469463,-7.8467783071633335,0.796705776,0.759978991,-0.03672678500000004,7561.656382765648,6275.217834288855,-1286.4385484767936
Will Smith,2024,2025,544,436,56.649642921694095,62.24115369839444,5.591510776700346,54.27135031842583,58.82966080271578,4.558310484289947,44.299728459755045,39.16850251651447,-5.1312259432405725,45.57875877519307,46.06972593076199,0.49096715556891724,55.743057435224415,71.86757323329375,16.12451579806934,2.612817596998858,4.15148634639482,1.5386687493959617,109.14247124469463,152.73726379964666,43.59479255495202,0.759978991,0.900907293,0.14092830200000006,6275.217834288855,7396.56526332963,1121.3474290407758
Willi Castro,2021,2022,450,392,43.29517373205756,48.80061343415633,5.505439702098769,43.3488480241657,43.00720028132213,-0.3416477428435698,61.28508119600346,57.39003671183709,-3.8950444841663696,50.69849707276948,53.142848190362265,2.444351117592788,32.25103753478033,32.22280913223187,-0.028228402548457154,0.1145241659240524,0.8200710897832955,0.7055469238592431,69.03395781213163,85.38611951713247,16.35216170500084,0.624020236,0.651010755,0.026990519000000046,5074.784545737992,5184.084136523623,109.29959078563115
Willi Castro,2022,2023,392,409,48.80061343415633,47.61253428854742,-1.18807914560891,43.00720028132213,46.99009189610227,3.9828916147801436,57.39003671183709,75.7862606372813,18.39622392544421,53.142848190362265,55.06518317390134,1.9223349835390735,32.22280913223187,44.431854078378045,12.209044946146172,0.8200710897832955,2.447000206303168,1.6269291165198725,85.38611951713247,107.0740311853618,21.687911668229333,0.651010755,0.749680864,0.09867010899999995,5184.084136523623,6911.26417185906,1727.1800353354374
Willi Castro,2023,2024,409,635,47.61253428854742,47.572793148426136,-0.03974114012128638,46.99009189610227,47.76202235361665,0.7719304575143795,75.7862606372813,52.71427857246916,-23.07198206481214,55.06518317390134,53.95358475494953,-1.1115984189518073,44.431854078378045,45.04408706809552,0.6122329897174765,2.447000206303168,2.9156811119201405,0.4686809056169725,107.0740311853618,106.29029540741564,-0.7837357779461627,0.749680864,0.716534942,-0.033145921999999994,6911.26417185906,5804.868868636452,-1106.3953032226082
Willi Castro,2024,2025,635,454,47.572793148426136,44.4504260359076,-3.122367112518539,47.76202235361665,45.88963561589726,-1.8723867377193883,52.71427857246916,53.09547117072443,0.38119259825526797,53.95358475494953,41.0933456533312,-12.860239101618333,45.04408706809552,45.59210110096346,0.5480140328679397,2.9156811119201405,0.5488158822401294,-2.366865229680011,106.29029540741564,92.25830125485469,-14.031994152560955,0.716534942,0.679137424,-0.03739751800000002,5804.868868636452,5020.787372150095,-784.0814964863575
William Contreras,2021,2022,185,376,39.03801515337092,46.38283161998342,7.3448164666124995,59.17035103297205,68.43107696381819,9.260725930846135,44.29586634676127,37.11112933295809,-7.184737013803179,39.83662111872268,39.596424278345054,-0.240196840377628,46.96665276054996,55.77150858301559,8.804855822465626,-0.1128328383375706,2.039317454370964,2.1521502927085345,86.74894381780727,139.23376552887513,52.48482171106785,0.701475708,0.859711427,0.158235719,4945.479770813827,5695.992791121757,750.5130203079307
William Contreras,2022,2023,376,611,46.38283161998342,55.590331751079,9.207500131095578,68.43107696381819,58.841510468891855,-9.58956649492633,37.11112933295809,46.60389482534167,9.492765492383576,39.596424278345054,80.0,40.403575721654946,55.77150858301559,58.786434885872666,3.014926302857077,2.039317454370964,5.816974972889055,3.7776575185180907,139.23376552887513,125.52813999550116,-13.705625533373961,0.859711427,0.824620521,-0.03509090599999998,5695.992791121757,8422.768806770293,2726.7760156485356
William Contreras,2023,2024,611,679,55.590331751079,55.71917562635981,0.12884387528080765,58.841510468891855,66.06762761525115,7.2261171463593,46.60389482534167,45.43668971930787,-1.1672051060337978,80.0,58.091483176791456,-21.908516823208544,58.786434885872666,59.4149146523144,0.6284797664417354,5.816974972889055,5.48855598235837,-0.32841899053068513,125.52813999550116,131.57793467399807,6.049794678496909,0.824620521,0.830789222,0.006168700999999999,8422.768806770293,7648.711930739967,-774.0568760303258
William Contreras,2024,2025,679,659,55.71917562635981,56.07368361299076,0.3545079866309564,66.06762761525115,54.259443683884975,-11.80818393136618,45.43668971930787,39.02565236273109,-6.411037356576784,58.091483176791456,54.903886850942094,-3.1875963258493627,59.4149146523144,61.959388459327855,2.5444738070134534,5.48855598235837,3.658735130205547,-1.8298208521528228,131.57793467399807,113.47876548840496,-18.099169185593112,0.830789222,0.754376745,-0.07641247700000009,7648.711930739967,6742.419812217322,-906.2921185226451
Willie Calhoun,2023,2024,149,254,61.32747708157677,64.17771589627954,2.85023881470277,49.459205832271415,45.67164325907333,-3.7875625731980875,44.476966272296,38.57949393384101,-5.897472338454996,45.27441595475491,47.2193983395293,1.9449823847743914,61.21540879126786,61.908266494803954,0.6928577035360917,-0.1120676887735389,-0.0287534293686195,0.0833142594049194,94.8378233293013,97.04223040442868,2.204407075127378,0.711709906,0.694873292,-0.016836613999999916,6549.1420214097925,6377.401416411714,-171.7406049980782
Willson Contreras,2021,2022,483,487,41.24796828164562,48.593992140874896,7.346023859229277,62.10876761040406,65.85389209510379,3.74512448469973,38.44239741109995,45.40858282332235,6.966185412222401,51.958035233463455,47.08305194440364,-4.874983289059813,53.79568156783406,49.64534045923798,-4.150341108596081,2.683907067748071,3.499360185100467,0.815453117352396,110.9365853137724,133.83647117282203,22.899885859049633,0.777801171,0.815422128,0.03762095700000001,5687.766071062578,6219.1152560750215,531.3491850124437
Willson Contreras,2022,2023,487,495,48.593992140874896,52.30841531341206,3.714423172537167,65.85389209510379,63.99633532234698,-1.8575567727568085,45.40858282332235,39.000544089902895,-6.408038733419453,47.08305194440364,39.82935650687804,-7.2536954375256,49.64534045923798,51.21906381020207,1.5737233509640944,3.499360185100467,2.776736159494578,-0.7226240256058891,133.83647117282203,127.35930473985728,-6.477166432964751,0.815422128,0.825589314,0.010167185999999995,6219.1152560750215,5761.507876043196,-457.6073800318254
Willson Contreras,2023,2024,495,358,52.30841531341206,43.97376525543179,-8.33465005798027,63.99633532234698,64.03555510138244,0.03921977903546292,39.000544089902895,47.21221569225635,8.211671602353455,39.82935650687804,47.12563418172992,7.296277674851879,51.21906381020207,54.84036602484977,3.6213022146476987,2.776736159494578,2.6599486905906584,-0.11678746890391967,127.35930473985728,140.65558808979728,13.296283349939998,0.825589314,0.848326806,0.02273749199999997,5761.507876043196,6210.387126513626,448.8792504704297
Willson Contreras,2024,2025,358,563,43.97376525543179,49.41199660671718,5.438231351285388,64.03555510138244,61.13812113480765,-2.897433966574795,47.21221569225635,45.47435925979831,-1.7378564324580381,47.12563418172992,52.87358308341082,5.7479489016809,54.84036602484977,46.61015879026431,-8.230207234585464,2.6599486905906584,2.765444688547608,0.10549599795694942,140.65558808979728,123.56341575893369,-17.09217233086359,0.848326806,0.790967295,-0.05735951100000003,6210.387126513626,6169.081800444516,-41.30532606910947
Willy Adames,2021,2022,555,617,43.67421786105527,46.25612361889312,2.581905757837852,59.09125664865837,60.71180360623548,1.6205469575771048,45.06699741140696,55.37139877528488,10.304401363877922,43.67844284585349,68.55934641210611,24.88090356625262,50.23661590217846,47.46672060273923,-2.769895299439227,3.1408741309125707,4.45142653904,1.3105524081274291,119.57147494841747,108.90093169867332,-10.670543249744156,0.817822247,0.756476504,-0.06134574299999995,5516.407529532325,7330.805887269563,1814.3983577372383
Willy Adames,2022,2023,617,638,46.25612361889312,41.20618663870771,-5.049936980185407,60.71180360623548,51.108019905972895,-9.603783700262582,55.37139877528488,46.47103240738871,-8.900366367896169,68.55934641210611,74.72134161310291,6.161995200996799,47.46672060273923,50.185864839955386,2.719144237216156,4.45142653904,3.393657314777151,-1.0577692242628487,108.90093169867332,94.7612853756438,-14.139646323029524,0.756476504,0.716620036,-0.03985646799999998,7330.805887269563,6548.647155624837,-782.1587316447258
Willy Adames,2023,2024,638,688,41.20618663870771,47.98528348249445,6.779096843786739,51.108019905972895,58.83901813020756,7.730998224234668,46.47103240738871,56.09275263371776,9.621720226329046,74.72134161310291,53.74446879143571,-20.9768728216672,50.185864839955386,53.497866763213686,3.3120019232583005,3.393657314777151,4.85177616482035,1.4581188500431992,94.7612853756438,120.27350052093948,25.512215145295684,0.716620036,0.793690429,0.07707039299999996,6548.647155624837,6933.605908151068,384.95875252623136
Willy Adames,2024,2025,688,686,47.98528348249445,42.432720393192966,-5.552563089301486,58.83901813020756,55.13363420517332,-3.7053839250342406,56.09275263371776,51.52209546476144,-4.570657168956316,53.74446879143571,60.246877232115,6.5024084406792895,53.497866763213686,56.116888297078106,2.6190215338644194,4.85177616482035,4.048889924160104,-0.8028862406602464,120.27350052093948,107.7213517013979,-12.552148819541586,0.793690429,0.739567971,-0.05412245799999993,6933.605908151068,6679.353283489458,-254.25262466161075
Wilmer Flores,2021,2022,436,602,62.15066023359755,56.34445235858502,-5.806207875012525,49.25963057886978,47.83064768308368,-1.428982895786099,37.54882347919842,35.28873201573963,-2.260091463458785,49.676119351437904,43.8311346001944,-5.844984751243501,57.96720542528936,57.954851636012464,-0.012353789276893679,1.8713706033967263,1.2958064283930355,-0.5755641750036908,113.65828625514938,102.88207834677814,-10.776207908371234,0.782163156,0.709900331,-0.07226282499999992,6304.89863157695,5580.457733033446,-724.4408985435039
Wilmer Flores,2022,2023,602,454,56.34445235858502,65.20911459834855,8.864662239763526,47.83064768308368,50.79655553484493,2.9659078517612443,35.28873201573963,37.15836127040561,1.8696292546659734,43.8311346001944,43.72712056112247,-0.1040140390719344,57.954851636012464,56.5042953975882,-1.4505562384242623,1.2958064283930355,2.304766330353563,1.0089599019605275,102.88207834677814,134.31654845207143,31.434470105293286,0.709900331,0.863267525,0.15336719399999998,5580.457733033446,6172.40839841354,591.9506653800945
Wilmer Flores,2023,2024,454,242,65.20911459834855,58.46699004231554,-6.742124556033012,50.79655553484493,37.135024826158016,-13.66153070868691,37.15836127040561,38.041861224726986,0.8834999543213797,43.72712056112247,47.61326922099147,3.8861486598690007,56.5042953975882,56.83510026346234,0.3308048658741356,2.304766330353563,-0.6571697152027853,-2.9619360455563486,134.31654845207143,68.2264615217351,-66.09008693033633,0.863267525,0.594616513,-0.2686510120000001,6172.40839841354,5432.548062954222,-739.8603354593188
Wilmer Flores,2024,2025,242,463,58.46699004231554,53.8646922208846,-4.602297821430938,37.135024826158016,40.96797366749258,3.832948841334563,38.041861224726986,39.7182635311032,1.676402306376211,47.61326922099147,42.03278507645695,-5.580484144534516,56.83510026346234,49.524736381083855,-7.310363882378482,-0.6571697152027853,-0.2322889228333357,0.42488079236944964,68.2264615217351,94.91553184268042,26.68907032094532,0.594616513,0.686170404,0.091553891,5432.548062954222,4875.434584336052,-557.1134786181701
Wilyer Abreu,2024,2025,447,417,46.16456034492153,50.49211587672878,4.327555531807249,61.73416052748702,59.3108495806972,-2.423310946789819,52.10334012424934,45.4675230394273,-6.635817084822044,65.95293807064684,65.17569734178669,-0.7772407288601499,50.46710366604634,48.37502904845183,-2.0920746175945126,3.06337324143147,2.416784101081031,-0.6465891403504389,115.7816655992959,110.09428943253836,-5.687376166757545,0.780794267,0.786476592,0.005682324999999988,7209.531532647845,6776.400866332966,-433.1306663148789
Wyatt Langford,2024,2025,557,573,56.41002696378789,48.40815234517274,-8.001874618615155,53.96936635504426,60.34022708259843,6.370860727554174,63.16851455113923,56.47603449464053,-6.692480056498702,57.47711791878406,65.49205784731622,8.014939928532158,58.61839198497373,62.63644213243476,4.018050147461032,3.068463856822332,4.063929688293446,0.995465831471114,111.29704584628976,118.20581472623358,6.908768879943821,0.739784775,0.775297379,0.035512604,7969.95041250734,8160.907210159114,190.95679765177374
Xander Bogaerts,2021,2022,603,631,62.61415609295584,61.16016261895298,-1.453993474002857,57.538433143051584,53.25197756620358,-4.286455576848006,52.79027089495889,62.103533710669936,9.313262815711049,42.090710034091884,62.46729437494291,20.376584340851025,53.89316607103786,54.983832196160016,1.090666125122155,4.128972507902693,5.991758811637518,1.8627863037348247,129.12394977901238,133.26878273125635,4.1448329522439735,0.86320132,0.833193442,-0.030007878000000043,6897.559558383634,8198.576357025868,1301.0167986422339
Xander Bogaerts,2022,2023,631,665,61.16016261895298,62.39547758636365,1.235314967410666,53.25197756620358,48.34079035195752,-4.9111872142460555,62.103533710669936,55.69510364672984,-6.408430063940095,62.46729437494291,57.33574751070704,-5.131546864235872,54.983832196160016,56.96481623875295,1.9809840425929366,5.991758811637518,4.601614177745616,-1.390144633891902,133.26878273125635,118.75708758202076,-14.511695149235592,0.833193442,0.789973254,-0.04322018800000005,8198.576357025868,7476.435816458757,-722.1405405671112
Xander Bogaerts,2023,2024,665,463,62.39547758636365,62.26898190168952,-0.12649568467412564,48.34079035195752,45.66057570040015,-2.680214651557371,55.69510364672984,60.29135168431839,4.596248037588552,57.33574751070704,57.2090207785358,-0.1267267321712353,56.96481623875295,51.4623914539984,-5.502424784754552,4.601614177745616,2.019493326195763,-2.582120851549853,118.75708758202076,94.82636145546134,-23.93072612655942,0.789973254,0.687536585,-0.10243666899999992,7476.435816458757,7225.180313027093,-251.25550343166378
Xander Bogaerts,2024,2025,463,552,62.26898190168952,60.32242849576349,-1.946553405926032,45.66057570040015,47.886964004885904,2.226388304485752,60.29135168431839,59.87882137538739,-0.41253030893100373,57.2090207785358,61.64924463921008,4.44022386067428,51.4623914539984,58.70261656368696,7.240225109688559,2.019493326195763,3.224503001938012,1.2050096757422488,94.82636145546134,103.86734386363368,9.04098240817234,0.687536585,0.719532343,0.031995757999999985,7225.180313027093,7897.389468892251,672.2091558651582
Xavier Edwards,2024,2025,303,619,65.63040958732648,69.8522896290648,4.221880041738316,34.614326598479394,35.06800959637525,0.45368299789585365,73.92058189290121,62.609637703668994,-11.310944189232217,37.93654386685709,54.34802515930826,16.411481292451164,60.97089244970989,53.86410288243808,-7.106789567271811,2.235268663140648,2.5366147161032924,0.30134605296264416,129.44522967220914,95.48281525010997,-33.96241442209917,0.819992502,0.695473643,-0.12451885899999993,6633.298017143034,7008.252173995979,374.95415685294574
Yadiel Hernandez,2021,2022,289,327,50.83509055258061,49.64941997868654,-1.1856705738940718,48.16869453595294,51.57446400219437,3.4057694662414306,50.39356929350033,33.803730883047265,-16.589838410453062,39.91231696485664,43.1569861448781,3.2446691800214538,46.8824795067227,43.29965018745814,-3.5828293192645617,0.2182734944689957,0.2032669665757327,-0.015006527893262983,98.81038046096783,103.02173668696378,4.211356225995942,0.74159851,0.72176267,-0.019835839999999938,5298.259757424281,4651.333811704321,-646.9259457199596
Yadier Molina,2021,2022,473,270,54.00502656199959,52.79444656845374,-1.2105799935458492,41.57825731815994,36.730264937021886,-4.847992381138056,41.27794090587064,39.169572617615046,-2.1083682882555976,63.04366501137426,65.8626274345173,2.8189624231430344,32.81282485264582,28.78383804222697,-4.028986810418846,1.5077128117416778,0.2499284575093117,-1.2577843542323661,81.3997019065756,49.12979509408132,-32.269906812494284,0.667064714,0.53486005,-0.13220466399999997,4947.733924350997,4457.164290860433,-490.56963349056423
Yainer Diaz,2023,2024,377,619,54.66205083992172,62.52787289151529,7.865822051593568,62.65327245056503,55.11947731886026,-7.533795131704764,37.47080863057727,38.59584568706288,1.1250370564856098,54.0708064330364,45.204231555646366,-8.866574877390036,27.46586806256351,27.579644059078284,0.1137759965147751,2.432816826877348,2.9647311823224123,0.5319143554450645,126.58399774788715,115.87666623872788,-10.707331509159275,0.845720476,0.765742926,-0.07997754999999995,5128.54577640479,4893.0883655650805,-235.45741083970915
Yainer Diaz,2024,2025,619,567,62.52787289151529,55.706841966152986,-6.821030925362301,55.11947731886026,53.16978962773842,-1.949687691121845,38.59584568706288,41.95588283634421,3.3600371492813323,45.204231555646366,50.09208011004311,4.887848554396747,27.579644059078284,26.06811967444789,-1.5115243846303947,2.9647311823224123,1.5891757475451076,-1.3755554347773047,115.87666623872788,91.88190392011954,-23.994762318608338,0.765742926,0.700924786,-0.06481814000000008,4893.0883655650805,4780.173127826119,-112.91523773896188
Yan Gomes,2021,2022,375,293,57.65468316464475,56.846190252560845,-0.8084929120839064,49.86539827639718,41.519032685726046,-8.346365590671134,49.20451237121475,47.98935395245244,-1.2151584187623072,66.16115314990606,58.493410757692494,-7.667742392213562,39.30040443472196,34.29580038733803,-5.004604047383928,2.2348678993238176,0.8660933902842005,-1.368774509039617,93.78717714998167,75.16457113916194,-18.622606010819737,0.722536771,0.62489491,-0.09764186100000005,6395.862711985911,5285.684571438758,-1110.178140547153
Yan Gomes,2022,2023,293,419,56.846190252560845,55.32922435441608,-1.5169658981447682,41.519032685726046,46.04923260438213,4.530199918656081,47.98935395245244,44.27972180069543,-3.709632151757013,58.493410757692494,43.10105584221764,-15.392354915474854,34.29580038733803,38.0555966854107,3.759796298072665,0.8660933902842005,1.0236428571821712,0.15754946689797067,75.16457113916194,95.97459539986087,20.81002426069894,0.62489491,0.723412762,0.09851785200000007,5285.684571438758,4869.999654622912,-415.684916815846
Yandy Díaz,2021,2022,541,558,60.46685714122361,73.46134542953027,12.994488288306655,49.85991139895008,55.46697555756449,5.607064158614406,38.08041422030271,31.456981707248968,-6.623432513053739,44.95572250585114,41.98249963034908,-2.97322287550206,68.61307161675497,80.0,11.386928383245035,1.7140355994985428,3.89799151349576,2.183955913997217,110.25768182609563,145.17914806432864,34.92146623823301,0.740146681,0.824266671,0.08411998999999992,6590.278490831017,7787.085563813987,1196.8070729829706
Yandy Díaz,2022,2023,558,600,73.46134542953027,73.07512088232416,-0.3862245472061119,55.46697555756449,65.69821341185707,10.23123785429258,31.456981707248968,32.0845292979467,0.6275475906977341,41.98249963034908,40.60083385641688,-1.3816657739322054,80.0,65.35497566033703,-14.645024339662967,3.89799151349576,4.986654902210382,1.0886633887146218,145.17914806432864,163.2356909775227,18.05654291319405,0.824266671,0.931904761,0.10763809000000002,7787.085563813987,7437.618146336114,-349.4674174778738
Yandy Díaz,2023,2024,600,621,73.07512088232416,69.43399500441421,-3.6411258779099427,65.69821341185707,58.54038439248699,-7.157829019370077,32.0845292979467,33.33827960809658,1.2537503101498757,40.60083385641688,40.28977902399809,-0.3110548324187832,65.35497566033703,58.93662898830468,-6.418346672032349,4.986654902210382,1.9294266673044007,-3.057228234905981,163.2356909775227,120.34472436052371,-42.89096661699898,0.931904761,0.755239214,-0.17666554699999992,7437.618146336114,6574.781966267337,-862.8361800687762
Yandy Díaz,2024,2025,621,651,69.43399500441421,70.39160616346726,0.9576111590530445,58.54038439248699,62.61700917276002,4.076624780273029,33.33827960809658,43.21725023856924,9.878970630472665,40.28977902399809,31.700755862428466,-8.589023161569628,58.93662898830468,58.48800821584285,-0.44862077246183674,1.9294266673044007,2.878936507010561,0.9495098397061603,120.34472436052371,134.60814339668812,14.263419036164407,0.755239214,0.847581105,0.0923418909999999,6574.781966267337,6873.7824707439295,299.00050447659214
Yasmani Grandal,2021,2022,375,376,54.83734057905272,50.19474038239677,-4.642600196655948,68.58736820286794,43.505388598019145,-25.08197960484879,31.82928646060528,29.332529899372037,-2.4967565612332443,47.49351995139612,50.2772799934961,2.783760042099985,80.0,66.31807381106621,-13.681926188933787,3.582948964025346,-0.5055446222556583,-4.088493586281004,157.27173121599688,67.92079347810908,-89.3509377378878,0.939499357,0.569645063,-0.36985429400000003,7438.398257718276,5515.050951095165,-1923.3473066231109
Yasmani Grandal,2022,2023,376,405,50.19474038239677,49.66764508055332,-0.5270953018434525,43.505388598019145,42.24413500786276,-1.261253590156386,29.332529899372037,29.52091555163769,0.18838565226565152,50.2772799934961,47.16001136366756,-3.117268629828544,66.31807381106621,53.46637949761996,-12.851694313446252,-0.5055446222556583,0.0644991729469272,0.5700437952025855,67.92079347810908,80.23892498587693,12.318131507767859,0.569645063,0.64748495,0.077839887,5515.050951095165,4714.616919214641,-800.4340318805243
Yasmani Grandal,2023,2024,405,243,49.66764508055332,55.512496024174624,5.844850943621303,42.24413500786276,53.77309898687136,11.528963979008601,29.52091555163769,44.57526056894644,15.054345017308751,47.16001136366756,58.92225483446846,11.762243470800904,53.46637949761996,59.34400171611713,5.877622218497166,0.0644991729469272,1.3549427239103704,1.290443550963443,80.23892498587693,95.01867221816316,14.779747232286226,0.64748495,0.704166666,0.05668171600000005,4714.616919214641,7037.589851253266,2322.972932038625
Yonathan Daza,2021,2022,331,408,59.07052055331417,67.01324663661958,7.942726083305416,34.14424778090603,35.41190903421134,1.267661253305313,48.807374668432814,48.12685505649749,-0.6805196119353241,56.23695126810527,44.354340920324205,-11.882610347781068,43.148452502234846,44.96130983729936,1.812857335064514,0.2852026852544898,0.8604638166870863,0.5752611314325965,73.81439500825813,95.01574315138603,21.201348143127902,0.687789419,0.73330295,0.045513530999999996,5422.699096292953,5335.045851054467,-87.6532452384863
Yordan Alvarez,2021,2022,598,561,58.41830057870271,67.81718482146897,9.398884242766258,71.23026701565027,80.0,8.76973298434973,50.87309214864258,44.18635911239227,-6.68673303625031,40.54208771490313,45.7536050550727,5.211517340169564,52.45083348585668,68.55082985738268,16.099996371526004,3.477471072596192,6.356513407317792,2.8790423347215994,136.9499108537178,185.3695676784142,48.4196568246964,0.876880102,1.019183069,0.1423029670000001,7150.951766088216,8924.400800775458,1773.4490346872426
Yordan Alvarez,2022,2023,561,496,67.81718482146897,63.86317099118425,-3.9540138302847225,80.0,75.79010860261344,-4.209891397386556,44.18635911239227,33.06644305654893,-11.11991605584334,45.7536050550727,41.90027892306963,-3.853326132003069,68.55082985738268,64.8686629383545,-3.6821669190281767,6.356513407317792,4.291664124131933,-2.0648492831858585,185.3695676784142,169.52688118709656,-15.842686491317636,1.019183069,0.990184893,-0.028998176000000098,8924.400800775458,7414.689936926455,-1509.7108638490035
Yordan Alvarez,2023,2024,496,635,63.86317099118425,69.43584858317882,5.572677591994577,75.79010860261344,72.91928510867795,-2.8708234939354895,33.06644305654893,39.8606393884844,6.794196331935474,41.90027892306963,34.550698564421666,-7.349580358647962,64.8686629383545,58.802669041348686,-6.065993897005818,4.291664124131933,5.202968856444182,0.9113047323122485,169.52688118709656,167.06348230854238,-2.4633988785541874,0.990184893,0.959154969,-0.031029924000000042,7414.689936926455,7352.485359972751,-62.20457695370351
Yordan Alvarez,2024,2025,635,199,69.43584858317882,59.248432378037165,-10.187416205141659,72.91928510867795,60.92494281907535,-11.994342289602606,39.8606393884844,43.150968263423735,3.290328874939334,34.550698564421666,45.88556520244968,11.334866638028018,58.802669041348686,63.67388463207291,4.871215590724226,5.202968856444182,0.5446262119885319,-4.65834264445565,167.06348230854238,117.69417282958428,-49.3693094789581,0.959154969,0.7971372,-0.16201776899999998,7352.485359972751,7091.540659124025,-260.9447008487259
Yoshi Tsutsugo,2021,2022,262,193,42.21281000871649,45.50340847099333,3.29059846227684,49.2224687193892,41.02629173417815,-8.196176985211046,43.45947012999007,42.09608660293404,-1.3633835270560368,42.208984881454775,47.36440819635873,5.155423314903956,54.895131837674384,55.400998582953264,0.5058667452788796,-0.2062557854500176,-1.3357277526883329,-1.1294719672383153,88.279276517907,35.58093123253159,-52.6983452853754,0.689122104,0.478116427,-0.21100567699999995,5081.365055758118,5103.706154239415,22.341098481297195
Yoán Moncada,2021,2022,616,433,51.76761064137868,43.514761816664944,-8.252848824713737,52.52272796730323,50.335496256935855,-2.187231710367378,44.16674073217411,49.73901839868383,5.57227766650972,52.82735297152884,58.30184559783167,5.474492626302833,63.04782736436578,49.42812021087927,-13.619707153486509,3.7479952918696497,0.7720771349437794,-2.9759181569258706,120.04944350639202,76.10471958172451,-43.944723924667514,0.786538461,0.625792984,-0.16074547699999997,6641.432630325862,6004.236336563336,-637.1962937625258
Yoán Moncada,2022,2023,433,357,43.514761816664944,46.48337791479624,2.9686160981312995,50.335496256935855,53.75283924326097,3.4173429863251172,49.73901839868383,46.73095817983596,-3.0080602188478736,58.30184559783167,50.16783244394614,-8.134013153885533,49.42812021087927,44.52830221221751,-4.89981799866176,0.7720771349437794,1.1506005769266243,0.37852344198284493,76.10471958172451,98.92315321604706,22.818433634322545,0.625792984,0.730471828,0.10467884399999994,6004.236336563336,5544.012965206586,-460.22337135675025
Yu Chang,2021,2022,251,190,44.950910509694666,42.552778213969525,-2.3981322957251408,48.22406315608343,48.4565895684135,0.232526412330067,58.277218278209865,44.56431258394773,-13.712905694262133,54.61427556873895,54.09253927107928,-0.5217362976596647,40.06731930226525,49.45264382806975,9.385324525804506,0.7512855723365003,0.3014637417656211,-0.4498218305708792,87.19820894072701,76.72769725392463,-10.470511686802382,0.693092607,0.604949874,-0.08814273299999997,5777.743452159764,5426.424336466554,-351.3191156932098
Yu Chang,2022,2023,190,112,42.552778213969525,35.42888103190459,-7.123897182064937,48.4565895684135,51.1605731158176,2.7039835474041,44.56431258394773,56.78145531354802,12.21714272960029,54.09253927107928,56.84521549065372,2.7526762195744396,49.45264382806975,37.546671638812086,-11.905972189257668,0.3014637417656211,0.0387443155443504,-0.26271942622127065,76.72769725392463,40.49870998254339,-36.22898727138124,0.604949874,0.552380952,-0.05256892199999996,5426.424336466554,5425.716995669372,-0.7073407971820416
Yuli Gurriel,2021,2022,605,584,74.2182741406279,63.554438410832994,-10.663835729794904,48.25410148038184,42.72904703154126,-5.525054448840578,42.5729913299879,55.0964626222853,12.523471292297401,41.47579775255586,32.34689887361756,-9.128898878938301,62.71825174403144,44.39182347441479,-18.32642826961665,3.2714732098363664,-0.701308996278937,-3.972782206115303,132.71475454540797,85.20887361119897,-47.505880934209,0.845735224,0.647304259,-0.19843096500000001,6970.07269617919,5282.774128692897,-1687.298567486293
Yuli Gurriel,2022,2023,584,329,63.554438410832994,60.25623423700897,-3.2982041738240255,42.72904703154126,40.39092800714855,-2.338119024392711,55.0964626222853,56.64019660498107,1.5437339826957697,32.34689887361756,44.85211261496961,12.505213741352051,44.39182347441479,52.551347109946114,8.159523635531322,-0.701308996278937,-0.3603579131082657,0.34095108317067124,85.20887361119897,76.17122040262375,-9.037653208575222,0.647304259,0.663011769,0.015707510000000036,5282.774128692897,6079.901266983476,797.1271382905788
Zach McKinstry,2021,2022,172,185,44.81257100710503,48.76229286802643,3.9497218609214,48.00854661237269,42.64929640691911,-5.359250205453577,47.12784365073716,69.17218298899364,22.044339338256478,48.08552560116643,54.36523055101788,6.27970494985145,44.51696587558514,50.498596154228885,5.981630278643742,-0.1018989180726636,0.7975819398996582,0.8994808579723218,76.71720343910121,81.28240007193831,4.5651966328371,0.668221185,0.634669826,-0.03355135900000006,5143.139697438873,6656.529796398355,1513.3900989594822
Zach McKinstry,2022,2023,185,518,48.76229286802643,54.05207187486501,5.289779006838579,42.64929640691911,41.54671449256669,-1.1025819143524203,69.17218298899364,55.53548498180216,-13.636698007191477,54.36523055101788,58.256102980760026,3.8908724297421458,50.498596154228885,51.230774087790905,0.7321779335620207,0.7975819398996582,1.116820462187629,0.3192385222879708,81.28240007193831,80.99389050768048,-0.28850956425783636,0.634669826,0.653618684,0.018948858000000013,6656.529796398355,6439.564965303099,-216.96483109525616
Zach McKinstry,2023,2024,518,325,54.05207187486501,52.02428831172726,-2.0277835631377457,41.54671449256669,41.32870880926904,-0.21800568329765468,55.53548498180216,71.36499708217761,15.829512100375446,58.256102980760026,55.87588199335721,-2.380220987402815,51.230774087790905,49.755641670956415,-1.4751324168344908,1.116820462187629,1.007023975280975,-0.10979648690665389,80.99389050768048,73.85435134267033,-7.139539165010149,0.653618684,0.613623412,-0.03999527199999997,6439.564965303099,6874.114865161208,434.5498998581097
Zach McKinstry,2024,2025,325,511,52.02428831172726,54.84133244303119,2.8170441313039305,41.32870880926904,45.002364430031896,3.673655620762858,71.36499708217761,64.67413913347154,-6.690857948706068,55.87588199335721,51.56485301274279,-4.311028980614424,49.755641670956415,52.17509443680958,2.4194527658531655,1.007023975280975,3.173167710956428,2.166143735675453,73.85435134267033,113.6826954217801,39.82834407910977,0.613623412,0.77138643,0.15776301799999992,6874.114865161208,6783.479107015047,-90.6357581461616
Zach Neto,2023,2024,329,602,44.37212073654791,48.394712924474106,4.022592187926193,48.93053419217562,54.87215529860159,5.94162110642597,49.58131135976562,56.63926770389093,7.057956344125309,54.55545104918007,47.66452097127438,-6.8909300779056935,46.98469181976138,44.4335534985344,-2.551138321226979,1.1301656847341073,3.551524601056583,2.4213589163224754,89.25222984259096,114.88853789941253,25.636308056821562,0.685089458,0.76053018,0.07544072199999996,5682.659644757972,6054.12979886078,371.470154102808
Zach Neto,2024,2025,602,554,48.394712924474106,46.89799093450234,-1.4967219899717676,54.87215529860159,61.52494528673678,6.65278998813519,56.63926770389093,59.640690299345664,3.001422595454734,47.66452097127438,42.10488590702401,-5.559635064250365,44.4335534985344,43.731526559448994,-0.7020269390854068,3.551524601056583,3.132452820325666,-0.419071780730917,114.88853789941253,115.58566304980468,0.6971251503921536,0.76053018,0.792944164,0.03241398400000006,6054.12979886078,6161.982032285486,107.85223342470545
Zack Collins,2021,2022,231,108,42.657084160091415,32.61381224941794,-10.043271910673475,49.35633216894024,52.03025201899501,2.673919850054766,41.41103477864337,42.68544601026786,1.2744112316244909,20.0,51.14901273698296,31.14901273698296,62.344697621795646,53.94475242115298,-8.39994520064267,-1.127485982058752,-0.34626889999594,0.7812170820628119,88.51681581147784,56.41498371486021,-32.10183209661763,0.66889632,0.551069109,-0.11782721100000004,4224.52250768745,5049.978219350231,825.4557116627802
Zack Gelof,2023,2024,300,547,43.58159510492508,29.330473562678648,-14.25112154224643,58.123429783515846,49.978461459655385,-8.14496832386046,63.02774634029306,66.39246231733199,3.3647159770389337,55.0166931633058,52.96151181436032,-2.0551813489454815,47.43345078976452,43.11654360389126,-4.316907185873262,2.702315889804088,1.423990282138446,-1.2783256076656422,132.1250668047709,82.200735945859,-49.924330858911915,0.840370369,0.632393626,-0.2079767429999999,6819.520224728961,5634.285256149619,-1185.2349685793415
Zack Gelof,2024,2025,547,101,29.330473562678648,21.662729598109628,-7.66774396456902,49.978461459655385,47.01839076520319,-2.9600706944521917,66.39246231733199,46.88786977220891,-19.50459254512308,52.96151181436032,53.93337026775264,0.971858453392322,43.11654360389126,44.66858398548175,1.5520403815904942,1.423990282138446,-0.2724013249618278,-1.6963916071002738,82.200735945859,35.87426803658957,-46.326467909269425,0.632393626,0.50173913,-0.130654496,5634.285256149619,4340.969287945503,-1293.315968204116
Óscar Mercado,2021,2022,238,128,47.644313814060304,43.75310434587498,-3.8912094681853233,40.68461685324639,43.71461188905401,3.029995035807623,61.12579108656005,54.5388281622222,-6.586962924337847,53.1137514428636,45.7641485236874,-7.349602919176199,53.9978672614093,38.93129177441347,-15.06657548699583,0.6386841436442177,-0.3588564927762252,-0.9975406364204429,86.94678930210648,71.54935153630461,-15.397437765801868,0.668736937,0.614088326,-0.05464861100000007,6235.416950070816,4887.355326290948,-1348.0616237798677
