player_id,Name,Season_t,Season_t1,y_true,feature_variant,model,features,prediction,selected_alpha
fg:10155,Mike Trout,2024,2025,120,within_input_season_standardized,League mean,training-target mean,97.12121212121212,
fg:10231,Jose Iglesias,2024,2025,73,within_input_season_standardized,League mean,training-target mean,97.12121212121212,
fg:10243,Randal Grichuk,2024,2025,82,within_input_season_standardized,League mean,training-target mean,97.12121212121212,
fg:10324,Marcell Ozuna,2024,2025,114,within_input_season_standardized,League mean,training-target mean,97.12121212121212,
fg:10472,Enrique Hernandez,2024,2025,70,within_input_season_standardized,League mean,training-target mean,97.12121212121212,
fg:10681,Gio Urshela,2024,2025,68,within_input_season_standardized,League mean,training-target mean,97.12121212121212,
fg:10815,Jurickson Profar,2024,2025,122,within_input_season_standardized,League mean,training-target mean,97.12121212121212,
fg:11442,Gary Sanchez,2024,2025,100,within_input_season_standardized,League mean,training-target mean,97.12121212121212,
fg:11445,Mark Canha,2024,2025,49,within_input_season_standardized,League mean,training-target mean,97.12121212121212,
fg:11477,Christian Yelich,2024,2025,121,within_input_season_standardized,League mean,training-target mean,97.12121212121212,
fg:11493,Manny Machado,2024,2025,123,within_input_season_standardized,League mean,training-target mean,97.12121212121212,
fg:11579,Bryce Harper,2024,2025,131,within_input_season_standardized,League mean,training-target mean,97.12121212121212,
fg:11609,Willson Contreras,2024,2025,124,within_input_season_standardized,League mean,training-target mean,97.12121212121212,
fg:11680,Elias Diaz,2024,2025,74,within_input_season_standardized,League mean,training-target mean,97.12121212121212,
fg:11737,Nick Castellanos,2024,2025,90,within_input_season_standardized,League mean,training-target mean,97.12121212121212,
fg:11739,J.T. Realmuto,2024,2025,94,within_input_season_standardized,League mean,training-target mean,97.12121212121212,
fg:11899,Joc Pederson,2024,2025,76,within_input_season_standardized,League mean,training-target mean,97.12121212121212,
fg:12005,Nick Martini,2024,2025,49,within_input_season_standardized,League mean,training-target mean,97.12121212121212,
fg:12144,Max Kepler,2024,2025,90,within_input_season_standardized,League mean,training-target mean,97.12121212121212,
fg:12161,Xander Bogaerts,2024,2025,104,within_input_season_standardized,League mean,training-target mean,97.12121212121212,
fg:12533,Marcus Semien,2024,2025,89,within_input_season_standardized,League mean,training-target mean,97.12121212121212,
fg:12552,Eugenio Suarez,2024,2025,125,within_input_season_standardized,League mean,training-target mean,97.12121212121212,
fg:12564,Trevor Story,2024,2025,101,within_input_season_standardized,League mean,training-target mean,97.12121212121212,
fg:12856,George Springer,2024,2025,166,within_input_season_standardized,League mean,training-target mean,97.12121212121212,
fg:12859,James McCann,2024,2025,110,within_input_season_standardized,League mean,training-target mean,97.12121212121212,
fg:12916,Francisco Lindor,2024,2025,129,within_input_season_standardized,League mean,training-target mean,97.12121212121212,
fg:12927,Brandon Nimmo,2024,2025,114,within_input_season_standardized,League mean,training-target mean,97.12121212121212,
fg:12976,Austin Hedges,2024,2025,51,within_input_season_standardized,League mean,training-target mean,97.12121212121212,
fg:12979,Javier Baez,2024,2025,86,within_input_season_standardized,League mean,training-target mean,97.12121212121212,
fg:13066,Teoscar Hernandez,2024,2025,102,within_input_season_standardized,League mean,training-target mean,97.12121212121212,
fg:13145,Josh Bell,2024,2025,107,within_input_season_standardized,League mean,training-target mean,97.12121212121212,
fg:13152,Jorge Polanco,2024,2025,132,within_input_season_standardized,League mean,training-target mean,97.12121212121212,
fg:13185,Orlando Arcia,2024,2025,33,within_input_season_standardized,League mean,training-target mean,97.12121212121212,
fg:13324,Ildemaro Vargas,2024,2025,85,within_input_season_standardized,League mean,training-target mean,97.12121212121212,
fg:13419,Christian Walker,2024,2025,99,within_input_season_standardized,League mean,training-target mean,97.12121212121212,
fg:13510,Jose Ramirez,2024,2025,133,within_input_season_standardized,League mean,training-target mean,97.12121212121212,
fg:13611,Mookie Betts,2024,2025,104,within_input_season_standardized,League mean,training-target mean,97.12121212121212,
fg:13613,Ketel Marte,2024,2025,145,within_input_season_standardized,League mean,training-target mean,97.12121212121212,
fg:13620,Carson Kelly,2024,2025,115,within_input_season_standardized,League mean,training-target mean,97.12121212121212,
fg:13624,Corey Seager,2024,2025,138,within_input_season_standardized,League mean,training-target mean,97.12121212121212,
fg:13675,Tyrone Taylor,2024,2025,70,within_input_season_standardized,League mean,training-target mean,97.12121212121212,
fg:13723,Jacob Stallings,2024,2025,-7,within_input_season_standardized,League mean,training-target mean,97.12121212121212,
fg:13757,Chris Taylor,2024,2025,56,within_input_season_standardized,League mean,training-target mean,97.12121212121212,
fg:13770,Rob Refsnyder,2024,2025,128,within_input_season_standardized,League mean,training-target mean,97.12121212121212,
fg:14161,Byron Buxton,2024,2025,136,within_input_season_standardized,League mean,training-target mean,97.12121212121212,
fg:14162,Carlos Correa,2024,2025,106,within_input_season_standardized,League mean,training-target mean,97.12121212121212,
fg:14221,Jorge Soler,2024,2025,88,within_input_season_standardized,League mean,training-target mean,97.12121212121212,
fg:14344,Matt Olson,2024,2025,136,within_input_season_standardized,League mean,training-target mean,97.12121212121212,
fg:14551,Anthony Santander,2024,2025,61,within_input_season_standardized,League mean,training-target mean,97.12121212121212,
fg:14813,Kyle Farmer,2024,2025,65,within_input_season_standardized,League mean,training-target mean,97.12121212121212,
fg:14854,Mike Yastrzemski,2024,2025,106,within_input_season_standardized,League mean,training-target mean,97.12121212121212,
fg:14968,Victor Caratini,2024,2025,104,within_input_season_standardized,League mean,training-target mean,97.12121212121212,
fg:15112,Ryan McMahon,2024,2025,86,within_input_season_standardized,League mean,training-target mean,97.12121212121212,
fg:15161,Mitch Garver,2024,2025,86,within_input_season_standardized,League mean,training-target mean,97.12121212121212,
fg:15194,Jake Bauers,2024,2025,114,within_input_season_standardized,League mean,training-target mean,97.12121212121212,
fg:15223,Adam Frazier,2024,2025,89,within_input_season_standardized,League mean,training-target mean,97.12121212121212,
fg:15274,Mike Tauchman,2024,2025,115,within_input_season_standardized,League mean,training-target mean,97.12121212121212,
fg:15362,Jeff McNeil,2024,2025,111,within_input_season_standardized,League mean,training-target mean,97.12121212121212,
fg:15464,Hunter Renfroe,2024,2025,32,within_input_season_standardized,League mean,training-target mean,97.12121212121212,
fg:15491,J.P. Crawford,2024,2025,113,within_input_season_standardized,League mean,training-target mean,97.12121212121212,
fg:15518,Amed Rosario,2024,2025,106,within_input_season_standardized,League mean,training-target mean,97.12121212121212,
fg:15640,Aaron Judge,2024,2025,204,within_input_season_standardized,League mean,training-target mean,97.12121212121212,
fg:15653,Dominic Smith,2024,2025,111,within_input_season_standardized,League mean,training-target mean,97.12121212121212,
fg:15674,Reese McGuire,2024,2025,86,within_input_season_standardized,League mean,training-target mean,97.12121212121212,
fg:15679,Rowdy Tellez,2024,2025,101,within_input_season_standardized,League mean,training-target mean,97.12121212121212,
fg:15711,Tyler O'Neill,2024,2025,91,within_input_season_standardized,League mean,training-target mean,97.12121212121212,
fg:15730,Tyler Wade,2024,2025,69,within_input_season_standardized,League mean,training-target mean,97.12121212121212,
fg:15878,Miguel Andujar,2024,2025,125,within_input_season_standardized,League mean,training-target mean,97.12121212121212,
fg:15905,Luis Torrens,2024,2025,79,within_input_season_standardized,League mean,training-target mean,97.12121212121212,
fg:15986,Willy Adames,2024,2025,108,within_input_season_standardized,League mean,training-target mean,97.12121212121212,
fg:15998,Cody Bellinger,2024,2025,125,within_input_season_standardized,League mean,training-target mean,97.12121212121212,
fg:16153,Austin Slater,2024,2025,78,within_input_season_standardized,League mean,training-target mean,97.12121212121212,
fg:16252,Trea Turner,2024,2025,125,within_input_season_standardized,League mean,training-target mean,97.12121212121212,
fg:16376,Michael Conforto,2024,2025,83,within_input_season_standardized,League mean,training-target mean,97.12121212121212,
fg:16426,Thairo Estrada,2024,2025,66,within_input_season_standardized,League mean,training-target mean,97.12121212121212,
fg:16442,Ryan O'Hearn,2024,2025,127,within_input_season_standardized,League mean,training-target mean,97.12121212121212,
fg:16472,Rhys Hoskins,2024,2025,109,within_input_season_standardized,League mean,training-target mean,97.12121212121212,
fg:16478,Kyle Schwarber,2024,2025,152,within_input_season_standardized,League mean,training-target mean,97.12121212121212,
fg:16505,Matt Chapman,2024,2025,118,within_input_season_standardized,League mean,training-target mean,97.12121212121212,
fg:16512,Isiah Kiner-Falefa,2024,2025,75,within_input_season_standardized,League mean,training-target mean,97.12121212121212,
fg:16530,Mauricio Dubon,2024,2025,80,within_input_season_standardized,League mean,training-target mean,97.12121212121212,
fg:16535,Danny Jansen,2024,2025,103,within_input_season_standardized,League mean,training-target mean,97.12121212121212,
fg:16556,Ozzie Albies,2024,2025,87,within_input_season_standardized,League mean,training-target mean,97.12121212121212,
fg:16578,Yandy Diaz,2024,2025,135,within_input_season_standardized,League mean,training-target mean,97.12121212121212,
fg:16622,Luis Urias,2024,2025,84,within_input_season_standardized,League mean,training-target mean,97.12121212121212,
fg:16725,Jose Trevino,2024,2025,66,within_input_season_standardized,League mean,training-target mean,97.12121212121212,
fg:16930,Jonah Heim,2024,2025,69,within_input_season_standardized,League mean,training-target mean,97.12121212121212,
fg:16939,Lane Thomas,2024,2025,48,within_input_season_standardized,League mean,training-target mean,97.12121212121212,
fg:16947,Derek Hill,2024,2025,70,within_input_season_standardized,League mean,training-target mean,97.12121212121212,
fg:16997,Gleyber Torres,2024,2025,113,within_input_season_standardized,League mean,training-target mean,97.12121212121212,
fg:17022,Edmundo Sosa,2024,2025,111,within_input_season_standardized,League mean,training-target mean,97.12121212121212,
fg:17027,Alex Verdugo,2024,2025,66,within_input_season_standardized,League mean,training-target mean,97.12121212121212,
fg:17040,Jose Herrera,2024,2025,57,within_input_season_standardized,League mean,training-target mean,97.12121212121212,
fg:17128,Ramon Laureano,2024,2025,138,within_input_season_standardized,League mean,training-target mean,97.12121212121212,
fg:17276,Alex Jackson,2024,2025,111,within_input_season_standardized,League mean,training-target mean,97.12121212121212,
fg:17338,Willi Castro,2024,2025,92,within_input_season_standardized,League mean,training-target mean,97.12121212121212,
fg:17350,Rafael Devers,2024,2025,135,within_input_season_standardized,League mean,training-target mean,97.12121212121212,
fg:17548,Taylor Ward,2024,2025,117,within_input_season_standardized,League mean,training-target mean,97.12121212121212,
fg:17678,Alex Bregman,2024,2025,125,within_input_season_standardized,League mean,training-target mean,97.12121212121212,
fg:17696,Kevin Newman,2024,2025,27,within_input_season_standardized,League mean,training-target mean,97.12121212121212,
fg:17901,Andrew Benintendi,2024,2025,103,within_input_season_standardized,League mean,training-target mean,97.12121212121212,
fg:17907,Brendan Rodgers,2024,2025,55,within_input_season_standardized,League mean,training-target mean,97.12121212121212,
fg:17919,Ian Happ,2024,2025,116,within_input_season_standardized,League mean,training-target mean,97.12121212121212,
fg:17929,Cedric Mullins,2024,2025,94,within_input_season_standardized,League mean,training-target mean,97.12121212121212,
fg:17982,Ty France,2024,2025,92,within_input_season_standardized,League mean,training-target mean,97.12121212121212,
fg:17988,Tyler Stephenson,2024,2025,99,within_input_season_standardized,League mean,training-target mean,97.12121212121212,
fg:18015,Paul DeJong,2024,2025,76,within_input_season_standardized,League mean,training-target mean,97.12121212121212,
fg:18030,Harrison Bader,2024,2025,122,within_input_season_standardized,League mean,training-target mean,97.12121212121212,
fg:18036,Jake Cronenworth,2024,2025,117,within_input_season_standardized,League mean,training-target mean,97.12121212121212,
fg:18042,Dylan Moore,2024,2025,83,within_input_season_standardized,League mean,training-target mean,97.12121212121212,
fg:18126,LaMonte Wade Jr.,2024,2025,52,within_input_season_standardized,League mean,training-target mean,97.12121212121212,
fg:18314,Dansby Swanson,2024,2025,99,within_input_season_standardized,League mean,training-target mean,97.12121212121212,
fg:18345,Kyle Tucker,2024,2025,136,within_input_season_standardized,League mean,training-target mean,97.12121212121212,
fg:18360,Austin Riley,2024,2025,103,within_input_season_standardized,League mean,training-target mean,97.12121212121212,
fg:18363,Victor Robles,2024,2025,75,within_input_season_standardized,League mean,training-target mean,97.12121212121212,
fg:18373,Ryan Mountcastle,2024,2025,81,within_input_season_standardized,League mean,training-target mean,97.12121212121212,
fg:18401,Ronald Acuna Jr.,2024,2025,161,within_input_season_standardized,League mean,training-target mean,97.12121212121212,
fg:18564,Trent Grisham,2024,2025,129,within_input_season_standardized,League mean,training-target mean,97.12121212121212,
fg:18568,Luis Arraez,2024,2025,104,within_input_season_standardized,League mean,training-target mean,97.12121212121212,
fg:18577,Ke'Bryan Hayes,2024,2025,65,within_input_season_standardized,League mean,training-target mean,97.12121212121212,
fg:18795,Ramon Urias,2024,2025,87,within_input_season_standardized,League mean,training-target mean,97.12121212121212,
fg:18819,Andy Ibanez,2024,2025,84,within_input_season_standardized,League mean,training-target mean,97.12121212121212,
fg:18839,Josh Naylor,2024,2025,128,within_input_season_standardized,League mean,training-target mean,97.12121212121212,
fg:18882,Brandon Lowe,2024,2025,114,within_input_season_standardized,League mean,training-target mean,97.12121212121212,
fg:18900,Leody Taveras,2024,2025,47,within_input_season_standardized,League mean,training-target mean,97.12121212121212,
fg:19238,Lourdes Gurriel Jr.,2024,2025,95,within_input_season_standardized,League mean,training-target mean,97.12121212121212,
fg:19251,Pete Alonso,2024,2025,141,within_input_season_standardized,League mean,training-target mean,97.12121212121212,
fg:19260,Jake Fraley,2024,2025,97,within_input_season_standardized,League mean,training-target mean,97.12121212121212,
fg:19287,Adolis Garcia,2024,2025,83,within_input_season_standardized,League mean,training-target mean,97.12121212121212,
fg:19290,Randy Arozarena,2024,2025,120,within_input_season_standardized,League mean,training-target mean,97.12121212121212,
fg:19296,Alex Call,2024,2025,113,within_input_season_standardized,League mean,training-target mean,97.12121212121212,
fg:19318,Matt Thaiss,2024,2025,89,within_input_season_standardized,League mean,training-target mean,97.12121212121212,
fg:19326,Bryan Reynolds,2024,2025,99,within_input_season_standardized,League mean,training-target mean,97.12121212121212,
fg:19352,Sean Murphy,2024,2025,97,within_input_season_standardized,League mean,training-target mean,97.12121212121212,
fg:19354,Luke Raley,2024,2025,91,within_input_season_standardized,League mean,training-target mean,97.12121212121212,
fg:19363,Austin Hays,2024,2025,105,within_input_season_standardized,League mean,training-target mean,97.12121212121212,
fg:19392,Zach McKinstry,2024,2025,114,within_input_season_standardized,League mean,training-target mean,97.12121212121212,
fg:19452,Jake Rogers,2024,2025,70,within_input_season_standardized,League mean,training-target mean,97.12121212121212,
fg:19455,Andruw Monasterio,2024,2025,111,within_input_season_standardized,League mean,training-target mean,97.12121212121212,
fg:19470,Tommy Edman,2024,2025,81,within_input_season_standardized,League mean,training-target mean,97.12121212121212,
fg:19522,TJ Friedl,2024,2025,109,within_input_season_standardized,League mean,training-target mean,97.12121212121212,
fg:19556,Yordan Alvarez,2024,2025,118,within_input_season_standardized,League mean,training-target mean,97.12121212121212,
fg:19566,Nathaniel Lowe,2024,2025,91,within_input_season_standardized,League mean,training-target mean,97.12121212121212,
fg:19599,Chas McCormick,2024,2025,62,within_input_season_standardized,League mean,training-target mean,97.12121212121212,
fg:19608,Otto Lopez,2024,2025,86,within_input_season_standardized,League mean,training-target mean,97.12121212121212,
fg:19610,Keibert Ruiz,2024,2025,65,within_input_season_standardized,League mean,training-target mean,97.12121212121212,
fg:19611,Vladimir Guerrero Jr.,2024,2025,137,within_input_season_standardized,League mean,training-target mean,97.12121212121212,
fg:19612,Bo Bichette,2024,2025,134,within_input_season_standardized,League mean,training-target mean,97.12121212121212,
fg:19627,Brent Rooker,2024,2025,122,within_input_season_standardized,League mean,training-target mean,97.12121212121212,
fg:19709,Fernando Tatis Jr.,2024,2025,131,within_input_season_standardized,League mean,training-target mean,97.12121212121212,
fg:19734,Josh Rojas,2024,2025,44,within_input_season_standardized,League mean,training-target mean,97.12121212121212,
fg:19755,Shohei Ohtani,2024,2025,172,within_input_season_standardized,League mean,training-target mean,97.12121212121212,
fg:19844,Abraham Toro,2024,2025,77,within_input_season_standardized,League mean,training-target mean,97.12121212121212,
fg:19858,Luis Rengifo,2024,2025,73,within_input_season_standardized,League mean,training-target mean,97.12121212121212,
fg:19864,Riley Adams,2024,2025,57,within_input_season_standardized,League mean,training-target mean,97.12121212121212,
fg:19890,Emmanuel Rivera,2024,2025,64,within_input_season_standardized,League mean,training-target mean,97.12121212121212,
fg:19892,Pavin Smith,2024,2025,123,within_input_season_standardized,League mean,training-target mean,97.12121212121212,
fg:19896,Connor Wong,2024,2025,39,within_input_season_standardized,League mean,training-target mean,97.12121212121212,
fg:19901,Gavin Sheets,2024,2025,111,within_input_season_standardized,League mean,training-target mean,97.12121212121212,
fg:19913,Jesus Sanchez,2024,2025,93,within_input_season_standardized,League mean,training-target mean,97.12121212121212,
fg:19918,Daulton Varsho,2024,2025,123,within_input_season_standardized,League mean,training-target mean,97.12121212121212,
fg:19921,Blake Perkins,2024,2025,83,within_input_season_standardized,League mean,training-target mean,97.12121212121212,
fg:19950,Andres Gimenez,2024,2025,70,within_input_season_standardized,League mean,training-target mean,97.12121212121212,
fg:19953,Josh Lowe,2024,2025,79,within_input_season_standardized,League mean,training-target mean,97.12121212121212,
fg:19955,Gavin Lux,2024,2025,102,within_input_season_standardized,League mean,training-target mean,97.12121212121212,
fg:19956,Mickey Moniak,2024,2025,110,within_input_season_standardized,League mean,training-target mean,97.12121212121212,
fg:19997,Santiago Espinal,2024,2025,58,within_input_season_standardized,League mean,training-target mean,97.12121212121212,
fg:20017,Miles Mastrobuoni,2024,2025,85,within_input_season_standardized,League mean,training-target mean,97.12121212121212,
fg:20036,Isaac Paredes,2024,2025,128,within_input_season_standardized,League mean,training-target mean,97.12121212121212,
fg:20043,Luis Robert Jr.,2024,2025,84,within_input_season_standardized,League mean,training-target mean,97.12121212121212,
fg:20123,Juan Soto,2024,2025,156,within_input_season_standardized,League mean,training-target mean,97.12121212121212,
fg:20126,Dylan Carlson,2024,2025,74,within_input_season_standardized,League mean,training-target mean,97.12121212121212,
fg:20178,Miguel Vargas,2024,2025,101,within_input_season_standardized,League mean,training-target mean,97.12121212121212,
fg:20202,Brandon Marsh,2024,2025,116,within_input_season_standardized,League mean,training-target mean,97.12121212121212,
fg:20220,Jo Adell,2024,2025,112,within_input_season_standardized,League mean,training-target mean,97.12121212121212,
fg:20287,Ben Rortvedt,2024,2025,31,within_input_season_standardized,League mean,training-target mean,97.12121212121212,
fg:20308,Jake Meyers,2024,2025,107,within_input_season_standardized,League mean,training-target mean,97.12121212121212,
fg:20352,Ernie Clement,2024,2025,98,within_input_season_standardized,League mean,training-target mean,97.12121212121212,
fg:20437,Royce Lewis,2024,2025,85,within_input_season_standardized,League mean,training-target mean,97.12121212121212,
fg:20454,Jazz Chisholm Jr.,2024,2025,126,within_input_season_standardized,League mean,training-target mean,97.12121212121212,
fg:20503,William Contreras,2024,2025,113,within_input_season_standardized,League mean,training-target mean,97.12121212121212,
fg:20529,Nolan Jones,2024,2025,72,within_input_season_standardized,League mean,training-target mean,97.12121212121212,
fg:20572,Kody Clemens,2024,2025,95,within_input_season_standardized,League mean,training-target mean,97.12121212121212,
fg:20599,Ivan Herrera,2024,2025,137,within_input_season_standardized,League mean,training-target mean,97.12121212121212,
fg:21454,Lars Nootbaar,2024,2025,96,within_input_season_standardized,League mean,training-target mean,97.12121212121212,
fg:21479,Nico Hoerner,2024,2025,109,within_input_season_standardized,League mean,training-target mean,97.12121212121212,
fg:21501,Trevor Larnach,2024,2025,102,within_input_season_standardized,League mean,training-target mean,97.12121212121212,
fg:21523,Jonathan India,2024,2025,89,within_input_season_standardized,League mean,training-target mean,97.12121212121212,
fg:21524,Joey Bart,2024,2025,101,within_input_season_standardized,League mean,training-target mean,97.12121212121212,
fg:21534,Cal Raleigh,2024,2025,161,within_input_season_standardized,League mean,training-target mean,97.12121212121212,
fg:21538,Nick Fortes,2024,2025,80,within_input_season_standardized,League mean,training-target mean,97.12121212121212,
fg:21558,Matt Vierling,2024,2025,76,within_input_season_standardized,League mean,training-target mean,97.12121212121212,
fg:21562,Romy Gonzalez,2024,2025,123,within_input_season_standardized,League mean,training-target mean,97.12121212121212,
fg:21614,Kyle Isbel,2024,2025,79,within_input_season_standardized,League mean,training-target mean,97.12121212121212,
fg:21618,Alec Bohm,2024,2025,105,within_input_season_standardized,League mean,training-target mean,97.12121212121212,
fg:21622,Jake McCarthy,2024,2025,60,within_input_season_standardized,League mean,training-target mean,97.12121212121212,
fg:21636,Jeremy Pena,2024,2025,135,within_input_season_standardized,League mean,training-target mean,97.12121212121212,
fg:21693,Miguel Amaya,2024,2025,124,within_input_season_standardized,League mean,training-target mean,97.12121212121212,
fg:21707,Oswaldo Cabrera,2024,2025,83,within_input_season_standardized,League mean,training-target mean,97.12121212121212,
fg:21711,Oneil Cruz,2024,2025,86,within_input_season_standardized,League mean,training-target mean,97.12121212121212,
fg:21716,Enmanuel Valdez,2024,2025,82,within_input_season_standardized,League mean,training-target mean,97.12121212121212,
fg:21837,Jonathan Aranda,2024,2025,146,within_input_season_standardized,League mean,training-target mean,97.12121212121212,
fg:21840,Freddy Fermin,2024,2025,77,within_input_season_standardized,League mean,training-target mean,97.12121212121212,
fg:21853,Will Benson,2024,2025,85,within_input_season_standardized,League mean,training-target mean,97.12121212121212,
fg:21865,Bo Naylor,2024,2025,85,within_input_season_standardized,League mean,training-target mean,97.12121212121212,
fg:21897,Christopher Morel,2024,2025,90,within_input_season_standardized,League mean,training-target mean,97.12121212121212,
fg:22054,Dane Myers,2024,2025,72,within_input_season_standardized,League mean,training-target mean,97.12121212121212,
fg:22184,Mark Vientos,2024,2025,97,within_input_season_standardized,League mean,training-target mean,97.12121212121212,
fg:22186,Brice Turang,2024,2025,124,within_input_season_standardized,League mean,training-target mean,97.12121212121212,
fg:22244,Jack Suwinski,2024,2025,55,within_input_season_standardized,League mean,training-target mean,97.12121212121212,
fg:22263,Nolan Gorman,2024,2025,88,within_input_season_standardized,League mean,training-target mean,97.12121212121212,
fg:22266,Xavier Edwards,2024,2025,95,within_input_season_standardized,League mean,training-target mean,97.12121212121212,
fg:22275,Jake Burger,2024,2025,89,within_input_season_standardized,League mean,training-target mean,97.12121212121212,
fg:22277,Nick Allen,2024,2025,53,within_input_season_standardized,League mean,training-target mean,97.12121212121212,
fg:22458,Taylor Walls,2024,2025,66,within_input_season_standardized,League mean,training-target mean,97.12121212121212,
fg:22514,Triston Casas,2024,2025,56,within_input_season_standardized,League mean,training-target mean,97.12121212121212,
fg:22515,Heliot Ramos,2024,2025,106,within_input_season_standardized,League mean,training-target mean,97.12121212121212,
fg:22532,Tyler Freeman,2024,2025,91,within_input_season_standardized,League mean,training-target mean,97.12121212121212,
fg:22542,Lawrence Butler,2024,2025,96,within_input_season_standardized,League mean,training-target mean,97.12121212121212,
fg:22563,Gabriel Arias,2024,2025,77,within_input_season_standardized,League mean,training-target mean,97.12121212121212,
fg:22581,Alejandro Kirk,2024,2025,116,within_input_season_standardized,League mean,training-target mean,97.12121212121212,
fg:22664,Gabriel Moreno,2024,2025,117,within_input_season_standardized,League mean,training-target mean,97.12121212121212,
fg:22715,Maikel Garcia,2024,2025,121,within_input_season_standardized,League mean,training-target mean,97.12121212121212,
fg:22799,Geraldo Perdomo,2024,2025,138,within_input_season_standardized,League mean,training-target mean,97.12121212121212,
fg:22857,Wenceel Perez,2024,2025,103,within_input_season_standardized,League mean,training-target mean,97.12121212121212,
fg:22896,Lenyn Sosa,2024,2025,100,within_input_season_standardized,League mean,training-target mean,97.12121212121212,
fg:23003,Yainer Diaz,2024,2025,92,within_input_season_standardized,League mean,training-target mean,97.12121212121212,
fg:23401,Jose Caballero,2024,2025,97,within_input_season_standardized,League mean,training-target mean,97.12121212121212,
fg:23565,Davis Schneider,2024,2025,127,within_input_season_standardized,League mean,training-target mean,97.12121212121212,
fg:23690,Brayan Rocchio,2024,2025,77,within_input_season_standardized,League mean,training-target mean,97.12121212121212,
fg:23691,Jose Tena,2024,2025,88,within_input_season_standardized,League mean,training-target mean,97.12121212121212,
fg:23697,Julio Rodriguez,2024,2025,126,within_input_season_standardized,League mean,training-target mean,97.12121212121212,
fg:23733,Ezequiel Duran,2024,2025,57,within_input_season_standardized,League mean,training-target mean,97.12121212121212,
fg:23772,Wilyer Abreu,2024,2025,110,within_input_season_standardized,League mean,training-target mean,97.12121212121212,
fg:23789,Blaze Alexander,2024,2025,99,within_input_season_standardized,League mean,training-target mean,97.12121212121212,
fg:23792,Alek Thomas,2024,2025,81,within_input_season_standardized,League mean,training-target mean,97.12121212121212,
fg:23800,Parker Meadows,2024,2025,75,within_input_season_standardized,League mean,training-target mean,97.12121212121212,
fg:2396,Carlos Santana,2024,2025,82,within_input_season_standardized,League mean,training-target mean,97.12121212121212,
fg:23986,Curtis Mead,2024,2025,76,within_input_season_standardized,League mean,training-target mean,97.12121212121212,
fg:24064,Ezequiel Tovar,2024,2025,78,within_input_season_standardized,League mean,training-target mean,97.12121212121212,
fg:24257,Jhonkensy Noel,2024,2025,28,within_input_season_standardized,League mean,training-target mean,97.12121212121212,
fg:24262,Ceddanne Rafaela,2024,2025,91,within_input_season_standardized,League mean,training-target mean,97.12121212121212,
fg:24336,Johan Rojas,2024,2025,58,within_input_season_standardized,League mean,training-target mean,97.12121212121212,
fg:24488,Max Schuemann,2024,2025,62,within_input_season_standardized,League mean,training-target mean,97.12121212121212,
fg:24598,Addison Barger,2024,2025,107,within_input_season_standardized,League mean,training-target mean,97.12121212121212,
fg:24610,Steven Kwan,2024,2025,99,within_input_season_standardized,League mean,training-target mean,97.12121212121212,
fg:24617,Jarren Duran,2024,2025,111,within_input_season_standardized,League mean,training-target mean,97.12121212121212,
fg:24618,Ryan Jeffers,2024,2025,113,within_input_season_standardized,League mean,training-target mean,97.12121212121212,
fg:24679,Brendan Donovan,2024,2025,119,within_input_season_standardized,League mean,training-target mean,97.12121212121212,
fg:24703,Jonah Bride,2024,2025,23,within_input_season_standardized,League mean,training-target mean,97.12121212121212,
fg:24729,Logan O'Hoppe,2024,2025,72,within_input_season_standardized,League mean,training-target mean,97.12121212121212,
fg:24770,James Outman,2024,2025,48,within_input_season_standardized,League mean,training-target mean,97.12121212121212,
fg:24816,Andy Pages,2024,2025,113,within_input_season_standardized,League mean,training-target mean,97.12121212121212,
fg:24934,David Fry,2024,2025,63,within_input_season_standardized,League mean,training-target mean,97.12121212121212,
fg:25180,Daniel Schneemann,2024,2025,79,within_input_season_standardized,League mean,training-target mean,97.12121212121212,
fg:25479,Brenton Doyle,2024,2025,65,within_input_season_standardized,League mean,training-target mean,97.12121212121212,
fg:25493,Joey Ortiz,2024,2025,67,within_input_season_standardized,League mean,training-target mean,97.12121212121212,
fg:25764,Bobby Witt Jr.,2024,2025,130,within_input_season_standardized,League mean,training-target mean,97.12121212121212,
fg:25768,CJ Abrams,2024,2025,107,within_input_season_standardized,League mean,training-target mean,97.12121212121212,
fg:25782,Pedro Pages,2024,2025,77,within_input_season_standardized,League mean,training-target mean,97.12121212121212,
fg:25807,Jared Triolo,2024,2025,86,within_input_season_standardized,League mean,training-target mean,97.12121212121212,
fg:25816,Shea Langeliers,2024,2025,132,within_input_season_standardized,League mean,training-target mean,97.12121212121212,
fg:25845,Michael Toglia,2024,2025,54,within_input_season_standardized,League mean,training-target mean,97.12121212121212,
fg:25878,Corbin Carroll,2024,2025,139,within_input_season_standardized,League mean,training-target mean,97.12121212121212,
fg:25931,Michael Harris II,2024,2025,83,within_input_season_standardized,League mean,training-target mean,97.12121212121212,
fg:25961,Kerry Carpenter,2024,2025,115,within_input_season_standardized,League mean,training-target mean,97.12121212121212,
fg:25976,Riley Greene,2024,2025,121,within_input_season_standardized,League mean,training-target mean,97.12121212121212,
fg:26121,Francisco Alvarez,2024,2025,124,within_input_season_standardized,League mean,training-target mean,97.12121212121212,
fg:26123,Brett Baty,2024,2025,111,within_input_season_standardized,League mean,training-target mean,97.12121212121212,
fg:26151,Kyle Stowers,2024,2025,149,within_input_season_standardized,League mean,training-target mean,97.12121212121212,
fg:26197,Andrew Vaughn,2024,2025,99,within_input_season_standardized,League mean,training-target mean,97.12121212121212,
fg:26208,Tyler Fitzgerald,2024,2025,72,within_input_season_standardized,League mean,training-target mean,97.12121212121212,
fg:26224,Darell Hernaiz,2024,2025,65,within_input_season_standardized,League mean,training-target mean,97.12121212121212,
fg:26288,Adley Rutschman,2024,2025,91,within_input_season_standardized,League mean,training-target mean,97.12121212121212,
fg:26289,Gunnar Henderson,2024,2025,120,within_input_season_standardized,League mean,training-target mean,97.12121212121212,
fg:26294,Bryson Stott,2024,2025,100,within_input_season_standardized,League mean,training-target mean,97.12121212121212,
fg:26299,Josh Jung,2024,2025,91,within_input_season_standardized,League mean,training-target mean,97.12121212121212,
fg:26319,Michael Busch,2024,2025,140,within_input_season_standardized,League mean,training-target mean,97.12121212121212,
fg:26323,Spencer Steer,2024,2025,97,within_input_season_standardized,League mean,training-target mean,97.12121212121212,
fg:26368,JJ Bleday,2024,2025,90,within_input_season_standardized,League mean,training-target mean,97.12121212121212,
fg:26396,Josh Smith,2024,2025,100,within_input_season_standardized,League mean,training-target mean,97.12121212121212,
fg:26438,Dominic Canzone,2024,2025,141,within_input_season_standardized,League mean,training-target mean,97.12121212121212,
fg:26466,Matt Wallner,2024,2025,114,within_input_season_standardized,League mean,training-target mean,97.12121212121212,
fg:26467,Luis Matos,2024,2025,91,within_input_season_standardized,League mean,training-target mean,97.12121212121212,
fg:26477,Spencer Horwitz,2024,2025,119,within_input_season_standardized,League mean,training-target mean,97.12121212121212,
fg:26517,Noelvi Marte,2024,2025,101,within_input_season_standardized,League mean,training-target mean,97.12121212121212,
fg:26540,Angel Martinez,2024,2025,74,within_input_season_standardized,League mean,training-target mean,97.12121212121212,
fg:26668,Elly De La Cruz,2024,2025,109,within_input_season_standardized,League mean,training-target mean,97.12121212121212,
fg:27462,Austin Martin,2024,2025,113,within_input_season_standardized,League mean,training-target mean,97.12121212121212,
fg:27465,Spencer Torkelson,2024,2025,118,within_input_season_standardized,League mean,training-target mean,97.12121212121212,
fg:27467,Tyler Soderstrom,2024,2025,125,within_input_season_standardized,League mean,training-target mean,97.12121212121212,
fg:27475,Jordan Walker,2024,2025,66,within_input_season_standardized,League mean,training-target mean,97.12121212121212,
fg:27478,Patrick Bailey,2024,2025,70,within_input_season_standardized,League mean,training-target mean,97.12121212121212,
fg:27479,Masyn Winn,2024,2025,91,within_input_season_standardized,League mean,training-target mean,97.12121212121212,
fg:27490,Nick Gonzales,2024,2025,82,within_input_season_standardized,League mean,training-target mean,97.12121212121212,
fg:27506,Ha-seong Kim,2024,2025,82,within_input_season_standardized,League mean,training-target mean,97.12121212121212,
fg:27531,David Hamilton,2024,2025,60,within_input_season_standardized,League mean,training-target mean,97.12121212121212,
fg:27534,Edouard Julien,2024,2025,81,within_input_season_standardized,League mean,training-target mean,97.12121212121212,
fg:27562,Austin Wells,2024,2025,94,within_input_season_standardized,League mean,training-target mean,97.12121212121212,
fg:27577,Casey Schmitt,2024,2025,98,within_input_season_standardized,League mean,training-target mean,97.12121212121212,
fg:27615,Alec Burleson,2024,2025,124,within_input_season_standardized,League mean,training-target mean,97.12121212121212,
fg:27630,Nick Loftin,2024,2025,73,within_input_season_standardized,League mean,training-target mean,97.12121212121212,
fg:27647,Anthony Volpe,2024,2025,83,within_input_season_standardized,League mean,training-target mean,97.12121212121212,
fg:27676,Vinnie Pasquantino,2024,2025,116,within_input_season_standardized,League mean,training-target mean,97.12121212121212,
fg:27684,Michael Massey,2024,2025,57,within_input_season_standardized,League mean,training-target mean,97.12121212121212,
fg:27769,Pete Crow-Armstrong,2024,2025,109,within_input_season_standardized,League mean,training-target mean,97.12121212121212,
fg:27790,Evan Carter,2024,2025,107,within_input_season_standardized,League mean,training-target mean,97.12121212121212,
fg:27815,Jordan Westburg,2024,2025,115,within_input_season_standardized,League mean,training-target mean,97.12121212121212,
fg:27899,Colt Keith,2024,2025,109,within_input_season_standardized,League mean,training-target mean,97.12121212121212,
fg:28163,Junior Caminero,2024,2025,129,within_input_season_standardized,League mean,training-target mean,97.12121212121212,
fg:28806,Jackson Chourio,2024,2025,111,within_input_season_standardized,League mean,training-target mean,97.12121212121212,
fg:29490,Jackson Merrill,2024,2025,116,within_input_season_standardized,League mean,training-target mean,97.12121212121212,
fg:29518,James Wood,2024,2025,127,within_input_season_standardized,League mean,training-target mean,97.12121212121212,
fg:29575,Trey Sweeney,2024,2025,53,within_input_season_standardized,League mean,training-target mean,97.12121212121212,
fg:29576,Ben Rice,2024,2025,133,within_input_season_standardized,League mean,training-target mean,97.12121212121212,
fg:29591,Colton Cowser,2024,2025,83,within_input_season_standardized,League mean,training-target mean,97.12121212121212,
fg:29592,Connor Norby,2024,2025,90,within_input_season_standardized,League mean,training-target mean,97.12121212121212,
fg:29606,Justyn-Henry Malloy,2024,2025,92,within_input_season_standardized,League mean,training-target mean,97.12121212121212,
fg:29617,Henry Davis,2024,2025,41,within_input_season_standardized,League mean,training-target mean,97.12121212121212,
fg:29622,Sal Frelick,2024,2025,114,within_input_season_standardized,League mean,training-target mean,97.12121212121212,
fg:29630,Joey Loperfido,2024,2025,148,within_input_season_standardized,League mean,training-target mean,97.12121212121212,
fg:2967,Tommy Pham,2024,2025,94,within_input_season_standardized,League mean,training-target mean,97.12121212121212,
fg:29715,Hunter Goodman,2024,2025,118,within_input_season_standardized,League mean,training-target mean,97.12121212121212,
fg:29766,Zack Gelof,2024,2025,36,within_input_season_standardized,League mean,training-target mean,97.12121212121212,
fg:29794,Kyle Manzardo,2024,2025,113,within_input_season_standardized,League mean,training-target mean,97.12121212121212,
fg:29931,Jacob Young,2024,2025,66,within_input_season_standardized,League mean,training-target mean,97.12121212121212,
fg:30011,Christian Encarnacion-Strand,2024,2025,59,within_input_season_standardized,League mean,training-target mean,97.12121212121212,
fg:30116,Seiya Suzuki,2024,2025,123,within_input_season_standardized,League mean,training-target mean,97.12121212121212,
fg:31166,Heston Kjerstad,2024,2025,57,within_input_season_standardized,League mean,training-target mean,97.12121212121212,
fg:31347,Zach Neto,2024,2025,116,within_input_season_standardized,League mean,training-target mean,97.12121212121212,
fg:31349,Victor Scott II,2024,2025,76,within_input_season_standardized,League mean,training-target mean,97.12121212121212,
fg:31394,Brooks Baldwin,2024,2025,92,within_input_season_standardized,League mean,training-target mean,97.12121212121212,
fg:31431,Jordan Beck,2024,2025,90,within_input_season_standardized,League mean,training-target mean,97.12121212121212,
fg:31595,Brooks Lee,2024,2025,81,within_input_season_standardized,League mean,training-target mean,97.12121212121212,
fg:31781,Jackson Holliday,2024,2025,96,within_input_season_standardized,League mean,training-target mean,97.12121212121212,
fg:31837,Masataka Yoshida,2024,2025,88,within_input_season_standardized,League mean,training-target mean,97.12121212121212,
fg:33189,Nolan Schanuel,2024,2025,109,within_input_season_standardized,League mean,training-target mean,97.12121212121212,
fg:33266,Jacob Wilson,2024,2025,121,within_input_season_standardized,League mean,training-target mean,97.12121212121212,
fg:33333,Wyatt Langford,2024,2025,118,within_input_season_standardized,League mean,training-target mean,97.12121212121212,
fg:33541,Dylan Crews,2024,2025,77,within_input_season_standardized,League mean,training-target mean,97.12121212121212,
fg:33824,Jung Hoo Lee,2024,2025,107,within_input_season_standardized,League mean,training-target mean,97.12121212121212,
fg:4949,Giancarlo Stanton,2024,2025,158,within_input_season_standardized,League mean,training-target mean,97.12121212121212,
fg:5235,Justin Turner,2024,2025,71,within_input_season_standardized,League mean,training-target mean,97.12121212121212,
fg:5361,Freddie Freeman,2024,2025,139,within_input_season_standardized,League mean,training-target mean,97.12121212121212,
fg:5417,Jose Altuve,2024,2025,113,within_input_season_standardized,League mean,training-target mean,97.12121212121212,
fg:5517,Kyle Higashioka,2024,2025,93,within_input_season_standardized,League mean,training-target mean,97.12121212121212,
fg:5827,Wilmer Flores,2024,2025,95,within_input_season_standardized,League mean,training-target mean,97.12121212121212,
fg:6887,Martin Maldonado,2024,2025,61,within_input_season_standardized,League mean,training-target mean,97.12121212121212,
fg:7304,Salvador Perez,2024,2025,95,within_input_season_standardized,League mean,training-target mean,97.12121212121212,
fg:7739,Travis d'Arnaud,2024,2025,64,within_input_season_standardized,League mean,training-target mean,97.12121212121212,
fg:7802,Miguel Rojas,2024,2025,100,within_input_season_standardized,League mean,training-target mean,97.12121212121212,
fg:8623,Donovan Solano,2024,2025,82,within_input_season_standardized,League mean,training-target mean,97.12121212121212,
fg:9218,Paul Goldschmidt,2024,2025,103,within_input_season_standardized,League mean,training-target mean,97.12121212121212,
fg:9241,Starling Marte,2024,2025,112,within_input_season_standardized,League mean,training-target mean,97.12121212121212,
fg:9774,Christian Vazquez,2024,2025,55,within_input_season_standardized,League mean,training-target mean,97.12121212121212,
fg:9777,Nolan Arenado,2024,2025,84,within_input_season_standardized,League mean,training-target mean,97.12121212121212,
fg:9847,Andrew McCutchen,2024,2025,95,within_input_season_standardized,League mean,training-target mean,97.12121212121212,
fg:9874,DJ LeMahieu,2024,2025,95,within_input_season_standardized,League mean,training-target mean,97.12121212121212,
fg:10155,Mike Trout,2024,2025,120,within_input_season_standardized,Carry-forward wRC+,season-t wRC+,140.0,
fg:10231,Jose Iglesias,2024,2025,73,within_input_season_standardized,Carry-forward wRC+,season-t wRC+,136.0,
fg:10243,Randal Grichuk,2024,2025,82,within_input_season_standardized,Carry-forward wRC+,season-t wRC+,139.0,
fg:10324,Marcell Ozuna,2024,2025,114,within_input_season_standardized,Carry-forward wRC+,season-t wRC+,154.0,
fg:10472,Enrique Hernandez,2024,2025,70,within_input_season_standardized,Carry-forward wRC+,season-t wRC+,82.0,
fg:10681,Gio Urshela,2024,2025,68,within_input_season_standardized,Carry-forward wRC+,season-t wRC+,80.0,
fg:10815,Jurickson Profar,2024,2025,122,within_input_season_standardized,Carry-forward wRC+,season-t wRC+,139.0,
fg:11442,Gary Sanchez,2024,2025,100,within_input_season_standardized,Carry-forward wRC+,season-t wRC+,97.0,
fg:11445,Mark Canha,2024,2025,49,within_input_season_standardized,Carry-forward wRC+,season-t wRC+,101.0,
fg:11477,Christian Yelich,2024,2025,121,within_input_season_standardized,Carry-forward wRC+,season-t wRC+,154.0,
fg:11493,Manny Machado,2024,2025,123,within_input_season_standardized,Carry-forward wRC+,season-t wRC+,122.0,
fg:11579,Bryce Harper,2024,2025,131,within_input_season_standardized,Carry-forward wRC+,season-t wRC+,144.0,
fg:11609,Willson Contreras,2024,2025,124,within_input_season_standardized,Carry-forward wRC+,season-t wRC+,141.0,
fg:11680,Elias Diaz,2024,2025,74,within_input_season_standardized,Carry-forward wRC+,season-t wRC+,81.0,
fg:11737,Nick Castellanos,2024,2025,90,within_input_season_standardized,Carry-forward wRC+,season-t wRC+,104.0,
fg:11739,J.T. Realmuto,2024,2025,94,within_input_season_standardized,Carry-forward wRC+,season-t wRC+,107.0,
fg:11899,Joc Pederson,2024,2025,76,within_input_season_standardized,Carry-forward wRC+,season-t wRC+,152.0,
fg:12005,Nick Martini,2024,2025,49,within_input_season_standardized,Carry-forward wRC+,season-t wRC+,72.0,
fg:12144,Max Kepler,2024,2025,90,within_input_season_standardized,Carry-forward wRC+,season-t wRC+,93.0,
fg:12161,Xander Bogaerts,2024,2025,104,within_input_season_standardized,Carry-forward wRC+,season-t wRC+,95.0,
fg:12533,Marcus Semien,2024,2025,89,within_input_season_standardized,Carry-forward wRC+,season-t wRC+,101.0,
fg:12552,Eugenio Suarez,2024,2025,125,within_input_season_standardized,Carry-forward wRC+,season-t wRC+,115.0,
fg:12564,Trevor Story,2024,2025,101,within_input_season_standardized,Carry-forward wRC+,season-t wRC+,103.0,
fg:12856,George Springer,2024,2025,166,within_input_season_standardized,Carry-forward wRC+,season-t wRC+,94.0,
fg:12859,James McCann,2024,2025,110,within_input_season_standardized,Carry-forward wRC+,season-t wRC+,88.0,
fg:12916,Francisco Lindor,2024,2025,129,within_input_season_standardized,Carry-forward wRC+,season-t wRC+,137.0,
fg:12927,Brandon Nimmo,2024,2025,114,within_input_season_standardized,Carry-forward wRC+,season-t wRC+,108.0,
fg:12976,Austin Hedges,2024,2025,51,within_input_season_standardized,Carry-forward wRC+,season-t wRC+,20.0,
fg:12979,Javier Baez,2024,2025,86,within_input_season_standardized,Carry-forward wRC+,season-t wRC+,41.0,
fg:13066,Teoscar Hernandez,2024,2025,102,within_input_season_standardized,Carry-forward wRC+,season-t wRC+,132.0,
fg:13145,Josh Bell,2024,2025,107,within_input_season_standardized,Carry-forward wRC+,season-t wRC+,101.0,
fg:13152,Jorge Polanco,2024,2025,132,within_input_season_standardized,Carry-forward wRC+,season-t wRC+,93.0,
fg:13185,Orlando Arcia,2024,2025,33,within_input_season_standardized,Carry-forward wRC+,season-t wRC+,72.0,
fg:13324,Ildemaro Vargas,2024,2025,85,within_input_season_standardized,Carry-forward wRC+,season-t wRC+,72.0,
fg:13419,Christian Walker,2024,2025,99,within_input_season_standardized,Carry-forward wRC+,season-t wRC+,120.0,
fg:13510,Jose Ramirez,2024,2025,133,within_input_season_standardized,Carry-forward wRC+,season-t wRC+,141.0,
fg:13611,Mookie Betts,2024,2025,104,within_input_season_standardized,Carry-forward wRC+,season-t wRC+,140.0,
fg:13613,Ketel Marte,2024,2025,145,within_input_season_standardized,Carry-forward wRC+,season-t wRC+,152.0,
fg:13620,Carson Kelly,2024,2025,115,within_input_season_standardized,Carry-forward wRC+,season-t wRC+,98.0,
fg:13624,Corey Seager,2024,2025,138,within_input_season_standardized,Carry-forward wRC+,season-t wRC+,142.0,
fg:13675,Tyrone Taylor,2024,2025,70,within_input_season_standardized,Carry-forward wRC+,season-t wRC+,97.0,
fg:13723,Jacob Stallings,2024,2025,-7,within_input_season_standardized,Carry-forward wRC+,season-t wRC+,113.0,
fg:13757,Chris Taylor,2024,2025,56,within_input_season_standardized,Carry-forward wRC+,season-t wRC+,73.0,
fg:13770,Rob Refsnyder,2024,2025,128,within_input_season_standardized,Carry-forward wRC+,season-t wRC+,132.0,
fg:14161,Byron Buxton,2024,2025,136,within_input_season_standardized,Carry-forward wRC+,season-t wRC+,140.0,
fg:14162,Carlos Correa,2024,2025,106,within_input_season_standardized,Carry-forward wRC+,season-t wRC+,154.0,
fg:14221,Jorge Soler,2024,2025,88,within_input_season_standardized,Carry-forward wRC+,season-t wRC+,120.0,
fg:14344,Matt Olson,2024,2025,136,within_input_season_standardized,Carry-forward wRC+,season-t wRC+,117.0,
fg:14551,Anthony Santander,2024,2025,61,within_input_season_standardized,Carry-forward wRC+,season-t wRC+,128.0,
fg:14813,Kyle Farmer,2024,2025,65,within_input_season_standardized,Carry-forward wRC+,season-t wRC+,84.0,
fg:14854,Mike Yastrzemski,2024,2025,106,within_input_season_standardized,Carry-forward wRC+,season-t wRC+,106.0,
fg:14968,Victor Caratini,2024,2025,104,within_input_season_standardized,Carry-forward wRC+,season-t wRC+,113.0,
fg:15112,Ryan McMahon,2024,2025,86,within_input_season_standardized,Carry-forward wRC+,season-t wRC+,88.0,
fg:15161,Mitch Garver,2024,2025,86,within_input_season_standardized,Carry-forward wRC+,season-t wRC+,89.0,
fg:15194,Jake Bauers,2024,2025,114,within_input_season_standardized,Carry-forward wRC+,season-t wRC+,88.0,
fg:15223,Adam Frazier,2024,2025,89,within_input_season_standardized,Carry-forward wRC+,season-t wRC+,65.0,
fg:15274,Mike Tauchman,2024,2025,115,within_input_season_standardized,Carry-forward wRC+,season-t wRC+,110.0,
fg:15362,Jeff McNeil,2024,2025,111,within_input_season_standardized,Carry-forward wRC+,season-t wRC+,97.0,
fg:15464,Hunter Renfroe,2024,2025,32,within_input_season_standardized,Carry-forward wRC+,season-t wRC+,93.0,
fg:15491,J.P. Crawford,2024,2025,113,within_input_season_standardized,Carry-forward wRC+,season-t wRC+,90.0,
fg:15518,Amed Rosario,2024,2025,106,within_input_season_standardized,Carry-forward wRC+,season-t wRC+,96.0,
fg:15640,Aaron Judge,2024,2025,204,within_input_season_standardized,Carry-forward wRC+,season-t wRC+,220.0,
fg:15653,Dominic Smith,2024,2025,111,within_input_season_standardized,Carry-forward wRC+,season-t wRC+,94.0,
fg:15674,Reese McGuire,2024,2025,86,within_input_season_standardized,Carry-forward wRC+,season-t wRC+,62.0,
fg:15679,Rowdy Tellez,2024,2025,101,within_input_season_standardized,Carry-forward wRC+,season-t wRC+,90.0,
fg:15711,Tyler O'Neill,2024,2025,91,within_input_season_standardized,Carry-forward wRC+,season-t wRC+,133.0,
fg:15730,Tyler Wade,2024,2025,69,within_input_season_standardized,Carry-forward wRC+,season-t wRC+,56.0,
fg:15878,Miguel Andujar,2024,2025,125,within_input_season_standardized,Carry-forward wRC+,season-t wRC+,103.0,
fg:15905,Luis Torrens,2024,2025,79,within_input_season_standardized,Carry-forward wRC+,season-t wRC+,89.0,
fg:15986,Willy Adames,2024,2025,108,within_input_season_standardized,Carry-forward wRC+,season-t wRC+,120.0,
fg:15998,Cody Bellinger,2024,2025,125,within_input_season_standardized,Carry-forward wRC+,season-t wRC+,108.0,
fg:16153,Austin Slater,2024,2025,78,within_input_season_standardized,Carry-forward wRC+,season-t wRC+,76.0,
fg:16252,Trea Turner,2024,2025,125,within_input_season_standardized,Carry-forward wRC+,season-t wRC+,123.0,
fg:16376,Michael Conforto,2024,2025,83,within_input_season_standardized,Carry-forward wRC+,season-t wRC+,112.0,
fg:16426,Thairo Estrada,2024,2025,66,within_input_season_standardized,Carry-forward wRC+,season-t wRC+,64.0,
fg:16442,Ryan O'Hearn,2024,2025,127,within_input_season_standardized,Carry-forward wRC+,season-t wRC+,118.0,
fg:16472,Rhys Hoskins,2024,2025,109,within_input_season_standardized,Carry-forward wRC+,season-t wRC+,101.0,
fg:16478,Kyle Schwarber,2024,2025,152,within_input_season_standardized,Carry-forward wRC+,season-t wRC+,134.0,
fg:16505,Matt Chapman,2024,2025,118,within_input_season_standardized,Carry-forward wRC+,season-t wRC+,121.0,
fg:16512,Isiah Kiner-Falefa,2024,2025,75,within_input_season_standardized,Carry-forward wRC+,season-t wRC+,93.0,
fg:16530,Mauricio Dubon,2024,2025,80,within_input_season_standardized,Carry-forward wRC+,season-t wRC+,86.0,
fg:16535,Danny Jansen,2024,2025,103,within_input_season_standardized,Carry-forward wRC+,season-t wRC+,90.0,
fg:16556,Ozzie Albies,2024,2025,87,within_input_season_standardized,Carry-forward wRC+,season-t wRC+,96.0,
fg:16578,Yandy Diaz,2024,2025,135,within_input_season_standardized,Carry-forward wRC+,season-t wRC+,120.0,
fg:16622,Luis Urias,2024,2025,84,within_input_season_standardized,Carry-forward wRC+,season-t wRC+,108.0,
fg:16725,Jose Trevino,2024,2025,66,within_input_season_standardized,Carry-forward wRC+,season-t wRC+,85.0,
fg:16930,Jonah Heim,2024,2025,69,within_input_season_standardized,Carry-forward wRC+,season-t wRC+,72.0,
fg:16939,Lane Thomas,2024,2025,48,within_input_season_standardized,Carry-forward wRC+,season-t wRC+,99.0,
fg:16947,Derek Hill,2024,2025,70,within_input_season_standardized,Carry-forward wRC+,season-t wRC+,89.0,
fg:16997,Gleyber Torres,2024,2025,113,within_input_season_standardized,Carry-forward wRC+,season-t wRC+,105.0,
fg:17022,Edmundo Sosa,2024,2025,111,within_input_season_standardized,Carry-forward wRC+,season-t wRC+,102.0,
fg:17027,Alex Verdugo,2024,2025,66,within_input_season_standardized,Carry-forward wRC+,season-t wRC+,85.0,
fg:17040,Jose Herrera,2024,2025,57,within_input_season_standardized,Carry-forward wRC+,season-t wRC+,71.0,
fg:17128,Ramon Laureano,2024,2025,138,within_input_season_standardized,Carry-forward wRC+,season-t wRC+,108.0,
fg:17276,Alex Jackson,2024,2025,111,within_input_season_standardized,Carry-forward wRC+,season-t wRC+,29.0,
fg:17338,Willi Castro,2024,2025,92,within_input_season_standardized,Carry-forward wRC+,season-t wRC+,106.0,
fg:17350,Rafael Devers,2024,2025,135,within_input_season_standardized,Carry-forward wRC+,season-t wRC+,136.0,
fg:17548,Taylor Ward,2024,2025,117,within_input_season_standardized,Carry-forward wRC+,season-t wRC+,112.0,
fg:17678,Alex Bregman,2024,2025,125,within_input_season_standardized,Carry-forward wRC+,season-t wRC+,117.0,
fg:17696,Kevin Newman,2024,2025,27,within_input_season_standardized,Carry-forward wRC+,season-t wRC+,89.0,
fg:17901,Andrew Benintendi,2024,2025,103,within_input_season_standardized,Carry-forward wRC+,season-t wRC+,93.0,
fg:17907,Brendan Rodgers,2024,2025,55,within_input_season_standardized,Carry-forward wRC+,season-t wRC+,87.0,
fg:17919,Ian Happ,2024,2025,116,within_input_season_standardized,Carry-forward wRC+,season-t wRC+,121.0,
fg:17929,Cedric Mullins,2024,2025,94,within_input_season_standardized,Carry-forward wRC+,season-t wRC+,104.0,
fg:17982,Ty France,2024,2025,92,within_input_season_standardized,Carry-forward wRC+,season-t wRC+,93.0,
fg:17988,Tyler Stephenson,2024,2025,99,within_input_season_standardized,Carry-forward wRC+,season-t wRC+,113.0,
fg:18015,Paul DeJong,2024,2025,76,within_input_season_standardized,Carry-forward wRC+,season-t wRC+,96.0,
fg:18030,Harrison Bader,2024,2025,122,within_input_season_standardized,Carry-forward wRC+,season-t wRC+,85.0,
fg:18036,Jake Cronenworth,2024,2025,117,within_input_season_standardized,Carry-forward wRC+,season-t wRC+,105.0,
fg:18042,Dylan Moore,2024,2025,83,within_input_season_standardized,Carry-forward wRC+,season-t wRC+,106.0,
fg:18126,LaMonte Wade Jr.,2024,2025,52,within_input_season_standardized,Carry-forward wRC+,season-t wRC+,119.0,
fg:18314,Dansby Swanson,2024,2025,99,within_input_season_standardized,Carry-forward wRC+,season-t wRC+,97.0,
fg:18345,Kyle Tucker,2024,2025,136,within_input_season_standardized,Carry-forward wRC+,season-t wRC+,179.0,
fg:18360,Austin Riley,2024,2025,103,within_input_season_standardized,Carry-forward wRC+,season-t wRC+,116.0,
fg:18363,Victor Robles,2024,2025,75,within_input_season_standardized,Carry-forward wRC+,season-t wRC+,141.0,
fg:18373,Ryan Mountcastle,2024,2025,81,within_input_season_standardized,Carry-forward wRC+,season-t wRC+,107.0,
fg:18401,Ronald Acuna Jr.,2024,2025,161,within_input_season_standardized,Carry-forward wRC+,season-t wRC+,106.0,
fg:18564,Trent Grisham,2024,2025,129,within_input_season_standardized,Carry-forward wRC+,season-t wRC+,93.0,
fg:18568,Luis Arraez,2024,2025,104,within_input_season_standardized,Carry-forward wRC+,season-t wRC+,109.0,
fg:18577,Ke'Bryan Hayes,2024,2025,65,within_input_season_standardized,Carry-forward wRC+,season-t wRC+,60.0,
fg:18795,Ramon Urias,2024,2025,87,within_input_season_standardized,Carry-forward wRC+,season-t wRC+,114.0,
fg:18819,Andy Ibanez,2024,2025,84,within_input_season_standardized,Carry-forward wRC+,season-t wRC+,86.0,
fg:18839,Josh Naylor,2024,2025,128,within_input_season_standardized,Carry-forward wRC+,season-t wRC+,118.0,
fg:18882,Brandon Lowe,2024,2025,114,within_input_season_standardized,Carry-forward wRC+,season-t wRC+,123.0,
fg:18900,Leody Taveras,2024,2025,47,within_input_season_standardized,Carry-forward wRC+,season-t wRC+,84.0,
fg:19238,Lourdes Gurriel Jr.,2024,2025,95,within_input_season_standardized,Carry-forward wRC+,season-t wRC+,108.0,
fg:19251,Pete Alonso,2024,2025,141,within_input_season_standardized,Carry-forward wRC+,season-t wRC+,121.0,
fg:19260,Jake Fraley,2024,2025,97,within_input_season_standardized,Carry-forward wRC+,season-t wRC+,96.0,
fg:19287,Adolis Garcia,2024,2025,83,within_input_season_standardized,Carry-forward wRC+,season-t wRC+,94.0,
fg:19290,Randy Arozarena,2024,2025,120,within_input_season_standardized,Carry-forward wRC+,season-t wRC+,114.0,
fg:19296,Alex Call,2024,2025,113,within_input_season_standardized,Carry-forward wRC+,season-t wRC+,167.0,
fg:19318,Matt Thaiss,2024,2025,89,within_input_season_standardized,Carry-forward wRC+,season-t wRC+,84.0,
fg:19326,Bryan Reynolds,2024,2025,99,within_input_season_standardized,Carry-forward wRC+,season-t wRC+,118.0,
fg:19352,Sean Murphy,2024,2025,97,within_input_season_standardized,Carry-forward wRC+,season-t wRC+,78.0,
fg:19354,Luke Raley,2024,2025,91,within_input_season_standardized,Carry-forward wRC+,season-t wRC+,129.0,
fg:19363,Austin Hays,2024,2025,105,within_input_season_standardized,Carry-forward wRC+,season-t wRC+,97.0,
fg:19392,Zach McKinstry,2024,2025,114,within_input_season_standardized,Carry-forward wRC+,season-t wRC+,74.0,
fg:19452,Jake Rogers,2024,2025,70,within_input_season_standardized,Carry-forward wRC+,season-t wRC+,70.0,
fg:19455,Andruw Monasterio,2024,2025,111,within_input_season_standardized,Carry-forward wRC+,season-t wRC+,69.0,
fg:19470,Tommy Edman,2024,2025,81,within_input_season_standardized,Carry-forward wRC+,season-t wRC+,97.0,
fg:19522,TJ Friedl,2024,2025,109,within_input_season_standardized,Carry-forward wRC+,season-t wRC+,90.0,
fg:19556,Yordan Alvarez,2024,2025,118,within_input_season_standardized,Carry-forward wRC+,season-t wRC+,167.0,
fg:19566,Nathaniel Lowe,2024,2025,91,within_input_season_standardized,Carry-forward wRC+,season-t wRC+,123.0,
fg:19599,Chas McCormick,2024,2025,62,within_input_season_standardized,Carry-forward wRC+,season-t wRC+,65.0,
fg:19608,Otto Lopez,2024,2025,86,within_input_season_standardized,Carry-forward wRC+,season-t wRC+,92.0,
fg:19610,Keibert Ruiz,2024,2025,65,within_input_season_standardized,Carry-forward wRC+,season-t wRC+,70.0,
fg:19611,Vladimir Guerrero Jr.,2024,2025,137,within_input_season_standardized,Carry-forward wRC+,season-t wRC+,164.0,
fg:19612,Bo Bichette,2024,2025,134,within_input_season_standardized,Carry-forward wRC+,season-t wRC+,70.0,
fg:19627,Brent Rooker,2024,2025,122,within_input_season_standardized,Carry-forward wRC+,season-t wRC+,164.0,
fg:19709,Fernando Tatis Jr.,2024,2025,131,within_input_season_standardized,Carry-forward wRC+,season-t wRC+,135.0,
fg:19734,Josh Rojas,2024,2025,44,within_input_season_standardized,Carry-forward wRC+,season-t wRC+,92.0,
fg:19755,Shohei Ohtani,2024,2025,172,within_input_season_standardized,Carry-forward wRC+,season-t wRC+,180.0,
fg:19844,Abraham Toro,2024,2025,77,within_input_season_standardized,Carry-forward wRC+,season-t wRC+,87.0,
fg:19858,Luis Rengifo,2024,2025,73,within_input_season_standardized,Carry-forward wRC+,season-t wRC+,118.0,
fg:19864,Riley Adams,2024,2025,57,within_input_season_standardized,Carry-forward wRC+,season-t wRC+,75.0,
fg:19890,Emmanuel Rivera,2024,2025,64,within_input_season_standardized,Carry-forward wRC+,season-t wRC+,86.0,
fg:19892,Pavin Smith,2024,2025,123,within_input_season_standardized,Carry-forward wRC+,season-t wRC+,142.0,
fg:19896,Connor Wong,2024,2025,39,within_input_season_standardized,Carry-forward wRC+,season-t wRC+,112.0,
fg:19901,Gavin Sheets,2024,2025,111,within_input_season_standardized,Carry-forward wRC+,season-t wRC+,88.0,
fg:19913,Jesus Sanchez,2024,2025,93,within_input_season_standardized,Carry-forward wRC+,season-t wRC+,101.0,
fg:19918,Daulton Varsho,2024,2025,123,within_input_season_standardized,Carry-forward wRC+,season-t wRC+,99.0,
fg:19921,Blake Perkins,2024,2025,83,within_input_season_standardized,Carry-forward wRC+,season-t wRC+,84.0,
fg:19950,Andres Gimenez,2024,2025,70,within_input_season_standardized,Carry-forward wRC+,season-t wRC+,83.0,
fg:19953,Josh Lowe,2024,2025,79,within_input_season_standardized,Carry-forward wRC+,season-t wRC+,98.0,
fg:19955,Gavin Lux,2024,2025,102,within_input_season_standardized,Carry-forward wRC+,season-t wRC+,98.0,
fg:19956,Mickey Moniak,2024,2025,110,within_input_season_standardized,Carry-forward wRC+,season-t wRC+,80.0,
fg:19997,Santiago Espinal,2024,2025,58,within_input_season_standardized,Carry-forward wRC+,season-t wRC+,76.0,
fg:20017,Miles Mastrobuoni,2024,2025,85,within_input_season_standardized,Carry-forward wRC+,season-t wRC+,35.0,
fg:20036,Isaac Paredes,2024,2025,128,within_input_season_standardized,Carry-forward wRC+,season-t wRC+,116.0,
fg:20043,Luis Robert Jr.,2024,2025,84,within_input_season_standardized,Carry-forward wRC+,season-t wRC+,84.0,
fg:20123,Juan Soto,2024,2025,156,within_input_season_standardized,Carry-forward wRC+,season-t wRC+,181.0,
fg:20126,Dylan Carlson,2024,2025,74,within_input_season_standardized,Carry-forward wRC+,season-t wRC+,67.0,
fg:20178,Miguel Vargas,2024,2025,101,within_input_season_standardized,Carry-forward wRC+,season-t wRC+,46.0,
fg:20202,Brandon Marsh,2024,2025,116,within_input_season_standardized,Carry-forward wRC+,season-t wRC+,107.0,
fg:20220,Jo Adell,2024,2025,112,within_input_season_standardized,Carry-forward wRC+,season-t wRC+,91.0,
fg:20287,Ben Rortvedt,2024,2025,31,within_input_season_standardized,Carry-forward wRC+,season-t wRC+,87.0,
fg:20308,Jake Meyers,2024,2025,107,within_input_season_standardized,Carry-forward wRC+,season-t wRC+,85.0,
fg:20352,Ernie Clement,2024,2025,98,within_input_season_standardized,Carry-forward wRC+,season-t wRC+,94.0,
fg:20437,Royce Lewis,2024,2025,85,within_input_season_standardized,Carry-forward wRC+,season-t wRC+,106.0,
fg:20454,Jazz Chisholm Jr.,2024,2025,126,within_input_season_standardized,Carry-forward wRC+,season-t wRC+,111.0,
fg:20503,William Contreras,2024,2025,113,within_input_season_standardized,Carry-forward wRC+,season-t wRC+,132.0,
fg:20529,Nolan Jones,2024,2025,72,within_input_season_standardized,Carry-forward wRC+,season-t wRC+,69.0,
fg:20572,Kody Clemens,2024,2025,95,within_input_season_standardized,Carry-forward wRC+,season-t wRC+,90.0,
fg:20599,Ivan Herrera,2024,2025,137,within_input_season_standardized,Carry-forward wRC+,season-t wRC+,128.0,
fg:21454,Lars Nootbaar,2024,2025,96,within_input_season_standardized,Carry-forward wRC+,season-t wRC+,114.0,
fg:21479,Nico Hoerner,2024,2025,109,within_input_season_standardized,Carry-forward wRC+,season-t wRC+,102.0,
fg:21501,Trevor Larnach,2024,2025,102,within_input_season_standardized,Carry-forward wRC+,season-t wRC+,119.0,
fg:21523,Jonathan India,2024,2025,89,within_input_season_standardized,Carry-forward wRC+,season-t wRC+,109.0,
fg:21524,Joey Bart,2024,2025,101,within_input_season_standardized,Carry-forward wRC+,season-t wRC+,121.0,
fg:21534,Cal Raleigh,2024,2025,161,within_input_season_standardized,Carry-forward wRC+,season-t wRC+,118.0,
fg:21538,Nick Fortes,2024,2025,80,within_input_season_standardized,Carry-forward wRC+,season-t wRC+,58.0,
fg:21558,Matt Vierling,2024,2025,76,within_input_season_standardized,Carry-forward wRC+,season-t wRC+,107.0,
fg:21562,Romy Gonzalez,2024,2025,123,within_input_season_standardized,Carry-forward wRC+,season-t wRC+,98.0,
fg:21614,Kyle Isbel,2024,2025,79,within_input_season_standardized,Carry-forward wRC+,season-t wRC+,82.0,
fg:21618,Alec Bohm,2024,2025,105,within_input_season_standardized,Carry-forward wRC+,season-t wRC+,113.0,
fg:21622,Jake McCarthy,2024,2025,60,within_input_season_standardized,Carry-forward wRC+,season-t wRC+,110.0,
fg:21636,Jeremy Pena,2024,2025,135,within_input_season_standardized,Carry-forward wRC+,season-t wRC+,99.0,
fg:21693,Miguel Amaya,2024,2025,124,within_input_season_standardized,Carry-forward wRC+,season-t wRC+,82.0,
fg:21707,Oswaldo Cabrera,2024,2025,83,within_input_season_standardized,Carry-forward wRC+,season-t wRC+,89.0,
fg:21711,Oneil Cruz,2024,2025,86,within_input_season_standardized,Carry-forward wRC+,season-t wRC+,110.0,
fg:21716,Enmanuel Valdez,2024,2025,82,within_input_season_standardized,Carry-forward wRC+,season-t wRC+,73.0,
fg:21837,Jonathan Aranda,2024,2025,146,within_input_season_standardized,Carry-forward wRC+,season-t wRC+,113.0,
fg:21840,Freddy Fermin,2024,2025,77,within_input_season_standardized,Carry-forward wRC+,season-t wRC+,92.0,
fg:21853,Will Benson,2024,2025,85,within_input_season_standardized,Carry-forward wRC+,season-t wRC+,76.0,
fg:21865,Bo Naylor,2024,2025,85,within_input_season_standardized,Carry-forward wRC+,season-t wRC+,74.0,
fg:21897,Christopher Morel,2024,2025,90,within_input_season_standardized,Carry-forward wRC+,season-t wRC+,81.0,
fg:22054,Dane Myers,2024,2025,72,within_input_season_standardized,Carry-forward wRC+,season-t wRC+,113.0,
fg:22184,Mark Vientos,2024,2025,97,within_input_season_standardized,Carry-forward wRC+,season-t wRC+,132.0,
fg:22186,Brice Turang,2024,2025,124,within_input_season_standardized,Carry-forward wRC+,season-t wRC+,88.0,
fg:22244,Jack Suwinski,2024,2025,55,within_input_season_standardized,Carry-forward wRC+,season-t wRC+,62.0,
fg:22263,Nolan Gorman,2024,2025,88,within_input_season_standardized,Carry-forward wRC+,season-t wRC+,87.0,
fg:22266,Xavier Edwards,2024,2025,95,within_input_season_standardized,Carry-forward wRC+,season-t wRC+,129.0,
fg:22275,Jake Burger,2024,2025,89,within_input_season_standardized,Carry-forward wRC+,season-t wRC+,107.0,
fg:22277,Nick Allen,2024,2025,53,within_input_season_standardized,Carry-forward wRC+,season-t wRC+,33.0,
fg:22458,Taylor Walls,2024,2025,66,within_input_season_standardized,Carry-forward wRC+,season-t wRC+,60.0,
fg:22514,Triston Casas,2024,2025,56,within_input_season_standardized,Carry-forward wRC+,season-t wRC+,120.0,
fg:22515,Heliot Ramos,2024,2025,106,within_input_season_standardized,Carry-forward wRC+,season-t wRC+,120.0,
fg:22532,Tyler Freeman,2024,2025,91,within_input_season_standardized,Carry-forward wRC+,season-t wRC+,84.0,
fg:22542,Lawrence Butler,2024,2025,96,within_input_season_standardized,Carry-forward wRC+,season-t wRC+,130.0,
fg:22563,Gabriel Arias,2024,2025,77,within_input_season_standardized,Carry-forward wRC+,season-t wRC+,70.0,
fg:22581,Alejandro Kirk,2024,2025,116,within_input_season_standardized,Carry-forward wRC+,season-t wRC+,93.0,
fg:22664,Gabriel Moreno,2024,2025,117,within_input_season_standardized,Carry-forward wRC+,season-t wRC+,107.0,
fg:22715,Maikel Garcia,2024,2025,121,within_input_season_standardized,Carry-forward wRC+,season-t wRC+,71.0,
fg:22799,Geraldo Perdomo,2024,2025,138,within_input_season_standardized,Carry-forward wRC+,season-t wRC+,102.0,
fg:22857,Wenceel Perez,2024,2025,103,within_input_season_standardized,Carry-forward wRC+,season-t wRC+,94.0,
fg:22896,Lenyn Sosa,2024,2025,100,within_input_season_standardized,Carry-forward wRC+,season-t wRC+,81.0,
fg:23003,Yainer Diaz,2024,2025,92,within_input_season_standardized,Carry-forward wRC+,season-t wRC+,116.0,
fg:23401,Jose Caballero,2024,2025,97,within_input_season_standardized,Carry-forward wRC+,season-t wRC+,83.0,
fg:23565,Davis Schneider,2024,2025,127,within_input_season_standardized,Carry-forward wRC+,season-t wRC+,80.0,
fg:23690,Brayan Rocchio,2024,2025,77,within_input_season_standardized,Carry-forward wRC+,season-t wRC+,79.0,
fg:23691,Jose Tena,2024,2025,88,within_input_season_standardized,Carry-forward wRC+,season-t wRC+,82.0,
fg:23697,Julio Rodriguez,2024,2025,126,within_input_season_standardized,Carry-forward wRC+,season-t wRC+,116.0,
fg:23733,Ezequiel Duran,2024,2025,57,within_input_season_standardized,Carry-forward wRC+,season-t wRC+,75.0,
fg:23772,Wilyer Abreu,2024,2025,110,within_input_season_standardized,Carry-forward wRC+,season-t wRC+,116.0,
fg:23789,Blaze Alexander,2024,2025,99,within_input_season_standardized,Carry-forward wRC+,season-t wRC+,89.0,
fg:23792,Alek Thomas,2024,2025,81,within_input_season_standardized,Carry-forward wRC+,season-t wRC+,65.0,
fg:23800,Parker Meadows,2024,2025,75,within_input_season_standardized,Carry-forward wRC+,season-t wRC+,110.0,
fg:2396,Carlos Santana,2024,2025,82,within_input_season_standardized,Carry-forward wRC+,season-t wRC+,113.0,
fg:23986,Curtis Mead,2024,2025,76,within_input_season_standardized,Carry-forward wRC+,season-t wRC+,67.0,
fg:24064,Ezequiel Tovar,2024,2025,78,within_input_season_standardized,Carry-forward wRC+,season-t wRC+,94.0,
fg:24257,Jhonkensy Noel,2024,2025,28,within_input_season_standardized,Carry-forward wRC+,season-t wRC+,118.0,
fg:24262,Ceddanne Rafaela,2024,2025,91,within_input_season_standardized,Carry-forward wRC+,season-t wRC+,81.0,
fg:24336,Johan Rojas,2024,2025,58,within_input_season_standardized,Carry-forward wRC+,season-t wRC+,66.0,
fg:24488,Max Schuemann,2024,2025,62,within_input_season_standardized,Carry-forward wRC+,season-t wRC+,85.0,
fg:24598,Addison Barger,2024,2025,107,within_input_season_standardized,Carry-forward wRC+,season-t wRC+,69.0,
fg:24610,Steven Kwan,2024,2025,99,within_input_season_standardized,Carry-forward wRC+,season-t wRC+,131.0,
fg:24617,Jarren Duran,2024,2025,111,within_input_season_standardized,Carry-forward wRC+,season-t wRC+,131.0,
fg:24618,Ryan Jeffers,2024,2025,113,within_input_season_standardized,Carry-forward wRC+,season-t wRC+,106.0,
fg:24679,Brendan Donovan,2024,2025,119,within_input_season_standardized,Carry-forward wRC+,season-t wRC+,115.0,
fg:24703,Jonah Bride,2024,2025,23,within_input_season_standardized,Carry-forward wRC+,season-t wRC+,124.0,
fg:24729,Logan O'Hoppe,2024,2025,72,within_input_season_standardized,Carry-forward wRC+,season-t wRC+,102.0,
fg:24770,James Outman,2024,2025,48,within_input_season_standardized,Carry-forward wRC+,season-t wRC+,53.0,
fg:24816,Andy Pages,2024,2025,113,within_input_season_standardized,Carry-forward wRC+,season-t wRC+,98.0,
fg:24934,David Fry,2024,2025,63,within_input_season_standardized,Carry-forward wRC+,season-t wRC+,129.0,
fg:25180,Daniel Schneemann,2024,2025,79,within_input_season_standardized,Carry-forward wRC+,season-t wRC+,93.0,
fg:25479,Brenton Doyle,2024,2025,65,within_input_season_standardized,Carry-forward wRC+,season-t wRC+,97.0,
fg:25493,Joey Ortiz,2024,2025,67,within_input_season_standardized,Carry-forward wRC+,season-t wRC+,105.0,
fg:25764,Bobby Witt Jr.,2024,2025,130,within_input_season_standardized,Carry-forward wRC+,season-t wRC+,169.0,
fg:25768,CJ Abrams,2024,2025,107,within_input_season_standardized,Carry-forward wRC+,season-t wRC+,106.0,
fg:25782,Pedro Pages,2024,2025,77,within_input_season_standardized,Carry-forward wRC+,season-t wRC+,84.0,
fg:25807,Jared Triolo,2024,2025,86,within_input_season_standardized,Carry-forward wRC+,season-t wRC+,72.0,
fg:25816,Shea Langeliers,2024,2025,132,within_input_season_standardized,Carry-forward wRC+,season-t wRC+,109.0,
fg:25845,Michael Toglia,2024,2025,54,within_input_season_standardized,Carry-forward wRC+,season-t wRC+,98.0,
fg:25878,Corbin Carroll,2024,2025,139,within_input_season_standardized,Carry-forward wRC+,season-t wRC+,107.0,
fg:25931,Michael Harris II,2024,2025,83,within_input_season_standardized,Carry-forward wRC+,season-t wRC+,99.0,
fg:25961,Kerry Carpenter,2024,2025,115,within_input_season_standardized,Carry-forward wRC+,season-t wRC+,158.0,
fg:25976,Riley Greene,2024,2025,121,within_input_season_standardized,Carry-forward wRC+,season-t wRC+,134.0,
fg:26121,Francisco Alvarez,2024,2025,124,within_input_season_standardized,Carry-forward wRC+,season-t wRC+,101.0,
fg:26123,Brett Baty,2024,2025,111,within_input_season_standardized,Carry-forward wRC+,season-t wRC+,83.0,
fg:26151,Kyle Stowers,2024,2025,149,within_input_season_standardized,Carry-forward wRC+,season-t wRC+,68.0,
fg:26197,Andrew Vaughn,2024,2025,99,within_input_season_standardized,Carry-forward wRC+,season-t wRC+,97.0,
fg:26208,Tyler Fitzgerald,2024,2025,72,within_input_season_standardized,Carry-forward wRC+,season-t wRC+,132.0,
fg:26224,Darell Hernaiz,2024,2025,65,within_input_season_standardized,Carry-forward wRC+,season-t wRC+,50.0,
fg:26288,Adley Rutschman,2024,2025,91,within_input_season_standardized,Carry-forward wRC+,season-t wRC+,103.0,
fg:26289,Gunnar Henderson,2024,2025,120,within_input_season_standardized,Carry-forward wRC+,season-t wRC+,154.0,
fg:26294,Bryson Stott,2024,2025,100,within_input_season_standardized,Carry-forward wRC+,season-t wRC+,87.0,
fg:26299,Josh Jung,2024,2025,91,within_input_season_standardized,Carry-forward wRC+,season-t wRC+,104.0,
fg:26319,Michael Busch,2024,2025,140,within_input_season_standardized,Carry-forward wRC+,season-t wRC+,118.0,
fg:26323,Spencer Steer,2024,2025,97,within_input_season_standardized,Carry-forward wRC+,season-t wRC+,98.0,
fg:26368,JJ Bleday,2024,2025,90,within_input_season_standardized,Carry-forward wRC+,season-t wRC+,120.0,
fg:26396,Josh Smith,2024,2025,100,within_input_season_standardized,Carry-forward wRC+,season-t wRC+,112.0,
fg:26438,Dominic Canzone,2024,2025,141,within_input_season_standardized,Carry-forward wRC+,season-t wRC+,88.0,
fg:26466,Matt Wallner,2024,2025,114,within_input_season_standardized,Carry-forward wRC+,season-t wRC+,154.0,
fg:26467,Luis Matos,2024,2025,91,within_input_season_standardized,Carry-forward wRC+,season-t wRC+,60.0,
fg:26477,Spencer Horwitz,2024,2025,119,within_input_season_standardized,Carry-forward wRC+,season-t wRC+,127.0,
fg:26517,Noelvi Marte,2024,2025,101,within_input_season_standardized,Carry-forward wRC+,season-t wRC+,48.0,
fg:26540,Angel Martinez,2024,2025,74,within_input_season_standardized,Carry-forward wRC+,season-t wRC+,83.0,
fg:26668,Elly De La Cruz,2024,2025,109,within_input_season_standardized,Carry-forward wRC+,season-t wRC+,119.0,
fg:27462,Austin Martin,2024,2025,113,within_input_season_standardized,Carry-forward wRC+,season-t wRC+,92.0,
fg:27465,Spencer Torkelson,2024,2025,118,within_input_season_standardized,Carry-forward wRC+,season-t wRC+,91.0,
fg:27467,Tyler Soderstrom,2024,2025,125,within_input_season_standardized,Carry-forward wRC+,season-t wRC+,114.0,
fg:27475,Jordan Walker,2024,2025,66,within_input_season_standardized,Carry-forward wRC+,season-t wRC+,72.0,
fg:27478,Patrick Bailey,2024,2025,70,within_input_season_standardized,Carry-forward wRC+,season-t wRC+,81.0,
fg:27479,Masyn Winn,2024,2025,91,within_input_season_standardized,Carry-forward wRC+,season-t wRC+,104.0,
fg:27490,Nick Gonzales,2024,2025,82,within_input_season_standardized,Carry-forward wRC+,season-t wRC+,94.0,
fg:27506,Ha-seong Kim,2024,2025,82,within_input_season_standardized,Carry-forward wRC+,season-t wRC+,101.0,
fg:27531,David Hamilton,2024,2025,60,within_input_season_standardized,Carry-forward wRC+,season-t wRC+,94.0,
fg:27534,Edouard Julien,2024,2025,81,within_input_season_standardized,Carry-forward wRC+,season-t wRC+,79.0,
fg:27562,Austin Wells,2024,2025,94,within_input_season_standardized,Carry-forward wRC+,season-t wRC+,107.0,
fg:27577,Casey Schmitt,2024,2025,98,within_input_season_standardized,Carry-forward wRC+,season-t wRC+,109.0,
fg:27615,Alec Burleson,2024,2025,124,within_input_season_standardized,Carry-forward wRC+,season-t wRC+,106.0,
fg:27630,Nick Loftin,2024,2025,73,within_input_season_standardized,Carry-forward wRC+,season-t wRC+,51.0,
fg:27647,Anthony Volpe,2024,2025,83,within_input_season_standardized,Carry-forward wRC+,season-t wRC+,87.0,
fg:27676,Vinnie Pasquantino,2024,2025,116,within_input_season_standardized,Carry-forward wRC+,season-t wRC+,109.0,
fg:27684,Michael Massey,2024,2025,57,within_input_season_standardized,Carry-forward wRC+,season-t wRC+,104.0,
fg:27769,Pete Crow-Armstrong,2024,2025,109,within_input_season_standardized,Carry-forward wRC+,season-t wRC+,86.0,
fg:27790,Evan Carter,2024,2025,107,within_input_season_standardized,Carry-forward wRC+,season-t wRC+,81.0,
fg:27815,Jordan Westburg,2024,2025,115,within_input_season_standardized,Carry-forward wRC+,season-t wRC+,124.0,
fg:27899,Colt Keith,2024,2025,109,within_input_season_standardized,Carry-forward wRC+,season-t wRC+,95.0,
fg:28163,Junior Caminero,2024,2025,129,within_input_season_standardized,Carry-forward wRC+,season-t wRC+,105.0,
fg:28806,Jackson Chourio,2024,2025,111,within_input_season_standardized,Carry-forward wRC+,season-t wRC+,118.0,
fg:29490,Jackson Merrill,2024,2025,116,within_input_season_standardized,Carry-forward wRC+,season-t wRC+,130.0,
fg:29518,James Wood,2024,2025,127,within_input_season_standardized,Carry-forward wRC+,season-t wRC+,120.0,
fg:29575,Trey Sweeney,2024,2025,53,within_input_season_standardized,Carry-forward wRC+,season-t wRC+,80.0,
fg:29576,Ben Rice,2024,2025,133,within_input_season_standardized,Carry-forward wRC+,season-t wRC+,74.0,
fg:29591,Colton Cowser,2024,2025,83,within_input_season_standardized,Carry-forward wRC+,season-t wRC+,119.0,
fg:29592,Connor Norby,2024,2025,90,within_input_season_standardized,Carry-forward wRC+,season-t wRC+,101.0,
fg:29606,Justyn-Henry Malloy,2024,2025,92,within_input_season_standardized,Carry-forward wRC+,season-t wRC+,88.0,
fg:29617,Henry Davis,2024,2025,41,within_input_season_standardized,Carry-forward wRC+,season-t wRC+,31.0,
fg:29622,Sal Frelick,2024,2025,114,within_input_season_standardized,Carry-forward wRC+,season-t wRC+,87.0,
fg:29630,Joey Loperfido,2024,2025,148,within_input_season_standardized,Carry-forward wRC+,season-t wRC+,73.0,
fg:2967,Tommy Pham,2024,2025,94,within_input_season_standardized,Carry-forward wRC+,season-t wRC+,92.0,
fg:29715,Hunter Goodman,2024,2025,118,within_input_season_standardized,Carry-forward wRC+,season-t wRC+,61.0,
fg:29766,Zack Gelof,2024,2025,36,within_input_season_standardized,Carry-forward wRC+,season-t wRC+,82.0,
fg:29794,Kyle Manzardo,2024,2025,113,within_input_season_standardized,Carry-forward wRC+,season-t wRC+,98.0,
fg:29931,Jacob Young,2024,2025,66,within_input_season_standardized,Carry-forward wRC+,season-t wRC+,84.0,
fg:30011,Christian Encarnacion-Strand,2024,2025,59,within_input_season_standardized,Carry-forward wRC+,season-t wRC+,35.0,
fg:30116,Seiya Suzuki,2024,2025,123,within_input_season_standardized,Carry-forward wRC+,season-t wRC+,137.0,
fg:31166,Heston Kjerstad,2024,2025,57,within_input_season_standardized,Carry-forward wRC+,season-t wRC+,115.0,
fg:31347,Zach Neto,2024,2025,116,within_input_season_standardized,Carry-forward wRC+,season-t wRC+,115.0,
fg:31349,Victor Scott II,2024,2025,76,within_input_season_standardized,Carry-forward wRC+,season-t wRC+,40.0,
fg:31394,Brooks Baldwin,2024,2025,92,within_input_season_standardized,Carry-forward wRC+,season-t wRC+,59.0,
fg:31431,Jordan Beck,2024,2025,90,within_input_season_standardized,Carry-forward wRC+,season-t wRC+,31.0,
fg:31595,Brooks Lee,2024,2025,81,within_input_season_standardized,Carry-forward wRC+,season-t wRC+,61.0,
fg:31781,Jackson Holliday,2024,2025,96,within_input_season_standardized,Carry-forward wRC+,season-t wRC+,62.0,
fg:31837,Masataka Yoshida,2024,2025,88,within_input_season_standardized,Carry-forward wRC+,season-t wRC+,116.0,
fg:33189,Nolan Schanuel,2024,2025,109,within_input_season_standardized,Carry-forward wRC+,season-t wRC+,105.0,
fg:33266,Jacob Wilson,2024,2025,121,within_input_season_standardized,Carry-forward wRC+,season-t wRC+,86.0,
fg:33333,Wyatt Langford,2024,2025,118,within_input_season_standardized,Carry-forward wRC+,season-t wRC+,111.0,
fg:33541,Dylan Crews,2024,2025,77,within_input_season_standardized,Carry-forward wRC+,season-t wRC+,80.0,
fg:33824,Jung Hoo Lee,2024,2025,107,within_input_season_standardized,Carry-forward wRC+,season-t wRC+,83.0,
fg:4949,Giancarlo Stanton,2024,2025,158,within_input_season_standardized,Carry-forward wRC+,season-t wRC+,117.0,
fg:5235,Justin Turner,2024,2025,71,within_input_season_standardized,Carry-forward wRC+,season-t wRC+,116.0,
fg:5361,Freddie Freeman,2024,2025,139,within_input_season_standardized,Carry-forward wRC+,season-t wRC+,136.0,
fg:5417,Jose Altuve,2024,2025,113,within_input_season_standardized,Carry-forward wRC+,season-t wRC+,127.0,
fg:5517,Kyle Higashioka,2024,2025,93,within_input_season_standardized,Carry-forward wRC+,season-t wRC+,104.0,
fg:5827,Wilmer Flores,2024,2025,95,within_input_season_standardized,Carry-forward wRC+,season-t wRC+,68.0,
fg:6887,Martin Maldonado,2024,2025,61,within_input_season_standardized,Carry-forward wRC+,season-t wRC+,11.0,
fg:7304,Salvador Perez,2024,2025,95,within_input_season_standardized,Carry-forward wRC+,season-t wRC+,117.0,
fg:7739,Travis d'Arnaud,2024,2025,64,within_input_season_standardized,Carry-forward wRC+,season-t wRC+,103.0,
fg:7802,Miguel Rojas,2024,2025,100,within_input_season_standardized,Carry-forward wRC+,season-t wRC+,110.0,
fg:8623,Donovan Solano,2024,2025,82,within_input_season_standardized,Carry-forward wRC+,season-t wRC+,117.0,
fg:9218,Paul Goldschmidt,2024,2025,103,within_input_season_standardized,Carry-forward wRC+,season-t wRC+,100.0,
fg:9241,Starling Marte,2024,2025,112,within_input_season_standardized,Carry-forward wRC+,season-t wRC+,103.0,
fg:9774,Christian Vazquez,2024,2025,55,within_input_season_standardized,Carry-forward wRC+,season-t wRC+,59.0,
fg:9777,Nolan Arenado,2024,2025,84,within_input_season_standardized,Carry-forward wRC+,season-t wRC+,103.0,
fg:9847,Andrew McCutchen,2024,2025,95,within_input_season_standardized,Carry-forward wRC+,season-t wRC+,106.0,
fg:9874,DJ LeMahieu,2024,2025,95,within_input_season_standardized,Carry-forward wRC+,season-t wRC+,53.0,
fg:10155,Mike Trout,2024,2025,120,within_input_season_standardized,Calibrated wRC+ Ridge,wRC+_t,114.30656934650418,10.0
fg:10231,Jose Iglesias,2024,2025,73,within_input_season_standardized,Calibrated wRC+ Ridge,wRC+_t,112.53303040392822,10.0
fg:10243,Randal Grichuk,2024,2025,82,within_input_season_standardized,Calibrated wRC+ Ridge,wRC+_t,113.86318461086019,10.0
fg:10324,Marcell Ozuna,2024,2025,114,within_input_season_standardized,Calibrated wRC+ Ridge,wRC+_t,120.51395564552,10.0
fg:10472,Enrique Hernandez,2024,2025,70,within_input_season_standardized,Calibrated wRC+ Ridge,wRC+_t,88.5902546791529,10.0
fg:10681,Gio Urshela,2024,2025,68,within_input_season_standardized,Calibrated wRC+ Ridge,wRC+_t,87.70348520786493,10.0
fg:10815,Jurickson Profar,2024,2025,122,within_input_season_standardized,Calibrated wRC+ Ridge,wRC+_t,113.86318461086019,10.0
fg:11442,Gary Sanchez,2024,2025,100,within_input_season_standardized,Calibrated wRC+ Ridge,wRC+_t,95.24102571381272,10.0
fg:11445,Mark Canha,2024,2025,49,within_input_season_standardized,Calibrated wRC+ Ridge,wRC+_t,97.01456465638867,10.0
fg:11477,Christian Yelich,2024,2025,121,within_input_season_standardized,Calibrated wRC+ Ridge,wRC+_t,120.51395564552,10.0
fg:11493,Manny Machado,2024,2025,123,within_input_season_standardized,Calibrated wRC+ Ridge,wRC+_t,106.3256441049124,10.0
fg:11579,Bryce Harper,2024,2025,131,within_input_season_standardized,Calibrated wRC+ Ridge,wRC+_t,116.08010828908013,10.0
fg:11609,Willson Contreras,2024,2025,124,within_input_season_standardized,Calibrated wRC+ Ridge,wRC+_t,114.74995408214816,10.0
fg:11680,Elias Diaz,2024,2025,74,within_input_season_standardized,Calibrated wRC+ Ridge,wRC+_t,88.14686994350892,10.0
fg:11737,Nick Castellanos,2024,2025,90,within_input_season_standardized,Calibrated wRC+ Ridge,wRC+_t,98.34471886332064,10.0
fg:11739,J.T. Realmuto,2024,2025,94,within_input_season_standardized,Calibrated wRC+ Ridge,wRC+_t,99.67487307025259,10.0
fg:11899,Joc Pederson,2024,2025,76,within_input_season_standardized,Calibrated wRC+ Ridge,wRC+_t,119.62718617423204,10.0
fg:12005,Nick Martini,2024,2025,49,within_input_season_standardized,Calibrated wRC+ Ridge,wRC+_t,84.15640732271304,10.0
fg:12144,Max Kepler,2024,2025,90,within_input_season_standardized,Calibrated wRC+ Ridge,wRC+_t,93.46748677123676,10.0
fg:12161,Xander Bogaerts,2024,2025,104,within_input_season_standardized,Calibrated wRC+ Ridge,wRC+_t,94.35425624252474,10.0
fg:12533,Marcus Semien,2024,2025,89,within_input_season_standardized,Calibrated wRC+ Ridge,wRC+_t,97.01456465638867,10.0
fg:12552,Eugenio Suarez,2024,2025,125,within_input_season_standardized,Calibrated wRC+ Ridge,wRC+_t,103.2219509554045,10.0
fg:12564,Trevor Story,2024,2025,101,within_input_season_standardized,Calibrated wRC+ Ridge,wRC+_t,97.90133412767665,10.0
fg:12856,George Springer,2024,2025,166,within_input_season_standardized,Calibrated wRC+ Ridge,wRC+_t,93.91087150688075,10.0
fg:12859,James McCann,2024,2025,110,within_input_season_standardized,Calibrated wRC+ Ridge,wRC+_t,91.25056309301684,10.0
fg:12916,Francisco Lindor,2024,2025,129,within_input_season_standardized,Calibrated wRC+ Ridge,wRC+_t,112.97641513957221,10.0
fg:12927,Brandon Nimmo,2024,2025,114,within_input_season_standardized,Calibrated wRC+ Ridge,wRC+_t,100.11825780589658,10.0
fg:12976,Austin Hedges,2024,2025,51,within_input_season_standardized,Calibrated wRC+ Ridge,wRC+_t,61.10040106922568,10.0
fg:12979,Javier Baez,2024,2025,86,within_input_season_standardized,Calibrated wRC+ Ridge,wRC+_t,70.41148051774942,10.0
fg:13066,Teoscar Hernandez,2024,2025,102,within_input_season_standardized,Calibrated wRC+ Ridge,wRC+_t,110.75949146135228,10.0
fg:13145,Josh Bell,2024,2025,107,within_input_season_standardized,Calibrated wRC+ Ridge,wRC+_t,97.01456465638867,10.0
fg:13152,Jorge Polanco,2024,2025,132,within_input_season_standardized,Calibrated wRC+ Ridge,wRC+_t,93.46748677123676,10.0
fg:13185,Orlando Arcia,2024,2025,33,within_input_season_standardized,Calibrated wRC+ Ridge,wRC+_t,84.15640732271304,10.0
fg:13324,Ildemaro Vargas,2024,2025,85,within_input_season_standardized,Calibrated wRC+ Ridge,wRC+_t,84.15640732271304,10.0
fg:13419,Christian Walker,2024,2025,99,within_input_season_standardized,Calibrated wRC+ Ridge,wRC+_t,105.43887463362442,10.0
fg:13510,Jose Ramirez,2024,2025,133,within_input_season_standardized,Calibrated wRC+ Ridge,wRC+_t,114.74995408214816,10.0
fg:13611,Mookie Betts,2024,2025,104,within_input_season_standardized,Calibrated wRC+ Ridge,wRC+_t,114.30656934650418,10.0
fg:13613,Ketel Marte,2024,2025,145,within_input_season_standardized,Calibrated wRC+ Ridge,wRC+_t,119.62718617423204,10.0
fg:13620,Carson Kelly,2024,2025,115,within_input_season_standardized,Calibrated wRC+ Ridge,wRC+_t,95.6844104494567,10.0
fg:13624,Corey Seager,2024,2025,138,within_input_season_standardized,Calibrated wRC+ Ridge,wRC+_t,115.19333881779215,10.0
fg:13675,Tyrone Taylor,2024,2025,70,within_input_season_standardized,Calibrated wRC+ Ridge,wRC+_t,95.24102571381272,10.0
fg:13723,Jacob Stallings,2024,2025,-7,within_input_season_standardized,Calibrated wRC+ Ridge,wRC+_t,102.33518148411652,10.0
fg:13757,Chris Taylor,2024,2025,56,within_input_season_standardized,Calibrated wRC+ Ridge,wRC+_t,84.59979205835702,10.0
fg:13770,Rob Refsnyder,2024,2025,128,within_input_season_standardized,Calibrated wRC+ Ridge,wRC+_t,110.75949146135228,10.0
fg:14161,Byron Buxton,2024,2025,136,within_input_season_standardized,Calibrated wRC+ Ridge,wRC+_t,114.30656934650418,10.0
fg:14162,Carlos Correa,2024,2025,106,within_input_season_standardized,Calibrated wRC+ Ridge,wRC+_t,120.51395564552,10.0
fg:14221,Jorge Soler,2024,2025,88,within_input_season_standardized,Calibrated wRC+ Ridge,wRC+_t,105.43887463362442,10.0
fg:14344,Matt Olson,2024,2025,136,within_input_season_standardized,Calibrated wRC+ Ridge,wRC+_t,104.10872042669247,10.0
fg:14551,Anthony Santander,2024,2025,61,within_input_season_standardized,Calibrated wRC+ Ridge,wRC+_t,108.98595251877633,10.0
fg:14813,Kyle Farmer,2024,2025,65,within_input_season_standardized,Calibrated wRC+ Ridge,wRC+_t,89.47702415044088,10.0
fg:14854,Mike Yastrzemski,2024,2025,106,within_input_season_standardized,Calibrated wRC+ Ridge,wRC+_t,99.2314883346086,10.0
fg:14968,Victor Caratini,2024,2025,104,within_input_season_standardized,Calibrated wRC+ Ridge,wRC+_t,102.33518148411652,10.0
fg:15112,Ryan McMahon,2024,2025,86,within_input_season_standardized,Calibrated wRC+ Ridge,wRC+_t,91.25056309301684,10.0
fg:15161,Mitch Garver,2024,2025,86,within_input_season_standardized,Calibrated wRC+ Ridge,wRC+_t,91.69394782866082,10.0
fg:15194,Jake Bauers,2024,2025,114,within_input_season_standardized,Calibrated wRC+ Ridge,wRC+_t,91.25056309301684,10.0
fg:15223,Adam Frazier,2024,2025,89,within_input_season_standardized,Calibrated wRC+ Ridge,wRC+_t,81.05271417320512,10.0
fg:15274,Mike Tauchman,2024,2025,115,within_input_season_standardized,Calibrated wRC+ Ridge,wRC+_t,101.00502727718455,10.0
fg:15362,Jeff McNeil,2024,2025,111,within_input_season_standardized,Calibrated wRC+ Ridge,wRC+_t,95.24102571381272,10.0
fg:15464,Hunter Renfroe,2024,2025,32,within_input_season_standardized,Calibrated wRC+ Ridge,wRC+_t,93.46748677123676,10.0
fg:15491,J.P. Crawford,2024,2025,113,within_input_season_standardized,Calibrated wRC+ Ridge,wRC+_t,92.13733256430481,10.0
fg:15518,Amed Rosario,2024,2025,106,within_input_season_standardized,Calibrated wRC+ Ridge,wRC+_t,94.79764097816873,10.0
fg:15640,Aaron Judge,2024,2025,204,within_input_season_standardized,Calibrated wRC+ Ridge,wRC+_t,149.77734819802316,10.0
fg:15653,Dominic Smith,2024,2025,111,within_input_season_standardized,Calibrated wRC+ Ridge,wRC+_t,93.91087150688075,10.0
fg:15674,Reese McGuire,2024,2025,86,within_input_season_standardized,Calibrated wRC+ Ridge,wRC+_t,79.72255996627317,10.0
fg:15679,Rowdy Tellez,2024,2025,101,within_input_season_standardized,Calibrated wRC+ Ridge,wRC+_t,92.13733256430481,10.0
fg:15711,Tyler O'Neill,2024,2025,91,within_input_season_standardized,Calibrated wRC+ Ridge,wRC+_t,111.20287619699627,10.0
fg:15730,Tyler Wade,2024,2025,69,within_input_season_standardized,Calibrated wRC+ Ridge,wRC+_t,77.06225155240924,10.0
fg:15878,Miguel Andujar,2024,2025,125,within_input_season_standardized,Calibrated wRC+ Ridge,wRC+_t,97.90133412767665,10.0
fg:15905,Luis Torrens,2024,2025,79,within_input_season_standardized,Calibrated wRC+ Ridge,wRC+_t,91.69394782866082,10.0
fg:15986,Willy Adames,2024,2025,108,within_input_season_standardized,Calibrated wRC+ Ridge,wRC+_t,105.43887463362442,10.0
fg:15998,Cody Bellinger,2024,2025,125,within_input_season_standardized,Calibrated wRC+ Ridge,wRC+_t,100.11825780589658,10.0
fg:16153,Austin Slater,2024,2025,78,within_input_season_standardized,Calibrated wRC+ Ridge,wRC+_t,85.92994626528898,10.0
fg:16252,Trea Turner,2024,2025,125,within_input_season_standardized,Calibrated wRC+ Ridge,wRC+_t,106.76902884055639,10.0
fg:16376,Michael Conforto,2024,2025,83,within_input_season_standardized,Calibrated wRC+ Ridge,wRC+_t,101.89179674847253,10.0
fg:16426,Thairo Estrada,2024,2025,66,within_input_season_standardized,Calibrated wRC+ Ridge,wRC+_t,80.60932943756113,10.0
fg:16442,Ryan O'Hearn,2024,2025,127,within_input_season_standardized,Calibrated wRC+ Ridge,wRC+_t,104.55210516233646,10.0
fg:16472,Rhys Hoskins,2024,2025,109,within_input_season_standardized,Calibrated wRC+ Ridge,wRC+_t,97.01456465638867,10.0
fg:16478,Kyle Schwarber,2024,2025,152,within_input_season_standardized,Calibrated wRC+ Ridge,wRC+_t,111.64626093264025,10.0
fg:16505,Matt Chapman,2024,2025,118,within_input_season_standardized,Calibrated wRC+ Ridge,wRC+_t,105.88225936926841,10.0
fg:16512,Isiah Kiner-Falefa,2024,2025,75,within_input_season_standardized,Calibrated wRC+ Ridge,wRC+_t,93.46748677123676,10.0
fg:16530,Mauricio Dubon,2024,2025,80,within_input_season_standardized,Calibrated wRC+ Ridge,wRC+_t,90.36379362172886,10.0
fg:16535,Danny Jansen,2024,2025,103,within_input_season_standardized,Calibrated wRC+ Ridge,wRC+_t,92.13733256430481,10.0
fg:16556,Ozzie Albies,2024,2025,87,within_input_season_standardized,Calibrated wRC+ Ridge,wRC+_t,94.79764097816873,10.0
fg:16578,Yandy Diaz,2024,2025,135,within_input_season_standardized,Calibrated wRC+ Ridge,wRC+_t,105.43887463362442,10.0
fg:16622,Luis Urias,2024,2025,84,within_input_season_standardized,Calibrated wRC+ Ridge,wRC+_t,100.11825780589658,10.0
fg:16725,Jose Trevino,2024,2025,66,within_input_season_standardized,Calibrated wRC+ Ridge,wRC+_t,89.92040888608487,10.0
fg:16930,Jonah Heim,2024,2025,69,within_input_season_standardized,Calibrated wRC+ Ridge,wRC+_t,84.15640732271304,10.0
fg:16939,Lane Thomas,2024,2025,48,within_input_season_standardized,Calibrated wRC+ Ridge,wRC+_t,96.1277951851007,10.0
fg:16947,Derek Hill,2024,2025,70,within_input_season_standardized,Calibrated wRC+ Ridge,wRC+_t,91.69394782866082,10.0
fg:16997,Gleyber Torres,2024,2025,113,within_input_season_standardized,Calibrated wRC+ Ridge,wRC+_t,98.78810359896463,10.0
fg:17022,Edmundo Sosa,2024,2025,111,within_input_season_standardized,Calibrated wRC+ Ridge,wRC+_t,97.45794939203266,10.0
fg:17027,Alex Verdugo,2024,2025,66,within_input_season_standardized,Calibrated wRC+ Ridge,wRC+_t,89.92040888608487,10.0
fg:17040,Jose Herrera,2024,2025,57,within_input_season_standardized,Calibrated wRC+ Ridge,wRC+_t,83.71302258706905,10.0
fg:17128,Ramon Laureano,2024,2025,138,within_input_season_standardized,Calibrated wRC+ Ridge,wRC+_t,100.11825780589658,10.0
fg:17276,Alex Jackson,2024,2025,111,within_input_season_standardized,Calibrated wRC+ Ridge,wRC+_t,65.09086369002156,10.0
fg:17338,Willi Castro,2024,2025,92,within_input_season_standardized,Calibrated wRC+ Ridge,wRC+_t,99.2314883346086,10.0
fg:17350,Rafael Devers,2024,2025,135,within_input_season_standardized,Calibrated wRC+ Ridge,wRC+_t,112.53303040392822,10.0
fg:17548,Taylor Ward,2024,2025,117,within_input_season_standardized,Calibrated wRC+ Ridge,wRC+_t,101.89179674847253,10.0
fg:17678,Alex Bregman,2024,2025,125,within_input_season_standardized,Calibrated wRC+ Ridge,wRC+_t,104.10872042669247,10.0
fg:17696,Kevin Newman,2024,2025,27,within_input_season_standardized,Calibrated wRC+ Ridge,wRC+_t,91.69394782866082,10.0
fg:17901,Andrew Benintendi,2024,2025,103,within_input_season_standardized,Calibrated wRC+ Ridge,wRC+_t,93.46748677123676,10.0
fg:17907,Brendan Rodgers,2024,2025,55,within_input_season_standardized,Calibrated wRC+ Ridge,wRC+_t,90.80717835737285,10.0
fg:17919,Ian Happ,2024,2025,116,within_input_season_standardized,Calibrated wRC+ Ridge,wRC+_t,105.88225936926841,10.0
fg:17929,Cedric Mullins,2024,2025,94,within_input_season_standardized,Calibrated wRC+ Ridge,wRC+_t,98.34471886332064,10.0
fg:17982,Ty France,2024,2025,92,within_input_season_standardized,Calibrated wRC+ Ridge,wRC+_t,93.46748677123676,10.0
fg:17988,Tyler Stephenson,2024,2025,99,within_input_season_standardized,Calibrated wRC+ Ridge,wRC+_t,102.33518148411652,10.0
fg:18015,Paul DeJong,2024,2025,76,within_input_season_standardized,Calibrated wRC+ Ridge,wRC+_t,94.79764097816873,10.0
fg:18030,Harrison Bader,2024,2025,122,within_input_season_standardized,Calibrated wRC+ Ridge,wRC+_t,89.92040888608487,10.0
fg:18036,Jake Cronenworth,2024,2025,117,within_input_season_standardized,Calibrated wRC+ Ridge,wRC+_t,98.78810359896463,10.0
fg:18042,Dylan Moore,2024,2025,83,within_input_season_standardized,Calibrated wRC+ Ridge,wRC+_t,99.2314883346086,10.0
fg:18126,LaMonte Wade Jr.,2024,2025,52,within_input_season_standardized,Calibrated wRC+ Ridge,wRC+_t,104.99548989798043,10.0
fg:18314,Dansby Swanson,2024,2025,99,within_input_season_standardized,Calibrated wRC+ Ridge,wRC+_t,95.24102571381272,10.0
fg:18345,Kyle Tucker,2024,2025,136,within_input_season_standardized,Calibrated wRC+ Ridge,wRC+_t,131.59857403661968,10.0
fg:18360,Austin Riley,2024,2025,103,within_input_season_standardized,Calibrated wRC+ Ridge,wRC+_t,103.66533569104848,10.0
fg:18363,Victor Robles,2024,2025,75,within_input_season_standardized,Calibrated wRC+ Ridge,wRC+_t,114.74995408214816,10.0
fg:18373,Ryan Mountcastle,2024,2025,81,within_input_season_standardized,Calibrated wRC+ Ridge,wRC+_t,99.67487307025259,10.0
fg:18401,Ronald Acuna Jr.,2024,2025,161,within_input_season_standardized,Calibrated wRC+ Ridge,wRC+_t,99.2314883346086,10.0
fg:18564,Trent Grisham,2024,2025,129,within_input_season_standardized,Calibrated wRC+ Ridge,wRC+_t,93.46748677123676,10.0
fg:18568,Luis Arraez,2024,2025,104,within_input_season_standardized,Calibrated wRC+ Ridge,wRC+_t,100.56164254154056,10.0
fg:18577,Ke'Bryan Hayes,2024,2025,65,within_input_season_standardized,Calibrated wRC+ Ridge,wRC+_t,78.83579049498519,10.0
fg:18795,Ramon Urias,2024,2025,87,within_input_season_standardized,Calibrated wRC+ Ridge,wRC+_t,102.7785662197605,10.0
fg:18819,Andy Ibanez,2024,2025,84,within_input_season_standardized,Calibrated wRC+ Ridge,wRC+_t,90.36379362172886,10.0
fg:18839,Josh Naylor,2024,2025,128,within_input_season_standardized,Calibrated wRC+ Ridge,wRC+_t,104.55210516233646,10.0
fg:18882,Brandon Lowe,2024,2025,114,within_input_season_standardized,Calibrated wRC+ Ridge,wRC+_t,106.76902884055639,10.0
fg:18900,Leody Taveras,2024,2025,47,within_input_season_standardized,Calibrated wRC+ Ridge,wRC+_t,89.47702415044088,10.0
fg:19238,Lourdes Gurriel Jr.,2024,2025,95,within_input_season_standardized,Calibrated wRC+ Ridge,wRC+_t,100.11825780589658,10.0
fg:19251,Pete Alonso,2024,2025,141,within_input_season_standardized,Calibrated wRC+ Ridge,wRC+_t,105.88225936926841,10.0
fg:19260,Jake Fraley,2024,2025,97,within_input_season_standardized,Calibrated wRC+ Ridge,wRC+_t,94.79764097816873,10.0
fg:19287,Adolis Garcia,2024,2025,83,within_input_season_standardized,Calibrated wRC+ Ridge,wRC+_t,93.91087150688075,10.0
fg:19290,Randy Arozarena,2024,2025,120,within_input_season_standardized,Calibrated wRC+ Ridge,wRC+_t,102.7785662197605,10.0
fg:19296,Alex Call,2024,2025,113,within_input_season_standardized,Calibrated wRC+ Ridge,wRC+_t,126.27795720889183,10.0
fg:19318,Matt Thaiss,2024,2025,89,within_input_season_standardized,Calibrated wRC+ Ridge,wRC+_t,89.47702415044088,10.0
fg:19326,Bryan Reynolds,2024,2025,99,within_input_season_standardized,Calibrated wRC+ Ridge,wRC+_t,104.55210516233646,10.0
fg:19352,Sean Murphy,2024,2025,97,within_input_season_standardized,Calibrated wRC+ Ridge,wRC+_t,86.81671573657695,10.0
fg:19354,Luke Raley,2024,2025,91,within_input_season_standardized,Calibrated wRC+ Ridge,wRC+_t,109.42933725442032,10.0
fg:19363,Austin Hays,2024,2025,105,within_input_season_standardized,Calibrated wRC+ Ridge,wRC+_t,95.24102571381272,10.0
fg:19392,Zach McKinstry,2024,2025,114,within_input_season_standardized,Calibrated wRC+ Ridge,wRC+_t,85.04317679400101,10.0
fg:19452,Jake Rogers,2024,2025,70,within_input_season_standardized,Calibrated wRC+ Ridge,wRC+_t,83.26963785142506,10.0
fg:19455,Andruw Monasterio,2024,2025,111,within_input_season_standardized,Calibrated wRC+ Ridge,wRC+_t,82.82625311578107,10.0
fg:19470,Tommy Edman,2024,2025,81,within_input_season_standardized,Calibrated wRC+ Ridge,wRC+_t,95.24102571381272,10.0
fg:19522,TJ Friedl,2024,2025,109,within_input_season_standardized,Calibrated wRC+ Ridge,wRC+_t,92.13733256430481,10.0
fg:19556,Yordan Alvarez,2024,2025,118,within_input_season_standardized,Calibrated wRC+ Ridge,wRC+_t,126.27795720889183,10.0
fg:19566,Nathaniel Lowe,2024,2025,91,within_input_season_standardized,Calibrated wRC+ Ridge,wRC+_t,106.76902884055639,10.0
fg:19599,Chas McCormick,2024,2025,62,within_input_season_standardized,Calibrated wRC+ Ridge,wRC+_t,81.05271417320512,10.0
fg:19608,Otto Lopez,2024,2025,86,within_input_season_standardized,Calibrated wRC+ Ridge,wRC+_t,93.02410203559278,10.0
fg:19610,Keibert Ruiz,2024,2025,65,within_input_season_standardized,Calibrated wRC+ Ridge,wRC+_t,83.26963785142506,10.0
fg:19611,Vladimir Guerrero Jr.,2024,2025,137,within_input_season_standardized,Calibrated wRC+ Ridge,wRC+_t,124.94780300195987,10.0
fg:19612,Bo Bichette,2024,2025,134,within_input_season_standardized,Calibrated wRC+ Ridge,wRC+_t,83.26963785142506,10.0
fg:19627,Brent Rooker,2024,2025,122,within_input_season_standardized,Calibrated wRC+ Ridge,wRC+_t,124.94780300195987,10.0
fg:19709,Fernando Tatis Jr.,2024,2025,131,within_input_season_standardized,Calibrated wRC+ Ridge,wRC+_t,112.08964566828423,10.0
fg:19734,Josh Rojas,2024,2025,44,within_input_season_standardized,Calibrated wRC+ Ridge,wRC+_t,93.02410203559278,10.0
fg:19755,Shohei Ohtani,2024,2025,172,within_input_season_standardized,Calibrated wRC+ Ridge,wRC+_t,132.04195877226368,10.0
fg:19844,Abraham Toro,2024,2025,77,within_input_season_standardized,Calibrated wRC+ Ridge,wRC+_t,90.80717835737285,10.0
fg:19858,Luis Rengifo,2024,2025,73,within_input_season_standardized,Calibrated wRC+ Ridge,wRC+_t,104.55210516233646,10.0
fg:19864,Riley Adams,2024,2025,57,within_input_season_standardized,Calibrated wRC+ Ridge,wRC+_t,85.486561529645,10.0
fg:19890,Emmanuel Rivera,2024,2025,64,within_input_season_standardized,Calibrated wRC+ Ridge,wRC+_t,90.36379362172886,10.0
fg:19892,Pavin Smith,2024,2025,123,within_input_season_standardized,Calibrated wRC+ Ridge,wRC+_t,115.19333881779215,10.0
fg:19896,Connor Wong,2024,2025,39,within_input_season_standardized,Calibrated wRC+ Ridge,wRC+_t,101.89179674847253,10.0
fg:19901,Gavin Sheets,2024,2025,111,within_input_season_standardized,Calibrated wRC+ Ridge,wRC+_t,91.25056309301684,10.0
fg:19913,Jesus Sanchez,2024,2025,93,within_input_season_standardized,Calibrated wRC+ Ridge,wRC+_t,97.01456465638867,10.0
fg:19918,Daulton Varsho,2024,2025,123,within_input_season_standardized,Calibrated wRC+ Ridge,wRC+_t,96.1277951851007,10.0
fg:19921,Blake Perkins,2024,2025,83,within_input_season_standardized,Calibrated wRC+ Ridge,wRC+_t,89.47702415044088,10.0
fg:19950,Andres Gimenez,2024,2025,70,within_input_season_standardized,Calibrated wRC+ Ridge,wRC+_t,89.0336394147969,10.0
fg:19953,Josh Lowe,2024,2025,79,within_input_season_standardized,Calibrated wRC+ Ridge,wRC+_t,95.6844104494567,10.0
fg:19955,Gavin Lux,2024,2025,102,within_input_season_standardized,Calibrated wRC+ Ridge,wRC+_t,95.6844104494567,10.0
fg:19956,Mickey Moniak,2024,2025,110,within_input_season_standardized,Calibrated wRC+ Ridge,wRC+_t,87.70348520786493,10.0
fg:19997,Santiago Espinal,2024,2025,58,within_input_season_standardized,Calibrated wRC+ Ridge,wRC+_t,85.92994626528898,10.0
fg:20017,Miles Mastrobuoni,2024,2025,85,within_input_season_standardized,Calibrated wRC+ Ridge,wRC+_t,67.7511721038855,10.0
fg:20036,Isaac Paredes,2024,2025,128,within_input_season_standardized,Calibrated wRC+ Ridge,wRC+_t,103.66533569104848,10.0
fg:20043,Luis Robert Jr.,2024,2025,84,within_input_season_standardized,Calibrated wRC+ Ridge,wRC+_t,89.47702415044088,10.0
fg:20123,Juan Soto,2024,2025,156,within_input_season_standardized,Calibrated wRC+ Ridge,wRC+_t,132.48534350790766,10.0
fg:20126,Dylan Carlson,2024,2025,74,within_input_season_standardized,Calibrated wRC+ Ridge,wRC+_t,81.9394836444931,10.0
fg:20178,Miguel Vargas,2024,2025,101,within_input_season_standardized,Calibrated wRC+ Ridge,wRC+_t,72.62840419596935,10.0
fg:20202,Brandon Marsh,2024,2025,116,within_input_season_standardized,Calibrated wRC+ Ridge,wRC+_t,99.67487307025259,10.0
fg:20220,Jo Adell,2024,2025,112,within_input_season_standardized,Calibrated wRC+ Ridge,wRC+_t,92.58071729994879,10.0
fg:20287,Ben Rortvedt,2024,2025,31,within_input_season_standardized,Calibrated wRC+ Ridge,wRC+_t,90.80717835737285,10.0
fg:20308,Jake Meyers,2024,2025,107,within_input_season_standardized,Calibrated wRC+ Ridge,wRC+_t,89.92040888608487,10.0
fg:20352,Ernie Clement,2024,2025,98,within_input_season_standardized,Calibrated wRC+ Ridge,wRC+_t,93.91087150688075,10.0
fg:20437,Royce Lewis,2024,2025,85,within_input_season_standardized,Calibrated wRC+ Ridge,wRC+_t,99.2314883346086,10.0
fg:20454,Jazz Chisholm Jr.,2024,2025,126,within_input_season_standardized,Calibrated wRC+ Ridge,wRC+_t,101.44841201282854,10.0
fg:20503,William Contreras,2024,2025,113,within_input_season_standardized,Calibrated wRC+ Ridge,wRC+_t,110.75949146135228,10.0
fg:20529,Nolan Jones,2024,2025,72,within_input_season_standardized,Calibrated wRC+ Ridge,wRC+_t,82.82625311578107,10.0
fg:20572,Kody Clemens,2024,2025,95,within_input_season_standardized,Calibrated wRC+ Ridge,wRC+_t,92.13733256430481,10.0
fg:20599,Ivan Herrera,2024,2025,137,within_input_season_standardized,Calibrated wRC+ Ridge,wRC+_t,108.98595251877633,10.0
fg:21454,Lars Nootbaar,2024,2025,96,within_input_season_standardized,Calibrated wRC+ Ridge,wRC+_t,102.7785662197605,10.0
fg:21479,Nico Hoerner,2024,2025,109,within_input_season_standardized,Calibrated wRC+ Ridge,wRC+_t,97.45794939203266,10.0
fg:21501,Trevor Larnach,2024,2025,102,within_input_season_standardized,Calibrated wRC+ Ridge,wRC+_t,104.99548989798043,10.0
fg:21523,Jonathan India,2024,2025,89,within_input_season_standardized,Calibrated wRC+ Ridge,wRC+_t,100.56164254154056,10.0
fg:21524,Joey Bart,2024,2025,101,within_input_season_standardized,Calibrated wRC+ Ridge,wRC+_t,105.88225936926841,10.0
fg:21534,Cal Raleigh,2024,2025,161,within_input_season_standardized,Calibrated wRC+ Ridge,wRC+_t,104.55210516233646,10.0
fg:21538,Nick Fortes,2024,2025,80,within_input_season_standardized,Calibrated wRC+ Ridge,wRC+_t,77.94902102369721,10.0
fg:21558,Matt Vierling,2024,2025,76,within_input_season_standardized,Calibrated wRC+ Ridge,wRC+_t,99.67487307025259,10.0
fg:21562,Romy Gonzalez,2024,2025,123,within_input_season_standardized,Calibrated wRC+ Ridge,wRC+_t,95.6844104494567,10.0
fg:21614,Kyle Isbel,2024,2025,79,within_input_season_standardized,Calibrated wRC+ Ridge,wRC+_t,88.5902546791529,10.0
fg:21618,Alec Bohm,2024,2025,105,within_input_season_standardized,Calibrated wRC+ Ridge,wRC+_t,102.33518148411652,10.0
fg:21622,Jake McCarthy,2024,2025,60,within_input_season_standardized,Calibrated wRC+ Ridge,wRC+_t,101.00502727718455,10.0
fg:21636,Jeremy Pena,2024,2025,135,within_input_season_standardized,Calibrated wRC+ Ridge,wRC+_t,96.1277951851007,10.0
fg:21693,Miguel Amaya,2024,2025,124,within_input_season_standardized,Calibrated wRC+ Ridge,wRC+_t,88.5902546791529,10.0
fg:21707,Oswaldo Cabrera,2024,2025,83,within_input_season_standardized,Calibrated wRC+ Ridge,wRC+_t,91.69394782866082,10.0
fg:21711,Oneil Cruz,2024,2025,86,within_input_season_standardized,Calibrated wRC+ Ridge,wRC+_t,101.00502727718455,10.0
fg:21716,Enmanuel Valdez,2024,2025,82,within_input_season_standardized,Calibrated wRC+ Ridge,wRC+_t,84.59979205835702,10.0
fg:21837,Jonathan Aranda,2024,2025,146,within_input_season_standardized,Calibrated wRC+ Ridge,wRC+_t,102.33518148411652,10.0
fg:21840,Freddy Fermin,2024,2025,77,within_input_season_standardized,Calibrated wRC+ Ridge,wRC+_t,93.02410203559278,10.0
fg:21853,Will Benson,2024,2025,85,within_input_season_standardized,Calibrated wRC+ Ridge,wRC+_t,85.92994626528898,10.0
fg:21865,Bo Naylor,2024,2025,85,within_input_season_standardized,Calibrated wRC+ Ridge,wRC+_t,85.04317679400101,10.0
fg:21897,Christopher Morel,2024,2025,90,within_input_season_standardized,Calibrated wRC+ Ridge,wRC+_t,88.14686994350892,10.0
fg:22054,Dane Myers,2024,2025,72,within_input_season_standardized,Calibrated wRC+ Ridge,wRC+_t,102.33518148411652,10.0
fg:22184,Mark Vientos,2024,2025,97,within_input_season_standardized,Calibrated wRC+ Ridge,wRC+_t,110.75949146135228,10.0
fg:22186,Brice Turang,2024,2025,124,within_input_season_standardized,Calibrated wRC+ Ridge,wRC+_t,91.25056309301684,10.0
fg:22244,Jack Suwinski,2024,2025,55,within_input_season_standardized,Calibrated wRC+ Ridge,wRC+_t,79.72255996627317,10.0
fg:22263,Nolan Gorman,2024,2025,88,within_input_season_standardized,Calibrated wRC+ Ridge,wRC+_t,90.80717835737285,10.0
fg:22266,Xavier Edwards,2024,2025,95,within_input_season_standardized,Calibrated wRC+ Ridge,wRC+_t,109.42933725442032,10.0
fg:22275,Jake Burger,2024,2025,89,within_input_season_standardized,Calibrated wRC+ Ridge,wRC+_t,99.67487307025259,10.0
fg:22277,Nick Allen,2024,2025,53,within_input_season_standardized,Calibrated wRC+ Ridge,wRC+_t,66.86440263259752,10.0
fg:22458,Taylor Walls,2024,2025,66,within_input_season_standardized,Calibrated wRC+ Ridge,wRC+_t,78.83579049498519,10.0
fg:22514,Triston Casas,2024,2025,56,within_input_season_standardized,Calibrated wRC+ Ridge,wRC+_t,105.43887463362442,10.0
fg:22515,Heliot Ramos,2024,2025,106,within_input_season_standardized,Calibrated wRC+ Ridge,wRC+_t,105.43887463362442,10.0
fg:22532,Tyler Freeman,2024,2025,91,within_input_season_standardized,Calibrated wRC+ Ridge,wRC+_t,89.47702415044088,10.0
fg:22542,Lawrence Butler,2024,2025,96,within_input_season_standardized,Calibrated wRC+ Ridge,wRC+_t,109.8727219900643,10.0
fg:22563,Gabriel Arias,2024,2025,77,within_input_season_standardized,Calibrated wRC+ Ridge,wRC+_t,83.26963785142506,10.0
fg:22581,Alejandro Kirk,2024,2025,116,within_input_season_standardized,Calibrated wRC+ Ridge,wRC+_t,93.46748677123676,10.0
fg:22664,Gabriel Moreno,2024,2025,117,within_input_season_standardized,Calibrated wRC+ Ridge,wRC+_t,99.67487307025259,10.0
fg:22715,Maikel Garcia,2024,2025,121,within_input_season_standardized,Calibrated wRC+ Ridge,wRC+_t,83.71302258706905,10.0
fg:22799,Geraldo Perdomo,2024,2025,138,within_input_season_standardized,Calibrated wRC+ Ridge,wRC+_t,97.45794939203266,10.0
fg:22857,Wenceel Perez,2024,2025,103,within_input_season_standardized,Calibrated wRC+ Ridge,wRC+_t,93.91087150688075,10.0
fg:22896,Lenyn Sosa,2024,2025,100,within_input_season_standardized,Calibrated wRC+ Ridge,wRC+_t,88.14686994350892,10.0
fg:23003,Yainer Diaz,2024,2025,92,within_input_season_standardized,Calibrated wRC+ Ridge,wRC+_t,103.66533569104848,10.0
fg:23401,Jose Caballero,2024,2025,97,within_input_season_standardized,Calibrated wRC+ Ridge,wRC+_t,89.0336394147969,10.0
fg:23565,Davis Schneider,2024,2025,127,within_input_season_standardized,Calibrated wRC+ Ridge,wRC+_t,87.70348520786493,10.0
fg:23690,Brayan Rocchio,2024,2025,77,within_input_season_standardized,Calibrated wRC+ Ridge,wRC+_t,87.26010047222094,10.0
fg:23691,Jose Tena,2024,2025,88,within_input_season_standardized,Calibrated wRC+ Ridge,wRC+_t,88.5902546791529,10.0
fg:23697,Julio Rodriguez,2024,2025,126,within_input_season_standardized,Calibrated wRC+ Ridge,wRC+_t,103.66533569104848,10.0
fg:23733,Ezequiel Duran,2024,2025,57,within_input_season_standardized,Calibrated wRC+ Ridge,wRC+_t,85.486561529645,10.0
fg:23772,Wilyer Abreu,2024,2025,110,within_input_season_standardized,Calibrated wRC+ Ridge,wRC+_t,103.66533569104848,10.0
fg:23789,Blaze Alexander,2024,2025,99,within_input_season_standardized,Calibrated wRC+ Ridge,wRC+_t,91.69394782866082,10.0
fg:23792,Alek Thomas,2024,2025,81,within_input_season_standardized,Calibrated wRC+ Ridge,wRC+_t,81.05271417320512,10.0
fg:23800,Parker Meadows,2024,2025,75,within_input_season_standardized,Calibrated wRC+ Ridge,wRC+_t,101.00502727718455,10.0
fg:2396,Carlos Santana,2024,2025,82,within_input_season_standardized,Calibrated wRC+ Ridge,wRC+_t,102.33518148411652,10.0
fg:23986,Curtis Mead,2024,2025,76,within_input_season_standardized,Calibrated wRC+ Ridge,wRC+_t,81.9394836444931,10.0
fg:24064,Ezequiel Tovar,2024,2025,78,within_input_season_standardized,Calibrated wRC+ Ridge,wRC+_t,93.91087150688075,10.0
fg:24257,Jhonkensy Noel,2024,2025,28,within_input_season_standardized,Calibrated wRC+ Ridge,wRC+_t,104.55210516233646,10.0
fg:24262,Ceddanne Rafaela,2024,2025,91,within_input_season_standardized,Calibrated wRC+ Ridge,wRC+_t,88.14686994350892,10.0
fg:24336,Johan Rojas,2024,2025,58,within_input_season_standardized,Calibrated wRC+ Ridge,wRC+_t,81.4960989088491,10.0
fg:24488,Max Schuemann,2024,2025,62,within_input_season_standardized,Calibrated wRC+ Ridge,wRC+_t,89.92040888608487,10.0
fg:24598,Addison Barger,2024,2025,107,within_input_season_standardized,Calibrated wRC+ Ridge,wRC+_t,82.82625311578107,10.0
fg:24610,Steven Kwan,2024,2025,99,within_input_season_standardized,Calibrated wRC+ Ridge,wRC+_t,110.3161067257083,10.0
fg:24617,Jarren Duran,2024,2025,111,within_input_season_standardized,Calibrated wRC+ Ridge,wRC+_t,110.3161067257083,10.0
fg:24618,Ryan Jeffers,2024,2025,113,within_input_season_standardized,Calibrated wRC+ Ridge,wRC+_t,99.2314883346086,10.0
fg:24679,Brendan Donovan,2024,2025,119,within_input_season_standardized,Calibrated wRC+ Ridge,wRC+_t,103.2219509554045,10.0
fg:24703,Jonah Bride,2024,2025,23,within_input_season_standardized,Calibrated wRC+ Ridge,wRC+_t,107.21241357620038,10.0
fg:24729,Logan O'Hoppe,2024,2025,72,within_input_season_standardized,Calibrated wRC+ Ridge,wRC+_t,97.45794939203266,10.0
fg:24770,James Outman,2024,2025,48,within_input_season_standardized,Calibrated wRC+ Ridge,wRC+_t,75.73209734547727,10.0
fg:24816,Andy Pages,2024,2025,113,within_input_season_standardized,Calibrated wRC+ Ridge,wRC+_t,95.6844104494567,10.0
fg:24934,David Fry,2024,2025,63,within_input_season_standardized,Calibrated wRC+ Ridge,wRC+_t,109.42933725442032,10.0
fg:25180,Daniel Schneemann,2024,2025,79,within_input_season_standardized,Calibrated wRC+ Ridge,wRC+_t,93.46748677123676,10.0
fg:25479,Brenton Doyle,2024,2025,65,within_input_season_standardized,Calibrated wRC+ Ridge,wRC+_t,95.24102571381272,10.0
fg:25493,Joey Ortiz,2024,2025,67,within_input_season_standardized,Calibrated wRC+ Ridge,wRC+_t,98.78810359896463,10.0
fg:25764,Bobby Witt Jr.,2024,2025,130,within_input_season_standardized,Calibrated wRC+ Ridge,wRC+_t,127.16472668017981,10.0
fg:25768,CJ Abrams,2024,2025,107,within_input_season_standardized,Calibrated wRC+ Ridge,wRC+_t,99.2314883346086,10.0
fg:25782,Pedro Pages,2024,2025,77,within_input_season_standardized,Calibrated wRC+ Ridge,wRC+_t,89.47702415044088,10.0
fg:25807,Jared Triolo,2024,2025,86,within_input_season_standardized,Calibrated wRC+ Ridge,wRC+_t,84.15640732271304,10.0
fg:25816,Shea Langeliers,2024,2025,132,within_input_season_standardized,Calibrated wRC+ Ridge,wRC+_t,100.56164254154056,10.0
fg:25845,Michael Toglia,2024,2025,54,within_input_season_standardized,Calibrated wRC+ Ridge,wRC+_t,95.6844104494567,10.0
fg:25878,Corbin Carroll,2024,2025,139,within_input_season_standardized,Calibrated wRC+ Ridge,wRC+_t,99.67487307025259,10.0
fg:25931,Michael Harris II,2024,2025,83,within_input_season_standardized,Calibrated wRC+ Ridge,wRC+_t,96.1277951851007,10.0
fg:25961,Kerry Carpenter,2024,2025,115,within_input_season_standardized,Calibrated wRC+ Ridge,wRC+_t,122.28749458809595,10.0
fg:25976,Riley Greene,2024,2025,121,within_input_season_standardized,Calibrated wRC+ Ridge,wRC+_t,111.64626093264025,10.0
fg:26121,Francisco Alvarez,2024,2025,124,within_input_season_standardized,Calibrated wRC+ Ridge,wRC+_t,97.01456465638867,10.0
fg:26123,Brett Baty,2024,2025,111,within_input_season_standardized,Calibrated wRC+ Ridge,wRC+_t,89.0336394147969,10.0
fg:26151,Kyle Stowers,2024,2025,149,within_input_season_standardized,Calibrated wRC+ Ridge,wRC+_t,82.38286838013708,10.0
fg:26197,Andrew Vaughn,2024,2025,99,within_input_season_standardized,Calibrated wRC+ Ridge,wRC+_t,95.24102571381272,10.0
fg:26208,Tyler Fitzgerald,2024,2025,72,within_input_season_standardized,Calibrated wRC+ Ridge,wRC+_t,110.75949146135228,10.0
fg:26224,Darell Hernaiz,2024,2025,65,within_input_season_standardized,Calibrated wRC+ Ridge,wRC+_t,74.4019431385453,10.0
fg:26288,Adley Rutschman,2024,2025,91,within_input_season_standardized,Calibrated wRC+ Ridge,wRC+_t,97.90133412767665,10.0
fg:26289,Gunnar Henderson,2024,2025,120,within_input_season_standardized,Calibrated wRC+ Ridge,wRC+_t,120.51395564552,10.0
fg:26294,Bryson Stott,2024,2025,100,within_input_season_standardized,Calibrated wRC+ Ridge,wRC+_t,90.80717835737285,10.0
fg:26299,Josh Jung,2024,2025,91,within_input_season_standardized,Calibrated wRC+ Ridge,wRC+_t,98.34471886332064,10.0
fg:26319,Michael Busch,2024,2025,140,within_input_season_standardized,Calibrated wRC+ Ridge,wRC+_t,104.55210516233646,10.0
fg:26323,Spencer Steer,2024,2025,97,within_input_season_standardized,Calibrated wRC+ Ridge,wRC+_t,95.6844104494567,10.0
fg:26368,JJ Bleday,2024,2025,90,within_input_season_standardized,Calibrated wRC+ Ridge,wRC+_t,105.43887463362442,10.0
fg:26396,Josh Smith,2024,2025,100,within_input_season_standardized,Calibrated wRC+ Ridge,wRC+_t,101.89179674847253,10.0
fg:26438,Dominic Canzone,2024,2025,141,within_input_season_standardized,Calibrated wRC+ Ridge,wRC+_t,91.25056309301684,10.0
fg:26466,Matt Wallner,2024,2025,114,within_input_season_standardized,Calibrated wRC+ Ridge,wRC+_t,120.51395564552,10.0
fg:26467,Luis Matos,2024,2025,91,within_input_season_standardized,Calibrated wRC+ Ridge,wRC+_t,78.83579049498519,10.0
fg:26477,Spencer Horwitz,2024,2025,119,within_input_season_standardized,Calibrated wRC+ Ridge,wRC+_t,108.54256778313234,10.0
fg:26517,Noelvi Marte,2024,2025,101,within_input_season_standardized,Calibrated wRC+ Ridge,wRC+_t,73.51517366725733,10.0
fg:26540,Angel Martinez,2024,2025,74,within_input_season_standardized,Calibrated wRC+ Ridge,wRC+_t,89.0336394147969,10.0
fg:26668,Elly De La Cruz,2024,2025,109,within_input_season_standardized,Calibrated wRC+ Ridge,wRC+_t,104.99548989798043,10.0
fg:27462,Austin Martin,2024,2025,113,within_input_season_standardized,Calibrated wRC+ Ridge,wRC+_t,93.02410203559278,10.0
fg:27465,Spencer Torkelson,2024,2025,118,within_input_season_standardized,Calibrated wRC+ Ridge,wRC+_t,92.58071729994879,10.0
fg:27467,Tyler Soderstrom,2024,2025,125,within_input_season_standardized,Calibrated wRC+ Ridge,wRC+_t,102.7785662197605,10.0
fg:27475,Jordan Walker,2024,2025,66,within_input_season_standardized,Calibrated wRC+ Ridge,wRC+_t,84.15640732271304,10.0
fg:27478,Patrick Bailey,2024,2025,70,within_input_season_standardized,Calibrated wRC+ Ridge,wRC+_t,88.14686994350892,10.0
fg:27479,Masyn Winn,2024,2025,91,within_input_season_standardized,Calibrated wRC+ Ridge,wRC+_t,98.34471886332064,10.0
fg:27490,Nick Gonzales,2024,2025,82,within_input_season_standardized,Calibrated wRC+ Ridge,wRC+_t,93.91087150688075,10.0
fg:27506,Ha-seong Kim,2024,2025,82,within_input_season_standardized,Calibrated wRC+ Ridge,wRC+_t,97.01456465638867,10.0
fg:27531,David Hamilton,2024,2025,60,within_input_season_standardized,Calibrated wRC+ Ridge,wRC+_t,93.91087150688075,10.0
fg:27534,Edouard Julien,2024,2025,81,within_input_season_standardized,Calibrated wRC+ Ridge,wRC+_t,87.26010047222094,10.0
fg:27562,Austin Wells,2024,2025,94,within_input_season_standardized,Calibrated wRC+ Ridge,wRC+_t,99.67487307025259,10.0
fg:27577,Casey Schmitt,2024,2025,98,within_input_season_standardized,Calibrated wRC+ Ridge,wRC+_t,100.56164254154056,10.0
fg:27615,Alec Burleson,2024,2025,124,within_input_season_standardized,Calibrated wRC+ Ridge,wRC+_t,99.2314883346086,10.0
fg:27630,Nick Loftin,2024,2025,73,within_input_season_standardized,Calibrated wRC+ Ridge,wRC+_t,74.8453278741893,10.0
fg:27647,Anthony Volpe,2024,2025,83,within_input_season_standardized,Calibrated wRC+ Ridge,wRC+_t,90.80717835737285,10.0
fg:27676,Vinnie Pasquantino,2024,2025,116,within_input_season_standardized,Calibrated wRC+ Ridge,wRC+_t,100.56164254154056,10.0
fg:27684,Michael Massey,2024,2025,57,within_input_season_standardized,Calibrated wRC+ Ridge,wRC+_t,98.34471886332064,10.0
fg:27769,Pete Crow-Armstrong,2024,2025,109,within_input_season_standardized,Calibrated wRC+ Ridge,wRC+_t,90.36379362172886,10.0
fg:27790,Evan Carter,2024,2025,107,within_input_season_standardized,Calibrated wRC+ Ridge,wRC+_t,88.14686994350892,10.0
fg:27815,Jordan Westburg,2024,2025,115,within_input_season_standardized,Calibrated wRC+ Ridge,wRC+_t,107.21241357620038,10.0
fg:27899,Colt Keith,2024,2025,109,within_input_season_standardized,Calibrated wRC+ Ridge,wRC+_t,94.35425624252474,10.0
fg:28163,Junior Caminero,2024,2025,129,within_input_season_standardized,Calibrated wRC+ Ridge,wRC+_t,98.78810359896463,10.0
fg:28806,Jackson Chourio,2024,2025,111,within_input_season_standardized,Calibrated wRC+ Ridge,wRC+_t,104.55210516233646,10.0
fg:29490,Jackson Merrill,2024,2025,116,within_input_season_standardized,Calibrated wRC+ Ridge,wRC+_t,109.8727219900643,10.0
fg:29518,James Wood,2024,2025,127,within_input_season_standardized,Calibrated wRC+ Ridge,wRC+_t,105.43887463362442,10.0
fg:29575,Trey Sweeney,2024,2025,53,within_input_season_standardized,Calibrated wRC+ Ridge,wRC+_t,87.70348520786493,10.0
fg:29576,Ben Rice,2024,2025,133,within_input_season_standardized,Calibrated wRC+ Ridge,wRC+_t,85.04317679400101,10.0
fg:29591,Colton Cowser,2024,2025,83,within_input_season_standardized,Calibrated wRC+ Ridge,wRC+_t,104.99548989798043,10.0
fg:29592,Connor Norby,2024,2025,90,within_input_season_standardized,Calibrated wRC+ Ridge,wRC+_t,97.01456465638867,10.0
fg:29606,Justyn-Henry Malloy,2024,2025,92,within_input_season_standardized,Calibrated wRC+ Ridge,wRC+_t,91.25056309301684,10.0
fg:29617,Henry Davis,2024,2025,41,within_input_season_standardized,Calibrated wRC+ Ridge,wRC+_t,65.97763316130954,10.0
fg:29622,Sal Frelick,2024,2025,114,within_input_season_standardized,Calibrated wRC+ Ridge,wRC+_t,90.80717835737285,10.0
fg:29630,Joey Loperfido,2024,2025,148,within_input_season_standardized,Calibrated wRC+ Ridge,wRC+_t,84.59979205835702,10.0
fg:2967,Tommy Pham,2024,2025,94,within_input_season_standardized,Calibrated wRC+ Ridge,wRC+_t,93.02410203559278,10.0
fg:29715,Hunter Goodman,2024,2025,118,within_input_season_standardized,Calibrated wRC+ Ridge,wRC+_t,79.27917523062916,10.0
fg:29766,Zack Gelof,2024,2025,36,within_input_season_standardized,Calibrated wRC+ Ridge,wRC+_t,88.5902546791529,10.0
fg:29794,Kyle Manzardo,2024,2025,113,within_input_season_standardized,Calibrated wRC+ Ridge,wRC+_t,95.6844104494567,10.0
fg:29931,Jacob Young,2024,2025,66,within_input_season_standardized,Calibrated wRC+ Ridge,wRC+_t,89.47702415044088,10.0
fg:30011,Christian Encarnacion-Strand,2024,2025,59,within_input_season_standardized,Calibrated wRC+ Ridge,wRC+_t,67.7511721038855,10.0
fg:30116,Seiya Suzuki,2024,2025,123,within_input_season_standardized,Calibrated wRC+ Ridge,wRC+_t,112.97641513957221,10.0
fg:31166,Heston Kjerstad,2024,2025,57,within_input_season_standardized,Calibrated wRC+ Ridge,wRC+_t,103.2219509554045,10.0
fg:31347,Zach Neto,2024,2025,116,within_input_season_standardized,Calibrated wRC+ Ridge,wRC+_t,103.2219509554045,10.0
fg:31349,Victor Scott II,2024,2025,76,within_input_season_standardized,Calibrated wRC+ Ridge,wRC+_t,69.96809578210544,10.0
fg:31394,Brooks Baldwin,2024,2025,92,within_input_season_standardized,Calibrated wRC+ Ridge,wRC+_t,78.3924057593412,10.0
fg:31431,Jordan Beck,2024,2025,90,within_input_season_standardized,Calibrated wRC+ Ridge,wRC+_t,65.97763316130954,10.0
fg:31595,Brooks Lee,2024,2025,81,within_input_season_standardized,Calibrated wRC+ Ridge,wRC+_t,79.27917523062916,10.0
fg:31781,Jackson Holliday,2024,2025,96,within_input_season_standardized,Calibrated wRC+ Ridge,wRC+_t,79.72255996627317,10.0
fg:31837,Masataka Yoshida,2024,2025,88,within_input_season_standardized,Calibrated wRC+ Ridge,wRC+_t,103.66533569104848,10.0
fg:33189,Nolan Schanuel,2024,2025,109,within_input_season_standardized,Calibrated wRC+ Ridge,wRC+_t,98.78810359896463,10.0
fg:33266,Jacob Wilson,2024,2025,121,within_input_season_standardized,Calibrated wRC+ Ridge,wRC+_t,90.36379362172886,10.0
fg:33333,Wyatt Langford,2024,2025,118,within_input_season_standardized,Calibrated wRC+ Ridge,wRC+_t,101.44841201282854,10.0
fg:33541,Dylan Crews,2024,2025,77,within_input_season_standardized,Calibrated wRC+ Ridge,wRC+_t,87.70348520786493,10.0
fg:33824,Jung Hoo Lee,2024,2025,107,within_input_season_standardized,Calibrated wRC+ Ridge,wRC+_t,89.0336394147969,10.0
fg:4949,Giancarlo Stanton,2024,2025,158,within_input_season_standardized,Calibrated wRC+ Ridge,wRC+_t,104.10872042669247,10.0
fg:5235,Justin Turner,2024,2025,71,within_input_season_standardized,Calibrated wRC+ Ridge,wRC+_t,103.66533569104848,10.0
fg:5361,Freddie Freeman,2024,2025,139,within_input_season_standardized,Calibrated wRC+ Ridge,wRC+_t,112.53303040392822,10.0
fg:5417,Jose Altuve,2024,2025,113,within_input_season_standardized,Calibrated wRC+ Ridge,wRC+_t,108.54256778313234,10.0
fg:5517,Kyle Higashioka,2024,2025,93,within_input_season_standardized,Calibrated wRC+ Ridge,wRC+_t,98.34471886332064,10.0
fg:5827,Wilmer Flores,2024,2025,95,within_input_season_standardized,Calibrated wRC+ Ridge,wRC+_t,82.38286838013708,10.0
fg:6887,Martin Maldonado,2024,2025,61,within_input_season_standardized,Calibrated wRC+ Ridge,wRC+_t,57.1099384484298,10.0
fg:7304,Salvador Perez,2024,2025,95,within_input_season_standardized,Calibrated wRC+ Ridge,wRC+_t,104.10872042669247,10.0
fg:7739,Travis d'Arnaud,2024,2025,64,within_input_season_standardized,Calibrated wRC+ Ridge,wRC+_t,97.90133412767665,10.0
fg:7802,Miguel Rojas,2024,2025,100,within_input_season_standardized,Calibrated wRC+ Ridge,wRC+_t,101.00502727718455,10.0
fg:8623,Donovan Solano,2024,2025,82,within_input_season_standardized,Calibrated wRC+ Ridge,wRC+_t,104.10872042669247,10.0
fg:9218,Paul Goldschmidt,2024,2025,103,within_input_season_standardized,Calibrated wRC+ Ridge,wRC+_t,96.57117992074468,10.0
fg:9241,Starling Marte,2024,2025,112,within_input_season_standardized,Calibrated wRC+ Ridge,wRC+_t,97.90133412767665,10.0
fg:9774,Christian Vazquez,2024,2025,55,within_input_season_standardized,Calibrated wRC+ Ridge,wRC+_t,78.3924057593412,10.0
fg:9777,Nolan Arenado,2024,2025,84,within_input_season_standardized,Calibrated wRC+ Ridge,wRC+_t,97.90133412767665,10.0
fg:9847,Andrew McCutchen,2024,2025,95,within_input_season_standardized,Calibrated wRC+ Ridge,wRC+_t,99.2314883346086,10.0
fg:9874,DJ LeMahieu,2024,2025,95,within_input_season_standardized,Calibrated wRC+ Ridge,wRC+_t,75.73209734547727,10.0
fg:10155,Mike Trout,2024,2025,120,within_input_season_standardized,wRC+ + age + PA Ridge,"wRC+_t,age_t_t,PA_t",97.99146514149218,100.0
fg:10231,Jose Iglesias,2024,2025,73,within_input_season_standardized,wRC+ + age + PA Ridge,"wRC+_t,age_t_t,PA_t",100.51054100312291,100.0
fg:10243,Randal Grichuk,2024,2025,82,within_input_season_standardized,wRC+ + age + PA Ridge,"wRC+_t,age_t_t,PA_t",102.04790847032108,100.0
fg:10324,Marcell Ozuna,2024,2025,114,within_input_season_standardized,wRC+ + age + PA Ridge,"wRC+_t,age_t_t,PA_t",118.00878422764487,100.0
fg:10472,Enrique Hernandez,2024,2025,70,within_input_season_standardized,wRC+ + age + PA Ridge,"wRC+_t,age_t_t,PA_t",86.02432813562272,100.0
fg:10681,Gio Urshela,2024,2025,68,within_input_season_standardized,wRC+ + age + PA Ridge,"wRC+_t,age_t_t,PA_t",87.30053275324903,100.0
fg:10815,Jurickson Profar,2024,2025,122,within_input_season_standardized,wRC+ + age + PA Ridge,"wRC+_t,age_t_t,PA_t",114.95489820871641,100.0
fg:11442,Gary Sanchez,2024,2025,100,within_input_season_standardized,wRC+ + age + PA Ridge,"wRC+_t,age_t_t,PA_t",88.72321321760788,100.0
fg:11445,Mark Canha,2024,2025,49,within_input_season_standardized,wRC+ + age + PA Ridge,"wRC+_t,age_t_t,PA_t",92.70640701799078,100.0
fg:11477,Christian Yelich,2024,2025,121,within_input_season_standardized,wRC+ + age + PA Ridge,"wRC+_t,age_t_t,PA_t",108.16052675349015,100.0
fg:11493,Manny Machado,2024,2025,123,within_input_season_standardized,wRC+ + age + PA Ridge,"wRC+_t,age_t_t,PA_t",107.61475345760762,100.0
fg:11579,Bryce Harper,2024,2025,131,within_input_season_standardized,wRC+ + age + PA Ridge,"wRC+_t,age_t_t,PA_t",114.71851098919379,100.0
fg:11609,Willson Contreras,2024,2025,124,within_input_season_standardized,wRC+ + age + PA Ridge,"wRC+_t,age_t_t,PA_t",105.86073486936515,100.0
fg:11680,Elias Diaz,2024,2025,74,within_input_season_standardized,wRC+ + age + PA Ridge,"wRC+_t,age_t_t,PA_t",83.61291381785894,100.0
fg:11737,Nick Castellanos,2024,2025,90,within_input_season_standardized,wRC+ + age + PA Ridge,"wRC+_t,age_t_t,PA_t",101.9801643613756,100.0
fg:11739,J.T. Realmuto,2024,2025,94,within_input_season_standardized,wRC+ + age + PA Ridge,"wRC+_t,age_t_t,PA_t",95.06300308263592,100.0
fg:11899,Joc Pederson,2024,2025,76,within_input_season_standardized,wRC+ + age + PA Ridge,"wRC+_t,age_t_t,PA_t",112.19899244979291,100.0
fg:12005,Nick Martini,2024,2025,49,within_input_season_standardized,wRC+ + age + PA Ridge,"wRC+_t,age_t_t,PA_t",75.16541053089347,100.0
fg:12144,Max Kepler,2024,2025,90,within_input_season_standardized,wRC+ + age + PA Ridge,"wRC+_t,age_t_t,PA_t",91.65366248396295,100.0
fg:12161,Xander Bogaerts,2024,2025,104,within_input_season_standardized,wRC+ + age + PA Ridge,"wRC+_t,age_t_t,PA_t",93.30285663608974,100.0
fg:12533,Marcus Semien,2024,2025,89,within_input_season_standardized,wRC+ + age + PA Ridge,"wRC+_t,age_t_t,PA_t",100.92652350677642,100.0
fg:12552,Eugenio Suarez,2024,2025,125,within_input_season_standardized,wRC+ + age + PA Ridge,"wRC+_t,age_t_t,PA_t",104.29223645236478,100.0
fg:12564,Trevor Story,2024,2025,101,within_input_season_standardized,wRC+ + age + PA Ridge,"wRC+_t,age_t_t,PA_t",85.7563660084304,100.0
fg:12856,George Springer,2024,2025,166,within_input_season_standardized,wRC+ + age + PA Ridge,"wRC+_t,age_t_t,PA_t",94.7027254677387,100.0
fg:12859,James McCann,2024,2025,110,within_input_season_standardized,wRC+ + age + PA Ridge,"wRC+_t,age_t_t,PA_t",82.59326423097266,100.0
fg:12916,Francisco Lindor,2024,2025,129,within_input_season_standardized,wRC+ + age + PA Ridge,"wRC+_t,age_t_t,PA_t",114.88100175121045,100.0
fg:12927,Brandon Nimmo,2024,2025,114,within_input_season_standardized,wRC+ + age + PA Ridge,"wRC+_t,age_t_t,PA_t",104.31570725926302,100.0
fg:12976,Austin Hedges,2024,2025,51,within_input_season_standardized,wRC+ + age + PA Ridge,"wRC+_t,age_t_t,PA_t",58.804364214007784,100.0
fg:12979,Javier Baez,2024,2025,86,within_input_season_standardized,wRC+ + age + PA Ridge,"wRC+_t,age_t_t,PA_t",70.02201618400295,100.0
fg:13066,Teoscar Hernandez,2024,2025,102,within_input_season_standardized,wRC+ + age + PA Ridge,"wRC+_t,age_t_t,PA_t",111.25894899120294,100.0
fg:13145,Josh Bell,2024,2025,107,within_input_season_standardized,wRC+ + age + PA Ridge,"wRC+_t,age_t_t,PA_t",99.35583363098743,100.0
fg:13152,Jorge Polanco,2024,2025,132,within_input_season_standardized,wRC+ + age + PA Ridge,"wRC+_t,age_t_t,PA_t",93.66445131926633,100.0
fg:13185,Orlando Arcia,2024,2025,33,within_input_season_standardized,wRC+ + age + PA Ridge,"wRC+_t,age_t_t,PA_t",91.24142693385777,100.0
fg:13324,Ildemaro Vargas,2024,2025,85,within_input_season_standardized,wRC+ + age + PA Ridge,"wRC+_t,age_t_t,PA_t",80.0533626640335,100.0
fg:13419,Christian Walker,2024,2025,99,within_input_season_standardized,wRC+ + age + PA Ridge,"wRC+_t,age_t_t,PA_t",103.45722040108298,100.0
fg:13510,Jose Ramirez,2024,2025,133,within_input_season_standardized,wRC+ + age + PA Ridge,"wRC+_t,age_t_t,PA_t",115.1678146213408,100.0
fg:13611,Mookie Betts,2024,2025,104,within_input_season_standardized,wRC+ + age + PA Ridge,"wRC+_t,age_t_t,PA_t",110.0608059721443,100.0
fg:13613,Ketel Marte,2024,2025,145,within_input_season_standardized,wRC+ + age + PA Ridge,"wRC+_t,age_t_t,PA_t",116.91459125419266,100.0
fg:13620,Carson Kelly,2024,2025,115,within_input_season_standardized,wRC+ + age + PA Ridge,"wRC+_t,age_t_t,PA_t",91.74247200479452,100.0
fg:13624,Corey Seager,2024,2025,138,within_input_season_standardized,wRC+ + age + PA Ridge,"wRC+_t,age_t_t,PA_t",112.95902243673864,100.0
fg:13675,Tyrone Taylor,2024,2025,70,within_input_season_standardized,wRC+ + age + PA Ridge,"wRC+_t,age_t_t,PA_t",92.32312320402758,100.0
fg:13723,Jacob Stallings,2024,2025,-7,within_input_season_standardized,wRC+ + age + PA Ridge,"wRC+_t,age_t_t,PA_t",91.56988024957391,100.0
fg:13757,Chris Taylor,2024,2025,56,within_input_season_standardized,wRC+ + age + PA Ridge,"wRC+_t,age_t_t,PA_t",77.88819813251595,100.0
fg:13770,Rob Refsnyder,2024,2025,128,within_input_season_standardized,wRC+ + age + PA Ridge,"wRC+_t,age_t_t,PA_t",100.482258126103,100.0
fg:14161,Byron Buxton,2024,2025,136,within_input_season_standardized,wRC+ + age + PA Ridge,"wRC+_t,age_t_t,PA_t",107.25030942155138,100.0
fg:14162,Carlos Correa,2024,2025,106,within_input_season_standardized,wRC+ + age + PA Ridge,"wRC+_t,age_t_t,PA_t",112.2533789901725,100.0
fg:14221,Jorge Soler,2024,2025,88,within_input_season_standardized,wRC+ + age + PA Ridge,"wRC+_t,age_t_t,PA_t",104.95555706899731,100.0
fg:14344,Matt Olson,2024,2025,136,within_input_season_standardized,wRC+ + age + PA Ridge,"wRC+_t,age_t_t,PA_t",108.86114291361376,100.0
fg:14551,Anthony Santander,2024,2025,61,within_input_season_standardized,wRC+ + age + PA Ridge,"wRC+_t,age_t_t,PA_t",112.01086391234617,100.0
fg:14813,Kyle Farmer,2024,2025,65,within_input_season_standardized,wRC+ + age + PA Ridge,"wRC+_t,age_t_t,PA_t",81.49752800788914,100.0
fg:14854,Mike Yastrzemski,2024,2025,106,within_input_season_standardized,wRC+ + age + PA Ridge,"wRC+_t,age_t_t,PA_t",95.61032090824709,100.0
fg:14968,Victor Caratini,2024,2025,104,within_input_season_standardized,wRC+ + age + PA Ridge,"wRC+_t,age_t_t,PA_t",94.83429921617669,100.0
fg:15112,Ryan McMahon,2024,2025,86,within_input_season_standardized,wRC+ + age + PA Ridge,"wRC+_t,age_t_t,PA_t",97.89369065460566,100.0
fg:15161,Mitch Garver,2024,2025,86,within_input_season_standardized,wRC+ + age + PA Ridge,"wRC+_t,age_t_t,PA_t",89.45713954119394,100.0
fg:15194,Jake Bauers,2024,2025,114,within_input_season_standardized,wRC+ + age + PA Ridge,"wRC+_t,age_t_t,PA_t",90.1711242349145,100.0
fg:15223,Adam Frazier,2024,2025,89,within_input_season_standardized,wRC+ + age + PA Ridge,"wRC+_t,age_t_t,PA_t",77.42486679258364,100.0
fg:15274,Mike Tauchman,2024,2025,115,within_input_season_standardized,wRC+ + age + PA Ridge,"wRC+_t,age_t_t,PA_t",93.40261833047505,100.0
fg:15362,Jeff McNeil,2024,2025,111,within_input_season_standardized,wRC+ + age + PA Ridge,"wRC+_t,age_t_t,PA_t",94.23851973729715,100.0
fg:15464,Hunter Renfroe,2024,2025,32,within_input_season_standardized,wRC+ + age + PA Ridge,"wRC+_t,age_t_t,PA_t",91.50542689118087,100.0
fg:15491,J.P. Crawford,2024,2025,113,within_input_season_standardized,wRC+ + age + PA Ridge,"wRC+_t,age_t_t,PA_t",93.86444059596656,100.0
fg:15518,Amed Rosario,2024,2025,106,within_input_season_standardized,wRC+ + age + PA Ridge,"wRC+_t,age_t_t,PA_t",92.87965666730241,100.0
fg:15640,Aaron Judge,2024,2025,204,within_input_season_standardized,wRC+ + age + PA Ridge,"wRC+_t,age_t_t,PA_t",142.54653459655245,100.0
fg:15653,Dominic Smith,2024,2025,111,within_input_season_standardized,wRC+ + age + PA Ridge,"wRC+_t,age_t_t,PA_t",91.08222692239356,100.0
fg:15674,Reese McGuire,2024,2025,86,within_input_season_standardized,wRC+ + age + PA Ridge,"wRC+_t,age_t_t,PA_t",75.96798952912472,100.0
fg:15679,Rowdy Tellez,2024,2025,101,within_input_season_standardized,wRC+ + age + PA Ridge,"wRC+_t,age_t_t,PA_t",93.0026739522651,100.0
fg:15711,Tyler O'Neill,2024,2025,91,within_input_season_standardized,wRC+ + age + PA Ridge,"wRC+_t,age_t_t,PA_t",109.05476462543263,100.0
fg:15730,Tyler Wade,2024,2025,69,within_input_season_standardized,wRC+ + age + PA Ridge,"wRC+_t,age_t_t,PA_t",73.01276463272042,100.0
fg:15878,Miguel Andujar,2024,2025,125,within_input_season_standardized,wRC+ + age + PA Ridge,"wRC+_t,age_t_t,PA_t",94.47403256631053,100.0
fg:15905,Luis Torrens,2024,2025,79,within_input_season_standardized,wRC+ + age + PA Ridge,"wRC+_t,age_t_t,PA_t",85.17134541684584,100.0
fg:15986,Willy Adames,2024,2025,108,within_input_season_standardized,wRC+ + age + PA Ridge,"wRC+_t,age_t_t,PA_t",110.82939370266266,100.0
fg:15998,Cody Bellinger,2024,2025,125,within_input_season_standardized,wRC+ + age + PA Ridge,"wRC+_t,age_t_t,PA_t",103.34825403406505,100.0
fg:16153,Austin Slater,2024,2025,78,within_input_season_standardized,wRC+ + age + PA Ridge,"wRC+_t,age_t_t,PA_t",79.65997785686633,100.0
fg:16252,Trea Turner,2024,2025,125,within_input_season_standardized,wRC+ + age + PA Ridge,"wRC+_t,age_t_t,PA_t",105.83223677602437,100.0
fg:16376,Michael Conforto,2024,2025,83,within_input_season_standardized,wRC+ + age + PA Ridge,"wRC+_t,age_t_t,PA_t",100.64300138719852,100.0
fg:16426,Thairo Estrada,2024,2025,66,within_input_season_standardized,wRC+ + age + PA Ridge,"wRC+_t,age_t_t,PA_t",83.91729581793575,100.0
fg:16442,Ryan O'Hearn,2024,2025,127,within_input_season_standardized,wRC+ + age + PA Ridge,"wRC+_t,age_t_t,PA_t",102.84675404022975,100.0
fg:16472,Rhys Hoskins,2024,2025,109,within_input_season_standardized,wRC+ + age + PA Ridge,"wRC+_t,age_t_t,PA_t",97.75181038157656,100.0
fg:16478,Kyle Schwarber,2024,2025,152,within_input_season_standardized,wRC+ + age + PA Ridge,"wRC+_t,age_t_t,PA_t",113.95147875343513,100.0
fg:16505,Matt Chapman,2024,2025,118,within_input_season_standardized,wRC+ + age + PA Ridge,"wRC+_t,age_t_t,PA_t",108.25746358525261,100.0
fg:16512,Isiah Kiner-Falefa,2024,2025,75,within_input_season_standardized,wRC+ + age + PA Ridge,"wRC+_t,age_t_t,PA_t",96.1727902236642,100.0
fg:16530,Mauricio Dubon,2024,2025,80,within_input_season_standardized,wRC+ + age + PA Ridge,"wRC+_t,age_t_t,PA_t",90.9831121570682,100.0
fg:16535,Danny Jansen,2024,2025,103,within_input_season_standardized,wRC+ + age + PA Ridge,"wRC+_t,age_t_t,PA_t",90.21629513763042,100.0
fg:16556,Ozzie Albies,2024,2025,87,within_input_season_standardized,wRC+ + age + PA Ridge,"wRC+_t,age_t_t,PA_t",97.16897996868327,100.0
fg:16578,Yandy Diaz,2024,2025,135,within_input_season_standardized,wRC+ + age + PA Ridge,"wRC+_t,age_t_t,PA_t",105.43928368159631,100.0
fg:16622,Luis Urias,2024,2025,84,within_input_season_standardized,wRC+ + age + PA Ridge,"wRC+_t,age_t_t,PA_t",91.8672477557094,100.0
fg:16725,Jose Trevino,2024,2025,66,within_input_season_standardized,wRC+ + age + PA Ridge,"wRC+_t,age_t_t,PA_t",83.3390390486838,100.0
fg:16930,Jonah Heim,2024,2025,69,within_input_season_standardized,wRC+ + age + PA Ridge,"wRC+_t,age_t_t,PA_t",88.91926481469568,100.0
fg:16939,Lane Thomas,2024,2025,48,within_input_season_standardized,wRC+ + age + PA Ridge,"wRC+_t,age_t_t,PA_t",99.12340730123667,100.0
fg:16947,Derek Hill,2024,2025,70,within_input_season_standardized,wRC+ + age + PA Ridge,"wRC+_t,age_t_t,PA_t",85.5114442554946,100.0
fg:16997,Gleyber Torres,2024,2025,113,within_input_season_standardized,wRC+ + age + PA Ridge,"wRC+_t,age_t_t,PA_t",105.95658209429749,100.0
fg:17022,Edmundo Sosa,2024,2025,111,within_input_season_standardized,wRC+ + age + PA Ridge,"wRC+_t,age_t_t,PA_t",93.70919050924314,100.0
fg:17027,Alex Verdugo,2024,2025,66,within_input_season_standardized,wRC+ + age + PA Ridge,"wRC+_t,age_t_t,PA_t",97.9213266025656,100.0
fg:17040,Jose Herrera,2024,2025,57,within_input_season_standardized,wRC+ + age + PA Ridge,"wRC+_t,age_t_t,PA_t",79.48391302986556,100.0
fg:17128,Ramon Laureano,2024,2025,138,within_input_season_standardized,wRC+ + age + PA Ridge,"wRC+_t,age_t_t,PA_t",95.01323532611922,100.0
fg:17276,Alex Jackson,2024,2025,111,within_input_season_standardized,wRC+ + age + PA Ridge,"wRC+_t,age_t_t,PA_t",64.70911658115446,100.0
fg:17338,Willi Castro,2024,2025,92,within_input_season_standardized,wRC+ + age + PA Ridge,"wRC+_t,age_t_t,PA_t",106.29975646717782,100.0
fg:17350,Rafael Devers,2024,2025,135,within_input_season_standardized,wRC+ + age + PA Ridge,"wRC+_t,age_t_t,PA_t",114.61370976323755,100.0
fg:17548,Taylor Ward,2024,2025,117,within_input_season_standardized,wRC+ + age + PA Ridge,"wRC+_t,age_t_t,PA_t",105.66997347545698,100.0
fg:17678,Alex Bregman,2024,2025,125,within_input_season_standardized,wRC+ + age + PA Ridge,"wRC+_t,age_t_t,PA_t",107.3961396193213,100.0
fg:17696,Kevin Newman,2024,2025,27,within_input_season_standardized,wRC+ + age + PA Ridge,"wRC+_t,age_t_t,PA_t",87.77154744624475,100.0
fg:17901,Andrew Benintendi,2024,2025,103,within_input_season_standardized,wRC+ + age + PA Ridge,"wRC+_t,age_t_t,PA_t",96.05328018567216,100.0
fg:17907,Brendan Rodgers,2024,2025,55,within_input_season_standardized,wRC+ + age + PA Ridge,"wRC+_t,age_t_t,PA_t",96.24296421787861,100.0
fg:17919,Ian Happ,2024,2025,116,within_input_season_standardized,wRC+ + age + PA Ridge,"wRC+_t,age_t_t,PA_t",109.41109359568637,100.0
fg:17929,Cedric Mullins,2024,2025,94,within_input_season_standardized,wRC+ + age + PA Ridge,"wRC+_t,age_t_t,PA_t",99.11682452003443,100.0
fg:17982,Ty France,2024,2025,92,within_input_season_standardized,wRC+ + age + PA Ridge,"wRC+_t,age_t_t,PA_t",96.4267123979428,100.0
fg:17988,Tyler Stephenson,2024,2025,99,within_input_season_standardized,wRC+ + age + PA Ridge,"wRC+_t,age_t_t,PA_t",104.35628130817815,100.0
fg:18015,Paul DeJong,2024,2025,76,within_input_season_standardized,wRC+ + age + PA Ridge,"wRC+_t,age_t_t,PA_t",95.05358319368243,100.0
fg:18030,Harrison Bader,2024,2025,122,within_input_season_standardized,wRC+ + age + PA Ridge,"wRC+_t,age_t_t,PA_t",90.90307559613015,100.0
fg:18036,Jake Cronenworth,2024,2025,117,within_input_season_standardized,wRC+ + age + PA Ridge,"wRC+_t,age_t_t,PA_t",103.9653031761205,100.0
fg:18042,Dylan Moore,2024,2025,83,within_input_season_standardized,wRC+ + age + PA Ridge,"wRC+_t,age_t_t,PA_t",96.39512652524205,100.0
fg:18126,LaMonte Wade Jr.,2024,2025,52,within_input_season_standardized,wRC+ + age + PA Ridge,"wRC+_t,age_t_t,PA_t",101.38021846133702,100.0
fg:18314,Dansby Swanson,2024,2025,99,within_input_season_standardized,wRC+ + age + PA Ridge,"wRC+_t,age_t_t,PA_t",99.44706079195954,100.0
fg:18345,Kyle Tucker,2024,2025,136,within_input_season_standardized,wRC+ + age + PA Ridge,"wRC+_t,age_t_t,PA_t",122.51235069486319,100.0
fg:18360,Austin Riley,2024,2025,103,within_input_season_standardized,wRC+ + age + PA Ridge,"wRC+_t,age_t_t,PA_t",104.91697991251468,100.0
fg:18363,Victor Robles,2024,2025,75,within_input_season_standardized,wRC+ + age + PA Ridge,"wRC+_t,age_t_t,PA_t",108.3828972302585,100.0
fg:18373,Ryan Mountcastle,2024,2025,81,within_input_season_standardized,wRC+ + age + PA Ridge,"wRC+_t,age_t_t,PA_t",102.96145200810012,100.0
fg:18401,Ronald Acuna Jr.,2024,2025,161,within_input_season_standardized,wRC+ + age + PA Ridge,"wRC+_t,age_t_t,PA_t",94.43610233888788,100.0
fg:18564,Trent Grisham,2024,2025,129,within_input_season_standardized,wRC+ + age + PA Ridge,"wRC+_t,age_t_t,PA_t",88.79493046145362,100.0
fg:18568,Luis Arraez,2024,2025,104,within_input_season_standardized,wRC+ + age + PA Ridge,"wRC+_t,age_t_t,PA_t",108.37830165655507,100.0
fg:18577,Ke'Bryan Hayes,2024,2025,65,within_input_season_standardized,wRC+ + age + PA Ridge,"wRC+_t,age_t_t,PA_t",83.86028738612579,100.0
fg:18795,Ramon Urias,2024,2025,87,within_input_season_standardized,wRC+ + age + PA Ridge,"wRC+_t,age_t_t,PA_t",96.81483021208976,100.0
fg:18819,Andy Ibanez,2024,2025,84,within_input_season_standardized,wRC+ + age + PA Ridge,"wRC+_t,age_t_t,PA_t",84.83123561316604,100.0
fg:18839,Josh Naylor,2024,2025,128,within_input_season_standardized,wRC+ + age + PA Ridge,"wRC+_t,age_t_t,PA_t",110.30510400617958,100.0
fg:18882,Brandon Lowe,2024,2025,114,within_input_season_standardized,wRC+ + age + PA Ridge,"wRC+_t,age_t_t,PA_t",103.42389799249214,100.0
fg:18900,Leody Taveras,2024,2025,47,within_input_season_standardized,wRC+ + age + PA Ridge,"wRC+_t,age_t_t,PA_t",96.67275793289922,100.0
fg:19238,Lourdes Gurriel Jr.,2024,2025,95,within_input_season_standardized,wRC+ + age + PA Ridge,"wRC+_t,age_t_t,PA_t",101.15589623235772,100.0
fg:19251,Pete Alonso,2024,2025,141,within_input_season_standardized,wRC+ + age + PA Ridge,"wRC+_t,age_t_t,PA_t",110.5026646777082,100.0
fg:19260,Jake Fraley,2024,2025,97,within_input_season_standardized,wRC+ + age + PA Ridge,"wRC+_t,age_t_t,PA_t",93.91377663974416,100.0
fg:19287,Adolis Garcia,2024,2025,83,within_input_season_standardized,wRC+ + age + PA Ridge,"wRC+_t,age_t_t,PA_t",98.82891107804292,100.0
fg:19290,Randy Arozarena,2024,2025,120,within_input_season_standardized,wRC+ + age + PA Ridge,"wRC+_t,age_t_t,PA_t",107.64897218676978,100.0
fg:19296,Alex Call,2024,2025,113,within_input_season_standardized,wRC+ + age + PA Ridge,"wRC+_t,age_t_t,PA_t",109.35845327613058,100.0
fg:19318,Matt Thaiss,2024,2025,89,within_input_season_standardized,wRC+ + age + PA Ridge,"wRC+_t,age_t_t,PA_t",84.22076925231282,100.0
fg:19326,Bryan Reynolds,2024,2025,99,within_input_season_standardized,wRC+ + age + PA Ridge,"wRC+_t,age_t_t,PA_t",110.26716281372586,100.0
fg:19352,Sean Murphy,2024,2025,97,within_input_season_standardized,wRC+ + age + PA Ridge,"wRC+_t,age_t_t,PA_t",83.56358873911238,100.0
fg:19354,Luke Raley,2024,2025,91,within_input_season_standardized,wRC+ + age + PA Ridge,"wRC+_t,age_t_t,PA_t",106.31706396048452,100.0
fg:19363,Austin Hays,2024,2025,105,within_input_season_standardized,wRC+ + age + PA Ridge,"wRC+_t,age_t_t,PA_t",90.60419773545651,100.0
fg:19392,Zach McKinstry,2024,2025,114,within_input_season_standardized,wRC+ + age + PA Ridge,"wRC+_t,age_t_t,PA_t",84.82795582764464,100.0
fg:19452,Jake Rogers,2024,2025,70,within_input_season_standardized,wRC+ + age + PA Ridge,"wRC+_t,age_t_t,PA_t",83.81839626893128,100.0
fg:19455,Andruw Monasterio,2024,2025,111,within_input_season_standardized,wRC+ + age + PA Ridge,"wRC+_t,age_t_t,PA_t",79.61109545588994,100.0
fg:19470,Tommy Edman,2024,2025,81,within_input_season_standardized,wRC+ + age + PA Ridge,"wRC+_t,age_t_t,PA_t",87.67419114687158,100.0
fg:19522,TJ Friedl,2024,2025,109,within_input_season_standardized,wRC+ + age + PA Ridge,"wRC+_t,age_t_t,PA_t",90.70462956906124,100.0
fg:19556,Yordan Alvarez,2024,2025,118,within_input_season_standardized,wRC+ + age + PA Ridge,"wRC+_t,age_t_t,PA_t",126.95231626413562,100.0
fg:19566,Nathaniel Lowe,2024,2025,91,within_input_season_standardized,wRC+ + age + PA Ridge,"wRC+_t,age_t_t,PA_t",108.31185012563218,100.0
fg:19599,Chas McCormick,2024,2025,62,within_input_season_standardized,wRC+ + age + PA Ridge,"wRC+_t,age_t_t,PA_t",80.11477466338545,100.0
fg:19608,Otto Lopez,2024,2025,86,within_input_season_standardized,wRC+ + age + PA Ridge,"wRC+_t,age_t_t,PA_t",96.65236266023254,100.0
fg:19610,Keibert Ruiz,2024,2025,65,within_input_season_standardized,wRC+ + age + PA Ridge,"wRC+_t,age_t_t,PA_t",90.66890176545826,100.0
fg:19611,Vladimir Guerrero Jr.,2024,2025,137,within_input_season_standardized,wRC+ + age + PA Ridge,"wRC+_t,age_t_t,PA_t",129.4503499240397,100.0
fg:19612,Bo Bichette,2024,2025,134,within_input_season_standardized,wRC+ + age + PA Ridge,"wRC+_t,age_t_t,PA_t",86.38879410174107,100.0
fg:19627,Brent Rooker,2024,2025,122,within_input_season_standardized,wRC+ + age + PA Ridge,"wRC+_t,age_t_t,PA_t",122.7342565637993,100.0
fg:19709,Fernando Tatis Jr.,2024,2025,131,within_input_season_standardized,wRC+ + age + PA Ridge,"wRC+_t,age_t_t,PA_t",112.19200116601102,100.0
fg:19734,Josh Rojas,2024,2025,44,within_input_season_standardized,wRC+ + age + PA Ridge,"wRC+_t,age_t_t,PA_t",94.39333811128145,100.0
fg:19755,Shohei Ohtani,2024,2025,172,within_input_season_standardized,wRC+ + age + PA Ridge,"wRC+_t,age_t_t,PA_t",131.51221133901078,100.0
fg:19844,Abraham Toro,2024,2025,77,within_input_season_standardized,wRC+ + age + PA Ridge,"wRC+_t,age_t_t,PA_t",91.21599212962016,100.0
fg:19858,Luis Rengifo,2024,2025,73,within_input_season_standardized,wRC+ + age + PA Ridge,"wRC+_t,age_t_t,PA_t",100.8543964802537,100.0
fg:19864,Riley Adams,2024,2025,57,within_input_season_standardized,wRC+ + age + PA Ridge,"wRC+_t,age_t_t,PA_t",80.43141366016701,100.0
fg:19890,Emmanuel Rivera,2024,2025,64,within_input_season_standardized,wRC+ + age + PA Ridge,"wRC+_t,age_t_t,PA_t",89.09644117858868,100.0
fg:19892,Pavin Smith,2024,2025,123,within_input_season_standardized,wRC+ + age + PA Ridge,"wRC+_t,age_t_t,PA_t",103.9196883155371,100.0
fg:19896,Connor Wong,2024,2025,39,within_input_season_standardized,wRC+ + age + PA Ridge,"wRC+_t,age_t_t,PA_t",103.21339922000831,100.0
fg:19901,Gavin Sheets,2024,2025,111,within_input_season_standardized,wRC+ + age + PA Ridge,"wRC+_t,age_t_t,PA_t",95.48995968990526,100.0
fg:19913,Jesus Sanchez,2024,2025,93,within_input_season_standardized,wRC+ + age + PA Ridge,"wRC+_t,age_t_t,PA_t",101.79181932751064,100.0
fg:19918,Daulton Varsho,2024,2025,123,within_input_season_standardized,wRC+ + age + PA Ridge,"wRC+_t,age_t_t,PA_t",99.55889844191923,100.0
fg:19921,Blake Perkins,2024,2025,83,within_input_season_standardized,wRC+ + age + PA Ridge,"wRC+_t,age_t_t,PA_t",92.21108130277808,100.0
fg:19950,Andres Gimenez,2024,2025,70,within_input_season_standardized,wRC+ + age + PA Ridge,"wRC+_t,age_t_t,PA_t",99.32164907701575,100.0
fg:19953,Josh Lowe,2024,2025,79,within_input_season_standardized,wRC+ + age + PA Ridge,"wRC+_t,age_t_t,PA_t",97.33366090939121,100.0
fg:19955,Gavin Lux,2024,2025,102,within_input_season_standardized,wRC+ + age + PA Ridge,"wRC+_t,age_t_t,PA_t",99.33984192586276,100.0
fg:19956,Mickey Moniak,2024,2025,110,within_input_season_standardized,wRC+ + age + PA Ridge,"wRC+_t,age_t_t,PA_t",92.12995513500991,100.0
fg:19997,Santiago Espinal,2024,2025,58,within_input_season_standardized,wRC+ + age + PA Ridge,"wRC+_t,age_t_t,PA_t",86.53460108935154,100.0
fg:20017,Miles Mastrobuoni,2024,2025,85,within_input_season_standardized,wRC+ + age + PA Ridge,"wRC+_t,age_t_t,PA_t",65.33296372073302,100.0
fg:20036,Isaac Paredes,2024,2025,128,within_input_season_standardized,wRC+ + age + PA Ridge,"wRC+_t,age_t_t,PA_t",111.59052426146954,100.0
fg:20043,Luis Robert Jr.,2024,2025,84,within_input_season_standardized,wRC+ + age + PA Ridge,"wRC+_t,age_t_t,PA_t",92.81892577220093,100.0
fg:20123,Juan Soto,2024,2025,156,within_input_season_standardized,wRC+ + age + PA Ridge,"wRC+_t,age_t_t,PA_t",134.7992157569715,100.0
fg:20126,Dylan Carlson,2024,2025,74,within_input_season_standardized,wRC+ + age + PA Ridge,"wRC+_t,age_t_t,PA_t",83.33358004950217,100.0
fg:20178,Miguel Vargas,2024,2025,101,within_input_season_standardized,wRC+ + age + PA Ridge,"wRC+_t,age_t_t,PA_t",76.28574134289583,100.0
fg:20202,Brandon Marsh,2024,2025,116,within_input_season_standardized,wRC+ + age + PA Ridge,"wRC+_t,age_t_t,PA_t",102.07095980960862,100.0
fg:20220,Jo Adell,2024,2025,112,within_input_season_standardized,wRC+ + age + PA Ridge,"wRC+_t,age_t_t,PA_t",97.66850500014816,100.0
fg:20287,Ben Rortvedt,2024,2025,31,within_input_season_standardized,wRC+ + age + PA Ridge,"wRC+_t,age_t_t,PA_t",91.0482466197117,100.0
fg:20308,Jake Meyers,2024,2025,107,within_input_season_standardized,wRC+ + age + PA Ridge,"wRC+_t,age_t_t,PA_t",94.81896668524038,100.0
fg:20352,Ernie Clement,2024,2025,98,within_input_season_standardized,wRC+ + age + PA Ridge,"wRC+_t,age_t_t,PA_t",96.11380682948383,100.0
fg:20437,Royce Lewis,2024,2025,85,within_input_season_standardized,wRC+ + age + PA Ridge,"wRC+_t,age_t_t,PA_t",99.1275834073294,100.0
fg:20454,Jazz Chisholm Jr.,2024,2025,126,within_input_season_standardized,wRC+ + age + PA Ridge,"wRC+_t,age_t_t,PA_t",108.45680593289285,100.0
fg:20503,William Contreras,2024,2025,113,within_input_season_standardized,wRC+ + age + PA Ridge,"wRC+_t,age_t_t,PA_t",116.36641128320063,100.0
fg:20529,Nolan Jones,2024,2025,72,within_input_season_standardized,wRC+ + age + PA Ridge,"wRC+_t,age_t_t,PA_t",84.9299309108807,100.0
fg:20572,Kody Clemens,2024,2025,95,within_input_season_standardized,wRC+ + age + PA Ridge,"wRC+_t,age_t_t,PA_t",85.22265642299385,100.0
fg:20599,Ivan Herrera,2024,2025,137,within_input_season_standardized,wRC+ + age + PA Ridge,"wRC+_t,age_t_t,PA_t",105.54653544278625,100.0
fg:21454,Lars Nootbaar,2024,2025,96,within_input_season_standardized,wRC+ + age + PA Ridge,"wRC+_t,age_t_t,PA_t",102.40141129785462,100.0
fg:21479,Nico Hoerner,2024,2025,109,within_input_season_standardized,wRC+ + age + PA Ridge,"wRC+_t,age_t_t,PA_t",105.11784357972414,100.0
fg:21501,Trevor Larnach,2024,2025,102,within_input_season_standardized,wRC+ + age + PA Ridge,"wRC+_t,age_t_t,PA_t",103.95061629414681,100.0
fg:21523,Jonathan India,2024,2025,89,within_input_season_standardized,wRC+ + age + PA Ridge,"wRC+_t,age_t_t,PA_t",106.5065327763701,100.0
fg:21524,Joey Bart,2024,2025,101,within_input_season_standardized,wRC+ + age + PA Ridge,"wRC+_t,age_t_t,PA_t",100.37175947448482,100.0
fg:21534,Cal Raleigh,2024,2025,161,within_input_season_standardized,wRC+ + age + PA Ridge,"wRC+_t,age_t_t,PA_t",109.29510176969606,100.0
fg:21538,Nick Fortes,2024,2025,80,within_input_season_standardized,wRC+ + age + PA Ridge,"wRC+_t,age_t_t,PA_t",80.56452097330259,100.0
fg:21558,Matt Vierling,2024,2025,76,within_input_season_standardized,wRC+ + age + PA Ridge,"wRC+_t,age_t_t,PA_t",103.81861083296974,100.0
fg:21562,Romy Gonzalez,2024,2025,123,within_input_season_standardized,wRC+ + age + PA Ridge,"wRC+_t,age_t_t,PA_t",90.6888421152264,100.0
fg:21614,Kyle Isbel,2024,2025,79,within_input_season_standardized,wRC+ + age + PA Ridge,"wRC+_t,age_t_t,PA_t",92.17051821889399,100.0
fg:21618,Alec Bohm,2024,2025,105,within_input_season_standardized,wRC+ + age + PA Ridge,"wRC+_t,age_t_t,PA_t",106.97030679407256,100.0
fg:21622,Jake McCarthy,2024,2025,60,within_input_season_standardized,wRC+ + age + PA Ridge,"wRC+_t,age_t_t,PA_t",103.632445012765,100.0
fg:21636,Jeremy Pena,2024,2025,135,within_input_season_standardized,wRC+ + age + PA Ridge,"wRC+_t,age_t_t,PA_t",104.36067391068912,100.0
fg:21693,Miguel Amaya,2024,2025,124,within_input_season_standardized,wRC+ + age + PA Ridge,"wRC+_t,age_t_t,PA_t",92.0935571921875,100.0
fg:21707,Oswaldo Cabrera,2024,2025,83,within_input_season_standardized,wRC+ + age + PA Ridge,"wRC+_t,age_t_t,PA_t",93.40067754329515,100.0
fg:21711,Oneil Cruz,2024,2025,86,within_input_season_standardized,wRC+ + age + PA Ridge,"wRC+_t,age_t_t,PA_t",107.48627717346331,100.0
fg:21716,Enmanuel Valdez,2024,2025,82,within_input_season_standardized,wRC+ + age + PA Ridge,"wRC+_t,age_t_t,PA_t",84.15850607261108,100.0
fg:21837,Jonathan Aranda,2024,2025,146,within_input_season_standardized,wRC+ + age + PA Ridge,"wRC+_t,age_t_t,PA_t",95.40312385134676,100.0
fg:21840,Freddy Fermin,2024,2025,77,within_input_season_standardized,wRC+ + age + PA Ridge,"wRC+_t,age_t_t,PA_t",92.15735265648952,100.0
fg:21853,Will Benson,2024,2025,85,within_input_season_standardized,wRC+ + age + PA Ridge,"wRC+_t,age_t_t,PA_t",89.9139222751145,100.0
fg:21865,Bo Naylor,2024,2025,85,within_input_season_standardized,wRC+ + age + PA Ridge,"wRC+_t,age_t_t,PA_t",90.99826364687414,100.0
fg:21897,Christopher Morel,2024,2025,90,within_input_season_standardized,wRC+ + age + PA Ridge,"wRC+_t,age_t_t,PA_t",98.878928226071,100.0
fg:22054,Dane Myers,2024,2025,72,within_input_season_standardized,wRC+ + age + PA Ridge,"wRC+_t,age_t_t,PA_t",92.6649805086285,100.0
fg:22184,Mark Vientos,2024,2025,97,within_input_season_standardized,wRC+ + age + PA Ridge,"wRC+_t,age_t_t,PA_t",111.63591038050633,100.0
fg:22186,Brice Turang,2024,2025,124,within_input_season_standardized,wRC+ + age + PA Ridge,"wRC+_t,age_t_t,PA_t",101.4786985427308,100.0
fg:22244,Jack Suwinski,2024,2025,55,within_input_season_standardized,wRC+ + age + PA Ridge,"wRC+_t,age_t_t,PA_t",81.9854539367403,100.0
fg:22263,Nolan Gorman,2024,2025,88,within_input_season_standardized,wRC+ + age + PA Ridge,"wRC+_t,age_t_t,PA_t",95.77306106177511,100.0
fg:22266,Xavier Edwards,2024,2025,95,within_input_season_standardized,wRC+ + age + PA Ridge,"wRC+_t,age_t_t,PA_t",106.28265194506358,100.0
fg:22275,Jake Burger,2024,2025,89,within_input_season_standardized,wRC+ + age + PA Ridge,"wRC+_t,age_t_t,PA_t",104.16331749045031,100.0
fg:22277,Nick Allen,2024,2025,53,within_input_season_standardized,wRC+ + age + PA Ridge,"wRC+_t,age_t_t,PA_t",67.22622844544583,100.0
fg:22458,Taylor Walls,2024,2025,66,within_input_season_standardized,wRC+ + age + PA Ridge,"wRC+_t,age_t_t,PA_t",78.85743303382557,100.0
fg:22514,Triston Casas,2024,2025,56,within_input_season_standardized,wRC+ + age + PA Ridge,"wRC+_t,age_t_t,PA_t",102.37839413375757,100.0
fg:22515,Heliot Ramos,2024,2025,106,within_input_season_standardized,wRC+ + age + PA Ridge,"wRC+_t,age_t_t,PA_t",109.41154723848756,100.0
fg:22532,Tyler Freeman,2024,2025,91,within_input_season_standardized,wRC+ + age + PA Ridge,"wRC+_t,age_t_t,PA_t",93.34520139608546,100.0
fg:22542,Lawrence Butler,2024,2025,96,within_input_season_standardized,wRC+ + age + PA Ridge,"wRC+_t,age_t_t,PA_t",111.7389750705725,100.0
fg:22563,Gabriel Arias,2024,2025,77,within_input_season_standardized,wRC+ + age + PA Ridge,"wRC+_t,age_t_t,PA_t",83.09457093854917,100.0
fg:22581,Alejandro Kirk,2024,2025,116,within_input_season_standardized,wRC+ + age + PA Ridge,"wRC+_t,age_t_t,PA_t",95.61210258435871,100.0
fg:22664,Gabriel Moreno,2024,2025,117,within_input_season_standardized,wRC+ + age + PA Ridge,"wRC+_t,age_t_t,PA_t",101.07938884845242,100.0
fg:22715,Maikel Garcia,2024,2025,121,within_input_season_standardized,wRC+ + age + PA Ridge,"wRC+_t,age_t_t,PA_t",96.7905204699701,100.0
fg:22799,Geraldo Perdomo,2024,2025,138,within_input_season_standardized,wRC+ + age + PA Ridge,"wRC+_t,age_t_t,PA_t",99.58302714290849,100.0
fg:22857,Wenceel Perez,2024,2025,103,within_input_season_standardized,wRC+ + age + PA Ridge,"wRC+_t,age_t_t,PA_t",97.93734023775237,100.0
fg:22896,Lenyn Sosa,2024,2025,100,within_input_season_standardized,wRC+ + age + PA Ridge,"wRC+_t,age_t_t,PA_t",92.79371842941259,100.0
fg:23003,Yainer Diaz,2024,2025,92,within_input_season_standardized,wRC+ + age + PA Ridge,"wRC+_t,age_t_t,PA_t",110.0921875935552,100.0
fg:23401,Jose Caballero,2024,2025,97,within_input_season_standardized,wRC+ + age + PA Ridge,"wRC+_t,age_t_t,PA_t",93.28006693344196,100.0
fg:23565,Davis Schneider,2024,2025,127,within_input_season_standardized,wRC+ + age + PA Ridge,"wRC+_t,age_t_t,PA_t",94.03044956998492,100.0
fg:23690,Brayan Rocchio,2024,2025,77,within_input_season_standardized,wRC+ + age + PA Ridge,"wRC+_t,age_t_t,PA_t",95.07992528352241,100.0
fg:23691,Jose Tena,2024,2025,88,within_input_season_standardized,wRC+ + age + PA Ridge,"wRC+_t,age_t_t,PA_t",88.22482293319464,100.0
fg:23697,Julio Rodriguez,2024,2025,126,within_input_season_standardized,wRC+ + age + PA Ridge,"wRC+_t,age_t_t,PA_t",111.65258318988147,100.0
fg:23733,Ezequiel Duran,2024,2025,57,within_input_season_standardized,wRC+ + age + PA Ridge,"wRC+_t,age_t_t,PA_t",87.48299804022432,100.0
fg:23772,Wilyer Abreu,2024,2025,110,within_input_season_standardized,wRC+ + age + PA Ridge,"wRC+_t,age_t_t,PA_t",106.01776663220018,100.0
fg:23789,Blaze Alexander,2024,2025,99,within_input_season_standardized,wRC+ + age + PA Ridge,"wRC+_t,age_t_t,PA_t",89.35037431789834,100.0
fg:23792,Alek Thomas,2024,2025,81,within_input_season_standardized,wRC+ + age + PA Ridge,"wRC+_t,age_t_t,PA_t",79.73565599048393,100.0
fg:23800,Parker Meadows,2024,2025,75,within_input_season_standardized,wRC+ + age + PA Ridge,"wRC+_t,age_t_t,PA_t",99.70625964419206,100.0
fg:2396,Carlos Santana,2024,2025,82,within_input_season_standardized,wRC+ + age + PA Ridge,"wRC+_t,age_t_t,PA_t",97.96185551125919,100.0
fg:23986,Curtis Mead,2024,2025,76,within_input_season_standardized,wRC+ + age + PA Ridge,"wRC+_t,age_t_t,PA_t",81.2458301874923,100.0
fg:24064,Ezequiel Tovar,2024,2025,78,within_input_season_standardized,wRC+ + age + PA Ridge,"wRC+_t,age_t_t,PA_t",107.42598895613196,100.0
fg:24257,Jhonkensy Noel,2024,2025,28,within_input_season_standardized,wRC+ + age + PA Ridge,"wRC+_t,age_t_t,PA_t",101.27498552264169,100.0
fg:24262,Ceddanne Rafaela,2024,2025,91,within_input_season_standardized,wRC+ + age + PA Ridge,"wRC+_t,age_t_t,PA_t",98.59628049700234,100.0
fg:24336,Johan Rojas,2024,2025,58,within_input_season_standardized,wRC+ + age + PA Ridge,"wRC+_t,age_t_t,PA_t",87.54286678994497,100.0
fg:24488,Max Schuemann,2024,2025,62,within_input_season_standardized,wRC+ + age + PA Ridge,"wRC+_t,age_t_t,PA_t",94.13416118911105,100.0
fg:24598,Addison Barger,2024,2025,107,within_input_season_standardized,wRC+ + age + PA Ridge,"wRC+_t,age_t_t,PA_t",83.7280654285305,100.0
fg:24610,Steven Kwan,2024,2025,99,within_input_season_standardized,wRC+ + age + PA Ridge,"wRC+_t,age_t_t,PA_t",112.03499261333543,100.0
fg:24617,Jarren Duran,2024,2025,111,within_input_season_standardized,wRC+ + age + PA Ridge,"wRC+_t,age_t_t,PA_t",116.77010133486158,100.0
fg:24618,Ryan Jeffers,2024,2025,113,within_input_season_standardized,wRC+ + age + PA Ridge,"wRC+_t,age_t_t,PA_t",101.4164121528696,100.0
fg:24679,Brendan Donovan,2024,2025,119,within_input_season_standardized,wRC+ + age + PA Ridge,"wRC+_t,age_t_t,PA_t",109.83518988504503,100.0
fg:24703,Jonah Bride,2024,2025,23,within_input_season_standardized,wRC+ + age + PA Ridge,"wRC+_t,age_t_t,PA_t",100.23382912619653,100.0
fg:24729,Logan O'Hoppe,2024,2025,72,within_input_season_standardized,wRC+ + age + PA Ridge,"wRC+_t,age_t_t,PA_t",104.29862594730824,100.0
fg:24770,James Outman,2024,2025,48,within_input_season_standardized,wRC+ + age + PA Ridge,"wRC+_t,age_t_t,PA_t",74.59618835817479,100.0
fg:24816,Andy Pages,2024,2025,113,within_input_season_standardized,wRC+ + age + PA Ridge,"wRC+_t,age_t_t,PA_t",100.67504090270047,100.0
fg:24934,David Fry,2024,2025,63,within_input_season_standardized,wRC+ + age + PA Ridge,"wRC+_t,age_t_t,PA_t",105.37372847124476,100.0
fg:25180,Daniel Schneemann,2024,2025,79,within_input_season_standardized,wRC+ + age + PA Ridge,"wRC+_t,age_t_t,PA_t",90.00601158146748,100.0
fg:25479,Brenton Doyle,2024,2025,65,within_input_season_standardized,wRC+ + age + PA Ridge,"wRC+_t,age_t_t,PA_t",103.19981418999315,100.0
fg:25493,Joey Ortiz,2024,2025,67,within_input_season_standardized,wRC+ + age + PA Ridge,"wRC+_t,age_t_t,PA_t",103.26559558169662,100.0
fg:25764,Bobby Witt Jr.,2024,2025,130,within_input_season_standardized,wRC+ + age + PA Ridge,"wRC+_t,age_t_t,PA_t",132.35426381429602,100.0
fg:25768,CJ Abrams,2024,2025,107,within_input_season_standardized,wRC+ + age + PA Ridge,"wRC+_t,age_t_t,PA_t",107.95093654670606,100.0
fg:25782,Pedro Pages,2024,2025,77,within_input_season_standardized,wRC+ + age + PA Ridge,"wRC+_t,age_t_t,PA_t",87.73911039319421,100.0
fg:25807,Jared Triolo,2024,2025,86,within_input_season_standardized,wRC+ + age + PA Ridge,"wRC+_t,age_t_t,PA_t",90.22573823674335,100.0
fg:25816,Shea Langeliers,2024,2025,132,within_input_season_standardized,wRC+ + age + PA Ridge,"wRC+_t,age_t_t,PA_t",104.4141750955284,100.0
fg:25845,Michael Toglia,2024,2025,54,within_input_season_standardized,wRC+ + age + PA Ridge,"wRC+_t,age_t_t,PA_t",99.37317529948463,100.0
fg:25878,Corbin Carroll,2024,2025,139,within_input_season_standardized,wRC+ + age + PA Ridge,"wRC+_t,age_t_t,PA_t",110.6449985935385,100.0
fg:25931,Michael Harris II,2024,2025,83,within_input_season_standardized,wRC+ + age + PA Ridge,"wRC+_t,age_t_t,PA_t",102.65557189861354,100.0
fg:25961,Kerry Carpenter,2024,2025,115,within_input_season_standardized,wRC+ + age + PA Ridge,"wRC+_t,age_t_t,PA_t",114.16725420387286,100.0
fg:25976,Riley Greene,2024,2025,121,within_input_season_standardized,wRC+ + age + PA Ridge,"wRC+_t,age_t_t,PA_t",116.91374007384286,100.0
fg:26121,Francisco Alvarez,2024,2025,124,within_input_season_standardized,wRC+ + age + PA Ridge,"wRC+_t,age_t_t,PA_t",99.65583399358434,100.0
fg:26123,Brett Baty,2024,2025,111,within_input_season_standardized,wRC+ + age + PA Ridge,"wRC+_t,age_t_t,PA_t",86.91681722654673,100.0
fg:26151,Kyle Stowers,2024,2025,149,within_input_season_standardized,wRC+ + age + PA Ridge,"wRC+_t,age_t_t,PA_t",82.06351553530796,100.0
fg:26197,Andrew Vaughn,2024,2025,99,within_input_season_standardized,wRC+ + age + PA Ridge,"wRC+_t,age_t_t,PA_t",103.65942306663392,100.0
fg:26208,Tyler Fitzgerald,2024,2025,72,within_input_season_standardized,wRC+ + age + PA Ridge,"wRC+_t,age_t_t,PA_t",106.65717376416433,100.0
fg:26224,Darell Hernaiz,2024,2025,65,within_input_season_standardized,wRC+ + age + PA Ridge,"wRC+_t,age_t_t,PA_t",76.44274989557142,100.0
fg:26288,Adley Rutschman,2024,2025,91,within_input_season_standardized,wRC+ + age + PA Ridge,"wRC+_t,age_t_t,PA_t",106.23660793193577,100.0
fg:26289,Gunnar Henderson,2024,2025,120,within_input_season_standardized,wRC+ + age + PA Ridge,"wRC+_t,age_t_t,PA_t",128.42939551400244,100.0
fg:26294,Bryson Stott,2024,2025,100,within_input_season_standardized,wRC+ + age + PA Ridge,"wRC+_t,age_t_t,PA_t",98.02855643369344,100.0
fg:26299,Josh Jung,2024,2025,91,within_input_season_standardized,wRC+ + age + PA Ridge,"wRC+_t,age_t_t,PA_t",93.64867483046253,100.0
fg:26319,Michael Busch,2024,2025,140,within_input_season_standardized,wRC+ + age + PA Ridge,"wRC+_t,age_t_t,PA_t",108.40921739003639,100.0
fg:26323,Spencer Steer,2024,2025,97,within_input_season_standardized,wRC+ + age + PA Ridge,"wRC+_t,age_t_t,PA_t",104.19446068538092,100.0
fg:26368,JJ Bleday,2024,2025,90,within_input_season_standardized,wRC+ + age + PA Ridge,"wRC+_t,age_t_t,PA_t",111.24076710738699,100.0
fg:26396,Josh Smith,2024,2025,100,within_input_season_standardized,wRC+ + age + PA Ridge,"wRC+_t,age_t_t,PA_t",107.09595693549667,100.0
fg:26438,Dominic Canzone,2024,2025,141,within_input_season_standardized,wRC+ + age + PA Ridge,"wRC+_t,age_t_t,PA_t",87.36523550315343,100.0
fg:26466,Matt Wallner,2024,2025,114,within_input_season_standardized,wRC+ + age + PA Ridge,"wRC+_t,age_t_t,PA_t",111.80759357002721,100.0
fg:26467,Luis Matos,2024,2025,91,within_input_season_standardized,wRC+ + age + PA Ridge,"wRC+_t,age_t_t,PA_t",81.2980265491806,100.0
fg:26477,Spencer Horwitz,2024,2025,119,within_input_season_standardized,wRC+ + age + PA Ridge,"wRC+_t,age_t_t,PA_t",106.11336318552381,100.0
fg:26517,Noelvi Marte,2024,2025,101,within_input_season_standardized,wRC+ + age + PA Ridge,"wRC+_t,age_t_t,PA_t",78.8392511500096,100.0
fg:26540,Angel Martinez,2024,2025,74,within_input_season_standardized,wRC+ + age + PA Ridge,"wRC+_t,age_t_t,PA_t",89.45848950456647,100.0
fg:26668,Elly De La Cruz,2024,2025,109,within_input_season_standardized,wRC+ + age + PA Ridge,"wRC+_t,age_t_t,PA_t",116.78525282466751,100.0
fg:27462,Austin Martin,2024,2025,113,within_input_season_standardized,wRC+ + age + PA Ridge,"wRC+_t,age_t_t,PA_t",92.43431392492728,100.0
fg:27465,Spencer Torkelson,2024,2025,118,within_input_season_standardized,wRC+ + age + PA Ridge,"wRC+_t,age_t_t,PA_t",95.65771616484477,100.0
fg:27467,Tyler Soderstrom,2024,2025,125,within_input_season_standardized,wRC+ + age + PA Ridge,"wRC+_t,age_t_t,PA_t",100.35160262829847,100.0
fg:27475,Jordan Walker,2024,2025,66,within_input_season_standardized,wRC+ + age + PA Ridge,"wRC+_t,age_t_t,PA_t",85.99278740314352,100.0
fg:27478,Patrick Bailey,2024,2025,70,within_input_season_standardized,wRC+ + age + PA Ridge,"wRC+_t,age_t_t,PA_t",94.19666279529312,100.0
fg:27479,Masyn Winn,2024,2025,91,within_input_season_standardized,wRC+ + age + PA Ridge,"wRC+_t,age_t_t,PA_t",110.01194678132732,100.0
fg:27490,Nick Gonzales,2024,2025,82,within_input_season_standardized,wRC+ + age + PA Ridge,"wRC+_t,age_t_t,PA_t",96.84576915573054,100.0
fg:27506,Ha-seong Kim,2024,2025,82,within_input_season_standardized,wRC+ + age + PA Ridge,"wRC+_t,age_t_t,PA_t",98.13445823151085,100.0
fg:27531,David Hamilton,2024,2025,60,within_input_season_standardized,wRC+ + age + PA Ridge,"wRC+_t,age_t_t,PA_t",93.10223139536059,100.0
fg:27534,Edouard Julien,2024,2025,81,within_input_season_standardized,wRC+ + age + PA Ridge,"wRC+_t,age_t_t,PA_t",89.29687313305905,100.0
fg:27562,Austin Wells,2024,2025,94,within_input_season_standardized,wRC+ + age + PA Ridge,"wRC+_t,age_t_t,PA_t",102.02272433769218,100.0
fg:27577,Casey Schmitt,2024,2025,98,within_input_season_standardized,wRC+ + age + PA Ridge,"wRC+_t,age_t_t,PA_t",94.05346545398463,100.0
fg:27615,Alec Burleson,2024,2025,124,within_input_season_standardized,wRC+ + age + PA Ridge,"wRC+_t,age_t_t,PA_t",106.01710873810916,100.0
fg:27630,Nick Loftin,2024,2025,73,within_input_season_standardized,wRC+ + age + PA Ridge,"wRC+_t,age_t_t,PA_t",75.21631303446182,100.0
fg:27647,Anthony Volpe,2024,2025,83,within_input_season_standardized,wRC+ + age + PA Ridge,"wRC+_t,age_t_t,PA_t",104.88366974905225,100.0
fg:27676,Vinnie Pasquantino,2024,2025,116,within_input_season_standardized,wRC+ + age + PA Ridge,"wRC+_t,age_t_t,PA_t",104.98868619132936,100.0
fg:27684,Michael Massey,2024,2025,57,within_input_season_standardized,wRC+ + age + PA Ridge,"wRC+_t,age_t_t,PA_t",98.47456803519064,100.0
fg:27769,Pete Crow-Armstrong,2024,2025,109,within_input_season_standardized,wRC+ + age + PA Ridge,"wRC+_t,age_t_t,PA_t",97.39704787111357,100.0
fg:27790,Evan Carter,2024,2025,107,within_input_season_standardized,wRC+ + age + PA Ridge,"wRC+_t,age_t_t,PA_t",88.58027751293915,100.0
fg:27815,Jordan Westburg,2024,2025,115,within_input_season_standardized,wRC+ + age + PA Ridge,"wRC+_t,age_t_t,PA_t",108.72629906458809,100.0
fg:27899,Colt Keith,2024,2025,109,within_input_season_standardized,wRC+ + age + PA Ridge,"wRC+_t,age_t_t,PA_t",103.77170339436374,100.0
fg:28163,Junior Caminero,2024,2025,129,within_input_season_standardized,wRC+ + age + PA Ridge,"wRC+_t,age_t_t,PA_t",98.00313259448689,100.0
fg:28806,Jackson Chourio,2024,2025,111,within_input_season_standardized,wRC+ + age + PA Ridge,"wRC+_t,age_t_t,PA_t",114.64619195650963,100.0
fg:29490,Jackson Merrill,2024,2025,116,within_input_season_standardized,wRC+ + age + PA Ridge,"wRC+_t,age_t_t,PA_t",118.41712723835917,100.0
fg:29518,James Wood,2024,2025,127,within_input_season_standardized,wRC+ + age + PA Ridge,"wRC+_t,age_t_t,PA_t",106.78261965429861,100.0
fg:29575,Trey Sweeney,2024,2025,53,within_input_season_standardized,wRC+ + age + PA Ridge,"wRC+_t,age_t_t,PA_t",85.27376317785203,100.0
fg:29576,Ben Rice,2024,2025,133,within_input_season_standardized,wRC+ + age + PA Ridge,"wRC+_t,age_t_t,PA_t",84.07079712364067,100.0
fg:29591,Colton Cowser,2024,2025,83,within_input_season_standardized,wRC+ + age + PA Ridge,"wRC+_t,age_t_t,PA_t",111.17455400294443,100.0
fg:29592,Connor Norby,2024,2025,90,within_input_season_standardized,wRC+ + age + PA Ridge,"wRC+_t,age_t_t,PA_t",94.5380774221239,100.0
fg:29606,Justyn-Henry Malloy,2024,2025,92,within_input_season_standardized,wRC+ + age + PA Ridge,"wRC+_t,age_t_t,PA_t",91.1708321919353,100.0
fg:29617,Henry Davis,2024,2025,41,within_input_season_standardized,wRC+ + age + PA Ridge,"wRC+_t,age_t_t,PA_t",67.90380423131295,100.0
fg:29622,Sal Frelick,2024,2025,114,within_input_season_standardized,wRC+ + age + PA Ridge,"wRC+_t,age_t_t,PA_t",99.277578746161,100.0
fg:29630,Joey Loperfido,2024,2025,148,within_input_season_standardized,wRC+ + age + PA Ridge,"wRC+_t,age_t_t,PA_t",86.14517717195623,100.0
fg:2967,Tommy Pham,2024,2025,94,within_input_season_standardized,wRC+ + age + PA Ridge,"wRC+_t,age_t_t,PA_t",89.25254244566189,100.0
fg:29715,Hunter Goodman,2024,2025,118,within_input_season_standardized,wRC+ + age + PA Ridge,"wRC+_t,age_t_t,PA_t",80.99080744135253,100.0
fg:29766,Zack Gelof,2024,2025,36,within_input_season_standardized,wRC+ + age + PA Ridge,"wRC+_t,age_t_t,PA_t",97.3790592735564,100.0
fg:29794,Kyle Manzardo,2024,2025,113,within_input_season_standardized,wRC+ + age + PA Ridge,"wRC+_t,age_t_t,PA_t",92.43080667795661,100.0
fg:29931,Jacob Young,2024,2025,66,within_input_season_standardized,wRC+ + age + PA Ridge,"wRC+_t,age_t_t,PA_t",97.30932795711212,100.0
fg:30011,Christian Encarnacion-Strand,2024,2025,59,within_input_season_standardized,wRC+ + age + PA Ridge,"wRC+_t,age_t_t,PA_t",69.28679600229695,100.0
fg:30116,Seiya Suzuki,2024,2025,123,within_input_season_standardized,wRC+ + age + PA Ridge,"wRC+_t,age_t_t,PA_t",112.7599185155787,100.0
fg:31166,Heston Kjerstad,2024,2025,57,within_input_season_standardized,wRC+ + age + PA Ridge,"wRC+_t,age_t_t,PA_t",96.11359033306562,100.0
fg:31347,Zach Neto,2024,2025,116,within_input_season_standardized,wRC+ + age + PA Ridge,"wRC+_t,age_t_t,PA_t",111.86440999567573,100.0
fg:31349,Victor Scott II,2024,2025,76,within_input_season_standardized,wRC+ + age + PA Ridge,"wRC+_t,age_t_t,PA_t",73.6315954508875,100.0
fg:31394,Brooks Baldwin,2024,2025,92,within_input_season_standardized,wRC+ + age + PA Ridge,"wRC+_t,age_t_t,PA_t",78.22131665241386,100.0
fg:31431,Jordan Beck,2024,2025,90,within_input_season_standardized,wRC+ + age + PA Ridge,"wRC+_t,age_t_t,PA_t",71.41753755336251,100.0
fg:31595,Brooks Lee,2024,2025,81,within_input_season_standardized,wRC+ + age + PA Ridge,"wRC+_t,age_t_t,PA_t",81.60325972960722,100.0
fg:31781,Jackson Holliday,2024,2025,96,within_input_season_standardized,wRC+ + age + PA Ridge,"wRC+_t,age_t_t,PA_t",84.33526296889337,100.0
fg:31837,Masataka Yoshida,2024,2025,88,within_input_season_standardized,wRC+ + age + PA Ridge,"wRC+_t,age_t_t,PA_t",100.07265543245926,100.0
fg:33189,Nolan Schanuel,2024,2025,109,within_input_season_standardized,wRC+ + age + PA Ridge,"wRC+_t,age_t_t,PA_t",109.48874669167436,100.0
fg:33266,Jacob Wilson,2024,2025,121,within_input_season_standardized,wRC+ + age + PA Ridge,"wRC+_t,age_t_t,PA_t",88.57830255056875,100.0
fg:33333,Wyatt Langford,2024,2025,118,within_input_season_standardized,wRC+ + age + PA Ridge,"wRC+_t,age_t_t,PA_t",109.21749381392961,100.0
fg:33541,Dylan Crews,2024,2025,77,within_input_season_standardized,wRC+ + age + PA Ridge,"wRC+_t,age_t_t,PA_t",87.37994431518922,100.0
fg:33824,Jung Hoo Lee,2024,2025,107,within_input_season_standardized,wRC+ + age + PA Ridge,"wRC+_t,age_t_t,PA_t",85.67701055174282,100.0
fg:4949,Giancarlo Stanton,2024,2025,158,within_input_season_standardized,wRC+ + age + PA Ridge,"wRC+_t,age_t_t,PA_t",98.03729521839647,100.0
fg:5235,Justin Turner,2024,2025,71,within_input_season_standardized,wRC+ + age + PA Ridge,"wRC+_t,age_t_t,PA_t",95.66490073488544,100.0
fg:5361,Freddie Freeman,2024,2025,139,within_input_season_standardized,wRC+ + age + PA Ridge,"wRC+_t,age_t_t,PA_t",109.61193405273639,100.0
fg:5417,Jose Altuve,2024,2025,113,within_input_season_standardized,wRC+ + age + PA Ridge,"wRC+_t,age_t_t,PA_t",108.6951339395954,100.0
fg:5517,Kyle Higashioka,2024,2025,93,within_input_season_standardized,wRC+ + age + PA Ridge,"wRC+_t,age_t_t,PA_t",88.87209573944992,100.0
fg:5827,Wilmer Flores,2024,2025,95,within_input_season_standardized,wRC+ + age + PA Ridge,"wRC+_t,age_t_t,PA_t",76.9468376056466,100.0
fg:6887,Martin Maldonado,2024,2025,61,within_input_season_standardized,wRC+ + age + PA Ridge,"wRC+_t,age_t_t,PA_t",50.58774400716177,100.0
fg:7304,Salvador Perez,2024,2025,95,within_input_season_standardized,wRC+ + age + PA Ridge,"wRC+_t,age_t_t,PA_t",104.44770175540906,100.0
fg:7739,Travis d'Arnaud,2024,2025,64,within_input_season_standardized,wRC+ + age + PA Ridge,"wRC+_t,age_t_t,PA_t",89.90774799649192,100.0
fg:7802,Miguel Rojas,2024,2025,100,within_input_season_standardized,wRC+ + age + PA Ridge,"wRC+_t,age_t_t,PA_t",92.16281165567115,100.0
fg:8623,Donovan Solano,2024,2025,82,within_input_season_standardized,wRC+ + age + PA Ridge,"wRC+_t,age_t_t,PA_t",91.99571307482266,100.0
fg:9218,Paul Goldschmidt,2024,2025,103,within_input_season_standardized,wRC+ + age + PA Ridge,"wRC+_t,age_t_t,PA_t",96.150398058565,100.0
fg:9241,Starling Marte,2024,2025,112,within_input_season_standardized,wRC+ + age + PA Ridge,"wRC+_t,age_t_t,PA_t",89.87441462287005,100.0
fg:9774,Christian Vazquez,2024,2025,55,within_input_season_standardized,wRC+ + age + PA Ridge,"wRC+_t,age_t_t,PA_t",75.13032965635045,100.0
fg:9777,Nolan Arenado,2024,2025,84,within_input_season_standardized,wRC+ + age + PA Ridge,"wRC+_t,age_t_t,PA_t",100.08581002983267,100.0
fg:9847,Andrew McCutchen,2024,2025,95,within_input_season_standardized,wRC+ + age + PA Ridge,"wRC+_t,age_t_t,PA_t",93.32257080450596,100.0
fg:9874,DJ LeMahieu,2024,2025,95,within_input_season_standardized,wRC+ + age + PA Ridge,"wRC+_t,age_t_t,PA_t",68.86705814025876,100.0
fg:10155,Mike Trout,2024,2025,120,within_input_season_standardized,B2V Ridge,"safe_ZScore_Contact_t,safe_ZScore_Power_t,safe_ZScore_Discipline_t,safe_ZScore_Defense_t,safe_ZScore_Speed_t",124.23954444477491,0.01
fg:10231,Jose Iglesias,2024,2025,73,within_input_season_standardized,B2V Ridge,"safe_ZScore_Contact_t,safe_ZScore_Power_t,safe_ZScore_Discipline_t,safe_ZScore_Defense_t,safe_ZScore_Speed_t",91.62796977824831,0.01
fg:10243,Randal Grichuk,2024,2025,82,within_input_season_standardized,B2V Ridge,"safe_ZScore_Contact_t,safe_ZScore_Power_t,safe_ZScore_Discipline_t,safe_ZScore_Defense_t,safe_ZScore_Speed_t",117.77042161079727,0.01
fg:10324,Marcell Ozuna,2024,2025,114,within_input_season_standardized,B2V Ridge,"safe_ZScore_Contact_t,safe_ZScore_Power_t,safe_ZScore_Discipline_t,safe_ZScore_Defense_t,safe_ZScore_Speed_t",126.68777637536442,0.01
fg:10472,Enrique Hernandez,2024,2025,70,within_input_season_standardized,B2V Ridge,"safe_ZScore_Contact_t,safe_ZScore_Power_t,safe_ZScore_Discipline_t,safe_ZScore_Defense_t,safe_ZScore_Speed_t",94.0915259618864,0.01
fg:10681,Gio Urshela,2024,2025,68,within_input_season_standardized,B2V Ridge,"safe_ZScore_Contact_t,safe_ZScore_Power_t,safe_ZScore_Discipline_t,safe_ZScore_Defense_t,safe_ZScore_Speed_t",79.78217090659182,0.01
fg:10815,Jurickson Profar,2024,2025,122,within_input_season_standardized,B2V Ridge,"safe_ZScore_Contact_t,safe_ZScore_Power_t,safe_ZScore_Discipline_t,safe_ZScore_Defense_t,safe_ZScore_Speed_t",118.84683892155448,0.01
fg:11442,Gary Sanchez,2024,2025,100,within_input_season_standardized,B2V Ridge,"safe_ZScore_Contact_t,safe_ZScore_Power_t,safe_ZScore_Discipline_t,safe_ZScore_Defense_t,safe_ZScore_Speed_t",100.53844765172579,0.01
fg:11445,Mark Canha,2024,2025,49,within_input_season_standardized,B2V Ridge,"safe_ZScore_Contact_t,safe_ZScore_Power_t,safe_ZScore_Discipline_t,safe_ZScore_Defense_t,safe_ZScore_Speed_t",93.02077619647325,0.01
fg:11477,Christian Yelich,2024,2025,121,within_input_season_standardized,B2V Ridge,"safe_ZScore_Contact_t,safe_ZScore_Power_t,safe_ZScore_Discipline_t,safe_ZScore_Defense_t,safe_ZScore_Speed_t",127.64373510726212,0.01
fg:11493,Manny Machado,2024,2025,123,within_input_season_standardized,B2V Ridge,"safe_ZScore_Contact_t,safe_ZScore_Power_t,safe_ZScore_Discipline_t,safe_ZScore_Defense_t,safe_ZScore_Speed_t",115.70344649584332,0.01
fg:11579,Bryce Harper,2024,2025,131,within_input_season_standardized,B2V Ridge,"safe_ZScore_Contact_t,safe_ZScore_Power_t,safe_ZScore_Discipline_t,safe_ZScore_Defense_t,safe_ZScore_Speed_t",115.15520841418709,0.01
fg:11609,Willson Contreras,2024,2025,124,within_input_season_standardized,B2V Ridge,"safe_ZScore_Contact_t,safe_ZScore_Power_t,safe_ZScore_Discipline_t,safe_ZScore_Defense_t,safe_ZScore_Speed_t",109.27234439906476,0.01
fg:11680,Elias Diaz,2024,2025,74,within_input_season_standardized,B2V Ridge,"safe_ZScore_Contact_t,safe_ZScore_Power_t,safe_ZScore_Discipline_t,safe_ZScore_Defense_t,safe_ZScore_Speed_t",78.39811331261322,0.01
fg:11737,Nick Castellanos,2024,2025,90,within_input_season_standardized,B2V Ridge,"safe_ZScore_Contact_t,safe_ZScore_Power_t,safe_ZScore_Discipline_t,safe_ZScore_Defense_t,safe_ZScore_Speed_t",93.5834505505198,0.01
fg:11739,J.T. Realmuto,2024,2025,94,within_input_season_standardized,B2V Ridge,"safe_ZScore_Contact_t,safe_ZScore_Power_t,safe_ZScore_Discipline_t,safe_ZScore_Defense_t,safe_ZScore_Speed_t",98.7453120372925,0.01
fg:11899,Joc Pederson,2024,2025,76,within_input_season_standardized,B2V Ridge,"safe_ZScore_Contact_t,safe_ZScore_Power_t,safe_ZScore_Discipline_t,safe_ZScore_Defense_t,safe_ZScore_Speed_t",122.79635430264787,0.01
fg:12005,Nick Martini,2024,2025,49,within_input_season_standardized,B2V Ridge,"safe_ZScore_Contact_t,safe_ZScore_Power_t,safe_ZScore_Discipline_t,safe_ZScore_Defense_t,safe_ZScore_Speed_t",85.99022203070729,0.01
fg:12144,Max Kepler,2024,2025,90,within_input_season_standardized,B2V Ridge,"safe_ZScore_Contact_t,safe_ZScore_Power_t,safe_ZScore_Discipline_t,safe_ZScore_Defense_t,safe_ZScore_Speed_t",89.95710029986209,0.01
fg:12161,Xander Bogaerts,2024,2025,104,within_input_season_standardized,B2V Ridge,"safe_ZScore_Contact_t,safe_ZScore_Power_t,safe_ZScore_Discipline_t,safe_ZScore_Defense_t,safe_ZScore_Speed_t",98.4371652038817,0.01
fg:12533,Marcus Semien,2024,2025,89,within_input_season_standardized,B2V Ridge,"safe_ZScore_Contact_t,safe_ZScore_Power_t,safe_ZScore_Discipline_t,safe_ZScore_Defense_t,safe_ZScore_Speed_t",95.70804538257036,0.01
fg:12552,Eugenio Suarez,2024,2025,125,within_input_season_standardized,B2V Ridge,"safe_ZScore_Contact_t,safe_ZScore_Power_t,safe_ZScore_Discipline_t,safe_ZScore_Defense_t,safe_ZScore_Speed_t",102.34929544066517,0.01
fg:12564,Trevor Story,2024,2025,101,within_input_season_standardized,B2V Ridge,"safe_ZScore_Contact_t,safe_ZScore_Power_t,safe_ZScore_Discipline_t,safe_ZScore_Defense_t,safe_ZScore_Speed_t",75.23807736014385,0.01
fg:12856,George Springer,2024,2025,166,within_input_season_standardized,B2V Ridge,"safe_ZScore_Contact_t,safe_ZScore_Power_t,safe_ZScore_Discipline_t,safe_ZScore_Defense_t,safe_ZScore_Speed_t",101.16153201270477,0.01
fg:12859,James McCann,2024,2025,110,within_input_season_standardized,B2V Ridge,"safe_ZScore_Contact_t,safe_ZScore_Power_t,safe_ZScore_Discipline_t,safe_ZScore_Defense_t,safe_ZScore_Speed_t",87.29794309253762,0.01
fg:12916,Francisco Lindor,2024,2025,129,within_input_season_standardized,B2V Ridge,"safe_ZScore_Contact_t,safe_ZScore_Power_t,safe_ZScore_Discipline_t,safe_ZScore_Defense_t,safe_ZScore_Speed_t",120.56726766344306,0.01
fg:12927,Brandon Nimmo,2024,2025,114,within_input_season_standardized,B2V Ridge,"safe_ZScore_Contact_t,safe_ZScore_Power_t,safe_ZScore_Discipline_t,safe_ZScore_Defense_t,safe_ZScore_Speed_t",110.43666597231261,0.01
fg:12976,Austin Hedges,2024,2025,51,within_input_season_standardized,B2V Ridge,"safe_ZScore_Contact_t,safe_ZScore_Power_t,safe_ZScore_Discipline_t,safe_ZScore_Defense_t,safe_ZScore_Speed_t",50.013167650849034,0.01
fg:12979,Javier Baez,2024,2025,86,within_input_season_standardized,B2V Ridge,"safe_ZScore_Contact_t,safe_ZScore_Power_t,safe_ZScore_Discipline_t,safe_ZScore_Defense_t,safe_ZScore_Speed_t",77.59162797057978,0.01
fg:13066,Teoscar Hernandez,2024,2025,102,within_input_season_standardized,B2V Ridge,"safe_ZScore_Contact_t,safe_ZScore_Power_t,safe_ZScore_Discipline_t,safe_ZScore_Defense_t,safe_ZScore_Speed_t",114.32528382870969,0.01
fg:13145,Josh Bell,2024,2025,107,within_input_season_standardized,B2V Ridge,"safe_ZScore_Contact_t,safe_ZScore_Power_t,safe_ZScore_Discipline_t,safe_ZScore_Defense_t,safe_ZScore_Speed_t",96.88523827520257,0.01
fg:13152,Jorge Polanco,2024,2025,132,within_input_season_standardized,B2V Ridge,"safe_ZScore_Contact_t,safe_ZScore_Power_t,safe_ZScore_Discipline_t,safe_ZScore_Defense_t,safe_ZScore_Speed_t",91.2180710654138,0.01
fg:13185,Orlando Arcia,2024,2025,33,within_input_season_standardized,B2V Ridge,"safe_ZScore_Contact_t,safe_ZScore_Power_t,safe_ZScore_Discipline_t,safe_ZScore_Defense_t,safe_ZScore_Speed_t",80.7276789227864,0.01
fg:13324,Ildemaro Vargas,2024,2025,85,within_input_season_standardized,B2V Ridge,"safe_ZScore_Contact_t,safe_ZScore_Power_t,safe_ZScore_Discipline_t,safe_ZScore_Defense_t,safe_ZScore_Speed_t",88.12588971124548,0.01
fg:13419,Christian Walker,2024,2025,99,within_input_season_standardized,B2V Ridge,"safe_ZScore_Contact_t,safe_ZScore_Power_t,safe_ZScore_Discipline_t,safe_ZScore_Defense_t,safe_ZScore_Speed_t",109.47525594378264,0.01
fg:13510,Jose Ramirez,2024,2025,133,within_input_season_standardized,B2V Ridge,"safe_ZScore_Contact_t,safe_ZScore_Power_t,safe_ZScore_Discipline_t,safe_ZScore_Defense_t,safe_ZScore_Speed_t",128.85950453862876,0.01
fg:13611,Mookie Betts,2024,2025,104,within_input_season_standardized,B2V Ridge,"safe_ZScore_Contact_t,safe_ZScore_Power_t,safe_ZScore_Discipline_t,safe_ZScore_Defense_t,safe_ZScore_Speed_t",124.66534294922735,0.01
fg:13613,Ketel Marte,2024,2025,145,within_input_season_standardized,B2V Ridge,"safe_ZScore_Contact_t,safe_ZScore_Power_t,safe_ZScore_Discipline_t,safe_ZScore_Defense_t,safe_ZScore_Speed_t",138.86012169215064,0.01
fg:13620,Carson Kelly,2024,2025,115,within_input_season_standardized,B2V Ridge,"safe_ZScore_Contact_t,safe_ZScore_Power_t,safe_ZScore_Discipline_t,safe_ZScore_Defense_t,safe_ZScore_Speed_t",87.68207599744574,0.01
fg:13624,Corey Seager,2024,2025,138,within_input_season_standardized,B2V Ridge,"safe_ZScore_Contact_t,safe_ZScore_Power_t,safe_ZScore_Discipline_t,safe_ZScore_Defense_t,safe_ZScore_Speed_t",116.82354639202303,0.01
fg:13675,Tyrone Taylor,2024,2025,70,within_input_season_standardized,B2V Ridge,"safe_ZScore_Contact_t,safe_ZScore_Power_t,safe_ZScore_Discipline_t,safe_ZScore_Defense_t,safe_ZScore_Speed_t",90.89252653348585,0.01
fg:13723,Jacob Stallings,2024,2025,-7,within_input_season_standardized,B2V Ridge,"safe_ZScore_Contact_t,safe_ZScore_Power_t,safe_ZScore_Discipline_t,safe_ZScore_Defense_t,safe_ZScore_Speed_t",92.50747180785396,0.01
fg:13757,Chris Taylor,2024,2025,56,within_input_season_standardized,B2V Ridge,"safe_ZScore_Contact_t,safe_ZScore_Power_t,safe_ZScore_Discipline_t,safe_ZScore_Defense_t,safe_ZScore_Speed_t",77.74273874363567,0.01
fg:13770,Rob Refsnyder,2024,2025,128,within_input_season_standardized,B2V Ridge,"safe_ZScore_Contact_t,safe_ZScore_Power_t,safe_ZScore_Discipline_t,safe_ZScore_Defense_t,safe_ZScore_Speed_t",104.80121603250322,0.01
fg:14161,Byron Buxton,2024,2025,136,within_input_season_standardized,B2V Ridge,"safe_ZScore_Contact_t,safe_ZScore_Power_t,safe_ZScore_Discipline_t,safe_ZScore_Defense_t,safe_ZScore_Speed_t",108.08902396877366,0.01
fg:14162,Carlos Correa,2024,2025,106,within_input_season_standardized,B2V Ridge,"safe_ZScore_Contact_t,safe_ZScore_Power_t,safe_ZScore_Discipline_t,safe_ZScore_Defense_t,safe_ZScore_Speed_t",119.63474125173086,0.01
fg:14221,Jorge Soler,2024,2025,88,within_input_season_standardized,B2V Ridge,"safe_ZScore_Contact_t,safe_ZScore_Power_t,safe_ZScore_Discipline_t,safe_ZScore_Defense_t,safe_ZScore_Speed_t",109.03055515313821,0.01
fg:14344,Matt Olson,2024,2025,136,within_input_season_standardized,B2V Ridge,"safe_ZScore_Contact_t,safe_ZScore_Power_t,safe_ZScore_Discipline_t,safe_ZScore_Defense_t,safe_ZScore_Speed_t",106.58168607210021,0.01
fg:14551,Anthony Santander,2024,2025,61,within_input_season_standardized,B2V Ridge,"safe_ZScore_Contact_t,safe_ZScore_Power_t,safe_ZScore_Discipline_t,safe_ZScore_Defense_t,safe_ZScore_Speed_t",113.39383619745783,0.01
fg:14813,Kyle Farmer,2024,2025,65,within_input_season_standardized,B2V Ridge,"safe_ZScore_Contact_t,safe_ZScore_Power_t,safe_ZScore_Discipline_t,safe_ZScore_Defense_t,safe_ZScore_Speed_t",81.85072446027358,0.01
fg:14854,Mike Yastrzemski,2024,2025,106,within_input_season_standardized,B2V Ridge,"safe_ZScore_Contact_t,safe_ZScore_Power_t,safe_ZScore_Discipline_t,safe_ZScore_Defense_t,safe_ZScore_Speed_t",101.3467574763075,0.01
fg:14968,Victor Caratini,2024,2025,104,within_input_season_standardized,B2V Ridge,"safe_ZScore_Contact_t,safe_ZScore_Power_t,safe_ZScore_Discipline_t,safe_ZScore_Defense_t,safe_ZScore_Speed_t",96.52491512667709,0.01
fg:15112,Ryan McMahon,2024,2025,86,within_input_season_standardized,B2V Ridge,"safe_ZScore_Contact_t,safe_ZScore_Power_t,safe_ZScore_Discipline_t,safe_ZScore_Defense_t,safe_ZScore_Speed_t",99.67093699638436,0.01
fg:15161,Mitch Garver,2024,2025,86,within_input_season_standardized,B2V Ridge,"safe_ZScore_Contact_t,safe_ZScore_Power_t,safe_ZScore_Discipline_t,safe_ZScore_Defense_t,safe_ZScore_Speed_t",89.52030091628335,0.01
fg:15194,Jake Bauers,2024,2025,114,within_input_season_standardized,B2V Ridge,"safe_ZScore_Contact_t,safe_ZScore_Power_t,safe_ZScore_Discipline_t,safe_ZScore_Defense_t,safe_ZScore_Speed_t",95.37766842908322,0.01
fg:15223,Adam Frazier,2024,2025,89,within_input_season_standardized,B2V Ridge,"safe_ZScore_Contact_t,safe_ZScore_Power_t,safe_ZScore_Discipline_t,safe_ZScore_Defense_t,safe_ZScore_Speed_t",78.17075420921546,0.01
fg:15274,Mike Tauchman,2024,2025,115,within_input_season_standardized,B2V Ridge,"safe_ZScore_Contact_t,safe_ZScore_Power_t,safe_ZScore_Discipline_t,safe_ZScore_Defense_t,safe_ZScore_Speed_t",102.12761575024453,0.01
fg:15362,Jeff McNeil,2024,2025,111,within_input_season_standardized,B2V Ridge,"safe_ZScore_Contact_t,safe_ZScore_Power_t,safe_ZScore_Discipline_t,safe_ZScore_Defense_t,safe_ZScore_Speed_t",85.50132041112941,0.01
fg:15464,Hunter Renfroe,2024,2025,32,within_input_season_standardized,B2V Ridge,"safe_ZScore_Contact_t,safe_ZScore_Power_t,safe_ZScore_Discipline_t,safe_ZScore_Defense_t,safe_ZScore_Speed_t",94.76039583883313,0.01
fg:15491,J.P. Crawford,2024,2025,113,within_input_season_standardized,B2V Ridge,"safe_ZScore_Contact_t,safe_ZScore_Power_t,safe_ZScore_Discipline_t,safe_ZScore_Defense_t,safe_ZScore_Speed_t",96.11684609936444,0.01
fg:15518,Amed Rosario,2024,2025,106,within_input_season_standardized,B2V Ridge,"safe_ZScore_Contact_t,safe_ZScore_Power_t,safe_ZScore_Discipline_t,safe_ZScore_Defense_t,safe_ZScore_Speed_t",82.4596506608423,0.01
fg:15640,Aaron Judge,2024,2025,204,within_input_season_standardized,B2V Ridge,"safe_ZScore_Contact_t,safe_ZScore_Power_t,safe_ZScore_Discipline_t,safe_ZScore_Defense_t,safe_ZScore_Speed_t",174.48860186735243,0.01
fg:15653,Dominic Smith,2024,2025,111,within_input_season_standardized,B2V Ridge,"safe_ZScore_Contact_t,safe_ZScore_Power_t,safe_ZScore_Discipline_t,safe_ZScore_Defense_t,safe_ZScore_Speed_t",91.55405284811664,0.01
fg:15674,Reese McGuire,2024,2025,86,within_input_season_standardized,B2V Ridge,"safe_ZScore_Contact_t,safe_ZScore_Power_t,safe_ZScore_Discipline_t,safe_ZScore_Defense_t,safe_ZScore_Speed_t",76.36001369952227,0.01
fg:15679,Rowdy Tellez,2024,2025,101,within_input_season_standardized,B2V Ridge,"safe_ZScore_Contact_t,safe_ZScore_Power_t,safe_ZScore_Discipline_t,safe_ZScore_Defense_t,safe_ZScore_Speed_t",100.67590685084404,0.01
fg:15711,Tyler O'Neill,2024,2025,91,within_input_season_standardized,B2V Ridge,"safe_ZScore_Contact_t,safe_ZScore_Power_t,safe_ZScore_Discipline_t,safe_ZScore_Defense_t,safe_ZScore_Speed_t",114.44218345100248,0.01
fg:15730,Tyler Wade,2024,2025,69,within_input_season_standardized,B2V Ridge,"safe_ZScore_Contact_t,safe_ZScore_Power_t,safe_ZScore_Discipline_t,safe_ZScore_Defense_t,safe_ZScore_Speed_t",76.2023076563014,0.01
fg:15878,Miguel Andujar,2024,2025,125,within_input_season_standardized,B2V Ridge,"safe_ZScore_Contact_t,safe_ZScore_Power_t,safe_ZScore_Discipline_t,safe_ZScore_Defense_t,safe_ZScore_Speed_t",87.86569075201577,0.01
fg:15905,Luis Torrens,2024,2025,79,within_input_season_standardized,B2V Ridge,"safe_ZScore_Contact_t,safe_ZScore_Power_t,safe_ZScore_Discipline_t,safe_ZScore_Defense_t,safe_ZScore_Speed_t",93.40696108615471,0.01
fg:15986,Willy Adames,2024,2025,108,within_input_season_standardized,B2V Ridge,"safe_ZScore_Contact_t,safe_ZScore_Power_t,safe_ZScore_Discipline_t,safe_ZScore_Defense_t,safe_ZScore_Speed_t",106.00397960938922,0.01
fg:15998,Cody Bellinger,2024,2025,125,within_input_season_standardized,B2V Ridge,"safe_ZScore_Contact_t,safe_ZScore_Power_t,safe_ZScore_Discipline_t,safe_ZScore_Defense_t,safe_ZScore_Speed_t",97.20720246262674,0.01
fg:16153,Austin Slater,2024,2025,78,within_input_season_standardized,B2V Ridge,"safe_ZScore_Contact_t,safe_ZScore_Power_t,safe_ZScore_Discipline_t,safe_ZScore_Defense_t,safe_ZScore_Speed_t",81.17063683300262,0.01
fg:16252,Trea Turner,2024,2025,125,within_input_season_standardized,B2V Ridge,"safe_ZScore_Contact_t,safe_ZScore_Power_t,safe_ZScore_Discipline_t,safe_ZScore_Defense_t,safe_ZScore_Speed_t",101.7653032583964,0.01
fg:16376,Michael Conforto,2024,2025,83,within_input_season_standardized,B2V Ridge,"safe_ZScore_Contact_t,safe_ZScore_Power_t,safe_ZScore_Discipline_t,safe_ZScore_Defense_t,safe_ZScore_Speed_t",109.26190139201012,0.01
fg:16426,Thairo Estrada,2024,2025,66,within_input_season_standardized,B2V Ridge,"safe_ZScore_Contact_t,safe_ZScore_Power_t,safe_ZScore_Discipline_t,safe_ZScore_Defense_t,safe_ZScore_Speed_t",76.19071330156503,0.01
fg:16442,Ryan O'Hearn,2024,2025,127,within_input_season_standardized,B2V Ridge,"safe_ZScore_Contact_t,safe_ZScore_Power_t,safe_ZScore_Discipline_t,safe_ZScore_Defense_t,safe_ZScore_Speed_t",108.7161863371123,0.01
fg:16472,Rhys Hoskins,2024,2025,109,within_input_season_standardized,B2V Ridge,"safe_ZScore_Contact_t,safe_ZScore_Power_t,safe_ZScore_Discipline_t,safe_ZScore_Defense_t,safe_ZScore_Speed_t",99.38826836928583,0.01
fg:16478,Kyle Schwarber,2024,2025,152,within_input_season_standardized,B2V Ridge,"safe_ZScore_Contact_t,safe_ZScore_Power_t,safe_ZScore_Discipline_t,safe_ZScore_Defense_t,safe_ZScore_Speed_t",129.31081540966596,0.01
fg:16505,Matt Chapman,2024,2025,118,within_input_season_standardized,B2V Ridge,"safe_ZScore_Contact_t,safe_ZScore_Power_t,safe_ZScore_Discipline_t,safe_ZScore_Defense_t,safe_ZScore_Speed_t",120.22605135518648,0.01
fg:16512,Isiah Kiner-Falefa,2024,2025,75,within_input_season_standardized,B2V Ridge,"safe_ZScore_Contact_t,safe_ZScore_Power_t,safe_ZScore_Discipline_t,safe_ZScore_Defense_t,safe_ZScore_Speed_t",88.42068481911112,0.01
fg:16530,Mauricio Dubon,2024,2025,80,within_input_season_standardized,B2V Ridge,"safe_ZScore_Contact_t,safe_ZScore_Power_t,safe_ZScore_Discipline_t,safe_ZScore_Defense_t,safe_ZScore_Speed_t",73.12455298879479,0.01
fg:16535,Danny Jansen,2024,2025,103,within_input_season_standardized,B2V Ridge,"safe_ZScore_Contact_t,safe_ZScore_Power_t,safe_ZScore_Discipline_t,safe_ZScore_Defense_t,safe_ZScore_Speed_t",90.88128466744888,0.01
fg:16556,Ozzie Albies,2024,2025,87,within_input_season_standardized,B2V Ridge,"safe_ZScore_Contact_t,safe_ZScore_Power_t,safe_ZScore_Discipline_t,safe_ZScore_Defense_t,safe_ZScore_Speed_t",93.6045622232024,0.01
fg:16578,Yandy Diaz,2024,2025,135,within_input_season_standardized,B2V Ridge,"safe_ZScore_Contact_t,safe_ZScore_Power_t,safe_ZScore_Discipline_t,safe_ZScore_Defense_t,safe_ZScore_Speed_t",117.82845231134482,0.01
fg:16622,Luis Urias,2024,2025,84,within_input_season_standardized,B2V Ridge,"safe_ZScore_Contact_t,safe_ZScore_Power_t,safe_ZScore_Discipline_t,safe_ZScore_Defense_t,safe_ZScore_Speed_t",87.94789089720517,0.01
fg:16725,Jose Trevino,2024,2025,66,within_input_season_standardized,B2V Ridge,"safe_ZScore_Contact_t,safe_ZScore_Power_t,safe_ZScore_Discipline_t,safe_ZScore_Defense_t,safe_ZScore_Speed_t",89.08522779294321,0.01
fg:16930,Jonah Heim,2024,2025,69,within_input_season_standardized,B2V Ridge,"safe_ZScore_Contact_t,safe_ZScore_Power_t,safe_ZScore_Discipline_t,safe_ZScore_Defense_t,safe_ZScore_Speed_t",83.01642100987878,0.01
fg:16939,Lane Thomas,2024,2025,48,within_input_season_standardized,B2V Ridge,"safe_ZScore_Contact_t,safe_ZScore_Power_t,safe_ZScore_Discipline_t,safe_ZScore_Defense_t,safe_ZScore_Speed_t",103.75098441982392,0.01
fg:16947,Derek Hill,2024,2025,70,within_input_season_standardized,B2V Ridge,"safe_ZScore_Contact_t,safe_ZScore_Power_t,safe_ZScore_Discipline_t,safe_ZScore_Defense_t,safe_ZScore_Speed_t",88.69852425714144,0.01
fg:16997,Gleyber Torres,2024,2025,113,within_input_season_standardized,B2V Ridge,"safe_ZScore_Contact_t,safe_ZScore_Power_t,safe_ZScore_Discipline_t,safe_ZScore_Defense_t,safe_ZScore_Speed_t",94.11320203534108,0.01
fg:17022,Edmundo Sosa,2024,2025,111,within_input_season_standardized,B2V Ridge,"safe_ZScore_Contact_t,safe_ZScore_Power_t,safe_ZScore_Discipline_t,safe_ZScore_Defense_t,safe_ZScore_Speed_t",89.69912518737692,0.01
fg:17027,Alex Verdugo,2024,2025,66,within_input_season_standardized,B2V Ridge,"safe_ZScore_Contact_t,safe_ZScore_Power_t,safe_ZScore_Discipline_t,safe_ZScore_Defense_t,safe_ZScore_Speed_t",94.94871781946915,0.01
fg:17040,Jose Herrera,2024,2025,57,within_input_season_standardized,B2V Ridge,"safe_ZScore_Contact_t,safe_ZScore_Power_t,safe_ZScore_Discipline_t,safe_ZScore_Defense_t,safe_ZScore_Speed_t",75.63345807016768,0.01
fg:17128,Ramon Laureano,2024,2025,138,within_input_season_standardized,B2V Ridge,"safe_ZScore_Contact_t,safe_ZScore_Power_t,safe_ZScore_Discipline_t,safe_ZScore_Defense_t,safe_ZScore_Speed_t",92.53935643084999,0.01
fg:17276,Alex Jackson,2024,2025,111,within_input_season_standardized,B2V Ridge,"safe_ZScore_Contact_t,safe_ZScore_Power_t,safe_ZScore_Discipline_t,safe_ZScore_Defense_t,safe_ZScore_Speed_t",64.74101194464681,0.01
fg:17338,Willi Castro,2024,2025,92,within_input_season_standardized,B2V Ridge,"safe_ZScore_Contact_t,safe_ZScore_Power_t,safe_ZScore_Discipline_t,safe_ZScore_Defense_t,safe_ZScore_Speed_t",87.703878730574,0.01
fg:17350,Rafael Devers,2024,2025,135,within_input_season_standardized,B2V Ridge,"safe_ZScore_Contact_t,safe_ZScore_Power_t,safe_ZScore_Discipline_t,safe_ZScore_Defense_t,safe_ZScore_Speed_t",120.90694955547372,0.01
fg:17548,Taylor Ward,2024,2025,117,within_input_season_standardized,B2V Ridge,"safe_ZScore_Contact_t,safe_ZScore_Power_t,safe_ZScore_Discipline_t,safe_ZScore_Defense_t,safe_ZScore_Speed_t",104.36852643059822,0.01
fg:17678,Alex Bregman,2024,2025,125,within_input_season_standardized,B2V Ridge,"safe_ZScore_Contact_t,safe_ZScore_Power_t,safe_ZScore_Discipline_t,safe_ZScore_Defense_t,safe_ZScore_Speed_t",104.66793646921968,0.01
fg:17696,Kevin Newman,2024,2025,27,within_input_season_standardized,B2V Ridge,"safe_ZScore_Contact_t,safe_ZScore_Power_t,safe_ZScore_Discipline_t,safe_ZScore_Defense_t,safe_ZScore_Speed_t",82.39658722019757,0.01
fg:17901,Andrew Benintendi,2024,2025,103,within_input_season_standardized,B2V Ridge,"safe_ZScore_Contact_t,safe_ZScore_Power_t,safe_ZScore_Discipline_t,safe_ZScore_Defense_t,safe_ZScore_Speed_t",97.73979943643106,0.01
fg:17907,Brendan Rodgers,2024,2025,55,within_input_season_standardized,B2V Ridge,"safe_ZScore_Contact_t,safe_ZScore_Power_t,safe_ZScore_Discipline_t,safe_ZScore_Defense_t,safe_ZScore_Speed_t",94.42999665578938,0.01
fg:17919,Ian Happ,2024,2025,116,within_input_season_standardized,B2V Ridge,"safe_ZScore_Contact_t,safe_ZScore_Power_t,safe_ZScore_Discipline_t,safe_ZScore_Defense_t,safe_ZScore_Speed_t",112.30703711263828,0.01
fg:17929,Cedric Mullins,2024,2025,94,within_input_season_standardized,B2V Ridge,"safe_ZScore_Contact_t,safe_ZScore_Power_t,safe_ZScore_Discipline_t,safe_ZScore_Defense_t,safe_ZScore_Speed_t",95.96763483775901,0.01
fg:17982,Ty France,2024,2025,92,within_input_season_standardized,B2V Ridge,"safe_ZScore_Contact_t,safe_ZScore_Power_t,safe_ZScore_Discipline_t,safe_ZScore_Defense_t,safe_ZScore_Speed_t",90.18195901451449,0.01
fg:17988,Tyler Stephenson,2024,2025,99,within_input_season_standardized,B2V Ridge,"safe_ZScore_Contact_t,safe_ZScore_Power_t,safe_ZScore_Discipline_t,safe_ZScore_Defense_t,safe_ZScore_Speed_t",104.48615399586646,0.01
fg:18015,Paul DeJong,2024,2025,76,within_input_season_standardized,B2V Ridge,"safe_ZScore_Contact_t,safe_ZScore_Power_t,safe_ZScore_Discipline_t,safe_ZScore_Defense_t,safe_ZScore_Speed_t",80.3690038290789,0.01
fg:18030,Harrison Bader,2024,2025,122,within_input_season_standardized,B2V Ridge,"safe_ZScore_Contact_t,safe_ZScore_Power_t,safe_ZScore_Discipline_t,safe_ZScore_Defense_t,safe_ZScore_Speed_t",86.11615622744132,0.01
fg:18036,Jake Cronenworth,2024,2025,117,within_input_season_standardized,B2V Ridge,"safe_ZScore_Contact_t,safe_ZScore_Power_t,safe_ZScore_Discipline_t,safe_ZScore_Defense_t,safe_ZScore_Speed_t",104.36505188189165,0.01
fg:18042,Dylan Moore,2024,2025,83,within_input_season_standardized,B2V Ridge,"safe_ZScore_Contact_t,safe_ZScore_Power_t,safe_ZScore_Discipline_t,safe_ZScore_Defense_t,safe_ZScore_Speed_t",97.9579563220549,0.01
fg:18126,LaMonte Wade Jr.,2024,2025,52,within_input_season_standardized,B2V Ridge,"safe_ZScore_Contact_t,safe_ZScore_Power_t,safe_ZScore_Discipline_t,safe_ZScore_Defense_t,safe_ZScore_Speed_t",107.87040028315272,0.01
fg:18314,Dansby Swanson,2024,2025,99,within_input_season_standardized,B2V Ridge,"safe_ZScore_Contact_t,safe_ZScore_Power_t,safe_ZScore_Discipline_t,safe_ZScore_Defense_t,safe_ZScore_Speed_t",95.71436252581337,0.01
fg:18345,Kyle Tucker,2024,2025,136,within_input_season_standardized,B2V Ridge,"safe_ZScore_Contact_t,safe_ZScore_Power_t,safe_ZScore_Discipline_t,safe_ZScore_Defense_t,safe_ZScore_Speed_t",134.22936247120055,0.01
fg:18360,Austin Riley,2024,2025,103,within_input_season_standardized,B2V Ridge,"safe_ZScore_Contact_t,safe_ZScore_Power_t,safe_ZScore_Discipline_t,safe_ZScore_Defense_t,safe_ZScore_Speed_t",112.97327170105939,0.01
fg:18363,Victor Robles,2024,2025,75,within_input_season_standardized,B2V Ridge,"safe_ZScore_Contact_t,safe_ZScore_Power_t,safe_ZScore_Discipline_t,safe_ZScore_Defense_t,safe_ZScore_Speed_t",96.31854860687409,0.01
fg:18373,Ryan Mountcastle,2024,2025,81,within_input_season_standardized,B2V Ridge,"safe_ZScore_Contact_t,safe_ZScore_Power_t,safe_ZScore_Discipline_t,safe_ZScore_Defense_t,safe_ZScore_Speed_t",95.76158993384271,0.01
fg:18401,Ronald Acuna Jr.,2024,2025,161,within_input_season_standardized,B2V Ridge,"safe_ZScore_Contact_t,safe_ZScore_Power_t,safe_ZScore_Discipline_t,safe_ZScore_Defense_t,safe_ZScore_Speed_t",108.60182682233534,0.01
fg:18564,Trent Grisham,2024,2025,129,within_input_season_standardized,B2V Ridge,"safe_ZScore_Contact_t,safe_ZScore_Power_t,safe_ZScore_Discipline_t,safe_ZScore_Defense_t,safe_ZScore_Speed_t",100.40481847662629,0.01
fg:18568,Luis Arraez,2024,2025,104,within_input_season_standardized,B2V Ridge,"safe_ZScore_Contact_t,safe_ZScore_Power_t,safe_ZScore_Discipline_t,safe_ZScore_Defense_t,safe_ZScore_Speed_t",102.06177323505341,0.01
fg:18577,Ke'Bryan Hayes,2024,2025,65,within_input_season_standardized,B2V Ridge,"safe_ZScore_Contact_t,safe_ZScore_Power_t,safe_ZScore_Discipline_t,safe_ZScore_Defense_t,safe_ZScore_Speed_t",87.80284197809962,0.01
fg:18795,Ramon Urias,2024,2025,87,within_input_season_standardized,B2V Ridge,"safe_ZScore_Contact_t,safe_ZScore_Power_t,safe_ZScore_Discipline_t,safe_ZScore_Defense_t,safe_ZScore_Speed_t",97.90035300136296,0.01
fg:18819,Andy Ibanez,2024,2025,84,within_input_season_standardized,B2V Ridge,"safe_ZScore_Contact_t,safe_ZScore_Power_t,safe_ZScore_Discipline_t,safe_ZScore_Defense_t,safe_ZScore_Speed_t",76.90522920214339,0.01
fg:18839,Josh Naylor,2024,2025,128,within_input_season_standardized,B2V Ridge,"safe_ZScore_Contact_t,safe_ZScore_Power_t,safe_ZScore_Discipline_t,safe_ZScore_Defense_t,safe_ZScore_Speed_t",106.72403015573913,0.01
fg:18882,Brandon Lowe,2024,2025,114,within_input_season_standardized,B2V Ridge,"safe_ZScore_Contact_t,safe_ZScore_Power_t,safe_ZScore_Discipline_t,safe_ZScore_Defense_t,safe_ZScore_Speed_t",101.75703949288692,0.01
fg:18900,Leody Taveras,2024,2025,47,within_input_season_standardized,B2V Ridge,"safe_ZScore_Contact_t,safe_ZScore_Power_t,safe_ZScore_Discipline_t,safe_ZScore_Defense_t,safe_ZScore_Speed_t",90.1169415567774,0.01
fg:19238,Lourdes Gurriel Jr.,2024,2025,95,within_input_season_standardized,B2V Ridge,"safe_ZScore_Contact_t,safe_ZScore_Power_t,safe_ZScore_Discipline_t,safe_ZScore_Defense_t,safe_ZScore_Speed_t",99.08323606017224,0.01
fg:19251,Pete Alonso,2024,2025,141,within_input_season_standardized,B2V Ridge,"safe_ZScore_Contact_t,safe_ZScore_Power_t,safe_ZScore_Discipline_t,safe_ZScore_Defense_t,safe_ZScore_Speed_t",115.81495208707972,0.01
fg:19260,Jake Fraley,2024,2025,97,within_input_season_standardized,B2V Ridge,"safe_ZScore_Contact_t,safe_ZScore_Power_t,safe_ZScore_Discipline_t,safe_ZScore_Defense_t,safe_ZScore_Speed_t",80.56519769211646,0.01
fg:19287,Adolis Garcia,2024,2025,83,within_input_season_standardized,B2V Ridge,"safe_ZScore_Contact_t,safe_ZScore_Power_t,safe_ZScore_Discipline_t,safe_ZScore_Defense_t,safe_ZScore_Speed_t",97.35814611824581,0.01
fg:19290,Randy Arozarena,2024,2025,120,within_input_season_standardized,B2V Ridge,"safe_ZScore_Contact_t,safe_ZScore_Power_t,safe_ZScore_Discipline_t,safe_ZScore_Defense_t,safe_ZScore_Speed_t",101.25517669152745,0.01
fg:19296,Alex Call,2024,2025,113,within_input_season_standardized,B2V Ridge,"safe_ZScore_Contact_t,safe_ZScore_Power_t,safe_ZScore_Discipline_t,safe_ZScore_Defense_t,safe_ZScore_Speed_t",103.34915412371657,0.01
fg:19318,Matt Thaiss,2024,2025,89,within_input_season_standardized,B2V Ridge,"safe_ZScore_Contact_t,safe_ZScore_Power_t,safe_ZScore_Discipline_t,safe_ZScore_Defense_t,safe_ZScore_Speed_t",80.52707595496277,0.01
fg:19326,Bryan Reynolds,2024,2025,99,within_input_season_standardized,B2V Ridge,"safe_ZScore_Contact_t,safe_ZScore_Power_t,safe_ZScore_Discipline_t,safe_ZScore_Defense_t,safe_ZScore_Speed_t",109.62369092473489,0.01
fg:19352,Sean Murphy,2024,2025,97,within_input_season_standardized,B2V Ridge,"safe_ZScore_Contact_t,safe_ZScore_Power_t,safe_ZScore_Discipline_t,safe_ZScore_Defense_t,safe_ZScore_Speed_t",91.17008113527228,0.01
fg:19354,Luke Raley,2024,2025,91,within_input_season_standardized,B2V Ridge,"safe_ZScore_Contact_t,safe_ZScore_Power_t,safe_ZScore_Discipline_t,safe_ZScore_Defense_t,safe_ZScore_Speed_t",101.85478551323385,0.01
fg:19363,Austin Hays,2024,2025,105,within_input_season_standardized,B2V Ridge,"safe_ZScore_Contact_t,safe_ZScore_Power_t,safe_ZScore_Discipline_t,safe_ZScore_Defense_t,safe_ZScore_Speed_t",83.36504654023612,0.01
fg:19392,Zach McKinstry,2024,2025,114,within_input_season_standardized,B2V Ridge,"safe_ZScore_Contact_t,safe_ZScore_Power_t,safe_ZScore_Discipline_t,safe_ZScore_Defense_t,safe_ZScore_Speed_t",89.02865728947243,0.01
fg:19452,Jake Rogers,2024,2025,70,within_input_season_standardized,B2V Ridge,"safe_ZScore_Contact_t,safe_ZScore_Power_t,safe_ZScore_Discipline_t,safe_ZScore_Defense_t,safe_ZScore_Speed_t",78.27992413500095,0.01
fg:19455,Andruw Monasterio,2024,2025,111,within_input_season_standardized,B2V Ridge,"safe_ZScore_Contact_t,safe_ZScore_Power_t,safe_ZScore_Discipline_t,safe_ZScore_Defense_t,safe_ZScore_Speed_t",87.50393368801149,0.01
fg:19470,Tommy Edman,2024,2025,81,within_input_season_standardized,B2V Ridge,"safe_ZScore_Contact_t,safe_ZScore_Power_t,safe_ZScore_Discipline_t,safe_ZScore_Defense_t,safe_ZScore_Speed_t",92.79261603311637,0.01
fg:19522,TJ Friedl,2024,2025,109,within_input_season_standardized,B2V Ridge,"safe_ZScore_Contact_t,safe_ZScore_Power_t,safe_ZScore_Discipline_t,safe_ZScore_Defense_t,safe_ZScore_Speed_t",97.88759123337412,0.01
fg:19556,Yordan Alvarez,2024,2025,118,within_input_season_standardized,B2V Ridge,"safe_ZScore_Contact_t,safe_ZScore_Power_t,safe_ZScore_Discipline_t,safe_ZScore_Defense_t,safe_ZScore_Speed_t",137.98573163230043,0.01
fg:19566,Nathaniel Lowe,2024,2025,91,within_input_season_standardized,B2V Ridge,"safe_ZScore_Contact_t,safe_ZScore_Power_t,safe_ZScore_Discipline_t,safe_ZScore_Defense_t,safe_ZScore_Speed_t",104.52524430558978,0.01
fg:19599,Chas McCormick,2024,2025,62,within_input_season_standardized,B2V Ridge,"safe_ZScore_Contact_t,safe_ZScore_Power_t,safe_ZScore_Discipline_t,safe_ZScore_Defense_t,safe_ZScore_Speed_t",74.6717929460857,0.01
fg:19608,Otto Lopez,2024,2025,86,within_input_season_standardized,B2V Ridge,"safe_ZScore_Contact_t,safe_ZScore_Power_t,safe_ZScore_Discipline_t,safe_ZScore_Defense_t,safe_ZScore_Speed_t",90.3267722084189,0.01
fg:19610,Keibert Ruiz,2024,2025,65,within_input_season_standardized,B2V Ridge,"safe_ZScore_Contact_t,safe_ZScore_Power_t,safe_ZScore_Discipline_t,safe_ZScore_Defense_t,safe_ZScore_Speed_t",83.02322847720296,0.01
fg:19611,Vladimir Guerrero Jr.,2024,2025,137,within_input_season_standardized,B2V Ridge,"safe_ZScore_Contact_t,safe_ZScore_Power_t,safe_ZScore_Discipline_t,safe_ZScore_Defense_t,safe_ZScore_Speed_t",137.0528755275151,0.01
fg:19612,Bo Bichette,2024,2025,134,within_input_season_standardized,B2V Ridge,"safe_ZScore_Contact_t,safe_ZScore_Power_t,safe_ZScore_Discipline_t,safe_ZScore_Defense_t,safe_ZScore_Speed_t",84.6151202232291,0.01
fg:19627,Brent Rooker,2024,2025,122,within_input_season_standardized,B2V Ridge,"safe_ZScore_Contact_t,safe_ZScore_Power_t,safe_ZScore_Discipline_t,safe_ZScore_Defense_t,safe_ZScore_Speed_t",123.06482688794344,0.01
fg:19709,Fernando Tatis Jr.,2024,2025,131,within_input_season_standardized,B2V Ridge,"safe_ZScore_Contact_t,safe_ZScore_Power_t,safe_ZScore_Discipline_t,safe_ZScore_Defense_t,safe_ZScore_Speed_t",122.81437912371044,0.01
fg:19734,Josh Rojas,2024,2025,44,within_input_season_standardized,B2V Ridge,"safe_ZScore_Contact_t,safe_ZScore_Power_t,safe_ZScore_Discipline_t,safe_ZScore_Defense_t,safe_ZScore_Speed_t",84.31090703211136,0.01
fg:19755,Shohei Ohtani,2024,2025,172,within_input_season_standardized,B2V Ridge,"safe_ZScore_Contact_t,safe_ZScore_Power_t,safe_ZScore_Discipline_t,safe_ZScore_Defense_t,safe_ZScore_Speed_t",167.70510222586756,0.01
fg:19844,Abraham Toro,2024,2025,77,within_input_season_standardized,B2V Ridge,"safe_ZScore_Contact_t,safe_ZScore_Power_t,safe_ZScore_Discipline_t,safe_ZScore_Defense_t,safe_ZScore_Speed_t",87.38195464215441,0.01
fg:19858,Luis Rengifo,2024,2025,73,within_input_season_standardized,B2V Ridge,"safe_ZScore_Contact_t,safe_ZScore_Power_t,safe_ZScore_Discipline_t,safe_ZScore_Defense_t,safe_ZScore_Speed_t",92.75858913677419,0.01
fg:19864,Riley Adams,2024,2025,57,within_input_season_standardized,B2V Ridge,"safe_ZScore_Contact_t,safe_ZScore_Power_t,safe_ZScore_Discipline_t,safe_ZScore_Defense_t,safe_ZScore_Speed_t",88.81927955060927,0.01
fg:19890,Emmanuel Rivera,2024,2025,64,within_input_season_standardized,B2V Ridge,"safe_ZScore_Contact_t,safe_ZScore_Power_t,safe_ZScore_Discipline_t,safe_ZScore_Defense_t,safe_ZScore_Speed_t",89.66199017090275,0.01
fg:19892,Pavin Smith,2024,2025,123,within_input_season_standardized,B2V Ridge,"safe_ZScore_Contact_t,safe_ZScore_Power_t,safe_ZScore_Discipline_t,safe_ZScore_Defense_t,safe_ZScore_Speed_t",121.64450911433673,0.01
fg:19896,Connor Wong,2024,2025,39,within_input_season_standardized,B2V Ridge,"safe_ZScore_Contact_t,safe_ZScore_Power_t,safe_ZScore_Discipline_t,safe_ZScore_Defense_t,safe_ZScore_Speed_t",90.43524440367644,0.01
fg:19901,Gavin Sheets,2024,2025,111,within_input_season_standardized,B2V Ridge,"safe_ZScore_Contact_t,safe_ZScore_Power_t,safe_ZScore_Discipline_t,safe_ZScore_Defense_t,safe_ZScore_Speed_t",88.37461400334944,0.01
fg:19913,Jesus Sanchez,2024,2025,93,within_input_season_standardized,B2V Ridge,"safe_ZScore_Contact_t,safe_ZScore_Power_t,safe_ZScore_Discipline_t,safe_ZScore_Defense_t,safe_ZScore_Speed_t",106.45411751874752,0.01
fg:19918,Daulton Varsho,2024,2025,123,within_input_season_standardized,B2V Ridge,"safe_ZScore_Contact_t,safe_ZScore_Power_t,safe_ZScore_Discipline_t,safe_ZScore_Defense_t,safe_ZScore_Speed_t",86.60716905935993,0.01
fg:19921,Blake Perkins,2024,2025,83,within_input_season_standardized,B2V Ridge,"safe_ZScore_Contact_t,safe_ZScore_Power_t,safe_ZScore_Discipline_t,safe_ZScore_Defense_t,safe_ZScore_Speed_t",86.45283161480965,0.01
fg:19950,Andres Gimenez,2024,2025,70,within_input_season_standardized,B2V Ridge,"safe_ZScore_Contact_t,safe_ZScore_Power_t,safe_ZScore_Discipline_t,safe_ZScore_Defense_t,safe_ZScore_Speed_t",75.99701345108063,0.01
fg:19953,Josh Lowe,2024,2025,79,within_input_season_standardized,B2V Ridge,"safe_ZScore_Contact_t,safe_ZScore_Power_t,safe_ZScore_Discipline_t,safe_ZScore_Defense_t,safe_ZScore_Speed_t",95.17897643778483,0.01
fg:19955,Gavin Lux,2024,2025,102,within_input_season_standardized,B2V Ridge,"safe_ZScore_Contact_t,safe_ZScore_Power_t,safe_ZScore_Discipline_t,safe_ZScore_Defense_t,safe_ZScore_Speed_t",98.3459737832629,0.01
fg:19956,Mickey Moniak,2024,2025,110,within_input_season_standardized,B2V Ridge,"safe_ZScore_Contact_t,safe_ZScore_Power_t,safe_ZScore_Discipline_t,safe_ZScore_Defense_t,safe_ZScore_Speed_t",81.03154151049613,0.01
fg:19997,Santiago Espinal,2024,2025,58,within_input_season_standardized,B2V Ridge,"safe_ZScore_Contact_t,safe_ZScore_Power_t,safe_ZScore_Discipline_t,safe_ZScore_Defense_t,safe_ZScore_Speed_t",86.97583492747967,0.01
fg:20017,Miles Mastrobuoni,2024,2025,85,within_input_season_standardized,B2V Ridge,"safe_ZScore_Contact_t,safe_ZScore_Power_t,safe_ZScore_Discipline_t,safe_ZScore_Defense_t,safe_ZScore_Speed_t",84.44025200994261,0.01
fg:20036,Isaac Paredes,2024,2025,128,within_input_season_standardized,B2V Ridge,"safe_ZScore_Contact_t,safe_ZScore_Power_t,safe_ZScore_Discipline_t,safe_ZScore_Defense_t,safe_ZScore_Speed_t",90.62769915238307,0.01
fg:20043,Luis Robert Jr.,2024,2025,84,within_input_season_standardized,B2V Ridge,"safe_ZScore_Contact_t,safe_ZScore_Power_t,safe_ZScore_Discipline_t,safe_ZScore_Defense_t,safe_ZScore_Speed_t",86.62347321432001,0.01
fg:20123,Juan Soto,2024,2025,156,within_input_season_standardized,B2V Ridge,"safe_ZScore_Contact_t,safe_ZScore_Power_t,safe_ZScore_Discipline_t,safe_ZScore_Defense_t,safe_ZScore_Speed_t",154.90742523591643,0.01
fg:20126,Dylan Carlson,2024,2025,74,within_input_season_standardized,B2V Ridge,"safe_ZScore_Contact_t,safe_ZScore_Power_t,safe_ZScore_Discipline_t,safe_ZScore_Defense_t,safe_ZScore_Speed_t",71.3549715544138,0.01
fg:20178,Miguel Vargas,2024,2025,101,within_input_season_standardized,B2V Ridge,"safe_ZScore_Contact_t,safe_ZScore_Power_t,safe_ZScore_Discipline_t,safe_ZScore_Defense_t,safe_ZScore_Speed_t",81.55929014228568,0.01
fg:20202,Brandon Marsh,2024,2025,116,within_input_season_standardized,B2V Ridge,"safe_ZScore_Contact_t,safe_ZScore_Power_t,safe_ZScore_Discipline_t,safe_ZScore_Defense_t,safe_ZScore_Speed_t",108.0935484765363,0.01
fg:20220,Jo Adell,2024,2025,112,within_input_season_standardized,B2V Ridge,"safe_ZScore_Contact_t,safe_ZScore_Power_t,safe_ZScore_Discipline_t,safe_ZScore_Defense_t,safe_ZScore_Speed_t",96.93051351400554,0.01
fg:20287,Ben Rortvedt,2024,2025,31,within_input_season_standardized,B2V Ridge,"safe_ZScore_Contact_t,safe_ZScore_Power_t,safe_ZScore_Discipline_t,safe_ZScore_Defense_t,safe_ZScore_Speed_t",75.204145658636,0.01
fg:20308,Jake Meyers,2024,2025,107,within_input_season_standardized,B2V Ridge,"safe_ZScore_Contact_t,safe_ZScore_Power_t,safe_ZScore_Discipline_t,safe_ZScore_Defense_t,safe_ZScore_Speed_t",86.50189733616514,0.01
fg:20352,Ernie Clement,2024,2025,98,within_input_season_standardized,B2V Ridge,"safe_ZScore_Contact_t,safe_ZScore_Power_t,safe_ZScore_Discipline_t,safe_ZScore_Defense_t,safe_ZScore_Speed_t",83.7128200943857,0.01
fg:20437,Royce Lewis,2024,2025,85,within_input_season_standardized,B2V Ridge,"safe_ZScore_Contact_t,safe_ZScore_Power_t,safe_ZScore_Discipline_t,safe_ZScore_Defense_t,safe_ZScore_Speed_t",95.83883421983109,0.01
fg:20454,Jazz Chisholm Jr.,2024,2025,126,within_input_season_standardized,B2V Ridge,"safe_ZScore_Contact_t,safe_ZScore_Power_t,safe_ZScore_Discipline_t,safe_ZScore_Defense_t,safe_ZScore_Speed_t",105.74347160434075,0.01
fg:20503,William Contreras,2024,2025,113,within_input_season_standardized,B2V Ridge,"safe_ZScore_Contact_t,safe_ZScore_Power_t,safe_ZScore_Discipline_t,safe_ZScore_Defense_t,safe_ZScore_Speed_t",118.75534415898395,0.01
fg:20529,Nolan Jones,2024,2025,72,within_input_season_standardized,B2V Ridge,"safe_ZScore_Contact_t,safe_ZScore_Power_t,safe_ZScore_Discipline_t,safe_ZScore_Defense_t,safe_ZScore_Speed_t",92.14034488971598,0.01
fg:20572,Kody Clemens,2024,2025,95,within_input_season_standardized,B2V Ridge,"safe_ZScore_Contact_t,safe_ZScore_Power_t,safe_ZScore_Discipline_t,safe_ZScore_Defense_t,safe_ZScore_Speed_t",91.08304003874979,0.01
fg:20599,Ivan Herrera,2024,2025,137,within_input_season_standardized,B2V Ridge,"safe_ZScore_Contact_t,safe_ZScore_Power_t,safe_ZScore_Discipline_t,safe_ZScore_Defense_t,safe_ZScore_Speed_t",109.48164420685885,0.01
fg:21454,Lars Nootbaar,2024,2025,96,within_input_season_standardized,B2V Ridge,"safe_ZScore_Contact_t,safe_ZScore_Power_t,safe_ZScore_Discipline_t,safe_ZScore_Defense_t,safe_ZScore_Speed_t",123.03267990301823,0.01
fg:21479,Nico Hoerner,2024,2025,109,within_input_season_standardized,B2V Ridge,"safe_ZScore_Contact_t,safe_ZScore_Power_t,safe_ZScore_Discipline_t,safe_ZScore_Defense_t,safe_ZScore_Speed_t",97.17156920007486,0.01
fg:21501,Trevor Larnach,2024,2025,102,within_input_season_standardized,B2V Ridge,"safe_ZScore_Contact_t,safe_ZScore_Power_t,safe_ZScore_Discipline_t,safe_ZScore_Defense_t,safe_ZScore_Speed_t",108.17449800954937,0.01
fg:21523,Jonathan India,2024,2025,89,within_input_season_standardized,B2V Ridge,"safe_ZScore_Contact_t,safe_ZScore_Power_t,safe_ZScore_Discipline_t,safe_ZScore_Defense_t,safe_ZScore_Speed_t",108.59926577698273,0.01
fg:21524,Joey Bart,2024,2025,101,within_input_season_standardized,B2V Ridge,"safe_ZScore_Contact_t,safe_ZScore_Power_t,safe_ZScore_Discipline_t,safe_ZScore_Defense_t,safe_ZScore_Speed_t",103.24228313545377,0.01
fg:21534,Cal Raleigh,2024,2025,161,within_input_season_standardized,B2V Ridge,"safe_ZScore_Contact_t,safe_ZScore_Power_t,safe_ZScore_Discipline_t,safe_ZScore_Defense_t,safe_ZScore_Speed_t",98.05083693732426,0.01
fg:21538,Nick Fortes,2024,2025,80,within_input_season_standardized,B2V Ridge,"safe_ZScore_Contact_t,safe_ZScore_Power_t,safe_ZScore_Discipline_t,safe_ZScore_Defense_t,safe_ZScore_Speed_t",72.9873725658704,0.01
fg:21558,Matt Vierling,2024,2025,76,within_input_season_standardized,B2V Ridge,"safe_ZScore_Contact_t,safe_ZScore_Power_t,safe_ZScore_Discipline_t,safe_ZScore_Defense_t,safe_ZScore_Speed_t",107.87557196643904,0.01
fg:21562,Romy Gonzalez,2024,2025,123,within_input_season_standardized,B2V Ridge,"safe_ZScore_Contact_t,safe_ZScore_Power_t,safe_ZScore_Discipline_t,safe_ZScore_Defense_t,safe_ZScore_Speed_t",98.70764996997455,0.01
fg:21614,Kyle Isbel,2024,2025,79,within_input_season_standardized,B2V Ridge,"safe_ZScore_Contact_t,safe_ZScore_Power_t,safe_ZScore_Discipline_t,safe_ZScore_Defense_t,safe_ZScore_Speed_t",93.66300748244184,0.01
fg:21618,Alec Bohm,2024,2025,105,within_input_season_standardized,B2V Ridge,"safe_ZScore_Contact_t,safe_ZScore_Power_t,safe_ZScore_Discipline_t,safe_ZScore_Defense_t,safe_ZScore_Speed_t",105.46184410946681,0.01
fg:21622,Jake McCarthy,2024,2025,60,within_input_season_standardized,B2V Ridge,"safe_ZScore_Contact_t,safe_ZScore_Power_t,safe_ZScore_Discipline_t,safe_ZScore_Defense_t,safe_ZScore_Speed_t",90.41500960685136,0.01
fg:21636,Jeremy Pena,2024,2025,135,within_input_season_standardized,B2V Ridge,"safe_ZScore_Contact_t,safe_ZScore_Power_t,safe_ZScore_Discipline_t,safe_ZScore_Defense_t,safe_ZScore_Speed_t",91.47203718469355,0.01
fg:21693,Miguel Amaya,2024,2025,124,within_input_season_standardized,B2V Ridge,"safe_ZScore_Contact_t,safe_ZScore_Power_t,safe_ZScore_Discipline_t,safe_ZScore_Defense_t,safe_ZScore_Speed_t",85.37902456490701,0.01
fg:21707,Oswaldo Cabrera,2024,2025,83,within_input_season_standardized,B2V Ridge,"safe_ZScore_Contact_t,safe_ZScore_Power_t,safe_ZScore_Discipline_t,safe_ZScore_Defense_t,safe_ZScore_Speed_t",88.3643263123087,0.01
fg:21711,Oneil Cruz,2024,2025,86,within_input_season_standardized,B2V Ridge,"safe_ZScore_Contact_t,safe_ZScore_Power_t,safe_ZScore_Discipline_t,safe_ZScore_Defense_t,safe_ZScore_Speed_t",123.46560030561166,0.01
fg:21716,Enmanuel Valdez,2024,2025,82,within_input_season_standardized,B2V Ridge,"safe_ZScore_Contact_t,safe_ZScore_Power_t,safe_ZScore_Discipline_t,safe_ZScore_Defense_t,safe_ZScore_Speed_t",96.19837184108259,0.01
fg:21837,Jonathan Aranda,2024,2025,146,within_input_season_standardized,B2V Ridge,"safe_ZScore_Contact_t,safe_ZScore_Power_t,safe_ZScore_Discipline_t,safe_ZScore_Defense_t,safe_ZScore_Speed_t",109.49887995876071,0.01
fg:21840,Freddy Fermin,2024,2025,77,within_input_season_standardized,B2V Ridge,"safe_ZScore_Contact_t,safe_ZScore_Power_t,safe_ZScore_Discipline_t,safe_ZScore_Defense_t,safe_ZScore_Speed_t",82.57037713787817,0.01
fg:21853,Will Benson,2024,2025,85,within_input_season_standardized,B2V Ridge,"safe_ZScore_Contact_t,safe_ZScore_Power_t,safe_ZScore_Discipline_t,safe_ZScore_Defense_t,safe_ZScore_Speed_t",86.21520877219328,0.01
fg:21865,Bo Naylor,2024,2025,85,within_input_season_standardized,B2V Ridge,"safe_ZScore_Contact_t,safe_ZScore_Power_t,safe_ZScore_Discipline_t,safe_ZScore_Defense_t,safe_ZScore_Speed_t",79.52273874545114,0.01
fg:21897,Christopher Morel,2024,2025,90,within_input_season_standardized,B2V Ridge,"safe_ZScore_Contact_t,safe_ZScore_Power_t,safe_ZScore_Discipline_t,safe_ZScore_Defense_t,safe_ZScore_Speed_t",91.00893680173198,0.01
fg:22054,Dane Myers,2024,2025,72,within_input_season_standardized,B2V Ridge,"safe_ZScore_Contact_t,safe_ZScore_Power_t,safe_ZScore_Discipline_t,safe_ZScore_Defense_t,safe_ZScore_Speed_t",95.75741109932162,0.01
fg:22184,Mark Vientos,2024,2025,97,within_input_season_standardized,B2V Ridge,"safe_ZScore_Contact_t,safe_ZScore_Power_t,safe_ZScore_Discipline_t,safe_ZScore_Defense_t,safe_ZScore_Speed_t",107.62179123097899,0.01
fg:22186,Brice Turang,2024,2025,124,within_input_season_standardized,B2V Ridge,"safe_ZScore_Contact_t,safe_ZScore_Power_t,safe_ZScore_Discipline_t,safe_ZScore_Defense_t,safe_ZScore_Speed_t",96.55369699335407,0.01
fg:22244,Jack Suwinski,2024,2025,55,within_input_season_standardized,B2V Ridge,"safe_ZScore_Contact_t,safe_ZScore_Power_t,safe_ZScore_Discipline_t,safe_ZScore_Defense_t,safe_ZScore_Speed_t",95.16822695857334,0.01
fg:22263,Nolan Gorman,2024,2025,88,within_input_season_standardized,B2V Ridge,"safe_ZScore_Contact_t,safe_ZScore_Power_t,safe_ZScore_Discipline_t,safe_ZScore_Defense_t,safe_ZScore_Speed_t",88.29175355893022,0.01
fg:22266,Xavier Edwards,2024,2025,95,within_input_season_standardized,B2V Ridge,"safe_ZScore_Contact_t,safe_ZScore_Power_t,safe_ZScore_Discipline_t,safe_ZScore_Defense_t,safe_ZScore_Speed_t",97.54767888881288,0.01
fg:22275,Jake Burger,2024,2025,89,within_input_season_standardized,B2V Ridge,"safe_ZScore_Contact_t,safe_ZScore_Power_t,safe_ZScore_Discipline_t,safe_ZScore_Defense_t,safe_ZScore_Speed_t",104.04905021564065,0.01
fg:22277,Nick Allen,2024,2025,53,within_input_season_standardized,B2V Ridge,"safe_ZScore_Contact_t,safe_ZScore_Power_t,safe_ZScore_Discipline_t,safe_ZScore_Defense_t,safe_ZScore_Speed_t",69.63566333764189,0.01
fg:22458,Taylor Walls,2024,2025,66,within_input_season_standardized,B2V Ridge,"safe_ZScore_Contact_t,safe_ZScore_Power_t,safe_ZScore_Discipline_t,safe_ZScore_Defense_t,safe_ZScore_Speed_t",74.56745255980721,0.01
fg:22514,Triston Casas,2024,2025,56,within_input_season_standardized,B2V Ridge,"safe_ZScore_Contact_t,safe_ZScore_Power_t,safe_ZScore_Discipline_t,safe_ZScore_Defense_t,safe_ZScore_Speed_t",104.35358426602856,0.01
fg:22515,Heliot Ramos,2024,2025,106,within_input_season_standardized,B2V Ridge,"safe_ZScore_Contact_t,safe_ZScore_Power_t,safe_ZScore_Discipline_t,safe_ZScore_Defense_t,safe_ZScore_Speed_t",108.15920300901718,0.01
fg:22532,Tyler Freeman,2024,2025,91,within_input_season_standardized,B2V Ridge,"safe_ZScore_Contact_t,safe_ZScore_Power_t,safe_ZScore_Discipline_t,safe_ZScore_Defense_t,safe_ZScore_Speed_t",91.24324164541733,0.01
fg:22542,Lawrence Butler,2024,2025,96,within_input_season_standardized,B2V Ridge,"safe_ZScore_Contact_t,safe_ZScore_Power_t,safe_ZScore_Discipline_t,safe_ZScore_Defense_t,safe_ZScore_Speed_t",116.42695759583127,0.01
fg:22563,Gabriel Arias,2024,2025,77,within_input_season_standardized,B2V Ridge,"safe_ZScore_Contact_t,safe_ZScore_Power_t,safe_ZScore_Discipline_t,safe_ZScore_Defense_t,safe_ZScore_Speed_t",77.06054787299169,0.01
fg:22581,Alejandro Kirk,2024,2025,116,within_input_season_standardized,B2V Ridge,"safe_ZScore_Contact_t,safe_ZScore_Power_t,safe_ZScore_Discipline_t,safe_ZScore_Defense_t,safe_ZScore_Speed_t",93.23187981638739,0.01
fg:22664,Gabriel Moreno,2024,2025,117,within_input_season_standardized,B2V Ridge,"safe_ZScore_Contact_t,safe_ZScore_Power_t,safe_ZScore_Discipline_t,safe_ZScore_Defense_t,safe_ZScore_Speed_t",104.3832259378641,0.01
fg:22715,Maikel Garcia,2024,2025,121,within_input_season_standardized,B2V Ridge,"safe_ZScore_Contact_t,safe_ZScore_Power_t,safe_ZScore_Discipline_t,safe_ZScore_Defense_t,safe_ZScore_Speed_t",104.4563766234626,0.01
fg:22799,Geraldo Perdomo,2024,2025,138,within_input_season_standardized,B2V Ridge,"safe_ZScore_Contact_t,safe_ZScore_Power_t,safe_ZScore_Discipline_t,safe_ZScore_Defense_t,safe_ZScore_Speed_t",100.48472608965868,0.01
fg:22857,Wenceel Perez,2024,2025,103,within_input_season_standardized,B2V Ridge,"safe_ZScore_Contact_t,safe_ZScore_Power_t,safe_ZScore_Discipline_t,safe_ZScore_Defense_t,safe_ZScore_Speed_t",90.47599278025831,0.01
fg:22896,Lenyn Sosa,2024,2025,100,within_input_season_standardized,B2V Ridge,"safe_ZScore_Contact_t,safe_ZScore_Power_t,safe_ZScore_Discipline_t,safe_ZScore_Defense_t,safe_ZScore_Speed_t",88.74021317572819,0.01
fg:23003,Yainer Diaz,2024,2025,92,within_input_season_standardized,B2V Ridge,"safe_ZScore_Contact_t,safe_ZScore_Power_t,safe_ZScore_Discipline_t,safe_ZScore_Defense_t,safe_ZScore_Speed_t",96.7871230173837,0.01
fg:23401,Jose Caballero,2024,2025,97,within_input_season_standardized,B2V Ridge,"safe_ZScore_Contact_t,safe_ZScore_Power_t,safe_ZScore_Discipline_t,safe_ZScore_Defense_t,safe_ZScore_Speed_t",71.94688293333623,0.01
fg:23565,Davis Schneider,2024,2025,127,within_input_season_standardized,B2V Ridge,"safe_ZScore_Contact_t,safe_ZScore_Power_t,safe_ZScore_Discipline_t,safe_ZScore_Defense_t,safe_ZScore_Speed_t",87.96455169687334,0.01
fg:23690,Brayan Rocchio,2024,2025,77,within_input_season_standardized,B2V Ridge,"safe_ZScore_Contact_t,safe_ZScore_Power_t,safe_ZScore_Discipline_t,safe_ZScore_Defense_t,safe_ZScore_Speed_t",74.56953770863,0.01
fg:23691,Jose Tena,2024,2025,88,within_input_season_standardized,B2V Ridge,"safe_ZScore_Contact_t,safe_ZScore_Power_t,safe_ZScore_Discipline_t,safe_ZScore_Defense_t,safe_ZScore_Speed_t",94.08953560903277,0.01
fg:23697,Julio Rodriguez,2024,2025,126,within_input_season_standardized,B2V Ridge,"safe_ZScore_Contact_t,safe_ZScore_Power_t,safe_ZScore_Discipline_t,safe_ZScore_Defense_t,safe_ZScore_Speed_t",99.73304606895238,0.01
fg:23733,Ezequiel Duran,2024,2025,57,within_input_season_standardized,B2V Ridge,"safe_ZScore_Contact_t,safe_ZScore_Power_t,safe_ZScore_Discipline_t,safe_ZScore_Defense_t,safe_ZScore_Speed_t",73.63507381738555,0.01
fg:23772,Wilyer Abreu,2024,2025,110,within_input_season_standardized,B2V Ridge,"safe_ZScore_Contact_t,safe_ZScore_Power_t,safe_ZScore_Discipline_t,safe_ZScore_Defense_t,safe_ZScore_Speed_t",104.15078836565385,0.01
fg:23789,Blaze Alexander,2024,2025,99,within_input_season_standardized,B2V Ridge,"safe_ZScore_Contact_t,safe_ZScore_Power_t,safe_ZScore_Discipline_t,safe_ZScore_Defense_t,safe_ZScore_Speed_t",82.99801395720644,0.01
fg:23792,Alek Thomas,2024,2025,81,within_input_season_standardized,B2V Ridge,"safe_ZScore_Contact_t,safe_ZScore_Power_t,safe_ZScore_Discipline_t,safe_ZScore_Defense_t,safe_ZScore_Speed_t",102.59985083237905,0.01
fg:23800,Parker Meadows,2024,2025,75,within_input_season_standardized,B2V Ridge,"safe_ZScore_Contact_t,safe_ZScore_Power_t,safe_ZScore_Discipline_t,safe_ZScore_Defense_t,safe_ZScore_Speed_t",91.95167967159429,0.01
fg:2396,Carlos Santana,2024,2025,82,within_input_season_standardized,B2V Ridge,"safe_ZScore_Contact_t,safe_ZScore_Power_t,safe_ZScore_Discipline_t,safe_ZScore_Defense_t,safe_ZScore_Speed_t",104.99303991507264,0.01
fg:23986,Curtis Mead,2024,2025,76,within_input_season_standardized,B2V Ridge,"safe_ZScore_Contact_t,safe_ZScore_Power_t,safe_ZScore_Discipline_t,safe_ZScore_Defense_t,safe_ZScore_Speed_t",83.49686472719642,0.01
fg:24064,Ezequiel Tovar,2024,2025,78,within_input_season_standardized,B2V Ridge,"safe_ZScore_Contact_t,safe_ZScore_Power_t,safe_ZScore_Discipline_t,safe_ZScore_Defense_t,safe_ZScore_Speed_t",78.34217302931934,0.01
fg:24257,Jhonkensy Noel,2024,2025,28,within_input_season_standardized,B2V Ridge,"safe_ZScore_Contact_t,safe_ZScore_Power_t,safe_ZScore_Discipline_t,safe_ZScore_Defense_t,safe_ZScore_Speed_t",95.62936301772093,0.01
fg:24262,Ceddanne Rafaela,2024,2025,91,within_input_season_standardized,B2V Ridge,"safe_ZScore_Contact_t,safe_ZScore_Power_t,safe_ZScore_Discipline_t,safe_ZScore_Defense_t,safe_ZScore_Speed_t",71.06004086490115,0.01
fg:24336,Johan Rojas,2024,2025,58,within_input_season_standardized,B2V Ridge,"safe_ZScore_Contact_t,safe_ZScore_Power_t,safe_ZScore_Discipline_t,safe_ZScore_Defense_t,safe_ZScore_Speed_t",78.76008931480332,0.01
fg:24488,Max Schuemann,2024,2025,62,within_input_season_standardized,B2V Ridge,"safe_ZScore_Contact_t,safe_ZScore_Power_t,safe_ZScore_Discipline_t,safe_ZScore_Defense_t,safe_ZScore_Speed_t",84.93985694690305,0.01
fg:24598,Addison Barger,2024,2025,107,within_input_season_standardized,B2V Ridge,"safe_ZScore_Contact_t,safe_ZScore_Power_t,safe_ZScore_Discipline_t,safe_ZScore_Defense_t,safe_ZScore_Speed_t",89.62703756633722,0.01
fg:24610,Steven Kwan,2024,2025,99,within_input_season_standardized,B2V Ridge,"safe_ZScore_Contact_t,safe_ZScore_Power_t,safe_ZScore_Discipline_t,safe_ZScore_Defense_t,safe_ZScore_Speed_t",107.52462524397761,0.01
fg:24617,Jarren Duran,2024,2025,111,within_input_season_standardized,B2V Ridge,"safe_ZScore_Contact_t,safe_ZScore_Power_t,safe_ZScore_Discipline_t,safe_ZScore_Defense_t,safe_ZScore_Speed_t",116.8873643758938,0.01
fg:24618,Ryan Jeffers,2024,2025,113,within_input_season_standardized,B2V Ridge,"safe_ZScore_Contact_t,safe_ZScore_Power_t,safe_ZScore_Discipline_t,safe_ZScore_Defense_t,safe_ZScore_Speed_t",96.86969685072376,0.01
fg:24679,Brendan Donovan,2024,2025,119,within_input_season_standardized,B2V Ridge,"safe_ZScore_Contact_t,safe_ZScore_Power_t,safe_ZScore_Discipline_t,safe_ZScore_Defense_t,safe_ZScore_Speed_t",103.20566543517758,0.01
fg:24703,Jonah Bride,2024,2025,23,within_input_season_standardized,B2V Ridge,"safe_ZScore_Contact_t,safe_ZScore_Power_t,safe_ZScore_Discipline_t,safe_ZScore_Defense_t,safe_ZScore_Speed_t",101.30109037996952,0.01
fg:24729,Logan O'Hoppe,2024,2025,72,within_input_season_standardized,B2V Ridge,"safe_ZScore_Contact_t,safe_ZScore_Power_t,safe_ZScore_Discipline_t,safe_ZScore_Defense_t,safe_ZScore_Speed_t",89.75780959341634,0.01
fg:24770,James Outman,2024,2025,48,within_input_season_standardized,B2V Ridge,"safe_ZScore_Contact_t,safe_ZScore_Power_t,safe_ZScore_Discipline_t,safe_ZScore_Defense_t,safe_ZScore_Speed_t",77.36957814705065,0.01
fg:24816,Andy Pages,2024,2025,113,within_input_season_standardized,B2V Ridge,"safe_ZScore_Contact_t,safe_ZScore_Power_t,safe_ZScore_Discipline_t,safe_ZScore_Defense_t,safe_ZScore_Speed_t",94.29499202919975,0.01
fg:24934,David Fry,2024,2025,63,within_input_season_standardized,B2V Ridge,"safe_ZScore_Contact_t,safe_ZScore_Power_t,safe_ZScore_Discipline_t,safe_ZScore_Defense_t,safe_ZScore_Speed_t",99.56675283242306,0.01
fg:25180,Daniel Schneemann,2024,2025,79,within_input_season_standardized,B2V Ridge,"safe_ZScore_Contact_t,safe_ZScore_Power_t,safe_ZScore_Discipline_t,safe_ZScore_Defense_t,safe_ZScore_Speed_t",84.12639683927651,0.01
fg:25479,Brenton Doyle,2024,2025,65,within_input_season_standardized,B2V Ridge,"safe_ZScore_Contact_t,safe_ZScore_Power_t,safe_ZScore_Discipline_t,safe_ZScore_Defense_t,safe_ZScore_Speed_t",99.95339217148528,0.01
fg:25493,Joey Ortiz,2024,2025,67,within_input_season_standardized,B2V Ridge,"safe_ZScore_Contact_t,safe_ZScore_Power_t,safe_ZScore_Discipline_t,safe_ZScore_Defense_t,safe_ZScore_Speed_t",100.06081104228481,0.01
fg:25764,Bobby Witt Jr.,2024,2025,130,within_input_season_standardized,B2V Ridge,"safe_ZScore_Contact_t,safe_ZScore_Power_t,safe_ZScore_Discipline_t,safe_ZScore_Defense_t,safe_ZScore_Speed_t",135.02606311511175,0.01
fg:25768,CJ Abrams,2024,2025,107,within_input_season_standardized,B2V Ridge,"safe_ZScore_Contact_t,safe_ZScore_Power_t,safe_ZScore_Discipline_t,safe_ZScore_Defense_t,safe_ZScore_Speed_t",99.23437911622669,0.01
fg:25782,Pedro Pages,2024,2025,77,within_input_season_standardized,B2V Ridge,"safe_ZScore_Contact_t,safe_ZScore_Power_t,safe_ZScore_Discipline_t,safe_ZScore_Defense_t,safe_ZScore_Speed_t",87.02054427749734,0.01
fg:25807,Jared Triolo,2024,2025,86,within_input_season_standardized,B2V Ridge,"safe_ZScore_Contact_t,safe_ZScore_Power_t,safe_ZScore_Discipline_t,safe_ZScore_Defense_t,safe_ZScore_Speed_t",82.1782771437736,0.01
fg:25816,Shea Langeliers,2024,2025,132,within_input_season_standardized,B2V Ridge,"safe_ZScore_Contact_t,safe_ZScore_Power_t,safe_ZScore_Discipline_t,safe_ZScore_Defense_t,safe_ZScore_Speed_t",104.80104560801306,0.01
fg:25845,Michael Toglia,2024,2025,54,within_input_season_standardized,B2V Ridge,"safe_ZScore_Contact_t,safe_ZScore_Power_t,safe_ZScore_Discipline_t,safe_ZScore_Defense_t,safe_ZScore_Speed_t",115.95725287787923,0.01
fg:25878,Corbin Carroll,2024,2025,139,within_input_season_standardized,B2V Ridge,"safe_ZScore_Contact_t,safe_ZScore_Power_t,safe_ZScore_Discipline_t,safe_ZScore_Defense_t,safe_ZScore_Speed_t",117.30090032285655,0.01
fg:25931,Michael Harris II,2024,2025,83,within_input_season_standardized,B2V Ridge,"safe_ZScore_Contact_t,safe_ZScore_Power_t,safe_ZScore_Discipline_t,safe_ZScore_Defense_t,safe_ZScore_Speed_t",99.83840711558368,0.01
fg:25961,Kerry Carpenter,2024,2025,115,within_input_season_standardized,B2V Ridge,"safe_ZScore_Contact_t,safe_ZScore_Power_t,safe_ZScore_Discipline_t,safe_ZScore_Defense_t,safe_ZScore_Speed_t",111.21650464643285,0.01
fg:25976,Riley Greene,2024,2025,121,within_input_season_standardized,B2V Ridge,"safe_ZScore_Contact_t,safe_ZScore_Power_t,safe_ZScore_Discipline_t,safe_ZScore_Defense_t,safe_ZScore_Speed_t",117.11897579052473,0.01
fg:26121,Francisco Alvarez,2024,2025,124,within_input_season_standardized,B2V Ridge,"safe_ZScore_Contact_t,safe_ZScore_Power_t,safe_ZScore_Discipline_t,safe_ZScore_Defense_t,safe_ZScore_Speed_t",92.92585516457187,0.01
fg:26123,Brett Baty,2024,2025,111,within_input_season_standardized,B2V Ridge,"safe_ZScore_Contact_t,safe_ZScore_Power_t,safe_ZScore_Discipline_t,safe_ZScore_Defense_t,safe_ZScore_Speed_t",83.6614816213716,0.01
fg:26151,Kyle Stowers,2024,2025,149,within_input_season_standardized,B2V Ridge,"safe_ZScore_Contact_t,safe_ZScore_Power_t,safe_ZScore_Discipline_t,safe_ZScore_Defense_t,safe_ZScore_Speed_t",82.593240852611,0.01
fg:26197,Andrew Vaughn,2024,2025,99,within_input_season_standardized,B2V Ridge,"safe_ZScore_Contact_t,safe_ZScore_Power_t,safe_ZScore_Discipline_t,safe_ZScore_Defense_t,safe_ZScore_Speed_t",99.02461783159445,0.01
fg:26208,Tyler Fitzgerald,2024,2025,72,within_input_season_standardized,B2V Ridge,"safe_ZScore_Contact_t,safe_ZScore_Power_t,safe_ZScore_Discipline_t,safe_ZScore_Defense_t,safe_ZScore_Speed_t",95.37509191967457,0.01
fg:26224,Darell Hernaiz,2024,2025,65,within_input_season_standardized,B2V Ridge,"safe_ZScore_Contact_t,safe_ZScore_Power_t,safe_ZScore_Discipline_t,safe_ZScore_Defense_t,safe_ZScore_Speed_t",78.1811350144889,0.01
fg:26288,Adley Rutschman,2024,2025,91,within_input_season_standardized,B2V Ridge,"safe_ZScore_Contact_t,safe_ZScore_Power_t,safe_ZScore_Discipline_t,safe_ZScore_Defense_t,safe_ZScore_Speed_t",96.43808465537847,0.01
fg:26289,Gunnar Henderson,2024,2025,120,within_input_season_standardized,B2V Ridge,"safe_ZScore_Contact_t,safe_ZScore_Power_t,safe_ZScore_Discipline_t,safe_ZScore_Defense_t,safe_ZScore_Speed_t",135.16541170055518,0.01
fg:26294,Bryson Stott,2024,2025,100,within_input_season_standardized,B2V Ridge,"safe_ZScore_Contact_t,safe_ZScore_Power_t,safe_ZScore_Discipline_t,safe_ZScore_Defense_t,safe_ZScore_Speed_t",99.31703813996468,0.01
fg:26299,Josh Jung,2024,2025,91,within_input_season_standardized,B2V Ridge,"safe_ZScore_Contact_t,safe_ZScore_Power_t,safe_ZScore_Discipline_t,safe_ZScore_Defense_t,safe_ZScore_Speed_t",88.1099793944796,0.01
fg:26319,Michael Busch,2024,2025,140,within_input_season_standardized,B2V Ridge,"safe_ZScore_Contact_t,safe_ZScore_Power_t,safe_ZScore_Discipline_t,safe_ZScore_Defense_t,safe_ZScore_Speed_t",101.10435723331177,0.01
fg:26323,Spencer Steer,2024,2025,97,within_input_season_standardized,B2V Ridge,"safe_ZScore_Contact_t,safe_ZScore_Power_t,safe_ZScore_Discipline_t,safe_ZScore_Defense_t,safe_ZScore_Speed_t",103.83384994175397,0.01
fg:26368,JJ Bleday,2024,2025,90,within_input_season_standardized,B2V Ridge,"safe_ZScore_Contact_t,safe_ZScore_Power_t,safe_ZScore_Discipline_t,safe_ZScore_Defense_t,safe_ZScore_Speed_t",101.33620849629754,0.01
fg:26396,Josh Smith,2024,2025,100,within_input_season_standardized,B2V Ridge,"safe_ZScore_Contact_t,safe_ZScore_Power_t,safe_ZScore_Discipline_t,safe_ZScore_Defense_t,safe_ZScore_Speed_t",91.23302656320706,0.01
fg:26438,Dominic Canzone,2024,2025,141,within_input_season_standardized,B2V Ridge,"safe_ZScore_Contact_t,safe_ZScore_Power_t,safe_ZScore_Discipline_t,safe_ZScore_Defense_t,safe_ZScore_Speed_t",90.18526037686046,0.01
fg:26466,Matt Wallner,2024,2025,114,within_input_season_standardized,B2V Ridge,"safe_ZScore_Contact_t,safe_ZScore_Power_t,safe_ZScore_Discipline_t,safe_ZScore_Defense_t,safe_ZScore_Speed_t",113.7466838237269,0.01
fg:26467,Luis Matos,2024,2025,91,within_input_season_standardized,B2V Ridge,"safe_ZScore_Contact_t,safe_ZScore_Power_t,safe_ZScore_Discipline_t,safe_ZScore_Defense_t,safe_ZScore_Speed_t",86.26675506193908,0.01
fg:26477,Spencer Horwitz,2024,2025,119,within_input_season_standardized,B2V Ridge,"safe_ZScore_Contact_t,safe_ZScore_Power_t,safe_ZScore_Discipline_t,safe_ZScore_Defense_t,safe_ZScore_Speed_t",101.07387094841441,0.01
fg:26517,Noelvi Marte,2024,2025,101,within_input_season_standardized,B2V Ridge,"safe_ZScore_Contact_t,safe_ZScore_Power_t,safe_ZScore_Discipline_t,safe_ZScore_Defense_t,safe_ZScore_Speed_t",76.2195578543634,0.01
fg:26540,Angel Martinez,2024,2025,74,within_input_season_standardized,B2V Ridge,"safe_ZScore_Contact_t,safe_ZScore_Power_t,safe_ZScore_Discipline_t,safe_ZScore_Defense_t,safe_ZScore_Speed_t",83.72431543541356,0.01
fg:26668,Elly De La Cruz,2024,2025,109,within_input_season_standardized,B2V Ridge,"safe_ZScore_Contact_t,safe_ZScore_Power_t,safe_ZScore_Discipline_t,safe_ZScore_Defense_t,safe_ZScore_Speed_t",115.07626831546858,0.01
fg:27462,Austin Martin,2024,2025,113,within_input_season_standardized,B2V Ridge,"safe_ZScore_Contact_t,safe_ZScore_Power_t,safe_ZScore_Discipline_t,safe_ZScore_Defense_t,safe_ZScore_Speed_t",91.70373406228667,0.01
fg:27465,Spencer Torkelson,2024,2025,118,within_input_season_standardized,B2V Ridge,"safe_ZScore_Contact_t,safe_ZScore_Power_t,safe_ZScore_Discipline_t,safe_ZScore_Defense_t,safe_ZScore_Speed_t",87.53881674266427,0.01
fg:27467,Tyler Soderstrom,2024,2025,125,within_input_season_standardized,B2V Ridge,"safe_ZScore_Contact_t,safe_ZScore_Power_t,safe_ZScore_Discipline_t,safe_ZScore_Defense_t,safe_ZScore_Speed_t",103.863211172473,0.01
fg:27475,Jordan Walker,2024,2025,66,within_input_season_standardized,B2V Ridge,"safe_ZScore_Contact_t,safe_ZScore_Power_t,safe_ZScore_Discipline_t,safe_ZScore_Defense_t,safe_ZScore_Speed_t",92.63458109746429,0.01
fg:27478,Patrick Bailey,2024,2025,70,within_input_season_standardized,B2V Ridge,"safe_ZScore_Contact_t,safe_ZScore_Power_t,safe_ZScore_Discipline_t,safe_ZScore_Defense_t,safe_ZScore_Speed_t",84.752418323833,0.01
fg:27479,Masyn Winn,2024,2025,91,within_input_season_standardized,B2V Ridge,"safe_ZScore_Contact_t,safe_ZScore_Power_t,safe_ZScore_Discipline_t,safe_ZScore_Defense_t,safe_ZScore_Speed_t",95.17248734308903,0.01
fg:27490,Nick Gonzales,2024,2025,82,within_input_season_standardized,B2V Ridge,"safe_ZScore_Contact_t,safe_ZScore_Power_t,safe_ZScore_Discipline_t,safe_ZScore_Defense_t,safe_ZScore_Speed_t",87.4130555076903,0.01
fg:27506,Ha-seong Kim,2024,2025,82,within_input_season_standardized,B2V Ridge,"safe_ZScore_Contact_t,safe_ZScore_Power_t,safe_ZScore_Discipline_t,safe_ZScore_Defense_t,safe_ZScore_Speed_t",104.73733943883758,0.01
fg:27531,David Hamilton,2024,2025,60,within_input_season_standardized,B2V Ridge,"safe_ZScore_Contact_t,safe_ZScore_Power_t,safe_ZScore_Discipline_t,safe_ZScore_Defense_t,safe_ZScore_Speed_t",94.32237292686123,0.01
fg:27534,Edouard Julien,2024,2025,81,within_input_season_standardized,B2V Ridge,"safe_ZScore_Contact_t,safe_ZScore_Power_t,safe_ZScore_Discipline_t,safe_ZScore_Defense_t,safe_ZScore_Speed_t",90.15670396069622,0.01
fg:27562,Austin Wells,2024,2025,94,within_input_season_standardized,B2V Ridge,"safe_ZScore_Contact_t,safe_ZScore_Power_t,safe_ZScore_Discipline_t,safe_ZScore_Defense_t,safe_ZScore_Speed_t",91.65617541208681,0.01
fg:27577,Casey Schmitt,2024,2025,98,within_input_season_standardized,B2V Ridge,"safe_ZScore_Contact_t,safe_ZScore_Power_t,safe_ZScore_Discipline_t,safe_ZScore_Defense_t,safe_ZScore_Speed_t",93.16592467525045,0.01
fg:27615,Alec Burleson,2024,2025,124,within_input_season_standardized,B2V Ridge,"safe_ZScore_Contact_t,safe_ZScore_Power_t,safe_ZScore_Discipline_t,safe_ZScore_Defense_t,safe_ZScore_Speed_t",101.6617614117659,0.01
fg:27630,Nick Loftin,2024,2025,73,within_input_season_standardized,B2V Ridge,"safe_ZScore_Contact_t,safe_ZScore_Power_t,safe_ZScore_Discipline_t,safe_ZScore_Defense_t,safe_ZScore_Speed_t",80.3159604680842,0.01
fg:27647,Anthony Volpe,2024,2025,83,within_input_season_standardized,B2V Ridge,"safe_ZScore_Contact_t,safe_ZScore_Power_t,safe_ZScore_Discipline_t,safe_ZScore_Defense_t,safe_ZScore_Speed_t",85.80185393605731,0.01
fg:27676,Vinnie Pasquantino,2024,2025,116,within_input_season_standardized,B2V Ridge,"safe_ZScore_Contact_t,safe_ZScore_Power_t,safe_ZScore_Discipline_t,safe_ZScore_Defense_t,safe_ZScore_Speed_t",111.73784320530623,0.01
fg:27684,Michael Massey,2024,2025,57,within_input_season_standardized,B2V Ridge,"safe_ZScore_Contact_t,safe_ZScore_Power_t,safe_ZScore_Discipline_t,safe_ZScore_Defense_t,safe_ZScore_Speed_t",98.43510003834095,0.01
fg:27769,Pete Crow-Armstrong,2024,2025,109,within_input_season_standardized,B2V Ridge,"safe_ZScore_Contact_t,safe_ZScore_Power_t,safe_ZScore_Discipline_t,safe_ZScore_Defense_t,safe_ZScore_Speed_t",79.94390357706023,0.01
fg:27790,Evan Carter,2024,2025,107,within_input_season_standardized,B2V Ridge,"safe_ZScore_Contact_t,safe_ZScore_Power_t,safe_ZScore_Discipline_t,safe_ZScore_Defense_t,safe_ZScore_Speed_t",91.64839253673281,0.01
fg:27815,Jordan Westburg,2024,2025,115,within_input_season_standardized,B2V Ridge,"safe_ZScore_Contact_t,safe_ZScore_Power_t,safe_ZScore_Discipline_t,safe_ZScore_Defense_t,safe_ZScore_Speed_t",106.92478436955949,0.01
fg:27899,Colt Keith,2024,2025,109,within_input_season_standardized,B2V Ridge,"safe_ZScore_Contact_t,safe_ZScore_Power_t,safe_ZScore_Discipline_t,safe_ZScore_Defense_t,safe_ZScore_Speed_t",91.04813527509877,0.01
fg:28163,Junior Caminero,2024,2025,129,within_input_season_standardized,B2V Ridge,"safe_ZScore_Contact_t,safe_ZScore_Power_t,safe_ZScore_Discipline_t,safe_ZScore_Defense_t,safe_ZScore_Speed_t",99.48222023601546,0.01
fg:28806,Jackson Chourio,2024,2025,111,within_input_season_standardized,B2V Ridge,"safe_ZScore_Contact_t,safe_ZScore_Power_t,safe_ZScore_Discipline_t,safe_ZScore_Defense_t,safe_ZScore_Speed_t",106.202781668308,0.01
fg:29490,Jackson Merrill,2024,2025,116,within_input_season_standardized,B2V Ridge,"safe_ZScore_Contact_t,safe_ZScore_Power_t,safe_ZScore_Discipline_t,safe_ZScore_Defense_t,safe_ZScore_Speed_t",111.29977930523727,0.01
fg:29518,James Wood,2024,2025,127,within_input_season_standardized,B2V Ridge,"safe_ZScore_Contact_t,safe_ZScore_Power_t,safe_ZScore_Discipline_t,safe_ZScore_Defense_t,safe_ZScore_Speed_t",116.34935107042472,0.01
fg:29575,Trey Sweeney,2024,2025,53,within_input_season_standardized,B2V Ridge,"safe_ZScore_Contact_t,safe_ZScore_Power_t,safe_ZScore_Discipline_t,safe_ZScore_Defense_t,safe_ZScore_Speed_t",85.72238390455873,0.01
fg:29576,Ben Rice,2024,2025,133,within_input_season_standardized,B2V Ridge,"safe_ZScore_Contact_t,safe_ZScore_Power_t,safe_ZScore_Discipline_t,safe_ZScore_Defense_t,safe_ZScore_Speed_t",98.59457051009494,0.01
fg:29591,Colton Cowser,2024,2025,83,within_input_season_standardized,B2V Ridge,"safe_ZScore_Contact_t,safe_ZScore_Power_t,safe_ZScore_Discipline_t,safe_ZScore_Defense_t,safe_ZScore_Speed_t",104.99652741535866,0.01
fg:29592,Connor Norby,2024,2025,90,within_input_season_standardized,B2V Ridge,"safe_ZScore_Contact_t,safe_ZScore_Power_t,safe_ZScore_Discipline_t,safe_ZScore_Defense_t,safe_ZScore_Speed_t",86.27470886015695,0.01
fg:29606,Justyn-Henry Malloy,2024,2025,92,within_input_season_standardized,B2V Ridge,"safe_ZScore_Contact_t,safe_ZScore_Power_t,safe_ZScore_Discipline_t,safe_ZScore_Defense_t,safe_ZScore_Speed_t",84.42200773734169,0.01
fg:29617,Henry Davis,2024,2025,41,within_input_season_standardized,B2V Ridge,"safe_ZScore_Contact_t,safe_ZScore_Power_t,safe_ZScore_Discipline_t,safe_ZScore_Defense_t,safe_ZScore_Speed_t",69.52399144356417,0.01
fg:29622,Sal Frelick,2024,2025,114,within_input_season_standardized,B2V Ridge,"safe_ZScore_Contact_t,safe_ZScore_Power_t,safe_ZScore_Discipline_t,safe_ZScore_Defense_t,safe_ZScore_Speed_t",83.18304774074193,0.01
fg:29630,Joey Loperfido,2024,2025,148,within_input_season_standardized,B2V Ridge,"safe_ZScore_Contact_t,safe_ZScore_Power_t,safe_ZScore_Discipline_t,safe_ZScore_Defense_t,safe_ZScore_Speed_t",72.18849648399959,0.01
fg:2967,Tommy Pham,2024,2025,94,within_input_season_standardized,B2V Ridge,"safe_ZScore_Contact_t,safe_ZScore_Power_t,safe_ZScore_Discipline_t,safe_ZScore_Defense_t,safe_ZScore_Speed_t",101.84629926671244,0.01
fg:29715,Hunter Goodman,2024,2025,118,within_input_season_standardized,B2V Ridge,"safe_ZScore_Contact_t,safe_ZScore_Power_t,safe_ZScore_Discipline_t,safe_ZScore_Defense_t,safe_ZScore_Speed_t",90.18809564276465,0.01
fg:29766,Zack Gelof,2024,2025,36,within_input_season_standardized,B2V Ridge,"safe_ZScore_Contact_t,safe_ZScore_Power_t,safe_ZScore_Discipline_t,safe_ZScore_Defense_t,safe_ZScore_Speed_t",81.76079566666273,0.01
fg:29794,Kyle Manzardo,2024,2025,113,within_input_season_standardized,B2V Ridge,"safe_ZScore_Contact_t,safe_ZScore_Power_t,safe_ZScore_Discipline_t,safe_ZScore_Defense_t,safe_ZScore_Speed_t",88.46324382381574,0.01
fg:29931,Jacob Young,2024,2025,66,within_input_season_standardized,B2V Ridge,"safe_ZScore_Contact_t,safe_ZScore_Power_t,safe_ZScore_Discipline_t,safe_ZScore_Defense_t,safe_ZScore_Speed_t",81.38278113645868,0.01
fg:30011,Christian Encarnacion-Strand,2024,2025,59,within_input_season_standardized,B2V Ridge,"safe_ZScore_Contact_t,safe_ZScore_Power_t,safe_ZScore_Discipline_t,safe_ZScore_Defense_t,safe_ZScore_Speed_t",78.96153238057767,0.01
fg:30116,Seiya Suzuki,2024,2025,123,within_input_season_standardized,B2V Ridge,"safe_ZScore_Contact_t,safe_ZScore_Power_t,safe_ZScore_Discipline_t,safe_ZScore_Defense_t,safe_ZScore_Speed_t",121.07746098608064,0.01
fg:31166,Heston Kjerstad,2024,2025,57,within_input_season_standardized,B2V Ridge,"safe_ZScore_Contact_t,safe_ZScore_Power_t,safe_ZScore_Discipline_t,safe_ZScore_Defense_t,safe_ZScore_Speed_t",88.11581576703377,0.01
fg:31347,Zach Neto,2024,2025,116,within_input_season_standardized,B2V Ridge,"safe_ZScore_Contact_t,safe_ZScore_Power_t,safe_ZScore_Discipline_t,safe_ZScore_Defense_t,safe_ZScore_Speed_t",98.80895449118503,0.01
fg:31349,Victor Scott II,2024,2025,76,within_input_season_standardized,B2V Ridge,"safe_ZScore_Contact_t,safe_ZScore_Power_t,safe_ZScore_Discipline_t,safe_ZScore_Defense_t,safe_ZScore_Speed_t",76.44701054216786,0.01
fg:31394,Brooks Baldwin,2024,2025,92,within_input_season_standardized,B2V Ridge,"safe_ZScore_Contact_t,safe_ZScore_Power_t,safe_ZScore_Discipline_t,safe_ZScore_Defense_t,safe_ZScore_Speed_t",75.39701006685938,0.01
fg:31431,Jordan Beck,2024,2025,90,within_input_season_standardized,B2V Ridge,"safe_ZScore_Contact_t,safe_ZScore_Power_t,safe_ZScore_Discipline_t,safe_ZScore_Defense_t,safe_ZScore_Speed_t",73.19184946823461,0.01
fg:31595,Brooks Lee,2024,2025,81,within_input_season_standardized,B2V Ridge,"safe_ZScore_Contact_t,safe_ZScore_Power_t,safe_ZScore_Discipline_t,safe_ZScore_Defense_t,safe_ZScore_Speed_t",80.4032533223846,0.01
fg:31781,Jackson Holliday,2024,2025,96,within_input_season_standardized,B2V Ridge,"safe_ZScore_Contact_t,safe_ZScore_Power_t,safe_ZScore_Discipline_t,safe_ZScore_Defense_t,safe_ZScore_Speed_t",85.06436653669428,0.01
fg:31837,Masataka Yoshida,2024,2025,88,within_input_season_standardized,B2V Ridge,"safe_ZScore_Contact_t,safe_ZScore_Power_t,safe_ZScore_Discipline_t,safe_ZScore_Defense_t,safe_ZScore_Speed_t",101.76589392774615,0.01
fg:33189,Nolan Schanuel,2024,2025,109,within_input_season_standardized,B2V Ridge,"safe_ZScore_Contact_t,safe_ZScore_Power_t,safe_ZScore_Discipline_t,safe_ZScore_Defense_t,safe_ZScore_Speed_t",95.50714312693442,0.01
fg:33266,Jacob Wilson,2024,2025,121,within_input_season_standardized,B2V Ridge,"safe_ZScore_Contact_t,safe_ZScore_Power_t,safe_ZScore_Discipline_t,safe_ZScore_Defense_t,safe_ZScore_Speed_t",83.75053779449935,0.01
fg:33333,Wyatt Langford,2024,2025,118,within_input_season_standardized,B2V Ridge,"safe_ZScore_Contact_t,safe_ZScore_Power_t,safe_ZScore_Discipline_t,safe_ZScore_Defense_t,safe_ZScore_Speed_t",108.6226008582021,0.01
fg:33541,Dylan Crews,2024,2025,77,within_input_season_standardized,B2V Ridge,"safe_ZScore_Contact_t,safe_ZScore_Power_t,safe_ZScore_Discipline_t,safe_ZScore_Defense_t,safe_ZScore_Speed_t",97.35306395172358,0.01
fg:33824,Jung Hoo Lee,2024,2025,107,within_input_season_standardized,B2V Ridge,"safe_ZScore_Contact_t,safe_ZScore_Power_t,safe_ZScore_Discipline_t,safe_ZScore_Defense_t,safe_ZScore_Speed_t",100.85621326203382,0.01
fg:4949,Giancarlo Stanton,2024,2025,158,within_input_season_standardized,B2V Ridge,"safe_ZScore_Contact_t,safe_ZScore_Power_t,safe_ZScore_Discipline_t,safe_ZScore_Defense_t,safe_ZScore_Speed_t",116.61626595333897,0.01
fg:5235,Justin Turner,2024,2025,71,within_input_season_standardized,B2V Ridge,"safe_ZScore_Contact_t,safe_ZScore_Power_t,safe_ZScore_Discipline_t,safe_ZScore_Defense_t,safe_ZScore_Speed_t",93.48130816119503,0.01
fg:5361,Freddie Freeman,2024,2025,139,within_input_season_standardized,B2V Ridge,"safe_ZScore_Contact_t,safe_ZScore_Power_t,safe_ZScore_Discipline_t,safe_ZScore_Defense_t,safe_ZScore_Speed_t",116.87661703218303,0.01
fg:5417,Jose Altuve,2024,2025,113,within_input_season_standardized,B2V Ridge,"safe_ZScore_Contact_t,safe_ZScore_Power_t,safe_ZScore_Discipline_t,safe_ZScore_Defense_t,safe_ZScore_Speed_t",95.87418432326301,0.01
fg:5517,Kyle Higashioka,2024,2025,93,within_input_season_standardized,B2V Ridge,"safe_ZScore_Contact_t,safe_ZScore_Power_t,safe_ZScore_Discipline_t,safe_ZScore_Defense_t,safe_ZScore_Speed_t",94.39509220287886,0.01
fg:5827,Wilmer Flores,2024,2025,95,within_input_season_standardized,B2V Ridge,"safe_ZScore_Contact_t,safe_ZScore_Power_t,safe_ZScore_Discipline_t,safe_ZScore_Defense_t,safe_ZScore_Speed_t",83.74708236734034,0.01
fg:6887,Martin Maldonado,2024,2025,61,within_input_season_standardized,B2V Ridge,"safe_ZScore_Contact_t,safe_ZScore_Power_t,safe_ZScore_Discipline_t,safe_ZScore_Defense_t,safe_ZScore_Speed_t",67.65880524216303,0.01
fg:7304,Salvador Perez,2024,2025,95,within_input_season_standardized,B2V Ridge,"safe_ZScore_Contact_t,safe_ZScore_Power_t,safe_ZScore_Discipline_t,safe_ZScore_Defense_t,safe_ZScore_Speed_t",94.0014893383727,0.01
fg:7739,Travis d'Arnaud,2024,2025,64,within_input_season_standardized,B2V Ridge,"safe_ZScore_Contact_t,safe_ZScore_Power_t,safe_ZScore_Discipline_t,safe_ZScore_Defense_t,safe_ZScore_Speed_t",93.87132249509216,0.01
fg:7802,Miguel Rojas,2024,2025,100,within_input_season_standardized,B2V Ridge,"safe_ZScore_Contact_t,safe_ZScore_Power_t,safe_ZScore_Discipline_t,safe_ZScore_Defense_t,safe_ZScore_Speed_t",95.29365614328532,0.01
fg:8623,Donovan Solano,2024,2025,82,within_input_season_standardized,B2V Ridge,"safe_ZScore_Contact_t,safe_ZScore_Power_t,safe_ZScore_Discipline_t,safe_ZScore_Defense_t,safe_ZScore_Speed_t",89.3802836870084,0.01
fg:9218,Paul Goldschmidt,2024,2025,103,within_input_season_standardized,B2V Ridge,"safe_ZScore_Contact_t,safe_ZScore_Power_t,safe_ZScore_Discipline_t,safe_ZScore_Defense_t,safe_ZScore_Speed_t",104.95216355492828,0.01
fg:9241,Starling Marte,2024,2025,112,within_input_season_standardized,B2V Ridge,"safe_ZScore_Contact_t,safe_ZScore_Power_t,safe_ZScore_Discipline_t,safe_ZScore_Defense_t,safe_ZScore_Speed_t",103.19987855920603,0.01
fg:9774,Christian Vazquez,2024,2025,55,within_input_season_standardized,B2V Ridge,"safe_ZScore_Contact_t,safe_ZScore_Power_t,safe_ZScore_Discipline_t,safe_ZScore_Defense_t,safe_ZScore_Speed_t",75.97514274730888,0.01
fg:9777,Nolan Arenado,2024,2025,84,within_input_season_standardized,B2V Ridge,"safe_ZScore_Contact_t,safe_ZScore_Power_t,safe_ZScore_Discipline_t,safe_ZScore_Defense_t,safe_ZScore_Speed_t",87.07833150799601,0.01
fg:9847,Andrew McCutchen,2024,2025,95,within_input_season_standardized,B2V Ridge,"safe_ZScore_Contact_t,safe_ZScore_Power_t,safe_ZScore_Discipline_t,safe_ZScore_Defense_t,safe_ZScore_Speed_t",99.98153245867576,0.01
fg:9874,DJ LeMahieu,2024,2025,95,within_input_season_standardized,B2V Ridge,"safe_ZScore_Contact_t,safe_ZScore_Power_t,safe_ZScore_Discipline_t,safe_ZScore_Defense_t,safe_ZScore_Speed_t",85.54882130892308,0.01
fg:10155,Mike Trout,2024,2025,120,within_input_season_standardized,B2V + age + PA Ridge,"safe_ZScore_Contact_t,safe_ZScore_Power_t,safe_ZScore_Discipline_t,safe_ZScore_Defense_t,safe_ZScore_Speed_t,age_t_t,PA_t",113.10522600736903,10.0
fg:10231,Jose Iglesias,2024,2025,73,within_input_season_standardized,B2V + age + PA Ridge,"safe_ZScore_Contact_t,safe_ZScore_Power_t,safe_ZScore_Discipline_t,safe_ZScore_Defense_t,safe_ZScore_Speed_t,age_t_t,PA_t",83.32557286887281,10.0
fg:10243,Randal Grichuk,2024,2025,82,within_input_season_standardized,B2V + age + PA Ridge,"safe_ZScore_Contact_t,safe_ZScore_Power_t,safe_ZScore_Discipline_t,safe_ZScore_Defense_t,safe_ZScore_Speed_t,age_t_t,PA_t",109.10456780748159,10.0
fg:10324,Marcell Ozuna,2024,2025,114,within_input_season_standardized,B2V + age + PA Ridge,"safe_ZScore_Contact_t,safe_ZScore_Power_t,safe_ZScore_Discipline_t,safe_ZScore_Defense_t,safe_ZScore_Speed_t,age_t_t,PA_t",124.34928176669901,10.0
fg:10472,Enrique Hernandez,2024,2025,70,within_input_season_standardized,B2V + age + PA Ridge,"safe_ZScore_Contact_t,safe_ZScore_Power_t,safe_ZScore_Discipline_t,safe_ZScore_Defense_t,safe_ZScore_Speed_t,age_t_t,PA_t",89.67280408482948,10.0
fg:10681,Gio Urshela,2024,2025,68,within_input_season_standardized,B2V + age + PA Ridge,"safe_ZScore_Contact_t,safe_ZScore_Power_t,safe_ZScore_Discipline_t,safe_ZScore_Defense_t,safe_ZScore_Speed_t,age_t_t,PA_t",77.4124595919386,10.0
fg:10815,Jurickson Profar,2024,2025,122,within_input_season_standardized,B2V + age + PA Ridge,"safe_ZScore_Contact_t,safe_ZScore_Power_t,safe_ZScore_Discipline_t,safe_ZScore_Defense_t,safe_ZScore_Speed_t,age_t_t,PA_t",119.25539607686034,10.0
fg:11442,Gary Sanchez,2024,2025,100,within_input_season_standardized,B2V + age + PA Ridge,"safe_ZScore_Contact_t,safe_ZScore_Power_t,safe_ZScore_Discipline_t,safe_ZScore_Defense_t,safe_ZScore_Speed_t,age_t_t,PA_t",95.98203912353642,10.0
fg:11445,Mark Canha,2024,2025,49,within_input_season_standardized,B2V + age + PA Ridge,"safe_ZScore_Contact_t,safe_ZScore_Power_t,safe_ZScore_Discipline_t,safe_ZScore_Defense_t,safe_ZScore_Speed_t,age_t_t,PA_t",88.46165869832188,10.0
fg:11477,Christian Yelich,2024,2025,121,within_input_season_standardized,B2V + age + PA Ridge,"safe_ZScore_Contact_t,safe_ZScore_Power_t,safe_ZScore_Discipline_t,safe_ZScore_Defense_t,safe_ZScore_Speed_t,age_t_t,PA_t",117.93464462319085,10.0
fg:11493,Manny Machado,2024,2025,123,within_input_season_standardized,B2V + age + PA Ridge,"safe_ZScore_Contact_t,safe_ZScore_Power_t,safe_ZScore_Discipline_t,safe_ZScore_Defense_t,safe_ZScore_Speed_t,age_t_t,PA_t",113.55382081282566,10.0
fg:11579,Bryce Harper,2024,2025,131,within_input_season_standardized,B2V + age + PA Ridge,"safe_ZScore_Contact_t,safe_ZScore_Power_t,safe_ZScore_Discipline_t,safe_ZScore_Defense_t,safe_ZScore_Speed_t,age_t_t,PA_t",113.78368048514459,10.0
fg:11609,Willson Contreras,2024,2025,124,within_input_season_standardized,B2V + age + PA Ridge,"safe_ZScore_Contact_t,safe_ZScore_Power_t,safe_ZScore_Discipline_t,safe_ZScore_Defense_t,safe_ZScore_Speed_t,age_t_t,PA_t",104.78113013028344,10.0
fg:11680,Elias Diaz,2024,2025,74,within_input_season_standardized,B2V + age + PA Ridge,"safe_ZScore_Contact_t,safe_ZScore_Power_t,safe_ZScore_Discipline_t,safe_ZScore_Defense_t,safe_ZScore_Speed_t,age_t_t,PA_t",74.47790867149098,10.0
fg:11737,Nick Castellanos,2024,2025,90,within_input_season_standardized,B2V + age + PA Ridge,"safe_ZScore_Contact_t,safe_ZScore_Power_t,safe_ZScore_Discipline_t,safe_ZScore_Defense_t,safe_ZScore_Speed_t,age_t_t,PA_t",94.51840620401667,10.0
fg:11739,J.T. Realmuto,2024,2025,94,within_input_season_standardized,B2V + age + PA Ridge,"safe_ZScore_Contact_t,safe_ZScore_Power_t,safe_ZScore_Discipline_t,safe_ZScore_Defense_t,safe_ZScore_Speed_t,age_t_t,PA_t",94.4715852856173,10.0
fg:11899,Joc Pederson,2024,2025,76,within_input_season_standardized,B2V + age + PA Ridge,"safe_ZScore_Contact_t,safe_ZScore_Power_t,safe_ZScore_Discipline_t,safe_ZScore_Defense_t,safe_ZScore_Speed_t,age_t_t,PA_t",118.6053274504459,10.0
fg:12005,Nick Martini,2024,2025,49,within_input_season_standardized,B2V + age + PA Ridge,"safe_ZScore_Contact_t,safe_ZScore_Power_t,safe_ZScore_Discipline_t,safe_ZScore_Defense_t,safe_ZScore_Speed_t,age_t_t,PA_t",77.9348372626374,10.0
fg:12144,Max Kepler,2024,2025,90,within_input_season_standardized,B2V + age + PA Ridge,"safe_ZScore_Contact_t,safe_ZScore_Power_t,safe_ZScore_Discipline_t,safe_ZScore_Defense_t,safe_ZScore_Speed_t,age_t_t,PA_t",87.53862776529364,10.0
fg:12161,Xander Bogaerts,2024,2025,104,within_input_season_standardized,B2V + age + PA Ridge,"safe_ZScore_Contact_t,safe_ZScore_Power_t,safe_ZScore_Discipline_t,safe_ZScore_Defense_t,safe_ZScore_Speed_t,age_t_t,PA_t",94.50239987084511,10.0
fg:12533,Marcus Semien,2024,2025,89,within_input_season_standardized,B2V + age + PA Ridge,"safe_ZScore_Contact_t,safe_ZScore_Power_t,safe_ZScore_Discipline_t,safe_ZScore_Defense_t,safe_ZScore_Speed_t,age_t_t,PA_t",94.59457317209862,10.0
fg:12552,Eugenio Suarez,2024,2025,125,within_input_season_standardized,B2V + age + PA Ridge,"safe_ZScore_Contact_t,safe_ZScore_Power_t,safe_ZScore_Discipline_t,safe_ZScore_Defense_t,safe_ZScore_Speed_t,age_t_t,PA_t",101.16474779459227,10.0
fg:12564,Trevor Story,2024,2025,101,within_input_season_standardized,B2V + age + PA Ridge,"safe_ZScore_Contact_t,safe_ZScore_Power_t,safe_ZScore_Discipline_t,safe_ZScore_Defense_t,safe_ZScore_Speed_t,age_t_t,PA_t",69.73829702082531,10.0
fg:12856,George Springer,2024,2025,166,within_input_season_standardized,B2V + age + PA Ridge,"safe_ZScore_Contact_t,safe_ZScore_Power_t,safe_ZScore_Discipline_t,safe_ZScore_Defense_t,safe_ZScore_Speed_t,age_t_t,PA_t",97.24652171983723,10.0
fg:12859,James McCann,2024,2025,110,within_input_season_standardized,B2V + age + PA Ridge,"safe_ZScore_Contact_t,safe_ZScore_Power_t,safe_ZScore_Discipline_t,safe_ZScore_Defense_t,safe_ZScore_Speed_t,age_t_t,PA_t",80.61725889081643,10.0
fg:12916,Francisco Lindor,2024,2025,129,within_input_season_standardized,B2V + age + PA Ridge,"safe_ZScore_Contact_t,safe_ZScore_Power_t,safe_ZScore_Discipline_t,safe_ZScore_Defense_t,safe_ZScore_Speed_t,age_t_t,PA_t",118.1550601282946,10.0
fg:12927,Brandon Nimmo,2024,2025,114,within_input_season_standardized,B2V + age + PA Ridge,"safe_ZScore_Contact_t,safe_ZScore_Power_t,safe_ZScore_Discipline_t,safe_ZScore_Defense_t,safe_ZScore_Speed_t,age_t_t,PA_t",110.65911613209701,10.0
fg:12976,Austin Hedges,2024,2025,51,within_input_season_standardized,B2V + age + PA Ridge,"safe_ZScore_Contact_t,safe_ZScore_Power_t,safe_ZScore_Discipline_t,safe_ZScore_Defense_t,safe_ZScore_Speed_t,age_t_t,PA_t",47.3221794302181,10.0
fg:12979,Javier Baez,2024,2025,86,within_input_season_standardized,B2V + age + PA Ridge,"safe_ZScore_Contact_t,safe_ZScore_Power_t,safe_ZScore_Discipline_t,safe_ZScore_Defense_t,safe_ZScore_Speed_t,age_t_t,PA_t",73.55997342116476,10.0
fg:13066,Teoscar Hernandez,2024,2025,102,within_input_season_standardized,B2V + age + PA Ridge,"safe_ZScore_Contact_t,safe_ZScore_Power_t,safe_ZScore_Discipline_t,safe_ZScore_Defense_t,safe_ZScore_Speed_t,age_t_t,PA_t",113.14073008472604,10.0
fg:13145,Josh Bell,2024,2025,107,within_input_season_standardized,B2V + age + PA Ridge,"safe_ZScore_Contact_t,safe_ZScore_Power_t,safe_ZScore_Discipline_t,safe_ZScore_Defense_t,safe_ZScore_Speed_t,age_t_t,PA_t",97.97657041742391,10.0
fg:13152,Jorge Polanco,2024,2025,132,within_input_season_standardized,B2V + age + PA Ridge,"safe_ZScore_Contact_t,safe_ZScore_Power_t,safe_ZScore_Discipline_t,safe_ZScore_Defense_t,safe_ZScore_Speed_t,age_t_t,PA_t",91.57278091306583,10.0
fg:13185,Orlando Arcia,2024,2025,33,within_input_season_standardized,B2V + age + PA Ridge,"safe_ZScore_Contact_t,safe_ZScore_Power_t,safe_ZScore_Discipline_t,safe_ZScore_Defense_t,safe_ZScore_Speed_t,age_t_t,PA_t",84.18329560499768,10.0
fg:13324,Ildemaro Vargas,2024,2025,85,within_input_season_standardized,B2V + age + PA Ridge,"safe_ZScore_Contact_t,safe_ZScore_Power_t,safe_ZScore_Discipline_t,safe_ZScore_Defense_t,safe_ZScore_Speed_t,age_t_t,PA_t",82.8122438509534,10.0
fg:13419,Christian Walker,2024,2025,99,within_input_season_standardized,B2V + age + PA Ridge,"safe_ZScore_Contact_t,safe_ZScore_Power_t,safe_ZScore_Discipline_t,safe_ZScore_Defense_t,safe_ZScore_Speed_t,age_t_t,PA_t",106.82688040204243,10.0
fg:13510,Jose Ramirez,2024,2025,133,within_input_season_standardized,B2V + age + PA Ridge,"safe_ZScore_Contact_t,safe_ZScore_Power_t,safe_ZScore_Discipline_t,safe_ZScore_Defense_t,safe_ZScore_Speed_t,age_t_t,PA_t",124.29688461999838,10.0
fg:13611,Mookie Betts,2024,2025,104,within_input_season_standardized,B2V + age + PA Ridge,"safe_ZScore_Contact_t,safe_ZScore_Power_t,safe_ZScore_Discipline_t,safe_ZScore_Defense_t,safe_ZScore_Speed_t,age_t_t,PA_t",120.54623410274813,10.0
fg:13613,Ketel Marte,2024,2025,145,within_input_season_standardized,B2V + age + PA Ridge,"safe_ZScore_Contact_t,safe_ZScore_Power_t,safe_ZScore_Discipline_t,safe_ZScore_Defense_t,safe_ZScore_Speed_t,age_t_t,PA_t",134.5230219461356,10.0
fg:13620,Carson Kelly,2024,2025,115,within_input_season_standardized,B2V + age + PA Ridge,"safe_ZScore_Contact_t,safe_ZScore_Power_t,safe_ZScore_Discipline_t,safe_ZScore_Defense_t,safe_ZScore_Speed_t,age_t_t,PA_t",86.50981527428671,10.0
fg:13624,Corey Seager,2024,2025,138,within_input_season_standardized,B2V + age + PA Ridge,"safe_ZScore_Contact_t,safe_ZScore_Power_t,safe_ZScore_Discipline_t,safe_ZScore_Defense_t,safe_ZScore_Speed_t,age_t_t,PA_t",116.36439079717172,10.0
fg:13675,Tyrone Taylor,2024,2025,70,within_input_season_standardized,B2V + age + PA Ridge,"safe_ZScore_Contact_t,safe_ZScore_Power_t,safe_ZScore_Discipline_t,safe_ZScore_Defense_t,safe_ZScore_Speed_t,age_t_t,PA_t",87.94017297235004,10.0
fg:13723,Jacob Stallings,2024,2025,-7,within_input_season_standardized,B2V + age + PA Ridge,"safe_ZScore_Contact_t,safe_ZScore_Power_t,safe_ZScore_Discipline_t,safe_ZScore_Defense_t,safe_ZScore_Speed_t,age_t_t,PA_t",86.23577563549908,10.0
fg:13757,Chris Taylor,2024,2025,56,within_input_season_standardized,B2V + age + PA Ridge,"safe_ZScore_Contact_t,safe_ZScore_Power_t,safe_ZScore_Discipline_t,safe_ZScore_Defense_t,safe_ZScore_Speed_t,age_t_t,PA_t",73.19174873613935,10.0
fg:13770,Rob Refsnyder,2024,2025,128,within_input_season_standardized,B2V + age + PA Ridge,"safe_ZScore_Contact_t,safe_ZScore_Power_t,safe_ZScore_Discipline_t,safe_ZScore_Defense_t,safe_ZScore_Speed_t,age_t_t,PA_t",99.19273533044273,10.0
fg:14161,Byron Buxton,2024,2025,136,within_input_season_standardized,B2V + age + PA Ridge,"safe_ZScore_Contact_t,safe_ZScore_Power_t,safe_ZScore_Discipline_t,safe_ZScore_Defense_t,safe_ZScore_Speed_t,age_t_t,PA_t",102.99011992908991,10.0
fg:14162,Carlos Correa,2024,2025,106,within_input_season_standardized,B2V + age + PA Ridge,"safe_ZScore_Contact_t,safe_ZScore_Power_t,safe_ZScore_Discipline_t,safe_ZScore_Defense_t,safe_ZScore_Speed_t,age_t_t,PA_t",115.35959174907421,10.0
fg:14221,Jorge Soler,2024,2025,88,within_input_season_standardized,B2V + age + PA Ridge,"safe_ZScore_Contact_t,safe_ZScore_Power_t,safe_ZScore_Discipline_t,safe_ZScore_Defense_t,safe_ZScore_Speed_t,age_t_t,PA_t",109.11940893490916,10.0
fg:14344,Matt Olson,2024,2025,136,within_input_season_standardized,B2V + age + PA Ridge,"safe_ZScore_Contact_t,safe_ZScore_Power_t,safe_ZScore_Discipline_t,safe_ZScore_Defense_t,safe_ZScore_Speed_t,age_t_t,PA_t",109.7813140650469,10.0
fg:14551,Anthony Santander,2024,2025,61,within_input_season_standardized,B2V + age + PA Ridge,"safe_ZScore_Contact_t,safe_ZScore_Power_t,safe_ZScore_Discipline_t,safe_ZScore_Defense_t,safe_ZScore_Speed_t,age_t_t,PA_t",114.63153480444066,10.0
fg:14813,Kyle Farmer,2024,2025,65,within_input_season_standardized,B2V + age + PA Ridge,"safe_ZScore_Contact_t,safe_ZScore_Power_t,safe_ZScore_Discipline_t,safe_ZScore_Defense_t,safe_ZScore_Speed_t,age_t_t,PA_t",76.06568378755591,10.0
fg:14854,Mike Yastrzemski,2024,2025,106,within_input_season_standardized,B2V + age + PA Ridge,"safe_ZScore_Contact_t,safe_ZScore_Power_t,safe_ZScore_Discipline_t,safe_ZScore_Defense_t,safe_ZScore_Speed_t,age_t_t,PA_t",96.94981123981488,10.0
fg:14968,Victor Caratini,2024,2025,104,within_input_season_standardized,B2V + age + PA Ridge,"safe_ZScore_Contact_t,safe_ZScore_Power_t,safe_ZScore_Discipline_t,safe_ZScore_Defense_t,safe_ZScore_Speed_t,age_t_t,PA_t",92.93965266205957,10.0
fg:15112,Ryan McMahon,2024,2025,86,within_input_season_standardized,B2V + age + PA Ridge,"safe_ZScore_Contact_t,safe_ZScore_Power_t,safe_ZScore_Discipline_t,safe_ZScore_Defense_t,safe_ZScore_Speed_t,age_t_t,PA_t",102.40555132693453,10.0
fg:15161,Mitch Garver,2024,2025,86,within_input_season_standardized,B2V + age + PA Ridge,"safe_ZScore_Contact_t,safe_ZScore_Power_t,safe_ZScore_Discipline_t,safe_ZScore_Defense_t,safe_ZScore_Speed_t,age_t_t,PA_t",88.73753845158927,10.0
fg:15194,Jake Bauers,2024,2025,114,within_input_season_standardized,B2V + age + PA Ridge,"safe_ZScore_Contact_t,safe_ZScore_Power_t,safe_ZScore_Discipline_t,safe_ZScore_Defense_t,safe_ZScore_Speed_t,age_t_t,PA_t",94.54105703750507,10.0
fg:15223,Adam Frazier,2024,2025,89,within_input_season_standardized,B2V + age + PA Ridge,"safe_ZScore_Contact_t,safe_ZScore_Power_t,safe_ZScore_Discipline_t,safe_ZScore_Defense_t,safe_ZScore_Speed_t,age_t_t,PA_t",73.53721408293305,10.0
fg:15274,Mike Tauchman,2024,2025,115,within_input_season_standardized,B2V + age + PA Ridge,"safe_ZScore_Contact_t,safe_ZScore_Power_t,safe_ZScore_Discipline_t,safe_ZScore_Defense_t,safe_ZScore_Speed_t,age_t_t,PA_t",96.098714851801,10.0
fg:15362,Jeff McNeil,2024,2025,111,within_input_season_standardized,B2V + age + PA Ridge,"safe_ZScore_Contact_t,safe_ZScore_Power_t,safe_ZScore_Discipline_t,safe_ZScore_Defense_t,safe_ZScore_Speed_t,age_t_t,PA_t",84.2480201549143,10.0
fg:15464,Hunter Renfroe,2024,2025,32,within_input_season_standardized,B2V + age + PA Ridge,"safe_ZScore_Contact_t,safe_ZScore_Power_t,safe_ZScore_Discipline_t,safe_ZScore_Defense_t,safe_ZScore_Speed_t,age_t_t,PA_t",93.0978702863865,10.0
fg:15491,J.P. Crawford,2024,2025,113,within_input_season_standardized,B2V + age + PA Ridge,"safe_ZScore_Contact_t,safe_ZScore_Power_t,safe_ZScore_Discipline_t,safe_ZScore_Defense_t,safe_ZScore_Speed_t,age_t_t,PA_t",96.69039393542448,10.0
fg:15518,Amed Rosario,2024,2025,106,within_input_season_standardized,B2V + age + PA Ridge,"safe_ZScore_Contact_t,safe_ZScore_Power_t,safe_ZScore_Discipline_t,safe_ZScore_Defense_t,safe_ZScore_Speed_t,age_t_t,PA_t",80.84400976464094,10.0
fg:15640,Aaron Judge,2024,2025,204,within_input_season_standardized,B2V + age + PA Ridge,"safe_ZScore_Contact_t,safe_ZScore_Power_t,safe_ZScore_Discipline_t,safe_ZScore_Defense_t,safe_ZScore_Speed_t,age_t_t,PA_t",169.42994225541185,10.0
fg:15653,Dominic Smith,2024,2025,111,within_input_season_standardized,B2V + age + PA Ridge,"safe_ZScore_Contact_t,safe_ZScore_Power_t,safe_ZScore_Discipline_t,safe_ZScore_Defense_t,safe_ZScore_Speed_t,age_t_t,PA_t",90.74448822915977,10.0
fg:15674,Reese McGuire,2024,2025,86,within_input_season_standardized,B2V + age + PA Ridge,"safe_ZScore_Contact_t,safe_ZScore_Power_t,safe_ZScore_Discipline_t,safe_ZScore_Defense_t,safe_ZScore_Speed_t,age_t_t,PA_t",74.14826450466403,10.0
fg:15679,Rowdy Tellez,2024,2025,101,within_input_season_standardized,B2V + age + PA Ridge,"safe_ZScore_Contact_t,safe_ZScore_Power_t,safe_ZScore_Discipline_t,safe_ZScore_Defense_t,safe_ZScore_Speed_t,age_t_t,PA_t",100.61435158158318,10.0
fg:15711,Tyler O'Neill,2024,2025,91,within_input_season_standardized,B2V + age + PA Ridge,"safe_ZScore_Contact_t,safe_ZScore_Power_t,safe_ZScore_Discipline_t,safe_ZScore_Defense_t,safe_ZScore_Speed_t,age_t_t,PA_t",114.59556816062569,10.0
fg:15730,Tyler Wade,2024,2025,69,within_input_season_standardized,B2V + age + PA Ridge,"safe_ZScore_Contact_t,safe_ZScore_Power_t,safe_ZScore_Discipline_t,safe_ZScore_Defense_t,safe_ZScore_Speed_t,age_t_t,PA_t",72.10109154469785,10.0
fg:15878,Miguel Andujar,2024,2025,125,within_input_season_standardized,B2V + age + PA Ridge,"safe_ZScore_Contact_t,safe_ZScore_Power_t,safe_ZScore_Discipline_t,safe_ZScore_Defense_t,safe_ZScore_Speed_t,age_t_t,PA_t",86.16602570747011,10.0
fg:15905,Luis Torrens,2024,2025,79,within_input_season_standardized,B2V + age + PA Ridge,"safe_ZScore_Contact_t,safe_ZScore_Power_t,safe_ZScore_Discipline_t,safe_ZScore_Defense_t,safe_ZScore_Speed_t,age_t_t,PA_t",90.02594552614616,10.0
fg:15986,Willy Adames,2024,2025,108,within_input_season_standardized,B2V + age + PA Ridge,"safe_ZScore_Contact_t,safe_ZScore_Power_t,safe_ZScore_Discipline_t,safe_ZScore_Defense_t,safe_ZScore_Speed_t,age_t_t,PA_t",108.63099419433684,10.0
fg:15998,Cody Bellinger,2024,2025,125,within_input_season_standardized,B2V + age + PA Ridge,"safe_ZScore_Contact_t,safe_ZScore_Power_t,safe_ZScore_Discipline_t,safe_ZScore_Defense_t,safe_ZScore_Speed_t,age_t_t,PA_t",98.50587133538409,10.0
fg:16153,Austin Slater,2024,2025,78,within_input_season_standardized,B2V + age + PA Ridge,"safe_ZScore_Contact_t,safe_ZScore_Power_t,safe_ZScore_Discipline_t,safe_ZScore_Defense_t,safe_ZScore_Speed_t,age_t_t,PA_t",77.52487665936596,10.0
fg:16252,Trea Turner,2024,2025,125,within_input_season_standardized,B2V + age + PA Ridge,"safe_ZScore_Contact_t,safe_ZScore_Power_t,safe_ZScore_Discipline_t,safe_ZScore_Defense_t,safe_ZScore_Speed_t,age_t_t,PA_t",99.10569909896023,10.0
fg:16376,Michael Conforto,2024,2025,83,within_input_season_standardized,B2V + age + PA Ridge,"safe_ZScore_Contact_t,safe_ZScore_Power_t,safe_ZScore_Discipline_t,safe_ZScore_Defense_t,safe_ZScore_Speed_t,age_t_t,PA_t",107.80162528734984,10.0
fg:16426,Thairo Estrada,2024,2025,66,within_input_season_standardized,B2V + age + PA Ridge,"safe_ZScore_Contact_t,safe_ZScore_Power_t,safe_ZScore_Discipline_t,safe_ZScore_Defense_t,safe_ZScore_Speed_t,age_t_t,PA_t",76.9507302106486,10.0
fg:16442,Ryan O'Hearn,2024,2025,127,within_input_season_standardized,B2V + age + PA Ridge,"safe_ZScore_Contact_t,safe_ZScore_Power_t,safe_ZScore_Discipline_t,safe_ZScore_Defense_t,safe_ZScore_Speed_t,age_t_t,PA_t",106.58800395810013,10.0
fg:16472,Rhys Hoskins,2024,2025,109,within_input_season_standardized,B2V + age + PA Ridge,"safe_ZScore_Contact_t,safe_ZScore_Power_t,safe_ZScore_Discipline_t,safe_ZScore_Defense_t,safe_ZScore_Speed_t,age_t_t,PA_t",100.34672593680956,10.0
fg:16478,Kyle Schwarber,2024,2025,152,within_input_season_standardized,B2V + age + PA Ridge,"safe_ZScore_Contact_t,safe_ZScore_Power_t,safe_ZScore_Discipline_t,safe_ZScore_Defense_t,safe_ZScore_Speed_t,age_t_t,PA_t",130.32283047790435,10.0
fg:16505,Matt Chapman,2024,2025,118,within_input_season_standardized,B2V + age + PA Ridge,"safe_ZScore_Contact_t,safe_ZScore_Power_t,safe_ZScore_Discipline_t,safe_ZScore_Defense_t,safe_ZScore_Speed_t,age_t_t,PA_t",117.77434364124788,10.0
fg:16512,Isiah Kiner-Falefa,2024,2025,75,within_input_season_standardized,B2V + age + PA Ridge,"safe_ZScore_Contact_t,safe_ZScore_Power_t,safe_ZScore_Discipline_t,safe_ZScore_Defense_t,safe_ZScore_Speed_t,age_t_t,PA_t",88.12989254418962,10.0
fg:16530,Mauricio Dubon,2024,2025,80,within_input_season_standardized,B2V + age + PA Ridge,"safe_ZScore_Contact_t,safe_ZScore_Power_t,safe_ZScore_Discipline_t,safe_ZScore_Defense_t,safe_ZScore_Speed_t,age_t_t,PA_t",72.82407106114572,10.0
fg:16535,Danny Jansen,2024,2025,103,within_input_season_standardized,B2V + age + PA Ridge,"safe_ZScore_Contact_t,safe_ZScore_Power_t,safe_ZScore_Discipline_t,safe_ZScore_Defense_t,safe_ZScore_Speed_t,age_t_t,PA_t",91.15794992652201,10.0
fg:16556,Ozzie Albies,2024,2025,87,within_input_season_standardized,B2V + age + PA Ridge,"safe_ZScore_Contact_t,safe_ZScore_Power_t,safe_ZScore_Discipline_t,safe_ZScore_Defense_t,safe_ZScore_Speed_t,age_t_t,PA_t",94.61319047077242,10.0
fg:16578,Yandy Diaz,2024,2025,135,within_input_season_standardized,B2V + age + PA Ridge,"safe_ZScore_Contact_t,safe_ZScore_Power_t,safe_ZScore_Discipline_t,safe_ZScore_Defense_t,safe_ZScore_Speed_t,age_t_t,PA_t",115.7534582831729,10.0
fg:16622,Luis Urias,2024,2025,84,within_input_season_standardized,B2V + age + PA Ridge,"safe_ZScore_Contact_t,safe_ZScore_Power_t,safe_ZScore_Discipline_t,safe_ZScore_Defense_t,safe_ZScore_Speed_t,age_t_t,PA_t",86.10215902212954,10.0
fg:16725,Jose Trevino,2024,2025,66,within_input_season_standardized,B2V + age + PA Ridge,"safe_ZScore_Contact_t,safe_ZScore_Power_t,safe_ZScore_Discipline_t,safe_ZScore_Defense_t,safe_ZScore_Speed_t,age_t_t,PA_t",84.13863888271518,10.0
fg:16930,Jonah Heim,2024,2025,69,within_input_season_standardized,B2V + age + PA Ridge,"safe_ZScore_Contact_t,safe_ZScore_Power_t,safe_ZScore_Discipline_t,safe_ZScore_Defense_t,safe_ZScore_Speed_t,age_t_t,PA_t",84.99857077532062,10.0
fg:16939,Lane Thomas,2024,2025,48,within_input_season_standardized,B2V + age + PA Ridge,"safe_ZScore_Contact_t,safe_ZScore_Power_t,safe_ZScore_Discipline_t,safe_ZScore_Defense_t,safe_ZScore_Speed_t,age_t_t,PA_t",103.7405129159692,10.0
fg:16947,Derek Hill,2024,2025,70,within_input_season_standardized,B2V + age + PA Ridge,"safe_ZScore_Contact_t,safe_ZScore_Power_t,safe_ZScore_Discipline_t,safe_ZScore_Defense_t,safe_ZScore_Speed_t,age_t_t,PA_t",84.559649802661,10.0
fg:16997,Gleyber Torres,2024,2025,113,within_input_season_standardized,B2V + age + PA Ridge,"safe_ZScore_Contact_t,safe_ZScore_Power_t,safe_ZScore_Discipline_t,safe_ZScore_Defense_t,safe_ZScore_Speed_t,age_t_t,PA_t",100.14533132461233,10.0
fg:17022,Edmundo Sosa,2024,2025,111,within_input_season_standardized,B2V + age + PA Ridge,"safe_ZScore_Contact_t,safe_ZScore_Power_t,safe_ZScore_Discipline_t,safe_ZScore_Defense_t,safe_ZScore_Speed_t,age_t_t,PA_t",86.98916513785385,10.0
fg:17027,Alex Verdugo,2024,2025,66,within_input_season_standardized,B2V + age + PA Ridge,"safe_ZScore_Contact_t,safe_ZScore_Power_t,safe_ZScore_Discipline_t,safe_ZScore_Defense_t,safe_ZScore_Speed_t,age_t_t,PA_t",99.17405468276742,10.0
fg:17040,Jose Herrera,2024,2025,57,within_input_season_standardized,B2V + age + PA Ridge,"safe_ZScore_Contact_t,safe_ZScore_Power_t,safe_ZScore_Discipline_t,safe_ZScore_Defense_t,safe_ZScore_Speed_t,age_t_t,PA_t",75.01571877628783,10.0
fg:17128,Ramon Laureano,2024,2025,138,within_input_season_standardized,B2V + age + PA Ridge,"safe_ZScore_Contact_t,safe_ZScore_Power_t,safe_ZScore_Discipline_t,safe_ZScore_Defense_t,safe_ZScore_Speed_t,age_t_t,PA_t",89.74472405836133,10.0
fg:17276,Alex Jackson,2024,2025,111,within_input_season_standardized,B2V + age + PA Ridge,"safe_ZScore_Contact_t,safe_ZScore_Power_t,safe_ZScore_Discipline_t,safe_ZScore_Defense_t,safe_ZScore_Speed_t,age_t_t,PA_t",63.89624396166735,10.0
fg:17338,Willi Castro,2024,2025,92,within_input_season_standardized,B2V + age + PA Ridge,"safe_ZScore_Contact_t,safe_ZScore_Power_t,safe_ZScore_Discipline_t,safe_ZScore_Defense_t,safe_ZScore_Speed_t,age_t_t,PA_t",92.85936958901266,10.0
fg:17350,Rafael Devers,2024,2025,135,within_input_season_standardized,B2V + age + PA Ridge,"safe_ZScore_Contact_t,safe_ZScore_Power_t,safe_ZScore_Discipline_t,safe_ZScore_Defense_t,safe_ZScore_Speed_t,age_t_t,PA_t",122.35494685525529,10.0
fg:17548,Taylor Ward,2024,2025,117,within_input_season_standardized,B2V + age + PA Ridge,"safe_ZScore_Contact_t,safe_ZScore_Power_t,safe_ZScore_Discipline_t,safe_ZScore_Defense_t,safe_ZScore_Speed_t,age_t_t,PA_t",105.96914525324817,10.0
fg:17678,Alex Bregman,2024,2025,125,within_input_season_standardized,B2V + age + PA Ridge,"safe_ZScore_Contact_t,safe_ZScore_Power_t,safe_ZScore_Discipline_t,safe_ZScore_Defense_t,safe_ZScore_Speed_t,age_t_t,PA_t",106.20879612210098,10.0
fg:17696,Kevin Newman,2024,2025,27,within_input_season_standardized,B2V + age + PA Ridge,"safe_ZScore_Contact_t,safe_ZScore_Power_t,safe_ZScore_Discipline_t,safe_ZScore_Defense_t,safe_ZScore_Speed_t,age_t_t,PA_t",78.2734418008908,10.0
fg:17901,Andrew Benintendi,2024,2025,103,within_input_season_standardized,B2V + age + PA Ridge,"safe_ZScore_Contact_t,safe_ZScore_Power_t,safe_ZScore_Discipline_t,safe_ZScore_Defense_t,safe_ZScore_Speed_t,age_t_t,PA_t",98.59484858716108,10.0
fg:17907,Brendan Rodgers,2024,2025,55,within_input_season_standardized,B2V + age + PA Ridge,"safe_ZScore_Contact_t,safe_ZScore_Power_t,safe_ZScore_Discipline_t,safe_ZScore_Defense_t,safe_ZScore_Speed_t,age_t_t,PA_t",96.97672234030964,10.0
fg:17919,Ian Happ,2024,2025,116,within_input_season_standardized,B2V + age + PA Ridge,"safe_ZScore_Contact_t,safe_ZScore_Power_t,safe_ZScore_Discipline_t,safe_ZScore_Defense_t,safe_ZScore_Speed_t,age_t_t,PA_t",113.5215111292362,10.0
fg:17929,Cedric Mullins,2024,2025,94,within_input_season_standardized,B2V + age + PA Ridge,"safe_ZScore_Contact_t,safe_ZScore_Power_t,safe_ZScore_Discipline_t,safe_ZScore_Defense_t,safe_ZScore_Speed_t,age_t_t,PA_t",94.55794368373336,10.0
fg:17982,Ty France,2024,2025,92,within_input_season_standardized,B2V + age + PA Ridge,"safe_ZScore_Contact_t,safe_ZScore_Power_t,safe_ZScore_Discipline_t,safe_ZScore_Defense_t,safe_ZScore_Speed_t,age_t_t,PA_t",92.35739153564761,10.0
fg:17988,Tyler Stephenson,2024,2025,99,within_input_season_standardized,B2V + age + PA Ridge,"safe_ZScore_Contact_t,safe_ZScore_Power_t,safe_ZScore_Discipline_t,safe_ZScore_Defense_t,safe_ZScore_Speed_t,age_t_t,PA_t",106.8077381494777,10.0
fg:18015,Paul DeJong,2024,2025,76,within_input_season_standardized,B2V + age + PA Ridge,"safe_ZScore_Contact_t,safe_ZScore_Power_t,safe_ZScore_Discipline_t,safe_ZScore_Defense_t,safe_ZScore_Speed_t,age_t_t,PA_t",80.95759118339748,10.0
fg:18030,Harrison Bader,2024,2025,122,within_input_season_standardized,B2V + age + PA Ridge,"safe_ZScore_Contact_t,safe_ZScore_Power_t,safe_ZScore_Discipline_t,safe_ZScore_Defense_t,safe_ZScore_Speed_t,age_t_t,PA_t",85.57686751902992,10.0
fg:18036,Jake Cronenworth,2024,2025,117,within_input_season_standardized,B2V + age + PA Ridge,"safe_ZScore_Contact_t,safe_ZScore_Power_t,safe_ZScore_Discipline_t,safe_ZScore_Defense_t,safe_ZScore_Speed_t,age_t_t,PA_t",106.05243057291648,10.0
fg:18042,Dylan Moore,2024,2025,83,within_input_season_standardized,B2V + age + PA Ridge,"safe_ZScore_Contact_t,safe_ZScore_Power_t,safe_ZScore_Discipline_t,safe_ZScore_Defense_t,safe_ZScore_Speed_t,age_t_t,PA_t",94.62891783425273,10.0
fg:18126,LaMonte Wade Jr.,2024,2025,52,within_input_season_standardized,B2V + age + PA Ridge,"safe_ZScore_Contact_t,safe_ZScore_Power_t,safe_ZScore_Discipline_t,safe_ZScore_Defense_t,safe_ZScore_Speed_t,age_t_t,PA_t",106.76748813374111,10.0
fg:18314,Dansby Swanson,2024,2025,99,within_input_season_standardized,B2V + age + PA Ridge,"safe_ZScore_Contact_t,safe_ZScore_Power_t,safe_ZScore_Discipline_t,safe_ZScore_Defense_t,safe_ZScore_Speed_t,age_t_t,PA_t",95.86594091535295,10.0
fg:18345,Kyle Tucker,2024,2025,136,within_input_season_standardized,B2V + age + PA Ridge,"safe_ZScore_Contact_t,safe_ZScore_Power_t,safe_ZScore_Discipline_t,safe_ZScore_Defense_t,safe_ZScore_Speed_t,age_t_t,PA_t",131.68543511586128,10.0
fg:18360,Austin Riley,2024,2025,103,within_input_season_standardized,B2V + age + PA Ridge,"safe_ZScore_Contact_t,safe_ZScore_Power_t,safe_ZScore_Discipline_t,safe_ZScore_Defense_t,safe_ZScore_Speed_t,age_t_t,PA_t",113.84060975185155,10.0
fg:18363,Victor Robles,2024,2025,75,within_input_season_standardized,B2V + age + PA Ridge,"safe_ZScore_Contact_t,safe_ZScore_Power_t,safe_ZScore_Discipline_t,safe_ZScore_Defense_t,safe_ZScore_Speed_t,age_t_t,PA_t",93.41544913540702,10.0
fg:18373,Ryan Mountcastle,2024,2025,81,within_input_season_standardized,B2V + age + PA Ridge,"safe_ZScore_Contact_t,safe_ZScore_Power_t,safe_ZScore_Discipline_t,safe_ZScore_Defense_t,safe_ZScore_Speed_t,age_t_t,PA_t",98.27290365102156,10.0
fg:18401,Ronald Acuna Jr.,2024,2025,161,within_input_season_standardized,B2V + age + PA Ridge,"safe_ZScore_Contact_t,safe_ZScore_Power_t,safe_ZScore_Discipline_t,safe_ZScore_Defense_t,safe_ZScore_Speed_t,age_t_t,PA_t",105.54946145447349,10.0
fg:18564,Trent Grisham,2024,2025,129,within_input_season_standardized,B2V + age + PA Ridge,"safe_ZScore_Contact_t,safe_ZScore_Power_t,safe_ZScore_Discipline_t,safe_ZScore_Defense_t,safe_ZScore_Speed_t,age_t_t,PA_t",99.17210276837206,10.0
fg:18568,Luis Arraez,2024,2025,104,within_input_season_standardized,B2V + age + PA Ridge,"safe_ZScore_Contact_t,safe_ZScore_Power_t,safe_ZScore_Discipline_t,safe_ZScore_Defense_t,safe_ZScore_Speed_t,age_t_t,PA_t",105.57498504634987,10.0
fg:18577,Ke'Bryan Hayes,2024,2025,65,within_input_season_standardized,B2V + age + PA Ridge,"safe_ZScore_Contact_t,safe_ZScore_Power_t,safe_ZScore_Discipline_t,safe_ZScore_Defense_t,safe_ZScore_Speed_t,age_t_t,PA_t",88.71719105042507,10.0
fg:18795,Ramon Urias,2024,2025,87,within_input_season_standardized,B2V + age + PA Ridge,"safe_ZScore_Contact_t,safe_ZScore_Power_t,safe_ZScore_Discipline_t,safe_ZScore_Defense_t,safe_ZScore_Speed_t,age_t_t,PA_t",94.96918961912817,10.0
fg:18819,Andy Ibanez,2024,2025,84,within_input_season_standardized,B2V + age + PA Ridge,"safe_ZScore_Contact_t,safe_ZScore_Power_t,safe_ZScore_Discipline_t,safe_ZScore_Defense_t,safe_ZScore_Speed_t,age_t_t,PA_t",73.64167325892214,10.0
fg:18839,Josh Naylor,2024,2025,128,within_input_season_standardized,B2V + age + PA Ridge,"safe_ZScore_Contact_t,safe_ZScore_Power_t,safe_ZScore_Discipline_t,safe_ZScore_Defense_t,safe_ZScore_Speed_t,age_t_t,PA_t",111.00569057936139,10.0
fg:18882,Brandon Lowe,2024,2025,114,within_input_season_standardized,B2V + age + PA Ridge,"safe_ZScore_Contact_t,safe_ZScore_Power_t,safe_ZScore_Discipline_t,safe_ZScore_Defense_t,safe_ZScore_Speed_t,age_t_t,PA_t",99.59178544166791,10.0
fg:18900,Leody Taveras,2024,2025,47,within_input_season_standardized,B2V + age + PA Ridge,"safe_ZScore_Contact_t,safe_ZScore_Power_t,safe_ZScore_Discipline_t,safe_ZScore_Defense_t,safe_ZScore_Speed_t,age_t_t,PA_t",94.07092731331298,10.0
fg:19238,Lourdes Gurriel Jr.,2024,2025,95,within_input_season_standardized,B2V + age + PA Ridge,"safe_ZScore_Contact_t,safe_ZScore_Power_t,safe_ZScore_Discipline_t,safe_ZScore_Defense_t,safe_ZScore_Speed_t,age_t_t,PA_t",97.46173910362205,10.0
fg:19251,Pete Alonso,2024,2025,141,within_input_season_standardized,B2V + age + PA Ridge,"safe_ZScore_Contact_t,safe_ZScore_Power_t,safe_ZScore_Discipline_t,safe_ZScore_Defense_t,safe_ZScore_Speed_t,age_t_t,PA_t",118.38731515001867,10.0
fg:19260,Jake Fraley,2024,2025,97,within_input_season_standardized,B2V + age + PA Ridge,"safe_ZScore_Contact_t,safe_ZScore_Power_t,safe_ZScore_Discipline_t,safe_ZScore_Defense_t,safe_ZScore_Speed_t,age_t_t,PA_t",79.87118321952275,10.0
fg:19287,Adolis Garcia,2024,2025,83,within_input_season_standardized,B2V + age + PA Ridge,"safe_ZScore_Contact_t,safe_ZScore_Power_t,safe_ZScore_Discipline_t,safe_ZScore_Defense_t,safe_ZScore_Speed_t,age_t_t,PA_t",99.25402811760938,10.0
fg:19290,Randy Arozarena,2024,2025,120,within_input_season_standardized,B2V + age + PA Ridge,"safe_ZScore_Contact_t,safe_ZScore_Power_t,safe_ZScore_Discipline_t,safe_ZScore_Defense_t,safe_ZScore_Speed_t,age_t_t,PA_t",105.36972921195324,10.0
fg:19296,Alex Call,2024,2025,113,within_input_season_standardized,B2V + age + PA Ridge,"safe_ZScore_Contact_t,safe_ZScore_Power_t,safe_ZScore_Discipline_t,safe_ZScore_Defense_t,safe_ZScore_Speed_t,age_t_t,PA_t",96.91302594959244,10.0
fg:19318,Matt Thaiss,2024,2025,89,within_input_season_standardized,B2V + age + PA Ridge,"safe_ZScore_Contact_t,safe_ZScore_Power_t,safe_ZScore_Discipline_t,safe_ZScore_Defense_t,safe_ZScore_Speed_t,age_t_t,PA_t",80.10083000915836,10.0
fg:19326,Bryan Reynolds,2024,2025,99,within_input_season_standardized,B2V + age + PA Ridge,"safe_ZScore_Contact_t,safe_ZScore_Power_t,safe_ZScore_Discipline_t,safe_ZScore_Defense_t,safe_ZScore_Speed_t,age_t_t,PA_t",111.78017751757906,10.0
fg:19352,Sean Murphy,2024,2025,97,within_input_season_standardized,B2V + age + PA Ridge,"safe_ZScore_Contact_t,safe_ZScore_Power_t,safe_ZScore_Discipline_t,safe_ZScore_Defense_t,safe_ZScore_Speed_t,age_t_t,PA_t",88.92399345944895,10.0
fg:19354,Luke Raley,2024,2025,91,within_input_season_standardized,B2V + age + PA Ridge,"safe_ZScore_Contact_t,safe_ZScore_Power_t,safe_ZScore_Discipline_t,safe_ZScore_Defense_t,safe_ZScore_Speed_t,age_t_t,PA_t",100.54595904027217,10.0
fg:19363,Austin Hays,2024,2025,105,within_input_season_standardized,B2V + age + PA Ridge,"safe_ZScore_Contact_t,safe_ZScore_Power_t,safe_ZScore_Discipline_t,safe_ZScore_Defense_t,safe_ZScore_Speed_t,age_t_t,PA_t",81.41885512951244,10.0
fg:19392,Zach McKinstry,2024,2025,114,within_input_season_standardized,B2V + age + PA Ridge,"safe_ZScore_Contact_t,safe_ZScore_Power_t,safe_ZScore_Discipline_t,safe_ZScore_Defense_t,safe_ZScore_Speed_t,age_t_t,PA_t",86.29066907504438,10.0
fg:19452,Jake Rogers,2024,2025,70,within_input_season_standardized,B2V + age + PA Ridge,"safe_ZScore_Contact_t,safe_ZScore_Power_t,safe_ZScore_Discipline_t,safe_ZScore_Defense_t,safe_ZScore_Speed_t,age_t_t,PA_t",78.20098720322846,10.0
fg:19455,Andruw Monasterio,2024,2025,111,within_input_season_standardized,B2V + age + PA Ridge,"safe_ZScore_Contact_t,safe_ZScore_Power_t,safe_ZScore_Discipline_t,safe_ZScore_Defense_t,safe_ZScore_Speed_t,age_t_t,PA_t",86.27475841369414,10.0
fg:19470,Tommy Edman,2024,2025,81,within_input_season_standardized,B2V + age + PA Ridge,"safe_ZScore_Contact_t,safe_ZScore_Power_t,safe_ZScore_Discipline_t,safe_ZScore_Defense_t,safe_ZScore_Speed_t,age_t_t,PA_t",87.98857882644268,10.0
fg:19522,TJ Friedl,2024,2025,109,within_input_season_standardized,B2V + age + PA Ridge,"safe_ZScore_Contact_t,safe_ZScore_Power_t,safe_ZScore_Discipline_t,safe_ZScore_Defense_t,safe_ZScore_Speed_t,age_t_t,PA_t",95.95791642597469,10.0
fg:19556,Yordan Alvarez,2024,2025,118,within_input_season_standardized,B2V + age + PA Ridge,"safe_ZScore_Contact_t,safe_ZScore_Power_t,safe_ZScore_Discipline_t,safe_ZScore_Defense_t,safe_ZScore_Speed_t,age_t_t,PA_t",139.40049925732677,10.0
fg:19566,Nathaniel Lowe,2024,2025,91,within_input_season_standardized,B2V + age + PA Ridge,"safe_ZScore_Contact_t,safe_ZScore_Power_t,safe_ZScore_Discipline_t,safe_ZScore_Defense_t,safe_ZScore_Speed_t,age_t_t,PA_t",106.45825405952051,10.0
fg:19599,Chas McCormick,2024,2025,62,within_input_season_standardized,B2V + age + PA Ridge,"safe_ZScore_Contact_t,safe_ZScore_Power_t,safe_ZScore_Discipline_t,safe_ZScore_Defense_t,safe_ZScore_Speed_t,age_t_t,PA_t",73.89320471567927,10.0
fg:19608,Otto Lopez,2024,2025,86,within_input_season_standardized,B2V + age + PA Ridge,"safe_ZScore_Contact_t,safe_ZScore_Power_t,safe_ZScore_Discipline_t,safe_ZScore_Defense_t,safe_ZScore_Speed_t,age_t_t,PA_t",91.60804513235298,10.0
fg:19610,Keibert Ruiz,2024,2025,65,within_input_season_standardized,B2V + age + PA Ridge,"safe_ZScore_Contact_t,safe_ZScore_Power_t,safe_ZScore_Discipline_t,safe_ZScore_Defense_t,safe_ZScore_Speed_t,age_t_t,PA_t",86.83633719305979,10.0
fg:19611,Vladimir Guerrero Jr.,2024,2025,137,within_input_season_standardized,B2V + age + PA Ridge,"safe_ZScore_Contact_t,safe_ZScore_Power_t,safe_ZScore_Discipline_t,safe_ZScore_Defense_t,safe_ZScore_Speed_t,age_t_t,PA_t",142.3088066124239,10.0
fg:19612,Bo Bichette,2024,2025,134,within_input_season_standardized,B2V + age + PA Ridge,"safe_ZScore_Contact_t,safe_ZScore_Power_t,safe_ZScore_Discipline_t,safe_ZScore_Defense_t,safe_ZScore_Speed_t,age_t_t,PA_t",85.99285442929403,10.0
fg:19627,Brent Rooker,2024,2025,122,within_input_season_standardized,B2V + age + PA Ridge,"safe_ZScore_Contact_t,safe_ZScore_Power_t,safe_ZScore_Discipline_t,safe_ZScore_Defense_t,safe_ZScore_Speed_t,age_t_t,PA_t",122.26794115282924,10.0
fg:19709,Fernando Tatis Jr.,2024,2025,131,within_input_season_standardized,B2V + age + PA Ridge,"safe_ZScore_Contact_t,safe_ZScore_Power_t,safe_ZScore_Discipline_t,safe_ZScore_Defense_t,safe_ZScore_Speed_t,age_t_t,PA_t",123.11626920303667,10.0
fg:19734,Josh Rojas,2024,2025,44,within_input_season_standardized,B2V + age + PA Ridge,"safe_ZScore_Contact_t,safe_ZScore_Power_t,safe_ZScore_Discipline_t,safe_ZScore_Defense_t,safe_ZScore_Speed_t,age_t_t,PA_t",85.66365505261976,10.0
fg:19755,Shohei Ohtani,2024,2025,172,within_input_season_standardized,B2V + age + PA Ridge,"safe_ZScore_Contact_t,safe_ZScore_Power_t,safe_ZScore_Discipline_t,safe_ZScore_Defense_t,safe_ZScore_Speed_t,age_t_t,PA_t",161.4473937422516,10.0
fg:19844,Abraham Toro,2024,2025,77,within_input_season_standardized,B2V + age + PA Ridge,"safe_ZScore_Contact_t,safe_ZScore_Power_t,safe_ZScore_Discipline_t,safe_ZScore_Defense_t,safe_ZScore_Speed_t,age_t_t,PA_t",87.24910580911363,10.0
fg:19858,Luis Rengifo,2024,2025,73,within_input_season_standardized,B2V + age + PA Ridge,"safe_ZScore_Contact_t,safe_ZScore_Power_t,safe_ZScore_Discipline_t,safe_ZScore_Defense_t,safe_ZScore_Speed_t,age_t_t,PA_t",91.1372525853973,10.0
fg:19864,Riley Adams,2024,2025,57,within_input_season_standardized,B2V + age + PA Ridge,"safe_ZScore_Contact_t,safe_ZScore_Power_t,safe_ZScore_Discipline_t,safe_ZScore_Defense_t,safe_ZScore_Speed_t,age_t_t,PA_t",85.97685814075663,10.0
fg:19890,Emmanuel Rivera,2024,2025,64,within_input_season_standardized,B2V + age + PA Ridge,"safe_ZScore_Contact_t,safe_ZScore_Power_t,safe_ZScore_Discipline_t,safe_ZScore_Defense_t,safe_ZScore_Speed_t,age_t_t,PA_t",89.44466751248854,10.0
fg:19892,Pavin Smith,2024,2025,123,within_input_season_standardized,B2V + age + PA Ridge,"safe_ZScore_Contact_t,safe_ZScore_Power_t,safe_ZScore_Discipline_t,safe_ZScore_Defense_t,safe_ZScore_Speed_t,age_t_t,PA_t",116.80519024024177,10.0
fg:19896,Connor Wong,2024,2025,39,within_input_season_standardized,B2V + age + PA Ridge,"safe_ZScore_Contact_t,safe_ZScore_Power_t,safe_ZScore_Discipline_t,safe_ZScore_Defense_t,safe_ZScore_Speed_t,age_t_t,PA_t",92.74663097450365,10.0
fg:19901,Gavin Sheets,2024,2025,111,within_input_season_standardized,B2V + age + PA Ridge,"safe_ZScore_Contact_t,safe_ZScore_Power_t,safe_ZScore_Discipline_t,safe_ZScore_Defense_t,safe_ZScore_Speed_t,age_t_t,PA_t",92.08324735135962,10.0
fg:19913,Jesus Sanchez,2024,2025,93,within_input_season_standardized,B2V + age + PA Ridge,"safe_ZScore_Contact_t,safe_ZScore_Power_t,safe_ZScore_Discipline_t,safe_ZScore_Defense_t,safe_ZScore_Speed_t,age_t_t,PA_t",108.20393619624627,10.0
fg:19918,Daulton Varsho,2024,2025,123,within_input_season_standardized,B2V + age + PA Ridge,"safe_ZScore_Contact_t,safe_ZScore_Power_t,safe_ZScore_Discipline_t,safe_ZScore_Defense_t,safe_ZScore_Speed_t,age_t_t,PA_t",88.82490009893856,10.0
fg:19921,Blake Perkins,2024,2025,83,within_input_season_standardized,B2V + age + PA Ridge,"safe_ZScore_Contact_t,safe_ZScore_Power_t,safe_ZScore_Discipline_t,safe_ZScore_Defense_t,safe_ZScore_Speed_t,age_t_t,PA_t",87.88936328266689,10.0
fg:19950,Andres Gimenez,2024,2025,70,within_input_season_standardized,B2V + age + PA Ridge,"safe_ZScore_Contact_t,safe_ZScore_Power_t,safe_ZScore_Discipline_t,safe_ZScore_Defense_t,safe_ZScore_Speed_t,age_t_t,PA_t",81.15529488584542,10.0
fg:19953,Josh Lowe,2024,2025,79,within_input_season_standardized,B2V + age + PA Ridge,"safe_ZScore_Contact_t,safe_ZScore_Power_t,safe_ZScore_Discipline_t,safe_ZScore_Defense_t,safe_ZScore_Speed_t,age_t_t,PA_t",96.21799819300867,10.0
fg:19955,Gavin Lux,2024,2025,102,within_input_season_standardized,B2V + age + PA Ridge,"safe_ZScore_Contact_t,safe_ZScore_Power_t,safe_ZScore_Discipline_t,safe_ZScore_Defense_t,safe_ZScore_Speed_t,age_t_t,PA_t",100.55430251494276,10.0
fg:19956,Mickey Moniak,2024,2025,110,within_input_season_standardized,B2V + age + PA Ridge,"safe_ZScore_Contact_t,safe_ZScore_Power_t,safe_ZScore_Discipline_t,safe_ZScore_Defense_t,safe_ZScore_Speed_t,age_t_t,PA_t",84.71703752921228,10.0
fg:19997,Santiago Espinal,2024,2025,58,within_input_season_standardized,B2V + age + PA Ridge,"safe_ZScore_Contact_t,safe_ZScore_Power_t,safe_ZScore_Discipline_t,safe_ZScore_Defense_t,safe_ZScore_Speed_t,age_t_t,PA_t",85.52817923231487,10.0
fg:20017,Miles Mastrobuoni,2024,2025,85,within_input_season_standardized,B2V + age + PA Ridge,"safe_ZScore_Contact_t,safe_ZScore_Power_t,safe_ZScore_Discipline_t,safe_ZScore_Defense_t,safe_ZScore_Speed_t,age_t_t,PA_t",80.17989821424145,10.0
fg:20036,Isaac Paredes,2024,2025,128,within_input_season_standardized,B2V + age + PA Ridge,"safe_ZScore_Contact_t,safe_ZScore_Power_t,safe_ZScore_Discipline_t,safe_ZScore_Defense_t,safe_ZScore_Speed_t,age_t_t,PA_t",99.1762641957048,10.0
fg:20043,Luis Robert Jr.,2024,2025,84,within_input_season_standardized,B2V + age + PA Ridge,"safe_ZScore_Contact_t,safe_ZScore_Power_t,safe_ZScore_Discipline_t,safe_ZScore_Defense_t,safe_ZScore_Speed_t,age_t_t,PA_t",88.82313079722633,10.0
fg:20123,Juan Soto,2024,2025,156,within_input_season_standardized,B2V + age + PA Ridge,"safe_ZScore_Contact_t,safe_ZScore_Power_t,safe_ZScore_Discipline_t,safe_ZScore_Defense_t,safe_ZScore_Speed_t,age_t_t,PA_t",158.7756403717723,10.0
fg:20126,Dylan Carlson,2024,2025,74,within_input_season_standardized,B2V + age + PA Ridge,"safe_ZScore_Contact_t,safe_ZScore_Power_t,safe_ZScore_Discipline_t,safe_ZScore_Defense_t,safe_ZScore_Speed_t,age_t_t,PA_t",74.63334112234351,10.0
fg:20178,Miguel Vargas,2024,2025,101,within_input_season_standardized,B2V + age + PA Ridge,"safe_ZScore_Contact_t,safe_ZScore_Power_t,safe_ZScore_Discipline_t,safe_ZScore_Defense_t,safe_ZScore_Speed_t,age_t_t,PA_t",84.34950532204317,10.0
fg:20202,Brandon Marsh,2024,2025,116,within_input_season_standardized,B2V + age + PA Ridge,"safe_ZScore_Contact_t,safe_ZScore_Power_t,safe_ZScore_Discipline_t,safe_ZScore_Defense_t,safe_ZScore_Speed_t,age_t_t,PA_t",108.96270788562605,10.0
fg:20220,Jo Adell,2024,2025,112,within_input_season_standardized,B2V + age + PA Ridge,"safe_ZScore_Contact_t,safe_ZScore_Power_t,safe_ZScore_Discipline_t,safe_ZScore_Defense_t,safe_ZScore_Speed_t,age_t_t,PA_t",101.40656358809971,10.0
fg:20287,Ben Rortvedt,2024,2025,31,within_input_season_standardized,B2V + age + PA Ridge,"safe_ZScore_Contact_t,safe_ZScore_Power_t,safe_ZScore_Discipline_t,safe_ZScore_Defense_t,safe_ZScore_Speed_t,age_t_t,PA_t",78.23620217783098,10.0
fg:20308,Jake Meyers,2024,2025,107,within_input_season_standardized,B2V + age + PA Ridge,"safe_ZScore_Contact_t,safe_ZScore_Power_t,safe_ZScore_Discipline_t,safe_ZScore_Defense_t,safe_ZScore_Speed_t,age_t_t,PA_t",88.57369935020012,10.0
fg:20352,Ernie Clement,2024,2025,98,within_input_season_standardized,B2V + age + PA Ridge,"safe_ZScore_Contact_t,safe_ZScore_Power_t,safe_ZScore_Discipline_t,safe_ZScore_Defense_t,safe_ZScore_Speed_t,age_t_t,PA_t",83.78632557772225,10.0
fg:20437,Royce Lewis,2024,2025,85,within_input_season_standardized,B2V + age + PA Ridge,"safe_ZScore_Contact_t,safe_ZScore_Power_t,safe_ZScore_Discipline_t,safe_ZScore_Defense_t,safe_ZScore_Speed_t,age_t_t,PA_t",98.16835728945881,10.0
fg:20454,Jazz Chisholm Jr.,2024,2025,126,within_input_season_standardized,B2V + age + PA Ridge,"safe_ZScore_Contact_t,safe_ZScore_Power_t,safe_ZScore_Discipline_t,safe_ZScore_Defense_t,safe_ZScore_Speed_t,age_t_t,PA_t",108.78102640087255,10.0
fg:20503,William Contreras,2024,2025,113,within_input_season_standardized,B2V + age + PA Ridge,"safe_ZScore_Contact_t,safe_ZScore_Power_t,safe_ZScore_Discipline_t,safe_ZScore_Defense_t,safe_ZScore_Speed_t,age_t_t,PA_t",122.52983527183467,10.0
fg:20529,Nolan Jones,2024,2025,72,within_input_season_standardized,B2V + age + PA Ridge,"safe_ZScore_Contact_t,safe_ZScore_Power_t,safe_ZScore_Discipline_t,safe_ZScore_Defense_t,safe_ZScore_Speed_t,age_t_t,PA_t",94.261130255927,10.0
fg:20572,Kody Clemens,2024,2025,95,within_input_season_standardized,B2V + age + PA Ridge,"safe_ZScore_Contact_t,safe_ZScore_Power_t,safe_ZScore_Discipline_t,safe_ZScore_Defense_t,safe_ZScore_Speed_t,age_t_t,PA_t",87.43651424811388,10.0
fg:20599,Ivan Herrera,2024,2025,137,within_input_season_standardized,B2V + age + PA Ridge,"safe_ZScore_Contact_t,safe_ZScore_Power_t,safe_ZScore_Discipline_t,safe_ZScore_Defense_t,safe_ZScore_Speed_t,age_t_t,PA_t",109.19893351487201,10.0
fg:21454,Lars Nootbaar,2024,2025,96,within_input_season_standardized,B2V + age + PA Ridge,"safe_ZScore_Contact_t,safe_ZScore_Power_t,safe_ZScore_Discipline_t,safe_ZScore_Defense_t,safe_ZScore_Speed_t,age_t_t,PA_t",122.53088987881678,10.0
fg:21479,Nico Hoerner,2024,2025,109,within_input_season_standardized,B2V + age + PA Ridge,"safe_ZScore_Contact_t,safe_ZScore_Power_t,safe_ZScore_Discipline_t,safe_ZScore_Defense_t,safe_ZScore_Speed_t,age_t_t,PA_t",99.42493550226648,10.0
fg:21501,Trevor Larnach,2024,2025,102,within_input_season_standardized,B2V + age + PA Ridge,"safe_ZScore_Contact_t,safe_ZScore_Power_t,safe_ZScore_Discipline_t,safe_ZScore_Defense_t,safe_ZScore_Speed_t,age_t_t,PA_t",109.17843534933657,10.0
fg:21523,Jonathan India,2024,2025,89,within_input_season_standardized,B2V + age + PA Ridge,"safe_ZScore_Contact_t,safe_ZScore_Power_t,safe_ZScore_Discipline_t,safe_ZScore_Defense_t,safe_ZScore_Speed_t,age_t_t,PA_t",111.79171865033821,10.0
fg:21524,Joey Bart,2024,2025,101,within_input_season_standardized,B2V + age + PA Ridge,"safe_ZScore_Contact_t,safe_ZScore_Power_t,safe_ZScore_Discipline_t,safe_ZScore_Defense_t,safe_ZScore_Speed_t,age_t_t,PA_t",101.70940780065268,10.0
fg:21534,Cal Raleigh,2024,2025,161,within_input_season_standardized,B2V + age + PA Ridge,"safe_ZScore_Contact_t,safe_ZScore_Power_t,safe_ZScore_Discipline_t,safe_ZScore_Defense_t,safe_ZScore_Speed_t,age_t_t,PA_t",102.2076766956574,10.0
fg:21538,Nick Fortes,2024,2025,80,within_input_season_standardized,B2V + age + PA Ridge,"safe_ZScore_Contact_t,safe_ZScore_Power_t,safe_ZScore_Discipline_t,safe_ZScore_Defense_t,safe_ZScore_Speed_t,age_t_t,PA_t",74.05017148504724,10.0
fg:21558,Matt Vierling,2024,2025,76,within_input_season_standardized,B2V + age + PA Ridge,"safe_ZScore_Contact_t,safe_ZScore_Power_t,safe_ZScore_Discipline_t,safe_ZScore_Defense_t,safe_ZScore_Speed_t,age_t_t,PA_t",109.00165353545734,10.0
fg:21562,Romy Gonzalez,2024,2025,123,within_input_season_standardized,B2V + age + PA Ridge,"safe_ZScore_Contact_t,safe_ZScore_Power_t,safe_ZScore_Discipline_t,safe_ZScore_Defense_t,safe_ZScore_Speed_t,age_t_t,PA_t",95.28443322436688,10.0
fg:21614,Kyle Isbel,2024,2025,79,within_input_season_standardized,B2V + age + PA Ridge,"safe_ZScore_Contact_t,safe_ZScore_Power_t,safe_ZScore_Discipline_t,safe_ZScore_Defense_t,safe_ZScore_Speed_t,age_t_t,PA_t",93.65040136063939,10.0
fg:21618,Alec Bohm,2024,2025,105,within_input_season_standardized,B2V + age + PA Ridge,"safe_ZScore_Contact_t,safe_ZScore_Power_t,safe_ZScore_Discipline_t,safe_ZScore_Defense_t,safe_ZScore_Speed_t,age_t_t,PA_t",107.83483420216304,10.0
fg:21622,Jake McCarthy,2024,2025,60,within_input_season_standardized,B2V + age + PA Ridge,"safe_ZScore_Contact_t,safe_ZScore_Power_t,safe_ZScore_Discipline_t,safe_ZScore_Defense_t,safe_ZScore_Speed_t,age_t_t,PA_t",91.49128392984541,10.0
fg:21636,Jeremy Pena,2024,2025,135,within_input_season_standardized,B2V + age + PA Ridge,"safe_ZScore_Contact_t,safe_ZScore_Power_t,safe_ZScore_Discipline_t,safe_ZScore_Defense_t,safe_ZScore_Speed_t,age_t_t,PA_t",94.95488815577623,10.0
fg:21693,Miguel Amaya,2024,2025,124,within_input_season_standardized,B2V + age + PA Ridge,"safe_ZScore_Contact_t,safe_ZScore_Power_t,safe_ZScore_Discipline_t,safe_ZScore_Defense_t,safe_ZScore_Speed_t,age_t_t,PA_t",88.84718449609167,10.0
fg:21707,Oswaldo Cabrera,2024,2025,83,within_input_season_standardized,B2V + age + PA Ridge,"safe_ZScore_Contact_t,safe_ZScore_Power_t,safe_ZScore_Discipline_t,safe_ZScore_Defense_t,safe_ZScore_Speed_t,age_t_t,PA_t",90.4561601195458,10.0
fg:21711,Oneil Cruz,2024,2025,86,within_input_season_standardized,B2V + age + PA Ridge,"safe_ZScore_Contact_t,safe_ZScore_Power_t,safe_ZScore_Discipline_t,safe_ZScore_Defense_t,safe_ZScore_Speed_t,age_t_t,PA_t",124.84322582783722,10.0
fg:21716,Enmanuel Valdez,2024,2025,82,within_input_season_standardized,B2V + age + PA Ridge,"safe_ZScore_Contact_t,safe_ZScore_Power_t,safe_ZScore_Discipline_t,safe_ZScore_Defense_t,safe_ZScore_Speed_t,age_t_t,PA_t",96.22882577257003,10.0
fg:21837,Jonathan Aranda,2024,2025,146,within_input_season_standardized,B2V + age + PA Ridge,"safe_ZScore_Contact_t,safe_ZScore_Power_t,safe_ZScore_Discipline_t,safe_ZScore_Defense_t,safe_ZScore_Speed_t,age_t_t,PA_t",106.7423179350962,10.0
fg:21840,Freddy Fermin,2024,2025,77,within_input_season_standardized,B2V + age + PA Ridge,"safe_ZScore_Contact_t,safe_ZScore_Power_t,safe_ZScore_Discipline_t,safe_ZScore_Defense_t,safe_ZScore_Speed_t,age_t_t,PA_t",82.06499891807213,10.0
fg:21853,Will Benson,2024,2025,85,within_input_season_standardized,B2V + age + PA Ridge,"safe_ZScore_Contact_t,safe_ZScore_Power_t,safe_ZScore_Discipline_t,safe_ZScore_Defense_t,safe_ZScore_Speed_t,age_t_t,PA_t",90.7615972667425,10.0
fg:21865,Bo Naylor,2024,2025,85,within_input_season_standardized,B2V + age + PA Ridge,"safe_ZScore_Contact_t,safe_ZScore_Power_t,safe_ZScore_Discipline_t,safe_ZScore_Defense_t,safe_ZScore_Speed_t,age_t_t,PA_t",85.28364561379168,10.0
fg:21897,Christopher Morel,2024,2025,90,within_input_season_standardized,B2V + age + PA Ridge,"safe_ZScore_Contact_t,safe_ZScore_Power_t,safe_ZScore_Discipline_t,safe_ZScore_Defense_t,safe_ZScore_Speed_t,age_t_t,PA_t",99.48465538696456,10.0
fg:22054,Dane Myers,2024,2025,72,within_input_season_standardized,B2V + age + PA Ridge,"safe_ZScore_Contact_t,safe_ZScore_Power_t,safe_ZScore_Discipline_t,safe_ZScore_Defense_t,safe_ZScore_Speed_t,age_t_t,PA_t",91.3457237586535,10.0
fg:22184,Mark Vientos,2024,2025,97,within_input_season_standardized,B2V + age + PA Ridge,"safe_ZScore_Contact_t,safe_ZScore_Power_t,safe_ZScore_Discipline_t,safe_ZScore_Defense_t,safe_ZScore_Speed_t,age_t_t,PA_t",111.34277140085709,10.0
fg:22186,Brice Turang,2024,2025,124,within_input_season_standardized,B2V + age + PA Ridge,"safe_ZScore_Contact_t,safe_ZScore_Power_t,safe_ZScore_Discipline_t,safe_ZScore_Defense_t,safe_ZScore_Speed_t,age_t_t,PA_t",100.22729346932637,10.0
fg:22244,Jack Suwinski,2024,2025,55,within_input_season_standardized,B2V + age + PA Ridge,"safe_ZScore_Contact_t,safe_ZScore_Power_t,safe_ZScore_Discipline_t,safe_ZScore_Defense_t,safe_ZScore_Speed_t,age_t_t,PA_t",96.13760794763478,10.0
fg:22263,Nolan Gorman,2024,2025,88,within_input_season_standardized,B2V + age + PA Ridge,"safe_ZScore_Contact_t,safe_ZScore_Power_t,safe_ZScore_Discipline_t,safe_ZScore_Defense_t,safe_ZScore_Speed_t,age_t_t,PA_t",93.87041639989593,10.0
fg:22266,Xavier Edwards,2024,2025,95,within_input_season_standardized,B2V + age + PA Ridge,"safe_ZScore_Contact_t,safe_ZScore_Power_t,safe_ZScore_Discipline_t,safe_ZScore_Defense_t,safe_ZScore_Speed_t,age_t_t,PA_t",97.47771915771321,10.0
fg:22275,Jake Burger,2024,2025,89,within_input_season_standardized,B2V + age + PA Ridge,"safe_ZScore_Contact_t,safe_ZScore_Power_t,safe_ZScore_Discipline_t,safe_ZScore_Defense_t,safe_ZScore_Speed_t,age_t_t,PA_t",106.33482114378616,10.0
fg:22277,Nick Allen,2024,2025,53,within_input_season_standardized,B2V + age + PA Ridge,"safe_ZScore_Contact_t,safe_ZScore_Power_t,safe_ZScore_Discipline_t,safe_ZScore_Defense_t,safe_ZScore_Speed_t,age_t_t,PA_t",70.17202149846895,10.0
fg:22458,Taylor Walls,2024,2025,66,within_input_season_standardized,B2V + age + PA Ridge,"safe_ZScore_Contact_t,safe_ZScore_Power_t,safe_ZScore_Discipline_t,safe_ZScore_Defense_t,safe_ZScore_Speed_t,age_t_t,PA_t",74.81524670485753,10.0
fg:22514,Triston Casas,2024,2025,56,within_input_season_standardized,B2V + age + PA Ridge,"safe_ZScore_Contact_t,safe_ZScore_Power_t,safe_ZScore_Discipline_t,safe_ZScore_Defense_t,safe_ZScore_Speed_t,age_t_t,PA_t",106.98685104547052,10.0
fg:22515,Heliot Ramos,2024,2025,106,within_input_season_standardized,B2V + age + PA Ridge,"safe_ZScore_Contact_t,safe_ZScore_Power_t,safe_ZScore_Discipline_t,safe_ZScore_Defense_t,safe_ZScore_Speed_t,age_t_t,PA_t",111.98619481572173,10.0
fg:22532,Tyler Freeman,2024,2025,91,within_input_season_standardized,B2V + age + PA Ridge,"safe_ZScore_Contact_t,safe_ZScore_Power_t,safe_ZScore_Discipline_t,safe_ZScore_Defense_t,safe_ZScore_Speed_t,age_t_t,PA_t",94.28409872470021,10.0
fg:22542,Lawrence Butler,2024,2025,96,within_input_season_standardized,B2V + age + PA Ridge,"safe_ZScore_Contact_t,safe_ZScore_Power_t,safe_ZScore_Discipline_t,safe_ZScore_Defense_t,safe_ZScore_Speed_t,age_t_t,PA_t",118.12244254405215,10.0
fg:22563,Gabriel Arias,2024,2025,77,within_input_season_standardized,B2V + age + PA Ridge,"safe_ZScore_Contact_t,safe_ZScore_Power_t,safe_ZScore_Discipline_t,safe_ZScore_Defense_t,safe_ZScore_Speed_t,age_t_t,PA_t",78.98941260278113,10.0
fg:22581,Alejandro Kirk,2024,2025,116,within_input_season_standardized,B2V + age + PA Ridge,"safe_ZScore_Contact_t,safe_ZScore_Power_t,safe_ZScore_Discipline_t,safe_ZScore_Defense_t,safe_ZScore_Speed_t,age_t_t,PA_t",96.25844165443063,10.0
fg:22664,Gabriel Moreno,2024,2025,117,within_input_season_standardized,B2V + age + PA Ridge,"safe_ZScore_Contact_t,safe_ZScore_Power_t,safe_ZScore_Discipline_t,safe_ZScore_Defense_t,safe_ZScore_Speed_t,age_t_t,PA_t",107.42627413888444,10.0
fg:22715,Maikel Garcia,2024,2025,121,within_input_season_standardized,B2V + age + PA Ridge,"safe_ZScore_Contact_t,safe_ZScore_Power_t,safe_ZScore_Discipline_t,safe_ZScore_Defense_t,safe_ZScore_Speed_t,age_t_t,PA_t",108.42077030419706,10.0
fg:22799,Geraldo Perdomo,2024,2025,138,within_input_season_standardized,B2V + age + PA Ridge,"safe_ZScore_Contact_t,safe_ZScore_Power_t,safe_ZScore_Discipline_t,safe_ZScore_Defense_t,safe_ZScore_Speed_t,age_t_t,PA_t",102.26985701023098,10.0
fg:22857,Wenceel Perez,2024,2025,103,within_input_season_standardized,B2V + age + PA Ridge,"safe_ZScore_Contact_t,safe_ZScore_Power_t,safe_ZScore_Discipline_t,safe_ZScore_Defense_t,safe_ZScore_Speed_t,age_t_t,PA_t",94.0413520715322,10.0
fg:22896,Lenyn Sosa,2024,2025,100,within_input_season_standardized,B2V + age + PA Ridge,"safe_ZScore_Contact_t,safe_ZScore_Power_t,safe_ZScore_Discipline_t,safe_ZScore_Defense_t,safe_ZScore_Speed_t,age_t_t,PA_t",92.07530641080182,10.0
fg:23003,Yainer Diaz,2024,2025,92,within_input_season_standardized,B2V + age + PA Ridge,"safe_ZScore_Contact_t,safe_ZScore_Power_t,safe_ZScore_Discipline_t,safe_ZScore_Defense_t,safe_ZScore_Speed_t,age_t_t,PA_t",101.2568191705439,10.0
fg:23401,Jose Caballero,2024,2025,97,within_input_season_standardized,B2V + age + PA Ridge,"safe_ZScore_Contact_t,safe_ZScore_Power_t,safe_ZScore_Discipline_t,safe_ZScore_Defense_t,safe_ZScore_Speed_t,age_t_t,PA_t",74.68641238029653,10.0
fg:23565,Davis Schneider,2024,2025,127,within_input_season_standardized,B2V + age + PA Ridge,"safe_ZScore_Contact_t,safe_ZScore_Power_t,safe_ZScore_Discipline_t,safe_ZScore_Defense_t,safe_ZScore_Speed_t,age_t_t,PA_t",93.59742814967201,10.0
fg:23690,Brayan Rocchio,2024,2025,77,within_input_season_standardized,B2V + age + PA Ridge,"safe_ZScore_Contact_t,safe_ZScore_Power_t,safe_ZScore_Discipline_t,safe_ZScore_Defense_t,safe_ZScore_Speed_t,age_t_t,PA_t",82.8301805141256,10.0
fg:23691,Jose Tena,2024,2025,88,within_input_season_standardized,B2V + age + PA Ridge,"safe_ZScore_Contact_t,safe_ZScore_Power_t,safe_ZScore_Discipline_t,safe_ZScore_Defense_t,safe_ZScore_Speed_t,age_t_t,PA_t",95.06184717804415,10.0
fg:23697,Julio Rodriguez,2024,2025,126,within_input_season_standardized,B2V + age + PA Ridge,"safe_ZScore_Contact_t,safe_ZScore_Power_t,safe_ZScore_Discipline_t,safe_ZScore_Defense_t,safe_ZScore_Speed_t,age_t_t,PA_t",105.16938566445724,10.0
fg:23733,Ezequiel Duran,2024,2025,57,within_input_season_standardized,B2V + age + PA Ridge,"safe_ZScore_Contact_t,safe_ZScore_Power_t,safe_ZScore_Discipline_t,safe_ZScore_Defense_t,safe_ZScore_Speed_t,age_t_t,PA_t",76.69200804200445,10.0
fg:23772,Wilyer Abreu,2024,2025,110,within_input_season_standardized,B2V + age + PA Ridge,"safe_ZScore_Contact_t,safe_ZScore_Power_t,safe_ZScore_Discipline_t,safe_ZScore_Defense_t,safe_ZScore_Speed_t,age_t_t,PA_t",106.99749224394026,10.0
fg:23789,Blaze Alexander,2024,2025,99,within_input_season_standardized,B2V + age + PA Ridge,"safe_ZScore_Contact_t,safe_ZScore_Power_t,safe_ZScore_Discipline_t,safe_ZScore_Defense_t,safe_ZScore_Speed_t,age_t_t,PA_t",84.32416483023039,10.0
fg:23792,Alek Thomas,2024,2025,81,within_input_season_standardized,B2V + age + PA Ridge,"safe_ZScore_Contact_t,safe_ZScore_Power_t,safe_ZScore_Discipline_t,safe_ZScore_Defense_t,safe_ZScore_Speed_t,age_t_t,PA_t",100.83892408245484,10.0
fg:23800,Parker Meadows,2024,2025,75,within_input_season_standardized,B2V + age + PA Ridge,"safe_ZScore_Contact_t,safe_ZScore_Power_t,safe_ZScore_Discipline_t,safe_ZScore_Defense_t,safe_ZScore_Speed_t,age_t_t,PA_t",93.48896887253805,10.0
fg:2396,Carlos Santana,2024,2025,82,within_input_season_standardized,B2V + age + PA Ridge,"safe_ZScore_Contact_t,safe_ZScore_Power_t,safe_ZScore_Discipline_t,safe_ZScore_Defense_t,safe_ZScore_Speed_t,age_t_t,PA_t",98.91923639237805,10.0
fg:23986,Curtis Mead,2024,2025,76,within_input_season_standardized,B2V + age + PA Ridge,"safe_ZScore_Contact_t,safe_ZScore_Power_t,safe_ZScore_Discipline_t,safe_ZScore_Defense_t,safe_ZScore_Speed_t,age_t_t,PA_t",84.01271961836747,10.0
fg:24064,Ezequiel Tovar,2024,2025,78,within_input_season_standardized,B2V + age + PA Ridge,"safe_ZScore_Contact_t,safe_ZScore_Power_t,safe_ZScore_Discipline_t,safe_ZScore_Defense_t,safe_ZScore_Speed_t,age_t_t,PA_t",88.14660222076309,10.0
fg:24257,Jhonkensy Noel,2024,2025,28,within_input_season_standardized,B2V + age + PA Ridge,"safe_ZScore_Contact_t,safe_ZScore_Power_t,safe_ZScore_Discipline_t,safe_ZScore_Defense_t,safe_ZScore_Speed_t,age_t_t,PA_t",97.70888508949052,10.0
fg:24262,Ceddanne Rafaela,2024,2025,91,within_input_season_standardized,B2V + age + PA Ridge,"safe_ZScore_Contact_t,safe_ZScore_Power_t,safe_ZScore_Discipline_t,safe_ZScore_Defense_t,safe_ZScore_Speed_t,age_t_t,PA_t",78.6371809972577,10.0
fg:24336,Johan Rojas,2024,2025,58,within_input_season_standardized,B2V + age + PA Ridge,"safe_ZScore_Contact_t,safe_ZScore_Power_t,safe_ZScore_Discipline_t,safe_ZScore_Defense_t,safe_ZScore_Speed_t,age_t_t,PA_t",81.66729923344033,10.0
fg:24488,Max Schuemann,2024,2025,62,within_input_season_standardized,B2V + age + PA Ridge,"safe_ZScore_Contact_t,safe_ZScore_Power_t,safe_ZScore_Discipline_t,safe_ZScore_Defense_t,safe_ZScore_Speed_t,age_t_t,PA_t",88.39152976133573,10.0
fg:24598,Addison Barger,2024,2025,107,within_input_season_standardized,B2V + age + PA Ridge,"safe_ZScore_Contact_t,safe_ZScore_Power_t,safe_ZScore_Discipline_t,safe_ZScore_Defense_t,safe_ZScore_Speed_t,age_t_t,PA_t",90.72857556654753,10.0
fg:24610,Steven Kwan,2024,2025,99,within_input_season_standardized,B2V + age + PA Ridge,"safe_ZScore_Contact_t,safe_ZScore_Power_t,safe_ZScore_Discipline_t,safe_ZScore_Defense_t,safe_ZScore_Speed_t,age_t_t,PA_t",109.5814573786198,10.0
fg:24617,Jarren Duran,2024,2025,111,within_input_season_standardized,B2V + age + PA Ridge,"safe_ZScore_Contact_t,safe_ZScore_Power_t,safe_ZScore_Discipline_t,safe_ZScore_Defense_t,safe_ZScore_Speed_t,age_t_t,PA_t",117.70219719195089,10.0
fg:24618,Ryan Jeffers,2024,2025,113,within_input_season_standardized,B2V + age + PA Ridge,"safe_ZScore_Contact_t,safe_ZScore_Power_t,safe_ZScore_Discipline_t,safe_ZScore_Defense_t,safe_ZScore_Speed_t,age_t_t,PA_t",99.13968565118273,10.0
fg:24679,Brendan Donovan,2024,2025,119,within_input_season_standardized,B2V + age + PA Ridge,"safe_ZScore_Contact_t,safe_ZScore_Power_t,safe_ZScore_Discipline_t,safe_ZScore_Defense_t,safe_ZScore_Speed_t,age_t_t,PA_t",107.89797229401202,10.0
fg:24703,Jonah Bride,2024,2025,23,within_input_season_standardized,B2V + age + PA Ridge,"safe_ZScore_Contact_t,safe_ZScore_Power_t,safe_ZScore_Discipline_t,safe_ZScore_Defense_t,safe_ZScore_Speed_t,age_t_t,PA_t",99.4941740319608,10.0
fg:24729,Logan O'Hoppe,2024,2025,72,within_input_season_standardized,B2V + age + PA Ridge,"safe_ZScore_Contact_t,safe_ZScore_Power_t,safe_ZScore_Discipline_t,safe_ZScore_Defense_t,safe_ZScore_Speed_t,age_t_t,PA_t",96.81681241529033,10.0
fg:24770,James Outman,2024,2025,48,within_input_season_standardized,B2V + age + PA Ridge,"safe_ZScore_Contact_t,safe_ZScore_Power_t,safe_ZScore_Discipline_t,safe_ZScore_Defense_t,safe_ZScore_Speed_t,age_t_t,PA_t",77.7218445855286,10.0
fg:24816,Andy Pages,2024,2025,113,within_input_season_standardized,B2V + age + PA Ridge,"safe_ZScore_Contact_t,safe_ZScore_Power_t,safe_ZScore_Discipline_t,safe_ZScore_Defense_t,safe_ZScore_Speed_t,age_t_t,PA_t",99.10697693234255,10.0
fg:24934,David Fry,2024,2025,63,within_input_season_standardized,B2V + age + PA Ridge,"safe_ZScore_Contact_t,safe_ZScore_Power_t,safe_ZScore_Discipline_t,safe_ZScore_Defense_t,safe_ZScore_Speed_t,age_t_t,PA_t",98.9342408612,10.0
fg:25180,Daniel Schneemann,2024,2025,79,within_input_season_standardized,B2V + age + PA Ridge,"safe_ZScore_Contact_t,safe_ZScore_Power_t,safe_ZScore_Discipline_t,safe_ZScore_Defense_t,safe_ZScore_Speed_t,age_t_t,PA_t",84.74373133928836,10.0
fg:25479,Brenton Doyle,2024,2025,65,within_input_season_standardized,B2V + age + PA Ridge,"safe_ZScore_Contact_t,safe_ZScore_Power_t,safe_ZScore_Discipline_t,safe_ZScore_Defense_t,safe_ZScore_Speed_t,age_t_t,PA_t",103.0524057597762,10.0
fg:25493,Joey Ortiz,2024,2025,67,within_input_season_standardized,B2V + age + PA Ridge,"safe_ZScore_Contact_t,safe_ZScore_Power_t,safe_ZScore_Discipline_t,safe_ZScore_Defense_t,safe_ZScore_Speed_t,age_t_t,PA_t",103.77145441940527,10.0
fg:25764,Bobby Witt Jr.,2024,2025,130,within_input_season_standardized,B2V + age + PA Ridge,"safe_ZScore_Contact_t,safe_ZScore_Power_t,safe_ZScore_Discipline_t,safe_ZScore_Defense_t,safe_ZScore_Speed_t,age_t_t,PA_t",137.49292742980435,10.0
fg:25768,CJ Abrams,2024,2025,107,within_input_season_standardized,B2V + age + PA Ridge,"safe_ZScore_Contact_t,safe_ZScore_Power_t,safe_ZScore_Discipline_t,safe_ZScore_Defense_t,safe_ZScore_Speed_t,age_t_t,PA_t",105.0748042478174,10.0
fg:25782,Pedro Pages,2024,2025,77,within_input_season_standardized,B2V + age + PA Ridge,"safe_ZScore_Contact_t,safe_ZScore_Power_t,safe_ZScore_Discipline_t,safe_ZScore_Defense_t,safe_ZScore_Speed_t,age_t_t,PA_t",86.94119196837622,10.0
fg:25807,Jared Triolo,2024,2025,86,within_input_season_standardized,B2V + age + PA Ridge,"safe_ZScore_Contact_t,safe_ZScore_Power_t,safe_ZScore_Discipline_t,safe_ZScore_Defense_t,safe_ZScore_Speed_t,age_t_t,PA_t",86.63837134658947,10.0
fg:25816,Shea Langeliers,2024,2025,132,within_input_season_standardized,B2V + age + PA Ridge,"safe_ZScore_Contact_t,safe_ZScore_Power_t,safe_ZScore_Discipline_t,safe_ZScore_Defense_t,safe_ZScore_Speed_t,age_t_t,PA_t",108.12465079265581,10.0
fg:25845,Michael Toglia,2024,2025,54,within_input_season_standardized,B2V + age + PA Ridge,"safe_ZScore_Contact_t,safe_ZScore_Power_t,safe_ZScore_Discipline_t,safe_ZScore_Defense_t,safe_ZScore_Speed_t,age_t_t,PA_t",117.57958583601118,10.0
fg:25878,Corbin Carroll,2024,2025,139,within_input_season_standardized,B2V + age + PA Ridge,"safe_ZScore_Contact_t,safe_ZScore_Power_t,safe_ZScore_Discipline_t,safe_ZScore_Defense_t,safe_ZScore_Speed_t,age_t_t,PA_t",121.39571421217742,10.0
fg:25931,Michael Harris II,2024,2025,83,within_input_season_standardized,B2V + age + PA Ridge,"safe_ZScore_Contact_t,safe_ZScore_Power_t,safe_ZScore_Discipline_t,safe_ZScore_Defense_t,safe_ZScore_Speed_t,age_t_t,PA_t",104.2865850944273,10.0
fg:25961,Kerry Carpenter,2024,2025,115,within_input_season_standardized,B2V + age + PA Ridge,"safe_ZScore_Contact_t,safe_ZScore_Power_t,safe_ZScore_Discipline_t,safe_ZScore_Defense_t,safe_ZScore_Speed_t,age_t_t,PA_t",109.78383172178799,10.0
fg:25976,Riley Greene,2024,2025,121,within_input_season_standardized,B2V + age + PA Ridge,"safe_ZScore_Contact_t,safe_ZScore_Power_t,safe_ZScore_Discipline_t,safe_ZScore_Defense_t,safe_ZScore_Speed_t,age_t_t,PA_t",122.48163495996407,10.0
fg:26121,Francisco Alvarez,2024,2025,124,within_input_season_standardized,B2V + age + PA Ridge,"safe_ZScore_Contact_t,safe_ZScore_Power_t,safe_ZScore_Discipline_t,safe_ZScore_Defense_t,safe_ZScore_Speed_t,age_t_t,PA_t",98.21926968772782,10.0
fg:26123,Brett Baty,2024,2025,111,within_input_season_standardized,B2V + age + PA Ridge,"safe_ZScore_Contact_t,safe_ZScore_Power_t,safe_ZScore_Discipline_t,safe_ZScore_Defense_t,safe_ZScore_Speed_t,age_t_t,PA_t",84.67637199921869,10.0
fg:26151,Kyle Stowers,2024,2025,149,within_input_season_standardized,B2V + age + PA Ridge,"safe_ZScore_Contact_t,safe_ZScore_Power_t,safe_ZScore_Discipline_t,safe_ZScore_Defense_t,safe_ZScore_Speed_t,age_t_t,PA_t",83.5192992335119,10.0
fg:26197,Andrew Vaughn,2024,2025,99,within_input_season_standardized,B2V + age + PA Ridge,"safe_ZScore_Contact_t,safe_ZScore_Power_t,safe_ZScore_Discipline_t,safe_ZScore_Defense_t,safe_ZScore_Speed_t,age_t_t,PA_t",104.51504181257455,10.0
fg:26208,Tyler Fitzgerald,2024,2025,72,within_input_season_standardized,B2V + age + PA Ridge,"safe_ZScore_Contact_t,safe_ZScore_Power_t,safe_ZScore_Discipline_t,safe_ZScore_Defense_t,safe_ZScore_Speed_t,age_t_t,PA_t",95.07498765959824,10.0
fg:26224,Darell Hernaiz,2024,2025,65,within_input_season_standardized,B2V + age + PA Ridge,"safe_ZScore_Contact_t,safe_ZScore_Power_t,safe_ZScore_Discipline_t,safe_ZScore_Defense_t,safe_ZScore_Speed_t,age_t_t,PA_t",81.34558691544868,10.0
fg:26288,Adley Rutschman,2024,2025,91,within_input_season_standardized,B2V + age + PA Ridge,"safe_ZScore_Contact_t,safe_ZScore_Power_t,safe_ZScore_Discipline_t,safe_ZScore_Defense_t,safe_ZScore_Speed_t,age_t_t,PA_t",102.59672404011869,10.0
fg:26289,Gunnar Henderson,2024,2025,120,within_input_season_standardized,B2V + age + PA Ridge,"safe_ZScore_Contact_t,safe_ZScore_Power_t,safe_ZScore_Discipline_t,safe_ZScore_Defense_t,safe_ZScore_Speed_t,age_t_t,PA_t",140.20138728060897,10.0
fg:26294,Bryson Stott,2024,2025,100,within_input_season_standardized,B2V + age + PA Ridge,"safe_ZScore_Contact_t,safe_ZScore_Power_t,safe_ZScore_Discipline_t,safe_ZScore_Defense_t,safe_ZScore_Speed_t,age_t_t,PA_t",101.17648101785959,10.0
fg:26299,Josh Jung,2024,2025,91,within_input_season_standardized,B2V + age + PA Ridge,"safe_ZScore_Contact_t,safe_ZScore_Power_t,safe_ZScore_Discipline_t,safe_ZScore_Defense_t,safe_ZScore_Speed_t,age_t_t,PA_t",87.33732855611338,10.0
fg:26319,Michael Busch,2024,2025,140,within_input_season_standardized,B2V + age + PA Ridge,"safe_ZScore_Contact_t,safe_ZScore_Power_t,safe_ZScore_Discipline_t,safe_ZScore_Defense_t,safe_ZScore_Speed_t,age_t_t,PA_t",105.51405606223827,10.0
fg:26323,Spencer Steer,2024,2025,97,within_input_season_standardized,B2V + age + PA Ridge,"safe_ZScore_Contact_t,safe_ZScore_Power_t,safe_ZScore_Discipline_t,safe_ZScore_Defense_t,safe_ZScore_Speed_t,age_t_t,PA_t",107.56532308363361,10.0
fg:26368,JJ Bleday,2024,2025,90,within_input_season_standardized,B2V + age + PA Ridge,"safe_ZScore_Contact_t,safe_ZScore_Power_t,safe_ZScore_Discipline_t,safe_ZScore_Defense_t,safe_ZScore_Speed_t,age_t_t,PA_t",107.1856473836921,10.0
fg:26396,Josh Smith,2024,2025,100,within_input_season_standardized,B2V + age + PA Ridge,"safe_ZScore_Contact_t,safe_ZScore_Power_t,safe_ZScore_Discipline_t,safe_ZScore_Defense_t,safe_ZScore_Speed_t,age_t_t,PA_t",95.87784894378402,10.0
fg:26438,Dominic Canzone,2024,2025,141,within_input_season_standardized,B2V + age + PA Ridge,"safe_ZScore_Contact_t,safe_ZScore_Power_t,safe_ZScore_Discipline_t,safe_ZScore_Defense_t,safe_ZScore_Speed_t,age_t_t,PA_t",89.25273618032136,10.0
fg:26466,Matt Wallner,2024,2025,114,within_input_season_standardized,B2V + age + PA Ridge,"safe_ZScore_Contact_t,safe_ZScore_Power_t,safe_ZScore_Discipline_t,safe_ZScore_Defense_t,safe_ZScore_Speed_t,age_t_t,PA_t",111.82208827380454,10.0
fg:26467,Luis Matos,2024,2025,91,within_input_season_standardized,B2V + age + PA Ridge,"safe_ZScore_Contact_t,safe_ZScore_Power_t,safe_ZScore_Discipline_t,safe_ZScore_Defense_t,safe_ZScore_Speed_t,age_t_t,PA_t",88.76479486327814,10.0
fg:26477,Spencer Horwitz,2024,2025,119,within_input_season_standardized,B2V + age + PA Ridge,"safe_ZScore_Contact_t,safe_ZScore_Power_t,safe_ZScore_Discipline_t,safe_ZScore_Defense_t,safe_ZScore_Speed_t,age_t_t,PA_t",102.43130333715087,10.0
fg:26517,Noelvi Marte,2024,2025,101,within_input_season_standardized,B2V + age + PA Ridge,"safe_ZScore_Contact_t,safe_ZScore_Power_t,safe_ZScore_Discipline_t,safe_ZScore_Defense_t,safe_ZScore_Speed_t,age_t_t,PA_t",80.20597300188872,10.0
fg:26540,Angel Martinez,2024,2025,74,within_input_season_standardized,B2V + age + PA Ridge,"safe_ZScore_Contact_t,safe_ZScore_Power_t,safe_ZScore_Discipline_t,safe_ZScore_Defense_t,safe_ZScore_Speed_t,age_t_t,PA_t",87.2015091582072,10.0
fg:26668,Elly De La Cruz,2024,2025,109,within_input_season_standardized,B2V + age + PA Ridge,"safe_ZScore_Contact_t,safe_ZScore_Power_t,safe_ZScore_Discipline_t,safe_ZScore_Defense_t,safe_ZScore_Speed_t,age_t_t,PA_t",121.80152294150525,10.0
fg:27462,Austin Martin,2024,2025,113,within_input_season_standardized,B2V + age + PA Ridge,"safe_ZScore_Contact_t,safe_ZScore_Power_t,safe_ZScore_Discipline_t,safe_ZScore_Defense_t,safe_ZScore_Speed_t,age_t_t,PA_t",93.008013205192,10.0
fg:27465,Spencer Torkelson,2024,2025,118,within_input_season_standardized,B2V + age + PA Ridge,"safe_ZScore_Contact_t,safe_ZScore_Power_t,safe_ZScore_Discipline_t,safe_ZScore_Defense_t,safe_ZScore_Speed_t,age_t_t,PA_t",92.25297301298052,10.0
fg:27467,Tyler Soderstrom,2024,2025,125,within_input_season_standardized,B2V + age + PA Ridge,"safe_ZScore_Contact_t,safe_ZScore_Power_t,safe_ZScore_Discipline_t,safe_ZScore_Defense_t,safe_ZScore_Speed_t,age_t_t,PA_t",106.25761332661943,10.0
fg:27475,Jordan Walker,2024,2025,66,within_input_season_standardized,B2V + age + PA Ridge,"safe_ZScore_Contact_t,safe_ZScore_Power_t,safe_ZScore_Discipline_t,safe_ZScore_Defense_t,safe_ZScore_Speed_t,age_t_t,PA_t",95.66126644870782,10.0
fg:27478,Patrick Bailey,2024,2025,70,within_input_season_standardized,B2V + age + PA Ridge,"safe_ZScore_Contact_t,safe_ZScore_Power_t,safe_ZScore_Discipline_t,safe_ZScore_Defense_t,safe_ZScore_Speed_t,age_t_t,PA_t",88.8350489030867,10.0
fg:27479,Masyn Winn,2024,2025,91,within_input_season_standardized,B2V + age + PA Ridge,"safe_ZScore_Contact_t,safe_ZScore_Power_t,safe_ZScore_Discipline_t,safe_ZScore_Defense_t,safe_ZScore_Speed_t,age_t_t,PA_t",103.76163672253678,10.0
fg:27490,Nick Gonzales,2024,2025,82,within_input_season_standardized,B2V + age + PA Ridge,"safe_ZScore_Contact_t,safe_ZScore_Power_t,safe_ZScore_Discipline_t,safe_ZScore_Defense_t,safe_ZScore_Speed_t,age_t_t,PA_t",90.09010587108517,10.0
fg:27506,Ha-seong Kim,2024,2025,82,within_input_season_standardized,B2V + age + PA Ridge,"safe_ZScore_Contact_t,safe_ZScore_Power_t,safe_ZScore_Discipline_t,safe_ZScore_Defense_t,safe_ZScore_Speed_t,age_t_t,PA_t",104.37031221786417,10.0
fg:27531,David Hamilton,2024,2025,60,within_input_season_standardized,B2V + age + PA Ridge,"safe_ZScore_Contact_t,safe_ZScore_Power_t,safe_ZScore_Discipline_t,safe_ZScore_Defense_t,safe_ZScore_Speed_t,age_t_t,PA_t",92.83915130812515,10.0
fg:27534,Edouard Julien,2024,2025,81,within_input_season_standardized,B2V + age + PA Ridge,"safe_ZScore_Contact_t,safe_ZScore_Power_t,safe_ZScore_Discipline_t,safe_ZScore_Defense_t,safe_ZScore_Speed_t,age_t_t,PA_t",93.43614331570213,10.0
fg:27562,Austin Wells,2024,2025,94,within_input_season_standardized,B2V + age + PA Ridge,"safe_ZScore_Contact_t,safe_ZScore_Power_t,safe_ZScore_Discipline_t,safe_ZScore_Defense_t,safe_ZScore_Speed_t,age_t_t,PA_t",96.01264705019834,10.0
fg:27577,Casey Schmitt,2024,2025,98,within_input_season_standardized,B2V + age + PA Ridge,"safe_ZScore_Contact_t,safe_ZScore_Power_t,safe_ZScore_Discipline_t,safe_ZScore_Defense_t,safe_ZScore_Speed_t,age_t_t,PA_t",91.76945211294301,10.0
fg:27615,Alec Burleson,2024,2025,124,within_input_season_standardized,B2V + age + PA Ridge,"safe_ZScore_Contact_t,safe_ZScore_Power_t,safe_ZScore_Discipline_t,safe_ZScore_Defense_t,safe_ZScore_Speed_t,age_t_t,PA_t",105.94731429078753,10.0
fg:27630,Nick Loftin,2024,2025,73,within_input_season_standardized,B2V + age + PA Ridge,"safe_ZScore_Contact_t,safe_ZScore_Power_t,safe_ZScore_Discipline_t,safe_ZScore_Defense_t,safe_ZScore_Speed_t,age_t_t,PA_t",81.14297327875093,10.0
fg:27647,Anthony Volpe,2024,2025,83,within_input_season_standardized,B2V + age + PA Ridge,"safe_ZScore_Contact_t,safe_ZScore_Power_t,safe_ZScore_Discipline_t,safe_ZScore_Defense_t,safe_ZScore_Speed_t,age_t_t,PA_t",94.38914154962873,10.0
fg:27676,Vinnie Pasquantino,2024,2025,116,within_input_season_standardized,B2V + age + PA Ridge,"safe_ZScore_Contact_t,safe_ZScore_Power_t,safe_ZScore_Discipline_t,safe_ZScore_Defense_t,safe_ZScore_Speed_t,age_t_t,PA_t",113.77940765325309,10.0
fg:27684,Michael Massey,2024,2025,57,within_input_season_standardized,B2V + age + PA Ridge,"safe_ZScore_Contact_t,safe_ZScore_Power_t,safe_ZScore_Discipline_t,safe_ZScore_Defense_t,safe_ZScore_Speed_t,age_t_t,PA_t",98.37275362094782,10.0
fg:27769,Pete Crow-Armstrong,2024,2025,109,within_input_season_standardized,B2V + age + PA Ridge,"safe_ZScore_Contact_t,safe_ZScore_Power_t,safe_ZScore_Discipline_t,safe_ZScore_Defense_t,safe_ZScore_Speed_t,age_t_t,PA_t",84.8393488455535,10.0
fg:27790,Evan Carter,2024,2025,107,within_input_season_standardized,B2V + age + PA Ridge,"safe_ZScore_Contact_t,safe_ZScore_Power_t,safe_ZScore_Discipline_t,safe_ZScore_Defense_t,safe_ZScore_Speed_t,age_t_t,PA_t",94.543605137921,10.0
fg:27815,Jordan Westburg,2024,2025,115,within_input_season_standardized,B2V + age + PA Ridge,"safe_ZScore_Contact_t,safe_ZScore_Power_t,safe_ZScore_Discipline_t,safe_ZScore_Defense_t,safe_ZScore_Speed_t,age_t_t,PA_t",109.04981188410743,10.0
fg:27899,Colt Keith,2024,2025,109,within_input_season_standardized,B2V + age + PA Ridge,"safe_ZScore_Contact_t,safe_ZScore_Power_t,safe_ZScore_Discipline_t,safe_ZScore_Defense_t,safe_ZScore_Speed_t,age_t_t,PA_t",98.2333599282186,10.0
fg:28163,Junior Caminero,2024,2025,129,within_input_season_standardized,B2V + age + PA Ridge,"safe_ZScore_Contact_t,safe_ZScore_Power_t,safe_ZScore_Discipline_t,safe_ZScore_Defense_t,safe_ZScore_Speed_t,age_t_t,PA_t",102.41076420230276,10.0
fg:28806,Jackson Chourio,2024,2025,111,within_input_season_standardized,B2V + age + PA Ridge,"safe_ZScore_Contact_t,safe_ZScore_Power_t,safe_ZScore_Discipline_t,safe_ZScore_Defense_t,safe_ZScore_Speed_t,age_t_t,PA_t",114.22434872756097,10.0
fg:29490,Jackson Merrill,2024,2025,116,within_input_season_standardized,B2V + age + PA Ridge,"safe_ZScore_Contact_t,safe_ZScore_Power_t,safe_ZScore_Discipline_t,safe_ZScore_Defense_t,safe_ZScore_Speed_t,age_t_t,PA_t",117.18526028245084,10.0
fg:29518,James Wood,2024,2025,127,within_input_season_standardized,B2V + age + PA Ridge,"safe_ZScore_Contact_t,safe_ZScore_Power_t,safe_ZScore_Discipline_t,safe_ZScore_Defense_t,safe_ZScore_Speed_t,age_t_t,PA_t",120.11157987879477,10.0
fg:29575,Trey Sweeney,2024,2025,53,within_input_season_standardized,B2V + age + PA Ridge,"safe_ZScore_Contact_t,safe_ZScore_Power_t,safe_ZScore_Discipline_t,safe_ZScore_Defense_t,safe_ZScore_Speed_t,age_t_t,PA_t",86.55630711008085,10.0
fg:29576,Ben Rice,2024,2025,133,within_input_season_standardized,B2V + age + PA Ridge,"safe_ZScore_Contact_t,safe_ZScore_Power_t,safe_ZScore_Discipline_t,safe_ZScore_Defense_t,safe_ZScore_Speed_t,age_t_t,PA_t",99.10978506476923,10.0
fg:29591,Colton Cowser,2024,2025,83,within_input_season_standardized,B2V + age + PA Ridge,"safe_ZScore_Contact_t,safe_ZScore_Power_t,safe_ZScore_Discipline_t,safe_ZScore_Defense_t,safe_ZScore_Speed_t,age_t_t,PA_t",110.88012963694992,10.0
fg:29592,Connor Norby,2024,2025,90,within_input_season_standardized,B2V + age + PA Ridge,"safe_ZScore_Contact_t,safe_ZScore_Power_t,safe_ZScore_Discipline_t,safe_ZScore_Defense_t,safe_ZScore_Speed_t,age_t_t,PA_t",88.46070277895011,10.0
fg:29606,Justyn-Henry Malloy,2024,2025,92,within_input_season_standardized,B2V + age + PA Ridge,"safe_ZScore_Contact_t,safe_ZScore_Power_t,safe_ZScore_Discipline_t,safe_ZScore_Defense_t,safe_ZScore_Speed_t,age_t_t,PA_t",88.55792945700556,10.0
fg:29617,Henry Davis,2024,2025,41,within_input_season_standardized,B2V + age + PA Ridge,"safe_ZScore_Contact_t,safe_ZScore_Power_t,safe_ZScore_Discipline_t,safe_ZScore_Defense_t,safe_ZScore_Speed_t,age_t_t,PA_t",72.37586315097062,10.0
fg:29622,Sal Frelick,2024,2025,114,within_input_season_standardized,B2V + age + PA Ridge,"safe_ZScore_Contact_t,safe_ZScore_Power_t,safe_ZScore_Discipline_t,safe_ZScore_Defense_t,safe_ZScore_Speed_t,age_t_t,PA_t",89.09038097890102,10.0
fg:29630,Joey Loperfido,2024,2025,148,within_input_season_standardized,B2V + age + PA Ridge,"safe_ZScore_Contact_t,safe_ZScore_Power_t,safe_ZScore_Discipline_t,safe_ZScore_Defense_t,safe_ZScore_Speed_t,age_t_t,PA_t",75.36384083046902,10.0
fg:2967,Tommy Pham,2024,2025,94,within_input_season_standardized,B2V + age + PA Ridge,"safe_ZScore_Contact_t,safe_ZScore_Power_t,safe_ZScore_Discipline_t,safe_ZScore_Defense_t,safe_ZScore_Speed_t,age_t_t,PA_t",96.28871628794883,10.0
fg:29715,Hunter Goodman,2024,2025,118,within_input_season_standardized,B2V + age + PA Ridge,"safe_ZScore_Contact_t,safe_ZScore_Power_t,safe_ZScore_Discipline_t,safe_ZScore_Defense_t,safe_ZScore_Speed_t,age_t_t,PA_t",91.18897563828149,10.0
fg:29766,Zack Gelof,2024,2025,36,within_input_season_standardized,B2V + age + PA Ridge,"safe_ZScore_Contact_t,safe_ZScore_Power_t,safe_ZScore_Discipline_t,safe_ZScore_Defense_t,safe_ZScore_Speed_t,age_t_t,PA_t",87.76464210894319,10.0
fg:29794,Kyle Manzardo,2024,2025,113,within_input_season_standardized,B2V + age + PA Ridge,"safe_ZScore_Contact_t,safe_ZScore_Power_t,safe_ZScore_Discipline_t,safe_ZScore_Defense_t,safe_ZScore_Speed_t,age_t_t,PA_t",90.10655919804165,10.0
fg:29931,Jacob Young,2024,2025,66,within_input_season_standardized,B2V + age + PA Ridge,"safe_ZScore_Contact_t,safe_ZScore_Power_t,safe_ZScore_Discipline_t,safe_ZScore_Defense_t,safe_ZScore_Speed_t,age_t_t,PA_t",86.02032213623164,10.0
fg:30011,Christian Encarnacion-Strand,2024,2025,59,within_input_season_standardized,B2V + age + PA Ridge,"safe_ZScore_Contact_t,safe_ZScore_Power_t,safe_ZScore_Discipline_t,safe_ZScore_Defense_t,safe_ZScore_Speed_t,age_t_t,PA_t",79.13071192546214,10.0
fg:30116,Seiya Suzuki,2024,2025,123,within_input_season_standardized,B2V + age + PA Ridge,"safe_ZScore_Contact_t,safe_ZScore_Power_t,safe_ZScore_Discipline_t,safe_ZScore_Defense_t,safe_ZScore_Speed_t,age_t_t,PA_t",120.77569580840427,10.0
fg:31166,Heston Kjerstad,2024,2025,57,within_input_season_standardized,B2V + age + PA Ridge,"safe_ZScore_Contact_t,safe_ZScore_Power_t,safe_ZScore_Discipline_t,safe_ZScore_Defense_t,safe_ZScore_Speed_t,age_t_t,PA_t",87.91743382759785,10.0
fg:31347,Zach Neto,2024,2025,116,within_input_season_standardized,B2V + age + PA Ridge,"safe_ZScore_Contact_t,safe_ZScore_Power_t,safe_ZScore_Discipline_t,safe_ZScore_Defense_t,safe_ZScore_Speed_t,age_t_t,PA_t",105.88090808086606,10.0
fg:31349,Victor Scott II,2024,2025,76,within_input_season_standardized,B2V + age + PA Ridge,"safe_ZScore_Contact_t,safe_ZScore_Power_t,safe_ZScore_Discipline_t,safe_ZScore_Defense_t,safe_ZScore_Speed_t,age_t_t,PA_t",79.12452937529432,10.0
fg:31394,Brooks Baldwin,2024,2025,92,within_input_season_standardized,B2V + age + PA Ridge,"safe_ZScore_Contact_t,safe_ZScore_Power_t,safe_ZScore_Discipline_t,safe_ZScore_Defense_t,safe_ZScore_Speed_t,age_t_t,PA_t",76.39086907802435,10.0
fg:31431,Jordan Beck,2024,2025,90,within_input_season_standardized,B2V + age + PA Ridge,"safe_ZScore_Contact_t,safe_ZScore_Power_t,safe_ZScore_Discipline_t,safe_ZScore_Defense_t,safe_ZScore_Speed_t,age_t_t,PA_t",76.8225964567936,10.0
fg:31595,Brooks Lee,2024,2025,81,within_input_season_standardized,B2V + age + PA Ridge,"safe_ZScore_Contact_t,safe_ZScore_Power_t,safe_ZScore_Discipline_t,safe_ZScore_Defense_t,safe_ZScore_Speed_t,age_t_t,PA_t",83.00935586358943,10.0
fg:31781,Jackson Holliday,2024,2025,96,within_input_season_standardized,B2V + age + PA Ridge,"safe_ZScore_Contact_t,safe_ZScore_Power_t,safe_ZScore_Discipline_t,safe_ZScore_Defense_t,safe_ZScore_Speed_t,age_t_t,PA_t",89.95677891160453,10.0
fg:31837,Masataka Yoshida,2024,2025,88,within_input_season_standardized,B2V + age + PA Ridge,"safe_ZScore_Contact_t,safe_ZScore_Power_t,safe_ZScore_Discipline_t,safe_ZScore_Defense_t,safe_ZScore_Speed_t,age_t_t,PA_t",99.55443656928396,10.0
fg:33189,Nolan Schanuel,2024,2025,109,within_input_season_standardized,B2V + age + PA Ridge,"safe_ZScore_Contact_t,safe_ZScore_Power_t,safe_ZScore_Discipline_t,safe_ZScore_Defense_t,safe_ZScore_Speed_t,age_t_t,PA_t",105.400618198596,10.0
fg:33266,Jacob Wilson,2024,2025,121,within_input_season_standardized,B2V + age + PA Ridge,"safe_ZScore_Contact_t,safe_ZScore_Power_t,safe_ZScore_Discipline_t,safe_ZScore_Defense_t,safe_ZScore_Speed_t,age_t_t,PA_t",86.0231191935524,10.0
fg:33333,Wyatt Langford,2024,2025,118,within_input_season_standardized,B2V + age + PA Ridge,"safe_ZScore_Contact_t,safe_ZScore_Power_t,safe_ZScore_Discipline_t,safe_ZScore_Defense_t,safe_ZScore_Speed_t,age_t_t,PA_t",113.9152624056789,10.0
fg:33541,Dylan Crews,2024,2025,77,within_input_season_standardized,B2V + age + PA Ridge,"safe_ZScore_Contact_t,safe_ZScore_Power_t,safe_ZScore_Discipline_t,safe_ZScore_Defense_t,safe_ZScore_Speed_t,age_t_t,PA_t",98.42809604953132,10.0
fg:33824,Jung Hoo Lee,2024,2025,107,within_input_season_standardized,B2V + age + PA Ridge,"safe_ZScore_Contact_t,safe_ZScore_Power_t,safe_ZScore_Discipline_t,safe_ZScore_Defense_t,safe_ZScore_Speed_t,age_t_t,PA_t",98.95238436144835,10.0
fg:4949,Giancarlo Stanton,2024,2025,158,within_input_season_standardized,B2V + age + PA Ridge,"safe_ZScore_Contact_t,safe_ZScore_Power_t,safe_ZScore_Discipline_t,safe_ZScore_Defense_t,safe_ZScore_Speed_t,age_t_t,PA_t",111.25834456081772,10.0
fg:5235,Justin Turner,2024,2025,71,within_input_season_standardized,B2V + age + PA Ridge,"safe_ZScore_Contact_t,safe_ZScore_Power_t,safe_ZScore_Discipline_t,safe_ZScore_Defense_t,safe_ZScore_Speed_t,age_t_t,PA_t",86.36888342740494,10.0
fg:5361,Freddie Freeman,2024,2025,139,within_input_season_standardized,B2V + age + PA Ridge,"safe_ZScore_Contact_t,safe_ZScore_Power_t,safe_ZScore_Discipline_t,safe_ZScore_Defense_t,safe_ZScore_Speed_t,age_t_t,PA_t",112.66987223717484,10.0
fg:5417,Jose Altuve,2024,2025,113,within_input_season_standardized,B2V + age + PA Ridge,"safe_ZScore_Contact_t,safe_ZScore_Power_t,safe_ZScore_Discipline_t,safe_ZScore_Defense_t,safe_ZScore_Speed_t,age_t_t,PA_t",94.2162693738746,10.0
fg:5517,Kyle Higashioka,2024,2025,93,within_input_season_standardized,B2V + age + PA Ridge,"safe_ZScore_Contact_t,safe_ZScore_Power_t,safe_ZScore_Discipline_t,safe_ZScore_Defense_t,safe_ZScore_Speed_t,age_t_t,PA_t",87.44405255575826,10.0
fg:5827,Wilmer Flores,2024,2025,95,within_input_season_standardized,B2V + age + PA Ridge,"safe_ZScore_Contact_t,safe_ZScore_Power_t,safe_ZScore_Discipline_t,safe_ZScore_Defense_t,safe_ZScore_Speed_t,age_t_t,PA_t",79.09641315489978,10.0
fg:6887,Martin Maldonado,2024,2025,61,within_input_season_standardized,B2V + age + PA Ridge,"safe_ZScore_Contact_t,safe_ZScore_Power_t,safe_ZScore_Discipline_t,safe_ZScore_Defense_t,safe_ZScore_Speed_t,age_t_t,PA_t",59.10969484088094,10.0
fg:7304,Salvador Perez,2024,2025,95,within_input_season_standardized,B2V + age + PA Ridge,"safe_ZScore_Contact_t,safe_ZScore_Power_t,safe_ZScore_Discipline_t,safe_ZScore_Defense_t,safe_ZScore_Speed_t,age_t_t,PA_t",93.51682554118078,10.0
fg:7739,Travis d'Arnaud,2024,2025,64,within_input_season_standardized,B2V + age + PA Ridge,"safe_ZScore_Contact_t,safe_ZScore_Power_t,safe_ZScore_Discipline_t,safe_ZScore_Defense_t,safe_ZScore_Speed_t,age_t_t,PA_t",87.46416479702913,10.0
fg:7802,Miguel Rojas,2024,2025,100,within_input_season_standardized,B2V + age + PA Ridge,"safe_ZScore_Contact_t,safe_ZScore_Power_t,safe_ZScore_Discipline_t,safe_ZScore_Defense_t,safe_ZScore_Speed_t,age_t_t,PA_t",87.2876140068466,10.0
fg:8623,Donovan Solano,2024,2025,82,within_input_season_standardized,B2V + age + PA Ridge,"safe_ZScore_Contact_t,safe_ZScore_Power_t,safe_ZScore_Discipline_t,safe_ZScore_Defense_t,safe_ZScore_Speed_t,age_t_t,PA_t",81.33089339212495,10.0
fg:9218,Paul Goldschmidt,2024,2025,103,within_input_season_standardized,B2V + age + PA Ridge,"safe_ZScore_Contact_t,safe_ZScore_Power_t,safe_ZScore_Discipline_t,safe_ZScore_Defense_t,safe_ZScore_Speed_t,age_t_t,PA_t",99.51501043331656,10.0
fg:9241,Starling Marte,2024,2025,112,within_input_season_standardized,B2V + age + PA Ridge,"safe_ZScore_Contact_t,safe_ZScore_Power_t,safe_ZScore_Discipline_t,safe_ZScore_Defense_t,safe_ZScore_Speed_t,age_t_t,PA_t",93.6591329747024,10.0
fg:9774,Christian Vazquez,2024,2025,55,within_input_season_standardized,B2V + age + PA Ridge,"safe_ZScore_Contact_t,safe_ZScore_Power_t,safe_ZScore_Discipline_t,safe_ZScore_Defense_t,safe_ZScore_Speed_t,age_t_t,PA_t",70.78429756421232,10.0
fg:9777,Nolan Arenado,2024,2025,84,within_input_season_standardized,B2V + age + PA Ridge,"safe_ZScore_Contact_t,safe_ZScore_Power_t,safe_ZScore_Discipline_t,safe_ZScore_Defense_t,safe_ZScore_Speed_t,age_t_t,PA_t",87.09098900068447,10.0
fg:9847,Andrew McCutchen,2024,2025,95,within_input_season_standardized,B2V + age + PA Ridge,"safe_ZScore_Contact_t,safe_ZScore_Power_t,safe_ZScore_Discipline_t,safe_ZScore_Defense_t,safe_ZScore_Speed_t,age_t_t,PA_t",94.33159291329031,10.0
fg:9874,DJ LeMahieu,2024,2025,95,within_input_season_standardized,B2V + age + PA Ridge,"safe_ZScore_Contact_t,safe_ZScore_Power_t,safe_ZScore_Discipline_t,safe_ZScore_Defense_t,safe_ZScore_Speed_t,age_t_t,PA_t",77.46237195369692,10.0
fg:10155,Mike Trout,2024,2025,120,within_input_season_standardized,wRC+ + B2V + age + PA Ridge,"wRC+_t,safe_ZScore_Contact_t,safe_ZScore_Power_t,safe_ZScore_Discipline_t,safe_ZScore_Defense_t,safe_ZScore_Speed_t,age_t_t,PA_t",113.20276048984412,10.0
fg:10231,Jose Iglesias,2024,2025,73,within_input_season_standardized,wRC+ + B2V + age + PA Ridge,"wRC+_t,safe_ZScore_Contact_t,safe_ZScore_Power_t,safe_ZScore_Discipline_t,safe_ZScore_Defense_t,safe_ZScore_Speed_t,age_t_t,PA_t",80.59099913356935,10.0
fg:10243,Randal Grichuk,2024,2025,82,within_input_season_standardized,wRC+ + B2V + age + PA Ridge,"wRC+_t,safe_ZScore_Contact_t,safe_ZScore_Power_t,safe_ZScore_Discipline_t,safe_ZScore_Defense_t,safe_ZScore_Speed_t,age_t_t,PA_t",108.83631678871207,10.0
fg:10324,Marcell Ozuna,2024,2025,114,within_input_season_standardized,wRC+ + B2V + age + PA Ridge,"wRC+_t,safe_ZScore_Contact_t,safe_ZScore_Power_t,safe_ZScore_Discipline_t,safe_ZScore_Defense_t,safe_ZScore_Speed_t,age_t_t,PA_t",123.7706578331165,10.0
fg:10472,Enrique Hernandez,2024,2025,70,within_input_season_standardized,wRC+ + B2V + age + PA Ridge,"wRC+_t,safe_ZScore_Contact_t,safe_ZScore_Power_t,safe_ZScore_Discipline_t,safe_ZScore_Defense_t,safe_ZScore_Speed_t,age_t_t,PA_t",90.95184174388433,10.0
fg:10681,Gio Urshela,2024,2025,68,within_input_season_standardized,wRC+ + B2V + age + PA Ridge,"wRC+_t,safe_ZScore_Contact_t,safe_ZScore_Power_t,safe_ZScore_Discipline_t,safe_ZScore_Defense_t,safe_ZScore_Speed_t,age_t_t,PA_t",77.7101660716773,10.0
fg:10815,Jurickson Profar,2024,2025,122,within_input_season_standardized,wRC+ + B2V + age + PA Ridge,"wRC+_t,safe_ZScore_Contact_t,safe_ZScore_Power_t,safe_ZScore_Discipline_t,safe_ZScore_Defense_t,safe_ZScore_Speed_t,age_t_t,PA_t",118.84565321058035,10.0
fg:11442,Gary Sanchez,2024,2025,100,within_input_season_standardized,wRC+ + B2V + age + PA Ridge,"wRC+_t,safe_ZScore_Contact_t,safe_ZScore_Power_t,safe_ZScore_Discipline_t,safe_ZScore_Defense_t,safe_ZScore_Speed_t,age_t_t,PA_t",96.57916716358186,10.0
fg:11445,Mark Canha,2024,2025,49,within_input_season_standardized,wRC+ + B2V + age + PA Ridge,"wRC+_t,safe_ZScore_Contact_t,safe_ZScore_Power_t,safe_ZScore_Discipline_t,safe_ZScore_Defense_t,safe_ZScore_Speed_t,age_t_t,PA_t",87.52606405366137,10.0
fg:11477,Christian Yelich,2024,2025,121,within_input_season_standardized,wRC+ + B2V + age + PA Ridge,"wRC+_t,safe_ZScore_Contact_t,safe_ZScore_Power_t,safe_ZScore_Discipline_t,safe_ZScore_Defense_t,safe_ZScore_Speed_t,age_t_t,PA_t",117.19407716297607,10.0
fg:11493,Manny Machado,2024,2025,123,within_input_season_standardized,wRC+ + B2V + age + PA Ridge,"wRC+_t,safe_ZScore_Contact_t,safe_ZScore_Power_t,safe_ZScore_Discipline_t,safe_ZScore_Defense_t,safe_ZScore_Speed_t,age_t_t,PA_t",114.44937331923526,10.0
fg:11579,Bryce Harper,2024,2025,131,within_input_season_standardized,wRC+ + B2V + age + PA Ridge,"wRC+_t,safe_ZScore_Contact_t,safe_ZScore_Power_t,safe_ZScore_Discipline_t,safe_ZScore_Defense_t,safe_ZScore_Speed_t,age_t_t,PA_t",112.84377909095261,10.0
fg:11609,Willson Contreras,2024,2025,124,within_input_season_standardized,wRC+ + B2V + age + PA Ridge,"wRC+_t,safe_ZScore_Contact_t,safe_ZScore_Power_t,safe_ZScore_Discipline_t,safe_ZScore_Defense_t,safe_ZScore_Speed_t,age_t_t,PA_t",102.88236646352654,10.0
fg:11680,Elias Diaz,2024,2025,74,within_input_season_standardized,wRC+ + B2V + age + PA Ridge,"wRC+_t,safe_ZScore_Contact_t,safe_ZScore_Power_t,safe_ZScore_Discipline_t,safe_ZScore_Defense_t,safe_ZScore_Speed_t,age_t_t,PA_t",74.2759479688522,10.0
fg:11737,Nick Castellanos,2024,2025,90,within_input_season_standardized,wRC+ + B2V + age + PA Ridge,"wRC+_t,safe_ZScore_Contact_t,safe_ZScore_Power_t,safe_ZScore_Discipline_t,safe_ZScore_Defense_t,safe_ZScore_Speed_t,age_t_t,PA_t",93.74561715757987,10.0
fg:11739,J.T. Realmuto,2024,2025,94,within_input_season_standardized,wRC+ + B2V + age + PA Ridge,"wRC+_t,safe_ZScore_Contact_t,safe_ZScore_Power_t,safe_ZScore_Discipline_t,safe_ZScore_Defense_t,safe_ZScore_Speed_t,age_t_t,PA_t",94.50975083256243,10.0
fg:11899,Joc Pederson,2024,2025,76,within_input_season_standardized,wRC+ + B2V + age + PA Ridge,"wRC+_t,safe_ZScore_Contact_t,safe_ZScore_Power_t,safe_ZScore_Discipline_t,safe_ZScore_Defense_t,safe_ZScore_Speed_t,age_t_t,PA_t",117.620226720958,10.0
fg:12005,Nick Martini,2024,2025,49,within_input_season_standardized,wRC+ + B2V + age + PA Ridge,"wRC+_t,safe_ZScore_Contact_t,safe_ZScore_Power_t,safe_ZScore_Discipline_t,safe_ZScore_Defense_t,safe_ZScore_Speed_t,age_t_t,PA_t",79.00941995290265,10.0
fg:12144,Max Kepler,2024,2025,90,within_input_season_standardized,wRC+ + B2V + age + PA Ridge,"wRC+_t,safe_ZScore_Contact_t,safe_ZScore_Power_t,safe_ZScore_Discipline_t,safe_ZScore_Defense_t,safe_ZScore_Speed_t,age_t_t,PA_t",87.7018334417457,10.0
fg:12161,Xander Bogaerts,2024,2025,104,within_input_season_standardized,wRC+ + B2V + age + PA Ridge,"wRC+_t,safe_ZScore_Contact_t,safe_ZScore_Power_t,safe_ZScore_Discipline_t,safe_ZScore_Defense_t,safe_ZScore_Speed_t,age_t_t,PA_t",95.38088537548813,10.0
fg:12533,Marcus Semien,2024,2025,89,within_input_season_standardized,wRC+ + B2V + age + PA Ridge,"wRC+_t,safe_ZScore_Contact_t,safe_ZScore_Power_t,safe_ZScore_Discipline_t,safe_ZScore_Defense_t,safe_ZScore_Speed_t,age_t_t,PA_t",94.8928336740681,10.0
fg:12552,Eugenio Suarez,2024,2025,125,within_input_season_standardized,wRC+ + B2V + age + PA Ridge,"wRC+_t,safe_ZScore_Contact_t,safe_ZScore_Power_t,safe_ZScore_Discipline_t,safe_ZScore_Defense_t,safe_ZScore_Speed_t,age_t_t,PA_t",100.83097943491697,10.0
fg:12564,Trevor Story,2024,2025,101,within_input_season_standardized,wRC+ + B2V + age + PA Ridge,"wRC+_t,safe_ZScore_Contact_t,safe_ZScore_Power_t,safe_ZScore_Discipline_t,safe_ZScore_Defense_t,safe_ZScore_Speed_t,age_t_t,PA_t",66.89732664456831,10.0
fg:12856,George Springer,2024,2025,166,within_input_season_standardized,wRC+ + B2V + age + PA Ridge,"wRC+_t,safe_ZScore_Contact_t,safe_ZScore_Power_t,safe_ZScore_Discipline_t,safe_ZScore_Defense_t,safe_ZScore_Speed_t,age_t_t,PA_t",97.80449762728645,10.0
fg:12859,James McCann,2024,2025,110,within_input_season_standardized,wRC+ + B2V + age + PA Ridge,"wRC+_t,safe_ZScore_Contact_t,safe_ZScore_Power_t,safe_ZScore_Discipline_t,safe_ZScore_Defense_t,safe_ZScore_Speed_t,age_t_t,PA_t",80.59189463638809,10.0
fg:12916,Francisco Lindor,2024,2025,129,within_input_season_standardized,wRC+ + B2V + age + PA Ridge,"wRC+_t,safe_ZScore_Contact_t,safe_ZScore_Power_t,safe_ZScore_Discipline_t,safe_ZScore_Defense_t,safe_ZScore_Speed_t,age_t_t,PA_t",118.56095665657303,10.0
fg:12927,Brandon Nimmo,2024,2025,114,within_input_season_standardized,wRC+ + B2V + age + PA Ridge,"wRC+_t,safe_ZScore_Contact_t,safe_ZScore_Power_t,safe_ZScore_Discipline_t,safe_ZScore_Defense_t,safe_ZScore_Speed_t,age_t_t,PA_t",111.38435043769806,10.0
fg:12976,Austin Hedges,2024,2025,51,within_input_season_standardized,wRC+ + B2V + age + PA Ridge,"wRC+_t,safe_ZScore_Contact_t,safe_ZScore_Power_t,safe_ZScore_Discipline_t,safe_ZScore_Defense_t,safe_ZScore_Speed_t,age_t_t,PA_t",48.1250653408421,10.0
fg:12979,Javier Baez,2024,2025,86,within_input_season_standardized,wRC+ + B2V + age + PA Ridge,"wRC+_t,safe_ZScore_Contact_t,safe_ZScore_Power_t,safe_ZScore_Discipline_t,safe_ZScore_Defense_t,safe_ZScore_Speed_t,age_t_t,PA_t",76.09622118041457,10.0
fg:13066,Teoscar Hernandez,2024,2025,102,within_input_season_standardized,wRC+ + B2V + age + PA Ridge,"wRC+_t,safe_ZScore_Contact_t,safe_ZScore_Power_t,safe_ZScore_Discipline_t,safe_ZScore_Defense_t,safe_ZScore_Speed_t,age_t_t,PA_t",112.3650768370068,10.0
fg:13145,Josh Bell,2024,2025,107,within_input_season_standardized,wRC+ + B2V + age + PA Ridge,"wRC+_t,safe_ZScore_Contact_t,safe_ZScore_Power_t,safe_ZScore_Discipline_t,safe_ZScore_Defense_t,safe_ZScore_Speed_t,age_t_t,PA_t",97.80848708846898,10.0
fg:13152,Jorge Polanco,2024,2025,132,within_input_season_standardized,wRC+ + B2V + age + PA Ridge,"wRC+_t,safe_ZScore_Contact_t,safe_ZScore_Power_t,safe_ZScore_Discipline_t,safe_ZScore_Defense_t,safe_ZScore_Speed_t,age_t_t,PA_t",91.01438869053405,10.0
fg:13185,Orlando Arcia,2024,2025,33,within_input_season_standardized,wRC+ + B2V + age + PA Ridge,"wRC+_t,safe_ZScore_Contact_t,safe_ZScore_Power_t,safe_ZScore_Discipline_t,safe_ZScore_Defense_t,safe_ZScore_Speed_t,age_t_t,PA_t",84.66945100346787,10.0
fg:13324,Ildemaro Vargas,2024,2025,85,within_input_season_standardized,wRC+ + B2V + age + PA Ridge,"wRC+_t,safe_ZScore_Contact_t,safe_ZScore_Power_t,safe_ZScore_Discipline_t,safe_ZScore_Defense_t,safe_ZScore_Speed_t,age_t_t,PA_t",84.40842291223501,10.0
fg:13419,Christian Walker,2024,2025,99,within_input_season_standardized,wRC+ + B2V + age + PA Ridge,"wRC+_t,safe_ZScore_Contact_t,safe_ZScore_Power_t,safe_ZScore_Discipline_t,safe_ZScore_Defense_t,safe_ZScore_Speed_t,age_t_t,PA_t",107.17110199265272,10.0
fg:13510,Jose Ramirez,2024,2025,133,within_input_season_standardized,wRC+ + B2V + age + PA Ridge,"wRC+_t,safe_ZScore_Contact_t,safe_ZScore_Power_t,safe_ZScore_Discipline_t,safe_ZScore_Defense_t,safe_ZScore_Speed_t,age_t_t,PA_t",125.10735198568852,10.0
fg:13611,Mookie Betts,2024,2025,104,within_input_season_standardized,wRC+ + B2V + age + PA Ridge,"wRC+_t,safe_ZScore_Contact_t,safe_ZScore_Power_t,safe_ZScore_Discipline_t,safe_ZScore_Defense_t,safe_ZScore_Speed_t,age_t_t,PA_t",120.64381997480945,10.0
fg:13613,Ketel Marte,2024,2025,145,within_input_season_standardized,wRC+ + B2V + age + PA Ridge,"wRC+_t,safe_ZScore_Contact_t,safe_ZScore_Power_t,safe_ZScore_Discipline_t,safe_ZScore_Defense_t,safe_ZScore_Speed_t,age_t_t,PA_t",135.94935422895372,10.0
fg:13620,Carson Kelly,2024,2025,115,within_input_season_standardized,wRC+ + B2V + age + PA Ridge,"wRC+_t,safe_ZScore_Contact_t,safe_ZScore_Power_t,safe_ZScore_Discipline_t,safe_ZScore_Defense_t,safe_ZScore_Speed_t,age_t_t,PA_t",86.05286195428562,10.0
fg:13624,Corey Seager,2024,2025,138,within_input_season_standardized,wRC+ + B2V + age + PA Ridge,"wRC+_t,safe_ZScore_Contact_t,safe_ZScore_Power_t,safe_ZScore_Discipline_t,safe_ZScore_Defense_t,safe_ZScore_Speed_t,age_t_t,PA_t",116.2092051999638,10.0
fg:13675,Tyrone Taylor,2024,2025,70,within_input_season_standardized,wRC+ + B2V + age + PA Ridge,"wRC+_t,safe_ZScore_Contact_t,safe_ZScore_Power_t,safe_ZScore_Discipline_t,safe_ZScore_Defense_t,safe_ZScore_Speed_t,age_t_t,PA_t",87.65650781774325,10.0
fg:13723,Jacob Stallings,2024,2025,-7,within_input_season_standardized,wRC+ + B2V + age + PA Ridge,"wRC+_t,safe_ZScore_Contact_t,safe_ZScore_Power_t,safe_ZScore_Discipline_t,safe_ZScore_Defense_t,safe_ZScore_Speed_t,age_t_t,PA_t",84.6650639809273,10.0
fg:13757,Chris Taylor,2024,2025,56,within_input_season_standardized,wRC+ + B2V + age + PA Ridge,"wRC+_t,safe_ZScore_Contact_t,safe_ZScore_Power_t,safe_ZScore_Discipline_t,safe_ZScore_Defense_t,safe_ZScore_Speed_t,age_t_t,PA_t",72.59932047154626,10.0
fg:13770,Rob Refsnyder,2024,2025,128,within_input_season_standardized,wRC+ + B2V + age + PA Ridge,"wRC+_t,safe_ZScore_Contact_t,safe_ZScore_Power_t,safe_ZScore_Discipline_t,safe_ZScore_Defense_t,safe_ZScore_Speed_t,age_t_t,PA_t",97.64366777868706,10.0
fg:14161,Byron Buxton,2024,2025,136,within_input_season_standardized,wRC+ + B2V + age + PA Ridge,"wRC+_t,safe_ZScore_Contact_t,safe_ZScore_Power_t,safe_ZScore_Discipline_t,safe_ZScore_Defense_t,safe_ZScore_Speed_t,age_t_t,PA_t",101.3947373135311,10.0
fg:14162,Carlos Correa,2024,2025,106,within_input_season_standardized,wRC+ + B2V + age + PA Ridge,"wRC+_t,safe_ZScore_Contact_t,safe_ZScore_Power_t,safe_ZScore_Discipline_t,safe_ZScore_Defense_t,safe_ZScore_Speed_t,age_t_t,PA_t",114.1967259026931,10.0
fg:14221,Jorge Soler,2024,2025,88,within_input_season_standardized,wRC+ + B2V + age + PA Ridge,"wRC+_t,safe_ZScore_Contact_t,safe_ZScore_Power_t,safe_ZScore_Discipline_t,safe_ZScore_Defense_t,safe_ZScore_Speed_t,age_t_t,PA_t",108.67740714721025,10.0
fg:14344,Matt Olson,2024,2025,136,within_input_season_standardized,wRC+ + B2V + age + PA Ridge,"wRC+_t,safe_ZScore_Contact_t,safe_ZScore_Power_t,safe_ZScore_Discipline_t,safe_ZScore_Defense_t,safe_ZScore_Speed_t,age_t_t,PA_t",109.86916026706223,10.0
fg:14551,Anthony Santander,2024,2025,61,within_input_season_standardized,wRC+ + B2V + age + PA Ridge,"wRC+_t,safe_ZScore_Contact_t,safe_ZScore_Power_t,safe_ZScore_Discipline_t,safe_ZScore_Defense_t,safe_ZScore_Speed_t,age_t_t,PA_t",114.58479842472104,10.0
fg:14813,Kyle Farmer,2024,2025,65,within_input_season_standardized,wRC+ + B2V + age + PA Ridge,"wRC+_t,safe_ZScore_Contact_t,safe_ZScore_Power_t,safe_ZScore_Discipline_t,safe_ZScore_Defense_t,safe_ZScore_Speed_t,age_t_t,PA_t",75.93832570785229,10.0
fg:14854,Mike Yastrzemski,2024,2025,106,within_input_season_standardized,wRC+ + B2V + age + PA Ridge,"wRC+_t,safe_ZScore_Contact_t,safe_ZScore_Power_t,safe_ZScore_Discipline_t,safe_ZScore_Defense_t,safe_ZScore_Speed_t,age_t_t,PA_t",96.84063613017724,10.0
fg:14968,Victor Caratini,2024,2025,104,within_input_season_standardized,wRC+ + B2V + age + PA Ridge,"wRC+_t,safe_ZScore_Contact_t,safe_ZScore_Power_t,safe_ZScore_Discipline_t,safe_ZScore_Defense_t,safe_ZScore_Speed_t,age_t_t,PA_t",92.53489451557034,10.0
fg:15112,Ryan McMahon,2024,2025,86,within_input_season_standardized,wRC+ + B2V + age + PA Ridge,"wRC+_t,safe_ZScore_Contact_t,safe_ZScore_Power_t,safe_ZScore_Discipline_t,safe_ZScore_Defense_t,safe_ZScore_Speed_t,age_t_t,PA_t",103.94677746783663,10.0
fg:15161,Mitch Garver,2024,2025,86,within_input_season_standardized,wRC+ + B2V + age + PA Ridge,"wRC+_t,safe_ZScore_Contact_t,safe_ZScore_Power_t,safe_ZScore_Discipline_t,safe_ZScore_Defense_t,safe_ZScore_Speed_t,age_t_t,PA_t",88.05914996582095,10.0
fg:15194,Jake Bauers,2024,2025,114,within_input_season_standardized,wRC+ + B2V + age + PA Ridge,"wRC+_t,safe_ZScore_Contact_t,safe_ZScore_Power_t,safe_ZScore_Discipline_t,safe_ZScore_Defense_t,safe_ZScore_Speed_t,age_t_t,PA_t",94.73051595861436,10.0
fg:15223,Adam Frazier,2024,2025,89,within_input_season_standardized,wRC+ + B2V + age + PA Ridge,"wRC+_t,safe_ZScore_Contact_t,safe_ZScore_Power_t,safe_ZScore_Discipline_t,safe_ZScore_Defense_t,safe_ZScore_Speed_t,age_t_t,PA_t",73.99371722363149,10.0
fg:15274,Mike Tauchman,2024,2025,115,within_input_season_standardized,wRC+ + B2V + age + PA Ridge,"wRC+_t,safe_ZScore_Contact_t,safe_ZScore_Power_t,safe_ZScore_Discipline_t,safe_ZScore_Defense_t,safe_ZScore_Speed_t,age_t_t,PA_t",95.68572706091727,10.0
fg:15362,Jeff McNeil,2024,2025,111,within_input_season_standardized,wRC+ + B2V + age + PA Ridge,"wRC+_t,safe_ZScore_Contact_t,safe_ZScore_Power_t,safe_ZScore_Discipline_t,safe_ZScore_Defense_t,safe_ZScore_Speed_t,age_t_t,PA_t",83.49160365227681,10.0
fg:15464,Hunter Renfroe,2024,2025,32,within_input_season_standardized,wRC+ + B2V + age + PA Ridge,"wRC+_t,safe_ZScore_Contact_t,safe_ZScore_Power_t,safe_ZScore_Discipline_t,safe_ZScore_Defense_t,safe_ZScore_Speed_t,age_t_t,PA_t",93.46706348683543,10.0
fg:15491,J.P. Crawford,2024,2025,113,within_input_season_standardized,wRC+ + B2V + age + PA Ridge,"wRC+_t,safe_ZScore_Contact_t,safe_ZScore_Power_t,safe_ZScore_Discipline_t,safe_ZScore_Defense_t,safe_ZScore_Speed_t,age_t_t,PA_t",97.12448519334635,10.0
fg:15518,Amed Rosario,2024,2025,106,within_input_season_standardized,wRC+ + B2V + age + PA Ridge,"wRC+_t,safe_ZScore_Contact_t,safe_ZScore_Power_t,safe_ZScore_Discipline_t,safe_ZScore_Defense_t,safe_ZScore_Speed_t,age_t_t,PA_t",79.60302353812104,10.0
fg:15640,Aaron Judge,2024,2025,204,within_input_season_standardized,wRC+ + B2V + age + PA Ridge,"wRC+_t,safe_ZScore_Contact_t,safe_ZScore_Power_t,safe_ZScore_Discipline_t,safe_ZScore_Defense_t,safe_ZScore_Speed_t,age_t_t,PA_t",168.85885345051884,10.0
fg:15653,Dominic Smith,2024,2025,111,within_input_season_standardized,wRC+ + B2V + age + PA Ridge,"wRC+_t,safe_ZScore_Contact_t,safe_ZScore_Power_t,safe_ZScore_Discipline_t,safe_ZScore_Defense_t,safe_ZScore_Speed_t,age_t_t,PA_t",90.62175440263977,10.0
fg:15674,Reese McGuire,2024,2025,86,within_input_season_standardized,wRC+ + B2V + age + PA Ridge,"wRC+_t,safe_ZScore_Contact_t,safe_ZScore_Power_t,safe_ZScore_Discipline_t,safe_ZScore_Defense_t,safe_ZScore_Speed_t,age_t_t,PA_t",74.77575209108588,10.0
fg:15679,Rowdy Tellez,2024,2025,101,within_input_season_standardized,wRC+ + B2V + age + PA Ridge,"wRC+_t,safe_ZScore_Contact_t,safe_ZScore_Power_t,safe_ZScore_Discipline_t,safe_ZScore_Defense_t,safe_ZScore_Speed_t,age_t_t,PA_t",101.86348847100146,10.0
fg:15711,Tyler O'Neill,2024,2025,91,within_input_season_standardized,wRC+ + B2V + age + PA Ridge,"wRC+_t,safe_ZScore_Contact_t,safe_ZScore_Power_t,safe_ZScore_Discipline_t,safe_ZScore_Defense_t,safe_ZScore_Speed_t,age_t_t,PA_t",113.7465772671718,10.0
fg:15730,Tyler Wade,2024,2025,69,within_input_season_standardized,wRC+ + B2V + age + PA Ridge,"wRC+_t,safe_ZScore_Contact_t,safe_ZScore_Power_t,safe_ZScore_Discipline_t,safe_ZScore_Defense_t,safe_ZScore_Speed_t,age_t_t,PA_t",72.95046838724116,10.0
fg:15878,Miguel Andujar,2024,2025,125,within_input_season_standardized,wRC+ + B2V + age + PA Ridge,"wRC+_t,safe_ZScore_Contact_t,safe_ZScore_Power_t,safe_ZScore_Discipline_t,safe_ZScore_Defense_t,safe_ZScore_Speed_t,age_t_t,PA_t",85.37498789717388,10.0
fg:15905,Luis Torrens,2024,2025,79,within_input_season_standardized,wRC+ + B2V + age + PA Ridge,"wRC+_t,safe_ZScore_Contact_t,safe_ZScore_Power_t,safe_ZScore_Discipline_t,safe_ZScore_Defense_t,safe_ZScore_Speed_t,age_t_t,PA_t",90.98737778524816,10.0
fg:15986,Willy Adames,2024,2025,108,within_input_season_standardized,wRC+ + B2V + age + PA Ridge,"wRC+_t,safe_ZScore_Contact_t,safe_ZScore_Power_t,safe_ZScore_Discipline_t,safe_ZScore_Defense_t,safe_ZScore_Speed_t,age_t_t,PA_t",108.02454958950818,10.0
fg:15998,Cody Bellinger,2024,2025,125,within_input_season_standardized,wRC+ + B2V + age + PA Ridge,"wRC+_t,safe_ZScore_Contact_t,safe_ZScore_Power_t,safe_ZScore_Discipline_t,safe_ZScore_Defense_t,safe_ZScore_Speed_t,age_t_t,PA_t",97.9724787144548,10.0
fg:16153,Austin Slater,2024,2025,78,within_input_season_standardized,wRC+ + B2V + age + PA Ridge,"wRC+_t,safe_ZScore_Contact_t,safe_ZScore_Power_t,safe_ZScore_Discipline_t,safe_ZScore_Defense_t,safe_ZScore_Speed_t,age_t_t,PA_t",77.23977424050675,10.0
fg:16252,Trea Turner,2024,2025,125,within_input_season_standardized,wRC+ + B2V + age + PA Ridge,"wRC+_t,safe_ZScore_Contact_t,safe_ZScore_Power_t,safe_ZScore_Discipline_t,safe_ZScore_Defense_t,safe_ZScore_Speed_t,age_t_t,PA_t",98.13634146522111,10.0
fg:16376,Michael Conforto,2024,2025,83,within_input_season_standardized,wRC+ + B2V + age + PA Ridge,"wRC+_t,safe_ZScore_Contact_t,safe_ZScore_Power_t,safe_ZScore_Discipline_t,safe_ZScore_Defense_t,safe_ZScore_Speed_t,age_t_t,PA_t",108.39107062537053,10.0
fg:16426,Thairo Estrada,2024,2025,66,within_input_season_standardized,wRC+ + B2V + age + PA Ridge,"wRC+_t,safe_ZScore_Contact_t,safe_ZScore_Power_t,safe_ZScore_Discipline_t,safe_ZScore_Defense_t,safe_ZScore_Speed_t,age_t_t,PA_t",77.89417914991148,10.0
fg:16442,Ryan O'Hearn,2024,2025,127,within_input_season_standardized,wRC+ + B2V + age + PA Ridge,"wRC+_t,safe_ZScore_Contact_t,safe_ZScore_Power_t,safe_ZScore_Discipline_t,safe_ZScore_Defense_t,safe_ZScore_Speed_t,age_t_t,PA_t",106.66653686534752,10.0
fg:16472,Rhys Hoskins,2024,2025,109,within_input_season_standardized,wRC+ + B2V + age + PA Ridge,"wRC+_t,safe_ZScore_Contact_t,safe_ZScore_Power_t,safe_ZScore_Discipline_t,safe_ZScore_Defense_t,safe_ZScore_Speed_t,age_t_t,PA_t",100.33807396691682,10.0
fg:16478,Kyle Schwarber,2024,2025,152,within_input_season_standardized,wRC+ + B2V + age + PA Ridge,"wRC+_t,safe_ZScore_Contact_t,safe_ZScore_Power_t,safe_ZScore_Discipline_t,safe_ZScore_Defense_t,safe_ZScore_Speed_t,age_t_t,PA_t",131.06899181539572,10.0
fg:16505,Matt Chapman,2024,2025,118,within_input_season_standardized,wRC+ + B2V + age + PA Ridge,"wRC+_t,safe_ZScore_Contact_t,safe_ZScore_Power_t,safe_ZScore_Discipline_t,safe_ZScore_Defense_t,safe_ZScore_Speed_t,age_t_t,PA_t",119.04454587921376,10.0
fg:16512,Isiah Kiner-Falefa,2024,2025,75,within_input_season_standardized,wRC+ + B2V + age + PA Ridge,"wRC+_t,safe_ZScore_Contact_t,safe_ZScore_Power_t,safe_ZScore_Discipline_t,safe_ZScore_Defense_t,safe_ZScore_Speed_t,age_t_t,PA_t",88.13760646821137,10.0
fg:16530,Mauricio Dubon,2024,2025,80,within_input_season_standardized,wRC+ + B2V + age + PA Ridge,"wRC+_t,safe_ZScore_Contact_t,safe_ZScore_Power_t,safe_ZScore_Discipline_t,safe_ZScore_Defense_t,safe_ZScore_Speed_t,age_t_t,PA_t",72.00168391873646,10.0
fg:16535,Danny Jansen,2024,2025,103,within_input_season_standardized,wRC+ + B2V + age + PA Ridge,"wRC+_t,safe_ZScore_Contact_t,safe_ZScore_Power_t,safe_ZScore_Discipline_t,safe_ZScore_Defense_t,safe_ZScore_Speed_t,age_t_t,PA_t",90.87027663435686,10.0
fg:16556,Ozzie Albies,2024,2025,87,within_input_season_standardized,wRC+ + B2V + age + PA Ridge,"wRC+_t,safe_ZScore_Contact_t,safe_ZScore_Power_t,safe_ZScore_Discipline_t,safe_ZScore_Defense_t,safe_ZScore_Speed_t,age_t_t,PA_t",94.85497964100722,10.0
fg:16578,Yandy Diaz,2024,2025,135,within_input_season_standardized,wRC+ + B2V + age + PA Ridge,"wRC+_t,safe_ZScore_Contact_t,safe_ZScore_Power_t,safe_ZScore_Discipline_t,safe_ZScore_Defense_t,safe_ZScore_Speed_t,age_t_t,PA_t",117.08707362856629,10.0
fg:16622,Luis Urias,2024,2025,84,within_input_season_standardized,wRC+ + B2V + age + PA Ridge,"wRC+_t,safe_ZScore_Contact_t,safe_ZScore_Power_t,safe_ZScore_Discipline_t,safe_ZScore_Defense_t,safe_ZScore_Speed_t,age_t_t,PA_t",84.36741061521748,10.0
fg:16725,Jose Trevino,2024,2025,66,within_input_season_standardized,wRC+ + B2V + age + PA Ridge,"wRC+_t,safe_ZScore_Contact_t,safe_ZScore_Power_t,safe_ZScore_Discipline_t,safe_ZScore_Defense_t,safe_ZScore_Speed_t,age_t_t,PA_t",84.86359019495531,10.0
fg:16930,Jonah Heim,2024,2025,69,within_input_season_standardized,wRC+ + B2V + age + PA Ridge,"wRC+_t,safe_ZScore_Contact_t,safe_ZScore_Power_t,safe_ZScore_Discipline_t,safe_ZScore_Defense_t,safe_ZScore_Speed_t,age_t_t,PA_t",85.90379407092036,10.0
fg:16939,Lane Thomas,2024,2025,48,within_input_season_standardized,wRC+ + B2V + age + PA Ridge,"wRC+_t,safe_ZScore_Contact_t,safe_ZScore_Power_t,safe_ZScore_Discipline_t,safe_ZScore_Defense_t,safe_ZScore_Speed_t,age_t_t,PA_t",104.25037517524862,10.0
fg:16947,Derek Hill,2024,2025,70,within_input_season_standardized,wRC+ + B2V + age + PA Ridge,"wRC+_t,safe_ZScore_Contact_t,safe_ZScore_Power_t,safe_ZScore_Discipline_t,safe_ZScore_Defense_t,safe_ZScore_Speed_t,age_t_t,PA_t",84.53271887008117,10.0
fg:16997,Gleyber Torres,2024,2025,113,within_input_season_standardized,wRC+ + B2V + age + PA Ridge,"wRC+_t,safe_ZScore_Contact_t,safe_ZScore_Power_t,safe_ZScore_Discipline_t,safe_ZScore_Defense_t,safe_ZScore_Speed_t,age_t_t,PA_t",99.36767711283396,10.0
fg:17022,Edmundo Sosa,2024,2025,111,within_input_season_standardized,wRC+ + B2V + age + PA Ridge,"wRC+_t,safe_ZScore_Contact_t,safe_ZScore_Power_t,safe_ZScore_Discipline_t,safe_ZScore_Defense_t,safe_ZScore_Speed_t,age_t_t,PA_t",86.26316562401993,10.0
fg:17027,Alex Verdugo,2024,2025,66,within_input_season_standardized,wRC+ + B2V + age + PA Ridge,"wRC+_t,safe_ZScore_Contact_t,safe_ZScore_Power_t,safe_ZScore_Discipline_t,safe_ZScore_Defense_t,safe_ZScore_Speed_t,age_t_t,PA_t",100.49245749340947,10.0
fg:17040,Jose Herrera,2024,2025,57,within_input_season_standardized,wRC+ + B2V + age + PA Ridge,"wRC+_t,safe_ZScore_Contact_t,safe_ZScore_Power_t,safe_ZScore_Discipline_t,safe_ZScore_Defense_t,safe_ZScore_Speed_t,age_t_t,PA_t",74.77244781339023,10.0
fg:17128,Ramon Laureano,2024,2025,138,within_input_season_standardized,wRC+ + B2V + age + PA Ridge,"wRC+_t,safe_ZScore_Contact_t,safe_ZScore_Power_t,safe_ZScore_Discipline_t,safe_ZScore_Defense_t,safe_ZScore_Speed_t,age_t_t,PA_t",88.64114856489127,10.0
fg:17276,Alex Jackson,2024,2025,111,within_input_season_standardized,wRC+ + B2V + age + PA Ridge,"wRC+_t,safe_ZScore_Contact_t,safe_ZScore_Power_t,safe_ZScore_Discipline_t,safe_ZScore_Defense_t,safe_ZScore_Speed_t,age_t_t,PA_t",65.40575613109326,10.0
fg:17338,Willi Castro,2024,2025,92,within_input_season_standardized,wRC+ + B2V + age + PA Ridge,"wRC+_t,safe_ZScore_Contact_t,safe_ZScore_Power_t,safe_ZScore_Discipline_t,safe_ZScore_Defense_t,safe_ZScore_Speed_t,age_t_t,PA_t",91.27972581188607,10.0
fg:17350,Rafael Devers,2024,2025,135,within_input_season_standardized,wRC+ + B2V + age + PA Ridge,"wRC+_t,safe_ZScore_Contact_t,safe_ZScore_Power_t,safe_ZScore_Discipline_t,safe_ZScore_Defense_t,safe_ZScore_Speed_t,age_t_t,PA_t",122.41038503395541,10.0
fg:17548,Taylor Ward,2024,2025,117,within_input_season_standardized,wRC+ + B2V + age + PA Ridge,"wRC+_t,safe_ZScore_Contact_t,safe_ZScore_Power_t,safe_ZScore_Discipline_t,safe_ZScore_Defense_t,safe_ZScore_Speed_t,age_t_t,PA_t",106.0175386588706,10.0
fg:17678,Alex Bregman,2024,2025,125,within_input_season_standardized,wRC+ + B2V + age + PA Ridge,"wRC+_t,safe_ZScore_Contact_t,safe_ZScore_Power_t,safe_ZScore_Discipline_t,safe_ZScore_Defense_t,safe_ZScore_Speed_t,age_t_t,PA_t",106.57152630262081,10.0
fg:17696,Kevin Newman,2024,2025,27,within_input_season_standardized,wRC+ + B2V + age + PA Ridge,"wRC+_t,safe_ZScore_Contact_t,safe_ZScore_Power_t,safe_ZScore_Discipline_t,safe_ZScore_Defense_t,safe_ZScore_Speed_t,age_t_t,PA_t",77.80670900075195,10.0
fg:17901,Andrew Benintendi,2024,2025,103,within_input_season_standardized,wRC+ + B2V + age + PA Ridge,"wRC+_t,safe_ZScore_Contact_t,safe_ZScore_Power_t,safe_ZScore_Discipline_t,safe_ZScore_Defense_t,safe_ZScore_Speed_t,age_t_t,PA_t",99.14400460447307,10.0
fg:17907,Brendan Rodgers,2024,2025,55,within_input_season_standardized,wRC+ + B2V + age + PA Ridge,"wRC+_t,safe_ZScore_Contact_t,safe_ZScore_Power_t,safe_ZScore_Discipline_t,safe_ZScore_Defense_t,safe_ZScore_Speed_t,age_t_t,PA_t",97.92337444605283,10.0
fg:17919,Ian Happ,2024,2025,116,within_input_season_standardized,wRC+ + B2V + age + PA Ridge,"wRC+_t,safe_ZScore_Contact_t,safe_ZScore_Power_t,safe_ZScore_Discipline_t,safe_ZScore_Defense_t,safe_ZScore_Speed_t,age_t_t,PA_t",113.43086475215546,10.0
fg:17929,Cedric Mullins,2024,2025,94,within_input_season_standardized,wRC+ + B2V + age + PA Ridge,"wRC+_t,safe_ZScore_Contact_t,safe_ZScore_Power_t,safe_ZScore_Discipline_t,safe_ZScore_Defense_t,safe_ZScore_Speed_t,age_t_t,PA_t",93.87057662982053,10.0
fg:17982,Ty France,2024,2025,92,within_input_season_standardized,wRC+ + B2V + age + PA Ridge,"wRC+_t,safe_ZScore_Contact_t,safe_ZScore_Power_t,safe_ZScore_Discipline_t,safe_ZScore_Defense_t,safe_ZScore_Speed_t,age_t_t,PA_t",92.02161630130198,10.0
fg:17988,Tyler Stephenson,2024,2025,99,within_input_season_standardized,wRC+ + B2V + age + PA Ridge,"wRC+_t,safe_ZScore_Contact_t,safe_ZScore_Power_t,safe_ZScore_Discipline_t,safe_ZScore_Defense_t,safe_ZScore_Speed_t,age_t_t,PA_t",107.00595300025535,10.0
fg:18015,Paul DeJong,2024,2025,76,within_input_season_standardized,wRC+ + B2V + age + PA Ridge,"wRC+_t,safe_ZScore_Contact_t,safe_ZScore_Power_t,safe_ZScore_Discipline_t,safe_ZScore_Defense_t,safe_ZScore_Speed_t,age_t_t,PA_t",79.57247135865221,10.0
fg:18030,Harrison Bader,2024,2025,122,within_input_season_standardized,wRC+ + B2V + age + PA Ridge,"wRC+_t,safe_ZScore_Contact_t,safe_ZScore_Power_t,safe_ZScore_Discipline_t,safe_ZScore_Defense_t,safe_ZScore_Speed_t,age_t_t,PA_t",85.932394744874,10.0
fg:18036,Jake Cronenworth,2024,2025,117,within_input_season_standardized,wRC+ + B2V + age + PA Ridge,"wRC+_t,safe_ZScore_Contact_t,safe_ZScore_Power_t,safe_ZScore_Discipline_t,safe_ZScore_Defense_t,safe_ZScore_Speed_t,age_t_t,PA_t",106.54306921190458,10.0
fg:18042,Dylan Moore,2024,2025,83,within_input_season_standardized,wRC+ + B2V + age + PA Ridge,"wRC+_t,safe_ZScore_Contact_t,safe_ZScore_Power_t,safe_ZScore_Discipline_t,safe_ZScore_Defense_t,safe_ZScore_Speed_t,age_t_t,PA_t",93.61247908781532,10.0
fg:18126,LaMonte Wade Jr.,2024,2025,52,within_input_season_standardized,wRC+ + B2V + age + PA Ridge,"wRC+_t,safe_ZScore_Contact_t,safe_ZScore_Power_t,safe_ZScore_Discipline_t,safe_ZScore_Defense_t,safe_ZScore_Speed_t,age_t_t,PA_t",106.27849864909797,10.0
fg:18314,Dansby Swanson,2024,2025,99,within_input_season_standardized,wRC+ + B2V + age + PA Ridge,"wRC+_t,safe_ZScore_Contact_t,safe_ZScore_Power_t,safe_ZScore_Discipline_t,safe_ZScore_Defense_t,safe_ZScore_Speed_t,age_t_t,PA_t",96.13244020153404,10.0
fg:18345,Kyle Tucker,2024,2025,136,within_input_season_standardized,wRC+ + B2V + age + PA Ridge,"wRC+_t,safe_ZScore_Contact_t,safe_ZScore_Power_t,safe_ZScore_Discipline_t,safe_ZScore_Defense_t,safe_ZScore_Speed_t,age_t_t,PA_t",129.7687328304919,10.0
fg:18360,Austin Riley,2024,2025,103,within_input_season_standardized,wRC+ + B2V + age + PA Ridge,"wRC+_t,safe_ZScore_Contact_t,safe_ZScore_Power_t,safe_ZScore_Discipline_t,safe_ZScore_Defense_t,safe_ZScore_Speed_t,age_t_t,PA_t",114.74042232535915,10.0
fg:18363,Victor Robles,2024,2025,75,within_input_season_standardized,wRC+ + B2V + age + PA Ridge,"wRC+_t,safe_ZScore_Contact_t,safe_ZScore_Power_t,safe_ZScore_Discipline_t,safe_ZScore_Defense_t,safe_ZScore_Speed_t,age_t_t,PA_t",89.92676201338308,10.0
fg:18373,Ryan Mountcastle,2024,2025,81,within_input_season_standardized,wRC+ + B2V + age + PA Ridge,"wRC+_t,safe_ZScore_Contact_t,safe_ZScore_Power_t,safe_ZScore_Discipline_t,safe_ZScore_Defense_t,safe_ZScore_Speed_t,age_t_t,PA_t",98.15701050686805,10.0
fg:18401,Ronald Acuna Jr.,2024,2025,161,within_input_season_standardized,wRC+ + B2V + age + PA Ridge,"wRC+_t,safe_ZScore_Contact_t,safe_ZScore_Power_t,safe_ZScore_Discipline_t,safe_ZScore_Defense_t,safe_ZScore_Speed_t,age_t_t,PA_t",106.26794649052832,10.0
fg:18564,Trent Grisham,2024,2025,129,within_input_season_standardized,wRC+ + B2V + age + PA Ridge,"wRC+_t,safe_ZScore_Contact_t,safe_ZScore_Power_t,safe_ZScore_Discipline_t,safe_ZScore_Defense_t,safe_ZScore_Speed_t,age_t_t,PA_t",100.049259911303,10.0
fg:18568,Luis Arraez,2024,2025,104,within_input_season_standardized,wRC+ + B2V + age + PA Ridge,"wRC+_t,safe_ZScore_Contact_t,safe_ZScore_Power_t,safe_ZScore_Discipline_t,safe_ZScore_Defense_t,safe_ZScore_Speed_t,age_t_t,PA_t",105.78968131600345,10.0
fg:18577,Ke'Bryan Hayes,2024,2025,65,within_input_season_standardized,wRC+ + B2V + age + PA Ridge,"wRC+_t,safe_ZScore_Contact_t,safe_ZScore_Power_t,safe_ZScore_Discipline_t,safe_ZScore_Defense_t,safe_ZScore_Speed_t,age_t_t,PA_t",91.16340883700516,10.0
fg:18795,Ramon Urias,2024,2025,87,within_input_season_standardized,wRC+ + B2V + age + PA Ridge,"wRC+_t,safe_ZScore_Contact_t,safe_ZScore_Power_t,safe_ZScore_Discipline_t,safe_ZScore_Defense_t,safe_ZScore_Speed_t,age_t_t,PA_t",93.94448977897122,10.0
fg:18819,Andy Ibanez,2024,2025,84,within_input_season_standardized,wRC+ + B2V + age + PA Ridge,"wRC+_t,safe_ZScore_Contact_t,safe_ZScore_Power_t,safe_ZScore_Discipline_t,safe_ZScore_Defense_t,safe_ZScore_Speed_t,age_t_t,PA_t",72.55216706304293,10.0
fg:18839,Josh Naylor,2024,2025,128,within_input_season_standardized,wRC+ + B2V + age + PA Ridge,"wRC+_t,safe_ZScore_Contact_t,safe_ZScore_Power_t,safe_ZScore_Discipline_t,safe_ZScore_Defense_t,safe_ZScore_Speed_t,age_t_t,PA_t",110.9667936615236,10.0
fg:18882,Brandon Lowe,2024,2025,114,within_input_season_standardized,wRC+ + B2V + age + PA Ridge,"wRC+_t,safe_ZScore_Contact_t,safe_ZScore_Power_t,safe_ZScore_Discipline_t,safe_ZScore_Defense_t,safe_ZScore_Speed_t,age_t_t,PA_t",98.31637191609542,10.0
fg:18900,Leody Taveras,2024,2025,47,within_input_season_standardized,wRC+ + B2V + age + PA Ridge,"wRC+_t,safe_ZScore_Contact_t,safe_ZScore_Power_t,safe_ZScore_Discipline_t,safe_ZScore_Defense_t,safe_ZScore_Speed_t,age_t_t,PA_t",94.39136362166843,10.0
fg:19238,Lourdes Gurriel Jr.,2024,2025,95,within_input_season_standardized,wRC+ + B2V + age + PA Ridge,"wRC+_t,safe_ZScore_Contact_t,safe_ZScore_Power_t,safe_ZScore_Discipline_t,safe_ZScore_Defense_t,safe_ZScore_Speed_t,age_t_t,PA_t",97.5483928953266,10.0
fg:19251,Pete Alonso,2024,2025,141,within_input_season_standardized,wRC+ + B2V + age + PA Ridge,"wRC+_t,safe_ZScore_Contact_t,safe_ZScore_Power_t,safe_ZScore_Discipline_t,safe_ZScore_Defense_t,safe_ZScore_Speed_t,age_t_t,PA_t",118.79509519376444,10.0
fg:19260,Jake Fraley,2024,2025,97,within_input_season_standardized,wRC+ + B2V + age + PA Ridge,"wRC+_t,safe_ZScore_Contact_t,safe_ZScore_Power_t,safe_ZScore_Discipline_t,safe_ZScore_Defense_t,safe_ZScore_Speed_t,age_t_t,PA_t",78.43923998821145,10.0
fg:19287,Adolis Garcia,2024,2025,83,within_input_season_standardized,wRC+ + B2V + age + PA Ridge,"wRC+_t,safe_ZScore_Contact_t,safe_ZScore_Power_t,safe_ZScore_Discipline_t,safe_ZScore_Defense_t,safe_ZScore_Speed_t,age_t_t,PA_t",99.44105962795268,10.0
fg:19290,Randy Arozarena,2024,2025,120,within_input_season_standardized,wRC+ + B2V + age + PA Ridge,"wRC+_t,safe_ZScore_Contact_t,safe_ZScore_Power_t,safe_ZScore_Discipline_t,safe_ZScore_Defense_t,safe_ZScore_Speed_t,age_t_t,PA_t",104.16197680692869,10.0
fg:19296,Alex Call,2024,2025,113,within_input_season_standardized,wRC+ + B2V + age + PA Ridge,"wRC+_t,safe_ZScore_Contact_t,safe_ZScore_Power_t,safe_ZScore_Discipline_t,safe_ZScore_Defense_t,safe_ZScore_Speed_t,age_t_t,PA_t",92.350534357384,10.0
fg:19318,Matt Thaiss,2024,2025,89,within_input_season_standardized,wRC+ + B2V + age + PA Ridge,"wRC+_t,safe_ZScore_Contact_t,safe_ZScore_Power_t,safe_ZScore_Discipline_t,safe_ZScore_Defense_t,safe_ZScore_Speed_t,age_t_t,PA_t",78.73381052338287,10.0
fg:19326,Bryan Reynolds,2024,2025,99,within_input_season_standardized,wRC+ + B2V + age + PA Ridge,"wRC+_t,safe_ZScore_Contact_t,safe_ZScore_Power_t,safe_ZScore_Discipline_t,safe_ZScore_Defense_t,safe_ZScore_Speed_t,age_t_t,PA_t",111.50914614180697,10.0
fg:19352,Sean Murphy,2024,2025,97,within_input_season_standardized,wRC+ + B2V + age + PA Ridge,"wRC+_t,safe_ZScore_Contact_t,safe_ZScore_Power_t,safe_ZScore_Discipline_t,safe_ZScore_Defense_t,safe_ZScore_Speed_t,age_t_t,PA_t",90.03363694713457,10.0
fg:19354,Luke Raley,2024,2025,91,within_input_season_standardized,wRC+ + B2V + age + PA Ridge,"wRC+_t,safe_ZScore_Contact_t,safe_ZScore_Power_t,safe_ZScore_Discipline_t,safe_ZScore_Defense_t,safe_ZScore_Speed_t,age_t_t,PA_t",98.58346016346236,10.0
fg:19363,Austin Hays,2024,2025,105,within_input_season_standardized,wRC+ + B2V + age + PA Ridge,"wRC+_t,safe_ZScore_Contact_t,safe_ZScore_Power_t,safe_ZScore_Discipline_t,safe_ZScore_Defense_t,safe_ZScore_Speed_t,age_t_t,PA_t",80.22920073480383,10.0
fg:19392,Zach McKinstry,2024,2025,114,within_input_season_standardized,wRC+ + B2V + age + PA Ridge,"wRC+_t,safe_ZScore_Contact_t,safe_ZScore_Power_t,safe_ZScore_Discipline_t,safe_ZScore_Defense_t,safe_ZScore_Speed_t,age_t_t,PA_t",87.32129799768768,10.0
fg:19452,Jake Rogers,2024,2025,70,within_input_season_standardized,wRC+ + B2V + age + PA Ridge,"wRC+_t,safe_ZScore_Contact_t,safe_ZScore_Power_t,safe_ZScore_Discipline_t,safe_ZScore_Defense_t,safe_ZScore_Speed_t,age_t_t,PA_t",78.82674213875717,10.0
fg:19455,Andruw Monasterio,2024,2025,111,within_input_season_standardized,wRC+ + B2V + age + PA Ridge,"wRC+_t,safe_ZScore_Contact_t,safe_ZScore_Power_t,safe_ZScore_Discipline_t,safe_ZScore_Defense_t,safe_ZScore_Speed_t,age_t_t,PA_t",87.30406296127153,10.0
fg:19470,Tommy Edman,2024,2025,81,within_input_season_standardized,wRC+ + B2V + age + PA Ridge,"wRC+_t,safe_ZScore_Contact_t,safe_ZScore_Power_t,safe_ZScore_Discipline_t,safe_ZScore_Defense_t,safe_ZScore_Speed_t,age_t_t,PA_t",87.69125482763658,10.0
fg:19522,TJ Friedl,2024,2025,109,within_input_season_standardized,wRC+ + B2V + age + PA Ridge,"wRC+_t,safe_ZScore_Contact_t,safe_ZScore_Power_t,safe_ZScore_Discipline_t,safe_ZScore_Defense_t,safe_ZScore_Speed_t,age_t_t,PA_t",96.59599290321384,10.0
fg:19556,Yordan Alvarez,2024,2025,118,within_input_season_standardized,wRC+ + B2V + age + PA Ridge,"wRC+_t,safe_ZScore_Contact_t,safe_ZScore_Power_t,safe_ZScore_Discipline_t,safe_ZScore_Defense_t,safe_ZScore_Speed_t,age_t_t,PA_t",139.25129942908293,10.0
fg:19566,Nathaniel Lowe,2024,2025,91,within_input_season_standardized,wRC+ + B2V + age + PA Ridge,"wRC+_t,safe_ZScore_Contact_t,safe_ZScore_Power_t,safe_ZScore_Discipline_t,safe_ZScore_Defense_t,safe_ZScore_Speed_t,age_t_t,PA_t",105.60433727855207,10.0
fg:19599,Chas McCormick,2024,2025,62,within_input_season_standardized,wRC+ + B2V + age + PA Ridge,"wRC+_t,safe_ZScore_Contact_t,safe_ZScore_Power_t,safe_ZScore_Discipline_t,safe_ZScore_Defense_t,safe_ZScore_Speed_t,age_t_t,PA_t",74.00057439602068,10.0
fg:19608,Otto Lopez,2024,2025,86,within_input_season_standardized,wRC+ + B2V + age + PA Ridge,"wRC+_t,safe_ZScore_Contact_t,safe_ZScore_Power_t,safe_ZScore_Discipline_t,safe_ZScore_Defense_t,safe_ZScore_Speed_t,age_t_t,PA_t",92.03651487301904,10.0
fg:19610,Keibert Ruiz,2024,2025,65,within_input_season_standardized,wRC+ + B2V + age + PA Ridge,"wRC+_t,safe_ZScore_Contact_t,safe_ZScore_Power_t,safe_ZScore_Discipline_t,safe_ZScore_Defense_t,safe_ZScore_Speed_t,age_t_t,PA_t",88.02942105183655,10.0
fg:19611,Vladimir Guerrero Jr.,2024,2025,137,within_input_season_standardized,wRC+ + B2V + age + PA Ridge,"wRC+_t,safe_ZScore_Contact_t,safe_ZScore_Power_t,safe_ZScore_Discipline_t,safe_ZScore_Defense_t,safe_ZScore_Speed_t,age_t_t,PA_t",142.46175593460555,10.0
fg:19612,Bo Bichette,2024,2025,134,within_input_season_standardized,wRC+ + B2V + age + PA Ridge,"wRC+_t,safe_ZScore_Contact_t,safe_ZScore_Power_t,safe_ZScore_Discipline_t,safe_ZScore_Defense_t,safe_ZScore_Speed_t,age_t_t,PA_t",87.33103260353447,10.0
fg:19627,Brent Rooker,2024,2025,122,within_input_season_standardized,wRC+ + B2V + age + PA Ridge,"wRC+_t,safe_ZScore_Contact_t,safe_ZScore_Power_t,safe_ZScore_Discipline_t,safe_ZScore_Defense_t,safe_ZScore_Speed_t,age_t_t,PA_t",120.14185182343311,10.0
fg:19709,Fernando Tatis Jr.,2024,2025,131,within_input_season_standardized,wRC+ + B2V + age + PA Ridge,"wRC+_t,safe_ZScore_Contact_t,safe_ZScore_Power_t,safe_ZScore_Discipline_t,safe_ZScore_Defense_t,safe_ZScore_Speed_t,age_t_t,PA_t",123.85963203966519,10.0
fg:19734,Josh Rojas,2024,2025,44,within_input_season_standardized,wRC+ + B2V + age + PA Ridge,"wRC+_t,safe_ZScore_Contact_t,safe_ZScore_Power_t,safe_ZScore_Discipline_t,safe_ZScore_Defense_t,safe_ZScore_Speed_t,age_t_t,PA_t",84.91105608942517,10.0
fg:19755,Shohei Ohtani,2024,2025,172,within_input_season_standardized,wRC+ + B2V + age + PA Ridge,"wRC+_t,safe_ZScore_Contact_t,safe_ZScore_Power_t,safe_ZScore_Discipline_t,safe_ZScore_Defense_t,safe_ZScore_Speed_t,age_t_t,PA_t",163.19697740174252,10.0
fg:19844,Abraham Toro,2024,2025,77,within_input_season_standardized,wRC+ + B2V + age + PA Ridge,"wRC+_t,safe_ZScore_Contact_t,safe_ZScore_Power_t,safe_ZScore_Discipline_t,safe_ZScore_Defense_t,safe_ZScore_Speed_t,age_t_t,PA_t",87.45061506913675,10.0
fg:19858,Luis Rengifo,2024,2025,73,within_input_season_standardized,wRC+ + B2V + age + PA Ridge,"wRC+_t,safe_ZScore_Contact_t,safe_ZScore_Power_t,safe_ZScore_Discipline_t,safe_ZScore_Defense_t,safe_ZScore_Speed_t,age_t_t,PA_t",89.3689188482542,10.0
fg:19864,Riley Adams,2024,2025,57,within_input_season_standardized,wRC+ + B2V + age + PA Ridge,"wRC+_t,safe_ZScore_Contact_t,safe_ZScore_Power_t,safe_ZScore_Discipline_t,safe_ZScore_Defense_t,safe_ZScore_Speed_t,age_t_t,PA_t",86.98027044854871,10.0
fg:19890,Emmanuel Rivera,2024,2025,64,within_input_season_standardized,wRC+ + B2V + age + PA Ridge,"wRC+_t,safe_ZScore_Contact_t,safe_ZScore_Power_t,safe_ZScore_Discipline_t,safe_ZScore_Defense_t,safe_ZScore_Speed_t,age_t_t,PA_t",89.7341570893172,10.0
fg:19892,Pavin Smith,2024,2025,123,within_input_season_standardized,wRC+ + B2V + age + PA Ridge,"wRC+_t,safe_ZScore_Contact_t,safe_ZScore_Power_t,safe_ZScore_Discipline_t,safe_ZScore_Defense_t,safe_ZScore_Speed_t,age_t_t,PA_t",116.62427543601882,10.0
fg:19896,Connor Wong,2024,2025,39,within_input_season_standardized,wRC+ + B2V + age + PA Ridge,"wRC+_t,safe_ZScore_Contact_t,safe_ZScore_Power_t,safe_ZScore_Discipline_t,safe_ZScore_Defense_t,safe_ZScore_Speed_t,age_t_t,PA_t",90.62759057700261,10.0
fg:19901,Gavin Sheets,2024,2025,111,within_input_season_standardized,wRC+ + B2V + age + PA Ridge,"wRC+_t,safe_ZScore_Contact_t,safe_ZScore_Power_t,safe_ZScore_Discipline_t,safe_ZScore_Defense_t,safe_ZScore_Speed_t,age_t_t,PA_t",91.93670460354281,10.0
fg:19913,Jesus Sanchez,2024,2025,93,within_input_season_standardized,wRC+ + B2V + age + PA Ridge,"wRC+_t,safe_ZScore_Contact_t,safe_ZScore_Power_t,safe_ZScore_Discipline_t,safe_ZScore_Defense_t,safe_ZScore_Speed_t,age_t_t,PA_t",109.48733874310236,10.0
fg:19918,Daulton Varsho,2024,2025,123,within_input_season_standardized,wRC+ + B2V + age + PA Ridge,"wRC+_t,safe_ZScore_Contact_t,safe_ZScore_Power_t,safe_ZScore_Discipline_t,safe_ZScore_Defense_t,safe_ZScore_Speed_t,age_t_t,PA_t",87.69057200854593,10.0
fg:19921,Blake Perkins,2024,2025,83,within_input_season_standardized,wRC+ + B2V + age + PA Ridge,"wRC+_t,safe_ZScore_Contact_t,safe_ZScore_Power_t,safe_ZScore_Discipline_t,safe_ZScore_Defense_t,safe_ZScore_Speed_t,age_t_t,PA_t",87.70092298131021,10.0
fg:19950,Andres Gimenez,2024,2025,70,within_input_season_standardized,wRC+ + B2V + age + PA Ridge,"wRC+_t,safe_ZScore_Contact_t,safe_ZScore_Power_t,safe_ZScore_Discipline_t,safe_ZScore_Defense_t,safe_ZScore_Speed_t,age_t_t,PA_t",80.70507413726122,10.0
fg:19953,Josh Lowe,2024,2025,79,within_input_season_standardized,wRC+ + B2V + age + PA Ridge,"wRC+_t,safe_ZScore_Contact_t,safe_ZScore_Power_t,safe_ZScore_Discipline_t,safe_ZScore_Defense_t,safe_ZScore_Speed_t,age_t_t,PA_t",95.8557850224189,10.0
fg:19955,Gavin Lux,2024,2025,102,within_input_season_standardized,wRC+ + B2V + age + PA Ridge,"wRC+_t,safe_ZScore_Contact_t,safe_ZScore_Power_t,safe_ZScore_Discipline_t,safe_ZScore_Defense_t,safe_ZScore_Speed_t,age_t_t,PA_t",100.72845555556373,10.0
fg:19956,Mickey Moniak,2024,2025,110,within_input_season_standardized,wRC+ + B2V + age + PA Ridge,"wRC+_t,safe_ZScore_Contact_t,safe_ZScore_Power_t,safe_ZScore_Discipline_t,safe_ZScore_Defense_t,safe_ZScore_Speed_t,age_t_t,PA_t",84.54428090914108,10.0
fg:19997,Santiago Espinal,2024,2025,58,within_input_season_standardized,wRC+ + B2V + age + PA Ridge,"wRC+_t,safe_ZScore_Contact_t,safe_ZScore_Power_t,safe_ZScore_Discipline_t,safe_ZScore_Defense_t,safe_ZScore_Speed_t,age_t_t,PA_t",86.47800540971481,10.0
fg:20017,Miles Mastrobuoni,2024,2025,85,within_input_season_standardized,wRC+ + B2V + age + PA Ridge,"wRC+_t,safe_ZScore_Contact_t,safe_ZScore_Power_t,safe_ZScore_Discipline_t,safe_ZScore_Defense_t,safe_ZScore_Speed_t,age_t_t,PA_t",84.03119831650571,10.0
fg:20036,Isaac Paredes,2024,2025,128,within_input_season_standardized,wRC+ + B2V + age + PA Ridge,"wRC+_t,safe_ZScore_Contact_t,safe_ZScore_Power_t,safe_ZScore_Discipline_t,safe_ZScore_Defense_t,safe_ZScore_Speed_t,age_t_t,PA_t",97.06373102686686,10.0
fg:20043,Luis Robert Jr.,2024,2025,84,within_input_season_standardized,wRC+ + B2V + age + PA Ridge,"wRC+_t,safe_ZScore_Contact_t,safe_ZScore_Power_t,safe_ZScore_Discipline_t,safe_ZScore_Defense_t,safe_ZScore_Speed_t,age_t_t,PA_t",88.58909523597569,10.0
fg:20123,Juan Soto,2024,2025,156,within_input_season_standardized,wRC+ + B2V + age + PA Ridge,"wRC+_t,safe_ZScore_Contact_t,safe_ZScore_Power_t,safe_ZScore_Discipline_t,safe_ZScore_Defense_t,safe_ZScore_Speed_t,age_t_t,PA_t",159.36267341949872,10.0
fg:20126,Dylan Carlson,2024,2025,74,within_input_season_standardized,wRC+ + B2V + age + PA Ridge,"wRC+_t,safe_ZScore_Contact_t,safe_ZScore_Power_t,safe_ZScore_Discipline_t,safe_ZScore_Defense_t,safe_ZScore_Speed_t,age_t_t,PA_t",73.62076008743166,10.0
fg:20178,Miguel Vargas,2024,2025,101,within_input_season_standardized,wRC+ + B2V + age + PA Ridge,"wRC+_t,safe_ZScore_Contact_t,safe_ZScore_Power_t,safe_ZScore_Discipline_t,safe_ZScore_Defense_t,safe_ZScore_Speed_t,age_t_t,PA_t",86.40872042895559,10.0
fg:20202,Brandon Marsh,2024,2025,116,within_input_season_standardized,wRC+ + B2V + age + PA Ridge,"wRC+_t,safe_ZScore_Contact_t,safe_ZScore_Power_t,safe_ZScore_Discipline_t,safe_ZScore_Defense_t,safe_ZScore_Speed_t,age_t_t,PA_t",109.41782266021679,10.0
fg:20220,Jo Adell,2024,2025,112,within_input_season_standardized,wRC+ + B2V + age + PA Ridge,"wRC+_t,safe_ZScore_Contact_t,safe_ZScore_Power_t,safe_ZScore_Discipline_t,safe_ZScore_Defense_t,safe_ZScore_Speed_t,age_t_t,PA_t",102.07101287511911,10.0
fg:20287,Ben Rortvedt,2024,2025,31,within_input_season_standardized,wRC+ + B2V + age + PA Ridge,"wRC+_t,safe_ZScore_Contact_t,safe_ZScore_Power_t,safe_ZScore_Discipline_t,safe_ZScore_Defense_t,safe_ZScore_Speed_t,age_t_t,PA_t",76.55478715890197,10.0
fg:20308,Jake Meyers,2024,2025,107,within_input_season_standardized,wRC+ + B2V + age + PA Ridge,"wRC+_t,safe_ZScore_Contact_t,safe_ZScore_Power_t,safe_ZScore_Discipline_t,safe_ZScore_Defense_t,safe_ZScore_Speed_t,age_t_t,PA_t",88.62767348715532,10.0
fg:20352,Ernie Clement,2024,2025,98,within_input_season_standardized,wRC+ + B2V + age + PA Ridge,"wRC+_t,safe_ZScore_Contact_t,safe_ZScore_Power_t,safe_ZScore_Discipline_t,safe_ZScore_Defense_t,safe_ZScore_Speed_t,age_t_t,PA_t",83.68187294215208,10.0
fg:20437,Royce Lewis,2024,2025,85,within_input_season_standardized,wRC+ + B2V + age + PA Ridge,"wRC+_t,safe_ZScore_Contact_t,safe_ZScore_Power_t,safe_ZScore_Discipline_t,safe_ZScore_Defense_t,safe_ZScore_Speed_t,age_t_t,PA_t",97.78480418002539,10.0
fg:20454,Jazz Chisholm Jr.,2024,2025,126,within_input_season_standardized,wRC+ + B2V + age + PA Ridge,"wRC+_t,safe_ZScore_Contact_t,safe_ZScore_Power_t,safe_ZScore_Discipline_t,safe_ZScore_Defense_t,safe_ZScore_Speed_t,age_t_t,PA_t",108.73064129688193,10.0
fg:20503,William Contreras,2024,2025,113,within_input_season_standardized,wRC+ + B2V + age + PA Ridge,"wRC+_t,safe_ZScore_Contact_t,safe_ZScore_Power_t,safe_ZScore_Discipline_t,safe_ZScore_Defense_t,safe_ZScore_Speed_t,age_t_t,PA_t",122.85686823515042,10.0
fg:20529,Nolan Jones,2024,2025,72,within_input_season_standardized,wRC+ + B2V + age + PA Ridge,"wRC+_t,safe_ZScore_Contact_t,safe_ZScore_Power_t,safe_ZScore_Discipline_t,safe_ZScore_Defense_t,safe_ZScore_Speed_t,age_t_t,PA_t",95.75118882079084,10.0
fg:20572,Kody Clemens,2024,2025,95,within_input_season_standardized,wRC+ + B2V + age + PA Ridge,"wRC+_t,safe_ZScore_Contact_t,safe_ZScore_Power_t,safe_ZScore_Discipline_t,safe_ZScore_Defense_t,safe_ZScore_Speed_t,age_t_t,PA_t",87.79005164449057,10.0
fg:20599,Ivan Herrera,2024,2025,137,within_input_season_standardized,wRC+ + B2V + age + PA Ridge,"wRC+_t,safe_ZScore_Contact_t,safe_ZScore_Power_t,safe_ZScore_Discipline_t,safe_ZScore_Defense_t,safe_ZScore_Speed_t,age_t_t,PA_t",108.51270462935585,10.0
fg:21454,Lars Nootbaar,2024,2025,96,within_input_season_standardized,wRC+ + B2V + age + PA Ridge,"wRC+_t,safe_ZScore_Contact_t,safe_ZScore_Power_t,safe_ZScore_Discipline_t,safe_ZScore_Defense_t,safe_ZScore_Speed_t,age_t_t,PA_t",124.39007465405379,10.0
fg:21479,Nico Hoerner,2024,2025,109,within_input_season_standardized,wRC+ + B2V + age + PA Ridge,"wRC+_t,safe_ZScore_Contact_t,safe_ZScore_Power_t,safe_ZScore_Discipline_t,safe_ZScore_Defense_t,safe_ZScore_Speed_t,age_t_t,PA_t",99.67163077840338,10.0
fg:21501,Trevor Larnach,2024,2025,102,within_input_season_standardized,wRC+ + B2V + age + PA Ridge,"wRC+_t,safe_ZScore_Contact_t,safe_ZScore_Power_t,safe_ZScore_Discipline_t,safe_ZScore_Defense_t,safe_ZScore_Speed_t,age_t_t,PA_t",109.04848747980738,10.0
fg:21523,Jonathan India,2024,2025,89,within_input_season_standardized,wRC+ + B2V + age + PA Ridge,"wRC+_t,safe_ZScore_Contact_t,safe_ZScore_Power_t,safe_ZScore_Discipline_t,safe_ZScore_Defense_t,safe_ZScore_Speed_t,age_t_t,PA_t",112.20997619927854,10.0
fg:21524,Joey Bart,2024,2025,101,within_input_season_standardized,wRC+ + B2V + age + PA Ridge,"wRC+_t,safe_ZScore_Contact_t,safe_ZScore_Power_t,safe_ZScore_Discipline_t,safe_ZScore_Defense_t,safe_ZScore_Speed_t,age_t_t,PA_t",100.84318937897197,10.0
fg:21534,Cal Raleigh,2024,2025,161,within_input_season_standardized,wRC+ + B2V + age + PA Ridge,"wRC+_t,safe_ZScore_Contact_t,safe_ZScore_Power_t,safe_ZScore_Discipline_t,safe_ZScore_Defense_t,safe_ZScore_Speed_t,age_t_t,PA_t",101.5134253307092,10.0
fg:21538,Nick Fortes,2024,2025,80,within_input_season_standardized,wRC+ + B2V + age + PA Ridge,"wRC+_t,safe_ZScore_Contact_t,safe_ZScore_Power_t,safe_ZScore_Discipline_t,safe_ZScore_Defense_t,safe_ZScore_Speed_t,age_t_t,PA_t",75.34631564175622,10.0
fg:21558,Matt Vierling,2024,2025,76,within_input_season_standardized,wRC+ + B2V + age + PA Ridge,"wRC+_t,safe_ZScore_Contact_t,safe_ZScore_Power_t,safe_ZScore_Discipline_t,safe_ZScore_Defense_t,safe_ZScore_Speed_t,age_t_t,PA_t",109.69207071734829,10.0
fg:21562,Romy Gonzalez,2024,2025,123,within_input_season_standardized,wRC+ + B2V + age + PA Ridge,"wRC+_t,safe_ZScore_Contact_t,safe_ZScore_Power_t,safe_ZScore_Discipline_t,safe_ZScore_Defense_t,safe_ZScore_Speed_t,age_t_t,PA_t",95.8327372531795,10.0
fg:21614,Kyle Isbel,2024,2025,79,within_input_season_standardized,wRC+ + B2V + age + PA Ridge,"wRC+_t,safe_ZScore_Contact_t,safe_ZScore_Power_t,safe_ZScore_Discipline_t,safe_ZScore_Defense_t,safe_ZScore_Speed_t,age_t_t,PA_t",94.75418225183492,10.0
fg:21618,Alec Bohm,2024,2025,105,within_input_season_standardized,wRC+ + B2V + age + PA Ridge,"wRC+_t,safe_ZScore_Contact_t,safe_ZScore_Power_t,safe_ZScore_Discipline_t,safe_ZScore_Defense_t,safe_ZScore_Speed_t,age_t_t,PA_t",108.65112356541506,10.0
fg:21622,Jake McCarthy,2024,2025,60,within_input_season_standardized,wRC+ + B2V + age + PA Ridge,"wRC+_t,safe_ZScore_Contact_t,safe_ZScore_Power_t,safe_ZScore_Discipline_t,safe_ZScore_Defense_t,safe_ZScore_Speed_t,age_t_t,PA_t",90.06576768162614,10.0
fg:21636,Jeremy Pena,2024,2025,135,within_input_season_standardized,wRC+ + B2V + age + PA Ridge,"wRC+_t,safe_ZScore_Contact_t,safe_ZScore_Power_t,safe_ZScore_Discipline_t,safe_ZScore_Defense_t,safe_ZScore_Speed_t,age_t_t,PA_t",94.60238469312509,10.0
fg:21693,Miguel Amaya,2024,2025,124,within_input_season_standardized,wRC+ + B2V + age + PA Ridge,"wRC+_t,safe_ZScore_Contact_t,safe_ZScore_Power_t,safe_ZScore_Discipline_t,safe_ZScore_Defense_t,safe_ZScore_Speed_t,age_t_t,PA_t",89.27911169823095,10.0
fg:21707,Oswaldo Cabrera,2024,2025,83,within_input_season_standardized,wRC+ + B2V + age + PA Ridge,"wRC+_t,safe_ZScore_Contact_t,safe_ZScore_Power_t,safe_ZScore_Discipline_t,safe_ZScore_Defense_t,safe_ZScore_Speed_t,age_t_t,PA_t",90.6198162277935,10.0
fg:21711,Oneil Cruz,2024,2025,86,within_input_season_standardized,wRC+ + B2V + age + PA Ridge,"wRC+_t,safe_ZScore_Contact_t,safe_ZScore_Power_t,safe_ZScore_Discipline_t,safe_ZScore_Defense_t,safe_ZScore_Speed_t,age_t_t,PA_t",127.01389065969269,10.0
fg:21716,Enmanuel Valdez,2024,2025,82,within_input_season_standardized,wRC+ + B2V + age + PA Ridge,"wRC+_t,safe_ZScore_Contact_t,safe_ZScore_Power_t,safe_ZScore_Discipline_t,safe_ZScore_Defense_t,safe_ZScore_Speed_t,age_t_t,PA_t",98.2465921759247,10.0
fg:21837,Jonathan Aranda,2024,2025,146,within_input_season_standardized,wRC+ + B2V + age + PA Ridge,"wRC+_t,safe_ZScore_Contact_t,safe_ZScore_Power_t,safe_ZScore_Discipline_t,safe_ZScore_Defense_t,safe_ZScore_Speed_t,age_t_t,PA_t",107.51461767043335,10.0
fg:21840,Freddy Fermin,2024,2025,77,within_input_season_standardized,wRC+ + B2V + age + PA Ridge,"wRC+_t,safe_ZScore_Contact_t,safe_ZScore_Power_t,safe_ZScore_Discipline_t,safe_ZScore_Defense_t,safe_ZScore_Speed_t,age_t_t,PA_t",81.54540906657198,10.0
fg:21853,Will Benson,2024,2025,85,within_input_season_standardized,wRC+ + B2V + age + PA Ridge,"wRC+_t,safe_ZScore_Contact_t,safe_ZScore_Power_t,safe_ZScore_Discipline_t,safe_ZScore_Defense_t,safe_ZScore_Speed_t,age_t_t,PA_t",90.71456746202739,10.0
fg:21865,Bo Naylor,2024,2025,85,within_input_season_standardized,wRC+ + B2V + age + PA Ridge,"wRC+_t,safe_ZScore_Contact_t,safe_ZScore_Power_t,safe_ZScore_Discipline_t,safe_ZScore_Defense_t,safe_ZScore_Speed_t,age_t_t,PA_t",85.44282836721925,10.0
fg:21897,Christopher Morel,2024,2025,90,within_input_season_standardized,wRC+ + B2V + age + PA Ridge,"wRC+_t,safe_ZScore_Contact_t,safe_ZScore_Power_t,safe_ZScore_Discipline_t,safe_ZScore_Defense_t,safe_ZScore_Speed_t,age_t_t,PA_t",99.59004247487466,10.0
fg:22054,Dane Myers,2024,2025,72,within_input_season_standardized,wRC+ + B2V + age + PA Ridge,"wRC+_t,safe_ZScore_Contact_t,safe_ZScore_Power_t,safe_ZScore_Discipline_t,safe_ZScore_Defense_t,safe_ZScore_Speed_t,age_t_t,PA_t",90.1884686867414,10.0
fg:22184,Mark Vientos,2024,2025,97,within_input_season_standardized,wRC+ + B2V + age + PA Ridge,"wRC+_t,safe_ZScore_Contact_t,safe_ZScore_Power_t,safe_ZScore_Discipline_t,safe_ZScore_Defense_t,safe_ZScore_Speed_t,age_t_t,PA_t",110.22457066121926,10.0
fg:22186,Brice Turang,2024,2025,124,within_input_season_standardized,wRC+ + B2V + age + PA Ridge,"wRC+_t,safe_ZScore_Contact_t,safe_ZScore_Power_t,safe_ZScore_Discipline_t,safe_ZScore_Defense_t,safe_ZScore_Speed_t,age_t_t,PA_t",101.09481821590981,10.0
fg:22244,Jack Suwinski,2024,2025,55,within_input_season_standardized,wRC+ + B2V + age + PA Ridge,"wRC+_t,safe_ZScore_Contact_t,safe_ZScore_Power_t,safe_ZScore_Discipline_t,safe_ZScore_Defense_t,safe_ZScore_Speed_t,age_t_t,PA_t",98.47377349052205,10.0
fg:22263,Nolan Gorman,2024,2025,88,within_input_season_standardized,wRC+ + B2V + age + PA Ridge,"wRC+_t,safe_ZScore_Contact_t,safe_ZScore_Power_t,safe_ZScore_Discipline_t,safe_ZScore_Defense_t,safe_ZScore_Speed_t,age_t_t,PA_t",93.38514044971829,10.0
fg:22266,Xavier Edwards,2024,2025,95,within_input_season_standardized,wRC+ + B2V + age + PA Ridge,"wRC+_t,safe_ZScore_Contact_t,safe_ZScore_Power_t,safe_ZScore_Discipline_t,safe_ZScore_Defense_t,safe_ZScore_Speed_t,age_t_t,PA_t",94.71882378340165,10.0
fg:22275,Jake Burger,2024,2025,89,within_input_season_standardized,wRC+ + B2V + age + PA Ridge,"wRC+_t,safe_ZScore_Contact_t,safe_ZScore_Power_t,safe_ZScore_Discipline_t,safe_ZScore_Defense_t,safe_ZScore_Speed_t,age_t_t,PA_t",106.80541103721,10.0
fg:22277,Nick Allen,2024,2025,53,within_input_season_standardized,wRC+ + B2V + age + PA Ridge,"wRC+_t,safe_ZScore_Contact_t,safe_ZScore_Power_t,safe_ZScore_Discipline_t,safe_ZScore_Defense_t,safe_ZScore_Speed_t,age_t_t,PA_t",72.39774395426195,10.0
fg:22458,Taylor Walls,2024,2025,66,within_input_season_standardized,wRC+ + B2V + age + PA Ridge,"wRC+_t,safe_ZScore_Contact_t,safe_ZScore_Power_t,safe_ZScore_Discipline_t,safe_ZScore_Defense_t,safe_ZScore_Speed_t,age_t_t,PA_t",74.64120436539801,10.0
fg:22514,Triston Casas,2024,2025,56,within_input_season_standardized,wRC+ + B2V + age + PA Ridge,"wRC+_t,safe_ZScore_Contact_t,safe_ZScore_Power_t,safe_ZScore_Discipline_t,safe_ZScore_Defense_t,safe_ZScore_Speed_t,age_t_t,PA_t",106.12532479438626,10.0
fg:22515,Heliot Ramos,2024,2025,106,within_input_season_standardized,wRC+ + B2V + age + PA Ridge,"wRC+_t,safe_ZScore_Contact_t,safe_ZScore_Power_t,safe_ZScore_Discipline_t,safe_ZScore_Defense_t,safe_ZScore_Speed_t,age_t_t,PA_t",111.77257661390303,10.0
fg:22532,Tyler Freeman,2024,2025,91,within_input_season_standardized,wRC+ + B2V + age + PA Ridge,"wRC+_t,safe_ZScore_Contact_t,safe_ZScore_Power_t,safe_ZScore_Discipline_t,safe_ZScore_Defense_t,safe_ZScore_Speed_t,age_t_t,PA_t",94.87753980714386,10.0
fg:22542,Lawrence Butler,2024,2025,96,within_input_season_standardized,wRC+ + B2V + age + PA Ridge,"wRC+_t,safe_ZScore_Contact_t,safe_ZScore_Power_t,safe_ZScore_Discipline_t,safe_ZScore_Defense_t,safe_ZScore_Speed_t,age_t_t,PA_t",117.99520137161738,10.0
fg:22563,Gabriel Arias,2024,2025,77,within_input_season_standardized,wRC+ + B2V + age + PA Ridge,"wRC+_t,safe_ZScore_Contact_t,safe_ZScore_Power_t,safe_ZScore_Discipline_t,safe_ZScore_Defense_t,safe_ZScore_Speed_t,age_t_t,PA_t",79.00610965881378,10.0
fg:22581,Alejandro Kirk,2024,2025,116,within_input_season_standardized,wRC+ + B2V + age + PA Ridge,"wRC+_t,safe_ZScore_Contact_t,safe_ZScore_Power_t,safe_ZScore_Discipline_t,safe_ZScore_Defense_t,safe_ZScore_Speed_t,age_t_t,PA_t",97.44365574895133,10.0
fg:22664,Gabriel Moreno,2024,2025,117,within_input_season_standardized,wRC+ + B2V + age + PA Ridge,"wRC+_t,safe_ZScore_Contact_t,safe_ZScore_Power_t,safe_ZScore_Discipline_t,safe_ZScore_Defense_t,safe_ZScore_Speed_t,age_t_t,PA_t",108.00300857984877,10.0
fg:22715,Maikel Garcia,2024,2025,121,within_input_season_standardized,wRC+ + B2V + age + PA Ridge,"wRC+_t,safe_ZScore_Contact_t,safe_ZScore_Power_t,safe_ZScore_Discipline_t,safe_ZScore_Defense_t,safe_ZScore_Speed_t,age_t_t,PA_t",111.394654284918,10.0
fg:22799,Geraldo Perdomo,2024,2025,138,within_input_season_standardized,wRC+ + B2V + age + PA Ridge,"wRC+_t,safe_ZScore_Contact_t,safe_ZScore_Power_t,safe_ZScore_Discipline_t,safe_ZScore_Defense_t,safe_ZScore_Speed_t,age_t_t,PA_t",102.40770126023094,10.0
fg:22857,Wenceel Perez,2024,2025,103,within_input_season_standardized,wRC+ + B2V + age + PA Ridge,"wRC+_t,safe_ZScore_Contact_t,safe_ZScore_Power_t,safe_ZScore_Discipline_t,safe_ZScore_Defense_t,safe_ZScore_Speed_t,age_t_t,PA_t",93.78933589765985,10.0
fg:22896,Lenyn Sosa,2024,2025,100,within_input_season_standardized,wRC+ + B2V + age + PA Ridge,"wRC+_t,safe_ZScore_Contact_t,safe_ZScore_Power_t,safe_ZScore_Discipline_t,safe_ZScore_Defense_t,safe_ZScore_Speed_t,age_t_t,PA_t",93.13418870720558,10.0
fg:23003,Yainer Diaz,2024,2025,92,within_input_season_standardized,wRC+ + B2V + age + PA Ridge,"wRC+_t,safe_ZScore_Contact_t,safe_ZScore_Power_t,safe_ZScore_Discipline_t,safe_ZScore_Defense_t,safe_ZScore_Speed_t,age_t_t,PA_t",100.7524721497399,10.0
fg:23401,Jose Caballero,2024,2025,97,within_input_season_standardized,wRC+ + B2V + age + PA Ridge,"wRC+_t,safe_ZScore_Contact_t,safe_ZScore_Power_t,safe_ZScore_Discipline_t,safe_ZScore_Defense_t,safe_ZScore_Speed_t,age_t_t,PA_t",73.03916948009939,10.0
fg:23565,Davis Schneider,2024,2025,127,within_input_season_standardized,wRC+ + B2V + age + PA Ridge,"wRC+_t,safe_ZScore_Contact_t,safe_ZScore_Power_t,safe_ZScore_Discipline_t,safe_ZScore_Defense_t,safe_ZScore_Speed_t,age_t_t,PA_t",93.65128594496292,10.0
fg:23690,Brayan Rocchio,2024,2025,77,within_input_season_standardized,wRC+ + B2V + age + PA Ridge,"wRC+_t,safe_ZScore_Contact_t,safe_ZScore_Power_t,safe_ZScore_Discipline_t,safe_ZScore_Defense_t,safe_ZScore_Speed_t,age_t_t,PA_t",81.82097236962368,10.0
fg:23691,Jose Tena,2024,2025,88,within_input_season_standardized,wRC+ + B2V + age + PA Ridge,"wRC+_t,safe_ZScore_Contact_t,safe_ZScore_Power_t,safe_ZScore_Discipline_t,safe_ZScore_Defense_t,safe_ZScore_Speed_t,age_t_t,PA_t",96.39947838867786,10.0
fg:23697,Julio Rodriguez,2024,2025,126,within_input_season_standardized,wRC+ + B2V + age + PA Ridge,"wRC+_t,safe_ZScore_Contact_t,safe_ZScore_Power_t,safe_ZScore_Discipline_t,safe_ZScore_Defense_t,safe_ZScore_Speed_t,age_t_t,PA_t",104.54631349525509,10.0
fg:23733,Ezequiel Duran,2024,2025,57,within_input_season_standardized,wRC+ + B2V + age + PA Ridge,"wRC+_t,safe_ZScore_Contact_t,safe_ZScore_Power_t,safe_ZScore_Discipline_t,safe_ZScore_Defense_t,safe_ZScore_Speed_t,age_t_t,PA_t",76.28388886704656,10.0
fg:23772,Wilyer Abreu,2024,2025,110,within_input_season_standardized,wRC+ + B2V + age + PA Ridge,"wRC+_t,safe_ZScore_Contact_t,safe_ZScore_Power_t,safe_ZScore_Discipline_t,safe_ZScore_Defense_t,safe_ZScore_Speed_t,age_t_t,PA_t",106.86871365352737,10.0
fg:23789,Blaze Alexander,2024,2025,99,within_input_season_standardized,wRC+ + B2V + age + PA Ridge,"wRC+_t,safe_ZScore_Contact_t,safe_ZScore_Power_t,safe_ZScore_Discipline_t,safe_ZScore_Defense_t,safe_ZScore_Speed_t,age_t_t,PA_t",83.38469787877538,10.0
fg:23792,Alek Thomas,2024,2025,81,within_input_season_standardized,wRC+ + B2V + age + PA Ridge,"wRC+_t,safe_ZScore_Contact_t,safe_ZScore_Power_t,safe_ZScore_Discipline_t,safe_ZScore_Defense_t,safe_ZScore_Speed_t,age_t_t,PA_t",104.434721173347,10.0
fg:23800,Parker Meadows,2024,2025,75,within_input_season_standardized,wRC+ + B2V + age + PA Ridge,"wRC+_t,safe_ZScore_Contact_t,safe_ZScore_Power_t,safe_ZScore_Discipline_t,safe_ZScore_Defense_t,safe_ZScore_Speed_t,age_t_t,PA_t",92.03182449430517,10.0
fg:2396,Carlos Santana,2024,2025,82,within_input_season_standardized,wRC+ + B2V + age + PA Ridge,"wRC+_t,safe_ZScore_Contact_t,safe_ZScore_Power_t,safe_ZScore_Discipline_t,safe_ZScore_Defense_t,safe_ZScore_Speed_t,age_t_t,PA_t",99.13966556331012,10.0
fg:23986,Curtis Mead,2024,2025,76,within_input_season_standardized,wRC+ + B2V + age + PA Ridge,"wRC+_t,safe_ZScore_Contact_t,safe_ZScore_Power_t,safe_ZScore_Discipline_t,safe_ZScore_Defense_t,safe_ZScore_Speed_t,age_t_t,PA_t",85.30243794288322,10.0
fg:24064,Ezequiel Tovar,2024,2025,78,within_input_season_standardized,wRC+ + B2V + age + PA Ridge,"wRC+_t,safe_ZScore_Contact_t,safe_ZScore_Power_t,safe_ZScore_Discipline_t,safe_ZScore_Defense_t,safe_ZScore_Speed_t,age_t_t,PA_t",87.19612078151141,10.0
fg:24257,Jhonkensy Noel,2024,2025,28,within_input_season_standardized,wRC+ + B2V + age + PA Ridge,"wRC+_t,safe_ZScore_Contact_t,safe_ZScore_Power_t,safe_ZScore_Discipline_t,safe_ZScore_Defense_t,safe_ZScore_Speed_t,age_t_t,PA_t",96.18594374183158,10.0
fg:24262,Ceddanne Rafaela,2024,2025,91,within_input_season_standardized,wRC+ + B2V + age + PA Ridge,"wRC+_t,safe_ZScore_Contact_t,safe_ZScore_Power_t,safe_ZScore_Discipline_t,safe_ZScore_Defense_t,safe_ZScore_Speed_t,age_t_t,PA_t",77.30089305851955,10.0
fg:24336,Johan Rojas,2024,2025,58,within_input_season_standardized,wRC+ + B2V + age + PA Ridge,"wRC+_t,safe_ZScore_Contact_t,safe_ZScore_Power_t,safe_ZScore_Discipline_t,safe_ZScore_Defense_t,safe_ZScore_Speed_t,age_t_t,PA_t",82.40221948700828,10.0
fg:24488,Max Schuemann,2024,2025,62,within_input_season_standardized,wRC+ + B2V + age + PA Ridge,"wRC+_t,safe_ZScore_Contact_t,safe_ZScore_Power_t,safe_ZScore_Discipline_t,safe_ZScore_Defense_t,safe_ZScore_Speed_t,age_t_t,PA_t",87.68615457950682,10.0
fg:24598,Addison Barger,2024,2025,107,within_input_season_standardized,wRC+ + B2V + age + PA Ridge,"wRC+_t,safe_ZScore_Contact_t,safe_ZScore_Power_t,safe_ZScore_Discipline_t,safe_ZScore_Defense_t,safe_ZScore_Speed_t,age_t_t,PA_t",92.33999672206065,10.0
fg:24610,Steven Kwan,2024,2025,99,within_input_season_standardized,wRC+ + B2V + age + PA Ridge,"wRC+_t,safe_ZScore_Contact_t,safe_ZScore_Power_t,safe_ZScore_Discipline_t,safe_ZScore_Defense_t,safe_ZScore_Speed_t,age_t_t,PA_t",108.65159868139648,10.0
fg:24617,Jarren Duran,2024,2025,111,within_input_season_standardized,wRC+ + B2V + age + PA Ridge,"wRC+_t,safe_ZScore_Contact_t,safe_ZScore_Power_t,safe_ZScore_Discipline_t,safe_ZScore_Defense_t,safe_ZScore_Speed_t,age_t_t,PA_t",117.84283329850552,10.0
fg:24618,Ryan Jeffers,2024,2025,113,within_input_season_standardized,wRC+ + B2V + age + PA Ridge,"wRC+_t,safe_ZScore_Contact_t,safe_ZScore_Power_t,safe_ZScore_Discipline_t,safe_ZScore_Defense_t,safe_ZScore_Speed_t,age_t_t,PA_t",98.71304030401853,10.0
fg:24679,Brendan Donovan,2024,2025,119,within_input_season_standardized,wRC+ + B2V + age + PA Ridge,"wRC+_t,safe_ZScore_Contact_t,safe_ZScore_Power_t,safe_ZScore_Discipline_t,safe_ZScore_Defense_t,safe_ZScore_Speed_t,age_t_t,PA_t",107.9151004557292,10.0
fg:24703,Jonah Bride,2024,2025,23,within_input_season_standardized,wRC+ + B2V + age + PA Ridge,"wRC+_t,safe_ZScore_Contact_t,safe_ZScore_Power_t,safe_ZScore_Discipline_t,safe_ZScore_Defense_t,safe_ZScore_Speed_t,age_t_t,PA_t",98.15178289309262,10.0
fg:24729,Logan O'Hoppe,2024,2025,72,within_input_season_standardized,wRC+ + B2V + age + PA Ridge,"wRC+_t,safe_ZScore_Contact_t,safe_ZScore_Power_t,safe_ZScore_Discipline_t,safe_ZScore_Defense_t,safe_ZScore_Speed_t,age_t_t,PA_t",96.09952040044303,10.0
fg:24770,James Outman,2024,2025,48,within_input_season_standardized,wRC+ + B2V + age + PA Ridge,"wRC+_t,safe_ZScore_Contact_t,safe_ZScore_Power_t,safe_ZScore_Discipline_t,safe_ZScore_Defense_t,safe_ZScore_Speed_t,age_t_t,PA_t",78.82872580554744,10.0
fg:24816,Andy Pages,2024,2025,113,within_input_season_standardized,wRC+ + B2V + age + PA Ridge,"wRC+_t,safe_ZScore_Contact_t,safe_ZScore_Power_t,safe_ZScore_Discipline_t,safe_ZScore_Defense_t,safe_ZScore_Speed_t,age_t_t,PA_t",99.18424398982782,10.0
fg:24934,David Fry,2024,2025,63,within_input_season_standardized,wRC+ + B2V + age + PA Ridge,"wRC+_t,safe_ZScore_Contact_t,safe_ZScore_Power_t,safe_ZScore_Discipline_t,safe_ZScore_Defense_t,safe_ZScore_Speed_t,age_t_t,PA_t",96.86898745145454,10.0
fg:25180,Daniel Schneemann,2024,2025,79,within_input_season_standardized,wRC+ + B2V + age + PA Ridge,"wRC+_t,safe_ZScore_Contact_t,safe_ZScore_Power_t,safe_ZScore_Discipline_t,safe_ZScore_Defense_t,safe_ZScore_Speed_t,age_t_t,PA_t",83.5776706328397,10.0
fg:25479,Brenton Doyle,2024,2025,65,within_input_season_standardized,wRC+ + B2V + age + PA Ridge,"wRC+_t,safe_ZScore_Contact_t,safe_ZScore_Power_t,safe_ZScore_Discipline_t,safe_ZScore_Defense_t,safe_ZScore_Speed_t,age_t_t,PA_t",103.86054430845368,10.0
fg:25493,Joey Ortiz,2024,2025,67,within_input_season_standardized,wRC+ + B2V + age + PA Ridge,"wRC+_t,safe_ZScore_Contact_t,safe_ZScore_Power_t,safe_ZScore_Discipline_t,safe_ZScore_Defense_t,safe_ZScore_Speed_t,age_t_t,PA_t",104.00583791651361,10.0
fg:25764,Bobby Witt Jr.,2024,2025,130,within_input_season_standardized,wRC+ + B2V + age + PA Ridge,"wRC+_t,safe_ZScore_Contact_t,safe_ZScore_Power_t,safe_ZScore_Discipline_t,safe_ZScore_Defense_t,safe_ZScore_Speed_t,age_t_t,PA_t",137.46395980814373,10.0
fg:25768,CJ Abrams,2024,2025,107,within_input_season_standardized,wRC+ + B2V + age + PA Ridge,"wRC+_t,safe_ZScore_Contact_t,safe_ZScore_Power_t,safe_ZScore_Discipline_t,safe_ZScore_Defense_t,safe_ZScore_Speed_t,age_t_t,PA_t",104.54693985894838,10.0
fg:25782,Pedro Pages,2024,2025,77,within_input_season_standardized,wRC+ + B2V + age + PA Ridge,"wRC+_t,safe_ZScore_Contact_t,safe_ZScore_Power_t,safe_ZScore_Discipline_t,safe_ZScore_Defense_t,safe_ZScore_Speed_t,age_t_t,PA_t",87.18448979961342,10.0
fg:25807,Jared Triolo,2024,2025,86,within_input_season_standardized,wRC+ + B2V + age + PA Ridge,"wRC+_t,safe_ZScore_Contact_t,safe_ZScore_Power_t,safe_ZScore_Discipline_t,safe_ZScore_Defense_t,safe_ZScore_Speed_t,age_t_t,PA_t",86.98241628098725,10.0
fg:25816,Shea Langeliers,2024,2025,132,within_input_season_standardized,wRC+ + B2V + age + PA Ridge,"wRC+_t,safe_ZScore_Contact_t,safe_ZScore_Power_t,safe_ZScore_Discipline_t,safe_ZScore_Defense_t,safe_ZScore_Speed_t,age_t_t,PA_t",108.29975898324446,10.0
fg:25845,Michael Toglia,2024,2025,54,within_input_season_standardized,wRC+ + B2V + age + PA Ridge,"wRC+_t,safe_ZScore_Contact_t,safe_ZScore_Power_t,safe_ZScore_Discipline_t,safe_ZScore_Defense_t,safe_ZScore_Speed_t,age_t_t,PA_t",119.44037629664153,10.0
fg:25878,Corbin Carroll,2024,2025,139,within_input_season_standardized,wRC+ + B2V + age + PA Ridge,"wRC+_t,safe_ZScore_Contact_t,safe_ZScore_Power_t,safe_ZScore_Discipline_t,safe_ZScore_Defense_t,safe_ZScore_Speed_t,age_t_t,PA_t",122.79412065776165,10.0
fg:25931,Michael Harris II,2024,2025,83,within_input_season_standardized,wRC+ + B2V + age + PA Ridge,"wRC+_t,safe_ZScore_Contact_t,safe_ZScore_Power_t,safe_ZScore_Discipline_t,safe_ZScore_Defense_t,safe_ZScore_Speed_t,age_t_t,PA_t",105.43047293156988,10.0
fg:25961,Kerry Carpenter,2024,2025,115,within_input_season_standardized,wRC+ + B2V + age + PA Ridge,"wRC+_t,safe_ZScore_Contact_t,safe_ZScore_Power_t,safe_ZScore_Discipline_t,safe_ZScore_Defense_t,safe_ZScore_Speed_t,age_t_t,PA_t",107.20921149785772,10.0
fg:25976,Riley Greene,2024,2025,121,within_input_season_standardized,wRC+ + B2V + age + PA Ridge,"wRC+_t,safe_ZScore_Contact_t,safe_ZScore_Power_t,safe_ZScore_Discipline_t,safe_ZScore_Defense_t,safe_ZScore_Speed_t,age_t_t,PA_t",122.15464460607917,10.0
fg:26121,Francisco Alvarez,2024,2025,124,within_input_season_standardized,wRC+ + B2V + age + PA Ridge,"wRC+_t,safe_ZScore_Contact_t,safe_ZScore_Power_t,safe_ZScore_Discipline_t,safe_ZScore_Defense_t,safe_ZScore_Speed_t,age_t_t,PA_t",97.90711660281474,10.0
fg:26123,Brett Baty,2024,2025,111,within_input_season_standardized,wRC+ + B2V + age + PA Ridge,"wRC+_t,safe_ZScore_Contact_t,safe_ZScore_Power_t,safe_ZScore_Discipline_t,safe_ZScore_Defense_t,safe_ZScore_Speed_t,age_t_t,PA_t",84.55646068036728,10.0
fg:26151,Kyle Stowers,2024,2025,149,within_input_season_standardized,wRC+ + B2V + age + PA Ridge,"wRC+_t,safe_ZScore_Contact_t,safe_ZScore_Power_t,safe_ZScore_Discipline_t,safe_ZScore_Defense_t,safe_ZScore_Speed_t,age_t_t,PA_t",84.17039835325075,10.0
fg:26197,Andrew Vaughn,2024,2025,99,within_input_season_standardized,wRC+ + B2V + age + PA Ridge,"wRC+_t,safe_ZScore_Contact_t,safe_ZScore_Power_t,safe_ZScore_Discipline_t,safe_ZScore_Defense_t,safe_ZScore_Speed_t,age_t_t,PA_t",105.02763730736376,10.0
fg:26208,Tyler Fitzgerald,2024,2025,72,within_input_season_standardized,wRC+ + B2V + age + PA Ridge,"wRC+_t,safe_ZScore_Contact_t,safe_ZScore_Power_t,safe_ZScore_Discipline_t,safe_ZScore_Defense_t,safe_ZScore_Speed_t,age_t_t,PA_t",92.06802513196422,10.0
fg:26224,Darell Hernaiz,2024,2025,65,within_input_season_standardized,wRC+ + B2V + age + PA Ridge,"wRC+_t,safe_ZScore_Contact_t,safe_ZScore_Power_t,safe_ZScore_Discipline_t,safe_ZScore_Defense_t,safe_ZScore_Speed_t,age_t_t,PA_t",83.10694563116961,10.0
fg:26288,Adley Rutschman,2024,2025,91,within_input_season_standardized,wRC+ + B2V + age + PA Ridge,"wRC+_t,safe_ZScore_Contact_t,safe_ZScore_Power_t,safe_ZScore_Discipline_t,safe_ZScore_Defense_t,safe_ZScore_Speed_t,age_t_t,PA_t",102.71332278413055,10.0
fg:26289,Gunnar Henderson,2024,2025,120,within_input_season_standardized,wRC+ + B2V + age + PA Ridge,"wRC+_t,safe_ZScore_Contact_t,safe_ZScore_Power_t,safe_ZScore_Discipline_t,safe_ZScore_Defense_t,safe_ZScore_Speed_t,age_t_t,PA_t",140.37614645302023,10.0
fg:26294,Bryson Stott,2024,2025,100,within_input_season_standardized,wRC+ + B2V + age + PA Ridge,"wRC+_t,safe_ZScore_Contact_t,safe_ZScore_Power_t,safe_ZScore_Discipline_t,safe_ZScore_Defense_t,safe_ZScore_Speed_t,age_t_t,PA_t",102.35364475858431,10.0
fg:26299,Josh Jung,2024,2025,91,within_input_season_standardized,wRC+ + B2V + age + PA Ridge,"wRC+_t,safe_ZScore_Contact_t,safe_ZScore_Power_t,safe_ZScore_Discipline_t,safe_ZScore_Defense_t,safe_ZScore_Speed_t,age_t_t,PA_t",85.99215056815308,10.0
fg:26319,Michael Busch,2024,2025,140,within_input_season_standardized,wRC+ + B2V + age + PA Ridge,"wRC+_t,safe_ZScore_Contact_t,safe_ZScore_Power_t,safe_ZScore_Discipline_t,safe_ZScore_Defense_t,safe_ZScore_Speed_t,age_t_t,PA_t",104.35244276372221,10.0
fg:26323,Spencer Steer,2024,2025,97,within_input_season_standardized,wRC+ + B2V + age + PA Ridge,"wRC+_t,safe_ZScore_Contact_t,safe_ZScore_Power_t,safe_ZScore_Discipline_t,safe_ZScore_Defense_t,safe_ZScore_Speed_t,age_t_t,PA_t",107.97903791054796,10.0
fg:26368,JJ Bleday,2024,2025,90,within_input_season_standardized,wRC+ + B2V + age + PA Ridge,"wRC+_t,safe_ZScore_Contact_t,safe_ZScore_Power_t,safe_ZScore_Discipline_t,safe_ZScore_Defense_t,safe_ZScore_Speed_t,age_t_t,PA_t",106.02627202371428,10.0
fg:26396,Josh Smith,2024,2025,100,within_input_season_standardized,wRC+ + B2V + age + PA Ridge,"wRC+_t,safe_ZScore_Contact_t,safe_ZScore_Power_t,safe_ZScore_Discipline_t,safe_ZScore_Defense_t,safe_ZScore_Speed_t,age_t_t,PA_t",94.31422606365719,10.0
fg:26438,Dominic Canzone,2024,2025,141,within_input_season_standardized,wRC+ + B2V + age + PA Ridge,"wRC+_t,safe_ZScore_Contact_t,safe_ZScore_Power_t,safe_ZScore_Discipline_t,safe_ZScore_Defense_t,safe_ZScore_Speed_t,age_t_t,PA_t",89.32964298147982,10.0
fg:26466,Matt Wallner,2024,2025,114,within_input_season_standardized,wRC+ + B2V + age + PA Ridge,"wRC+_t,safe_ZScore_Contact_t,safe_ZScore_Power_t,safe_ZScore_Discipline_t,safe_ZScore_Defense_t,safe_ZScore_Speed_t,age_t_t,PA_t",109.28958278690077,10.0
fg:26467,Luis Matos,2024,2025,91,within_input_season_standardized,wRC+ + B2V + age + PA Ridge,"wRC+_t,safe_ZScore_Contact_t,safe_ZScore_Power_t,safe_ZScore_Discipline_t,safe_ZScore_Defense_t,safe_ZScore_Speed_t,age_t_t,PA_t",91.10532743666256,10.0
fg:26477,Spencer Horwitz,2024,2025,119,within_input_season_standardized,wRC+ + B2V + age + PA Ridge,"wRC+_t,safe_ZScore_Contact_t,safe_ZScore_Power_t,safe_ZScore_Discipline_t,safe_ZScore_Defense_t,safe_ZScore_Speed_t,age_t_t,PA_t",101.00417364443327,10.0
fg:26517,Noelvi Marte,2024,2025,101,within_input_season_standardized,wRC+ + B2V + age + PA Ridge,"wRC+_t,safe_ZScore_Contact_t,safe_ZScore_Power_t,safe_ZScore_Discipline_t,safe_ZScore_Defense_t,safe_ZScore_Speed_t,age_t_t,PA_t",81.6752770153409,10.0
fg:26540,Angel Martinez,2024,2025,74,within_input_season_standardized,wRC+ + B2V + age + PA Ridge,"wRC+_t,safe_ZScore_Contact_t,safe_ZScore_Power_t,safe_ZScore_Discipline_t,safe_ZScore_Defense_t,safe_ZScore_Speed_t,age_t_t,PA_t",86.96705865722988,10.0
fg:26668,Elly De La Cruz,2024,2025,109,within_input_season_standardized,wRC+ + B2V + age + PA Ridge,"wRC+_t,safe_ZScore_Contact_t,safe_ZScore_Power_t,safe_ZScore_Discipline_t,safe_ZScore_Defense_t,safe_ZScore_Speed_t,age_t_t,PA_t",122.2487417266793,10.0
fg:27462,Austin Martin,2024,2025,113,within_input_season_standardized,wRC+ + B2V + age + PA Ridge,"wRC+_t,safe_ZScore_Contact_t,safe_ZScore_Power_t,safe_ZScore_Discipline_t,safe_ZScore_Defense_t,safe_ZScore_Speed_t,age_t_t,PA_t",92.73728930650138,10.0
fg:27465,Spencer Torkelson,2024,2025,118,within_input_season_standardized,wRC+ + B2V + age + PA Ridge,"wRC+_t,safe_ZScore_Contact_t,safe_ZScore_Power_t,safe_ZScore_Discipline_t,safe_ZScore_Defense_t,safe_ZScore_Speed_t,age_t_t,PA_t",91.68011790327832,10.0
fg:27467,Tyler Soderstrom,2024,2025,125,within_input_season_standardized,wRC+ + B2V + age + PA Ridge,"wRC+_t,safe_ZScore_Contact_t,safe_ZScore_Power_t,safe_ZScore_Discipline_t,safe_ZScore_Defense_t,safe_ZScore_Speed_t,age_t_t,PA_t",106.02353759508621,10.0
fg:27475,Jordan Walker,2024,2025,66,within_input_season_standardized,wRC+ + B2V + age + PA Ridge,"wRC+_t,safe_ZScore_Contact_t,safe_ZScore_Power_t,safe_ZScore_Discipline_t,safe_ZScore_Defense_t,safe_ZScore_Speed_t,age_t_t,PA_t",97.21380328350074,10.0
fg:27478,Patrick Bailey,2024,2025,70,within_input_season_standardized,wRC+ + B2V + age + PA Ridge,"wRC+_t,safe_ZScore_Contact_t,safe_ZScore_Power_t,safe_ZScore_Discipline_t,safe_ZScore_Defense_t,safe_ZScore_Speed_t,age_t_t,PA_t",90.02282927549608,10.0
fg:27479,Masyn Winn,2024,2025,91,within_input_season_standardized,wRC+ + B2V + age + PA Ridge,"wRC+_t,safe_ZScore_Contact_t,safe_ZScore_Power_t,safe_ZScore_Discipline_t,safe_ZScore_Defense_t,safe_ZScore_Speed_t,age_t_t,PA_t",103.58557168223147,10.0
fg:27490,Nick Gonzales,2024,2025,82,within_input_season_standardized,wRC+ + B2V + age + PA Ridge,"wRC+_t,safe_ZScore_Contact_t,safe_ZScore_Power_t,safe_ZScore_Discipline_t,safe_ZScore_Defense_t,safe_ZScore_Speed_t,age_t_t,PA_t",89.91751736808754,10.0
fg:27506,Ha-seong Kim,2024,2025,82,within_input_season_standardized,wRC+ + B2V + age + PA Ridge,"wRC+_t,safe_ZScore_Contact_t,safe_ZScore_Power_t,safe_ZScore_Discipline_t,safe_ZScore_Defense_t,safe_ZScore_Speed_t,age_t_t,PA_t",105.03421130764013,10.0
fg:27531,David Hamilton,2024,2025,60,within_input_season_standardized,wRC+ + B2V + age + PA Ridge,"wRC+_t,safe_ZScore_Contact_t,safe_ZScore_Power_t,safe_ZScore_Discipline_t,safe_ZScore_Defense_t,safe_ZScore_Speed_t,age_t_t,PA_t",92.68111235958646,10.0
fg:27534,Edouard Julien,2024,2025,81,within_input_season_standardized,wRC+ + B2V + age + PA Ridge,"wRC+_t,safe_ZScore_Contact_t,safe_ZScore_Power_t,safe_ZScore_Discipline_t,safe_ZScore_Defense_t,safe_ZScore_Speed_t,age_t_t,PA_t",93.70891179086017,10.0
fg:27562,Austin Wells,2024,2025,94,within_input_season_standardized,wRC+ + B2V + age + PA Ridge,"wRC+_t,safe_ZScore_Contact_t,safe_ZScore_Power_t,safe_ZScore_Discipline_t,safe_ZScore_Defense_t,safe_ZScore_Speed_t,age_t_t,PA_t",95.30662097155705,10.0
fg:27577,Casey Schmitt,2024,2025,98,within_input_season_standardized,wRC+ + B2V + age + PA Ridge,"wRC+_t,safe_ZScore_Contact_t,safe_ZScore_Power_t,safe_ZScore_Discipline_t,safe_ZScore_Defense_t,safe_ZScore_Speed_t,age_t_t,PA_t",90.92657296289278,10.0
fg:27615,Alec Burleson,2024,2025,124,within_input_season_standardized,wRC+ + B2V + age + PA Ridge,"wRC+_t,safe_ZScore_Contact_t,safe_ZScore_Power_t,safe_ZScore_Discipline_t,safe_ZScore_Defense_t,safe_ZScore_Speed_t,age_t_t,PA_t",106.4124644198928,10.0
fg:27630,Nick Loftin,2024,2025,73,within_input_season_standardized,wRC+ + B2V + age + PA Ridge,"wRC+_t,safe_ZScore_Contact_t,safe_ZScore_Power_t,safe_ZScore_Discipline_t,safe_ZScore_Defense_t,safe_ZScore_Speed_t,age_t_t,PA_t",83.02122511876547,10.0
fg:27647,Anthony Volpe,2024,2025,83,within_input_season_standardized,wRC+ + B2V + age + PA Ridge,"wRC+_t,safe_ZScore_Contact_t,safe_ZScore_Power_t,safe_ZScore_Discipline_t,safe_ZScore_Defense_t,safe_ZScore_Speed_t,age_t_t,PA_t",94.31133201712414,10.0
fg:27676,Vinnie Pasquantino,2024,2025,116,within_input_season_standardized,wRC+ + B2V + age + PA Ridge,"wRC+_t,safe_ZScore_Contact_t,safe_ZScore_Power_t,safe_ZScore_Discipline_t,safe_ZScore_Defense_t,safe_ZScore_Speed_t,age_t_t,PA_t",115.35559129487976,10.0
fg:27684,Michael Massey,2024,2025,57,within_input_season_standardized,wRC+ + B2V + age + PA Ridge,"wRC+_t,safe_ZScore_Contact_t,safe_ZScore_Power_t,safe_ZScore_Discipline_t,safe_ZScore_Defense_t,safe_ZScore_Speed_t,age_t_t,PA_t",98.84342911035817,10.0
fg:27769,Pete Crow-Armstrong,2024,2025,109,within_input_season_standardized,wRC+ + B2V + age + PA Ridge,"wRC+_t,safe_ZScore_Contact_t,safe_ZScore_Power_t,safe_ZScore_Discipline_t,safe_ZScore_Defense_t,safe_ZScore_Speed_t,age_t_t,PA_t",84.249214345199,10.0
fg:27790,Evan Carter,2024,2025,107,within_input_season_standardized,wRC+ + B2V + age + PA Ridge,"wRC+_t,safe_ZScore_Contact_t,safe_ZScore_Power_t,safe_ZScore_Discipline_t,safe_ZScore_Defense_t,safe_ZScore_Speed_t,age_t_t,PA_t",95.08798373538028,10.0
fg:27815,Jordan Westburg,2024,2025,115,within_input_season_standardized,wRC+ + B2V + age + PA Ridge,"wRC+_t,safe_ZScore_Contact_t,safe_ZScore_Power_t,safe_ZScore_Discipline_t,safe_ZScore_Defense_t,safe_ZScore_Speed_t,age_t_t,PA_t",108.5756718426239,10.0
fg:27899,Colt Keith,2024,2025,109,within_input_season_standardized,wRC+ + B2V + age + PA Ridge,"wRC+_t,safe_ZScore_Contact_t,safe_ZScore_Power_t,safe_ZScore_Discipline_t,safe_ZScore_Defense_t,safe_ZScore_Speed_t,age_t_t,PA_t",98.12303146687722,10.0
fg:28163,Junior Caminero,2024,2025,129,within_input_season_standardized,wRC+ + B2V + age + PA Ridge,"wRC+_t,safe_ZScore_Contact_t,safe_ZScore_Power_t,safe_ZScore_Discipline_t,safe_ZScore_Defense_t,safe_ZScore_Speed_t,age_t_t,PA_t",102.46340743317165,10.0
fg:28806,Jackson Chourio,2024,2025,111,within_input_season_standardized,wRC+ + B2V + age + PA Ridge,"wRC+_t,safe_ZScore_Contact_t,safe_ZScore_Power_t,safe_ZScore_Discipline_t,safe_ZScore_Defense_t,safe_ZScore_Speed_t,age_t_t,PA_t",114.23016806893463,10.0
fg:29490,Jackson Merrill,2024,2025,116,within_input_season_standardized,wRC+ + B2V + age + PA Ridge,"wRC+_t,safe_ZScore_Contact_t,safe_ZScore_Power_t,safe_ZScore_Discipline_t,safe_ZScore_Defense_t,safe_ZScore_Speed_t,age_t_t,PA_t",117.26034368013194,10.0
fg:29518,James Wood,2024,2025,127,within_input_season_standardized,wRC+ + B2V + age + PA Ridge,"wRC+_t,safe_ZScore_Contact_t,safe_ZScore_Power_t,safe_ZScore_Discipline_t,safe_ZScore_Defense_t,safe_ZScore_Speed_t,age_t_t,PA_t",120.54191242201819,10.0
fg:29575,Trey Sweeney,2024,2025,53,within_input_season_standardized,wRC+ + B2V + age + PA Ridge,"wRC+_t,safe_ZScore_Contact_t,safe_ZScore_Power_t,safe_ZScore_Discipline_t,safe_ZScore_Defense_t,safe_ZScore_Speed_t,age_t_t,PA_t",86.87749161639806,10.0
fg:29576,Ben Rice,2024,2025,133,within_input_season_standardized,wRC+ + B2V + age + PA Ridge,"wRC+_t,safe_ZScore_Contact_t,safe_ZScore_Power_t,safe_ZScore_Discipline_t,safe_ZScore_Defense_t,safe_ZScore_Speed_t,age_t_t,PA_t",101.36249177230003,10.0
fg:29591,Colton Cowser,2024,2025,83,within_input_season_standardized,wRC+ + B2V + age + PA Ridge,"wRC+_t,safe_ZScore_Contact_t,safe_ZScore_Power_t,safe_ZScore_Discipline_t,safe_ZScore_Defense_t,safe_ZScore_Speed_t,age_t_t,PA_t",110.43504201784448,10.0
fg:29592,Connor Norby,2024,2025,90,within_input_season_standardized,wRC+ + B2V + age + PA Ridge,"wRC+_t,safe_ZScore_Contact_t,safe_ZScore_Power_t,safe_ZScore_Discipline_t,safe_ZScore_Defense_t,safe_ZScore_Speed_t,age_t_t,PA_t",87.03234950319587,10.0
fg:29606,Justyn-Henry Malloy,2024,2025,92,within_input_season_standardized,wRC+ + B2V + age + PA Ridge,"wRC+_t,safe_ZScore_Contact_t,safe_ZScore_Power_t,safe_ZScore_Discipline_t,safe_ZScore_Defense_t,safe_ZScore_Speed_t,age_t_t,PA_t",87.39948742229224,10.0
fg:29617,Henry Davis,2024,2025,41,within_input_season_standardized,wRC+ + B2V + age + PA Ridge,"wRC+_t,safe_ZScore_Contact_t,safe_ZScore_Power_t,safe_ZScore_Discipline_t,safe_ZScore_Defense_t,safe_ZScore_Speed_t,age_t_t,PA_t",74.14488815396537,10.0
fg:29622,Sal Frelick,2024,2025,114,within_input_season_standardized,wRC+ + B2V + age + PA Ridge,"wRC+_t,safe_ZScore_Contact_t,safe_ZScore_Power_t,safe_ZScore_Discipline_t,safe_ZScore_Defense_t,safe_ZScore_Speed_t,age_t_t,PA_t",88.56871692785447,10.0
fg:29630,Joey Loperfido,2024,2025,148,within_input_season_standardized,wRC+ + B2V + age + PA Ridge,"wRC+_t,safe_ZScore_Contact_t,safe_ZScore_Power_t,safe_ZScore_Discipline_t,safe_ZScore_Defense_t,safe_ZScore_Speed_t,age_t_t,PA_t",74.42302431627445,10.0
fg:2967,Tommy Pham,2024,2025,94,within_input_season_standardized,wRC+ + B2V + age + PA Ridge,"wRC+_t,safe_ZScore_Contact_t,safe_ZScore_Power_t,safe_ZScore_Discipline_t,safe_ZScore_Defense_t,safe_ZScore_Speed_t,age_t_t,PA_t",97.47716757163539,10.0
fg:29715,Hunter Goodman,2024,2025,118,within_input_season_standardized,wRC+ + B2V + age + PA Ridge,"wRC+_t,safe_ZScore_Contact_t,safe_ZScore_Power_t,safe_ZScore_Discipline_t,safe_ZScore_Defense_t,safe_ZScore_Speed_t,age_t_t,PA_t",93.5247109528683,10.0
fg:29766,Zack Gelof,2024,2025,36,within_input_season_standardized,wRC+ + B2V + age + PA Ridge,"wRC+_t,safe_ZScore_Contact_t,safe_ZScore_Power_t,safe_ZScore_Discipline_t,safe_ZScore_Defense_t,safe_ZScore_Speed_t,age_t_t,PA_t",86.8381769460554,10.0
fg:29794,Kyle Manzardo,2024,2025,113,within_input_season_standardized,wRC+ + B2V + age + PA Ridge,"wRC+_t,safe_ZScore_Contact_t,safe_ZScore_Power_t,safe_ZScore_Discipline_t,safe_ZScore_Defense_t,safe_ZScore_Speed_t,age_t_t,PA_t",89.27451110181217,10.0
fg:29931,Jacob Young,2024,2025,66,within_input_season_standardized,wRC+ + B2V + age + PA Ridge,"wRC+_t,safe_ZScore_Contact_t,safe_ZScore_Power_t,safe_ZScore_Discipline_t,safe_ZScore_Defense_t,safe_ZScore_Speed_t,age_t_t,PA_t",85.78680891855392,10.0
fg:30011,Christian Encarnacion-Strand,2024,2025,59,within_input_season_standardized,wRC+ + B2V + age + PA Ridge,"wRC+_t,safe_ZScore_Contact_t,safe_ZScore_Power_t,safe_ZScore_Discipline_t,safe_ZScore_Defense_t,safe_ZScore_Speed_t,age_t_t,PA_t",82.50746902024238,10.0
fg:30116,Seiya Suzuki,2024,2025,123,within_input_season_standardized,wRC+ + B2V + age + PA Ridge,"wRC+_t,safe_ZScore_Contact_t,safe_ZScore_Power_t,safe_ZScore_Discipline_t,safe_ZScore_Defense_t,safe_ZScore_Speed_t,age_t_t,PA_t",120.5591319591125,10.0
fg:31166,Heston Kjerstad,2024,2025,57,within_input_season_standardized,wRC+ + B2V + age + PA Ridge,"wRC+_t,safe_ZScore_Contact_t,safe_ZScore_Power_t,safe_ZScore_Discipline_t,safe_ZScore_Defense_t,safe_ZScore_Speed_t,age_t_t,PA_t",85.6965158116146,10.0
fg:31347,Zach Neto,2024,2025,116,within_input_season_standardized,wRC+ + B2V + age + PA Ridge,"wRC+_t,safe_ZScore_Contact_t,safe_ZScore_Power_t,safe_ZScore_Discipline_t,safe_ZScore_Defense_t,safe_ZScore_Speed_t,age_t_t,PA_t",104.81924282216993,10.0
fg:31349,Victor Scott II,2024,2025,76,within_input_season_standardized,wRC+ + B2V + age + PA Ridge,"wRC+_t,safe_ZScore_Contact_t,safe_ZScore_Power_t,safe_ZScore_Discipline_t,safe_ZScore_Defense_t,safe_ZScore_Speed_t,age_t_t,PA_t",81.45399319374022,10.0
fg:31394,Brooks Baldwin,2024,2025,92,within_input_season_standardized,wRC+ + B2V + age + PA Ridge,"wRC+_t,safe_ZScore_Contact_t,safe_ZScore_Power_t,safe_ZScore_Discipline_t,safe_ZScore_Defense_t,safe_ZScore_Speed_t,age_t_t,PA_t",77.22125588569673,10.0
fg:31431,Jordan Beck,2024,2025,90,within_input_season_standardized,wRC+ + B2V + age + PA Ridge,"wRC+_t,safe_ZScore_Contact_t,safe_ZScore_Power_t,safe_ZScore_Discipline_t,safe_ZScore_Defense_t,safe_ZScore_Speed_t,age_t_t,PA_t",79.30149062897173,10.0
fg:31595,Brooks Lee,2024,2025,81,within_input_season_standardized,wRC+ + B2V + age + PA Ridge,"wRC+_t,safe_ZScore_Contact_t,safe_ZScore_Power_t,safe_ZScore_Discipline_t,safe_ZScore_Defense_t,safe_ZScore_Speed_t,age_t_t,PA_t",84.34284832646567,10.0
fg:31781,Jackson Holliday,2024,2025,96,within_input_season_standardized,wRC+ + B2V + age + PA Ridge,"wRC+_t,safe_ZScore_Contact_t,safe_ZScore_Power_t,safe_ZScore_Discipline_t,safe_ZScore_Defense_t,safe_ZScore_Speed_t,age_t_t,PA_t",91.25201480378131,10.0
fg:31837,Masataka Yoshida,2024,2025,88,within_input_season_standardized,wRC+ + B2V + age + PA Ridge,"wRC+_t,safe_ZScore_Contact_t,safe_ZScore_Power_t,safe_ZScore_Discipline_t,safe_ZScore_Defense_t,safe_ZScore_Speed_t,age_t_t,PA_t",99.26444371682172,10.0
fg:33189,Nolan Schanuel,2024,2025,109,within_input_season_standardized,wRC+ + B2V + age + PA Ridge,"wRC+_t,safe_ZScore_Contact_t,safe_ZScore_Power_t,safe_ZScore_Discipline_t,safe_ZScore_Defense_t,safe_ZScore_Speed_t,age_t_t,PA_t",104.52099781903183,10.0
fg:33266,Jacob Wilson,2024,2025,121,within_input_season_standardized,wRC+ + B2V + age + PA Ridge,"wRC+_t,safe_ZScore_Contact_t,safe_ZScore_Power_t,safe_ZScore_Discipline_t,safe_ZScore_Defense_t,safe_ZScore_Speed_t,age_t_t,PA_t",85.71284041245556,10.0
fg:33333,Wyatt Langford,2024,2025,118,within_input_season_standardized,wRC+ + B2V + age + PA Ridge,"wRC+_t,safe_ZScore_Contact_t,safe_ZScore_Power_t,safe_ZScore_Discipline_t,safe_ZScore_Defense_t,safe_ZScore_Speed_t,age_t_t,PA_t",114.40639301063334,10.0
fg:33541,Dylan Crews,2024,2025,77,within_input_season_standardized,wRC+ + B2V + age + PA Ridge,"wRC+_t,safe_ZScore_Contact_t,safe_ZScore_Power_t,safe_ZScore_Discipline_t,safe_ZScore_Defense_t,safe_ZScore_Speed_t,age_t_t,PA_t",100.1442965241471,10.0
fg:33824,Jung Hoo Lee,2024,2025,107,within_input_season_standardized,wRC+ + B2V + age + PA Ridge,"wRC+_t,safe_ZScore_Contact_t,safe_ZScore_Power_t,safe_ZScore_Discipline_t,safe_ZScore_Defense_t,safe_ZScore_Speed_t,age_t_t,PA_t",101.22788583998863,10.0
fg:4949,Giancarlo Stanton,2024,2025,158,within_input_season_standardized,wRC+ + B2V + age + PA Ridge,"wRC+_t,safe_ZScore_Contact_t,safe_ZScore_Power_t,safe_ZScore_Discipline_t,safe_ZScore_Defense_t,safe_ZScore_Speed_t,age_t_t,PA_t",112.50847464031665,10.0
fg:5235,Justin Turner,2024,2025,71,within_input_season_standardized,wRC+ + B2V + age + PA Ridge,"wRC+_t,safe_ZScore_Contact_t,safe_ZScore_Power_t,safe_ZScore_Discipline_t,safe_ZScore_Defense_t,safe_ZScore_Speed_t,age_t_t,PA_t",84.77882248113322,10.0
fg:5361,Freddie Freeman,2024,2025,139,within_input_season_standardized,wRC+ + B2V + age + PA Ridge,"wRC+_t,safe_ZScore_Contact_t,safe_ZScore_Power_t,safe_ZScore_Discipline_t,safe_ZScore_Defense_t,safe_ZScore_Speed_t,age_t_t,PA_t",112.34988302971058,10.0
fg:5417,Jose Altuve,2024,2025,113,within_input_season_standardized,wRC+ + B2V + age + PA Ridge,"wRC+_t,safe_ZScore_Contact_t,safe_ZScore_Power_t,safe_ZScore_Discipline_t,safe_ZScore_Defense_t,safe_ZScore_Speed_t,age_t_t,PA_t",92.11130867525415,10.0
fg:5517,Kyle Higashioka,2024,2025,93,within_input_season_standardized,wRC+ + B2V + age + PA Ridge,"wRC+_t,safe_ZScore_Contact_t,safe_ZScore_Power_t,safe_ZScore_Discipline_t,safe_ZScore_Defense_t,safe_ZScore_Speed_t,age_t_t,PA_t",87.0727949384884,10.0
fg:5827,Wilmer Flores,2024,2025,95,within_input_season_standardized,wRC+ + B2V + age + PA Ridge,"wRC+_t,safe_ZScore_Contact_t,safe_ZScore_Power_t,safe_ZScore_Discipline_t,safe_ZScore_Defense_t,safe_ZScore_Speed_t,age_t_t,PA_t",80.28901203025372,10.0
fg:6887,Martin Maldonado,2024,2025,61,within_input_season_standardized,wRC+ + B2V + age + PA Ridge,"wRC+_t,safe_ZScore_Contact_t,safe_ZScore_Power_t,safe_ZScore_Discipline_t,safe_ZScore_Defense_t,safe_ZScore_Speed_t,age_t_t,PA_t",62.47344648889487,10.0
fg:7304,Salvador Perez,2024,2025,95,within_input_season_standardized,wRC+ + B2V + age + PA Ridge,"wRC+_t,safe_ZScore_Contact_t,safe_ZScore_Power_t,safe_ZScore_Discipline_t,safe_ZScore_Defense_t,safe_ZScore_Speed_t,age_t_t,PA_t",92.78888238544448,10.0
fg:7739,Travis d'Arnaud,2024,2025,64,within_input_season_standardized,wRC+ + B2V + age + PA Ridge,"wRC+_t,safe_ZScore_Contact_t,safe_ZScore_Power_t,safe_ZScore_Discipline_t,safe_ZScore_Defense_t,safe_ZScore_Speed_t,age_t_t,PA_t",87.12508853450954,10.0
fg:7802,Miguel Rojas,2024,2025,100,within_input_season_standardized,wRC+ + B2V + age + PA Ridge,"wRC+_t,safe_ZScore_Contact_t,safe_ZScore_Power_t,safe_ZScore_Discipline_t,safe_ZScore_Defense_t,safe_ZScore_Speed_t,age_t_t,PA_t",86.98392951020885,10.0
fg:8623,Donovan Solano,2024,2025,82,within_input_season_standardized,wRC+ + B2V + age + PA Ridge,"wRC+_t,safe_ZScore_Contact_t,safe_ZScore_Power_t,safe_ZScore_Discipline_t,safe_ZScore_Defense_t,safe_ZScore_Speed_t,age_t_t,PA_t",79.40660799511795,10.0
fg:9218,Paul Goldschmidt,2024,2025,103,within_input_season_standardized,wRC+ + B2V + age + PA Ridge,"wRC+_t,safe_ZScore_Contact_t,safe_ZScore_Power_t,safe_ZScore_Discipline_t,safe_ZScore_Defense_t,safe_ZScore_Speed_t,age_t_t,PA_t",100.42949069779078,10.0
fg:9241,Starling Marte,2024,2025,112,within_input_season_standardized,wRC+ + B2V + age + PA Ridge,"wRC+_t,safe_ZScore_Contact_t,safe_ZScore_Power_t,safe_ZScore_Discipline_t,safe_ZScore_Defense_t,safe_ZScore_Speed_t,age_t_t,PA_t",93.99584099912828,10.0
fg:9774,Christian Vazquez,2024,2025,55,within_input_season_standardized,wRC+ + B2V + age + PA Ridge,"wRC+_t,safe_ZScore_Contact_t,safe_ZScore_Power_t,safe_ZScore_Discipline_t,safe_ZScore_Defense_t,safe_ZScore_Speed_t,age_t_t,PA_t",72.42170201620414,10.0
fg:9777,Nolan Arenado,2024,2025,84,within_input_season_standardized,wRC+ + B2V + age + PA Ridge,"wRC+_t,safe_ZScore_Contact_t,safe_ZScore_Power_t,safe_ZScore_Discipline_t,safe_ZScore_Defense_t,safe_ZScore_Speed_t,age_t_t,PA_t",86.39995407775854,10.0
fg:9847,Andrew McCutchen,2024,2025,95,within_input_season_standardized,wRC+ + B2V + age + PA Ridge,"wRC+_t,safe_ZScore_Contact_t,safe_ZScore_Power_t,safe_ZScore_Discipline_t,safe_ZScore_Defense_t,safe_ZScore_Speed_t,age_t_t,PA_t",93.88145672011072,10.0
fg:9874,DJ LeMahieu,2024,2025,95,within_input_season_standardized,wRC+ + B2V + age + PA Ridge,"wRC+_t,safe_ZScore_Contact_t,safe_ZScore_Power_t,safe_ZScore_Discipline_t,safe_ZScore_Defense_t,safe_ZScore_Speed_t,age_t_t,PA_t",80.31406233215614,10.0
fg:10155,Mike Trout,2024,2025,120,archived_pooled_20_80,League mean,training-target mean,97.12121212121212,
fg:10231,Jose Iglesias,2024,2025,73,archived_pooled_20_80,League mean,training-target mean,97.12121212121212,
fg:10243,Randal Grichuk,2024,2025,82,archived_pooled_20_80,League mean,training-target mean,97.12121212121212,
fg:10324,Marcell Ozuna,2024,2025,114,archived_pooled_20_80,League mean,training-target mean,97.12121212121212,
fg:10472,Enrique Hernandez,2024,2025,70,archived_pooled_20_80,League mean,training-target mean,97.12121212121212,
fg:10681,Gio Urshela,2024,2025,68,archived_pooled_20_80,League mean,training-target mean,97.12121212121212,
fg:10815,Jurickson Profar,2024,2025,122,archived_pooled_20_80,League mean,training-target mean,97.12121212121212,
fg:11442,Gary Sanchez,2024,2025,100,archived_pooled_20_80,League mean,training-target mean,97.12121212121212,
fg:11445,Mark Canha,2024,2025,49,archived_pooled_20_80,League mean,training-target mean,97.12121212121212,
fg:11477,Christian Yelich,2024,2025,121,archived_pooled_20_80,League mean,training-target mean,97.12121212121212,
fg:11493,Manny Machado,2024,2025,123,archived_pooled_20_80,League mean,training-target mean,97.12121212121212,
fg:11579,Bryce Harper,2024,2025,131,archived_pooled_20_80,League mean,training-target mean,97.12121212121212,
fg:11609,Willson Contreras,2024,2025,124,archived_pooled_20_80,League mean,training-target mean,97.12121212121212,
fg:11680,Elias Diaz,2024,2025,74,archived_pooled_20_80,League mean,training-target mean,97.12121212121212,
fg:11737,Nick Castellanos,2024,2025,90,archived_pooled_20_80,League mean,training-target mean,97.12121212121212,
fg:11739,J.T. Realmuto,2024,2025,94,archived_pooled_20_80,League mean,training-target mean,97.12121212121212,
fg:11899,Joc Pederson,2024,2025,76,archived_pooled_20_80,League mean,training-target mean,97.12121212121212,
fg:12005,Nick Martini,2024,2025,49,archived_pooled_20_80,League mean,training-target mean,97.12121212121212,
fg:12144,Max Kepler,2024,2025,90,archived_pooled_20_80,League mean,training-target mean,97.12121212121212,
fg:12161,Xander Bogaerts,2024,2025,104,archived_pooled_20_80,League mean,training-target mean,97.12121212121212,
fg:12533,Marcus Semien,2024,2025,89,archived_pooled_20_80,League mean,training-target mean,97.12121212121212,
fg:12552,Eugenio Suarez,2024,2025,125,archived_pooled_20_80,League mean,training-target mean,97.12121212121212,
fg:12564,Trevor Story,2024,2025,101,archived_pooled_20_80,League mean,training-target mean,97.12121212121212,
fg:12856,George Springer,2024,2025,166,archived_pooled_20_80,League mean,training-target mean,97.12121212121212,
fg:12859,James McCann,2024,2025,110,archived_pooled_20_80,League mean,training-target mean,97.12121212121212,
fg:12916,Francisco Lindor,2024,2025,129,archived_pooled_20_80,League mean,training-target mean,97.12121212121212,
fg:12927,Brandon Nimmo,2024,2025,114,archived_pooled_20_80,League mean,training-target mean,97.12121212121212,
fg:12976,Austin Hedges,2024,2025,51,archived_pooled_20_80,League mean,training-target mean,97.12121212121212,
fg:12979,Javier Baez,2024,2025,86,archived_pooled_20_80,League mean,training-target mean,97.12121212121212,
fg:13066,Teoscar Hernandez,2024,2025,102,archived_pooled_20_80,League mean,training-target mean,97.12121212121212,
fg:13145,Josh Bell,2024,2025,107,archived_pooled_20_80,League mean,training-target mean,97.12121212121212,
fg:13152,Jorge Polanco,2024,2025,132,archived_pooled_20_80,League mean,training-target mean,97.12121212121212,
fg:13185,Orlando Arcia,2024,2025,33,archived_pooled_20_80,League mean,training-target mean,97.12121212121212,
fg:13324,Ildemaro Vargas,2024,2025,85,archived_pooled_20_80,League mean,training-target mean,97.12121212121212,
fg:13419,Christian Walker,2024,2025,99,archived_pooled_20_80,League mean,training-target mean,97.12121212121212,
fg:13510,Jose Ramirez,2024,2025,133,archived_pooled_20_80,League mean,training-target mean,97.12121212121212,
fg:13611,Mookie Betts,2024,2025,104,archived_pooled_20_80,League mean,training-target mean,97.12121212121212,
fg:13613,Ketel Marte,2024,2025,145,archived_pooled_20_80,League mean,training-target mean,97.12121212121212,
fg:13620,Carson Kelly,2024,2025,115,archived_pooled_20_80,League mean,training-target mean,97.12121212121212,
fg:13624,Corey Seager,2024,2025,138,archived_pooled_20_80,League mean,training-target mean,97.12121212121212,
fg:13675,Tyrone Taylor,2024,2025,70,archived_pooled_20_80,League mean,training-target mean,97.12121212121212,
fg:13723,Jacob Stallings,2024,2025,-7,archived_pooled_20_80,League mean,training-target mean,97.12121212121212,
fg:13757,Chris Taylor,2024,2025,56,archived_pooled_20_80,League mean,training-target mean,97.12121212121212,
fg:13770,Rob Refsnyder,2024,2025,128,archived_pooled_20_80,League mean,training-target mean,97.12121212121212,
fg:14161,Byron Buxton,2024,2025,136,archived_pooled_20_80,League mean,training-target mean,97.12121212121212,
fg:14162,Carlos Correa,2024,2025,106,archived_pooled_20_80,League mean,training-target mean,97.12121212121212,
fg:14221,Jorge Soler,2024,2025,88,archived_pooled_20_80,League mean,training-target mean,97.12121212121212,
fg:14344,Matt Olson,2024,2025,136,archived_pooled_20_80,League mean,training-target mean,97.12121212121212,
fg:14551,Anthony Santander,2024,2025,61,archived_pooled_20_80,League mean,training-target mean,97.12121212121212,
fg:14813,Kyle Farmer,2024,2025,65,archived_pooled_20_80,League mean,training-target mean,97.12121212121212,
fg:14854,Mike Yastrzemski,2024,2025,106,archived_pooled_20_80,League mean,training-target mean,97.12121212121212,
fg:14968,Victor Caratini,2024,2025,104,archived_pooled_20_80,League mean,training-target mean,97.12121212121212,
fg:15112,Ryan McMahon,2024,2025,86,archived_pooled_20_80,League mean,training-target mean,97.12121212121212,
fg:15161,Mitch Garver,2024,2025,86,archived_pooled_20_80,League mean,training-target mean,97.12121212121212,
fg:15194,Jake Bauers,2024,2025,114,archived_pooled_20_80,League mean,training-target mean,97.12121212121212,
fg:15223,Adam Frazier,2024,2025,89,archived_pooled_20_80,League mean,training-target mean,97.12121212121212,
fg:15274,Mike Tauchman,2024,2025,115,archived_pooled_20_80,League mean,training-target mean,97.12121212121212,
fg:15362,Jeff McNeil,2024,2025,111,archived_pooled_20_80,League mean,training-target mean,97.12121212121212,
fg:15464,Hunter Renfroe,2024,2025,32,archived_pooled_20_80,League mean,training-target mean,97.12121212121212,
fg:15491,J.P. Crawford,2024,2025,113,archived_pooled_20_80,League mean,training-target mean,97.12121212121212,
fg:15518,Amed Rosario,2024,2025,106,archived_pooled_20_80,League mean,training-target mean,97.12121212121212,
fg:15640,Aaron Judge,2024,2025,204,archived_pooled_20_80,League mean,training-target mean,97.12121212121212,
fg:15653,Dominic Smith,2024,2025,111,archived_pooled_20_80,League mean,training-target mean,97.12121212121212,
fg:15674,Reese McGuire,2024,2025,86,archived_pooled_20_80,League mean,training-target mean,97.12121212121212,
fg:15679,Rowdy Tellez,2024,2025,101,archived_pooled_20_80,League mean,training-target mean,97.12121212121212,
fg:15711,Tyler O'Neill,2024,2025,91,archived_pooled_20_80,League mean,training-target mean,97.12121212121212,
fg:15730,Tyler Wade,2024,2025,69,archived_pooled_20_80,League mean,training-target mean,97.12121212121212,
fg:15878,Miguel Andujar,2024,2025,125,archived_pooled_20_80,League mean,training-target mean,97.12121212121212,
fg:15905,Luis Torrens,2024,2025,79,archived_pooled_20_80,League mean,training-target mean,97.12121212121212,
fg:15986,Willy Adames,2024,2025,108,archived_pooled_20_80,League mean,training-target mean,97.12121212121212,
fg:15998,Cody Bellinger,2024,2025,125,archived_pooled_20_80,League mean,training-target mean,97.12121212121212,
fg:16153,Austin Slater,2024,2025,78,archived_pooled_20_80,League mean,training-target mean,97.12121212121212,
fg:16252,Trea Turner,2024,2025,125,archived_pooled_20_80,League mean,training-target mean,97.12121212121212,
fg:16376,Michael Conforto,2024,2025,83,archived_pooled_20_80,League mean,training-target mean,97.12121212121212,
fg:16426,Thairo Estrada,2024,2025,66,archived_pooled_20_80,League mean,training-target mean,97.12121212121212,
fg:16442,Ryan O'Hearn,2024,2025,127,archived_pooled_20_80,League mean,training-target mean,97.12121212121212,
fg:16472,Rhys Hoskins,2024,2025,109,archived_pooled_20_80,League mean,training-target mean,97.12121212121212,
fg:16478,Kyle Schwarber,2024,2025,152,archived_pooled_20_80,League mean,training-target mean,97.12121212121212,
fg:16505,Matt Chapman,2024,2025,118,archived_pooled_20_80,League mean,training-target mean,97.12121212121212,
fg:16512,Isiah Kiner-Falefa,2024,2025,75,archived_pooled_20_80,League mean,training-target mean,97.12121212121212,
fg:16530,Mauricio Dubon,2024,2025,80,archived_pooled_20_80,League mean,training-target mean,97.12121212121212,
fg:16535,Danny Jansen,2024,2025,103,archived_pooled_20_80,League mean,training-target mean,97.12121212121212,
fg:16556,Ozzie Albies,2024,2025,87,archived_pooled_20_80,League mean,training-target mean,97.12121212121212,
fg:16578,Yandy Diaz,2024,2025,135,archived_pooled_20_80,League mean,training-target mean,97.12121212121212,
fg:16622,Luis Urias,2024,2025,84,archived_pooled_20_80,League mean,training-target mean,97.12121212121212,
fg:16725,Jose Trevino,2024,2025,66,archived_pooled_20_80,League mean,training-target mean,97.12121212121212,
fg:16930,Jonah Heim,2024,2025,69,archived_pooled_20_80,League mean,training-target mean,97.12121212121212,
fg:16939,Lane Thomas,2024,2025,48,archived_pooled_20_80,League mean,training-target mean,97.12121212121212,
fg:16947,Derek Hill,2024,2025,70,archived_pooled_20_80,League mean,training-target mean,97.12121212121212,
fg:16997,Gleyber Torres,2024,2025,113,archived_pooled_20_80,League mean,training-target mean,97.12121212121212,
fg:17022,Edmundo Sosa,2024,2025,111,archived_pooled_20_80,League mean,training-target mean,97.12121212121212,
fg:17027,Alex Verdugo,2024,2025,66,archived_pooled_20_80,League mean,training-target mean,97.12121212121212,
fg:17040,Jose Herrera,2024,2025,57,archived_pooled_20_80,League mean,training-target mean,97.12121212121212,
fg:17128,Ramon Laureano,2024,2025,138,archived_pooled_20_80,League mean,training-target mean,97.12121212121212,
fg:17276,Alex Jackson,2024,2025,111,archived_pooled_20_80,League mean,training-target mean,97.12121212121212,
fg:17338,Willi Castro,2024,2025,92,archived_pooled_20_80,League mean,training-target mean,97.12121212121212,
fg:17350,Rafael Devers,2024,2025,135,archived_pooled_20_80,League mean,training-target mean,97.12121212121212,
fg:17548,Taylor Ward,2024,2025,117,archived_pooled_20_80,League mean,training-target mean,97.12121212121212,
fg:17678,Alex Bregman,2024,2025,125,archived_pooled_20_80,League mean,training-target mean,97.12121212121212,
fg:17696,Kevin Newman,2024,2025,27,archived_pooled_20_80,League mean,training-target mean,97.12121212121212,
fg:17901,Andrew Benintendi,2024,2025,103,archived_pooled_20_80,League mean,training-target mean,97.12121212121212,
fg:17907,Brendan Rodgers,2024,2025,55,archived_pooled_20_80,League mean,training-target mean,97.12121212121212,
fg:17919,Ian Happ,2024,2025,116,archived_pooled_20_80,League mean,training-target mean,97.12121212121212,
fg:17929,Cedric Mullins,2024,2025,94,archived_pooled_20_80,League mean,training-target mean,97.12121212121212,
fg:17982,Ty France,2024,2025,92,archived_pooled_20_80,League mean,training-target mean,97.12121212121212,
fg:17988,Tyler Stephenson,2024,2025,99,archived_pooled_20_80,League mean,training-target mean,97.12121212121212,
fg:18015,Paul DeJong,2024,2025,76,archived_pooled_20_80,League mean,training-target mean,97.12121212121212,
fg:18030,Harrison Bader,2024,2025,122,archived_pooled_20_80,League mean,training-target mean,97.12121212121212,
fg:18036,Jake Cronenworth,2024,2025,117,archived_pooled_20_80,League mean,training-target mean,97.12121212121212,
fg:18042,Dylan Moore,2024,2025,83,archived_pooled_20_80,League mean,training-target mean,97.12121212121212,
fg:18126,LaMonte Wade Jr.,2024,2025,52,archived_pooled_20_80,League mean,training-target mean,97.12121212121212,
fg:18314,Dansby Swanson,2024,2025,99,archived_pooled_20_80,League mean,training-target mean,97.12121212121212,
fg:18345,Kyle Tucker,2024,2025,136,archived_pooled_20_80,League mean,training-target mean,97.12121212121212,
fg:18360,Austin Riley,2024,2025,103,archived_pooled_20_80,League mean,training-target mean,97.12121212121212,
fg:18363,Victor Robles,2024,2025,75,archived_pooled_20_80,League mean,training-target mean,97.12121212121212,
fg:18373,Ryan Mountcastle,2024,2025,81,archived_pooled_20_80,League mean,training-target mean,97.12121212121212,
fg:18401,Ronald Acuna Jr.,2024,2025,161,archived_pooled_20_80,League mean,training-target mean,97.12121212121212,
fg:18564,Trent Grisham,2024,2025,129,archived_pooled_20_80,League mean,training-target mean,97.12121212121212,
fg:18568,Luis Arraez,2024,2025,104,archived_pooled_20_80,League mean,training-target mean,97.12121212121212,
fg:18577,Ke'Bryan Hayes,2024,2025,65,archived_pooled_20_80,League mean,training-target mean,97.12121212121212,
fg:18795,Ramon Urias,2024,2025,87,archived_pooled_20_80,League mean,training-target mean,97.12121212121212,
fg:18819,Andy Ibanez,2024,2025,84,archived_pooled_20_80,League mean,training-target mean,97.12121212121212,
fg:18839,Josh Naylor,2024,2025,128,archived_pooled_20_80,League mean,training-target mean,97.12121212121212,
fg:18882,Brandon Lowe,2024,2025,114,archived_pooled_20_80,League mean,training-target mean,97.12121212121212,
fg:18900,Leody Taveras,2024,2025,47,archived_pooled_20_80,League mean,training-target mean,97.12121212121212,
fg:19238,Lourdes Gurriel Jr.,2024,2025,95,archived_pooled_20_80,League mean,training-target mean,97.12121212121212,
fg:19251,Pete Alonso,2024,2025,141,archived_pooled_20_80,League mean,training-target mean,97.12121212121212,
fg:19260,Jake Fraley,2024,2025,97,archived_pooled_20_80,League mean,training-target mean,97.12121212121212,
fg:19287,Adolis Garcia,2024,2025,83,archived_pooled_20_80,League mean,training-target mean,97.12121212121212,
fg:19290,Randy Arozarena,2024,2025,120,archived_pooled_20_80,League mean,training-target mean,97.12121212121212,
fg:19296,Alex Call,2024,2025,113,archived_pooled_20_80,League mean,training-target mean,97.12121212121212,
fg:19318,Matt Thaiss,2024,2025,89,archived_pooled_20_80,League mean,training-target mean,97.12121212121212,
fg:19326,Bryan Reynolds,2024,2025,99,archived_pooled_20_80,League mean,training-target mean,97.12121212121212,
fg:19352,Sean Murphy,2024,2025,97,archived_pooled_20_80,League mean,training-target mean,97.12121212121212,
fg:19354,Luke Raley,2024,2025,91,archived_pooled_20_80,League mean,training-target mean,97.12121212121212,
fg:19363,Austin Hays,2024,2025,105,archived_pooled_20_80,League mean,training-target mean,97.12121212121212,
fg:19392,Zach McKinstry,2024,2025,114,archived_pooled_20_80,League mean,training-target mean,97.12121212121212,
fg:19452,Jake Rogers,2024,2025,70,archived_pooled_20_80,League mean,training-target mean,97.12121212121212,
fg:19455,Andruw Monasterio,2024,2025,111,archived_pooled_20_80,League mean,training-target mean,97.12121212121212,
fg:19470,Tommy Edman,2024,2025,81,archived_pooled_20_80,League mean,training-target mean,97.12121212121212,
fg:19522,TJ Friedl,2024,2025,109,archived_pooled_20_80,League mean,training-target mean,97.12121212121212,
fg:19556,Yordan Alvarez,2024,2025,118,archived_pooled_20_80,League mean,training-target mean,97.12121212121212,
fg:19566,Nathaniel Lowe,2024,2025,91,archived_pooled_20_80,League mean,training-target mean,97.12121212121212,
fg:19599,Chas McCormick,2024,2025,62,archived_pooled_20_80,League mean,training-target mean,97.12121212121212,
fg:19608,Otto Lopez,2024,2025,86,archived_pooled_20_80,League mean,training-target mean,97.12121212121212,
fg:19610,Keibert Ruiz,2024,2025,65,archived_pooled_20_80,League mean,training-target mean,97.12121212121212,
fg:19611,Vladimir Guerrero Jr.,2024,2025,137,archived_pooled_20_80,League mean,training-target mean,97.12121212121212,
fg:19612,Bo Bichette,2024,2025,134,archived_pooled_20_80,League mean,training-target mean,97.12121212121212,
fg:19627,Brent Rooker,2024,2025,122,archived_pooled_20_80,League mean,training-target mean,97.12121212121212,
fg:19709,Fernando Tatis Jr.,2024,2025,131,archived_pooled_20_80,League mean,training-target mean,97.12121212121212,
fg:19734,Josh Rojas,2024,2025,44,archived_pooled_20_80,League mean,training-target mean,97.12121212121212,
fg:19755,Shohei Ohtani,2024,2025,172,archived_pooled_20_80,League mean,training-target mean,97.12121212121212,
fg:19844,Abraham Toro,2024,2025,77,archived_pooled_20_80,League mean,training-target mean,97.12121212121212,
fg:19858,Luis Rengifo,2024,2025,73,archived_pooled_20_80,League mean,training-target mean,97.12121212121212,
fg:19864,Riley Adams,2024,2025,57,archived_pooled_20_80,League mean,training-target mean,97.12121212121212,
fg:19890,Emmanuel Rivera,2024,2025,64,archived_pooled_20_80,League mean,training-target mean,97.12121212121212,
fg:19892,Pavin Smith,2024,2025,123,archived_pooled_20_80,League mean,training-target mean,97.12121212121212,
fg:19896,Connor Wong,2024,2025,39,archived_pooled_20_80,League mean,training-target mean,97.12121212121212,
fg:19901,Gavin Sheets,2024,2025,111,archived_pooled_20_80,League mean,training-target mean,97.12121212121212,
fg:19913,Jesus Sanchez,2024,2025,93,archived_pooled_20_80,League mean,training-target mean,97.12121212121212,
fg:19918,Daulton Varsho,2024,2025,123,archived_pooled_20_80,League mean,training-target mean,97.12121212121212,
fg:19921,Blake Perkins,2024,2025,83,archived_pooled_20_80,League mean,training-target mean,97.12121212121212,
fg:19950,Andres Gimenez,2024,2025,70,archived_pooled_20_80,League mean,training-target mean,97.12121212121212,
fg:19953,Josh Lowe,2024,2025,79,archived_pooled_20_80,League mean,training-target mean,97.12121212121212,
fg:19955,Gavin Lux,2024,2025,102,archived_pooled_20_80,League mean,training-target mean,97.12121212121212,
fg:19956,Mickey Moniak,2024,2025,110,archived_pooled_20_80,League mean,training-target mean,97.12121212121212,
fg:19997,Santiago Espinal,2024,2025,58,archived_pooled_20_80,League mean,training-target mean,97.12121212121212,
fg:20017,Miles Mastrobuoni,2024,2025,85,archived_pooled_20_80,League mean,training-target mean,97.12121212121212,
fg:20036,Isaac Paredes,2024,2025,128,archived_pooled_20_80,League mean,training-target mean,97.12121212121212,
fg:20043,Luis Robert Jr.,2024,2025,84,archived_pooled_20_80,League mean,training-target mean,97.12121212121212,
fg:20123,Juan Soto,2024,2025,156,archived_pooled_20_80,League mean,training-target mean,97.12121212121212,
fg:20126,Dylan Carlson,2024,2025,74,archived_pooled_20_80,League mean,training-target mean,97.12121212121212,
fg:20178,Miguel Vargas,2024,2025,101,archived_pooled_20_80,League mean,training-target mean,97.12121212121212,
fg:20202,Brandon Marsh,2024,2025,116,archived_pooled_20_80,League mean,training-target mean,97.12121212121212,
fg:20220,Jo Adell,2024,2025,112,archived_pooled_20_80,League mean,training-target mean,97.12121212121212,
fg:20287,Ben Rortvedt,2024,2025,31,archived_pooled_20_80,League mean,training-target mean,97.12121212121212,
fg:20308,Jake Meyers,2024,2025,107,archived_pooled_20_80,League mean,training-target mean,97.12121212121212,
fg:20352,Ernie Clement,2024,2025,98,archived_pooled_20_80,League mean,training-target mean,97.12121212121212,
fg:20437,Royce Lewis,2024,2025,85,archived_pooled_20_80,League mean,training-target mean,97.12121212121212,
fg:20454,Jazz Chisholm Jr.,2024,2025,126,archived_pooled_20_80,League mean,training-target mean,97.12121212121212,
fg:20503,William Contreras,2024,2025,113,archived_pooled_20_80,League mean,training-target mean,97.12121212121212,
fg:20529,Nolan Jones,2024,2025,72,archived_pooled_20_80,League mean,training-target mean,97.12121212121212,
fg:20572,Kody Clemens,2024,2025,95,archived_pooled_20_80,League mean,training-target mean,97.12121212121212,
fg:20599,Ivan Herrera,2024,2025,137,archived_pooled_20_80,League mean,training-target mean,97.12121212121212,
fg:21454,Lars Nootbaar,2024,2025,96,archived_pooled_20_80,League mean,training-target mean,97.12121212121212,
fg:21479,Nico Hoerner,2024,2025,109,archived_pooled_20_80,League mean,training-target mean,97.12121212121212,
fg:21501,Trevor Larnach,2024,2025,102,archived_pooled_20_80,League mean,training-target mean,97.12121212121212,
fg:21523,Jonathan India,2024,2025,89,archived_pooled_20_80,League mean,training-target mean,97.12121212121212,
fg:21524,Joey Bart,2024,2025,101,archived_pooled_20_80,League mean,training-target mean,97.12121212121212,
fg:21534,Cal Raleigh,2024,2025,161,archived_pooled_20_80,League mean,training-target mean,97.12121212121212,
fg:21538,Nick Fortes,2024,2025,80,archived_pooled_20_80,League mean,training-target mean,97.12121212121212,
fg:21558,Matt Vierling,2024,2025,76,archived_pooled_20_80,League mean,training-target mean,97.12121212121212,
fg:21562,Romy Gonzalez,2024,2025,123,archived_pooled_20_80,League mean,training-target mean,97.12121212121212,
fg:21614,Kyle Isbel,2024,2025,79,archived_pooled_20_80,League mean,training-target mean,97.12121212121212,
fg:21618,Alec Bohm,2024,2025,105,archived_pooled_20_80,League mean,training-target mean,97.12121212121212,
fg:21622,Jake McCarthy,2024,2025,60,archived_pooled_20_80,League mean,training-target mean,97.12121212121212,
fg:21636,Jeremy Pena,2024,2025,135,archived_pooled_20_80,League mean,training-target mean,97.12121212121212,
fg:21693,Miguel Amaya,2024,2025,124,archived_pooled_20_80,League mean,training-target mean,97.12121212121212,
fg:21707,Oswaldo Cabrera,2024,2025,83,archived_pooled_20_80,League mean,training-target mean,97.12121212121212,
fg:21711,Oneil Cruz,2024,2025,86,archived_pooled_20_80,League mean,training-target mean,97.12121212121212,
fg:21716,Enmanuel Valdez,2024,2025,82,archived_pooled_20_80,League mean,training-target mean,97.12121212121212,
fg:21837,Jonathan Aranda,2024,2025,146,archived_pooled_20_80,League mean,training-target mean,97.12121212121212,
fg:21840,Freddy Fermin,2024,2025,77,archived_pooled_20_80,League mean,training-target mean,97.12121212121212,
fg:21853,Will Benson,2024,2025,85,archived_pooled_20_80,League mean,training-target mean,97.12121212121212,
fg:21865,Bo Naylor,2024,2025,85,archived_pooled_20_80,League mean,training-target mean,97.12121212121212,
fg:21897,Christopher Morel,2024,2025,90,archived_pooled_20_80,League mean,training-target mean,97.12121212121212,
fg:22054,Dane Myers,2024,2025,72,archived_pooled_20_80,League mean,training-target mean,97.12121212121212,
fg:22184,Mark Vientos,2024,2025,97,archived_pooled_20_80,League mean,training-target mean,97.12121212121212,
fg:22186,Brice Turang,2024,2025,124,archived_pooled_20_80,League mean,training-target mean,97.12121212121212,
fg:22244,Jack Suwinski,2024,2025,55,archived_pooled_20_80,League mean,training-target mean,97.12121212121212,
fg:22263,Nolan Gorman,2024,2025,88,archived_pooled_20_80,League mean,training-target mean,97.12121212121212,
fg:22266,Xavier Edwards,2024,2025,95,archived_pooled_20_80,League mean,training-target mean,97.12121212121212,
fg:22275,Jake Burger,2024,2025,89,archived_pooled_20_80,League mean,training-target mean,97.12121212121212,
fg:22277,Nick Allen,2024,2025,53,archived_pooled_20_80,League mean,training-target mean,97.12121212121212,
fg:22458,Taylor Walls,2024,2025,66,archived_pooled_20_80,League mean,training-target mean,97.12121212121212,
fg:22514,Triston Casas,2024,2025,56,archived_pooled_20_80,League mean,training-target mean,97.12121212121212,
fg:22515,Heliot Ramos,2024,2025,106,archived_pooled_20_80,League mean,training-target mean,97.12121212121212,
fg:22532,Tyler Freeman,2024,2025,91,archived_pooled_20_80,League mean,training-target mean,97.12121212121212,
fg:22542,Lawrence Butler,2024,2025,96,archived_pooled_20_80,League mean,training-target mean,97.12121212121212,
fg:22563,Gabriel Arias,2024,2025,77,archived_pooled_20_80,League mean,training-target mean,97.12121212121212,
fg:22581,Alejandro Kirk,2024,2025,116,archived_pooled_20_80,League mean,training-target mean,97.12121212121212,
fg:22664,Gabriel Moreno,2024,2025,117,archived_pooled_20_80,League mean,training-target mean,97.12121212121212,
fg:22715,Maikel Garcia,2024,2025,121,archived_pooled_20_80,League mean,training-target mean,97.12121212121212,
fg:22799,Geraldo Perdomo,2024,2025,138,archived_pooled_20_80,League mean,training-target mean,97.12121212121212,
fg:22857,Wenceel Perez,2024,2025,103,archived_pooled_20_80,League mean,training-target mean,97.12121212121212,
fg:22896,Lenyn Sosa,2024,2025,100,archived_pooled_20_80,League mean,training-target mean,97.12121212121212,
fg:23003,Yainer Diaz,2024,2025,92,archived_pooled_20_80,League mean,training-target mean,97.12121212121212,
fg:23401,Jose Caballero,2024,2025,97,archived_pooled_20_80,League mean,training-target mean,97.12121212121212,
fg:23565,Davis Schneider,2024,2025,127,archived_pooled_20_80,League mean,training-target mean,97.12121212121212,
fg:23690,Brayan Rocchio,2024,2025,77,archived_pooled_20_80,League mean,training-target mean,97.12121212121212,
fg:23691,Jose Tena,2024,2025,88,archived_pooled_20_80,League mean,training-target mean,97.12121212121212,
fg:23697,Julio Rodriguez,2024,2025,126,archived_pooled_20_80,League mean,training-target mean,97.12121212121212,
fg:23733,Ezequiel Duran,2024,2025,57,archived_pooled_20_80,League mean,training-target mean,97.12121212121212,
fg:23772,Wilyer Abreu,2024,2025,110,archived_pooled_20_80,League mean,training-target mean,97.12121212121212,
fg:23789,Blaze Alexander,2024,2025,99,archived_pooled_20_80,League mean,training-target mean,97.12121212121212,
fg:23792,Alek Thomas,2024,2025,81,archived_pooled_20_80,League mean,training-target mean,97.12121212121212,
fg:23800,Parker Meadows,2024,2025,75,archived_pooled_20_80,League mean,training-target mean,97.12121212121212,
fg:2396,Carlos Santana,2024,2025,82,archived_pooled_20_80,League mean,training-target mean,97.12121212121212,
fg:23986,Curtis Mead,2024,2025,76,archived_pooled_20_80,League mean,training-target mean,97.12121212121212,
fg:24064,Ezequiel Tovar,2024,2025,78,archived_pooled_20_80,League mean,training-target mean,97.12121212121212,
fg:24257,Jhonkensy Noel,2024,2025,28,archived_pooled_20_80,League mean,training-target mean,97.12121212121212,
fg:24262,Ceddanne Rafaela,2024,2025,91,archived_pooled_20_80,League mean,training-target mean,97.12121212121212,
fg:24336,Johan Rojas,2024,2025,58,archived_pooled_20_80,League mean,training-target mean,97.12121212121212,
fg:24488,Max Schuemann,2024,2025,62,archived_pooled_20_80,League mean,training-target mean,97.12121212121212,
fg:24598,Addison Barger,2024,2025,107,archived_pooled_20_80,League mean,training-target mean,97.12121212121212,
fg:24610,Steven Kwan,2024,2025,99,archived_pooled_20_80,League mean,training-target mean,97.12121212121212,
fg:24617,Jarren Duran,2024,2025,111,archived_pooled_20_80,League mean,training-target mean,97.12121212121212,
fg:24618,Ryan Jeffers,2024,2025,113,archived_pooled_20_80,League mean,training-target mean,97.12121212121212,
fg:24679,Brendan Donovan,2024,2025,119,archived_pooled_20_80,League mean,training-target mean,97.12121212121212,
fg:24703,Jonah Bride,2024,2025,23,archived_pooled_20_80,League mean,training-target mean,97.12121212121212,
fg:24729,Logan O'Hoppe,2024,2025,72,archived_pooled_20_80,League mean,training-target mean,97.12121212121212,
fg:24770,James Outman,2024,2025,48,archived_pooled_20_80,League mean,training-target mean,97.12121212121212,
fg:24816,Andy Pages,2024,2025,113,archived_pooled_20_80,League mean,training-target mean,97.12121212121212,
fg:24934,David Fry,2024,2025,63,archived_pooled_20_80,League mean,training-target mean,97.12121212121212,
fg:25180,Daniel Schneemann,2024,2025,79,archived_pooled_20_80,League mean,training-target mean,97.12121212121212,
fg:25479,Brenton Doyle,2024,2025,65,archived_pooled_20_80,League mean,training-target mean,97.12121212121212,
fg:25493,Joey Ortiz,2024,2025,67,archived_pooled_20_80,League mean,training-target mean,97.12121212121212,
fg:25764,Bobby Witt Jr.,2024,2025,130,archived_pooled_20_80,League mean,training-target mean,97.12121212121212,
fg:25768,CJ Abrams,2024,2025,107,archived_pooled_20_80,League mean,training-target mean,97.12121212121212,
fg:25782,Pedro Pages,2024,2025,77,archived_pooled_20_80,League mean,training-target mean,97.12121212121212,
fg:25807,Jared Triolo,2024,2025,86,archived_pooled_20_80,League mean,training-target mean,97.12121212121212,
fg:25816,Shea Langeliers,2024,2025,132,archived_pooled_20_80,League mean,training-target mean,97.12121212121212,
fg:25845,Michael Toglia,2024,2025,54,archived_pooled_20_80,League mean,training-target mean,97.12121212121212,
fg:25878,Corbin Carroll,2024,2025,139,archived_pooled_20_80,League mean,training-target mean,97.12121212121212,
fg:25931,Michael Harris II,2024,2025,83,archived_pooled_20_80,League mean,training-target mean,97.12121212121212,
fg:25961,Kerry Carpenter,2024,2025,115,archived_pooled_20_80,League mean,training-target mean,97.12121212121212,
fg:25976,Riley Greene,2024,2025,121,archived_pooled_20_80,League mean,training-target mean,97.12121212121212,
fg:26121,Francisco Alvarez,2024,2025,124,archived_pooled_20_80,League mean,training-target mean,97.12121212121212,
fg:26123,Brett Baty,2024,2025,111,archived_pooled_20_80,League mean,training-target mean,97.12121212121212,
fg:26151,Kyle Stowers,2024,2025,149,archived_pooled_20_80,League mean,training-target mean,97.12121212121212,
fg:26197,Andrew Vaughn,2024,2025,99,archived_pooled_20_80,League mean,training-target mean,97.12121212121212,
fg:26208,Tyler Fitzgerald,2024,2025,72,archived_pooled_20_80,League mean,training-target mean,97.12121212121212,
fg:26224,Darell Hernaiz,2024,2025,65,archived_pooled_20_80,League mean,training-target mean,97.12121212121212,
fg:26288,Adley Rutschman,2024,2025,91,archived_pooled_20_80,League mean,training-target mean,97.12121212121212,
fg:26289,Gunnar Henderson,2024,2025,120,archived_pooled_20_80,League mean,training-target mean,97.12121212121212,
fg:26294,Bryson Stott,2024,2025,100,archived_pooled_20_80,League mean,training-target mean,97.12121212121212,
fg:26299,Josh Jung,2024,2025,91,archived_pooled_20_80,League mean,training-target mean,97.12121212121212,
fg:26319,Michael Busch,2024,2025,140,archived_pooled_20_80,League mean,training-target mean,97.12121212121212,
fg:26323,Spencer Steer,2024,2025,97,archived_pooled_20_80,League mean,training-target mean,97.12121212121212,
fg:26368,JJ Bleday,2024,2025,90,archived_pooled_20_80,League mean,training-target mean,97.12121212121212,
fg:26396,Josh Smith,2024,2025,100,archived_pooled_20_80,League mean,training-target mean,97.12121212121212,
fg:26438,Dominic Canzone,2024,2025,141,archived_pooled_20_80,League mean,training-target mean,97.12121212121212,
fg:26466,Matt Wallner,2024,2025,114,archived_pooled_20_80,League mean,training-target mean,97.12121212121212,
fg:26467,Luis Matos,2024,2025,91,archived_pooled_20_80,League mean,training-target mean,97.12121212121212,
fg:26477,Spencer Horwitz,2024,2025,119,archived_pooled_20_80,League mean,training-target mean,97.12121212121212,
fg:26517,Noelvi Marte,2024,2025,101,archived_pooled_20_80,League mean,training-target mean,97.12121212121212,
fg:26540,Angel Martinez,2024,2025,74,archived_pooled_20_80,League mean,training-target mean,97.12121212121212,
fg:26668,Elly De La Cruz,2024,2025,109,archived_pooled_20_80,League mean,training-target mean,97.12121212121212,
fg:27462,Austin Martin,2024,2025,113,archived_pooled_20_80,League mean,training-target mean,97.12121212121212,
fg:27465,Spencer Torkelson,2024,2025,118,archived_pooled_20_80,League mean,training-target mean,97.12121212121212,
fg:27467,Tyler Soderstrom,2024,2025,125,archived_pooled_20_80,League mean,training-target mean,97.12121212121212,
fg:27475,Jordan Walker,2024,2025,66,archived_pooled_20_80,League mean,training-target mean,97.12121212121212,
fg:27478,Patrick Bailey,2024,2025,70,archived_pooled_20_80,League mean,training-target mean,97.12121212121212,
fg:27479,Masyn Winn,2024,2025,91,archived_pooled_20_80,League mean,training-target mean,97.12121212121212,
fg:27490,Nick Gonzales,2024,2025,82,archived_pooled_20_80,League mean,training-target mean,97.12121212121212,
fg:27506,Ha-seong Kim,2024,2025,82,archived_pooled_20_80,League mean,training-target mean,97.12121212121212,
fg:27531,David Hamilton,2024,2025,60,archived_pooled_20_80,League mean,training-target mean,97.12121212121212,
fg:27534,Edouard Julien,2024,2025,81,archived_pooled_20_80,League mean,training-target mean,97.12121212121212,
fg:27562,Austin Wells,2024,2025,94,archived_pooled_20_80,League mean,training-target mean,97.12121212121212,
fg:27577,Casey Schmitt,2024,2025,98,archived_pooled_20_80,League mean,training-target mean,97.12121212121212,
fg:27615,Alec Burleson,2024,2025,124,archived_pooled_20_80,League mean,training-target mean,97.12121212121212,
fg:27630,Nick Loftin,2024,2025,73,archived_pooled_20_80,League mean,training-target mean,97.12121212121212,
fg:27647,Anthony Volpe,2024,2025,83,archived_pooled_20_80,League mean,training-target mean,97.12121212121212,
fg:27676,Vinnie Pasquantino,2024,2025,116,archived_pooled_20_80,League mean,training-target mean,97.12121212121212,
fg:27684,Michael Massey,2024,2025,57,archived_pooled_20_80,League mean,training-target mean,97.12121212121212,
fg:27769,Pete Crow-Armstrong,2024,2025,109,archived_pooled_20_80,League mean,training-target mean,97.12121212121212,
fg:27790,Evan Carter,2024,2025,107,archived_pooled_20_80,League mean,training-target mean,97.12121212121212,
fg:27815,Jordan Westburg,2024,2025,115,archived_pooled_20_80,League mean,training-target mean,97.12121212121212,
fg:27899,Colt Keith,2024,2025,109,archived_pooled_20_80,League mean,training-target mean,97.12121212121212,
fg:28163,Junior Caminero,2024,2025,129,archived_pooled_20_80,League mean,training-target mean,97.12121212121212,
fg:28806,Jackson Chourio,2024,2025,111,archived_pooled_20_80,League mean,training-target mean,97.12121212121212,
fg:29490,Jackson Merrill,2024,2025,116,archived_pooled_20_80,League mean,training-target mean,97.12121212121212,
fg:29518,James Wood,2024,2025,127,archived_pooled_20_80,League mean,training-target mean,97.12121212121212,
fg:29575,Trey Sweeney,2024,2025,53,archived_pooled_20_80,League mean,training-target mean,97.12121212121212,
fg:29576,Ben Rice,2024,2025,133,archived_pooled_20_80,League mean,training-target mean,97.12121212121212,
fg:29591,Colton Cowser,2024,2025,83,archived_pooled_20_80,League mean,training-target mean,97.12121212121212,
fg:29592,Connor Norby,2024,2025,90,archived_pooled_20_80,League mean,training-target mean,97.12121212121212,
fg:29606,Justyn-Henry Malloy,2024,2025,92,archived_pooled_20_80,League mean,training-target mean,97.12121212121212,
fg:29617,Henry Davis,2024,2025,41,archived_pooled_20_80,League mean,training-target mean,97.12121212121212,
fg:29622,Sal Frelick,2024,2025,114,archived_pooled_20_80,League mean,training-target mean,97.12121212121212,
fg:29630,Joey Loperfido,2024,2025,148,archived_pooled_20_80,League mean,training-target mean,97.12121212121212,
fg:2967,Tommy Pham,2024,2025,94,archived_pooled_20_80,League mean,training-target mean,97.12121212121212,
fg:29715,Hunter Goodman,2024,2025,118,archived_pooled_20_80,League mean,training-target mean,97.12121212121212,
fg:29766,Zack Gelof,2024,2025,36,archived_pooled_20_80,League mean,training-target mean,97.12121212121212,
fg:29794,Kyle Manzardo,2024,2025,113,archived_pooled_20_80,League mean,training-target mean,97.12121212121212,
fg:29931,Jacob Young,2024,2025,66,archived_pooled_20_80,League mean,training-target mean,97.12121212121212,
fg:30011,Christian Encarnacion-Strand,2024,2025,59,archived_pooled_20_80,League mean,training-target mean,97.12121212121212,
fg:30116,Seiya Suzuki,2024,2025,123,archived_pooled_20_80,League mean,training-target mean,97.12121212121212,
fg:31166,Heston Kjerstad,2024,2025,57,archived_pooled_20_80,League mean,training-target mean,97.12121212121212,
fg:31347,Zach Neto,2024,2025,116,archived_pooled_20_80,League mean,training-target mean,97.12121212121212,
fg:31349,Victor Scott II,2024,2025,76,archived_pooled_20_80,League mean,training-target mean,97.12121212121212,
fg:31394,Brooks Baldwin,2024,2025,92,archived_pooled_20_80,League mean,training-target mean,97.12121212121212,
fg:31431,Jordan Beck,2024,2025,90,archived_pooled_20_80,League mean,training-target mean,97.12121212121212,
fg:31595,Brooks Lee,2024,2025,81,archived_pooled_20_80,League mean,training-target mean,97.12121212121212,
fg:31781,Jackson Holliday,2024,2025,96,archived_pooled_20_80,League mean,training-target mean,97.12121212121212,
fg:31837,Masataka Yoshida,2024,2025,88,archived_pooled_20_80,League mean,training-target mean,97.12121212121212,
fg:33189,Nolan Schanuel,2024,2025,109,archived_pooled_20_80,League mean,training-target mean,97.12121212121212,
fg:33266,Jacob Wilson,2024,2025,121,archived_pooled_20_80,League mean,training-target mean,97.12121212121212,
fg:33333,Wyatt Langford,2024,2025,118,archived_pooled_20_80,League mean,training-target mean,97.12121212121212,
fg:33541,Dylan Crews,2024,2025,77,archived_pooled_20_80,League mean,training-target mean,97.12121212121212,
fg:33824,Jung Hoo Lee,2024,2025,107,archived_pooled_20_80,League mean,training-target mean,97.12121212121212,
fg:4949,Giancarlo Stanton,2024,2025,158,archived_pooled_20_80,League mean,training-target mean,97.12121212121212,
fg:5235,Justin Turner,2024,2025,71,archived_pooled_20_80,League mean,training-target mean,97.12121212121212,
fg:5361,Freddie Freeman,2024,2025,139,archived_pooled_20_80,League mean,training-target mean,97.12121212121212,
fg:5417,Jose Altuve,2024,2025,113,archived_pooled_20_80,League mean,training-target mean,97.12121212121212,
fg:5517,Kyle Higashioka,2024,2025,93,archived_pooled_20_80,League mean,training-target mean,97.12121212121212,
fg:5827,Wilmer Flores,2024,2025,95,archived_pooled_20_80,League mean,training-target mean,97.12121212121212,
fg:6887,Martin Maldonado,2024,2025,61,archived_pooled_20_80,League mean,training-target mean,97.12121212121212,
fg:7304,Salvador Perez,2024,2025,95,archived_pooled_20_80,League mean,training-target mean,97.12121212121212,
fg:7739,Travis d'Arnaud,2024,2025,64,archived_pooled_20_80,League mean,training-target mean,97.12121212121212,
fg:7802,Miguel Rojas,2024,2025,100,archived_pooled_20_80,League mean,training-target mean,97.12121212121212,
fg:8623,Donovan Solano,2024,2025,82,archived_pooled_20_80,League mean,training-target mean,97.12121212121212,
fg:9218,Paul Goldschmidt,2024,2025,103,archived_pooled_20_80,League mean,training-target mean,97.12121212121212,
fg:9241,Starling Marte,2024,2025,112,archived_pooled_20_80,League mean,training-target mean,97.12121212121212,
fg:9774,Christian Vazquez,2024,2025,55,archived_pooled_20_80,League mean,training-target mean,97.12121212121212,
fg:9777,Nolan Arenado,2024,2025,84,archived_pooled_20_80,League mean,training-target mean,97.12121212121212,
fg:9847,Andrew McCutchen,2024,2025,95,archived_pooled_20_80,League mean,training-target mean,97.12121212121212,
fg:9874,DJ LeMahieu,2024,2025,95,archived_pooled_20_80,League mean,training-target mean,97.12121212121212,
fg:10155,Mike Trout,2024,2025,120,archived_pooled_20_80,Carry-forward wRC+,season-t wRC+,140.0,
fg:10231,Jose Iglesias,2024,2025,73,archived_pooled_20_80,Carry-forward wRC+,season-t wRC+,136.0,
fg:10243,Randal Grichuk,2024,2025,82,archived_pooled_20_80,Carry-forward wRC+,season-t wRC+,139.0,
fg:10324,Marcell Ozuna,2024,2025,114,archived_pooled_20_80,Carry-forward wRC+,season-t wRC+,154.0,
fg:10472,Enrique Hernandez,2024,2025,70,archived_pooled_20_80,Carry-forward wRC+,season-t wRC+,82.0,
fg:10681,Gio Urshela,2024,2025,68,archived_pooled_20_80,Carry-forward wRC+,season-t wRC+,80.0,
fg:10815,Jurickson Profar,2024,2025,122,archived_pooled_20_80,Carry-forward wRC+,season-t wRC+,139.0,
fg:11442,Gary Sanchez,2024,2025,100,archived_pooled_20_80,Carry-forward wRC+,season-t wRC+,97.0,
fg:11445,Mark Canha,2024,2025,49,archived_pooled_20_80,Carry-forward wRC+,season-t wRC+,101.0,
fg:11477,Christian Yelich,2024,2025,121,archived_pooled_20_80,Carry-forward wRC+,season-t wRC+,154.0,
fg:11493,Manny Machado,2024,2025,123,archived_pooled_20_80,Carry-forward wRC+,season-t wRC+,122.0,
fg:11579,Bryce Harper,2024,2025,131,archived_pooled_20_80,Carry-forward wRC+,season-t wRC+,144.0,
fg:11609,Willson Contreras,2024,2025,124,archived_pooled_20_80,Carry-forward wRC+,season-t wRC+,141.0,
fg:11680,Elias Diaz,2024,2025,74,archived_pooled_20_80,Carry-forward wRC+,season-t wRC+,81.0,
fg:11737,Nick Castellanos,2024,2025,90,archived_pooled_20_80,Carry-forward wRC+,season-t wRC+,104.0,
fg:11739,J.T. Realmuto,2024,2025,94,archived_pooled_20_80,Carry-forward wRC+,season-t wRC+,107.0,
fg:11899,Joc Pederson,2024,2025,76,archived_pooled_20_80,Carry-forward wRC+,season-t wRC+,152.0,
fg:12005,Nick Martini,2024,2025,49,archived_pooled_20_80,Carry-forward wRC+,season-t wRC+,72.0,
fg:12144,Max Kepler,2024,2025,90,archived_pooled_20_80,Carry-forward wRC+,season-t wRC+,93.0,
fg:12161,Xander Bogaerts,2024,2025,104,archived_pooled_20_80,Carry-forward wRC+,season-t wRC+,95.0,
fg:12533,Marcus Semien,2024,2025,89,archived_pooled_20_80,Carry-forward wRC+,season-t wRC+,101.0,
fg:12552,Eugenio Suarez,2024,2025,125,archived_pooled_20_80,Carry-forward wRC+,season-t wRC+,115.0,
fg:12564,Trevor Story,2024,2025,101,archived_pooled_20_80,Carry-forward wRC+,season-t wRC+,103.0,
fg:12856,George Springer,2024,2025,166,archived_pooled_20_80,Carry-forward wRC+,season-t wRC+,94.0,
fg:12859,James McCann,2024,2025,110,archived_pooled_20_80,Carry-forward wRC+,season-t wRC+,88.0,
fg:12916,Francisco Lindor,2024,2025,129,archived_pooled_20_80,Carry-forward wRC+,season-t wRC+,137.0,
fg:12927,Brandon Nimmo,2024,2025,114,archived_pooled_20_80,Carry-forward wRC+,season-t wRC+,108.0,
fg:12976,Austin Hedges,2024,2025,51,archived_pooled_20_80,Carry-forward wRC+,season-t wRC+,20.0,
fg:12979,Javier Baez,2024,2025,86,archived_pooled_20_80,Carry-forward wRC+,season-t wRC+,41.0,
fg:13066,Teoscar Hernandez,2024,2025,102,archived_pooled_20_80,Carry-forward wRC+,season-t wRC+,132.0,
fg:13145,Josh Bell,2024,2025,107,archived_pooled_20_80,Carry-forward wRC+,season-t wRC+,101.0,
fg:13152,Jorge Polanco,2024,2025,132,archived_pooled_20_80,Carry-forward wRC+,season-t wRC+,93.0,
fg:13185,Orlando Arcia,2024,2025,33,archived_pooled_20_80,Carry-forward wRC+,season-t wRC+,72.0,
fg:13324,Ildemaro Vargas,2024,2025,85,archived_pooled_20_80,Carry-forward wRC+,season-t wRC+,72.0,
fg:13419,Christian Walker,2024,2025,99,archived_pooled_20_80,Carry-forward wRC+,season-t wRC+,120.0,
fg:13510,Jose Ramirez,2024,2025,133,archived_pooled_20_80,Carry-forward wRC+,season-t wRC+,141.0,
fg:13611,Mookie Betts,2024,2025,104,archived_pooled_20_80,Carry-forward wRC+,season-t wRC+,140.0,
fg:13613,Ketel Marte,2024,2025,145,archived_pooled_20_80,Carry-forward wRC+,season-t wRC+,152.0,
fg:13620,Carson Kelly,2024,2025,115,archived_pooled_20_80,Carry-forward wRC+,season-t wRC+,98.0,
fg:13624,Corey Seager,2024,2025,138,archived_pooled_20_80,Carry-forward wRC+,season-t wRC+,142.0,
fg:13675,Tyrone Taylor,2024,2025,70,archived_pooled_20_80,Carry-forward wRC+,season-t wRC+,97.0,
fg:13723,Jacob Stallings,2024,2025,-7,archived_pooled_20_80,Carry-forward wRC+,season-t wRC+,113.0,
fg:13757,Chris Taylor,2024,2025,56,archived_pooled_20_80,Carry-forward wRC+,season-t wRC+,73.0,
fg:13770,Rob Refsnyder,2024,2025,128,archived_pooled_20_80,Carry-forward wRC+,season-t wRC+,132.0,
fg:14161,Byron Buxton,2024,2025,136,archived_pooled_20_80,Carry-forward wRC+,season-t wRC+,140.0,
fg:14162,Carlos Correa,2024,2025,106,archived_pooled_20_80,Carry-forward wRC+,season-t wRC+,154.0,
fg:14221,Jorge Soler,2024,2025,88,archived_pooled_20_80,Carry-forward wRC+,season-t wRC+,120.0,
fg:14344,Matt Olson,2024,2025,136,archived_pooled_20_80,Carry-forward wRC+,season-t wRC+,117.0,
fg:14551,Anthony Santander,2024,2025,61,archived_pooled_20_80,Carry-forward wRC+,season-t wRC+,128.0,
fg:14813,Kyle Farmer,2024,2025,65,archived_pooled_20_80,Carry-forward wRC+,season-t wRC+,84.0,
fg:14854,Mike Yastrzemski,2024,2025,106,archived_pooled_20_80,Carry-forward wRC+,season-t wRC+,106.0,
fg:14968,Victor Caratini,2024,2025,104,archived_pooled_20_80,Carry-forward wRC+,season-t wRC+,113.0,
fg:15112,Ryan McMahon,2024,2025,86,archived_pooled_20_80,Carry-forward wRC+,season-t wRC+,88.0,
fg:15161,Mitch Garver,2024,2025,86,archived_pooled_20_80,Carry-forward wRC+,season-t wRC+,89.0,
fg:15194,Jake Bauers,2024,2025,114,archived_pooled_20_80,Carry-forward wRC+,season-t wRC+,88.0,
fg:15223,Adam Frazier,2024,2025,89,archived_pooled_20_80,Carry-forward wRC+,season-t wRC+,65.0,
fg:15274,Mike Tauchman,2024,2025,115,archived_pooled_20_80,Carry-forward wRC+,season-t wRC+,110.0,
fg:15362,Jeff McNeil,2024,2025,111,archived_pooled_20_80,Carry-forward wRC+,season-t wRC+,97.0,
fg:15464,Hunter Renfroe,2024,2025,32,archived_pooled_20_80,Carry-forward wRC+,season-t wRC+,93.0,
fg:15491,J.P. Crawford,2024,2025,113,archived_pooled_20_80,Carry-forward wRC+,season-t wRC+,90.0,
fg:15518,Amed Rosario,2024,2025,106,archived_pooled_20_80,Carry-forward wRC+,season-t wRC+,96.0,
fg:15640,Aaron Judge,2024,2025,204,archived_pooled_20_80,Carry-forward wRC+,season-t wRC+,220.0,
fg:15653,Dominic Smith,2024,2025,111,archived_pooled_20_80,Carry-forward wRC+,season-t wRC+,94.0,
fg:15674,Reese McGuire,2024,2025,86,archived_pooled_20_80,Carry-forward wRC+,season-t wRC+,62.0,
fg:15679,Rowdy Tellez,2024,2025,101,archived_pooled_20_80,Carry-forward wRC+,season-t wRC+,90.0,
fg:15711,Tyler O'Neill,2024,2025,91,archived_pooled_20_80,Carry-forward wRC+,season-t wRC+,133.0,
fg:15730,Tyler Wade,2024,2025,69,archived_pooled_20_80,Carry-forward wRC+,season-t wRC+,56.0,
fg:15878,Miguel Andujar,2024,2025,125,archived_pooled_20_80,Carry-forward wRC+,season-t wRC+,103.0,
fg:15905,Luis Torrens,2024,2025,79,archived_pooled_20_80,Carry-forward wRC+,season-t wRC+,89.0,
fg:15986,Willy Adames,2024,2025,108,archived_pooled_20_80,Carry-forward wRC+,season-t wRC+,120.0,
fg:15998,Cody Bellinger,2024,2025,125,archived_pooled_20_80,Carry-forward wRC+,season-t wRC+,108.0,
fg:16153,Austin Slater,2024,2025,78,archived_pooled_20_80,Carry-forward wRC+,season-t wRC+,76.0,
fg:16252,Trea Turner,2024,2025,125,archived_pooled_20_80,Carry-forward wRC+,season-t wRC+,123.0,
fg:16376,Michael Conforto,2024,2025,83,archived_pooled_20_80,Carry-forward wRC+,season-t wRC+,112.0,
fg:16426,Thairo Estrada,2024,2025,66,archived_pooled_20_80,Carry-forward wRC+,season-t wRC+,64.0,
fg:16442,Ryan O'Hearn,2024,2025,127,archived_pooled_20_80,Carry-forward wRC+,season-t wRC+,118.0,
fg:16472,Rhys Hoskins,2024,2025,109,archived_pooled_20_80,Carry-forward wRC+,season-t wRC+,101.0,
fg:16478,Kyle Schwarber,2024,2025,152,archived_pooled_20_80,Carry-forward wRC+,season-t wRC+,134.0,
fg:16505,Matt Chapman,2024,2025,118,archived_pooled_20_80,Carry-forward wRC+,season-t wRC+,121.0,
fg:16512,Isiah Kiner-Falefa,2024,2025,75,archived_pooled_20_80,Carry-forward wRC+,season-t wRC+,93.0,
fg:16530,Mauricio Dubon,2024,2025,80,archived_pooled_20_80,Carry-forward wRC+,season-t wRC+,86.0,
fg:16535,Danny Jansen,2024,2025,103,archived_pooled_20_80,Carry-forward wRC+,season-t wRC+,90.0,
fg:16556,Ozzie Albies,2024,2025,87,archived_pooled_20_80,Carry-forward wRC+,season-t wRC+,96.0,
fg:16578,Yandy Diaz,2024,2025,135,archived_pooled_20_80,Carry-forward wRC+,season-t wRC+,120.0,
fg:16622,Luis Urias,2024,2025,84,archived_pooled_20_80,Carry-forward wRC+,season-t wRC+,108.0,
fg:16725,Jose Trevino,2024,2025,66,archived_pooled_20_80,Carry-forward wRC+,season-t wRC+,85.0,
fg:16930,Jonah Heim,2024,2025,69,archived_pooled_20_80,Carry-forward wRC+,season-t wRC+,72.0,
fg:16939,Lane Thomas,2024,2025,48,archived_pooled_20_80,Carry-forward wRC+,season-t wRC+,99.0,
fg:16947,Derek Hill,2024,2025,70,archived_pooled_20_80,Carry-forward wRC+,season-t wRC+,89.0,
fg:16997,Gleyber Torres,2024,2025,113,archived_pooled_20_80,Carry-forward wRC+,season-t wRC+,105.0,
fg:17022,Edmundo Sosa,2024,2025,111,archived_pooled_20_80,Carry-forward wRC+,season-t wRC+,102.0,
fg:17027,Alex Verdugo,2024,2025,66,archived_pooled_20_80,Carry-forward wRC+,season-t wRC+,85.0,
fg:17040,Jose Herrera,2024,2025,57,archived_pooled_20_80,Carry-forward wRC+,season-t wRC+,71.0,
fg:17128,Ramon Laureano,2024,2025,138,archived_pooled_20_80,Carry-forward wRC+,season-t wRC+,108.0,
fg:17276,Alex Jackson,2024,2025,111,archived_pooled_20_80,Carry-forward wRC+,season-t wRC+,29.0,
fg:17338,Willi Castro,2024,2025,92,archived_pooled_20_80,Carry-forward wRC+,season-t wRC+,106.0,
fg:17350,Rafael Devers,2024,2025,135,archived_pooled_20_80,Carry-forward wRC+,season-t wRC+,136.0,
fg:17548,Taylor Ward,2024,2025,117,archived_pooled_20_80,Carry-forward wRC+,season-t wRC+,112.0,
fg:17678,Alex Bregman,2024,2025,125,archived_pooled_20_80,Carry-forward wRC+,season-t wRC+,117.0,
fg:17696,Kevin Newman,2024,2025,27,archived_pooled_20_80,Carry-forward wRC+,season-t wRC+,89.0,
fg:17901,Andrew Benintendi,2024,2025,103,archived_pooled_20_80,Carry-forward wRC+,season-t wRC+,93.0,
fg:17907,Brendan Rodgers,2024,2025,55,archived_pooled_20_80,Carry-forward wRC+,season-t wRC+,87.0,
fg:17919,Ian Happ,2024,2025,116,archived_pooled_20_80,Carry-forward wRC+,season-t wRC+,121.0,
fg:17929,Cedric Mullins,2024,2025,94,archived_pooled_20_80,Carry-forward wRC+,season-t wRC+,104.0,
fg:17982,Ty France,2024,2025,92,archived_pooled_20_80,Carry-forward wRC+,season-t wRC+,93.0,
fg:17988,Tyler Stephenson,2024,2025,99,archived_pooled_20_80,Carry-forward wRC+,season-t wRC+,113.0,
fg:18015,Paul DeJong,2024,2025,76,archived_pooled_20_80,Carry-forward wRC+,season-t wRC+,96.0,
fg:18030,Harrison Bader,2024,2025,122,archived_pooled_20_80,Carry-forward wRC+,season-t wRC+,85.0,
fg:18036,Jake Cronenworth,2024,2025,117,archived_pooled_20_80,Carry-forward wRC+,season-t wRC+,105.0,
fg:18042,Dylan Moore,2024,2025,83,archived_pooled_20_80,Carry-forward wRC+,season-t wRC+,106.0,
fg:18126,LaMonte Wade Jr.,2024,2025,52,archived_pooled_20_80,Carry-forward wRC+,season-t wRC+,119.0,
fg:18314,Dansby Swanson,2024,2025,99,archived_pooled_20_80,Carry-forward wRC+,season-t wRC+,97.0,
fg:18345,Kyle Tucker,2024,2025,136,archived_pooled_20_80,Carry-forward wRC+,season-t wRC+,179.0,
fg:18360,Austin Riley,2024,2025,103,archived_pooled_20_80,Carry-forward wRC+,season-t wRC+,116.0,
fg:18363,Victor Robles,2024,2025,75,archived_pooled_20_80,Carry-forward wRC+,season-t wRC+,141.0,
fg:18373,Ryan Mountcastle,2024,2025,81,archived_pooled_20_80,Carry-forward wRC+,season-t wRC+,107.0,
fg:18401,Ronald Acuna Jr.,2024,2025,161,archived_pooled_20_80,Carry-forward wRC+,season-t wRC+,106.0,
fg:18564,Trent Grisham,2024,2025,129,archived_pooled_20_80,Carry-forward wRC+,season-t wRC+,93.0,
fg:18568,Luis Arraez,2024,2025,104,archived_pooled_20_80,Carry-forward wRC+,season-t wRC+,109.0,
fg:18577,Ke'Bryan Hayes,2024,2025,65,archived_pooled_20_80,Carry-forward wRC+,season-t wRC+,60.0,
fg:18795,Ramon Urias,2024,2025,87,archived_pooled_20_80,Carry-forward wRC+,season-t wRC+,114.0,
fg:18819,Andy Ibanez,2024,2025,84,archived_pooled_20_80,Carry-forward wRC+,season-t wRC+,86.0,
fg:18839,Josh Naylor,2024,2025,128,archived_pooled_20_80,Carry-forward wRC+,season-t wRC+,118.0,
fg:18882,Brandon Lowe,2024,2025,114,archived_pooled_20_80,Carry-forward wRC+,season-t wRC+,123.0,
fg:18900,Leody Taveras,2024,2025,47,archived_pooled_20_80,Carry-forward wRC+,season-t wRC+,84.0,
fg:19238,Lourdes Gurriel Jr.,2024,2025,95,archived_pooled_20_80,Carry-forward wRC+,season-t wRC+,108.0,
fg:19251,Pete Alonso,2024,2025,141,archived_pooled_20_80,Carry-forward wRC+,season-t wRC+,121.0,
fg:19260,Jake Fraley,2024,2025,97,archived_pooled_20_80,Carry-forward wRC+,season-t wRC+,96.0,
fg:19287,Adolis Garcia,2024,2025,83,archived_pooled_20_80,Carry-forward wRC+,season-t wRC+,94.0,
fg:19290,Randy Arozarena,2024,2025,120,archived_pooled_20_80,Carry-forward wRC+,season-t wRC+,114.0,
fg:19296,Alex Call,2024,2025,113,archived_pooled_20_80,Carry-forward wRC+,season-t wRC+,167.0,
fg:19318,Matt Thaiss,2024,2025,89,archived_pooled_20_80,Carry-forward wRC+,season-t wRC+,84.0,
fg:19326,Bryan Reynolds,2024,2025,99,archived_pooled_20_80,Carry-forward wRC+,season-t wRC+,118.0,
fg:19352,Sean Murphy,2024,2025,97,archived_pooled_20_80,Carry-forward wRC+,season-t wRC+,78.0,
fg:19354,Luke Raley,2024,2025,91,archived_pooled_20_80,Carry-forward wRC+,season-t wRC+,129.0,
fg:19363,Austin Hays,2024,2025,105,archived_pooled_20_80,Carry-forward wRC+,season-t wRC+,97.0,
fg:19392,Zach McKinstry,2024,2025,114,archived_pooled_20_80,Carry-forward wRC+,season-t wRC+,74.0,
fg:19452,Jake Rogers,2024,2025,70,archived_pooled_20_80,Carry-forward wRC+,season-t wRC+,70.0,
fg:19455,Andruw Monasterio,2024,2025,111,archived_pooled_20_80,Carry-forward wRC+,season-t wRC+,69.0,
fg:19470,Tommy Edman,2024,2025,81,archived_pooled_20_80,Carry-forward wRC+,season-t wRC+,97.0,
fg:19522,TJ Friedl,2024,2025,109,archived_pooled_20_80,Carry-forward wRC+,season-t wRC+,90.0,
fg:19556,Yordan Alvarez,2024,2025,118,archived_pooled_20_80,Carry-forward wRC+,season-t wRC+,167.0,
fg:19566,Nathaniel Lowe,2024,2025,91,archived_pooled_20_80,Carry-forward wRC+,season-t wRC+,123.0,
fg:19599,Chas McCormick,2024,2025,62,archived_pooled_20_80,Carry-forward wRC+,season-t wRC+,65.0,
fg:19608,Otto Lopez,2024,2025,86,archived_pooled_20_80,Carry-forward wRC+,season-t wRC+,92.0,
fg:19610,Keibert Ruiz,2024,2025,65,archived_pooled_20_80,Carry-forward wRC+,season-t wRC+,70.0,
fg:19611,Vladimir Guerrero Jr.,2024,2025,137,archived_pooled_20_80,Carry-forward wRC+,season-t wRC+,164.0,
fg:19612,Bo Bichette,2024,2025,134,archived_pooled_20_80,Carry-forward wRC+,season-t wRC+,70.0,
fg:19627,Brent Rooker,2024,2025,122,archived_pooled_20_80,Carry-forward wRC+,season-t wRC+,164.0,
fg:19709,Fernando Tatis Jr.,2024,2025,131,archived_pooled_20_80,Carry-forward wRC+,season-t wRC+,135.0,
fg:19734,Josh Rojas,2024,2025,44,archived_pooled_20_80,Carry-forward wRC+,season-t wRC+,92.0,
fg:19755,Shohei Ohtani,2024,2025,172,archived_pooled_20_80,Carry-forward wRC+,season-t wRC+,180.0,
fg:19844,Abraham Toro,2024,2025,77,archived_pooled_20_80,Carry-forward wRC+,season-t wRC+,87.0,
fg:19858,Luis Rengifo,2024,2025,73,archived_pooled_20_80,Carry-forward wRC+,season-t wRC+,118.0,
fg:19864,Riley Adams,2024,2025,57,archived_pooled_20_80,Carry-forward wRC+,season-t wRC+,75.0,
fg:19890,Emmanuel Rivera,2024,2025,64,archived_pooled_20_80,Carry-forward wRC+,season-t wRC+,86.0,
fg:19892,Pavin Smith,2024,2025,123,archived_pooled_20_80,Carry-forward wRC+,season-t wRC+,142.0,
fg:19896,Connor Wong,2024,2025,39,archived_pooled_20_80,Carry-forward wRC+,season-t wRC+,112.0,
fg:19901,Gavin Sheets,2024,2025,111,archived_pooled_20_80,Carry-forward wRC+,season-t wRC+,88.0,
fg:19913,Jesus Sanchez,2024,2025,93,archived_pooled_20_80,Carry-forward wRC+,season-t wRC+,101.0,
fg:19918,Daulton Varsho,2024,2025,123,archived_pooled_20_80,Carry-forward wRC+,season-t wRC+,99.0,
fg:19921,Blake Perkins,2024,2025,83,archived_pooled_20_80,Carry-forward wRC+,season-t wRC+,84.0,
fg:19950,Andres Gimenez,2024,2025,70,archived_pooled_20_80,Carry-forward wRC+,season-t wRC+,83.0,
fg:19953,Josh Lowe,2024,2025,79,archived_pooled_20_80,Carry-forward wRC+,season-t wRC+,98.0,
fg:19955,Gavin Lux,2024,2025,102,archived_pooled_20_80,Carry-forward wRC+,season-t wRC+,98.0,
fg:19956,Mickey Moniak,2024,2025,110,archived_pooled_20_80,Carry-forward wRC+,season-t wRC+,80.0,
fg:19997,Santiago Espinal,2024,2025,58,archived_pooled_20_80,Carry-forward wRC+,season-t wRC+,76.0,
fg:20017,Miles Mastrobuoni,2024,2025,85,archived_pooled_20_80,Carry-forward wRC+,season-t wRC+,35.0,
fg:20036,Isaac Paredes,2024,2025,128,archived_pooled_20_80,Carry-forward wRC+,season-t wRC+,116.0,
fg:20043,Luis Robert Jr.,2024,2025,84,archived_pooled_20_80,Carry-forward wRC+,season-t wRC+,84.0,
fg:20123,Juan Soto,2024,2025,156,archived_pooled_20_80,Carry-forward wRC+,season-t wRC+,181.0,
fg:20126,Dylan Carlson,2024,2025,74,archived_pooled_20_80,Carry-forward wRC+,season-t wRC+,67.0,
fg:20178,Miguel Vargas,2024,2025,101,archived_pooled_20_80,Carry-forward wRC+,season-t wRC+,46.0,
fg:20202,Brandon Marsh,2024,2025,116,archived_pooled_20_80,Carry-forward wRC+,season-t wRC+,107.0,
fg:20220,Jo Adell,2024,2025,112,archived_pooled_20_80,Carry-forward wRC+,season-t wRC+,91.0,
fg:20287,Ben Rortvedt,2024,2025,31,archived_pooled_20_80,Carry-forward wRC+,season-t wRC+,87.0,
fg:20308,Jake Meyers,2024,2025,107,archived_pooled_20_80,Carry-forward wRC+,season-t wRC+,85.0,
fg:20352,Ernie Clement,2024,2025,98,archived_pooled_20_80,Carry-forward wRC+,season-t wRC+,94.0,
fg:20437,Royce Lewis,2024,2025,85,archived_pooled_20_80,Carry-forward wRC+,season-t wRC+,106.0,
fg:20454,Jazz Chisholm Jr.,2024,2025,126,archived_pooled_20_80,Carry-forward wRC+,season-t wRC+,111.0,
fg:20503,William Contreras,2024,2025,113,archived_pooled_20_80,Carry-forward wRC+,season-t wRC+,132.0,
fg:20529,Nolan Jones,2024,2025,72,archived_pooled_20_80,Carry-forward wRC+,season-t wRC+,69.0,
fg:20572,Kody Clemens,2024,2025,95,archived_pooled_20_80,Carry-forward wRC+,season-t wRC+,90.0,
fg:20599,Ivan Herrera,2024,2025,137,archived_pooled_20_80,Carry-forward wRC+,season-t wRC+,128.0,
fg:21454,Lars Nootbaar,2024,2025,96,archived_pooled_20_80,Carry-forward wRC+,season-t wRC+,114.0,
fg:21479,Nico Hoerner,2024,2025,109,archived_pooled_20_80,Carry-forward wRC+,season-t wRC+,102.0,
fg:21501,Trevor Larnach,2024,2025,102,archived_pooled_20_80,Carry-forward wRC+,season-t wRC+,119.0,
fg:21523,Jonathan India,2024,2025,89,archived_pooled_20_80,Carry-forward wRC+,season-t wRC+,109.0,
fg:21524,Joey Bart,2024,2025,101,archived_pooled_20_80,Carry-forward wRC+,season-t wRC+,121.0,
fg:21534,Cal Raleigh,2024,2025,161,archived_pooled_20_80,Carry-forward wRC+,season-t wRC+,118.0,
fg:21538,Nick Fortes,2024,2025,80,archived_pooled_20_80,Carry-forward wRC+,season-t wRC+,58.0,
fg:21558,Matt Vierling,2024,2025,76,archived_pooled_20_80,Carry-forward wRC+,season-t wRC+,107.0,
fg:21562,Romy Gonzalez,2024,2025,123,archived_pooled_20_80,Carry-forward wRC+,season-t wRC+,98.0,
fg:21614,Kyle Isbel,2024,2025,79,archived_pooled_20_80,Carry-forward wRC+,season-t wRC+,82.0,
fg:21618,Alec Bohm,2024,2025,105,archived_pooled_20_80,Carry-forward wRC+,season-t wRC+,113.0,
fg:21622,Jake McCarthy,2024,2025,60,archived_pooled_20_80,Carry-forward wRC+,season-t wRC+,110.0,
fg:21636,Jeremy Pena,2024,2025,135,archived_pooled_20_80,Carry-forward wRC+,season-t wRC+,99.0,
fg:21693,Miguel Amaya,2024,2025,124,archived_pooled_20_80,Carry-forward wRC+,season-t wRC+,82.0,
fg:21707,Oswaldo Cabrera,2024,2025,83,archived_pooled_20_80,Carry-forward wRC+,season-t wRC+,89.0,
fg:21711,Oneil Cruz,2024,2025,86,archived_pooled_20_80,Carry-forward wRC+,season-t wRC+,110.0,
fg:21716,Enmanuel Valdez,2024,2025,82,archived_pooled_20_80,Carry-forward wRC+,season-t wRC+,73.0,
fg:21837,Jonathan Aranda,2024,2025,146,archived_pooled_20_80,Carry-forward wRC+,season-t wRC+,113.0,
fg:21840,Freddy Fermin,2024,2025,77,archived_pooled_20_80,Carry-forward wRC+,season-t wRC+,92.0,
fg:21853,Will Benson,2024,2025,85,archived_pooled_20_80,Carry-forward wRC+,season-t wRC+,76.0,
fg:21865,Bo Naylor,2024,2025,85,archived_pooled_20_80,Carry-forward wRC+,season-t wRC+,74.0,
fg:21897,Christopher Morel,2024,2025,90,archived_pooled_20_80,Carry-forward wRC+,season-t wRC+,81.0,
fg:22054,Dane Myers,2024,2025,72,archived_pooled_20_80,Carry-forward wRC+,season-t wRC+,113.0,
fg:22184,Mark Vientos,2024,2025,97,archived_pooled_20_80,Carry-forward wRC+,season-t wRC+,132.0,
fg:22186,Brice Turang,2024,2025,124,archived_pooled_20_80,Carry-forward wRC+,season-t wRC+,88.0,
fg:22244,Jack Suwinski,2024,2025,55,archived_pooled_20_80,Carry-forward wRC+,season-t wRC+,62.0,
fg:22263,Nolan Gorman,2024,2025,88,archived_pooled_20_80,Carry-forward wRC+,season-t wRC+,87.0,
fg:22266,Xavier Edwards,2024,2025,95,archived_pooled_20_80,Carry-forward wRC+,season-t wRC+,129.0,
fg:22275,Jake Burger,2024,2025,89,archived_pooled_20_80,Carry-forward wRC+,season-t wRC+,107.0,
fg:22277,Nick Allen,2024,2025,53,archived_pooled_20_80,Carry-forward wRC+,season-t wRC+,33.0,
fg:22458,Taylor Walls,2024,2025,66,archived_pooled_20_80,Carry-forward wRC+,season-t wRC+,60.0,
fg:22514,Triston Casas,2024,2025,56,archived_pooled_20_80,Carry-forward wRC+,season-t wRC+,120.0,
fg:22515,Heliot Ramos,2024,2025,106,archived_pooled_20_80,Carry-forward wRC+,season-t wRC+,120.0,
fg:22532,Tyler Freeman,2024,2025,91,archived_pooled_20_80,Carry-forward wRC+,season-t wRC+,84.0,
fg:22542,Lawrence Butler,2024,2025,96,archived_pooled_20_80,Carry-forward wRC+,season-t wRC+,130.0,
fg:22563,Gabriel Arias,2024,2025,77,archived_pooled_20_80,Carry-forward wRC+,season-t wRC+,70.0,
fg:22581,Alejandro Kirk,2024,2025,116,archived_pooled_20_80,Carry-forward wRC+,season-t wRC+,93.0,
fg:22664,Gabriel Moreno,2024,2025,117,archived_pooled_20_80,Carry-forward wRC+,season-t wRC+,107.0,
fg:22715,Maikel Garcia,2024,2025,121,archived_pooled_20_80,Carry-forward wRC+,season-t wRC+,71.0,
fg:22799,Geraldo Perdomo,2024,2025,138,archived_pooled_20_80,Carry-forward wRC+,season-t wRC+,102.0,
fg:22857,Wenceel Perez,2024,2025,103,archived_pooled_20_80,Carry-forward wRC+,season-t wRC+,94.0,
fg:22896,Lenyn Sosa,2024,2025,100,archived_pooled_20_80,Carry-forward wRC+,season-t wRC+,81.0,
fg:23003,Yainer Diaz,2024,2025,92,archived_pooled_20_80,Carry-forward wRC+,season-t wRC+,116.0,
fg:23401,Jose Caballero,2024,2025,97,archived_pooled_20_80,Carry-forward wRC+,season-t wRC+,83.0,
fg:23565,Davis Schneider,2024,2025,127,archived_pooled_20_80,Carry-forward wRC+,season-t wRC+,80.0,
fg:23690,Brayan Rocchio,2024,2025,77,archived_pooled_20_80,Carry-forward wRC+,season-t wRC+,79.0,
fg:23691,Jose Tena,2024,2025,88,archived_pooled_20_80,Carry-forward wRC+,season-t wRC+,82.0,
fg:23697,Julio Rodriguez,2024,2025,126,archived_pooled_20_80,Carry-forward wRC+,season-t wRC+,116.0,
fg:23733,Ezequiel Duran,2024,2025,57,archived_pooled_20_80,Carry-forward wRC+,season-t wRC+,75.0,
fg:23772,Wilyer Abreu,2024,2025,110,archived_pooled_20_80,Carry-forward wRC+,season-t wRC+,116.0,
fg:23789,Blaze Alexander,2024,2025,99,archived_pooled_20_80,Carry-forward wRC+,season-t wRC+,89.0,
fg:23792,Alek Thomas,2024,2025,81,archived_pooled_20_80,Carry-forward wRC+,season-t wRC+,65.0,
fg:23800,Parker Meadows,2024,2025,75,archived_pooled_20_80,Carry-forward wRC+,season-t wRC+,110.0,
fg:2396,Carlos Santana,2024,2025,82,archived_pooled_20_80,Carry-forward wRC+,season-t wRC+,113.0,
fg:23986,Curtis Mead,2024,2025,76,archived_pooled_20_80,Carry-forward wRC+,season-t wRC+,67.0,
fg:24064,Ezequiel Tovar,2024,2025,78,archived_pooled_20_80,Carry-forward wRC+,season-t wRC+,94.0,
fg:24257,Jhonkensy Noel,2024,2025,28,archived_pooled_20_80,Carry-forward wRC+,season-t wRC+,118.0,
fg:24262,Ceddanne Rafaela,2024,2025,91,archived_pooled_20_80,Carry-forward wRC+,season-t wRC+,81.0,
fg:24336,Johan Rojas,2024,2025,58,archived_pooled_20_80,Carry-forward wRC+,season-t wRC+,66.0,
fg:24488,Max Schuemann,2024,2025,62,archived_pooled_20_80,Carry-forward wRC+,season-t wRC+,85.0,
fg:24598,Addison Barger,2024,2025,107,archived_pooled_20_80,Carry-forward wRC+,season-t wRC+,69.0,
fg:24610,Steven Kwan,2024,2025,99,archived_pooled_20_80,Carry-forward wRC+,season-t wRC+,131.0,
fg:24617,Jarren Duran,2024,2025,111,archived_pooled_20_80,Carry-forward wRC+,season-t wRC+,131.0,
fg:24618,Ryan Jeffers,2024,2025,113,archived_pooled_20_80,Carry-forward wRC+,season-t wRC+,106.0,
fg:24679,Brendan Donovan,2024,2025,119,archived_pooled_20_80,Carry-forward wRC+,season-t wRC+,115.0,
fg:24703,Jonah Bride,2024,2025,23,archived_pooled_20_80,Carry-forward wRC+,season-t wRC+,124.0,
fg:24729,Logan O'Hoppe,2024,2025,72,archived_pooled_20_80,Carry-forward wRC+,season-t wRC+,102.0,
fg:24770,James Outman,2024,2025,48,archived_pooled_20_80,Carry-forward wRC+,season-t wRC+,53.0,
fg:24816,Andy Pages,2024,2025,113,archived_pooled_20_80,Carry-forward wRC+,season-t wRC+,98.0,
fg:24934,David Fry,2024,2025,63,archived_pooled_20_80,Carry-forward wRC+,season-t wRC+,129.0,
fg:25180,Daniel Schneemann,2024,2025,79,archived_pooled_20_80,Carry-forward wRC+,season-t wRC+,93.0,
fg:25479,Brenton Doyle,2024,2025,65,archived_pooled_20_80,Carry-forward wRC+,season-t wRC+,97.0,
fg:25493,Joey Ortiz,2024,2025,67,archived_pooled_20_80,Carry-forward wRC+,season-t wRC+,105.0,
fg:25764,Bobby Witt Jr.,2024,2025,130,archived_pooled_20_80,Carry-forward wRC+,season-t wRC+,169.0,
fg:25768,CJ Abrams,2024,2025,107,archived_pooled_20_80,Carry-forward wRC+,season-t wRC+,106.0,
fg:25782,Pedro Pages,2024,2025,77,archived_pooled_20_80,Carry-forward wRC+,season-t wRC+,84.0,
fg:25807,Jared Triolo,2024,2025,86,archived_pooled_20_80,Carry-forward wRC+,season-t wRC+,72.0,
fg:25816,Shea Langeliers,2024,2025,132,archived_pooled_20_80,Carry-forward wRC+,season-t wRC+,109.0,
fg:25845,Michael Toglia,2024,2025,54,archived_pooled_20_80,Carry-forward wRC+,season-t wRC+,98.0,
fg:25878,Corbin Carroll,2024,2025,139,archived_pooled_20_80,Carry-forward wRC+,season-t wRC+,107.0,
fg:25931,Michael Harris II,2024,2025,83,archived_pooled_20_80,Carry-forward wRC+,season-t wRC+,99.0,
fg:25961,Kerry Carpenter,2024,2025,115,archived_pooled_20_80,Carry-forward wRC+,season-t wRC+,158.0,
fg:25976,Riley Greene,2024,2025,121,archived_pooled_20_80,Carry-forward wRC+,season-t wRC+,134.0,
fg:26121,Francisco Alvarez,2024,2025,124,archived_pooled_20_80,Carry-forward wRC+,season-t wRC+,101.0,
fg:26123,Brett Baty,2024,2025,111,archived_pooled_20_80,Carry-forward wRC+,season-t wRC+,83.0,
fg:26151,Kyle Stowers,2024,2025,149,archived_pooled_20_80,Carry-forward wRC+,season-t wRC+,68.0,
fg:26197,Andrew Vaughn,2024,2025,99,archived_pooled_20_80,Carry-forward wRC+,season-t wRC+,97.0,
fg:26208,Tyler Fitzgerald,2024,2025,72,archived_pooled_20_80,Carry-forward wRC+,season-t wRC+,132.0,
fg:26224,Darell Hernaiz,2024,2025,65,archived_pooled_20_80,Carry-forward wRC+,season-t wRC+,50.0,
fg:26288,Adley Rutschman,2024,2025,91,archived_pooled_20_80,Carry-forward wRC+,season-t wRC+,103.0,
fg:26289,Gunnar Henderson,2024,2025,120,archived_pooled_20_80,Carry-forward wRC+,season-t wRC+,154.0,
fg:26294,Bryson Stott,2024,2025,100,archived_pooled_20_80,Carry-forward wRC+,season-t wRC+,87.0,
fg:26299,Josh Jung,2024,2025,91,archived_pooled_20_80,Carry-forward wRC+,season-t wRC+,104.0,
fg:26319,Michael Busch,2024,2025,140,archived_pooled_20_80,Carry-forward wRC+,season-t wRC+,118.0,
fg:26323,Spencer Steer,2024,2025,97,archived_pooled_20_80,Carry-forward wRC+,season-t wRC+,98.0,
fg:26368,JJ Bleday,2024,2025,90,archived_pooled_20_80,Carry-forward wRC+,season-t wRC+,120.0,
fg:26396,Josh Smith,2024,2025,100,archived_pooled_20_80,Carry-forward wRC+,season-t wRC+,112.0,
fg:26438,Dominic Canzone,2024,2025,141,archived_pooled_20_80,Carry-forward wRC+,season-t wRC+,88.0,
fg:26466,Matt Wallner,2024,2025,114,archived_pooled_20_80,Carry-forward wRC+,season-t wRC+,154.0,
fg:26467,Luis Matos,2024,2025,91,archived_pooled_20_80,Carry-forward wRC+,season-t wRC+,60.0,
fg:26477,Spencer Horwitz,2024,2025,119,archived_pooled_20_80,Carry-forward wRC+,season-t wRC+,127.0,
fg:26517,Noelvi Marte,2024,2025,101,archived_pooled_20_80,Carry-forward wRC+,season-t wRC+,48.0,
fg:26540,Angel Martinez,2024,2025,74,archived_pooled_20_80,Carry-forward wRC+,season-t wRC+,83.0,
fg:26668,Elly De La Cruz,2024,2025,109,archived_pooled_20_80,Carry-forward wRC+,season-t wRC+,119.0,
fg:27462,Austin Martin,2024,2025,113,archived_pooled_20_80,Carry-forward wRC+,season-t wRC+,92.0,
fg:27465,Spencer Torkelson,2024,2025,118,archived_pooled_20_80,Carry-forward wRC+,season-t wRC+,91.0,
fg:27467,Tyler Soderstrom,2024,2025,125,archived_pooled_20_80,Carry-forward wRC+,season-t wRC+,114.0,
fg:27475,Jordan Walker,2024,2025,66,archived_pooled_20_80,Carry-forward wRC+,season-t wRC+,72.0,
fg:27478,Patrick Bailey,2024,2025,70,archived_pooled_20_80,Carry-forward wRC+,season-t wRC+,81.0,
fg:27479,Masyn Winn,2024,2025,91,archived_pooled_20_80,Carry-forward wRC+,season-t wRC+,104.0,
fg:27490,Nick Gonzales,2024,2025,82,archived_pooled_20_80,Carry-forward wRC+,season-t wRC+,94.0,
fg:27506,Ha-seong Kim,2024,2025,82,archived_pooled_20_80,Carry-forward wRC+,season-t wRC+,101.0,
fg:27531,David Hamilton,2024,2025,60,archived_pooled_20_80,Carry-forward wRC+,season-t wRC+,94.0,
fg:27534,Edouard Julien,2024,2025,81,archived_pooled_20_80,Carry-forward wRC+,season-t wRC+,79.0,
fg:27562,Austin Wells,2024,2025,94,archived_pooled_20_80,Carry-forward wRC+,season-t wRC+,107.0,
fg:27577,Casey Schmitt,2024,2025,98,archived_pooled_20_80,Carry-forward wRC+,season-t wRC+,109.0,
fg:27615,Alec Burleson,2024,2025,124,archived_pooled_20_80,Carry-forward wRC+,season-t wRC+,106.0,
fg:27630,Nick Loftin,2024,2025,73,archived_pooled_20_80,Carry-forward wRC+,season-t wRC+,51.0,
fg:27647,Anthony Volpe,2024,2025,83,archived_pooled_20_80,Carry-forward wRC+,season-t wRC+,87.0,
fg:27676,Vinnie Pasquantino,2024,2025,116,archived_pooled_20_80,Carry-forward wRC+,season-t wRC+,109.0,
fg:27684,Michael Massey,2024,2025,57,archived_pooled_20_80,Carry-forward wRC+,season-t wRC+,104.0,
fg:27769,Pete Crow-Armstrong,2024,2025,109,archived_pooled_20_80,Carry-forward wRC+,season-t wRC+,86.0,
fg:27790,Evan Carter,2024,2025,107,archived_pooled_20_80,Carry-forward wRC+,season-t wRC+,81.0,
fg:27815,Jordan Westburg,2024,2025,115,archived_pooled_20_80,Carry-forward wRC+,season-t wRC+,124.0,
fg:27899,Colt Keith,2024,2025,109,archived_pooled_20_80,Carry-forward wRC+,season-t wRC+,95.0,
fg:28163,Junior Caminero,2024,2025,129,archived_pooled_20_80,Carry-forward wRC+,season-t wRC+,105.0,
fg:28806,Jackson Chourio,2024,2025,111,archived_pooled_20_80,Carry-forward wRC+,season-t wRC+,118.0,
fg:29490,Jackson Merrill,2024,2025,116,archived_pooled_20_80,Carry-forward wRC+,season-t wRC+,130.0,
fg:29518,James Wood,2024,2025,127,archived_pooled_20_80,Carry-forward wRC+,season-t wRC+,120.0,
fg:29575,Trey Sweeney,2024,2025,53,archived_pooled_20_80,Carry-forward wRC+,season-t wRC+,80.0,
fg:29576,Ben Rice,2024,2025,133,archived_pooled_20_80,Carry-forward wRC+,season-t wRC+,74.0,
fg:29591,Colton Cowser,2024,2025,83,archived_pooled_20_80,Carry-forward wRC+,season-t wRC+,119.0,
fg:29592,Connor Norby,2024,2025,90,archived_pooled_20_80,Carry-forward wRC+,season-t wRC+,101.0,
fg:29606,Justyn-Henry Malloy,2024,2025,92,archived_pooled_20_80,Carry-forward wRC+,season-t wRC+,88.0,
fg:29617,Henry Davis,2024,2025,41,archived_pooled_20_80,Carry-forward wRC+,season-t wRC+,31.0,
fg:29622,Sal Frelick,2024,2025,114,archived_pooled_20_80,Carry-forward wRC+,season-t wRC+,87.0,
fg:29630,Joey Loperfido,2024,2025,148,archived_pooled_20_80,Carry-forward wRC+,season-t wRC+,73.0,
fg:2967,Tommy Pham,2024,2025,94,archived_pooled_20_80,Carry-forward wRC+,season-t wRC+,92.0,
fg:29715,Hunter Goodman,2024,2025,118,archived_pooled_20_80,Carry-forward wRC+,season-t wRC+,61.0,
fg:29766,Zack Gelof,2024,2025,36,archived_pooled_20_80,Carry-forward wRC+,season-t wRC+,82.0,
fg:29794,Kyle Manzardo,2024,2025,113,archived_pooled_20_80,Carry-forward wRC+,season-t wRC+,98.0,
fg:29931,Jacob Young,2024,2025,66,archived_pooled_20_80,Carry-forward wRC+,season-t wRC+,84.0,
fg:30011,Christian Encarnacion-Strand,2024,2025,59,archived_pooled_20_80,Carry-forward wRC+,season-t wRC+,35.0,
fg:30116,Seiya Suzuki,2024,2025,123,archived_pooled_20_80,Carry-forward wRC+,season-t wRC+,137.0,
fg:31166,Heston Kjerstad,2024,2025,57,archived_pooled_20_80,Carry-forward wRC+,season-t wRC+,115.0,
fg:31347,Zach Neto,2024,2025,116,archived_pooled_20_80,Carry-forward wRC+,season-t wRC+,115.0,
fg:31349,Victor Scott II,2024,2025,76,archived_pooled_20_80,Carry-forward wRC+,season-t wRC+,40.0,
fg:31394,Brooks Baldwin,2024,2025,92,archived_pooled_20_80,Carry-forward wRC+,season-t wRC+,59.0,
fg:31431,Jordan Beck,2024,2025,90,archived_pooled_20_80,Carry-forward wRC+,season-t wRC+,31.0,
fg:31595,Brooks Lee,2024,2025,81,archived_pooled_20_80,Carry-forward wRC+,season-t wRC+,61.0,
fg:31781,Jackson Holliday,2024,2025,96,archived_pooled_20_80,Carry-forward wRC+,season-t wRC+,62.0,
fg:31837,Masataka Yoshida,2024,2025,88,archived_pooled_20_80,Carry-forward wRC+,season-t wRC+,116.0,
fg:33189,Nolan Schanuel,2024,2025,109,archived_pooled_20_80,Carry-forward wRC+,season-t wRC+,105.0,
fg:33266,Jacob Wilson,2024,2025,121,archived_pooled_20_80,Carry-forward wRC+,season-t wRC+,86.0,
fg:33333,Wyatt Langford,2024,2025,118,archived_pooled_20_80,Carry-forward wRC+,season-t wRC+,111.0,
fg:33541,Dylan Crews,2024,2025,77,archived_pooled_20_80,Carry-forward wRC+,season-t wRC+,80.0,
fg:33824,Jung Hoo Lee,2024,2025,107,archived_pooled_20_80,Carry-forward wRC+,season-t wRC+,83.0,
fg:4949,Giancarlo Stanton,2024,2025,158,archived_pooled_20_80,Carry-forward wRC+,season-t wRC+,117.0,
fg:5235,Justin Turner,2024,2025,71,archived_pooled_20_80,Carry-forward wRC+,season-t wRC+,116.0,
fg:5361,Freddie Freeman,2024,2025,139,archived_pooled_20_80,Carry-forward wRC+,season-t wRC+,136.0,
fg:5417,Jose Altuve,2024,2025,113,archived_pooled_20_80,Carry-forward wRC+,season-t wRC+,127.0,
fg:5517,Kyle Higashioka,2024,2025,93,archived_pooled_20_80,Carry-forward wRC+,season-t wRC+,104.0,
fg:5827,Wilmer Flores,2024,2025,95,archived_pooled_20_80,Carry-forward wRC+,season-t wRC+,68.0,
fg:6887,Martin Maldonado,2024,2025,61,archived_pooled_20_80,Carry-forward wRC+,season-t wRC+,11.0,
fg:7304,Salvador Perez,2024,2025,95,archived_pooled_20_80,Carry-forward wRC+,season-t wRC+,117.0,
fg:7739,Travis d'Arnaud,2024,2025,64,archived_pooled_20_80,Carry-forward wRC+,season-t wRC+,103.0,
fg:7802,Miguel Rojas,2024,2025,100,archived_pooled_20_80,Carry-forward wRC+,season-t wRC+,110.0,
fg:8623,Donovan Solano,2024,2025,82,archived_pooled_20_80,Carry-forward wRC+,season-t wRC+,117.0,
fg:9218,Paul Goldschmidt,2024,2025,103,archived_pooled_20_80,Carry-forward wRC+,season-t wRC+,100.0,
fg:9241,Starling Marte,2024,2025,112,archived_pooled_20_80,Carry-forward wRC+,season-t wRC+,103.0,
fg:9774,Christian Vazquez,2024,2025,55,archived_pooled_20_80,Carry-forward wRC+,season-t wRC+,59.0,
fg:9777,Nolan Arenado,2024,2025,84,archived_pooled_20_80,Carry-forward wRC+,season-t wRC+,103.0,
fg:9847,Andrew McCutchen,2024,2025,95,archived_pooled_20_80,Carry-forward wRC+,season-t wRC+,106.0,
fg:9874,DJ LeMahieu,2024,2025,95,archived_pooled_20_80,Carry-forward wRC+,season-t wRC+,53.0,
fg:10155,Mike Trout,2024,2025,120,archived_pooled_20_80,Calibrated wRC+ Ridge,wRC+_t,114.30656934650418,10.0
fg:10231,Jose Iglesias,2024,2025,73,archived_pooled_20_80,Calibrated wRC+ Ridge,wRC+_t,112.53303040392822,10.0
fg:10243,Randal Grichuk,2024,2025,82,archived_pooled_20_80,Calibrated wRC+ Ridge,wRC+_t,113.86318461086019,10.0
fg:10324,Marcell Ozuna,2024,2025,114,archived_pooled_20_80,Calibrated wRC+ Ridge,wRC+_t,120.51395564552,10.0
fg:10472,Enrique Hernandez,2024,2025,70,archived_pooled_20_80,Calibrated wRC+ Ridge,wRC+_t,88.5902546791529,10.0
fg:10681,Gio Urshela,2024,2025,68,archived_pooled_20_80,Calibrated wRC+ Ridge,wRC+_t,87.70348520786493,10.0
fg:10815,Jurickson Profar,2024,2025,122,archived_pooled_20_80,Calibrated wRC+ Ridge,wRC+_t,113.86318461086019,10.0
fg:11442,Gary Sanchez,2024,2025,100,archived_pooled_20_80,Calibrated wRC+ Ridge,wRC+_t,95.24102571381272,10.0
fg:11445,Mark Canha,2024,2025,49,archived_pooled_20_80,Calibrated wRC+ Ridge,wRC+_t,97.01456465638867,10.0
fg:11477,Christian Yelich,2024,2025,121,archived_pooled_20_80,Calibrated wRC+ Ridge,wRC+_t,120.51395564552,10.0
fg:11493,Manny Machado,2024,2025,123,archived_pooled_20_80,Calibrated wRC+ Ridge,wRC+_t,106.3256441049124,10.0
fg:11579,Bryce Harper,2024,2025,131,archived_pooled_20_80,Calibrated wRC+ Ridge,wRC+_t,116.08010828908013,10.0
fg:11609,Willson Contreras,2024,2025,124,archived_pooled_20_80,Calibrated wRC+ Ridge,wRC+_t,114.74995408214816,10.0
fg:11680,Elias Diaz,2024,2025,74,archived_pooled_20_80,Calibrated wRC+ Ridge,wRC+_t,88.14686994350892,10.0
fg:11737,Nick Castellanos,2024,2025,90,archived_pooled_20_80,Calibrated wRC+ Ridge,wRC+_t,98.34471886332064,10.0
fg:11739,J.T. Realmuto,2024,2025,94,archived_pooled_20_80,Calibrated wRC+ Ridge,wRC+_t,99.67487307025259,10.0
fg:11899,Joc Pederson,2024,2025,76,archived_pooled_20_80,Calibrated wRC+ Ridge,wRC+_t,119.62718617423204,10.0
fg:12005,Nick Martini,2024,2025,49,archived_pooled_20_80,Calibrated wRC+ Ridge,wRC+_t,84.15640732271304,10.0
fg:12144,Max Kepler,2024,2025,90,archived_pooled_20_80,Calibrated wRC+ Ridge,wRC+_t,93.46748677123676,10.0
fg:12161,Xander Bogaerts,2024,2025,104,archived_pooled_20_80,Calibrated wRC+ Ridge,wRC+_t,94.35425624252474,10.0
fg:12533,Marcus Semien,2024,2025,89,archived_pooled_20_80,Calibrated wRC+ Ridge,wRC+_t,97.01456465638867,10.0
fg:12552,Eugenio Suarez,2024,2025,125,archived_pooled_20_80,Calibrated wRC+ Ridge,wRC+_t,103.2219509554045,10.0
fg:12564,Trevor Story,2024,2025,101,archived_pooled_20_80,Calibrated wRC+ Ridge,wRC+_t,97.90133412767665,10.0
fg:12856,George Springer,2024,2025,166,archived_pooled_20_80,Calibrated wRC+ Ridge,wRC+_t,93.91087150688075,10.0
fg:12859,James McCann,2024,2025,110,archived_pooled_20_80,Calibrated wRC+ Ridge,wRC+_t,91.25056309301684,10.0
fg:12916,Francisco Lindor,2024,2025,129,archived_pooled_20_80,Calibrated wRC+ Ridge,wRC+_t,112.97641513957221,10.0
fg:12927,Brandon Nimmo,2024,2025,114,archived_pooled_20_80,Calibrated wRC+ Ridge,wRC+_t,100.11825780589658,10.0
fg:12976,Austin Hedges,2024,2025,51,archived_pooled_20_80,Calibrated wRC+ Ridge,wRC+_t,61.10040106922568,10.0
fg:12979,Javier Baez,2024,2025,86,archived_pooled_20_80,Calibrated wRC+ Ridge,wRC+_t,70.41148051774942,10.0
fg:13066,Teoscar Hernandez,2024,2025,102,archived_pooled_20_80,Calibrated wRC+ Ridge,wRC+_t,110.75949146135228,10.0
fg:13145,Josh Bell,2024,2025,107,archived_pooled_20_80,Calibrated wRC+ Ridge,wRC+_t,97.01456465638867,10.0
fg:13152,Jorge Polanco,2024,2025,132,archived_pooled_20_80,Calibrated wRC+ Ridge,wRC+_t,93.46748677123676,10.0
fg:13185,Orlando Arcia,2024,2025,33,archived_pooled_20_80,Calibrated wRC+ Ridge,wRC+_t,84.15640732271304,10.0
fg:13324,Ildemaro Vargas,2024,2025,85,archived_pooled_20_80,Calibrated wRC+ Ridge,wRC+_t,84.15640732271304,10.0
fg:13419,Christian Walker,2024,2025,99,archived_pooled_20_80,Calibrated wRC+ Ridge,wRC+_t,105.43887463362442,10.0
fg:13510,Jose Ramirez,2024,2025,133,archived_pooled_20_80,Calibrated wRC+ Ridge,wRC+_t,114.74995408214816,10.0
fg:13611,Mookie Betts,2024,2025,104,archived_pooled_20_80,Calibrated wRC+ Ridge,wRC+_t,114.30656934650418,10.0
fg:13613,Ketel Marte,2024,2025,145,archived_pooled_20_80,Calibrated wRC+ Ridge,wRC+_t,119.62718617423204,10.0
fg:13620,Carson Kelly,2024,2025,115,archived_pooled_20_80,Calibrated wRC+ Ridge,wRC+_t,95.6844104494567,10.0
fg:13624,Corey Seager,2024,2025,138,archived_pooled_20_80,Calibrated wRC+ Ridge,wRC+_t,115.19333881779215,10.0
fg:13675,Tyrone Taylor,2024,2025,70,archived_pooled_20_80,Calibrated wRC+ Ridge,wRC+_t,95.24102571381272,10.0
fg:13723,Jacob Stallings,2024,2025,-7,archived_pooled_20_80,Calibrated wRC+ Ridge,wRC+_t,102.33518148411652,10.0
fg:13757,Chris Taylor,2024,2025,56,archived_pooled_20_80,Calibrated wRC+ Ridge,wRC+_t,84.59979205835702,10.0
fg:13770,Rob Refsnyder,2024,2025,128,archived_pooled_20_80,Calibrated wRC+ Ridge,wRC+_t,110.75949146135228,10.0
fg:14161,Byron Buxton,2024,2025,136,archived_pooled_20_80,Calibrated wRC+ Ridge,wRC+_t,114.30656934650418,10.0
fg:14162,Carlos Correa,2024,2025,106,archived_pooled_20_80,Calibrated wRC+ Ridge,wRC+_t,120.51395564552,10.0
fg:14221,Jorge Soler,2024,2025,88,archived_pooled_20_80,Calibrated wRC+ Ridge,wRC+_t,105.43887463362442,10.0
fg:14344,Matt Olson,2024,2025,136,archived_pooled_20_80,Calibrated wRC+ Ridge,wRC+_t,104.10872042669247,10.0
fg:14551,Anthony Santander,2024,2025,61,archived_pooled_20_80,Calibrated wRC+ Ridge,wRC+_t,108.98595251877633,10.0
fg:14813,Kyle Farmer,2024,2025,65,archived_pooled_20_80,Calibrated wRC+ Ridge,wRC+_t,89.47702415044088,10.0
fg:14854,Mike Yastrzemski,2024,2025,106,archived_pooled_20_80,Calibrated wRC+ Ridge,wRC+_t,99.2314883346086,10.0
fg:14968,Victor Caratini,2024,2025,104,archived_pooled_20_80,Calibrated wRC+ Ridge,wRC+_t,102.33518148411652,10.0
fg:15112,Ryan McMahon,2024,2025,86,archived_pooled_20_80,Calibrated wRC+ Ridge,wRC+_t,91.25056309301684,10.0
fg:15161,Mitch Garver,2024,2025,86,archived_pooled_20_80,Calibrated wRC+ Ridge,wRC+_t,91.69394782866082,10.0
fg:15194,Jake Bauers,2024,2025,114,archived_pooled_20_80,Calibrated wRC+ Ridge,wRC+_t,91.25056309301684,10.0
fg:15223,Adam Frazier,2024,2025,89,archived_pooled_20_80,Calibrated wRC+ Ridge,wRC+_t,81.05271417320512,10.0
fg:15274,Mike Tauchman,2024,2025,115,archived_pooled_20_80,Calibrated wRC+ Ridge,wRC+_t,101.00502727718455,10.0
fg:15362,Jeff McNeil,2024,2025,111,archived_pooled_20_80,Calibrated wRC+ Ridge,wRC+_t,95.24102571381272,10.0
fg:15464,Hunter Renfroe,2024,2025,32,archived_pooled_20_80,Calibrated wRC+ Ridge,wRC+_t,93.46748677123676,10.0
fg:15491,J.P. Crawford,2024,2025,113,archived_pooled_20_80,Calibrated wRC+ Ridge,wRC+_t,92.13733256430481,10.0
fg:15518,Amed Rosario,2024,2025,106,archived_pooled_20_80,Calibrated wRC+ Ridge,wRC+_t,94.79764097816873,10.0
fg:15640,Aaron Judge,2024,2025,204,archived_pooled_20_80,Calibrated wRC+ Ridge,wRC+_t,149.77734819802316,10.0
fg:15653,Dominic Smith,2024,2025,111,archived_pooled_20_80,Calibrated wRC+ Ridge,wRC+_t,93.91087150688075,10.0
fg:15674,Reese McGuire,2024,2025,86,archived_pooled_20_80,Calibrated wRC+ Ridge,wRC+_t,79.72255996627317,10.0
fg:15679,Rowdy Tellez,2024,2025,101,archived_pooled_20_80,Calibrated wRC+ Ridge,wRC+_t,92.13733256430481,10.0
fg:15711,Tyler O'Neill,2024,2025,91,archived_pooled_20_80,Calibrated wRC+ Ridge,wRC+_t,111.20287619699627,10.0
fg:15730,Tyler Wade,2024,2025,69,archived_pooled_20_80,Calibrated wRC+ Ridge,wRC+_t,77.06225155240924,10.0
fg:15878,Miguel Andujar,2024,2025,125,archived_pooled_20_80,Calibrated wRC+ Ridge,wRC+_t,97.90133412767665,10.0
fg:15905,Luis Torrens,2024,2025,79,archived_pooled_20_80,Calibrated wRC+ Ridge,wRC+_t,91.69394782866082,10.0
fg:15986,Willy Adames,2024,2025,108,archived_pooled_20_80,Calibrated wRC+ Ridge,wRC+_t,105.43887463362442,10.0
fg:15998,Cody Bellinger,2024,2025,125,archived_pooled_20_80,Calibrated wRC+ Ridge,wRC+_t,100.11825780589658,10.0
fg:16153,Austin Slater,2024,2025,78,archived_pooled_20_80,Calibrated wRC+ Ridge,wRC+_t,85.92994626528898,10.0
fg:16252,Trea Turner,2024,2025,125,archived_pooled_20_80,Calibrated wRC+ Ridge,wRC+_t,106.76902884055639,10.0
fg:16376,Michael Conforto,2024,2025,83,archived_pooled_20_80,Calibrated wRC+ Ridge,wRC+_t,101.89179674847253,10.0
fg:16426,Thairo Estrada,2024,2025,66,archived_pooled_20_80,Calibrated wRC+ Ridge,wRC+_t,80.60932943756113,10.0
fg:16442,Ryan O'Hearn,2024,2025,127,archived_pooled_20_80,Calibrated wRC+ Ridge,wRC+_t,104.55210516233646,10.0
fg:16472,Rhys Hoskins,2024,2025,109,archived_pooled_20_80,Calibrated wRC+ Ridge,wRC+_t,97.01456465638867,10.0
fg:16478,Kyle Schwarber,2024,2025,152,archived_pooled_20_80,Calibrated wRC+ Ridge,wRC+_t,111.64626093264025,10.0
fg:16505,Matt Chapman,2024,2025,118,archived_pooled_20_80,Calibrated wRC+ Ridge,wRC+_t,105.88225936926841,10.0
fg:16512,Isiah Kiner-Falefa,2024,2025,75,archived_pooled_20_80,Calibrated wRC+ Ridge,wRC+_t,93.46748677123676,10.0
fg:16530,Mauricio Dubon,2024,2025,80,archived_pooled_20_80,Calibrated wRC+ Ridge,wRC+_t,90.36379362172886,10.0
fg:16535,Danny Jansen,2024,2025,103,archived_pooled_20_80,Calibrated wRC+ Ridge,wRC+_t,92.13733256430481,10.0
fg:16556,Ozzie Albies,2024,2025,87,archived_pooled_20_80,Calibrated wRC+ Ridge,wRC+_t,94.79764097816873,10.0
fg:16578,Yandy Diaz,2024,2025,135,archived_pooled_20_80,Calibrated wRC+ Ridge,wRC+_t,105.43887463362442,10.0
fg:16622,Luis Urias,2024,2025,84,archived_pooled_20_80,Calibrated wRC+ Ridge,wRC+_t,100.11825780589658,10.0
fg:16725,Jose Trevino,2024,2025,66,archived_pooled_20_80,Calibrated wRC+ Ridge,wRC+_t,89.92040888608487,10.0
fg:16930,Jonah Heim,2024,2025,69,archived_pooled_20_80,Calibrated wRC+ Ridge,wRC+_t,84.15640732271304,10.0
fg:16939,Lane Thomas,2024,2025,48,archived_pooled_20_80,Calibrated wRC+ Ridge,wRC+_t,96.1277951851007,10.0
fg:16947,Derek Hill,2024,2025,70,archived_pooled_20_80,Calibrated wRC+ Ridge,wRC+_t,91.69394782866082,10.0
fg:16997,Gleyber Torres,2024,2025,113,archived_pooled_20_80,Calibrated wRC+ Ridge,wRC+_t,98.78810359896463,10.0
fg:17022,Edmundo Sosa,2024,2025,111,archived_pooled_20_80,Calibrated wRC+ Ridge,wRC+_t,97.45794939203266,10.0
fg:17027,Alex Verdugo,2024,2025,66,archived_pooled_20_80,Calibrated wRC+ Ridge,wRC+_t,89.92040888608487,10.0
fg:17040,Jose Herrera,2024,2025,57,archived_pooled_20_80,Calibrated wRC+ Ridge,wRC+_t,83.71302258706905,10.0
fg:17128,Ramon Laureano,2024,2025,138,archived_pooled_20_80,Calibrated wRC+ Ridge,wRC+_t,100.11825780589658,10.0
fg:17276,Alex Jackson,2024,2025,111,archived_pooled_20_80,Calibrated wRC+ Ridge,wRC+_t,65.09086369002156,10.0
fg:17338,Willi Castro,2024,2025,92,archived_pooled_20_80,Calibrated wRC+ Ridge,wRC+_t,99.2314883346086,10.0
fg:17350,Rafael Devers,2024,2025,135,archived_pooled_20_80,Calibrated wRC+ Ridge,wRC+_t,112.53303040392822,10.0
fg:17548,Taylor Ward,2024,2025,117,archived_pooled_20_80,Calibrated wRC+ Ridge,wRC+_t,101.89179674847253,10.0
fg:17678,Alex Bregman,2024,2025,125,archived_pooled_20_80,Calibrated wRC+ Ridge,wRC+_t,104.10872042669247,10.0
fg:17696,Kevin Newman,2024,2025,27,archived_pooled_20_80,Calibrated wRC+ Ridge,wRC+_t,91.69394782866082,10.0
fg:17901,Andrew Benintendi,2024,2025,103,archived_pooled_20_80,Calibrated wRC+ Ridge,wRC+_t,93.46748677123676,10.0
fg:17907,Brendan Rodgers,2024,2025,55,archived_pooled_20_80,Calibrated wRC+ Ridge,wRC+_t,90.80717835737285,10.0
fg:17919,Ian Happ,2024,2025,116,archived_pooled_20_80,Calibrated wRC+ Ridge,wRC+_t,105.88225936926841,10.0
fg:17929,Cedric Mullins,2024,2025,94,archived_pooled_20_80,Calibrated wRC+ Ridge,wRC+_t,98.34471886332064,10.0
fg:17982,Ty France,2024,2025,92,archived_pooled_20_80,Calibrated wRC+ Ridge,wRC+_t,93.46748677123676,10.0
fg:17988,Tyler Stephenson,2024,2025,99,archived_pooled_20_80,Calibrated wRC+ Ridge,wRC+_t,102.33518148411652,10.0
fg:18015,Paul DeJong,2024,2025,76,archived_pooled_20_80,Calibrated wRC+ Ridge,wRC+_t,94.79764097816873,10.0
fg:18030,Harrison Bader,2024,2025,122,archived_pooled_20_80,Calibrated wRC+ Ridge,wRC+_t,89.92040888608487,10.0
fg:18036,Jake Cronenworth,2024,2025,117,archived_pooled_20_80,Calibrated wRC+ Ridge,wRC+_t,98.78810359896463,10.0
fg:18042,Dylan Moore,2024,2025,83,archived_pooled_20_80,Calibrated wRC+ Ridge,wRC+_t,99.2314883346086,10.0
fg:18126,LaMonte Wade Jr.,2024,2025,52,archived_pooled_20_80,Calibrated wRC+ Ridge,wRC+_t,104.99548989798043,10.0
fg:18314,Dansby Swanson,2024,2025,99,archived_pooled_20_80,Calibrated wRC+ Ridge,wRC+_t,95.24102571381272,10.0
fg:18345,Kyle Tucker,2024,2025,136,archived_pooled_20_80,Calibrated wRC+ Ridge,wRC+_t,131.59857403661968,10.0
fg:18360,Austin Riley,2024,2025,103,archived_pooled_20_80,Calibrated wRC+ Ridge,wRC+_t,103.66533569104848,10.0
fg:18363,Victor Robles,2024,2025,75,archived_pooled_20_80,Calibrated wRC+ Ridge,wRC+_t,114.74995408214816,10.0
fg:18373,Ryan Mountcastle,2024,2025,81,archived_pooled_20_80,Calibrated wRC+ Ridge,wRC+_t,99.67487307025259,10.0
fg:18401,Ronald Acuna Jr.,2024,2025,161,archived_pooled_20_80,Calibrated wRC+ Ridge,wRC+_t,99.2314883346086,10.0
fg:18564,Trent Grisham,2024,2025,129,archived_pooled_20_80,Calibrated wRC+ Ridge,wRC+_t,93.46748677123676,10.0
fg:18568,Luis Arraez,2024,2025,104,archived_pooled_20_80,Calibrated wRC+ Ridge,wRC+_t,100.56164254154056,10.0
fg:18577,Ke'Bryan Hayes,2024,2025,65,archived_pooled_20_80,Calibrated wRC+ Ridge,wRC+_t,78.83579049498519,10.0
fg:18795,Ramon Urias,2024,2025,87,archived_pooled_20_80,Calibrated wRC+ Ridge,wRC+_t,102.7785662197605,10.0
fg:18819,Andy Ibanez,2024,2025,84,archived_pooled_20_80,Calibrated wRC+ Ridge,wRC+_t,90.36379362172886,10.0
fg:18839,Josh Naylor,2024,2025,128,archived_pooled_20_80,Calibrated wRC+ Ridge,wRC+_t,104.55210516233646,10.0
fg:18882,Brandon Lowe,2024,2025,114,archived_pooled_20_80,Calibrated wRC+ Ridge,wRC+_t,106.76902884055639,10.0
fg:18900,Leody Taveras,2024,2025,47,archived_pooled_20_80,Calibrated wRC+ Ridge,wRC+_t,89.47702415044088,10.0
fg:19238,Lourdes Gurriel Jr.,2024,2025,95,archived_pooled_20_80,Calibrated wRC+ Ridge,wRC+_t,100.11825780589658,10.0
fg:19251,Pete Alonso,2024,2025,141,archived_pooled_20_80,Calibrated wRC+ Ridge,wRC+_t,105.88225936926841,10.0
fg:19260,Jake Fraley,2024,2025,97,archived_pooled_20_80,Calibrated wRC+ Ridge,wRC+_t,94.79764097816873,10.0
fg:19287,Adolis Garcia,2024,2025,83,archived_pooled_20_80,Calibrated wRC+ Ridge,wRC+_t,93.91087150688075,10.0
fg:19290,Randy Arozarena,2024,2025,120,archived_pooled_20_80,Calibrated wRC+ Ridge,wRC+_t,102.7785662197605,10.0
fg:19296,Alex Call,2024,2025,113,archived_pooled_20_80,Calibrated wRC+ Ridge,wRC+_t,126.27795720889183,10.0
fg:19318,Matt Thaiss,2024,2025,89,archived_pooled_20_80,Calibrated wRC+ Ridge,wRC+_t,89.47702415044088,10.0
fg:19326,Bryan Reynolds,2024,2025,99,archived_pooled_20_80,Calibrated wRC+ Ridge,wRC+_t,104.55210516233646,10.0
fg:19352,Sean Murphy,2024,2025,97,archived_pooled_20_80,Calibrated wRC+ Ridge,wRC+_t,86.81671573657695,10.0
fg:19354,Luke Raley,2024,2025,91,archived_pooled_20_80,Calibrated wRC+ Ridge,wRC+_t,109.42933725442032,10.0
fg:19363,Austin Hays,2024,2025,105,archived_pooled_20_80,Calibrated wRC+ Ridge,wRC+_t,95.24102571381272,10.0
fg:19392,Zach McKinstry,2024,2025,114,archived_pooled_20_80,Calibrated wRC+ Ridge,wRC+_t,85.04317679400101,10.0
fg:19452,Jake Rogers,2024,2025,70,archived_pooled_20_80,Calibrated wRC+ Ridge,wRC+_t,83.26963785142506,10.0
fg:19455,Andruw Monasterio,2024,2025,111,archived_pooled_20_80,Calibrated wRC+ Ridge,wRC+_t,82.82625311578107,10.0
fg:19470,Tommy Edman,2024,2025,81,archived_pooled_20_80,Calibrated wRC+ Ridge,wRC+_t,95.24102571381272,10.0
fg:19522,TJ Friedl,2024,2025,109,archived_pooled_20_80,Calibrated wRC+ Ridge,wRC+_t,92.13733256430481,10.0
fg:19556,Yordan Alvarez,2024,2025,118,archived_pooled_20_80,Calibrated wRC+ Ridge,wRC+_t,126.27795720889183,10.0
fg:19566,Nathaniel Lowe,2024,2025,91,archived_pooled_20_80,Calibrated wRC+ Ridge,wRC+_t,106.76902884055639,10.0
fg:19599,Chas McCormick,2024,2025,62,archived_pooled_20_80,Calibrated wRC+ Ridge,wRC+_t,81.05271417320512,10.0
fg:19608,Otto Lopez,2024,2025,86,archived_pooled_20_80,Calibrated wRC+ Ridge,wRC+_t,93.02410203559278,10.0
fg:19610,Keibert Ruiz,2024,2025,65,archived_pooled_20_80,Calibrated wRC+ Ridge,wRC+_t,83.26963785142506,10.0
fg:19611,Vladimir Guerrero Jr.,2024,2025,137,archived_pooled_20_80,Calibrated wRC+ Ridge,wRC+_t,124.94780300195987,10.0
fg:19612,Bo Bichette,2024,2025,134,archived_pooled_20_80,Calibrated wRC+ Ridge,wRC+_t,83.26963785142506,10.0
fg:19627,Brent Rooker,2024,2025,122,archived_pooled_20_80,Calibrated wRC+ Ridge,wRC+_t,124.94780300195987,10.0
fg:19709,Fernando Tatis Jr.,2024,2025,131,archived_pooled_20_80,Calibrated wRC+ Ridge,wRC+_t,112.08964566828423,10.0
fg:19734,Josh Rojas,2024,2025,44,archived_pooled_20_80,Calibrated wRC+ Ridge,wRC+_t,93.02410203559278,10.0
fg:19755,Shohei Ohtani,2024,2025,172,archived_pooled_20_80,Calibrated wRC+ Ridge,wRC+_t,132.04195877226368,10.0
fg:19844,Abraham Toro,2024,2025,77,archived_pooled_20_80,Calibrated wRC+ Ridge,wRC+_t,90.80717835737285,10.0
fg:19858,Luis Rengifo,2024,2025,73,archived_pooled_20_80,Calibrated wRC+ Ridge,wRC+_t,104.55210516233646,10.0
fg:19864,Riley Adams,2024,2025,57,archived_pooled_20_80,Calibrated wRC+ Ridge,wRC+_t,85.486561529645,10.0
fg:19890,Emmanuel Rivera,2024,2025,64,archived_pooled_20_80,Calibrated wRC+ Ridge,wRC+_t,90.36379362172886,10.0
fg:19892,Pavin Smith,2024,2025,123,archived_pooled_20_80,Calibrated wRC+ Ridge,wRC+_t,115.19333881779215,10.0
fg:19896,Connor Wong,2024,2025,39,archived_pooled_20_80,Calibrated wRC+ Ridge,wRC+_t,101.89179674847253,10.0
fg:19901,Gavin Sheets,2024,2025,111,archived_pooled_20_80,Calibrated wRC+ Ridge,wRC+_t,91.25056309301684,10.0
fg:19913,Jesus Sanchez,2024,2025,93,archived_pooled_20_80,Calibrated wRC+ Ridge,wRC+_t,97.01456465638867,10.0
fg:19918,Daulton Varsho,2024,2025,123,archived_pooled_20_80,Calibrated wRC+ Ridge,wRC+_t,96.1277951851007,10.0
fg:19921,Blake Perkins,2024,2025,83,archived_pooled_20_80,Calibrated wRC+ Ridge,wRC+_t,89.47702415044088,10.0
fg:19950,Andres Gimenez,2024,2025,70,archived_pooled_20_80,Calibrated wRC+ Ridge,wRC+_t,89.0336394147969,10.0
fg:19953,Josh Lowe,2024,2025,79,archived_pooled_20_80,Calibrated wRC+ Ridge,wRC+_t,95.6844104494567,10.0
fg:19955,Gavin Lux,2024,2025,102,archived_pooled_20_80,Calibrated wRC+ Ridge,wRC+_t,95.6844104494567,10.0
fg:19956,Mickey Moniak,2024,2025,110,archived_pooled_20_80,Calibrated wRC+ Ridge,wRC+_t,87.70348520786493,10.0
fg:19997,Santiago Espinal,2024,2025,58,archived_pooled_20_80,Calibrated wRC+ Ridge,wRC+_t,85.92994626528898,10.0
fg:20017,Miles Mastrobuoni,2024,2025,85,archived_pooled_20_80,Calibrated wRC+ Ridge,wRC+_t,67.7511721038855,10.0
fg:20036,Isaac Paredes,2024,2025,128,archived_pooled_20_80,Calibrated wRC+ Ridge,wRC+_t,103.66533569104848,10.0
fg:20043,Luis Robert Jr.,2024,2025,84,archived_pooled_20_80,Calibrated wRC+ Ridge,wRC+_t,89.47702415044088,10.0
fg:20123,Juan Soto,2024,2025,156,archived_pooled_20_80,Calibrated wRC+ Ridge,wRC+_t,132.48534350790766,10.0
fg:20126,Dylan Carlson,2024,2025,74,archived_pooled_20_80,Calibrated wRC+ Ridge,wRC+_t,81.9394836444931,10.0
fg:20178,Miguel Vargas,2024,2025,101,archived_pooled_20_80,Calibrated wRC+ Ridge,wRC+_t,72.62840419596935,10.0
fg:20202,Brandon Marsh,2024,2025,116,archived_pooled_20_80,Calibrated wRC+ Ridge,wRC+_t,99.67487307025259,10.0
fg:20220,Jo Adell,2024,2025,112,archived_pooled_20_80,Calibrated wRC+ Ridge,wRC+_t,92.58071729994879,10.0
fg:20287,Ben Rortvedt,2024,2025,31,archived_pooled_20_80,Calibrated wRC+ Ridge,wRC+_t,90.80717835737285,10.0
fg:20308,Jake Meyers,2024,2025,107,archived_pooled_20_80,Calibrated wRC+ Ridge,wRC+_t,89.92040888608487,10.0
fg:20352,Ernie Clement,2024,2025,98,archived_pooled_20_80,Calibrated wRC+ Ridge,wRC+_t,93.91087150688075,10.0
fg:20437,Royce Lewis,2024,2025,85,archived_pooled_20_80,Calibrated wRC+ Ridge,wRC+_t,99.2314883346086,10.0
fg:20454,Jazz Chisholm Jr.,2024,2025,126,archived_pooled_20_80,Calibrated wRC+ Ridge,wRC+_t,101.44841201282854,10.0
fg:20503,William Contreras,2024,2025,113,archived_pooled_20_80,Calibrated wRC+ Ridge,wRC+_t,110.75949146135228,10.0
fg:20529,Nolan Jones,2024,2025,72,archived_pooled_20_80,Calibrated wRC+ Ridge,wRC+_t,82.82625311578107,10.0
fg:20572,Kody Clemens,2024,2025,95,archived_pooled_20_80,Calibrated wRC+ Ridge,wRC+_t,92.13733256430481,10.0
fg:20599,Ivan Herrera,2024,2025,137,archived_pooled_20_80,Calibrated wRC+ Ridge,wRC+_t,108.98595251877633,10.0
fg:21454,Lars Nootbaar,2024,2025,96,archived_pooled_20_80,Calibrated wRC+ Ridge,wRC+_t,102.7785662197605,10.0
fg:21479,Nico Hoerner,2024,2025,109,archived_pooled_20_80,Calibrated wRC+ Ridge,wRC+_t,97.45794939203266,10.0
fg:21501,Trevor Larnach,2024,2025,102,archived_pooled_20_80,Calibrated wRC+ Ridge,wRC+_t,104.99548989798043,10.0
fg:21523,Jonathan India,2024,2025,89,archived_pooled_20_80,Calibrated wRC+ Ridge,wRC+_t,100.56164254154056,10.0
fg:21524,Joey Bart,2024,2025,101,archived_pooled_20_80,Calibrated wRC+ Ridge,wRC+_t,105.88225936926841,10.0
fg:21534,Cal Raleigh,2024,2025,161,archived_pooled_20_80,Calibrated wRC+ Ridge,wRC+_t,104.55210516233646,10.0
fg:21538,Nick Fortes,2024,2025,80,archived_pooled_20_80,Calibrated wRC+ Ridge,wRC+_t,77.94902102369721,10.0
fg:21558,Matt Vierling,2024,2025,76,archived_pooled_20_80,Calibrated wRC+ Ridge,wRC+_t,99.67487307025259,10.0
fg:21562,Romy Gonzalez,2024,2025,123,archived_pooled_20_80,Calibrated wRC+ Ridge,wRC+_t,95.6844104494567,10.0
fg:21614,Kyle Isbel,2024,2025,79,archived_pooled_20_80,Calibrated wRC+ Ridge,wRC+_t,88.5902546791529,10.0
fg:21618,Alec Bohm,2024,2025,105,archived_pooled_20_80,Calibrated wRC+ Ridge,wRC+_t,102.33518148411652,10.0
fg:21622,Jake McCarthy,2024,2025,60,archived_pooled_20_80,Calibrated wRC+ Ridge,wRC+_t,101.00502727718455,10.0
fg:21636,Jeremy Pena,2024,2025,135,archived_pooled_20_80,Calibrated wRC+ Ridge,wRC+_t,96.1277951851007,10.0
fg:21693,Miguel Amaya,2024,2025,124,archived_pooled_20_80,Calibrated wRC+ Ridge,wRC+_t,88.5902546791529,10.0
fg:21707,Oswaldo Cabrera,2024,2025,83,archived_pooled_20_80,Calibrated wRC+ Ridge,wRC+_t,91.69394782866082,10.0
fg:21711,Oneil Cruz,2024,2025,86,archived_pooled_20_80,Calibrated wRC+ Ridge,wRC+_t,101.00502727718455,10.0
fg:21716,Enmanuel Valdez,2024,2025,82,archived_pooled_20_80,Calibrated wRC+ Ridge,wRC+_t,84.59979205835702,10.0
fg:21837,Jonathan Aranda,2024,2025,146,archived_pooled_20_80,Calibrated wRC+ Ridge,wRC+_t,102.33518148411652,10.0
fg:21840,Freddy Fermin,2024,2025,77,archived_pooled_20_80,Calibrated wRC+ Ridge,wRC+_t,93.02410203559278,10.0
fg:21853,Will Benson,2024,2025,85,archived_pooled_20_80,Calibrated wRC+ Ridge,wRC+_t,85.92994626528898,10.0
fg:21865,Bo Naylor,2024,2025,85,archived_pooled_20_80,Calibrated wRC+ Ridge,wRC+_t,85.04317679400101,10.0
fg:21897,Christopher Morel,2024,2025,90,archived_pooled_20_80,Calibrated wRC+ Ridge,wRC+_t,88.14686994350892,10.0
fg:22054,Dane Myers,2024,2025,72,archived_pooled_20_80,Calibrated wRC+ Ridge,wRC+_t,102.33518148411652,10.0
fg:22184,Mark Vientos,2024,2025,97,archived_pooled_20_80,Calibrated wRC+ Ridge,wRC+_t,110.75949146135228,10.0
fg:22186,Brice Turang,2024,2025,124,archived_pooled_20_80,Calibrated wRC+ Ridge,wRC+_t,91.25056309301684,10.0
fg:22244,Jack Suwinski,2024,2025,55,archived_pooled_20_80,Calibrated wRC+ Ridge,wRC+_t,79.72255996627317,10.0
fg:22263,Nolan Gorman,2024,2025,88,archived_pooled_20_80,Calibrated wRC+ Ridge,wRC+_t,90.80717835737285,10.0
fg:22266,Xavier Edwards,2024,2025,95,archived_pooled_20_80,Calibrated wRC+ Ridge,wRC+_t,109.42933725442032,10.0
fg:22275,Jake Burger,2024,2025,89,archived_pooled_20_80,Calibrated wRC+ Ridge,wRC+_t,99.67487307025259,10.0
fg:22277,Nick Allen,2024,2025,53,archived_pooled_20_80,Calibrated wRC+ Ridge,wRC+_t,66.86440263259752,10.0
fg:22458,Taylor Walls,2024,2025,66,archived_pooled_20_80,Calibrated wRC+ Ridge,wRC+_t,78.83579049498519,10.0
fg:22514,Triston Casas,2024,2025,56,archived_pooled_20_80,Calibrated wRC+ Ridge,wRC+_t,105.43887463362442,10.0
fg:22515,Heliot Ramos,2024,2025,106,archived_pooled_20_80,Calibrated wRC+ Ridge,wRC+_t,105.43887463362442,10.0
fg:22532,Tyler Freeman,2024,2025,91,archived_pooled_20_80,Calibrated wRC+ Ridge,wRC+_t,89.47702415044088,10.0
fg:22542,Lawrence Butler,2024,2025,96,archived_pooled_20_80,Calibrated wRC+ Ridge,wRC+_t,109.8727219900643,10.0
fg:22563,Gabriel Arias,2024,2025,77,archived_pooled_20_80,Calibrated wRC+ Ridge,wRC+_t,83.26963785142506,10.0
fg:22581,Alejandro Kirk,2024,2025,116,archived_pooled_20_80,Calibrated wRC+ Ridge,wRC+_t,93.46748677123676,10.0
fg:22664,Gabriel Moreno,2024,2025,117,archived_pooled_20_80,Calibrated wRC+ Ridge,wRC+_t,99.67487307025259,10.0
fg:22715,Maikel Garcia,2024,2025,121,archived_pooled_20_80,Calibrated wRC+ Ridge,wRC+_t,83.71302258706905,10.0
fg:22799,Geraldo Perdomo,2024,2025,138,archived_pooled_20_80,Calibrated wRC+ Ridge,wRC+_t,97.45794939203266,10.0
fg:22857,Wenceel Perez,2024,2025,103,archived_pooled_20_80,Calibrated wRC+ Ridge,wRC+_t,93.91087150688075,10.0
fg:22896,Lenyn Sosa,2024,2025,100,archived_pooled_20_80,Calibrated wRC+ Ridge,wRC+_t,88.14686994350892,10.0
fg:23003,Yainer Diaz,2024,2025,92,archived_pooled_20_80,Calibrated wRC+ Ridge,wRC+_t,103.66533569104848,10.0
fg:23401,Jose Caballero,2024,2025,97,archived_pooled_20_80,Calibrated wRC+ Ridge,wRC+_t,89.0336394147969,10.0
fg:23565,Davis Schneider,2024,2025,127,archived_pooled_20_80,Calibrated wRC+ Ridge,wRC+_t,87.70348520786493,10.0
fg:23690,Brayan Rocchio,2024,2025,77,archived_pooled_20_80,Calibrated wRC+ Ridge,wRC+_t,87.26010047222094,10.0
fg:23691,Jose Tena,2024,2025,88,archived_pooled_20_80,Calibrated wRC+ Ridge,wRC+_t,88.5902546791529,10.0
fg:23697,Julio Rodriguez,2024,2025,126,archived_pooled_20_80,Calibrated wRC+ Ridge,wRC+_t,103.66533569104848,10.0
fg:23733,Ezequiel Duran,2024,2025,57,archived_pooled_20_80,Calibrated wRC+ Ridge,wRC+_t,85.486561529645,10.0
fg:23772,Wilyer Abreu,2024,2025,110,archived_pooled_20_80,Calibrated wRC+ Ridge,wRC+_t,103.66533569104848,10.0
fg:23789,Blaze Alexander,2024,2025,99,archived_pooled_20_80,Calibrated wRC+ Ridge,wRC+_t,91.69394782866082,10.0
fg:23792,Alek Thomas,2024,2025,81,archived_pooled_20_80,Calibrated wRC+ Ridge,wRC+_t,81.05271417320512,10.0
fg:23800,Parker Meadows,2024,2025,75,archived_pooled_20_80,Calibrated wRC+ Ridge,wRC+_t,101.00502727718455,10.0
fg:2396,Carlos Santana,2024,2025,82,archived_pooled_20_80,Calibrated wRC+ Ridge,wRC+_t,102.33518148411652,10.0
fg:23986,Curtis Mead,2024,2025,76,archived_pooled_20_80,Calibrated wRC+ Ridge,wRC+_t,81.9394836444931,10.0
fg:24064,Ezequiel Tovar,2024,2025,78,archived_pooled_20_80,Calibrated wRC+ Ridge,wRC+_t,93.91087150688075,10.0
fg:24257,Jhonkensy Noel,2024,2025,28,archived_pooled_20_80,Calibrated wRC+ Ridge,wRC+_t,104.55210516233646,10.0
fg:24262,Ceddanne Rafaela,2024,2025,91,archived_pooled_20_80,Calibrated wRC+ Ridge,wRC+_t,88.14686994350892,10.0
fg:24336,Johan Rojas,2024,2025,58,archived_pooled_20_80,Calibrated wRC+ Ridge,wRC+_t,81.4960989088491,10.0
fg:24488,Max Schuemann,2024,2025,62,archived_pooled_20_80,Calibrated wRC+ Ridge,wRC+_t,89.92040888608487,10.0
fg:24598,Addison Barger,2024,2025,107,archived_pooled_20_80,Calibrated wRC+ Ridge,wRC+_t,82.82625311578107,10.0
fg:24610,Steven Kwan,2024,2025,99,archived_pooled_20_80,Calibrated wRC+ Ridge,wRC+_t,110.3161067257083,10.0
fg:24617,Jarren Duran,2024,2025,111,archived_pooled_20_80,Calibrated wRC+ Ridge,wRC+_t,110.3161067257083,10.0
fg:24618,Ryan Jeffers,2024,2025,113,archived_pooled_20_80,Calibrated wRC+ Ridge,wRC+_t,99.2314883346086,10.0
fg:24679,Brendan Donovan,2024,2025,119,archived_pooled_20_80,Calibrated wRC+ Ridge,wRC+_t,103.2219509554045,10.0
fg:24703,Jonah Bride,2024,2025,23,archived_pooled_20_80,Calibrated wRC+ Ridge,wRC+_t,107.21241357620038,10.0
fg:24729,Logan O'Hoppe,2024,2025,72,archived_pooled_20_80,Calibrated wRC+ Ridge,wRC+_t,97.45794939203266,10.0
fg:24770,James Outman,2024,2025,48,archived_pooled_20_80,Calibrated wRC+ Ridge,wRC+_t,75.73209734547727,10.0
fg:24816,Andy Pages,2024,2025,113,archived_pooled_20_80,Calibrated wRC+ Ridge,wRC+_t,95.6844104494567,10.0
fg:24934,David Fry,2024,2025,63,archived_pooled_20_80,Calibrated wRC+ Ridge,wRC+_t,109.42933725442032,10.0
fg:25180,Daniel Schneemann,2024,2025,79,archived_pooled_20_80,Calibrated wRC+ Ridge,wRC+_t,93.46748677123676,10.0
fg:25479,Brenton Doyle,2024,2025,65,archived_pooled_20_80,Calibrated wRC+ Ridge,wRC+_t,95.24102571381272,10.0
fg:25493,Joey Ortiz,2024,2025,67,archived_pooled_20_80,Calibrated wRC+ Ridge,wRC+_t,98.78810359896463,10.0
fg:25764,Bobby Witt Jr.,2024,2025,130,archived_pooled_20_80,Calibrated wRC+ Ridge,wRC+_t,127.16472668017981,10.0
fg:25768,CJ Abrams,2024,2025,107,archived_pooled_20_80,Calibrated wRC+ Ridge,wRC+_t,99.2314883346086,10.0
fg:25782,Pedro Pages,2024,2025,77,archived_pooled_20_80,Calibrated wRC+ Ridge,wRC+_t,89.47702415044088,10.0
fg:25807,Jared Triolo,2024,2025,86,archived_pooled_20_80,Calibrated wRC+ Ridge,wRC+_t,84.15640732271304,10.0
fg:25816,Shea Langeliers,2024,2025,132,archived_pooled_20_80,Calibrated wRC+ Ridge,wRC+_t,100.56164254154056,10.0
fg:25845,Michael Toglia,2024,2025,54,archived_pooled_20_80,Calibrated wRC+ Ridge,wRC+_t,95.6844104494567,10.0
fg:25878,Corbin Carroll,2024,2025,139,archived_pooled_20_80,Calibrated wRC+ Ridge,wRC+_t,99.67487307025259,10.0
fg:25931,Michael Harris II,2024,2025,83,archived_pooled_20_80,Calibrated wRC+ Ridge,wRC+_t,96.1277951851007,10.0
fg:25961,Kerry Carpenter,2024,2025,115,archived_pooled_20_80,Calibrated wRC+ Ridge,wRC+_t,122.28749458809595,10.0
fg:25976,Riley Greene,2024,2025,121,archived_pooled_20_80,Calibrated wRC+ Ridge,wRC+_t,111.64626093264025,10.0
fg:26121,Francisco Alvarez,2024,2025,124,archived_pooled_20_80,Calibrated wRC+ Ridge,wRC+_t,97.01456465638867,10.0
fg:26123,Brett Baty,2024,2025,111,archived_pooled_20_80,Calibrated wRC+ Ridge,wRC+_t,89.0336394147969,10.0
fg:26151,Kyle Stowers,2024,2025,149,archived_pooled_20_80,Calibrated wRC+ Ridge,wRC+_t,82.38286838013708,10.0
fg:26197,Andrew Vaughn,2024,2025,99,archived_pooled_20_80,Calibrated wRC+ Ridge,wRC+_t,95.24102571381272,10.0
fg:26208,Tyler Fitzgerald,2024,2025,72,archived_pooled_20_80,Calibrated wRC+ Ridge,wRC+_t,110.75949146135228,10.0
fg:26224,Darell Hernaiz,2024,2025,65,archived_pooled_20_80,Calibrated wRC+ Ridge,wRC+_t,74.4019431385453,10.0
fg:26288,Adley Rutschman,2024,2025,91,archived_pooled_20_80,Calibrated wRC+ Ridge,wRC+_t,97.90133412767665,10.0
fg:26289,Gunnar Henderson,2024,2025,120,archived_pooled_20_80,Calibrated wRC+ Ridge,wRC+_t,120.51395564552,10.0
fg:26294,Bryson Stott,2024,2025,100,archived_pooled_20_80,Calibrated wRC+ Ridge,wRC+_t,90.80717835737285,10.0
fg:26299,Josh Jung,2024,2025,91,archived_pooled_20_80,Calibrated wRC+ Ridge,wRC+_t,98.34471886332064,10.0
fg:26319,Michael Busch,2024,2025,140,archived_pooled_20_80,Calibrated wRC+ Ridge,wRC+_t,104.55210516233646,10.0
fg:26323,Spencer Steer,2024,2025,97,archived_pooled_20_80,Calibrated wRC+ Ridge,wRC+_t,95.6844104494567,10.0
fg:26368,JJ Bleday,2024,2025,90,archived_pooled_20_80,Calibrated wRC+ Ridge,wRC+_t,105.43887463362442,10.0
fg:26396,Josh Smith,2024,2025,100,archived_pooled_20_80,Calibrated wRC+ Ridge,wRC+_t,101.89179674847253,10.0
fg:26438,Dominic Canzone,2024,2025,141,archived_pooled_20_80,Calibrated wRC+ Ridge,wRC+_t,91.25056309301684,10.0
fg:26466,Matt Wallner,2024,2025,114,archived_pooled_20_80,Calibrated wRC+ Ridge,wRC+_t,120.51395564552,10.0
fg:26467,Luis Matos,2024,2025,91,archived_pooled_20_80,Calibrated wRC+ Ridge,wRC+_t,78.83579049498519,10.0
fg:26477,Spencer Horwitz,2024,2025,119,archived_pooled_20_80,Calibrated wRC+ Ridge,wRC+_t,108.54256778313234,10.0
fg:26517,Noelvi Marte,2024,2025,101,archived_pooled_20_80,Calibrated wRC+ Ridge,wRC+_t,73.51517366725733,10.0
fg:26540,Angel Martinez,2024,2025,74,archived_pooled_20_80,Calibrated wRC+ Ridge,wRC+_t,89.0336394147969,10.0
fg:26668,Elly De La Cruz,2024,2025,109,archived_pooled_20_80,Calibrated wRC+ Ridge,wRC+_t,104.99548989798043,10.0
fg:27462,Austin Martin,2024,2025,113,archived_pooled_20_80,Calibrated wRC+ Ridge,wRC+_t,93.02410203559278,10.0
fg:27465,Spencer Torkelson,2024,2025,118,archived_pooled_20_80,Calibrated wRC+ Ridge,wRC+_t,92.58071729994879,10.0
fg:27467,Tyler Soderstrom,2024,2025,125,archived_pooled_20_80,Calibrated wRC+ Ridge,wRC+_t,102.7785662197605,10.0
fg:27475,Jordan Walker,2024,2025,66,archived_pooled_20_80,Calibrated wRC+ Ridge,wRC+_t,84.15640732271304,10.0
fg:27478,Patrick Bailey,2024,2025,70,archived_pooled_20_80,Calibrated wRC+ Ridge,wRC+_t,88.14686994350892,10.0
fg:27479,Masyn Winn,2024,2025,91,archived_pooled_20_80,Calibrated wRC+ Ridge,wRC+_t,98.34471886332064,10.0
fg:27490,Nick Gonzales,2024,2025,82,archived_pooled_20_80,Calibrated wRC+ Ridge,wRC+_t,93.91087150688075,10.0
fg:27506,Ha-seong Kim,2024,2025,82,archived_pooled_20_80,Calibrated wRC+ Ridge,wRC+_t,97.01456465638867,10.0
fg:27531,David Hamilton,2024,2025,60,archived_pooled_20_80,Calibrated wRC+ Ridge,wRC+_t,93.91087150688075,10.0
fg:27534,Edouard Julien,2024,2025,81,archived_pooled_20_80,Calibrated wRC+ Ridge,wRC+_t,87.26010047222094,10.0
fg:27562,Austin Wells,2024,2025,94,archived_pooled_20_80,Calibrated wRC+ Ridge,wRC+_t,99.67487307025259,10.0
fg:27577,Casey Schmitt,2024,2025,98,archived_pooled_20_80,Calibrated wRC+ Ridge,wRC+_t,100.56164254154056,10.0
fg:27615,Alec Burleson,2024,2025,124,archived_pooled_20_80,Calibrated wRC+ Ridge,wRC+_t,99.2314883346086,10.0
fg:27630,Nick Loftin,2024,2025,73,archived_pooled_20_80,Calibrated wRC+ Ridge,wRC+_t,74.8453278741893,10.0
fg:27647,Anthony Volpe,2024,2025,83,archived_pooled_20_80,Calibrated wRC+ Ridge,wRC+_t,90.80717835737285,10.0
fg:27676,Vinnie Pasquantino,2024,2025,116,archived_pooled_20_80,Calibrated wRC+ Ridge,wRC+_t,100.56164254154056,10.0
fg:27684,Michael Massey,2024,2025,57,archived_pooled_20_80,Calibrated wRC+ Ridge,wRC+_t,98.34471886332064,10.0
fg:27769,Pete Crow-Armstrong,2024,2025,109,archived_pooled_20_80,Calibrated wRC+ Ridge,wRC+_t,90.36379362172886,10.0
fg:27790,Evan Carter,2024,2025,107,archived_pooled_20_80,Calibrated wRC+ Ridge,wRC+_t,88.14686994350892,10.0
fg:27815,Jordan Westburg,2024,2025,115,archived_pooled_20_80,Calibrated wRC+ Ridge,wRC+_t,107.21241357620038,10.0
fg:27899,Colt Keith,2024,2025,109,archived_pooled_20_80,Calibrated wRC+ Ridge,wRC+_t,94.35425624252474,10.0
fg:28163,Junior Caminero,2024,2025,129,archived_pooled_20_80,Calibrated wRC+ Ridge,wRC+_t,98.78810359896463,10.0
fg:28806,Jackson Chourio,2024,2025,111,archived_pooled_20_80,Calibrated wRC+ Ridge,wRC+_t,104.55210516233646,10.0
fg:29490,Jackson Merrill,2024,2025,116,archived_pooled_20_80,Calibrated wRC+ Ridge,wRC+_t,109.8727219900643,10.0
fg:29518,James Wood,2024,2025,127,archived_pooled_20_80,Calibrated wRC+ Ridge,wRC+_t,105.43887463362442,10.0
fg:29575,Trey Sweeney,2024,2025,53,archived_pooled_20_80,Calibrated wRC+ Ridge,wRC+_t,87.70348520786493,10.0
fg:29576,Ben Rice,2024,2025,133,archived_pooled_20_80,Calibrated wRC+ Ridge,wRC+_t,85.04317679400101,10.0
fg:29591,Colton Cowser,2024,2025,83,archived_pooled_20_80,Calibrated wRC+ Ridge,wRC+_t,104.99548989798043,10.0
fg:29592,Connor Norby,2024,2025,90,archived_pooled_20_80,Calibrated wRC+ Ridge,wRC+_t,97.01456465638867,10.0
fg:29606,Justyn-Henry Malloy,2024,2025,92,archived_pooled_20_80,Calibrated wRC+ Ridge,wRC+_t,91.25056309301684,10.0
fg:29617,Henry Davis,2024,2025,41,archived_pooled_20_80,Calibrated wRC+ Ridge,wRC+_t,65.97763316130954,10.0
fg:29622,Sal Frelick,2024,2025,114,archived_pooled_20_80,Calibrated wRC+ Ridge,wRC+_t,90.80717835737285,10.0
fg:29630,Joey Loperfido,2024,2025,148,archived_pooled_20_80,Calibrated wRC+ Ridge,wRC+_t,84.59979205835702,10.0
fg:2967,Tommy Pham,2024,2025,94,archived_pooled_20_80,Calibrated wRC+ Ridge,wRC+_t,93.02410203559278,10.0
fg:29715,Hunter Goodman,2024,2025,118,archived_pooled_20_80,Calibrated wRC+ Ridge,wRC+_t,79.27917523062916,10.0
fg:29766,Zack Gelof,2024,2025,36,archived_pooled_20_80,Calibrated wRC+ Ridge,wRC+_t,88.5902546791529,10.0
fg:29794,Kyle Manzardo,2024,2025,113,archived_pooled_20_80,Calibrated wRC+ Ridge,wRC+_t,95.6844104494567,10.0
fg:29931,Jacob Young,2024,2025,66,archived_pooled_20_80,Calibrated wRC+ Ridge,wRC+_t,89.47702415044088,10.0
fg:30011,Christian Encarnacion-Strand,2024,2025,59,archived_pooled_20_80,Calibrated wRC+ Ridge,wRC+_t,67.7511721038855,10.0
fg:30116,Seiya Suzuki,2024,2025,123,archived_pooled_20_80,Calibrated wRC+ Ridge,wRC+_t,112.97641513957221,10.0
fg:31166,Heston Kjerstad,2024,2025,57,archived_pooled_20_80,Calibrated wRC+ Ridge,wRC+_t,103.2219509554045,10.0
fg:31347,Zach Neto,2024,2025,116,archived_pooled_20_80,Calibrated wRC+ Ridge,wRC+_t,103.2219509554045,10.0
fg:31349,Victor Scott II,2024,2025,76,archived_pooled_20_80,Calibrated wRC+ Ridge,wRC+_t,69.96809578210544,10.0
fg:31394,Brooks Baldwin,2024,2025,92,archived_pooled_20_80,Calibrated wRC+ Ridge,wRC+_t,78.3924057593412,10.0
fg:31431,Jordan Beck,2024,2025,90,archived_pooled_20_80,Calibrated wRC+ Ridge,wRC+_t,65.97763316130954,10.0
fg:31595,Brooks Lee,2024,2025,81,archived_pooled_20_80,Calibrated wRC+ Ridge,wRC+_t,79.27917523062916,10.0
fg:31781,Jackson Holliday,2024,2025,96,archived_pooled_20_80,Calibrated wRC+ Ridge,wRC+_t,79.72255996627317,10.0
fg:31837,Masataka Yoshida,2024,2025,88,archived_pooled_20_80,Calibrated wRC+ Ridge,wRC+_t,103.66533569104848,10.0
fg:33189,Nolan Schanuel,2024,2025,109,archived_pooled_20_80,Calibrated wRC+ Ridge,wRC+_t,98.78810359896463,10.0
fg:33266,Jacob Wilson,2024,2025,121,archived_pooled_20_80,Calibrated wRC+ Ridge,wRC+_t,90.36379362172886,10.0
fg:33333,Wyatt Langford,2024,2025,118,archived_pooled_20_80,Calibrated wRC+ Ridge,wRC+_t,101.44841201282854,10.0
fg:33541,Dylan Crews,2024,2025,77,archived_pooled_20_80,Calibrated wRC+ Ridge,wRC+_t,87.70348520786493,10.0
fg:33824,Jung Hoo Lee,2024,2025,107,archived_pooled_20_80,Calibrated wRC+ Ridge,wRC+_t,89.0336394147969,10.0
fg:4949,Giancarlo Stanton,2024,2025,158,archived_pooled_20_80,Calibrated wRC+ Ridge,wRC+_t,104.10872042669247,10.0
fg:5235,Justin Turner,2024,2025,71,archived_pooled_20_80,Calibrated wRC+ Ridge,wRC+_t,103.66533569104848,10.0
fg:5361,Freddie Freeman,2024,2025,139,archived_pooled_20_80,Calibrated wRC+ Ridge,wRC+_t,112.53303040392822,10.0
fg:5417,Jose Altuve,2024,2025,113,archived_pooled_20_80,Calibrated wRC+ Ridge,wRC+_t,108.54256778313234,10.0
fg:5517,Kyle Higashioka,2024,2025,93,archived_pooled_20_80,Calibrated wRC+ Ridge,wRC+_t,98.34471886332064,10.0
fg:5827,Wilmer Flores,2024,2025,95,archived_pooled_20_80,Calibrated wRC+ Ridge,wRC+_t,82.38286838013708,10.0
fg:6887,Martin Maldonado,2024,2025,61,archived_pooled_20_80,Calibrated wRC+ Ridge,wRC+_t,57.1099384484298,10.0
fg:7304,Salvador Perez,2024,2025,95,archived_pooled_20_80,Calibrated wRC+ Ridge,wRC+_t,104.10872042669247,10.0
fg:7739,Travis d'Arnaud,2024,2025,64,archived_pooled_20_80,Calibrated wRC+ Ridge,wRC+_t,97.90133412767665,10.0
fg:7802,Miguel Rojas,2024,2025,100,archived_pooled_20_80,Calibrated wRC+ Ridge,wRC+_t,101.00502727718455,10.0
fg:8623,Donovan Solano,2024,2025,82,archived_pooled_20_80,Calibrated wRC+ Ridge,wRC+_t,104.10872042669247,10.0
fg:9218,Paul Goldschmidt,2024,2025,103,archived_pooled_20_80,Calibrated wRC+ Ridge,wRC+_t,96.57117992074468,10.0
fg:9241,Starling Marte,2024,2025,112,archived_pooled_20_80,Calibrated wRC+ Ridge,wRC+_t,97.90133412767665,10.0
fg:9774,Christian Vazquez,2024,2025,55,archived_pooled_20_80,Calibrated wRC+ Ridge,wRC+_t,78.3924057593412,10.0
fg:9777,Nolan Arenado,2024,2025,84,archived_pooled_20_80,Calibrated wRC+ Ridge,wRC+_t,97.90133412767665,10.0
fg:9847,Andrew McCutchen,2024,2025,95,archived_pooled_20_80,Calibrated wRC+ Ridge,wRC+_t,99.2314883346086,10.0
fg:9874,DJ LeMahieu,2024,2025,95,archived_pooled_20_80,Calibrated wRC+ Ridge,wRC+_t,75.73209734547727,10.0
fg:10155,Mike Trout,2024,2025,120,archived_pooled_20_80,wRC+ + age + PA Ridge,"wRC+_t,age_t_t,PA_t",97.99146514149218,100.0
fg:10231,Jose Iglesias,2024,2025,73,archived_pooled_20_80,wRC+ + age + PA Ridge,"wRC+_t,age_t_t,PA_t",100.51054100312291,100.0
fg:10243,Randal Grichuk,2024,2025,82,archived_pooled_20_80,wRC+ + age + PA Ridge,"wRC+_t,age_t_t,PA_t",102.04790847032108,100.0
fg:10324,Marcell Ozuna,2024,2025,114,archived_pooled_20_80,wRC+ + age + PA Ridge,"wRC+_t,age_t_t,PA_t",118.00878422764487,100.0
fg:10472,Enrique Hernandez,2024,2025,70,archived_pooled_20_80,wRC+ + age + PA Ridge,"wRC+_t,age_t_t,PA_t",86.02432813562272,100.0
fg:10681,Gio Urshela,2024,2025,68,archived_pooled_20_80,wRC+ + age + PA Ridge,"wRC+_t,age_t_t,PA_t",87.30053275324903,100.0
fg:10815,Jurickson Profar,2024,2025,122,archived_pooled_20_80,wRC+ + age + PA Ridge,"wRC+_t,age_t_t,PA_t",114.95489820871641,100.0
fg:11442,Gary Sanchez,2024,2025,100,archived_pooled_20_80,wRC+ + age + PA Ridge,"wRC+_t,age_t_t,PA_t",88.72321321760788,100.0
fg:11445,Mark Canha,2024,2025,49,archived_pooled_20_80,wRC+ + age + PA Ridge,"wRC+_t,age_t_t,PA_t",92.70640701799078,100.0
fg:11477,Christian Yelich,2024,2025,121,archived_pooled_20_80,wRC+ + age + PA Ridge,"wRC+_t,age_t_t,PA_t",108.16052675349015,100.0
fg:11493,Manny Machado,2024,2025,123,archived_pooled_20_80,wRC+ + age + PA Ridge,"wRC+_t,age_t_t,PA_t",107.61475345760762,100.0
fg:11579,Bryce Harper,2024,2025,131,archived_pooled_20_80,wRC+ + age + PA Ridge,"wRC+_t,age_t_t,PA_t",114.71851098919379,100.0
fg:11609,Willson Contreras,2024,2025,124,archived_pooled_20_80,wRC+ + age + PA Ridge,"wRC+_t,age_t_t,PA_t",105.86073486936515,100.0
fg:11680,Elias Diaz,2024,2025,74,archived_pooled_20_80,wRC+ + age + PA Ridge,"wRC+_t,age_t_t,PA_t",83.61291381785894,100.0
fg:11737,Nick Castellanos,2024,2025,90,archived_pooled_20_80,wRC+ + age + PA Ridge,"wRC+_t,age_t_t,PA_t",101.9801643613756,100.0
fg:11739,J.T. Realmuto,2024,2025,94,archived_pooled_20_80,wRC+ + age + PA Ridge,"wRC+_t,age_t_t,PA_t",95.06300308263592,100.0
fg:11899,Joc Pederson,2024,2025,76,archived_pooled_20_80,wRC+ + age + PA Ridge,"wRC+_t,age_t_t,PA_t",112.19899244979291,100.0
fg:12005,Nick Martini,2024,2025,49,archived_pooled_20_80,wRC+ + age + PA Ridge,"wRC+_t,age_t_t,PA_t",75.16541053089347,100.0
fg:12144,Max Kepler,2024,2025,90,archived_pooled_20_80,wRC+ + age + PA Ridge,"wRC+_t,age_t_t,PA_t",91.65366248396295,100.0
fg:12161,Xander Bogaerts,2024,2025,104,archived_pooled_20_80,wRC+ + age + PA Ridge,"wRC+_t,age_t_t,PA_t",93.30285663608974,100.0
fg:12533,Marcus Semien,2024,2025,89,archived_pooled_20_80,wRC+ + age + PA Ridge,"wRC+_t,age_t_t,PA_t",100.92652350677642,100.0
fg:12552,Eugenio Suarez,2024,2025,125,archived_pooled_20_80,wRC+ + age + PA Ridge,"wRC+_t,age_t_t,PA_t",104.29223645236478,100.0
fg:12564,Trevor Story,2024,2025,101,archived_pooled_20_80,wRC+ + age + PA Ridge,"wRC+_t,age_t_t,PA_t",85.7563660084304,100.0
fg:12856,George Springer,2024,2025,166,archived_pooled_20_80,wRC+ + age + PA Ridge,"wRC+_t,age_t_t,PA_t",94.7027254677387,100.0
fg:12859,James McCann,2024,2025,110,archived_pooled_20_80,wRC+ + age + PA Ridge,"wRC+_t,age_t_t,PA_t",82.59326423097266,100.0
fg:12916,Francisco Lindor,2024,2025,129,archived_pooled_20_80,wRC+ + age + PA Ridge,"wRC+_t,age_t_t,PA_t",114.88100175121045,100.0
fg:12927,Brandon Nimmo,2024,2025,114,archived_pooled_20_80,wRC+ + age + PA Ridge,"wRC+_t,age_t_t,PA_t",104.31570725926302,100.0
fg:12976,Austin Hedges,2024,2025,51,archived_pooled_20_80,wRC+ + age + PA Ridge,"wRC+_t,age_t_t,PA_t",58.804364214007784,100.0
fg:12979,Javier Baez,2024,2025,86,archived_pooled_20_80,wRC+ + age + PA Ridge,"wRC+_t,age_t_t,PA_t",70.02201618400295,100.0
fg:13066,Teoscar Hernandez,2024,2025,102,archived_pooled_20_80,wRC+ + age + PA Ridge,"wRC+_t,age_t_t,PA_t",111.25894899120294,100.0
fg:13145,Josh Bell,2024,2025,107,archived_pooled_20_80,wRC+ + age + PA Ridge,"wRC+_t,age_t_t,PA_t",99.35583363098743,100.0
fg:13152,Jorge Polanco,2024,2025,132,archived_pooled_20_80,wRC+ + age + PA Ridge,"wRC+_t,age_t_t,PA_t",93.66445131926633,100.0
fg:13185,Orlando Arcia,2024,2025,33,archived_pooled_20_80,wRC+ + age + PA Ridge,"wRC+_t,age_t_t,PA_t",91.24142693385777,100.0
fg:13324,Ildemaro Vargas,2024,2025,85,archived_pooled_20_80,wRC+ + age + PA Ridge,"wRC+_t,age_t_t,PA_t",80.0533626640335,100.0
fg:13419,Christian Walker,2024,2025,99,archived_pooled_20_80,wRC+ + age + PA Ridge,"wRC+_t,age_t_t,PA_t",103.45722040108298,100.0
fg:13510,Jose Ramirez,2024,2025,133,archived_pooled_20_80,wRC+ + age + PA Ridge,"wRC+_t,age_t_t,PA_t",115.1678146213408,100.0
fg:13611,Mookie Betts,2024,2025,104,archived_pooled_20_80,wRC+ + age + PA Ridge,"wRC+_t,age_t_t,PA_t",110.0608059721443,100.0
fg:13613,Ketel Marte,2024,2025,145,archived_pooled_20_80,wRC+ + age + PA Ridge,"wRC+_t,age_t_t,PA_t",116.91459125419266,100.0
fg:13620,Carson Kelly,2024,2025,115,archived_pooled_20_80,wRC+ + age + PA Ridge,"wRC+_t,age_t_t,PA_t",91.74247200479452,100.0
fg:13624,Corey Seager,2024,2025,138,archived_pooled_20_80,wRC+ + age + PA Ridge,"wRC+_t,age_t_t,PA_t",112.95902243673864,100.0
fg:13675,Tyrone Taylor,2024,2025,70,archived_pooled_20_80,wRC+ + age + PA Ridge,"wRC+_t,age_t_t,PA_t",92.32312320402758,100.0
fg:13723,Jacob Stallings,2024,2025,-7,archived_pooled_20_80,wRC+ + age + PA Ridge,"wRC+_t,age_t_t,PA_t",91.56988024957391,100.0
fg:13757,Chris Taylor,2024,2025,56,archived_pooled_20_80,wRC+ + age + PA Ridge,"wRC+_t,age_t_t,PA_t",77.88819813251595,100.0
fg:13770,Rob Refsnyder,2024,2025,128,archived_pooled_20_80,wRC+ + age + PA Ridge,"wRC+_t,age_t_t,PA_t",100.482258126103,100.0
fg:14161,Byron Buxton,2024,2025,136,archived_pooled_20_80,wRC+ + age + PA Ridge,"wRC+_t,age_t_t,PA_t",107.25030942155138,100.0
fg:14162,Carlos Correa,2024,2025,106,archived_pooled_20_80,wRC+ + age + PA Ridge,"wRC+_t,age_t_t,PA_t",112.2533789901725,100.0
fg:14221,Jorge Soler,2024,2025,88,archived_pooled_20_80,wRC+ + age + PA Ridge,"wRC+_t,age_t_t,PA_t",104.95555706899731,100.0
fg:14344,Matt Olson,2024,2025,136,archived_pooled_20_80,wRC+ + age + PA Ridge,"wRC+_t,age_t_t,PA_t",108.86114291361376,100.0
fg:14551,Anthony Santander,2024,2025,61,archived_pooled_20_80,wRC+ + age + PA Ridge,"wRC+_t,age_t_t,PA_t",112.01086391234617,100.0
fg:14813,Kyle Farmer,2024,2025,65,archived_pooled_20_80,wRC+ + age + PA Ridge,"wRC+_t,age_t_t,PA_t",81.49752800788914,100.0
fg:14854,Mike Yastrzemski,2024,2025,106,archived_pooled_20_80,wRC+ + age + PA Ridge,"wRC+_t,age_t_t,PA_t",95.61032090824709,100.0
fg:14968,Victor Caratini,2024,2025,104,archived_pooled_20_80,wRC+ + age + PA Ridge,"wRC+_t,age_t_t,PA_t",94.83429921617669,100.0
fg:15112,Ryan McMahon,2024,2025,86,archived_pooled_20_80,wRC+ + age + PA Ridge,"wRC+_t,age_t_t,PA_t",97.89369065460566,100.0
fg:15161,Mitch Garver,2024,2025,86,archived_pooled_20_80,wRC+ + age + PA Ridge,"wRC+_t,age_t_t,PA_t",89.45713954119394,100.0
fg:15194,Jake Bauers,2024,2025,114,archived_pooled_20_80,wRC+ + age + PA Ridge,"wRC+_t,age_t_t,PA_t",90.1711242349145,100.0
fg:15223,Adam Frazier,2024,2025,89,archived_pooled_20_80,wRC+ + age + PA Ridge,"wRC+_t,age_t_t,PA_t",77.42486679258364,100.0
fg:15274,Mike Tauchman,2024,2025,115,archived_pooled_20_80,wRC+ + age + PA Ridge,"wRC+_t,age_t_t,PA_t",93.40261833047505,100.0
fg:15362,Jeff McNeil,2024,2025,111,archived_pooled_20_80,wRC+ + age + PA Ridge,"wRC+_t,age_t_t,PA_t",94.23851973729715,100.0
fg:15464,Hunter Renfroe,2024,2025,32,archived_pooled_20_80,wRC+ + age + PA Ridge,"wRC+_t,age_t_t,PA_t",91.50542689118087,100.0
fg:15491,J.P. Crawford,2024,2025,113,archived_pooled_20_80,wRC+ + age + PA Ridge,"wRC+_t,age_t_t,PA_t",93.86444059596656,100.0
fg:15518,Amed Rosario,2024,2025,106,archived_pooled_20_80,wRC+ + age + PA Ridge,"wRC+_t,age_t_t,PA_t",92.87965666730241,100.0
fg:15640,Aaron Judge,2024,2025,204,archived_pooled_20_80,wRC+ + age + PA Ridge,"wRC+_t,age_t_t,PA_t",142.54653459655245,100.0
fg:15653,Dominic Smith,2024,2025,111,archived_pooled_20_80,wRC+ + age + PA Ridge,"wRC+_t,age_t_t,PA_t",91.08222692239356,100.0
fg:15674,Reese McGuire,2024,2025,86,archived_pooled_20_80,wRC+ + age + PA Ridge,"wRC+_t,age_t_t,PA_t",75.96798952912472,100.0
fg:15679,Rowdy Tellez,2024,2025,101,archived_pooled_20_80,wRC+ + age + PA Ridge,"wRC+_t,age_t_t,PA_t",93.0026739522651,100.0
fg:15711,Tyler O'Neill,2024,2025,91,archived_pooled_20_80,wRC+ + age + PA Ridge,"wRC+_t,age_t_t,PA_t",109.05476462543263,100.0
fg:15730,Tyler Wade,2024,2025,69,archived_pooled_20_80,wRC+ + age + PA Ridge,"wRC+_t,age_t_t,PA_t",73.01276463272042,100.0
fg:15878,Miguel Andujar,2024,2025,125,archived_pooled_20_80,wRC+ + age + PA Ridge,"wRC+_t,age_t_t,PA_t",94.47403256631053,100.0
fg:15905,Luis Torrens,2024,2025,79,archived_pooled_20_80,wRC+ + age + PA Ridge,"wRC+_t,age_t_t,PA_t",85.17134541684584,100.0
fg:15986,Willy Adames,2024,2025,108,archived_pooled_20_80,wRC+ + age + PA Ridge,"wRC+_t,age_t_t,PA_t",110.82939370266266,100.0
fg:15998,Cody Bellinger,2024,2025,125,archived_pooled_20_80,wRC+ + age + PA Ridge,"wRC+_t,age_t_t,PA_t",103.34825403406505,100.0
fg:16153,Austin Slater,2024,2025,78,archived_pooled_20_80,wRC+ + age + PA Ridge,"wRC+_t,age_t_t,PA_t",79.65997785686633,100.0
fg:16252,Trea Turner,2024,2025,125,archived_pooled_20_80,wRC+ + age + PA Ridge,"wRC+_t,age_t_t,PA_t",105.83223677602437,100.0
fg:16376,Michael Conforto,2024,2025,83,archived_pooled_20_80,wRC+ + age + PA Ridge,"wRC+_t,age_t_t,PA_t",100.64300138719852,100.0
fg:16426,Thairo Estrada,2024,2025,66,archived_pooled_20_80,wRC+ + age + PA Ridge,"wRC+_t,age_t_t,PA_t",83.91729581793575,100.0
fg:16442,Ryan O'Hearn,2024,2025,127,archived_pooled_20_80,wRC+ + age + PA Ridge,"wRC+_t,age_t_t,PA_t",102.84675404022975,100.0
fg:16472,Rhys Hoskins,2024,2025,109,archived_pooled_20_80,wRC+ + age + PA Ridge,"wRC+_t,age_t_t,PA_t",97.75181038157656,100.0
fg:16478,Kyle Schwarber,2024,2025,152,archived_pooled_20_80,wRC+ + age + PA Ridge,"wRC+_t,age_t_t,PA_t",113.95147875343513,100.0
fg:16505,Matt Chapman,2024,2025,118,archived_pooled_20_80,wRC+ + age + PA Ridge,"wRC+_t,age_t_t,PA_t",108.25746358525261,100.0
fg:16512,Isiah Kiner-Falefa,2024,2025,75,archived_pooled_20_80,wRC+ + age + PA Ridge,"wRC+_t,age_t_t,PA_t",96.1727902236642,100.0
fg:16530,Mauricio Dubon,2024,2025,80,archived_pooled_20_80,wRC+ + age + PA Ridge,"wRC+_t,age_t_t,PA_t",90.9831121570682,100.0
fg:16535,Danny Jansen,2024,2025,103,archived_pooled_20_80,wRC+ + age + PA Ridge,"wRC+_t,age_t_t,PA_t",90.21629513763042,100.0
fg:16556,Ozzie Albies,2024,2025,87,archived_pooled_20_80,wRC+ + age + PA Ridge,"wRC+_t,age_t_t,PA_t",97.16897996868327,100.0
fg:16578,Yandy Diaz,2024,2025,135,archived_pooled_20_80,wRC+ + age + PA Ridge,"wRC+_t,age_t_t,PA_t",105.43928368159631,100.0
fg:16622,Luis Urias,2024,2025,84,archived_pooled_20_80,wRC+ + age + PA Ridge,"wRC+_t,age_t_t,PA_t",91.8672477557094,100.0
fg:16725,Jose Trevino,2024,2025,66,archived_pooled_20_80,wRC+ + age + PA Ridge,"wRC+_t,age_t_t,PA_t",83.3390390486838,100.0
fg:16930,Jonah Heim,2024,2025,69,archived_pooled_20_80,wRC+ + age + PA Ridge,"wRC+_t,age_t_t,PA_t",88.91926481469568,100.0
fg:16939,Lane Thomas,2024,2025,48,archived_pooled_20_80,wRC+ + age + PA Ridge,"wRC+_t,age_t_t,PA_t",99.12340730123667,100.0
fg:16947,Derek Hill,2024,2025,70,archived_pooled_20_80,wRC+ + age + PA Ridge,"wRC+_t,age_t_t,PA_t",85.5114442554946,100.0
fg:16997,Gleyber Torres,2024,2025,113,archived_pooled_20_80,wRC+ + age + PA Ridge,"wRC+_t,age_t_t,PA_t",105.95658209429749,100.0
fg:17022,Edmundo Sosa,2024,2025,111,archived_pooled_20_80,wRC+ + age + PA Ridge,"wRC+_t,age_t_t,PA_t",93.70919050924314,100.0
fg:17027,Alex Verdugo,2024,2025,66,archived_pooled_20_80,wRC+ + age + PA Ridge,"wRC+_t,age_t_t,PA_t",97.9213266025656,100.0
fg:17040,Jose Herrera,2024,2025,57,archived_pooled_20_80,wRC+ + age + PA Ridge,"wRC+_t,age_t_t,PA_t",79.48391302986556,100.0
fg:17128,Ramon Laureano,2024,2025,138,archived_pooled_20_80,wRC+ + age + PA Ridge,"wRC+_t,age_t_t,PA_t",95.01323532611922,100.0
fg:17276,Alex Jackson,2024,2025,111,archived_pooled_20_80,wRC+ + age + PA Ridge,"wRC+_t,age_t_t,PA_t",64.70911658115446,100.0
fg:17338,Willi Castro,2024,2025,92,archived_pooled_20_80,wRC+ + age + PA Ridge,"wRC+_t,age_t_t,PA_t",106.29975646717782,100.0
fg:17350,Rafael Devers,2024,2025,135,archived_pooled_20_80,wRC+ + age + PA Ridge,"wRC+_t,age_t_t,PA_t",114.61370976323755,100.0
fg:17548,Taylor Ward,2024,2025,117,archived_pooled_20_80,wRC+ + age + PA Ridge,"wRC+_t,age_t_t,PA_t",105.66997347545698,100.0
fg:17678,Alex Bregman,2024,2025,125,archived_pooled_20_80,wRC+ + age + PA Ridge,"wRC+_t,age_t_t,PA_t",107.3961396193213,100.0
fg:17696,Kevin Newman,2024,2025,27,archived_pooled_20_80,wRC+ + age + PA Ridge,"wRC+_t,age_t_t,PA_t",87.77154744624475,100.0
fg:17901,Andrew Benintendi,2024,2025,103,archived_pooled_20_80,wRC+ + age + PA Ridge,"wRC+_t,age_t_t,PA_t",96.05328018567216,100.0
fg:17907,Brendan Rodgers,2024,2025,55,archived_pooled_20_80,wRC+ + age + PA Ridge,"wRC+_t,age_t_t,PA_t",96.24296421787861,100.0
fg:17919,Ian Happ,2024,2025,116,archived_pooled_20_80,wRC+ + age + PA Ridge,"wRC+_t,age_t_t,PA_t",109.41109359568637,100.0
fg:17929,Cedric Mullins,2024,2025,94,archived_pooled_20_80,wRC+ + age + PA Ridge,"wRC+_t,age_t_t,PA_t",99.11682452003443,100.0
fg:17982,Ty France,2024,2025,92,archived_pooled_20_80,wRC+ + age + PA Ridge,"wRC+_t,age_t_t,PA_t",96.4267123979428,100.0
fg:17988,Tyler Stephenson,2024,2025,99,archived_pooled_20_80,wRC+ + age + PA Ridge,"wRC+_t,age_t_t,PA_t",104.35628130817815,100.0
fg:18015,Paul DeJong,2024,2025,76,archived_pooled_20_80,wRC+ + age + PA Ridge,"wRC+_t,age_t_t,PA_t",95.05358319368243,100.0
fg:18030,Harrison Bader,2024,2025,122,archived_pooled_20_80,wRC+ + age + PA Ridge,"wRC+_t,age_t_t,PA_t",90.90307559613015,100.0
fg:18036,Jake Cronenworth,2024,2025,117,archived_pooled_20_80,wRC+ + age + PA Ridge,"wRC+_t,age_t_t,PA_t",103.9653031761205,100.0
fg:18042,Dylan Moore,2024,2025,83,archived_pooled_20_80,wRC+ + age + PA Ridge,"wRC+_t,age_t_t,PA_t",96.39512652524205,100.0
fg:18126,LaMonte Wade Jr.,2024,2025,52,archived_pooled_20_80,wRC+ + age + PA Ridge,"wRC+_t,age_t_t,PA_t",101.38021846133702,100.0
fg:18314,Dansby Swanson,2024,2025,99,archived_pooled_20_80,wRC+ + age + PA Ridge,"wRC+_t,age_t_t,PA_t",99.44706079195954,100.0
fg:18345,Kyle Tucker,2024,2025,136,archived_pooled_20_80,wRC+ + age + PA Ridge,"wRC+_t,age_t_t,PA_t",122.51235069486319,100.0
fg:18360,Austin Riley,2024,2025,103,archived_pooled_20_80,wRC+ + age + PA Ridge,"wRC+_t,age_t_t,PA_t",104.91697991251468,100.0
fg:18363,Victor Robles,2024,2025,75,archived_pooled_20_80,wRC+ + age + PA Ridge,"wRC+_t,age_t_t,PA_t",108.3828972302585,100.0
fg:18373,Ryan Mountcastle,2024,2025,81,archived_pooled_20_80,wRC+ + age + PA Ridge,"wRC+_t,age_t_t,PA_t",102.96145200810012,100.0
fg:18401,Ronald Acuna Jr.,2024,2025,161,archived_pooled_20_80,wRC+ + age + PA Ridge,"wRC+_t,age_t_t,PA_t",94.43610233888788,100.0
fg:18564,Trent Grisham,2024,2025,129,archived_pooled_20_80,wRC+ + age + PA Ridge,"wRC+_t,age_t_t,PA_t",88.79493046145362,100.0
fg:18568,Luis Arraez,2024,2025,104,archived_pooled_20_80,wRC+ + age + PA Ridge,"wRC+_t,age_t_t,PA_t",108.37830165655507,100.0
fg:18577,Ke'Bryan Hayes,2024,2025,65,archived_pooled_20_80,wRC+ + age + PA Ridge,"wRC+_t,age_t_t,PA_t",83.86028738612579,100.0
fg:18795,Ramon Urias,2024,2025,87,archived_pooled_20_80,wRC+ + age + PA Ridge,"wRC+_t,age_t_t,PA_t",96.81483021208976,100.0
fg:18819,Andy Ibanez,2024,2025,84,archived_pooled_20_80,wRC+ + age + PA Ridge,"wRC+_t,age_t_t,PA_t",84.83123561316604,100.0
fg:18839,Josh Naylor,2024,2025,128,archived_pooled_20_80,wRC+ + age + PA Ridge,"wRC+_t,age_t_t,PA_t",110.30510400617958,100.0
fg:18882,Brandon Lowe,2024,2025,114,archived_pooled_20_80,wRC+ + age + PA Ridge,"wRC+_t,age_t_t,PA_t",103.42389799249214,100.0
fg:18900,Leody Taveras,2024,2025,47,archived_pooled_20_80,wRC+ + age + PA Ridge,"wRC+_t,age_t_t,PA_t",96.67275793289922,100.0
fg:19238,Lourdes Gurriel Jr.,2024,2025,95,archived_pooled_20_80,wRC+ + age + PA Ridge,"wRC+_t,age_t_t,PA_t",101.15589623235772,100.0
fg:19251,Pete Alonso,2024,2025,141,archived_pooled_20_80,wRC+ + age + PA Ridge,"wRC+_t,age_t_t,PA_t",110.5026646777082,100.0
fg:19260,Jake Fraley,2024,2025,97,archived_pooled_20_80,wRC+ + age + PA Ridge,"wRC+_t,age_t_t,PA_t",93.91377663974416,100.0
fg:19287,Adolis Garcia,2024,2025,83,archived_pooled_20_80,wRC+ + age + PA Ridge,"wRC+_t,age_t_t,PA_t",98.82891107804292,100.0
fg:19290,Randy Arozarena,2024,2025,120,archived_pooled_20_80,wRC+ + age + PA Ridge,"wRC+_t,age_t_t,PA_t",107.64897218676978,100.0
fg:19296,Alex Call,2024,2025,113,archived_pooled_20_80,wRC+ + age + PA Ridge,"wRC+_t,age_t_t,PA_t",109.35845327613058,100.0
fg:19318,Matt Thaiss,2024,2025,89,archived_pooled_20_80,wRC+ + age + PA Ridge,"wRC+_t,age_t_t,PA_t",84.22076925231282,100.0
fg:19326,Bryan Reynolds,2024,2025,99,archived_pooled_20_80,wRC+ + age + PA Ridge,"wRC+_t,age_t_t,PA_t",110.26716281372586,100.0
fg:19352,Sean Murphy,2024,2025,97,archived_pooled_20_80,wRC+ + age + PA Ridge,"wRC+_t,age_t_t,PA_t",83.56358873911238,100.0
fg:19354,Luke Raley,2024,2025,91,archived_pooled_20_80,wRC+ + age + PA Ridge,"wRC+_t,age_t_t,PA_t",106.31706396048452,100.0
fg:19363,Austin Hays,2024,2025,105,archived_pooled_20_80,wRC+ + age + PA Ridge,"wRC+_t,age_t_t,PA_t",90.60419773545651,100.0
fg:19392,Zach McKinstry,2024,2025,114,archived_pooled_20_80,wRC+ + age + PA Ridge,"wRC+_t,age_t_t,PA_t",84.82795582764464,100.0
fg:19452,Jake Rogers,2024,2025,70,archived_pooled_20_80,wRC+ + age + PA Ridge,"wRC+_t,age_t_t,PA_t",83.81839626893128,100.0
fg:19455,Andruw Monasterio,2024,2025,111,archived_pooled_20_80,wRC+ + age + PA Ridge,"wRC+_t,age_t_t,PA_t",79.61109545588994,100.0
fg:19470,Tommy Edman,2024,2025,81,archived_pooled_20_80,wRC+ + age + PA Ridge,"wRC+_t,age_t_t,PA_t",87.67419114687158,100.0
fg:19522,TJ Friedl,2024,2025,109,archived_pooled_20_80,wRC+ + age + PA Ridge,"wRC+_t,age_t_t,PA_t",90.70462956906124,100.0
fg:19556,Yordan Alvarez,2024,2025,118,archived_pooled_20_80,wRC+ + age + PA Ridge,"wRC+_t,age_t_t,PA_t",126.95231626413562,100.0
fg:19566,Nathaniel Lowe,2024,2025,91,archived_pooled_20_80,wRC+ + age + PA Ridge,"wRC+_t,age_t_t,PA_t",108.31185012563218,100.0
fg:19599,Chas McCormick,2024,2025,62,archived_pooled_20_80,wRC+ + age + PA Ridge,"wRC+_t,age_t_t,PA_t",80.11477466338545,100.0
fg:19608,Otto Lopez,2024,2025,86,archived_pooled_20_80,wRC+ + age + PA Ridge,"wRC+_t,age_t_t,PA_t",96.65236266023254,100.0
fg:19610,Keibert Ruiz,2024,2025,65,archived_pooled_20_80,wRC+ + age + PA Ridge,"wRC+_t,age_t_t,PA_t",90.66890176545826,100.0
fg:19611,Vladimir Guerrero Jr.,2024,2025,137,archived_pooled_20_80,wRC+ + age + PA Ridge,"wRC+_t,age_t_t,PA_t",129.4503499240397,100.0
fg:19612,Bo Bichette,2024,2025,134,archived_pooled_20_80,wRC+ + age + PA Ridge,"wRC+_t,age_t_t,PA_t",86.38879410174107,100.0
fg:19627,Brent Rooker,2024,2025,122,archived_pooled_20_80,wRC+ + age + PA Ridge,"wRC+_t,age_t_t,PA_t",122.7342565637993,100.0
fg:19709,Fernando Tatis Jr.,2024,2025,131,archived_pooled_20_80,wRC+ + age + PA Ridge,"wRC+_t,age_t_t,PA_t",112.19200116601102,100.0
fg:19734,Josh Rojas,2024,2025,44,archived_pooled_20_80,wRC+ + age + PA Ridge,"wRC+_t,age_t_t,PA_t",94.39333811128145,100.0
fg:19755,Shohei Ohtani,2024,2025,172,archived_pooled_20_80,wRC+ + age + PA Ridge,"wRC+_t,age_t_t,PA_t",131.51221133901078,100.0
fg:19844,Abraham Toro,2024,2025,77,archived_pooled_20_80,wRC+ + age + PA Ridge,"wRC+_t,age_t_t,PA_t",91.21599212962016,100.0
fg:19858,Luis Rengifo,2024,2025,73,archived_pooled_20_80,wRC+ + age + PA Ridge,"wRC+_t,age_t_t,PA_t",100.8543964802537,100.0
fg:19864,Riley Adams,2024,2025,57,archived_pooled_20_80,wRC+ + age + PA Ridge,"wRC+_t,age_t_t,PA_t",80.43141366016701,100.0
fg:19890,Emmanuel Rivera,2024,2025,64,archived_pooled_20_80,wRC+ + age + PA Ridge,"wRC+_t,age_t_t,PA_t",89.09644117858868,100.0
fg:19892,Pavin Smith,2024,2025,123,archived_pooled_20_80,wRC+ + age + PA Ridge,"wRC+_t,age_t_t,PA_t",103.9196883155371,100.0
fg:19896,Connor Wong,2024,2025,39,archived_pooled_20_80,wRC+ + age + PA Ridge,"wRC+_t,age_t_t,PA_t",103.21339922000831,100.0
fg:19901,Gavin Sheets,2024,2025,111,archived_pooled_20_80,wRC+ + age + PA Ridge,"wRC+_t,age_t_t,PA_t",95.48995968990526,100.0
fg:19913,Jesus Sanchez,2024,2025,93,archived_pooled_20_80,wRC+ + age + PA Ridge,"wRC+_t,age_t_t,PA_t",101.79181932751064,100.0
fg:19918,Daulton Varsho,2024,2025,123,archived_pooled_20_80,wRC+ + age + PA Ridge,"wRC+_t,age_t_t,PA_t",99.55889844191923,100.0
fg:19921,Blake Perkins,2024,2025,83,archived_pooled_20_80,wRC+ + age + PA Ridge,"wRC+_t,age_t_t,PA_t",92.21108130277808,100.0
fg:19950,Andres Gimenez,2024,2025,70,archived_pooled_20_80,wRC+ + age + PA Ridge,"wRC+_t,age_t_t,PA_t",99.32164907701575,100.0
fg:19953,Josh Lowe,2024,2025,79,archived_pooled_20_80,wRC+ + age + PA Ridge,"wRC+_t,age_t_t,PA_t",97.33366090939121,100.0
fg:19955,Gavin Lux,2024,2025,102,archived_pooled_20_80,wRC+ + age + PA Ridge,"wRC+_t,age_t_t,PA_t",99.33984192586276,100.0
fg:19956,Mickey Moniak,2024,2025,110,archived_pooled_20_80,wRC+ + age + PA Ridge,"wRC+_t,age_t_t,PA_t",92.12995513500991,100.0
fg:19997,Santiago Espinal,2024,2025,58,archived_pooled_20_80,wRC+ + age + PA Ridge,"wRC+_t,age_t_t,PA_t",86.53460108935154,100.0
fg:20017,Miles Mastrobuoni,2024,2025,85,archived_pooled_20_80,wRC+ + age + PA Ridge,"wRC+_t,age_t_t,PA_t",65.33296372073302,100.0
fg:20036,Isaac Paredes,2024,2025,128,archived_pooled_20_80,wRC+ + age + PA Ridge,"wRC+_t,age_t_t,PA_t",111.59052426146954,100.0
fg:20043,Luis Robert Jr.,2024,2025,84,archived_pooled_20_80,wRC+ + age + PA Ridge,"wRC+_t,age_t_t,PA_t",92.81892577220093,100.0
fg:20123,Juan Soto,2024,2025,156,archived_pooled_20_80,wRC+ + age + PA Ridge,"wRC+_t,age_t_t,PA_t",134.7992157569715,100.0
fg:20126,Dylan Carlson,2024,2025,74,archived_pooled_20_80,wRC+ + age + PA Ridge,"wRC+_t,age_t_t,PA_t",83.33358004950217,100.0
fg:20178,Miguel Vargas,2024,2025,101,archived_pooled_20_80,wRC+ + age + PA Ridge,"wRC+_t,age_t_t,PA_t",76.28574134289583,100.0
fg:20202,Brandon Marsh,2024,2025,116,archived_pooled_20_80,wRC+ + age + PA Ridge,"wRC+_t,age_t_t,PA_t",102.07095980960862,100.0
fg:20220,Jo Adell,2024,2025,112,archived_pooled_20_80,wRC+ + age + PA Ridge,"wRC+_t,age_t_t,PA_t",97.66850500014816,100.0
fg:20287,Ben Rortvedt,2024,2025,31,archived_pooled_20_80,wRC+ + age + PA Ridge,"wRC+_t,age_t_t,PA_t",91.0482466197117,100.0
fg:20308,Jake Meyers,2024,2025,107,archived_pooled_20_80,wRC+ + age + PA Ridge,"wRC+_t,age_t_t,PA_t",94.81896668524038,100.0
fg:20352,Ernie Clement,2024,2025,98,archived_pooled_20_80,wRC+ + age + PA Ridge,"wRC+_t,age_t_t,PA_t",96.11380682948383,100.0
fg:20437,Royce Lewis,2024,2025,85,archived_pooled_20_80,wRC+ + age + PA Ridge,"wRC+_t,age_t_t,PA_t",99.1275834073294,100.0
fg:20454,Jazz Chisholm Jr.,2024,2025,126,archived_pooled_20_80,wRC+ + age + PA Ridge,"wRC+_t,age_t_t,PA_t",108.45680593289285,100.0
fg:20503,William Contreras,2024,2025,113,archived_pooled_20_80,wRC+ + age + PA Ridge,"wRC+_t,age_t_t,PA_t",116.36641128320063,100.0
fg:20529,Nolan Jones,2024,2025,72,archived_pooled_20_80,wRC+ + age + PA Ridge,"wRC+_t,age_t_t,PA_t",84.9299309108807,100.0
fg:20572,Kody Clemens,2024,2025,95,archived_pooled_20_80,wRC+ + age + PA Ridge,"wRC+_t,age_t_t,PA_t",85.22265642299385,100.0
fg:20599,Ivan Herrera,2024,2025,137,archived_pooled_20_80,wRC+ + age + PA Ridge,"wRC+_t,age_t_t,PA_t",105.54653544278625,100.0
fg:21454,Lars Nootbaar,2024,2025,96,archived_pooled_20_80,wRC+ + age + PA Ridge,"wRC+_t,age_t_t,PA_t",102.40141129785462,100.0
fg:21479,Nico Hoerner,2024,2025,109,archived_pooled_20_80,wRC+ + age + PA Ridge,"wRC+_t,age_t_t,PA_t",105.11784357972414,100.0
fg:21501,Trevor Larnach,2024,2025,102,archived_pooled_20_80,wRC+ + age + PA Ridge,"wRC+_t,age_t_t,PA_t",103.95061629414681,100.0
fg:21523,Jonathan India,2024,2025,89,archived_pooled_20_80,wRC+ + age + PA Ridge,"wRC+_t,age_t_t,PA_t",106.5065327763701,100.0
fg:21524,Joey Bart,2024,2025,101,archived_pooled_20_80,wRC+ + age + PA Ridge,"wRC+_t,age_t_t,PA_t",100.37175947448482,100.0
fg:21534,Cal Raleigh,2024,2025,161,archived_pooled_20_80,wRC+ + age + PA Ridge,"wRC+_t,age_t_t,PA_t",109.29510176969606,100.0
fg:21538,Nick Fortes,2024,2025,80,archived_pooled_20_80,wRC+ + age + PA Ridge,"wRC+_t,age_t_t,PA_t",80.56452097330259,100.0
fg:21558,Matt Vierling,2024,2025,76,archived_pooled_20_80,wRC+ + age + PA Ridge,"wRC+_t,age_t_t,PA_t",103.81861083296974,100.0
fg:21562,Romy Gonzalez,2024,2025,123,archived_pooled_20_80,wRC+ + age + PA Ridge,"wRC+_t,age_t_t,PA_t",90.6888421152264,100.0
fg:21614,Kyle Isbel,2024,2025,79,archived_pooled_20_80,wRC+ + age + PA Ridge,"wRC+_t,age_t_t,PA_t",92.17051821889399,100.0
fg:21618,Alec Bohm,2024,2025,105,archived_pooled_20_80,wRC+ + age + PA Ridge,"wRC+_t,age_t_t,PA_t",106.97030679407256,100.0
fg:21622,Jake McCarthy,2024,2025,60,archived_pooled_20_80,wRC+ + age + PA Ridge,"wRC+_t,age_t_t,PA_t",103.632445012765,100.0
fg:21636,Jeremy Pena,2024,2025,135,archived_pooled_20_80,wRC+ + age + PA Ridge,"wRC+_t,age_t_t,PA_t",104.36067391068912,100.0
fg:21693,Miguel Amaya,2024,2025,124,archived_pooled_20_80,wRC+ + age + PA Ridge,"wRC+_t,age_t_t,PA_t",92.0935571921875,100.0
fg:21707,Oswaldo Cabrera,2024,2025,83,archived_pooled_20_80,wRC+ + age + PA Ridge,"wRC+_t,age_t_t,PA_t",93.40067754329515,100.0
fg:21711,Oneil Cruz,2024,2025,86,archived_pooled_20_80,wRC+ + age + PA Ridge,"wRC+_t,age_t_t,PA_t",107.48627717346331,100.0
fg:21716,Enmanuel Valdez,2024,2025,82,archived_pooled_20_80,wRC+ + age + PA Ridge,"wRC+_t,age_t_t,PA_t",84.15850607261108,100.0
fg:21837,Jonathan Aranda,2024,2025,146,archived_pooled_20_80,wRC+ + age + PA Ridge,"wRC+_t,age_t_t,PA_t",95.40312385134676,100.0
fg:21840,Freddy Fermin,2024,2025,77,archived_pooled_20_80,wRC+ + age + PA Ridge,"wRC+_t,age_t_t,PA_t",92.15735265648952,100.0
fg:21853,Will Benson,2024,2025,85,archived_pooled_20_80,wRC+ + age + PA Ridge,"wRC+_t,age_t_t,PA_t",89.9139222751145,100.0
fg:21865,Bo Naylor,2024,2025,85,archived_pooled_20_80,wRC+ + age + PA Ridge,"wRC+_t,age_t_t,PA_t",90.99826364687414,100.0
fg:21897,Christopher Morel,2024,2025,90,archived_pooled_20_80,wRC+ + age + PA Ridge,"wRC+_t,age_t_t,PA_t",98.878928226071,100.0
fg:22054,Dane Myers,2024,2025,72,archived_pooled_20_80,wRC+ + age + PA Ridge,"wRC+_t,age_t_t,PA_t",92.6649805086285,100.0
fg:22184,Mark Vientos,2024,2025,97,archived_pooled_20_80,wRC+ + age + PA Ridge,"wRC+_t,age_t_t,PA_t",111.63591038050633,100.0
fg:22186,Brice Turang,2024,2025,124,archived_pooled_20_80,wRC+ + age + PA Ridge,"wRC+_t,age_t_t,PA_t",101.4786985427308,100.0
fg:22244,Jack Suwinski,2024,2025,55,archived_pooled_20_80,wRC+ + age + PA Ridge,"wRC+_t,age_t_t,PA_t",81.9854539367403,100.0
fg:22263,Nolan Gorman,2024,2025,88,archived_pooled_20_80,wRC+ + age + PA Ridge,"wRC+_t,age_t_t,PA_t",95.77306106177511,100.0
fg:22266,Xavier Edwards,2024,2025,95,archived_pooled_20_80,wRC+ + age + PA Ridge,"wRC+_t,age_t_t,PA_t",106.28265194506358,100.0
fg:22275,Jake Burger,2024,2025,89,archived_pooled_20_80,wRC+ + age + PA Ridge,"wRC+_t,age_t_t,PA_t",104.16331749045031,100.0
fg:22277,Nick Allen,2024,2025,53,archived_pooled_20_80,wRC+ + age + PA Ridge,"wRC+_t,age_t_t,PA_t",67.22622844544583,100.0
fg:22458,Taylor Walls,2024,2025,66,archived_pooled_20_80,wRC+ + age + PA Ridge,"wRC+_t,age_t_t,PA_t",78.85743303382557,100.0
fg:22514,Triston Casas,2024,2025,56,archived_pooled_20_80,wRC+ + age + PA Ridge,"wRC+_t,age_t_t,PA_t",102.37839413375757,100.0
fg:22515,Heliot Ramos,2024,2025,106,archived_pooled_20_80,wRC+ + age + PA Ridge,"wRC+_t,age_t_t,PA_t",109.41154723848756,100.0
fg:22532,Tyler Freeman,2024,2025,91,archived_pooled_20_80,wRC+ + age + PA Ridge,"wRC+_t,age_t_t,PA_t",93.34520139608546,100.0
fg:22542,Lawrence Butler,2024,2025,96,archived_pooled_20_80,wRC+ + age + PA Ridge,"wRC+_t,age_t_t,PA_t",111.7389750705725,100.0
fg:22563,Gabriel Arias,2024,2025,77,archived_pooled_20_80,wRC+ + age + PA Ridge,"wRC+_t,age_t_t,PA_t",83.09457093854917,100.0
fg:22581,Alejandro Kirk,2024,2025,116,archived_pooled_20_80,wRC+ + age + PA Ridge,"wRC+_t,age_t_t,PA_t",95.61210258435871,100.0
fg:22664,Gabriel Moreno,2024,2025,117,archived_pooled_20_80,wRC+ + age + PA Ridge,"wRC+_t,age_t_t,PA_t",101.07938884845242,100.0
fg:22715,Maikel Garcia,2024,2025,121,archived_pooled_20_80,wRC+ + age + PA Ridge,"wRC+_t,age_t_t,PA_t",96.7905204699701,100.0
fg:22799,Geraldo Perdomo,2024,2025,138,archived_pooled_20_80,wRC+ + age + PA Ridge,"wRC+_t,age_t_t,PA_t",99.58302714290849,100.0
fg:22857,Wenceel Perez,2024,2025,103,archived_pooled_20_80,wRC+ + age + PA Ridge,"wRC+_t,age_t_t,PA_t",97.93734023775237,100.0
fg:22896,Lenyn Sosa,2024,2025,100,archived_pooled_20_80,wRC+ + age + PA Ridge,"wRC+_t,age_t_t,PA_t",92.79371842941259,100.0
fg:23003,Yainer Diaz,2024,2025,92,archived_pooled_20_80,wRC+ + age + PA Ridge,"wRC+_t,age_t_t,PA_t",110.0921875935552,100.0
fg:23401,Jose Caballero,2024,2025,97,archived_pooled_20_80,wRC+ + age + PA Ridge,"wRC+_t,age_t_t,PA_t",93.28006693344196,100.0
fg:23565,Davis Schneider,2024,2025,127,archived_pooled_20_80,wRC+ + age + PA Ridge,"wRC+_t,age_t_t,PA_t",94.03044956998492,100.0
fg:23690,Brayan Rocchio,2024,2025,77,archived_pooled_20_80,wRC+ + age + PA Ridge,"wRC+_t,age_t_t,PA_t",95.07992528352241,100.0
fg:23691,Jose Tena,2024,2025,88,archived_pooled_20_80,wRC+ + age + PA Ridge,"wRC+_t,age_t_t,PA_t",88.22482293319464,100.0
fg:23697,Julio Rodriguez,2024,2025,126,archived_pooled_20_80,wRC+ + age + PA Ridge,"wRC+_t,age_t_t,PA_t",111.65258318988147,100.0
fg:23733,Ezequiel Duran,2024,2025,57,archived_pooled_20_80,wRC+ + age + PA Ridge,"wRC+_t,age_t_t,PA_t",87.48299804022432,100.0
fg:23772,Wilyer Abreu,2024,2025,110,archived_pooled_20_80,wRC+ + age + PA Ridge,"wRC+_t,age_t_t,PA_t",106.01776663220018,100.0
fg:23789,Blaze Alexander,2024,2025,99,archived_pooled_20_80,wRC+ + age + PA Ridge,"wRC+_t,age_t_t,PA_t",89.35037431789834,100.0
fg:23792,Alek Thomas,2024,2025,81,archived_pooled_20_80,wRC+ + age + PA Ridge,"wRC+_t,age_t_t,PA_t",79.73565599048393,100.0
fg:23800,Parker Meadows,2024,2025,75,archived_pooled_20_80,wRC+ + age + PA Ridge,"wRC+_t,age_t_t,PA_t",99.70625964419206,100.0
fg:2396,Carlos Santana,2024,2025,82,archived_pooled_20_80,wRC+ + age + PA Ridge,"wRC+_t,age_t_t,PA_t",97.96185551125919,100.0
fg:23986,Curtis Mead,2024,2025,76,archived_pooled_20_80,wRC+ + age + PA Ridge,"wRC+_t,age_t_t,PA_t",81.2458301874923,100.0
fg:24064,Ezequiel Tovar,2024,2025,78,archived_pooled_20_80,wRC+ + age + PA Ridge,"wRC+_t,age_t_t,PA_t",107.42598895613196,100.0
fg:24257,Jhonkensy Noel,2024,2025,28,archived_pooled_20_80,wRC+ + age + PA Ridge,"wRC+_t,age_t_t,PA_t",101.27498552264169,100.0
fg:24262,Ceddanne Rafaela,2024,2025,91,archived_pooled_20_80,wRC+ + age + PA Ridge,"wRC+_t,age_t_t,PA_t",98.59628049700234,100.0
fg:24336,Johan Rojas,2024,2025,58,archived_pooled_20_80,wRC+ + age + PA Ridge,"wRC+_t,age_t_t,PA_t",87.54286678994497,100.0
fg:24488,Max Schuemann,2024,2025,62,archived_pooled_20_80,wRC+ + age + PA Ridge,"wRC+_t,age_t_t,PA_t",94.13416118911105,100.0
fg:24598,Addison Barger,2024,2025,107,archived_pooled_20_80,wRC+ + age + PA Ridge,"wRC+_t,age_t_t,PA_t",83.7280654285305,100.0
fg:24610,Steven Kwan,2024,2025,99,archived_pooled_20_80,wRC+ + age + PA Ridge,"wRC+_t,age_t_t,PA_t",112.03499261333543,100.0
fg:24617,Jarren Duran,2024,2025,111,archived_pooled_20_80,wRC+ + age + PA Ridge,"wRC+_t,age_t_t,PA_t",116.77010133486158,100.0
fg:24618,Ryan Jeffers,2024,2025,113,archived_pooled_20_80,wRC+ + age + PA Ridge,"wRC+_t,age_t_t,PA_t",101.4164121528696,100.0
fg:24679,Brendan Donovan,2024,2025,119,archived_pooled_20_80,wRC+ + age + PA Ridge,"wRC+_t,age_t_t,PA_t",109.83518988504503,100.0
fg:24703,Jonah Bride,2024,2025,23,archived_pooled_20_80,wRC+ + age + PA Ridge,"wRC+_t,age_t_t,PA_t",100.23382912619653,100.0
fg:24729,Logan O'Hoppe,2024,2025,72,archived_pooled_20_80,wRC+ + age + PA Ridge,"wRC+_t,age_t_t,PA_t",104.29862594730824,100.0
fg:24770,James Outman,2024,2025,48,archived_pooled_20_80,wRC+ + age + PA Ridge,"wRC+_t,age_t_t,PA_t",74.59618835817479,100.0
fg:24816,Andy Pages,2024,2025,113,archived_pooled_20_80,wRC+ + age + PA Ridge,"wRC+_t,age_t_t,PA_t",100.67504090270047,100.0
fg:24934,David Fry,2024,2025,63,archived_pooled_20_80,wRC+ + age + PA Ridge,"wRC+_t,age_t_t,PA_t",105.37372847124476,100.0
fg:25180,Daniel Schneemann,2024,2025,79,archived_pooled_20_80,wRC+ + age + PA Ridge,"wRC+_t,age_t_t,PA_t",90.00601158146748,100.0
fg:25479,Brenton Doyle,2024,2025,65,archived_pooled_20_80,wRC+ + age + PA Ridge,"wRC+_t,age_t_t,PA_t",103.19981418999315,100.0
fg:25493,Joey Ortiz,2024,2025,67,archived_pooled_20_80,wRC+ + age + PA Ridge,"wRC+_t,age_t_t,PA_t",103.26559558169662,100.0
fg:25764,Bobby Witt Jr.,2024,2025,130,archived_pooled_20_80,wRC+ + age + PA Ridge,"wRC+_t,age_t_t,PA_t",132.35426381429602,100.0
fg:25768,CJ Abrams,2024,2025,107,archived_pooled_20_80,wRC+ + age + PA Ridge,"wRC+_t,age_t_t,PA_t",107.95093654670606,100.0
fg:25782,Pedro Pages,2024,2025,77,archived_pooled_20_80,wRC+ + age + PA Ridge,"wRC+_t,age_t_t,PA_t",87.73911039319421,100.0
fg:25807,Jared Triolo,2024,2025,86,archived_pooled_20_80,wRC+ + age + PA Ridge,"wRC+_t,age_t_t,PA_t",90.22573823674335,100.0
fg:25816,Shea Langeliers,2024,2025,132,archived_pooled_20_80,wRC+ + age + PA Ridge,"wRC+_t,age_t_t,PA_t",104.4141750955284,100.0
fg:25845,Michael Toglia,2024,2025,54,archived_pooled_20_80,wRC+ + age + PA Ridge,"wRC+_t,age_t_t,PA_t",99.37317529948463,100.0
fg:25878,Corbin Carroll,2024,2025,139,archived_pooled_20_80,wRC+ + age + PA Ridge,"wRC+_t,age_t_t,PA_t",110.6449985935385,100.0
fg:25931,Michael Harris II,2024,2025,83,archived_pooled_20_80,wRC+ + age + PA Ridge,"wRC+_t,age_t_t,PA_t",102.65557189861354,100.0
fg:25961,Kerry Carpenter,2024,2025,115,archived_pooled_20_80,wRC+ + age + PA Ridge,"wRC+_t,age_t_t,PA_t",114.16725420387286,100.0
fg:25976,Riley Greene,2024,2025,121,archived_pooled_20_80,wRC+ + age + PA Ridge,"wRC+_t,age_t_t,PA_t",116.91374007384286,100.0
fg:26121,Francisco Alvarez,2024,2025,124,archived_pooled_20_80,wRC+ + age + PA Ridge,"wRC+_t,age_t_t,PA_t",99.65583399358434,100.0
fg:26123,Brett Baty,2024,2025,111,archived_pooled_20_80,wRC+ + age + PA Ridge,"wRC+_t,age_t_t,PA_t",86.91681722654673,100.0
fg:26151,Kyle Stowers,2024,2025,149,archived_pooled_20_80,wRC+ + age + PA Ridge,"wRC+_t,age_t_t,PA_t",82.06351553530796,100.0
fg:26197,Andrew Vaughn,2024,2025,99,archived_pooled_20_80,wRC+ + age + PA Ridge,"wRC+_t,age_t_t,PA_t",103.65942306663392,100.0
fg:26208,Tyler Fitzgerald,2024,2025,72,archived_pooled_20_80,wRC+ + age + PA Ridge,"wRC+_t,age_t_t,PA_t",106.65717376416433,100.0
fg:26224,Darell Hernaiz,2024,2025,65,archived_pooled_20_80,wRC+ + age + PA Ridge,"wRC+_t,age_t_t,PA_t",76.44274989557142,100.0
fg:26288,Adley Rutschman,2024,2025,91,archived_pooled_20_80,wRC+ + age + PA Ridge,"wRC+_t,age_t_t,PA_t",106.23660793193577,100.0
fg:26289,Gunnar Henderson,2024,2025,120,archived_pooled_20_80,wRC+ + age + PA Ridge,"wRC+_t,age_t_t,PA_t",128.42939551400244,100.0
fg:26294,Bryson Stott,2024,2025,100,archived_pooled_20_80,wRC+ + age + PA Ridge,"wRC+_t,age_t_t,PA_t",98.02855643369344,100.0
fg:26299,Josh Jung,2024,2025,91,archived_pooled_20_80,wRC+ + age + PA Ridge,"wRC+_t,age_t_t,PA_t",93.64867483046253,100.0
fg:26319,Michael Busch,2024,2025,140,archived_pooled_20_80,wRC+ + age + PA Ridge,"wRC+_t,age_t_t,PA_t",108.40921739003639,100.0
fg:26323,Spencer Steer,2024,2025,97,archived_pooled_20_80,wRC+ + age + PA Ridge,"wRC+_t,age_t_t,PA_t",104.19446068538092,100.0
fg:26368,JJ Bleday,2024,2025,90,archived_pooled_20_80,wRC+ + age + PA Ridge,"wRC+_t,age_t_t,PA_t",111.24076710738699,100.0
fg:26396,Josh Smith,2024,2025,100,archived_pooled_20_80,wRC+ + age + PA Ridge,"wRC+_t,age_t_t,PA_t",107.09595693549667,100.0
fg:26438,Dominic Canzone,2024,2025,141,archived_pooled_20_80,wRC+ + age + PA Ridge,"wRC+_t,age_t_t,PA_t",87.36523550315343,100.0
fg:26466,Matt Wallner,2024,2025,114,archived_pooled_20_80,wRC+ + age + PA Ridge,"wRC+_t,age_t_t,PA_t",111.80759357002721,100.0
fg:26467,Luis Matos,2024,2025,91,archived_pooled_20_80,wRC+ + age + PA Ridge,"wRC+_t,age_t_t,PA_t",81.2980265491806,100.0
fg:26477,Spencer Horwitz,2024,2025,119,archived_pooled_20_80,wRC+ + age + PA Ridge,"wRC+_t,age_t_t,PA_t",106.11336318552381,100.0
fg:26517,Noelvi Marte,2024,2025,101,archived_pooled_20_80,wRC+ + age + PA Ridge,"wRC+_t,age_t_t,PA_t",78.8392511500096,100.0
fg:26540,Angel Martinez,2024,2025,74,archived_pooled_20_80,wRC+ + age + PA Ridge,"wRC+_t,age_t_t,PA_t",89.45848950456647,100.0
fg:26668,Elly De La Cruz,2024,2025,109,archived_pooled_20_80,wRC+ + age + PA Ridge,"wRC+_t,age_t_t,PA_t",116.78525282466751,100.0
fg:27462,Austin Martin,2024,2025,113,archived_pooled_20_80,wRC+ + age + PA Ridge,"wRC+_t,age_t_t,PA_t",92.43431392492728,100.0
fg:27465,Spencer Torkelson,2024,2025,118,archived_pooled_20_80,wRC+ + age + PA Ridge,"wRC+_t,age_t_t,PA_t",95.65771616484477,100.0
fg:27467,Tyler Soderstrom,2024,2025,125,archived_pooled_20_80,wRC+ + age + PA Ridge,"wRC+_t,age_t_t,PA_t",100.35160262829847,100.0
fg:27475,Jordan Walker,2024,2025,66,archived_pooled_20_80,wRC+ + age + PA Ridge,"wRC+_t,age_t_t,PA_t",85.99278740314352,100.0
fg:27478,Patrick Bailey,2024,2025,70,archived_pooled_20_80,wRC+ + age + PA Ridge,"wRC+_t,age_t_t,PA_t",94.19666279529312,100.0
fg:27479,Masyn Winn,2024,2025,91,archived_pooled_20_80,wRC+ + age + PA Ridge,"wRC+_t,age_t_t,PA_t",110.01194678132732,100.0
fg:27490,Nick Gonzales,2024,2025,82,archived_pooled_20_80,wRC+ + age + PA Ridge,"wRC+_t,age_t_t,PA_t",96.84576915573054,100.0
fg:27506,Ha-seong Kim,2024,2025,82,archived_pooled_20_80,wRC+ + age + PA Ridge,"wRC+_t,age_t_t,PA_t",98.13445823151085,100.0
fg:27531,David Hamilton,2024,2025,60,archived_pooled_20_80,wRC+ + age + PA Ridge,"wRC+_t,age_t_t,PA_t",93.10223139536059,100.0
fg:27534,Edouard Julien,2024,2025,81,archived_pooled_20_80,wRC+ + age + PA Ridge,"wRC+_t,age_t_t,PA_t",89.29687313305905,100.0
fg:27562,Austin Wells,2024,2025,94,archived_pooled_20_80,wRC+ + age + PA Ridge,"wRC+_t,age_t_t,PA_t",102.02272433769218,100.0
fg:27577,Casey Schmitt,2024,2025,98,archived_pooled_20_80,wRC+ + age + PA Ridge,"wRC+_t,age_t_t,PA_t",94.05346545398463,100.0
fg:27615,Alec Burleson,2024,2025,124,archived_pooled_20_80,wRC+ + age + PA Ridge,"wRC+_t,age_t_t,PA_t",106.01710873810916,100.0
fg:27630,Nick Loftin,2024,2025,73,archived_pooled_20_80,wRC+ + age + PA Ridge,"wRC+_t,age_t_t,PA_t",75.21631303446182,100.0
fg:27647,Anthony Volpe,2024,2025,83,archived_pooled_20_80,wRC+ + age + PA Ridge,"wRC+_t,age_t_t,PA_t",104.88366974905225,100.0
fg:27676,Vinnie Pasquantino,2024,2025,116,archived_pooled_20_80,wRC+ + age + PA Ridge,"wRC+_t,age_t_t,PA_t",104.98868619132936,100.0
fg:27684,Michael Massey,2024,2025,57,archived_pooled_20_80,wRC+ + age + PA Ridge,"wRC+_t,age_t_t,PA_t",98.47456803519064,100.0
fg:27769,Pete Crow-Armstrong,2024,2025,109,archived_pooled_20_80,wRC+ + age + PA Ridge,"wRC+_t,age_t_t,PA_t",97.39704787111357,100.0
fg:27790,Evan Carter,2024,2025,107,archived_pooled_20_80,wRC+ + age + PA Ridge,"wRC+_t,age_t_t,PA_t",88.58027751293915,100.0
fg:27815,Jordan Westburg,2024,2025,115,archived_pooled_20_80,wRC+ + age + PA Ridge,"wRC+_t,age_t_t,PA_t",108.72629906458809,100.0
fg:27899,Colt Keith,2024,2025,109,archived_pooled_20_80,wRC+ + age + PA Ridge,"wRC+_t,age_t_t,PA_t",103.77170339436374,100.0
fg:28163,Junior Caminero,2024,2025,129,archived_pooled_20_80,wRC+ + age + PA Ridge,"wRC+_t,age_t_t,PA_t",98.00313259448689,100.0
fg:28806,Jackson Chourio,2024,2025,111,archived_pooled_20_80,wRC+ + age + PA Ridge,"wRC+_t,age_t_t,PA_t",114.64619195650963,100.0
fg:29490,Jackson Merrill,2024,2025,116,archived_pooled_20_80,wRC+ + age + PA Ridge,"wRC+_t,age_t_t,PA_t",118.41712723835917,100.0
fg:29518,James Wood,2024,2025,127,archived_pooled_20_80,wRC+ + age + PA Ridge,"wRC+_t,age_t_t,PA_t",106.78261965429861,100.0
fg:29575,Trey Sweeney,2024,2025,53,archived_pooled_20_80,wRC+ + age + PA Ridge,"wRC+_t,age_t_t,PA_t",85.27376317785203,100.0
fg:29576,Ben Rice,2024,2025,133,archived_pooled_20_80,wRC+ + age + PA Ridge,"wRC+_t,age_t_t,PA_t",84.07079712364067,100.0
fg:29591,Colton Cowser,2024,2025,83,archived_pooled_20_80,wRC+ + age + PA Ridge,"wRC+_t,age_t_t,PA_t",111.17455400294443,100.0
fg:29592,Connor Norby,2024,2025,90,archived_pooled_20_80,wRC+ + age + PA Ridge,"wRC+_t,age_t_t,PA_t",94.5380774221239,100.0
fg:29606,Justyn-Henry Malloy,2024,2025,92,archived_pooled_20_80,wRC+ + age + PA Ridge,"wRC+_t,age_t_t,PA_t",91.1708321919353,100.0
fg:29617,Henry Davis,2024,2025,41,archived_pooled_20_80,wRC+ + age + PA Ridge,"wRC+_t,age_t_t,PA_t",67.90380423131295,100.0
fg:29622,Sal Frelick,2024,2025,114,archived_pooled_20_80,wRC+ + age + PA Ridge,"wRC+_t,age_t_t,PA_t",99.277578746161,100.0
fg:29630,Joey Loperfido,2024,2025,148,archived_pooled_20_80,wRC+ + age + PA Ridge,"wRC+_t,age_t_t,PA_t",86.14517717195623,100.0
fg:2967,Tommy Pham,2024,2025,94,archived_pooled_20_80,wRC+ + age + PA Ridge,"wRC+_t,age_t_t,PA_t",89.25254244566189,100.0
fg:29715,Hunter Goodman,2024,2025,118,archived_pooled_20_80,wRC+ + age + PA Ridge,"wRC+_t,age_t_t,PA_t",80.99080744135253,100.0
fg:29766,Zack Gelof,2024,2025,36,archived_pooled_20_80,wRC+ + age + PA Ridge,"wRC+_t,age_t_t,PA_t",97.3790592735564,100.0
fg:29794,Kyle Manzardo,2024,2025,113,archived_pooled_20_80,wRC+ + age + PA Ridge,"wRC+_t,age_t_t,PA_t",92.43080667795661,100.0
fg:29931,Jacob Young,2024,2025,66,archived_pooled_20_80,wRC+ + age + PA Ridge,"wRC+_t,age_t_t,PA_t",97.30932795711212,100.0
fg:30011,Christian Encarnacion-Strand,2024,2025,59,archived_pooled_20_80,wRC+ + age + PA Ridge,"wRC+_t,age_t_t,PA_t",69.28679600229695,100.0
fg:30116,Seiya Suzuki,2024,2025,123,archived_pooled_20_80,wRC+ + age + PA Ridge,"wRC+_t,age_t_t,PA_t",112.7599185155787,100.0
fg:31166,Heston Kjerstad,2024,2025,57,archived_pooled_20_80,wRC+ + age + PA Ridge,"wRC+_t,age_t_t,PA_t",96.11359033306562,100.0
fg:31347,Zach Neto,2024,2025,116,archived_pooled_20_80,wRC+ + age + PA Ridge,"wRC+_t,age_t_t,PA_t",111.86440999567573,100.0
fg:31349,Victor Scott II,2024,2025,76,archived_pooled_20_80,wRC+ + age + PA Ridge,"wRC+_t,age_t_t,PA_t",73.6315954508875,100.0
fg:31394,Brooks Baldwin,2024,2025,92,archived_pooled_20_80,wRC+ + age + PA Ridge,"wRC+_t,age_t_t,PA_t",78.22131665241386,100.0
fg:31431,Jordan Beck,2024,2025,90,archived_pooled_20_80,wRC+ + age + PA Ridge,"wRC+_t,age_t_t,PA_t",71.41753755336251,100.0
fg:31595,Brooks Lee,2024,2025,81,archived_pooled_20_80,wRC+ + age + PA Ridge,"wRC+_t,age_t_t,PA_t",81.60325972960722,100.0
fg:31781,Jackson Holliday,2024,2025,96,archived_pooled_20_80,wRC+ + age + PA Ridge,"wRC+_t,age_t_t,PA_t",84.33526296889337,100.0
fg:31837,Masataka Yoshida,2024,2025,88,archived_pooled_20_80,wRC+ + age + PA Ridge,"wRC+_t,age_t_t,PA_t",100.07265543245926,100.0
fg:33189,Nolan Schanuel,2024,2025,109,archived_pooled_20_80,wRC+ + age + PA Ridge,"wRC+_t,age_t_t,PA_t",109.48874669167436,100.0
fg:33266,Jacob Wilson,2024,2025,121,archived_pooled_20_80,wRC+ + age + PA Ridge,"wRC+_t,age_t_t,PA_t",88.57830255056875,100.0
fg:33333,Wyatt Langford,2024,2025,118,archived_pooled_20_80,wRC+ + age + PA Ridge,"wRC+_t,age_t_t,PA_t",109.21749381392961,100.0
fg:33541,Dylan Crews,2024,2025,77,archived_pooled_20_80,wRC+ + age + PA Ridge,"wRC+_t,age_t_t,PA_t",87.37994431518922,100.0
fg:33824,Jung Hoo Lee,2024,2025,107,archived_pooled_20_80,wRC+ + age + PA Ridge,"wRC+_t,age_t_t,PA_t",85.67701055174282,100.0
fg:4949,Giancarlo Stanton,2024,2025,158,archived_pooled_20_80,wRC+ + age + PA Ridge,"wRC+_t,age_t_t,PA_t",98.03729521839647,100.0
fg:5235,Justin Turner,2024,2025,71,archived_pooled_20_80,wRC+ + age + PA Ridge,"wRC+_t,age_t_t,PA_t",95.66490073488544,100.0
fg:5361,Freddie Freeman,2024,2025,139,archived_pooled_20_80,wRC+ + age + PA Ridge,"wRC+_t,age_t_t,PA_t",109.61193405273639,100.0
fg:5417,Jose Altuve,2024,2025,113,archived_pooled_20_80,wRC+ + age + PA Ridge,"wRC+_t,age_t_t,PA_t",108.6951339395954,100.0
fg:5517,Kyle Higashioka,2024,2025,93,archived_pooled_20_80,wRC+ + age + PA Ridge,"wRC+_t,age_t_t,PA_t",88.87209573944992,100.0
fg:5827,Wilmer Flores,2024,2025,95,archived_pooled_20_80,wRC+ + age + PA Ridge,"wRC+_t,age_t_t,PA_t",76.9468376056466,100.0
fg:6887,Martin Maldonado,2024,2025,61,archived_pooled_20_80,wRC+ + age + PA Ridge,"wRC+_t,age_t_t,PA_t",50.58774400716177,100.0
fg:7304,Salvador Perez,2024,2025,95,archived_pooled_20_80,wRC+ + age + PA Ridge,"wRC+_t,age_t_t,PA_t",104.44770175540906,100.0
fg:7739,Travis d'Arnaud,2024,2025,64,archived_pooled_20_80,wRC+ + age + PA Ridge,"wRC+_t,age_t_t,PA_t",89.90774799649192,100.0
fg:7802,Miguel Rojas,2024,2025,100,archived_pooled_20_80,wRC+ + age + PA Ridge,"wRC+_t,age_t_t,PA_t",92.16281165567115,100.0
fg:8623,Donovan Solano,2024,2025,82,archived_pooled_20_80,wRC+ + age + PA Ridge,"wRC+_t,age_t_t,PA_t",91.99571307482266,100.0
fg:9218,Paul Goldschmidt,2024,2025,103,archived_pooled_20_80,wRC+ + age + PA Ridge,"wRC+_t,age_t_t,PA_t",96.150398058565,100.0
fg:9241,Starling Marte,2024,2025,112,archived_pooled_20_80,wRC+ + age + PA Ridge,"wRC+_t,age_t_t,PA_t",89.87441462287005,100.0
fg:9774,Christian Vazquez,2024,2025,55,archived_pooled_20_80,wRC+ + age + PA Ridge,"wRC+_t,age_t_t,PA_t",75.13032965635045,100.0
fg:9777,Nolan Arenado,2024,2025,84,archived_pooled_20_80,wRC+ + age + PA Ridge,"wRC+_t,age_t_t,PA_t",100.08581002983267,100.0
fg:9847,Andrew McCutchen,2024,2025,95,archived_pooled_20_80,wRC+ + age + PA Ridge,"wRC+_t,age_t_t,PA_t",93.32257080450596,100.0
fg:9874,DJ LeMahieu,2024,2025,95,archived_pooled_20_80,wRC+ + age + PA Ridge,"wRC+_t,age_t_t,PA_t",68.86705814025876,100.0
fg:10155,Mike Trout,2024,2025,120,archived_pooled_20_80,B2V Ridge,"ZScore_Contact_t,ZScore_Power_t,ZScore_Discipline_t,ZScore_Defense_t,ZScore_Speed_t",124.29793444233468,0.01
fg:10231,Jose Iglesias,2024,2025,73,archived_pooled_20_80,B2V Ridge,"ZScore_Contact_t,ZScore_Power_t,ZScore_Discipline_t,ZScore_Defense_t,ZScore_Speed_t",91.33551177643199,0.01
fg:10243,Randal Grichuk,2024,2025,82,archived_pooled_20_80,B2V Ridge,"ZScore_Contact_t,ZScore_Power_t,ZScore_Discipline_t,ZScore_Defense_t,ZScore_Speed_t",117.850008301193,0.01
fg:10324,Marcell Ozuna,2024,2025,114,archived_pooled_20_80,B2V Ridge,"ZScore_Contact_t,ZScore_Power_t,ZScore_Discipline_t,ZScore_Defense_t,ZScore_Speed_t",127.21987837905877,0.01
fg:10472,Enrique Hernandez,2024,2025,70,archived_pooled_20_80,B2V Ridge,"ZScore_Contact_t,ZScore_Power_t,ZScore_Discipline_t,ZScore_Defense_t,ZScore_Speed_t",94.04761825292003,0.01
fg:10681,Gio Urshela,2024,2025,68,archived_pooled_20_80,B2V Ridge,"ZScore_Contact_t,ZScore_Power_t,ZScore_Discipline_t,ZScore_Defense_t,ZScore_Speed_t",79.6764075779746,0.01
fg:10815,Jurickson Profar,2024,2025,122,archived_pooled_20_80,B2V Ridge,"ZScore_Contact_t,ZScore_Power_t,ZScore_Discipline_t,ZScore_Defense_t,ZScore_Speed_t",118.86234469710934,0.01
fg:11442,Gary Sanchez,2024,2025,100,archived_pooled_20_80,B2V Ridge,"ZScore_Contact_t,ZScore_Power_t,ZScore_Discipline_t,ZScore_Defense_t,ZScore_Speed_t",100.72032218008981,0.01
fg:11445,Mark Canha,2024,2025,49,archived_pooled_20_80,B2V Ridge,"ZScore_Contact_t,ZScore_Power_t,ZScore_Discipline_t,ZScore_Defense_t,ZScore_Speed_t",92.69811136098217,0.01
fg:11477,Christian Yelich,2024,2025,121,archived_pooled_20_80,B2V Ridge,"ZScore_Contact_t,ZScore_Power_t,ZScore_Discipline_t,ZScore_Defense_t,ZScore_Speed_t",127.45667507098078,0.01
fg:11493,Manny Machado,2024,2025,123,archived_pooled_20_80,B2V Ridge,"ZScore_Contact_t,ZScore_Power_t,ZScore_Discipline_t,ZScore_Defense_t,ZScore_Speed_t",115.92472773619976,0.01
fg:11579,Bryce Harper,2024,2025,131,archived_pooled_20_80,B2V Ridge,"ZScore_Contact_t,ZScore_Power_t,ZScore_Discipline_t,ZScore_Defense_t,ZScore_Speed_t",115.46783096952039,0.01
fg:11609,Willson Contreras,2024,2025,124,archived_pooled_20_80,B2V Ridge,"ZScore_Contact_t,ZScore_Power_t,ZScore_Discipline_t,ZScore_Defense_t,ZScore_Speed_t",109.55751295240016,0.01
fg:11680,Elias Diaz,2024,2025,74,archived_pooled_20_80,B2V Ridge,"ZScore_Contact_t,ZScore_Power_t,ZScore_Discipline_t,ZScore_Defense_t,ZScore_Speed_t",78.46174156038158,0.01
fg:11737,Nick Castellanos,2024,2025,90,archived_pooled_20_80,B2V Ridge,"ZScore_Contact_t,ZScore_Power_t,ZScore_Discipline_t,ZScore_Defense_t,ZScore_Speed_t",93.79549609580171,0.01
fg:11739,J.T. Realmuto,2024,2025,94,archived_pooled_20_80,B2V Ridge,"ZScore_Contact_t,ZScore_Power_t,ZScore_Discipline_t,ZScore_Defense_t,ZScore_Speed_t",98.90816059295108,0.01
fg:11899,Joc Pederson,2024,2025,76,archived_pooled_20_80,B2V Ridge,"ZScore_Contact_t,ZScore_Power_t,ZScore_Discipline_t,ZScore_Defense_t,ZScore_Speed_t",123.09788260075574,0.01
fg:12005,Nick Martini,2024,2025,49,archived_pooled_20_80,B2V Ridge,"ZScore_Contact_t,ZScore_Power_t,ZScore_Discipline_t,ZScore_Defense_t,ZScore_Speed_t",85.92202069601865,0.01
fg:12144,Max Kepler,2024,2025,90,archived_pooled_20_80,B2V Ridge,"ZScore_Contact_t,ZScore_Power_t,ZScore_Discipline_t,ZScore_Defense_t,ZScore_Speed_t",89.95546084815814,0.01
fg:12161,Xander Bogaerts,2024,2025,104,archived_pooled_20_80,B2V Ridge,"ZScore_Contact_t,ZScore_Power_t,ZScore_Discipline_t,ZScore_Defense_t,ZScore_Speed_t",98.11493062070883,0.01
fg:12533,Marcus Semien,2024,2025,89,archived_pooled_20_80,B2V Ridge,"ZScore_Contact_t,ZScore_Power_t,ZScore_Discipline_t,ZScore_Defense_t,ZScore_Speed_t",95.52443386179839,0.01
fg:12552,Eugenio Suarez,2024,2025,125,archived_pooled_20_80,B2V Ridge,"ZScore_Contact_t,ZScore_Power_t,ZScore_Discipline_t,ZScore_Defense_t,ZScore_Speed_t",102.54124446261646,0.01
fg:12564,Trevor Story,2024,2025,101,archived_pooled_20_80,B2V Ridge,"ZScore_Contact_t,ZScore_Power_t,ZScore_Discipline_t,ZScore_Defense_t,ZScore_Speed_t",75.16385854031564,0.01
fg:12856,George Springer,2024,2025,166,archived_pooled_20_80,B2V Ridge,"ZScore_Contact_t,ZScore_Power_t,ZScore_Discipline_t,ZScore_Defense_t,ZScore_Speed_t",100.93977065884741,0.01
fg:12859,James McCann,2024,2025,110,archived_pooled_20_80,B2V Ridge,"ZScore_Contact_t,ZScore_Power_t,ZScore_Discipline_t,ZScore_Defense_t,ZScore_Speed_t",87.3937418306119,0.01
fg:12916,Francisco Lindor,2024,2025,129,archived_pooled_20_80,B2V Ridge,"ZScore_Contact_t,ZScore_Power_t,ZScore_Discipline_t,ZScore_Defense_t,ZScore_Speed_t",120.53193990370553,0.01
fg:12927,Brandon Nimmo,2024,2025,114,archived_pooled_20_80,B2V Ridge,"ZScore_Contact_t,ZScore_Power_t,ZScore_Discipline_t,ZScore_Defense_t,ZScore_Speed_t",110.41275087735976,0.01
fg:12976,Austin Hedges,2024,2025,51,archived_pooled_20_80,B2V Ridge,"ZScore_Contact_t,ZScore_Power_t,ZScore_Discipline_t,ZScore_Defense_t,ZScore_Speed_t",49.835032154275524,0.01
fg:12979,Javier Baez,2024,2025,86,archived_pooled_20_80,B2V Ridge,"ZScore_Contact_t,ZScore_Power_t,ZScore_Discipline_t,ZScore_Defense_t,ZScore_Speed_t",77.57912462289804,0.01
fg:13066,Teoscar Hernandez,2024,2025,102,archived_pooled_20_80,B2V Ridge,"ZScore_Contact_t,ZScore_Power_t,ZScore_Discipline_t,ZScore_Defense_t,ZScore_Speed_t",114.66903216981632,0.01
fg:13145,Josh Bell,2024,2025,107,archived_pooled_20_80,B2V Ridge,"ZScore_Contact_t,ZScore_Power_t,ZScore_Discipline_t,ZScore_Defense_t,ZScore_Speed_t",97.06625035154259,0.01
fg:13152,Jorge Polanco,2024,2025,132,archived_pooled_20_80,B2V Ridge,"ZScore_Contact_t,ZScore_Power_t,ZScore_Discipline_t,ZScore_Defense_t,ZScore_Speed_t",91.2819715066513,0.01
fg:13185,Orlando Arcia,2024,2025,33,archived_pooled_20_80,B2V Ridge,"ZScore_Contact_t,ZScore_Power_t,ZScore_Discipline_t,ZScore_Defense_t,ZScore_Speed_t",80.73296360947015,0.01
fg:13324,Ildemaro Vargas,2024,2025,85,archived_pooled_20_80,B2V Ridge,"ZScore_Contact_t,ZScore_Power_t,ZScore_Discipline_t,ZScore_Defense_t,ZScore_Speed_t",87.74757985832017,0.01
fg:13419,Christian Walker,2024,2025,99,archived_pooled_20_80,B2V Ridge,"ZScore_Contact_t,ZScore_Power_t,ZScore_Discipline_t,ZScore_Defense_t,ZScore_Speed_t",109.77873276557014,0.01
fg:13510,Jose Ramirez,2024,2025,133,archived_pooled_20_80,B2V Ridge,"ZScore_Contact_t,ZScore_Power_t,ZScore_Discipline_t,ZScore_Defense_t,ZScore_Speed_t",128.70023494194277,0.01
fg:13611,Mookie Betts,2024,2025,104,archived_pooled_20_80,B2V Ridge,"ZScore_Contact_t,ZScore_Power_t,ZScore_Discipline_t,ZScore_Defense_t,ZScore_Speed_t",124.38830675613794,0.01
fg:13613,Ketel Marte,2024,2025,145,archived_pooled_20_80,B2V Ridge,"ZScore_Contact_t,ZScore_Power_t,ZScore_Discipline_t,ZScore_Defense_t,ZScore_Speed_t",139.13979422906118,0.01
fg:13620,Carson Kelly,2024,2025,115,archived_pooled_20_80,B2V Ridge,"ZScore_Contact_t,ZScore_Power_t,ZScore_Discipline_t,ZScore_Defense_t,ZScore_Speed_t",87.68132040075153,0.01
fg:13624,Corey Seager,2024,2025,138,archived_pooled_20_80,B2V Ridge,"ZScore_Contact_t,ZScore_Power_t,ZScore_Discipline_t,ZScore_Defense_t,ZScore_Speed_t",117.30177822424962,0.01
fg:13675,Tyrone Taylor,2024,2025,70,archived_pooled_20_80,B2V Ridge,"ZScore_Contact_t,ZScore_Power_t,ZScore_Discipline_t,ZScore_Defense_t,ZScore_Speed_t",90.74332019788389,0.01
fg:13723,Jacob Stallings,2024,2025,-7,archived_pooled_20_80,B2V Ridge,"ZScore_Contact_t,ZScore_Power_t,ZScore_Discipline_t,ZScore_Defense_t,ZScore_Speed_t",92.57335709034955,0.01
fg:13757,Chris Taylor,2024,2025,56,archived_pooled_20_80,B2V Ridge,"ZScore_Contact_t,ZScore_Power_t,ZScore_Discipline_t,ZScore_Defense_t,ZScore_Speed_t",77.6206838252158,0.01
fg:13770,Rob Refsnyder,2024,2025,128,archived_pooled_20_80,B2V Ridge,"ZScore_Contact_t,ZScore_Power_t,ZScore_Discipline_t,ZScore_Defense_t,ZScore_Speed_t",104.9838995707149,0.01
fg:14161,Byron Buxton,2024,2025,136,archived_pooled_20_80,B2V Ridge,"ZScore_Contact_t,ZScore_Power_t,ZScore_Discipline_t,ZScore_Defense_t,ZScore_Speed_t",108.31081533755798,0.01
fg:14162,Carlos Correa,2024,2025,106,archived_pooled_20_80,B2V Ridge,"ZScore_Contact_t,ZScore_Power_t,ZScore_Discipline_t,ZScore_Defense_t,ZScore_Speed_t",119.66576871586427,0.01
fg:14221,Jorge Soler,2024,2025,88,archived_pooled_20_80,B2V Ridge,"ZScore_Contact_t,ZScore_Power_t,ZScore_Discipline_t,ZScore_Defense_t,ZScore_Speed_t",109.36374847172473,0.01
fg:14344,Matt Olson,2024,2025,136,archived_pooled_20_80,B2V Ridge,"ZScore_Contact_t,ZScore_Power_t,ZScore_Discipline_t,ZScore_Defense_t,ZScore_Speed_t",107.008786987121,0.01
fg:14551,Anthony Santander,2024,2025,61,archived_pooled_20_80,B2V Ridge,"ZScore_Contact_t,ZScore_Power_t,ZScore_Discipline_t,ZScore_Defense_t,ZScore_Speed_t",113.72735694187166,0.01
fg:14813,Kyle Farmer,2024,2025,65,archived_pooled_20_80,B2V Ridge,"ZScore_Contact_t,ZScore_Power_t,ZScore_Discipline_t,ZScore_Defense_t,ZScore_Speed_t",81.79565367456391,0.01
fg:14854,Mike Yastrzemski,2024,2025,106,archived_pooled_20_80,B2V Ridge,"ZScore_Contact_t,ZScore_Power_t,ZScore_Discipline_t,ZScore_Defense_t,ZScore_Speed_t",101.38331977508464,0.01
fg:14968,Victor Caratini,2024,2025,104,archived_pooled_20_80,B2V Ridge,"ZScore_Contact_t,ZScore_Power_t,ZScore_Discipline_t,ZScore_Defense_t,ZScore_Speed_t",96.67129415072493,0.01
fg:15112,Ryan McMahon,2024,2025,86,archived_pooled_20_80,B2V Ridge,"ZScore_Contact_t,ZScore_Power_t,ZScore_Discipline_t,ZScore_Defense_t,ZScore_Speed_t",99.93124755760046,0.01
fg:15161,Mitch Garver,2024,2025,86,archived_pooled_20_80,B2V Ridge,"ZScore_Contact_t,ZScore_Power_t,ZScore_Discipline_t,ZScore_Defense_t,ZScore_Speed_t",89.6528492586361,0.01
fg:15194,Jake Bauers,2024,2025,114,archived_pooled_20_80,B2V Ridge,"ZScore_Contact_t,ZScore_Power_t,ZScore_Discipline_t,ZScore_Defense_t,ZScore_Speed_t",95.35223036966207,0.01
fg:15223,Adam Frazier,2024,2025,89,archived_pooled_20_80,B2V Ridge,"ZScore_Contact_t,ZScore_Power_t,ZScore_Discipline_t,ZScore_Defense_t,ZScore_Speed_t",77.7452036601957,0.01
fg:15274,Mike Tauchman,2024,2025,115,archived_pooled_20_80,B2V Ridge,"ZScore_Contact_t,ZScore_Power_t,ZScore_Discipline_t,ZScore_Defense_t,ZScore_Speed_t",101.9211025201566,0.01
fg:15362,Jeff McNeil,2024,2025,111,archived_pooled_20_80,B2V Ridge,"ZScore_Contact_t,ZScore_Power_t,ZScore_Discipline_t,ZScore_Defense_t,ZScore_Speed_t",85.38507381427769,0.01
fg:15464,Hunter Renfroe,2024,2025,32,archived_pooled_20_80,B2V Ridge,"ZScore_Contact_t,ZScore_Power_t,ZScore_Discipline_t,ZScore_Defense_t,ZScore_Speed_t",94.85977020363904,0.01
fg:15491,J.P. Crawford,2024,2025,113,archived_pooled_20_80,B2V Ridge,"ZScore_Contact_t,ZScore_Power_t,ZScore_Discipline_t,ZScore_Defense_t,ZScore_Speed_t",95.84653119215584,0.01
fg:15518,Amed Rosario,2024,2025,106,archived_pooled_20_80,B2V Ridge,"ZScore_Contact_t,ZScore_Power_t,ZScore_Discipline_t,ZScore_Defense_t,ZScore_Speed_t",82.2714590738921,0.01
fg:15640,Aaron Judge,2024,2025,204,archived_pooled_20_80,B2V Ridge,"ZScore_Contact_t,ZScore_Power_t,ZScore_Discipline_t,ZScore_Defense_t,ZScore_Speed_t",175.11851917199073,0.01
fg:15653,Dominic Smith,2024,2025,111,archived_pooled_20_80,B2V Ridge,"ZScore_Contact_t,ZScore_Power_t,ZScore_Discipline_t,ZScore_Defense_t,ZScore_Speed_t",91.58535555665436,0.01
fg:15674,Reese McGuire,2024,2025,86,archived_pooled_20_80,B2V Ridge,"ZScore_Contact_t,ZScore_Power_t,ZScore_Discipline_t,ZScore_Defense_t,ZScore_Speed_t",76.11918842296383,0.01
fg:15679,Rowdy Tellez,2024,2025,101,archived_pooled_20_80,B2V Ridge,"ZScore_Contact_t,ZScore_Power_t,ZScore_Discipline_t,ZScore_Defense_t,ZScore_Speed_t",100.73232489733603,0.01
fg:15711,Tyler O'Neill,2024,2025,91,archived_pooled_20_80,B2V Ridge,"ZScore_Contact_t,ZScore_Power_t,ZScore_Discipline_t,ZScore_Defense_t,ZScore_Speed_t",114.93157869871358,0.01
fg:15730,Tyler Wade,2024,2025,69,archived_pooled_20_80,B2V Ridge,"ZScore_Contact_t,ZScore_Power_t,ZScore_Discipline_t,ZScore_Defense_t,ZScore_Speed_t",75.58708857936085,0.01
fg:15878,Miguel Andujar,2024,2025,125,archived_pooled_20_80,B2V Ridge,"ZScore_Contact_t,ZScore_Power_t,ZScore_Discipline_t,ZScore_Defense_t,ZScore_Speed_t",87.6807121998614,0.01
fg:15905,Luis Torrens,2024,2025,79,archived_pooled_20_80,B2V Ridge,"ZScore_Contact_t,ZScore_Power_t,ZScore_Discipline_t,ZScore_Defense_t,ZScore_Speed_t",93.41645090361563,0.01
fg:15986,Willy Adames,2024,2025,108,archived_pooled_20_80,B2V Ridge,"ZScore_Contact_t,ZScore_Power_t,ZScore_Discipline_t,ZScore_Defense_t,ZScore_Speed_t",106.07092410155128,0.01
fg:15998,Cody Bellinger,2024,2025,125,archived_pooled_20_80,B2V Ridge,"ZScore_Contact_t,ZScore_Power_t,ZScore_Discipline_t,ZScore_Defense_t,ZScore_Speed_t",97.04047212653305,0.01
fg:16153,Austin Slater,2024,2025,78,archived_pooled_20_80,B2V Ridge,"ZScore_Contact_t,ZScore_Power_t,ZScore_Discipline_t,ZScore_Defense_t,ZScore_Speed_t",80.95576455345741,0.01
fg:16252,Trea Turner,2024,2025,125,archived_pooled_20_80,B2V Ridge,"ZScore_Contact_t,ZScore_Power_t,ZScore_Discipline_t,ZScore_Defense_t,ZScore_Speed_t",101.69408111428069,0.01
fg:16376,Michael Conforto,2024,2025,83,archived_pooled_20_80,B2V Ridge,"ZScore_Contact_t,ZScore_Power_t,ZScore_Discipline_t,ZScore_Defense_t,ZScore_Speed_t",109.51481247770528,0.01
fg:16426,Thairo Estrada,2024,2025,66,archived_pooled_20_80,B2V Ridge,"ZScore_Contact_t,ZScore_Power_t,ZScore_Discipline_t,ZScore_Defense_t,ZScore_Speed_t",76.05585429096176,0.01
fg:16442,Ryan O'Hearn,2024,2025,127,archived_pooled_20_80,B2V Ridge,"ZScore_Contact_t,ZScore_Power_t,ZScore_Discipline_t,ZScore_Defense_t,ZScore_Speed_t",108.57806922397862,0.01
fg:16472,Rhys Hoskins,2024,2025,109,archived_pooled_20_80,B2V Ridge,"ZScore_Contact_t,ZScore_Power_t,ZScore_Discipline_t,ZScore_Defense_t,ZScore_Speed_t",99.6722423330552,0.01
fg:16478,Kyle Schwarber,2024,2025,152,archived_pooled_20_80,B2V Ridge,"ZScore_Contact_t,ZScore_Power_t,ZScore_Discipline_t,ZScore_Defense_t,ZScore_Speed_t",129.77008177825115,0.01
fg:16505,Matt Chapman,2024,2025,118,archived_pooled_20_80,B2V Ridge,"ZScore_Contact_t,ZScore_Power_t,ZScore_Discipline_t,ZScore_Defense_t,ZScore_Speed_t",120.19797759583147,0.01
fg:16512,Isiah Kiner-Falefa,2024,2025,75,archived_pooled_20_80,B2V Ridge,"ZScore_Contact_t,ZScore_Power_t,ZScore_Discipline_t,ZScore_Defense_t,ZScore_Speed_t",88.00000393974686,0.01
fg:16530,Mauricio Dubon,2024,2025,80,archived_pooled_20_80,B2V Ridge,"ZScore_Contact_t,ZScore_Power_t,ZScore_Discipline_t,ZScore_Defense_t,ZScore_Speed_t",72.92294562151608,0.01
fg:16535,Danny Jansen,2024,2025,103,archived_pooled_20_80,B2V Ridge,"ZScore_Contact_t,ZScore_Power_t,ZScore_Discipline_t,ZScore_Defense_t,ZScore_Speed_t",90.69064427579181,0.01
fg:16556,Ozzie Albies,2024,2025,87,archived_pooled_20_80,B2V Ridge,"ZScore_Contact_t,ZScore_Power_t,ZScore_Discipline_t,ZScore_Defense_t,ZScore_Speed_t",93.50779998018972,0.01
fg:16578,Yandy Diaz,2024,2025,135,archived_pooled_20_80,B2V Ridge,"ZScore_Contact_t,ZScore_Power_t,ZScore_Discipline_t,ZScore_Defense_t,ZScore_Speed_t",117.96764643913939,0.01
fg:16622,Luis Urias,2024,2025,84,archived_pooled_20_80,B2V Ridge,"ZScore_Contact_t,ZScore_Power_t,ZScore_Discipline_t,ZScore_Defense_t,ZScore_Speed_t",87.99849363408853,0.01
fg:16725,Jose Trevino,2024,2025,66,archived_pooled_20_80,B2V Ridge,"ZScore_Contact_t,ZScore_Power_t,ZScore_Discipline_t,ZScore_Defense_t,ZScore_Speed_t",88.96668727125191,0.01
fg:16930,Jonah Heim,2024,2025,69,archived_pooled_20_80,B2V Ridge,"ZScore_Contact_t,ZScore_Power_t,ZScore_Discipline_t,ZScore_Defense_t,ZScore_Speed_t",83.01724623378243,0.01
fg:16939,Lane Thomas,2024,2025,48,archived_pooled_20_80,B2V Ridge,"ZScore_Contact_t,ZScore_Power_t,ZScore_Discipline_t,ZScore_Defense_t,ZScore_Speed_t",103.55778690825255,0.01
fg:16947,Derek Hill,2024,2025,70,archived_pooled_20_80,B2V Ridge,"ZScore_Contact_t,ZScore_Power_t,ZScore_Discipline_t,ZScore_Defense_t,ZScore_Speed_t",88.83663635504645,0.01
fg:16997,Gleyber Torres,2024,2025,113,archived_pooled_20_80,B2V Ridge,"ZScore_Contact_t,ZScore_Power_t,ZScore_Discipline_t,ZScore_Defense_t,ZScore_Speed_t",94.12151510577401,0.01
fg:17022,Edmundo Sosa,2024,2025,111,archived_pooled_20_80,B2V Ridge,"ZScore_Contact_t,ZScore_Power_t,ZScore_Discipline_t,ZScore_Defense_t,ZScore_Speed_t",89.7042248774472,0.01
fg:17027,Alex Verdugo,2024,2025,66,archived_pooled_20_80,B2V Ridge,"ZScore_Contact_t,ZScore_Power_t,ZScore_Discipline_t,ZScore_Defense_t,ZScore_Speed_t",94.8160103876131,0.01
fg:17040,Jose Herrera,2024,2025,57,archived_pooled_20_80,B2V Ridge,"ZScore_Contact_t,ZScore_Power_t,ZScore_Discipline_t,ZScore_Defense_t,ZScore_Speed_t",75.32961868612516,0.01
fg:17128,Ramon Laureano,2024,2025,138,archived_pooled_20_80,B2V Ridge,"ZScore_Contact_t,ZScore_Power_t,ZScore_Discipline_t,ZScore_Defense_t,ZScore_Speed_t",92.72158756316747,0.01
fg:17276,Alex Jackson,2024,2025,111,archived_pooled_20_80,B2V Ridge,"ZScore_Contact_t,ZScore_Power_t,ZScore_Discipline_t,ZScore_Defense_t,ZScore_Speed_t",64.77740611022745,0.01
fg:17338,Willi Castro,2024,2025,92,archived_pooled_20_80,B2V Ridge,"ZScore_Contact_t,ZScore_Power_t,ZScore_Discipline_t,ZScore_Defense_t,ZScore_Speed_t",87.6334678152814,0.01
fg:17350,Rafael Devers,2024,2025,135,archived_pooled_20_80,B2V Ridge,"ZScore_Contact_t,ZScore_Power_t,ZScore_Discipline_t,ZScore_Defense_t,ZScore_Speed_t",121.29608516398083,0.01
fg:17548,Taylor Ward,2024,2025,117,archived_pooled_20_80,B2V Ridge,"ZScore_Contact_t,ZScore_Power_t,ZScore_Discipline_t,ZScore_Defense_t,ZScore_Speed_t",104.48531250844889,0.01
fg:17678,Alex Bregman,2024,2025,125,archived_pooled_20_80,B2V Ridge,"ZScore_Contact_t,ZScore_Power_t,ZScore_Discipline_t,ZScore_Defense_t,ZScore_Speed_t",104.69591065502793,0.01
fg:17696,Kevin Newman,2024,2025,27,archived_pooled_20_80,B2V Ridge,"ZScore_Contact_t,ZScore_Power_t,ZScore_Discipline_t,ZScore_Defense_t,ZScore_Speed_t",81.89788469032588,0.01
fg:17901,Andrew Benintendi,2024,2025,103,archived_pooled_20_80,B2V Ridge,"ZScore_Contact_t,ZScore_Power_t,ZScore_Discipline_t,ZScore_Defense_t,ZScore_Speed_t",97.71074093211112,0.01
fg:17907,Brendan Rodgers,2024,2025,55,archived_pooled_20_80,B2V Ridge,"ZScore_Contact_t,ZScore_Power_t,ZScore_Discipline_t,ZScore_Defense_t,ZScore_Speed_t",94.49925314222223,0.01
fg:17919,Ian Happ,2024,2025,116,archived_pooled_20_80,B2V Ridge,"ZScore_Contact_t,ZScore_Power_t,ZScore_Discipline_t,ZScore_Defense_t,ZScore_Speed_t",112.40295302076932,0.01
fg:17929,Cedric Mullins,2024,2025,94,archived_pooled_20_80,B2V Ridge,"ZScore_Contact_t,ZScore_Power_t,ZScore_Discipline_t,ZScore_Defense_t,ZScore_Speed_t",95.60431060043675,0.01
fg:17982,Ty France,2024,2025,92,archived_pooled_20_80,B2V Ridge,"ZScore_Contact_t,ZScore_Power_t,ZScore_Discipline_t,ZScore_Defense_t,ZScore_Speed_t",90.30830252958417,0.01
fg:17988,Tyler Stephenson,2024,2025,99,archived_pooled_20_80,B2V Ridge,"ZScore_Contact_t,ZScore_Power_t,ZScore_Discipline_t,ZScore_Defense_t,ZScore_Speed_t",104.67784036237222,0.01
fg:18015,Paul DeJong,2024,2025,76,archived_pooled_20_80,B2V Ridge,"ZScore_Contact_t,ZScore_Power_t,ZScore_Discipline_t,ZScore_Defense_t,ZScore_Speed_t",80.75377954336554,0.01
fg:18030,Harrison Bader,2024,2025,122,archived_pooled_20_80,B2V Ridge,"ZScore_Contact_t,ZScore_Power_t,ZScore_Discipline_t,ZScore_Defense_t,ZScore_Speed_t",86.07328521095542,0.01
fg:18036,Jake Cronenworth,2024,2025,117,archived_pooled_20_80,B2V Ridge,"ZScore_Contact_t,ZScore_Power_t,ZScore_Discipline_t,ZScore_Defense_t,ZScore_Speed_t",104.206294769846,0.01
fg:18042,Dylan Moore,2024,2025,83,archived_pooled_20_80,B2V Ridge,"ZScore_Contact_t,ZScore_Power_t,ZScore_Discipline_t,ZScore_Defense_t,ZScore_Speed_t",97.63690890271431,0.01
fg:18126,LaMonte Wade Jr.,2024,2025,52,archived_pooled_20_80,B2V Ridge,"ZScore_Contact_t,ZScore_Power_t,ZScore_Discipline_t,ZScore_Defense_t,ZScore_Speed_t",107.79552793133647,0.01
fg:18314,Dansby Swanson,2024,2025,99,archived_pooled_20_80,B2V Ridge,"ZScore_Contact_t,ZScore_Power_t,ZScore_Discipline_t,ZScore_Defense_t,ZScore_Speed_t",95.53366612569076,0.01
fg:18345,Kyle Tucker,2024,2025,136,archived_pooled_20_80,B2V Ridge,"ZScore_Contact_t,ZScore_Power_t,ZScore_Discipline_t,ZScore_Defense_t,ZScore_Speed_t",134.21540336329568,0.01
fg:18360,Austin Riley,2024,2025,103,archived_pooled_20_80,B2V Ridge,"ZScore_Contact_t,ZScore_Power_t,ZScore_Discipline_t,ZScore_Defense_t,ZScore_Speed_t",113.31528887387691,0.01
fg:18363,Victor Robles,2024,2025,75,archived_pooled_20_80,B2V Ridge,"ZScore_Contact_t,ZScore_Power_t,ZScore_Discipline_t,ZScore_Defense_t,ZScore_Speed_t",95.82821582412575,0.01
fg:18373,Ryan Mountcastle,2024,2025,81,archived_pooled_20_80,B2V Ridge,"ZScore_Contact_t,ZScore_Power_t,ZScore_Discipline_t,ZScore_Defense_t,ZScore_Speed_t",95.9846628753377,0.01
fg:18401,Ronald Acuna Jr.,2024,2025,161,archived_pooled_20_80,B2V Ridge,"ZScore_Contact_t,ZScore_Power_t,ZScore_Discipline_t,ZScore_Defense_t,ZScore_Speed_t",108.48515812595119,0.01
fg:18564,Trent Grisham,2024,2025,129,archived_pooled_20_80,B2V Ridge,"ZScore_Contact_t,ZScore_Power_t,ZScore_Discipline_t,ZScore_Defense_t,ZScore_Speed_t",100.53881331955164,0.01
fg:18568,Luis Arraez,2024,2025,104,archived_pooled_20_80,B2V Ridge,"ZScore_Contact_t,ZScore_Power_t,ZScore_Discipline_t,ZScore_Defense_t,ZScore_Speed_t",101.5213867568522,0.01
fg:18577,Ke'Bryan Hayes,2024,2025,65,archived_pooled_20_80,B2V Ridge,"ZScore_Contact_t,ZScore_Power_t,ZScore_Discipline_t,ZScore_Defense_t,ZScore_Speed_t",87.47928988506621,0.01
fg:18795,Ramon Urias,2024,2025,87,archived_pooled_20_80,B2V Ridge,"ZScore_Contact_t,ZScore_Power_t,ZScore_Discipline_t,ZScore_Defense_t,ZScore_Speed_t",97.91048871439956,0.01
fg:18819,Andy Ibanez,2024,2025,84,archived_pooled_20_80,B2V Ridge,"ZScore_Contact_t,ZScore_Power_t,ZScore_Discipline_t,ZScore_Defense_t,ZScore_Speed_t",76.83388550818962,0.01
fg:18839,Josh Naylor,2024,2025,128,archived_pooled_20_80,B2V Ridge,"ZScore_Contact_t,ZScore_Power_t,ZScore_Discipline_t,ZScore_Defense_t,ZScore_Speed_t",106.91381253971215,0.01
fg:18882,Brandon Lowe,2024,2025,114,archived_pooled_20_80,B2V Ridge,"ZScore_Contact_t,ZScore_Power_t,ZScore_Discipline_t,ZScore_Defense_t,ZScore_Speed_t",101.9651188447058,0.01
fg:18900,Leody Taveras,2024,2025,47,archived_pooled_20_80,B2V Ridge,"ZScore_Contact_t,ZScore_Power_t,ZScore_Discipline_t,ZScore_Defense_t,ZScore_Speed_t",89.88922778895108,0.01
fg:19238,Lourdes Gurriel Jr.,2024,2025,95,archived_pooled_20_80,B2V Ridge,"ZScore_Contact_t,ZScore_Power_t,ZScore_Discipline_t,ZScore_Defense_t,ZScore_Speed_t",98.99791407738974,0.01
fg:19251,Pete Alonso,2024,2025,141,archived_pooled_20_80,B2V Ridge,"ZScore_Contact_t,ZScore_Power_t,ZScore_Discipline_t,ZScore_Defense_t,ZScore_Speed_t",116.16929099813417,0.01
fg:19260,Jake Fraley,2024,2025,97,archived_pooled_20_80,B2V Ridge,"ZScore_Contact_t,ZScore_Power_t,ZScore_Discipline_t,ZScore_Defense_t,ZScore_Speed_t",80.22743057833875,0.01
fg:19287,Adolis Garcia,2024,2025,83,archived_pooled_20_80,B2V Ridge,"ZScore_Contact_t,ZScore_Power_t,ZScore_Discipline_t,ZScore_Defense_t,ZScore_Speed_t",97.74726975282793,0.01
fg:19290,Randy Arozarena,2024,2025,120,archived_pooled_20_80,B2V Ridge,"ZScore_Contact_t,ZScore_Power_t,ZScore_Discipline_t,ZScore_Defense_t,ZScore_Speed_t",101.34991552748511,0.01
fg:19296,Alex Call,2024,2025,113,archived_pooled_20_80,B2V Ridge,"ZScore_Contact_t,ZScore_Power_t,ZScore_Discipline_t,ZScore_Defense_t,ZScore_Speed_t",103.1405572981888,0.01
fg:19318,Matt Thaiss,2024,2025,89,archived_pooled_20_80,B2V Ridge,"ZScore_Contact_t,ZScore_Power_t,ZScore_Discipline_t,ZScore_Defense_t,ZScore_Speed_t",80.50046620331685,0.01
fg:19326,Bryan Reynolds,2024,2025,99,archived_pooled_20_80,B2V Ridge,"ZScore_Contact_t,ZScore_Power_t,ZScore_Discipline_t,ZScore_Defense_t,ZScore_Speed_t",109.67088206520911,0.01
fg:19352,Sean Murphy,2024,2025,97,archived_pooled_20_80,B2V Ridge,"ZScore_Contact_t,ZScore_Power_t,ZScore_Discipline_t,ZScore_Defense_t,ZScore_Speed_t",91.27640520470536,0.01
fg:19354,Luke Raley,2024,2025,91,archived_pooled_20_80,B2V Ridge,"ZScore_Contact_t,ZScore_Power_t,ZScore_Discipline_t,ZScore_Defense_t,ZScore_Speed_t",102.15930392042425,0.01
fg:19363,Austin Hays,2024,2025,105,archived_pooled_20_80,B2V Ridge,"ZScore_Contact_t,ZScore_Power_t,ZScore_Discipline_t,ZScore_Defense_t,ZScore_Speed_t",83.42923131329245,0.01
fg:19392,Zach McKinstry,2024,2025,114,archived_pooled_20_80,B2V Ridge,"ZScore_Contact_t,ZScore_Power_t,ZScore_Discipline_t,ZScore_Defense_t,ZScore_Speed_t",88.57758465548775,0.01
fg:19452,Jake Rogers,2024,2025,70,archived_pooled_20_80,B2V Ridge,"ZScore_Contact_t,ZScore_Power_t,ZScore_Discipline_t,ZScore_Defense_t,ZScore_Speed_t",78.31559711345474,0.01
fg:19455,Andruw Monasterio,2024,2025,111,archived_pooled_20_80,B2V Ridge,"ZScore_Contact_t,ZScore_Power_t,ZScore_Discipline_t,ZScore_Defense_t,ZScore_Speed_t",87.2988975505714,0.01
fg:19470,Tommy Edman,2024,2025,81,archived_pooled_20_80,B2V Ridge,"ZScore_Contact_t,ZScore_Power_t,ZScore_Discipline_t,ZScore_Defense_t,ZScore_Speed_t",92.54640416361775,0.01
fg:19522,TJ Friedl,2024,2025,109,archived_pooled_20_80,B2V Ridge,"ZScore_Contact_t,ZScore_Power_t,ZScore_Discipline_t,ZScore_Defense_t,ZScore_Speed_t",97.57405250618422,0.01
fg:19556,Yordan Alvarez,2024,2025,118,archived_pooled_20_80,B2V Ridge,"ZScore_Contact_t,ZScore_Power_t,ZScore_Discipline_t,ZScore_Defense_t,ZScore_Speed_t",138.33669996836676,0.01
fg:19566,Nathaniel Lowe,2024,2025,91,archived_pooled_20_80,B2V Ridge,"ZScore_Contact_t,ZScore_Power_t,ZScore_Discipline_t,ZScore_Defense_t,ZScore_Speed_t",104.4633482533362,0.01
fg:19599,Chas McCormick,2024,2025,62,archived_pooled_20_80,B2V Ridge,"ZScore_Contact_t,ZScore_Power_t,ZScore_Discipline_t,ZScore_Defense_t,ZScore_Speed_t",74.58048471555988,0.01
fg:19608,Otto Lopez,2024,2025,86,archived_pooled_20_80,B2V Ridge,"ZScore_Contact_t,ZScore_Power_t,ZScore_Discipline_t,ZScore_Defense_t,ZScore_Speed_t",90.01679289828738,0.01
fg:19610,Keibert Ruiz,2024,2025,65,archived_pooled_20_80,B2V Ridge,"ZScore_Contact_t,ZScore_Power_t,ZScore_Discipline_t,ZScore_Defense_t,ZScore_Speed_t",82.79984180520637,0.01
fg:19611,Vladimir Guerrero Jr.,2024,2025,137,archived_pooled_20_80,B2V Ridge,"ZScore_Contact_t,ZScore_Power_t,ZScore_Discipline_t,ZScore_Defense_t,ZScore_Speed_t",137.54184621406722,0.01
fg:19612,Bo Bichette,2024,2025,134,archived_pooled_20_80,B2V Ridge,"ZScore_Contact_t,ZScore_Power_t,ZScore_Discipline_t,ZScore_Defense_t,ZScore_Speed_t",84.52156813832408,0.01
fg:19627,Brent Rooker,2024,2025,122,archived_pooled_20_80,B2V Ridge,"ZScore_Contact_t,ZScore_Power_t,ZScore_Discipline_t,ZScore_Defense_t,ZScore_Speed_t",123.4775116134464,0.01
fg:19709,Fernando Tatis Jr.,2024,2025,131,archived_pooled_20_80,B2V Ridge,"ZScore_Contact_t,ZScore_Power_t,ZScore_Discipline_t,ZScore_Defense_t,ZScore_Speed_t",123.11280375438142,0.01
fg:19734,Josh Rojas,2024,2025,44,archived_pooled_20_80,B2V Ridge,"ZScore_Contact_t,ZScore_Power_t,ZScore_Discipline_t,ZScore_Defense_t,ZScore_Speed_t",84.16732831381225,0.01
fg:19755,Shohei Ohtani,2024,2025,172,archived_pooled_20_80,B2V Ridge,"ZScore_Contact_t,ZScore_Power_t,ZScore_Discipline_t,ZScore_Defense_t,ZScore_Speed_t",167.86734614239634,0.01
fg:19844,Abraham Toro,2024,2025,77,archived_pooled_20_80,B2V Ridge,"ZScore_Contact_t,ZScore_Power_t,ZScore_Discipline_t,ZScore_Defense_t,ZScore_Speed_t",87.13528135684774,0.01
fg:19858,Luis Rengifo,2024,2025,73,archived_pooled_20_80,B2V Ridge,"ZScore_Contact_t,ZScore_Power_t,ZScore_Discipline_t,ZScore_Defense_t,ZScore_Speed_t",92.48301475658833,0.01
fg:19864,Riley Adams,2024,2025,57,archived_pooled_20_80,B2V Ridge,"ZScore_Contact_t,ZScore_Power_t,ZScore_Discipline_t,ZScore_Defense_t,ZScore_Speed_t",88.82512595761796,0.01
fg:19890,Emmanuel Rivera,2024,2025,64,archived_pooled_20_80,B2V Ridge,"ZScore_Contact_t,ZScore_Power_t,ZScore_Discipline_t,ZScore_Defense_t,ZScore_Speed_t",89.63522824786067,0.01
fg:19892,Pavin Smith,2024,2025,123,archived_pooled_20_80,B2V Ridge,"ZScore_Contact_t,ZScore_Power_t,ZScore_Discipline_t,ZScore_Defense_t,ZScore_Speed_t",121.81946957755022,0.01
fg:19896,Connor Wong,2024,2025,39,archived_pooled_20_80,B2V Ridge,"ZScore_Contact_t,ZScore_Power_t,ZScore_Discipline_t,ZScore_Defense_t,ZScore_Speed_t",90.40667243275513,0.01
fg:19901,Gavin Sheets,2024,2025,111,archived_pooled_20_80,B2V Ridge,"ZScore_Contact_t,ZScore_Power_t,ZScore_Discipline_t,ZScore_Defense_t,ZScore_Speed_t",88.36894106960561,0.01
fg:19913,Jesus Sanchez,2024,2025,93,archived_pooled_20_80,B2V Ridge,"ZScore_Contact_t,ZScore_Power_t,ZScore_Discipline_t,ZScore_Defense_t,ZScore_Speed_t",106.72816996660885,0.01
fg:19918,Daulton Varsho,2024,2025,123,archived_pooled_20_80,B2V Ridge,"ZScore_Contact_t,ZScore_Power_t,ZScore_Discipline_t,ZScore_Defense_t,ZScore_Speed_t",86.44194646476845,0.01
fg:19921,Blake Perkins,2024,2025,83,archived_pooled_20_80,B2V Ridge,"ZScore_Contact_t,ZScore_Power_t,ZScore_Discipline_t,ZScore_Defense_t,ZScore_Speed_t",86.10590813994082,0.01
fg:19950,Andres Gimenez,2024,2025,70,archived_pooled_20_80,B2V Ridge,"ZScore_Contact_t,ZScore_Power_t,ZScore_Discipline_t,ZScore_Defense_t,ZScore_Speed_t",75.6245473390962,0.01
fg:19953,Josh Lowe,2024,2025,79,archived_pooled_20_80,B2V Ridge,"ZScore_Contact_t,ZScore_Power_t,ZScore_Discipline_t,ZScore_Defense_t,ZScore_Speed_t",95.11821970808431,0.01
fg:19955,Gavin Lux,2024,2025,102,archived_pooled_20_80,B2V Ridge,"ZScore_Contact_t,ZScore_Power_t,ZScore_Discipline_t,ZScore_Defense_t,ZScore_Speed_t",98.15207838202758,0.01
fg:19956,Mickey Moniak,2024,2025,110,archived_pooled_20_80,B2V Ridge,"ZScore_Contact_t,ZScore_Power_t,ZScore_Discipline_t,ZScore_Defense_t,ZScore_Speed_t",81.20125899033259,0.01
fg:19997,Santiago Espinal,2024,2025,58,archived_pooled_20_80,B2V Ridge,"ZScore_Contact_t,ZScore_Power_t,ZScore_Discipline_t,ZScore_Defense_t,ZScore_Speed_t",86.58560785935367,0.01
fg:20017,Miles Mastrobuoni,2024,2025,85,archived_pooled_20_80,B2V Ridge,"ZScore_Contact_t,ZScore_Power_t,ZScore_Discipline_t,ZScore_Defense_t,ZScore_Speed_t",84.0715057122764,0.01
fg:20036,Isaac Paredes,2024,2025,128,archived_pooled_20_80,B2V Ridge,"ZScore_Contact_t,ZScore_Power_t,ZScore_Discipline_t,ZScore_Defense_t,ZScore_Speed_t",90.44730921222265,0.01
fg:20043,Luis Robert Jr.,2024,2025,84,archived_pooled_20_80,B2V Ridge,"ZScore_Contact_t,ZScore_Power_t,ZScore_Discipline_t,ZScore_Defense_t,ZScore_Speed_t",86.76170344585633,0.01
fg:20123,Juan Soto,2024,2025,156,archived_pooled_20_80,B2V Ridge,"ZScore_Contact_t,ZScore_Power_t,ZScore_Discipline_t,ZScore_Defense_t,ZScore_Speed_t",155.36688221590487,0.01
fg:20126,Dylan Carlson,2024,2025,74,archived_pooled_20_80,B2V Ridge,"ZScore_Contact_t,ZScore_Power_t,ZScore_Discipline_t,ZScore_Defense_t,ZScore_Speed_t",71.13408046282926,0.01
fg:20178,Miguel Vargas,2024,2025,101,archived_pooled_20_80,B2V Ridge,"ZScore_Contact_t,ZScore_Power_t,ZScore_Discipline_t,ZScore_Defense_t,ZScore_Speed_t",81.3254801264699,0.01
fg:20202,Brandon Marsh,2024,2025,116,archived_pooled_20_80,B2V Ridge,"ZScore_Contact_t,ZScore_Power_t,ZScore_Discipline_t,ZScore_Defense_t,ZScore_Speed_t",108.0294517699989,0.01
fg:20220,Jo Adell,2024,2025,112,archived_pooled_20_80,B2V Ridge,"ZScore_Contact_t,ZScore_Power_t,ZScore_Discipline_t,ZScore_Defense_t,ZScore_Speed_t",97.24070018834321,0.01
fg:20287,Ben Rortvedt,2024,2025,31,archived_pooled_20_80,B2V Ridge,"ZScore_Contact_t,ZScore_Power_t,ZScore_Discipline_t,ZScore_Defense_t,ZScore_Speed_t",75.01065918100058,0.01
fg:20308,Jake Meyers,2024,2025,107,archived_pooled_20_80,B2V Ridge,"ZScore_Contact_t,ZScore_Power_t,ZScore_Discipline_t,ZScore_Defense_t,ZScore_Speed_t",86.35077377786845,0.01
fg:20352,Ernie Clement,2024,2025,98,archived_pooled_20_80,B2V Ridge,"ZScore_Contact_t,ZScore_Power_t,ZScore_Discipline_t,ZScore_Defense_t,ZScore_Speed_t",83.47852488137366,0.01
fg:20437,Royce Lewis,2024,2025,85,archived_pooled_20_80,B2V Ridge,"ZScore_Contact_t,ZScore_Power_t,ZScore_Discipline_t,ZScore_Defense_t,ZScore_Speed_t",96.0191896568733,0.01
fg:20454,Jazz Chisholm Jr.,2024,2025,126,archived_pooled_20_80,B2V Ridge,"ZScore_Contact_t,ZScore_Power_t,ZScore_Discipline_t,ZScore_Defense_t,ZScore_Speed_t",105.57732819384913,0.01
fg:20503,William Contreras,2024,2025,113,archived_pooled_20_80,B2V Ridge,"ZScore_Contact_t,ZScore_Power_t,ZScore_Discipline_t,ZScore_Defense_t,ZScore_Speed_t",118.9987345844886,0.01
fg:20529,Nolan Jones,2024,2025,72,archived_pooled_20_80,B2V Ridge,"ZScore_Contact_t,ZScore_Power_t,ZScore_Discipline_t,ZScore_Defense_t,ZScore_Speed_t",92.04002013829562,0.01
fg:20572,Kody Clemens,2024,2025,95,archived_pooled_20_80,B2V Ridge,"ZScore_Contact_t,ZScore_Power_t,ZScore_Discipline_t,ZScore_Defense_t,ZScore_Speed_t",91.16864597260975,0.01
fg:20599,Ivan Herrera,2024,2025,137,archived_pooled_20_80,B2V Ridge,"ZScore_Contact_t,ZScore_Power_t,ZScore_Discipline_t,ZScore_Defense_t,ZScore_Speed_t",109.25537827024301,0.01
fg:21454,Lars Nootbaar,2024,2025,96,archived_pooled_20_80,B2V Ridge,"ZScore_Contact_t,ZScore_Power_t,ZScore_Discipline_t,ZScore_Defense_t,ZScore_Speed_t",122.9873795088329,0.01
fg:21479,Nico Hoerner,2024,2025,109,archived_pooled_20_80,B2V Ridge,"ZScore_Contact_t,ZScore_Power_t,ZScore_Discipline_t,ZScore_Defense_t,ZScore_Speed_t",96.51093683326762,0.01
fg:21501,Trevor Larnach,2024,2025,102,archived_pooled_20_80,B2V Ridge,"ZScore_Contact_t,ZScore_Power_t,ZScore_Discipline_t,ZScore_Defense_t,ZScore_Speed_t",108.35325760054312,0.01
fg:21523,Jonathan India,2024,2025,89,archived_pooled_20_80,B2V Ridge,"ZScore_Contact_t,ZScore_Power_t,ZScore_Discipline_t,ZScore_Defense_t,ZScore_Speed_t",108.30820436795007,0.01
fg:21524,Joey Bart,2024,2025,101,archived_pooled_20_80,B2V Ridge,"ZScore_Contact_t,ZScore_Power_t,ZScore_Discipline_t,ZScore_Defense_t,ZScore_Speed_t",103.38841149669858,0.01
fg:21534,Cal Raleigh,2024,2025,161,archived_pooled_20_80,B2V Ridge,"ZScore_Contact_t,ZScore_Power_t,ZScore_Discipline_t,ZScore_Defense_t,ZScore_Speed_t",98.47357757646044,0.01
fg:21538,Nick Fortes,2024,2025,80,archived_pooled_20_80,B2V Ridge,"ZScore_Contact_t,ZScore_Power_t,ZScore_Discipline_t,ZScore_Defense_t,ZScore_Speed_t",72.72213964969609,0.01
fg:21558,Matt Vierling,2024,2025,76,archived_pooled_20_80,B2V Ridge,"ZScore_Contact_t,ZScore_Power_t,ZScore_Discipline_t,ZScore_Defense_t,ZScore_Speed_t",107.71640175771634,0.01
fg:21562,Romy Gonzalez,2024,2025,123,archived_pooled_20_80,B2V Ridge,"ZScore_Contact_t,ZScore_Power_t,ZScore_Discipline_t,ZScore_Defense_t,ZScore_Speed_t",98.86885878245354,0.01
fg:21614,Kyle Isbel,2024,2025,79,archived_pooled_20_80,B2V Ridge,"ZScore_Contact_t,ZScore_Power_t,ZScore_Discipline_t,ZScore_Defense_t,ZScore_Speed_t",93.29069521283138,0.01
fg:21618,Alec Bohm,2024,2025,105,archived_pooled_20_80,B2V Ridge,"ZScore_Contact_t,ZScore_Power_t,ZScore_Discipline_t,ZScore_Defense_t,ZScore_Speed_t",105.51652160831891,0.01
fg:21622,Jake McCarthy,2024,2025,60,archived_pooled_20_80,B2V Ridge,"ZScore_Contact_t,ZScore_Power_t,ZScore_Discipline_t,ZScore_Defense_t,ZScore_Speed_t",89.85043999374183,0.01
fg:21636,Jeremy Pena,2024,2025,135,archived_pooled_20_80,B2V Ridge,"ZScore_Contact_t,ZScore_Power_t,ZScore_Discipline_t,ZScore_Defense_t,ZScore_Speed_t",91.26769477325807,0.01
fg:21693,Miguel Amaya,2024,2025,124,archived_pooled_20_80,B2V Ridge,"ZScore_Contact_t,ZScore_Power_t,ZScore_Discipline_t,ZScore_Defense_t,ZScore_Speed_t",85.35821946277974,0.01
fg:21707,Oswaldo Cabrera,2024,2025,83,archived_pooled_20_80,B2V Ridge,"ZScore_Contact_t,ZScore_Power_t,ZScore_Discipline_t,ZScore_Defense_t,ZScore_Speed_t",88.1510606493431,0.01
fg:21711,Oneil Cruz,2024,2025,86,archived_pooled_20_80,B2V Ridge,"ZScore_Contact_t,ZScore_Power_t,ZScore_Discipline_t,ZScore_Defense_t,ZScore_Speed_t",123.69402784946627,0.01
fg:21716,Enmanuel Valdez,2024,2025,82,archived_pooled_20_80,B2V Ridge,"ZScore_Contact_t,ZScore_Power_t,ZScore_Discipline_t,ZScore_Defense_t,ZScore_Speed_t",96.2130187954375,0.01
fg:21837,Jonathan Aranda,2024,2025,146,archived_pooled_20_80,B2V Ridge,"ZScore_Contact_t,ZScore_Power_t,ZScore_Discipline_t,ZScore_Defense_t,ZScore_Speed_t",109.66814809598742,0.01
fg:21840,Freddy Fermin,2024,2025,77,archived_pooled_20_80,B2V Ridge,"ZScore_Contact_t,ZScore_Power_t,ZScore_Discipline_t,ZScore_Defense_t,ZScore_Speed_t",82.37991223653334,0.01
fg:21853,Will Benson,2024,2025,85,archived_pooled_20_80,B2V Ridge,"ZScore_Contact_t,ZScore_Power_t,ZScore_Discipline_t,ZScore_Defense_t,ZScore_Speed_t",86.47127727489959,0.01
fg:21865,Bo Naylor,2024,2025,85,archived_pooled_20_80,B2V Ridge,"ZScore_Contact_t,ZScore_Power_t,ZScore_Discipline_t,ZScore_Defense_t,ZScore_Speed_t",79.57853629160641,0.01
fg:21897,Christopher Morel,2024,2025,90,archived_pooled_20_80,B2V Ridge,"ZScore_Contact_t,ZScore_Power_t,ZScore_Discipline_t,ZScore_Defense_t,ZScore_Speed_t",91.1777851163462,0.01
fg:22054,Dane Myers,2024,2025,72,archived_pooled_20_80,B2V Ridge,"ZScore_Contact_t,ZScore_Power_t,ZScore_Discipline_t,ZScore_Defense_t,ZScore_Speed_t",95.73702244530087,0.01
fg:22184,Mark Vientos,2024,2025,97,archived_pooled_20_80,B2V Ridge,"ZScore_Contact_t,ZScore_Power_t,ZScore_Discipline_t,ZScore_Defense_t,ZScore_Speed_t",108.16975561370106,0.01
fg:22186,Brice Turang,2024,2025,124,archived_pooled_20_80,B2V Ridge,"ZScore_Contact_t,ZScore_Power_t,ZScore_Discipline_t,ZScore_Defense_t,ZScore_Speed_t",95.84632105905315,0.01
fg:22244,Jack Suwinski,2024,2025,55,archived_pooled_20_80,B2V Ridge,"ZScore_Contact_t,ZScore_Power_t,ZScore_Discipline_t,ZScore_Defense_t,ZScore_Speed_t",95.1414404521834,0.01
fg:22263,Nolan Gorman,2024,2025,88,archived_pooled_20_80,B2V Ridge,"ZScore_Contact_t,ZScore_Power_t,ZScore_Discipline_t,ZScore_Defense_t,ZScore_Speed_t",88.58422294090035,0.01
fg:22266,Xavier Edwards,2024,2025,95,archived_pooled_20_80,B2V Ridge,"ZScore_Contact_t,ZScore_Power_t,ZScore_Discipline_t,ZScore_Defense_t,ZScore_Speed_t",96.79953580323027,0.01
fg:22275,Jake Burger,2024,2025,89,archived_pooled_20_80,B2V Ridge,"ZScore_Contact_t,ZScore_Power_t,ZScore_Discipline_t,ZScore_Defense_t,ZScore_Speed_t",104.46244944842708,0.01
fg:22277,Nick Allen,2024,2025,53,archived_pooled_20_80,B2V Ridge,"ZScore_Contact_t,ZScore_Power_t,ZScore_Discipline_t,ZScore_Defense_t,ZScore_Speed_t",69.38179038404772,0.01
fg:22458,Taylor Walls,2024,2025,66,archived_pooled_20_80,B2V Ridge,"ZScore_Contact_t,ZScore_Power_t,ZScore_Discipline_t,ZScore_Defense_t,ZScore_Speed_t",74.05611023515722,0.01
fg:22514,Triston Casas,2024,2025,56,archived_pooled_20_80,B2V Ridge,"ZScore_Contact_t,ZScore_Power_t,ZScore_Discipline_t,ZScore_Defense_t,ZScore_Speed_t",104.73322089189233,0.01
fg:22515,Heliot Ramos,2024,2025,106,archived_pooled_20_80,B2V Ridge,"ZScore_Contact_t,ZScore_Power_t,ZScore_Discipline_t,ZScore_Defense_t,ZScore_Speed_t",108.44515613500631,0.01
fg:22532,Tyler Freeman,2024,2025,91,archived_pooled_20_80,B2V Ridge,"ZScore_Contact_t,ZScore_Power_t,ZScore_Discipline_t,ZScore_Defense_t,ZScore_Speed_t",90.95553005106515,0.01
fg:22542,Lawrence Butler,2024,2025,96,archived_pooled_20_80,B2V Ridge,"ZScore_Contact_t,ZScore_Power_t,ZScore_Discipline_t,ZScore_Defense_t,ZScore_Speed_t",116.48000674772555,0.01
fg:22563,Gabriel Arias,2024,2025,77,archived_pooled_20_80,B2V Ridge,"ZScore_Contact_t,ZScore_Power_t,ZScore_Discipline_t,ZScore_Defense_t,ZScore_Speed_t",77.25023241955613,0.01
fg:22581,Alejandro Kirk,2024,2025,116,archived_pooled_20_80,B2V Ridge,"ZScore_Contact_t,ZScore_Power_t,ZScore_Discipline_t,ZScore_Defense_t,ZScore_Speed_t",93.24814334112068,0.01
fg:22664,Gabriel Moreno,2024,2025,117,archived_pooled_20_80,B2V Ridge,"ZScore_Contact_t,ZScore_Power_t,ZScore_Discipline_t,ZScore_Defense_t,ZScore_Speed_t",104.19623788477753,0.01
fg:22715,Maikel Garcia,2024,2025,121,archived_pooled_20_80,B2V Ridge,"ZScore_Contact_t,ZScore_Power_t,ZScore_Discipline_t,ZScore_Defense_t,ZScore_Speed_t",103.81083569533583,0.01
fg:22799,Geraldo Perdomo,2024,2025,138,archived_pooled_20_80,B2V Ridge,"ZScore_Contact_t,ZScore_Power_t,ZScore_Discipline_t,ZScore_Defense_t,ZScore_Speed_t",99.92402294139202,0.01
fg:22857,Wenceel Perez,2024,2025,103,archived_pooled_20_80,B2V Ridge,"ZScore_Contact_t,ZScore_Power_t,ZScore_Discipline_t,ZScore_Defense_t,ZScore_Speed_t",90.26270007951632,0.01
fg:22896,Lenyn Sosa,2024,2025,100,archived_pooled_20_80,B2V Ridge,"ZScore_Contact_t,ZScore_Power_t,ZScore_Discipline_t,ZScore_Defense_t,ZScore_Speed_t",88.71433718783467,0.01
fg:23003,Yainer Diaz,2024,2025,92,archived_pooled_20_80,B2V Ridge,"ZScore_Contact_t,ZScore_Power_t,ZScore_Discipline_t,ZScore_Defense_t,ZScore_Speed_t",96.99120615510822,0.01
fg:23401,Jose Caballero,2024,2025,97,archived_pooled_20_80,B2V Ridge,"ZScore_Contact_t,ZScore_Power_t,ZScore_Discipline_t,ZScore_Defense_t,ZScore_Speed_t",71.67698627284709,0.01
fg:23565,Davis Schneider,2024,2025,127,archived_pooled_20_80,B2V Ridge,"ZScore_Contact_t,ZScore_Power_t,ZScore_Discipline_t,ZScore_Defense_t,ZScore_Speed_t",87.96225527681366,0.01
fg:23690,Brayan Rocchio,2024,2025,77,archived_pooled_20_80,B2V Ridge,"ZScore_Contact_t,ZScore_Power_t,ZScore_Discipline_t,ZScore_Defense_t,ZScore_Speed_t",74.33575851969448,0.01
fg:23691,Jose Tena,2024,2025,88,archived_pooled_20_80,B2V Ridge,"ZScore_Contact_t,ZScore_Power_t,ZScore_Discipline_t,ZScore_Defense_t,ZScore_Speed_t",94.06606245166651,0.01
fg:23697,Julio Rodriguez,2024,2025,126,archived_pooled_20_80,B2V Ridge,"ZScore_Contact_t,ZScore_Power_t,ZScore_Discipline_t,ZScore_Defense_t,ZScore_Speed_t",99.82867708228586,0.01
fg:23733,Ezequiel Duran,2024,2025,57,archived_pooled_20_80,B2V Ridge,"ZScore_Contact_t,ZScore_Power_t,ZScore_Discipline_t,ZScore_Defense_t,ZScore_Speed_t",73.57682685729478,0.01
fg:23772,Wilyer Abreu,2024,2025,110,archived_pooled_20_80,B2V Ridge,"ZScore_Contact_t,ZScore_Power_t,ZScore_Discipline_t,ZScore_Defense_t,ZScore_Speed_t",104.34329433657207,0.01
fg:23789,Blaze Alexander,2024,2025,99,archived_pooled_20_80,B2V Ridge,"ZScore_Contact_t,ZScore_Power_t,ZScore_Discipline_t,ZScore_Defense_t,ZScore_Speed_t",82.92697682523321,0.01
fg:23792,Alek Thomas,2024,2025,81,archived_pooled_20_80,B2V Ridge,"ZScore_Contact_t,ZScore_Power_t,ZScore_Discipline_t,ZScore_Defense_t,ZScore_Speed_t",102.54168754415399,0.01
fg:23800,Parker Meadows,2024,2025,75,archived_pooled_20_80,B2V Ridge,"ZScore_Contact_t,ZScore_Power_t,ZScore_Discipline_t,ZScore_Defense_t,ZScore_Speed_t",91.79768760368317,0.01
fg:2396,Carlos Santana,2024,2025,82,archived_pooled_20_80,B2V Ridge,"ZScore_Contact_t,ZScore_Power_t,ZScore_Discipline_t,ZScore_Defense_t,ZScore_Speed_t",105.01013941156717,0.01
fg:23986,Curtis Mead,2024,2025,76,archived_pooled_20_80,B2V Ridge,"ZScore_Contact_t,ZScore_Power_t,ZScore_Discipline_t,ZScore_Defense_t,ZScore_Speed_t",83.37636472382101,0.01
fg:24064,Ezequiel Tovar,2024,2025,78,archived_pooled_20_80,B2V Ridge,"ZScore_Contact_t,ZScore_Power_t,ZScore_Discipline_t,ZScore_Defense_t,ZScore_Speed_t",78.64541139696755,0.01
fg:24257,Jhonkensy Noel,2024,2025,28,archived_pooled_20_80,B2V Ridge,"ZScore_Contact_t,ZScore_Power_t,ZScore_Discipline_t,ZScore_Defense_t,ZScore_Speed_t",96.04362553821552,0.01
fg:24262,Ceddanne Rafaela,2024,2025,91,archived_pooled_20_80,B2V Ridge,"ZScore_Contact_t,ZScore_Power_t,ZScore_Discipline_t,ZScore_Defense_t,ZScore_Speed_t",71.12886155508477,0.01
fg:24336,Johan Rojas,2024,2025,58,archived_pooled_20_80,B2V Ridge,"ZScore_Contact_t,ZScore_Power_t,ZScore_Discipline_t,ZScore_Defense_t,ZScore_Speed_t",78.28970824908504,0.01
fg:24488,Max Schuemann,2024,2025,62,archived_pooled_20_80,B2V Ridge,"ZScore_Contact_t,ZScore_Power_t,ZScore_Discipline_t,ZScore_Defense_t,ZScore_Speed_t",84.62627480868058,0.01
fg:24598,Addison Barger,2024,2025,107,archived_pooled_20_80,B2V Ridge,"ZScore_Contact_t,ZScore_Power_t,ZScore_Discipline_t,ZScore_Defense_t,ZScore_Speed_t",89.65274969139776,0.01
fg:24610,Steven Kwan,2024,2025,99,archived_pooled_20_80,B2V Ridge,"ZScore_Contact_t,ZScore_Power_t,ZScore_Discipline_t,ZScore_Defense_t,ZScore_Speed_t",106.95545535655165,0.01
fg:24617,Jarren Duran,2024,2025,111,archived_pooled_20_80,B2V Ridge,"ZScore_Contact_t,ZScore_Power_t,ZScore_Discipline_t,ZScore_Defense_t,ZScore_Speed_t",116.70098595078261,0.01
fg:24618,Ryan Jeffers,2024,2025,113,archived_pooled_20_80,B2V Ridge,"ZScore_Contact_t,ZScore_Power_t,ZScore_Discipline_t,ZScore_Defense_t,ZScore_Speed_t",96.9782638540205,0.01
fg:24679,Brendan Donovan,2024,2025,119,archived_pooled_20_80,B2V Ridge,"ZScore_Contact_t,ZScore_Power_t,ZScore_Discipline_t,ZScore_Defense_t,ZScore_Speed_t",103.06409691010263,0.01
fg:24703,Jonah Bride,2024,2025,23,archived_pooled_20_80,B2V Ridge,"ZScore_Contact_t,ZScore_Power_t,ZScore_Discipline_t,ZScore_Defense_t,ZScore_Speed_t",101.22841813039022,0.01
fg:24729,Logan O'Hoppe,2024,2025,72,archived_pooled_20_80,B2V Ridge,"ZScore_Contact_t,ZScore_Power_t,ZScore_Discipline_t,ZScore_Defense_t,ZScore_Speed_t",90.12581476707113,0.01
fg:24770,James Outman,2024,2025,48,archived_pooled_20_80,B2V Ridge,"ZScore_Contact_t,ZScore_Power_t,ZScore_Discipline_t,ZScore_Defense_t,ZScore_Speed_t",77.40724552823515,0.01
fg:24816,Andy Pages,2024,2025,113,archived_pooled_20_80,B2V Ridge,"ZScore_Contact_t,ZScore_Power_t,ZScore_Discipline_t,ZScore_Defense_t,ZScore_Speed_t",94.38901361629902,0.01
fg:24934,David Fry,2024,2025,63,archived_pooled_20_80,B2V Ridge,"ZScore_Contact_t,ZScore_Power_t,ZScore_Discipline_t,ZScore_Defense_t,ZScore_Speed_t",99.55032690872311,0.01
fg:25180,Daniel Schneemann,2024,2025,79,archived_pooled_20_80,B2V Ridge,"ZScore_Contact_t,ZScore_Power_t,ZScore_Discipline_t,ZScore_Defense_t,ZScore_Speed_t",84.14067984508435,0.01
fg:25479,Brenton Doyle,2024,2025,65,archived_pooled_20_80,B2V Ridge,"ZScore_Contact_t,ZScore_Power_t,ZScore_Discipline_t,ZScore_Defense_t,ZScore_Speed_t",99.85666137734748,0.01
fg:25493,Joey Ortiz,2024,2025,67,archived_pooled_20_80,B2V Ridge,"ZScore_Contact_t,ZScore_Power_t,ZScore_Discipline_t,ZScore_Defense_t,ZScore_Speed_t",99.87743631051103,0.01
fg:25764,Bobby Witt Jr.,2024,2025,130,archived_pooled_20_80,B2V Ridge,"ZScore_Contact_t,ZScore_Power_t,ZScore_Discipline_t,ZScore_Defense_t,ZScore_Speed_t",135.093333693641,0.01
fg:25768,CJ Abrams,2024,2025,107,archived_pooled_20_80,B2V Ridge,"ZScore_Contact_t,ZScore_Power_t,ZScore_Discipline_t,ZScore_Defense_t,ZScore_Speed_t",99.18075323594809,0.01
fg:25782,Pedro Pages,2024,2025,77,archived_pooled_20_80,B2V Ridge,"ZScore_Contact_t,ZScore_Power_t,ZScore_Discipline_t,ZScore_Defense_t,ZScore_Speed_t",87.02216012726586,0.01
fg:25807,Jared Triolo,2024,2025,86,archived_pooled_20_80,B2V Ridge,"ZScore_Contact_t,ZScore_Power_t,ZScore_Discipline_t,ZScore_Defense_t,ZScore_Speed_t",82.02413144005963,0.01
fg:25816,Shea Langeliers,2024,2025,132,archived_pooled_20_80,B2V Ridge,"ZScore_Contact_t,ZScore_Power_t,ZScore_Discipline_t,ZScore_Defense_t,ZScore_Speed_t",105.20234879109631,0.01
fg:25845,Michael Toglia,2024,2025,54,archived_pooled_20_80,B2V Ridge,"ZScore_Contact_t,ZScore_Power_t,ZScore_Discipline_t,ZScore_Defense_t,ZScore_Speed_t",116.21925761272014,0.01
fg:25878,Corbin Carroll,2024,2025,139,archived_pooled_20_80,B2V Ridge,"ZScore_Contact_t,ZScore_Power_t,ZScore_Discipline_t,ZScore_Defense_t,ZScore_Speed_t",116.83678582260868,0.01
fg:25931,Michael Harris II,2024,2025,83,archived_pooled_20_80,B2V Ridge,"ZScore_Contact_t,ZScore_Power_t,ZScore_Discipline_t,ZScore_Defense_t,ZScore_Speed_t",100.01307046367484,0.01
fg:25961,Kerry Carpenter,2024,2025,115,archived_pooled_20_80,B2V Ridge,"ZScore_Contact_t,ZScore_Power_t,ZScore_Discipline_t,ZScore_Defense_t,ZScore_Speed_t",111.63446190357328,0.01
fg:25976,Riley Greene,2024,2025,121,archived_pooled_20_80,B2V Ridge,"ZScore_Contact_t,ZScore_Power_t,ZScore_Discipline_t,ZScore_Defense_t,ZScore_Speed_t",117.34513088982855,0.01
fg:26121,Francisco Alvarez,2024,2025,124,archived_pooled_20_80,B2V Ridge,"ZScore_Contact_t,ZScore_Power_t,ZScore_Discipline_t,ZScore_Defense_t,ZScore_Speed_t",93.1350912957748,0.01
fg:26123,Brett Baty,2024,2025,111,archived_pooled_20_80,B2V Ridge,"ZScore_Contact_t,ZScore_Power_t,ZScore_Discipline_t,ZScore_Defense_t,ZScore_Speed_t",83.60230737913463,0.01
fg:26151,Kyle Stowers,2024,2025,149,archived_pooled_20_80,B2V Ridge,"ZScore_Contact_t,ZScore_Power_t,ZScore_Discipline_t,ZScore_Defense_t,ZScore_Speed_t",82.78650242982516,0.01
fg:26197,Andrew Vaughn,2024,2025,99,archived_pooled_20_80,B2V Ridge,"ZScore_Contact_t,ZScore_Power_t,ZScore_Discipline_t,ZScore_Defense_t,ZScore_Speed_t",99.16740432099388,0.01
fg:26208,Tyler Fitzgerald,2024,2025,72,archived_pooled_20_80,B2V Ridge,"ZScore_Contact_t,ZScore_Power_t,ZScore_Discipline_t,ZScore_Defense_t,ZScore_Speed_t",95.30279664924528,0.01
fg:26224,Darell Hernaiz,2024,2025,65,archived_pooled_20_80,B2V Ridge,"ZScore_Contact_t,ZScore_Power_t,ZScore_Discipline_t,ZScore_Defense_t,ZScore_Speed_t",77.96123195878499,0.01
fg:26288,Adley Rutschman,2024,2025,91,archived_pooled_20_80,B2V Ridge,"ZScore_Contact_t,ZScore_Power_t,ZScore_Discipline_t,ZScore_Defense_t,ZScore_Speed_t",96.3466227629317,0.01
fg:26289,Gunnar Henderson,2024,2025,120,archived_pooled_20_80,B2V Ridge,"ZScore_Contact_t,ZScore_Power_t,ZScore_Discipline_t,ZScore_Defense_t,ZScore_Speed_t",135.23192845125394,0.01
fg:26294,Bryson Stott,2024,2025,100,archived_pooled_20_80,B2V Ridge,"ZScore_Contact_t,ZScore_Power_t,ZScore_Discipline_t,ZScore_Defense_t,ZScore_Speed_t",98.75973272006702,0.01
fg:26299,Josh Jung,2024,2025,91,archived_pooled_20_80,B2V Ridge,"ZScore_Contact_t,ZScore_Power_t,ZScore_Discipline_t,ZScore_Defense_t,ZScore_Speed_t",88.12899463533452,0.01
fg:26319,Michael Busch,2024,2025,140,archived_pooled_20_80,B2V Ridge,"ZScore_Contact_t,ZScore_Power_t,ZScore_Discipline_t,ZScore_Defense_t,ZScore_Speed_t",101.24994050690228,0.01
fg:26323,Spencer Steer,2024,2025,97,archived_pooled_20_80,B2V Ridge,"ZScore_Contact_t,ZScore_Power_t,ZScore_Discipline_t,ZScore_Defense_t,ZScore_Speed_t",103.52332229175835,0.01
fg:26368,JJ Bleday,2024,2025,90,archived_pooled_20_80,B2V Ridge,"ZScore_Contact_t,ZScore_Power_t,ZScore_Discipline_t,ZScore_Defense_t,ZScore_Speed_t",101.46173133571628,0.01
fg:26396,Josh Smith,2024,2025,100,archived_pooled_20_80,B2V Ridge,"ZScore_Contact_t,ZScore_Power_t,ZScore_Discipline_t,ZScore_Defense_t,ZScore_Speed_t",91.08073437420673,0.01
fg:26438,Dominic Canzone,2024,2025,141,archived_pooled_20_80,B2V Ridge,"ZScore_Contact_t,ZScore_Power_t,ZScore_Discipline_t,ZScore_Defense_t,ZScore_Speed_t",90.39023394445996,0.01
fg:26466,Matt Wallner,2024,2025,114,archived_pooled_20_80,B2V Ridge,"ZScore_Contact_t,ZScore_Power_t,ZScore_Discipline_t,ZScore_Defense_t,ZScore_Speed_t",114.21893142662398,0.01
fg:26467,Luis Matos,2024,2025,91,archived_pooled_20_80,B2V Ridge,"ZScore_Contact_t,ZScore_Power_t,ZScore_Discipline_t,ZScore_Defense_t,ZScore_Speed_t",86.19639905234294,0.01
fg:26477,Spencer Horwitz,2024,2025,119,archived_pooled_20_80,B2V Ridge,"ZScore_Contact_t,ZScore_Power_t,ZScore_Discipline_t,ZScore_Defense_t,ZScore_Speed_t",101.05754739247665,0.01
fg:26517,Noelvi Marte,2024,2025,101,archived_pooled_20_80,B2V Ridge,"ZScore_Contact_t,ZScore_Power_t,ZScore_Discipline_t,ZScore_Defense_t,ZScore_Speed_t",76.1798343707091,0.01
fg:26540,Angel Martinez,2024,2025,74,archived_pooled_20_80,B2V Ridge,"ZScore_Contact_t,ZScore_Power_t,ZScore_Discipline_t,ZScore_Defense_t,ZScore_Speed_t",83.46647191519622,0.01
fg:26668,Elly De La Cruz,2024,2025,109,archived_pooled_20_80,B2V Ridge,"ZScore_Contact_t,ZScore_Power_t,ZScore_Discipline_t,ZScore_Defense_t,ZScore_Speed_t",115.02317985893245,0.01
fg:27462,Austin Martin,2024,2025,113,archived_pooled_20_80,B2V Ridge,"ZScore_Contact_t,ZScore_Power_t,ZScore_Discipline_t,ZScore_Defense_t,ZScore_Speed_t",91.34634903098346,0.01
fg:27465,Spencer Torkelson,2024,2025,118,archived_pooled_20_80,B2V Ridge,"ZScore_Contact_t,ZScore_Power_t,ZScore_Discipline_t,ZScore_Defense_t,ZScore_Speed_t",87.58648989434188,0.01
fg:27467,Tyler Soderstrom,2024,2025,125,archived_pooled_20_80,B2V Ridge,"ZScore_Contact_t,ZScore_Power_t,ZScore_Discipline_t,ZScore_Defense_t,ZScore_Speed_t",104.19202664165847,0.01
fg:27475,Jordan Walker,2024,2025,66,archived_pooled_20_80,B2V Ridge,"ZScore_Contact_t,ZScore_Power_t,ZScore_Discipline_t,ZScore_Defense_t,ZScore_Speed_t",92.81448723679759,0.01
fg:27478,Patrick Bailey,2024,2025,70,archived_pooled_20_80,B2V Ridge,"ZScore_Contact_t,ZScore_Power_t,ZScore_Discipline_t,ZScore_Defense_t,ZScore_Speed_t",84.63131517253252,0.01
fg:27479,Masyn Winn,2024,2025,91,archived_pooled_20_80,B2V Ridge,"ZScore_Contact_t,ZScore_Power_t,ZScore_Discipline_t,ZScore_Defense_t,ZScore_Speed_t",94.95103928896202,0.01
fg:27490,Nick Gonzales,2024,2025,82,archived_pooled_20_80,B2V Ridge,"ZScore_Contact_t,ZScore_Power_t,ZScore_Discipline_t,ZScore_Defense_t,ZScore_Speed_t",87.36000211226786,0.01
fg:27506,Ha-seong Kim,2024,2025,82,archived_pooled_20_80,B2V Ridge,"ZScore_Contact_t,ZScore_Power_t,ZScore_Discipline_t,ZScore_Defense_t,ZScore_Speed_t",104.29536359049143,0.01
fg:27531,David Hamilton,2024,2025,60,archived_pooled_20_80,B2V Ridge,"ZScore_Contact_t,ZScore_Power_t,ZScore_Discipline_t,ZScore_Defense_t,ZScore_Speed_t",93.9181965648012,0.01
fg:27534,Edouard Julien,2024,2025,81,archived_pooled_20_80,B2V Ridge,"ZScore_Contact_t,ZScore_Power_t,ZScore_Discipline_t,ZScore_Defense_t,ZScore_Speed_t",90.12167183849091,0.01
fg:27562,Austin Wells,2024,2025,94,archived_pooled_20_80,B2V Ridge,"ZScore_Contact_t,ZScore_Power_t,ZScore_Discipline_t,ZScore_Defense_t,ZScore_Speed_t",91.71716898170023,0.01
fg:27577,Casey Schmitt,2024,2025,98,archived_pooled_20_80,B2V Ridge,"ZScore_Contact_t,ZScore_Power_t,ZScore_Discipline_t,ZScore_Defense_t,ZScore_Speed_t",93.27971510756517,0.01
fg:27615,Alec Burleson,2024,2025,124,archived_pooled_20_80,B2V Ridge,"ZScore_Contact_t,ZScore_Power_t,ZScore_Discipline_t,ZScore_Defense_t,ZScore_Speed_t",101.72402319663503,0.01
fg:27630,Nick Loftin,2024,2025,73,archived_pooled_20_80,B2V Ridge,"ZScore_Contact_t,ZScore_Power_t,ZScore_Discipline_t,ZScore_Defense_t,ZScore_Speed_t",79.84724392899142,0.01
fg:27647,Anthony Volpe,2024,2025,83,archived_pooled_20_80,B2V Ridge,"ZScore_Contact_t,ZScore_Power_t,ZScore_Discipline_t,ZScore_Defense_t,ZScore_Speed_t",85.47088721893124,0.01
fg:27676,Vinnie Pasquantino,2024,2025,116,archived_pooled_20_80,B2V Ridge,"ZScore_Contact_t,ZScore_Power_t,ZScore_Discipline_t,ZScore_Defense_t,ZScore_Speed_t",111.79836790639811,0.01
fg:27684,Michael Massey,2024,2025,57,archived_pooled_20_80,B2V Ridge,"ZScore_Contact_t,ZScore_Power_t,ZScore_Discipline_t,ZScore_Defense_t,ZScore_Speed_t",98.40142936815262,0.01
fg:27769,Pete Crow-Armstrong,2024,2025,109,archived_pooled_20_80,B2V Ridge,"ZScore_Contact_t,ZScore_Power_t,ZScore_Discipline_t,ZScore_Defense_t,ZScore_Speed_t",79.73340530106763,0.01
fg:27790,Evan Carter,2024,2025,107,archived_pooled_20_80,B2V Ridge,"ZScore_Contact_t,ZScore_Power_t,ZScore_Discipline_t,ZScore_Defense_t,ZScore_Speed_t",91.4308247565889,0.01
fg:27815,Jordan Westburg,2024,2025,115,archived_pooled_20_80,B2V Ridge,"ZScore_Contact_t,ZScore_Power_t,ZScore_Discipline_t,ZScore_Defense_t,ZScore_Speed_t",107.10748742315704,0.01
fg:27899,Colt Keith,2024,2025,109,archived_pooled_20_80,B2V Ridge,"ZScore_Contact_t,ZScore_Power_t,ZScore_Discipline_t,ZScore_Defense_t,ZScore_Speed_t",90.87834477757882,0.01
fg:28163,Junior Caminero,2024,2025,129,archived_pooled_20_80,B2V Ridge,"ZScore_Contact_t,ZScore_Power_t,ZScore_Discipline_t,ZScore_Defense_t,ZScore_Speed_t",99.6538805143307,0.01
fg:28806,Jackson Chourio,2024,2025,111,archived_pooled_20_80,B2V Ridge,"ZScore_Contact_t,ZScore_Power_t,ZScore_Discipline_t,ZScore_Defense_t,ZScore_Speed_t",106.18763841316836,0.01
fg:29490,Jackson Merrill,2024,2025,116,archived_pooled_20_80,B2V Ridge,"ZScore_Contact_t,ZScore_Power_t,ZScore_Discipline_t,ZScore_Defense_t,ZScore_Speed_t",111.30776658521694,0.01
fg:29518,James Wood,2024,2025,127,archived_pooled_20_80,B2V Ridge,"ZScore_Contact_t,ZScore_Power_t,ZScore_Discipline_t,ZScore_Defense_t,ZScore_Speed_t",116.45336572631751,0.01
fg:29575,Trey Sweeney,2024,2025,53,archived_pooled_20_80,B2V Ridge,"ZScore_Contact_t,ZScore_Power_t,ZScore_Discipline_t,ZScore_Defense_t,ZScore_Speed_t",85.83090135538625,0.01
fg:29576,Ben Rice,2024,2025,133,archived_pooled_20_80,B2V Ridge,"ZScore_Contact_t,ZScore_Power_t,ZScore_Discipline_t,ZScore_Defense_t,ZScore_Speed_t",98.71309772543728,0.01
fg:29591,Colton Cowser,2024,2025,83,archived_pooled_20_80,B2V Ridge,"ZScore_Contact_t,ZScore_Power_t,ZScore_Discipline_t,ZScore_Defense_t,ZScore_Speed_t",105.22735551842881,0.01
fg:29592,Connor Norby,2024,2025,90,archived_pooled_20_80,B2V Ridge,"ZScore_Contact_t,ZScore_Power_t,ZScore_Discipline_t,ZScore_Defense_t,ZScore_Speed_t",86.49511350783055,0.01
fg:29606,Justyn-Henry Malloy,2024,2025,92,archived_pooled_20_80,B2V Ridge,"ZScore_Contact_t,ZScore_Power_t,ZScore_Discipline_t,ZScore_Defense_t,ZScore_Speed_t",84.53564363193692,0.01
fg:29617,Henry Davis,2024,2025,41,archived_pooled_20_80,B2V Ridge,"ZScore_Contact_t,ZScore_Power_t,ZScore_Discipline_t,ZScore_Defense_t,ZScore_Speed_t",69.4968436337206,0.01
fg:29622,Sal Frelick,2024,2025,114,archived_pooled_20_80,B2V Ridge,"ZScore_Contact_t,ZScore_Power_t,ZScore_Discipline_t,ZScore_Defense_t,ZScore_Speed_t",82.4961356303051,0.01
fg:29630,Joey Loperfido,2024,2025,148,archived_pooled_20_80,B2V Ridge,"ZScore_Contact_t,ZScore_Power_t,ZScore_Discipline_t,ZScore_Defense_t,ZScore_Speed_t",72.2080108141988,0.01
fg:2967,Tommy Pham,2024,2025,94,archived_pooled_20_80,B2V Ridge,"ZScore_Contact_t,ZScore_Power_t,ZScore_Discipline_t,ZScore_Defense_t,ZScore_Speed_t",101.8286132125549,0.01
fg:29715,Hunter Goodman,2024,2025,118,archived_pooled_20_80,B2V Ridge,"ZScore_Contact_t,ZScore_Power_t,ZScore_Discipline_t,ZScore_Defense_t,ZScore_Speed_t",90.55132814773488,0.01
fg:29766,Zack Gelof,2024,2025,36,archived_pooled_20_80,B2V Ridge,"ZScore_Contact_t,ZScore_Power_t,ZScore_Discipline_t,ZScore_Defense_t,ZScore_Speed_t",81.71736034324736,0.01
fg:29794,Kyle Manzardo,2024,2025,113,archived_pooled_20_80,B2V Ridge,"ZScore_Contact_t,ZScore_Power_t,ZScore_Discipline_t,ZScore_Defense_t,ZScore_Speed_t",88.58986995619232,0.01
fg:29931,Jacob Young,2024,2025,66,archived_pooled_20_80,B2V Ridge,"ZScore_Contact_t,ZScore_Power_t,ZScore_Discipline_t,ZScore_Defense_t,ZScore_Speed_t",80.82330507070674,0.01
fg:30011,Christian Encarnacion-Strand,2024,2025,59,archived_pooled_20_80,B2V Ridge,"ZScore_Contact_t,ZScore_Power_t,ZScore_Discipline_t,ZScore_Defense_t,ZScore_Speed_t",79.03329017203671,0.01
fg:30116,Seiya Suzuki,2024,2025,123,archived_pooled_20_80,B2V Ridge,"ZScore_Contact_t,ZScore_Power_t,ZScore_Discipline_t,ZScore_Defense_t,ZScore_Speed_t",121.23515286569136,0.01
fg:31166,Heston Kjerstad,2024,2025,57,archived_pooled_20_80,B2V Ridge,"ZScore_Contact_t,ZScore_Power_t,ZScore_Discipline_t,ZScore_Defense_t,ZScore_Speed_t",88.24237589045066,0.01
fg:31347,Zach Neto,2024,2025,116,archived_pooled_20_80,B2V Ridge,"ZScore_Contact_t,ZScore_Power_t,ZScore_Discipline_t,ZScore_Defense_t,ZScore_Speed_t",98.8322590821136,0.01
fg:31349,Victor Scott II,2024,2025,76,archived_pooled_20_80,B2V Ridge,"ZScore_Contact_t,ZScore_Power_t,ZScore_Discipline_t,ZScore_Defense_t,ZScore_Speed_t",76.29551692528773,0.01
fg:31394,Brooks Baldwin,2024,2025,92,archived_pooled_20_80,B2V Ridge,"ZScore_Contact_t,ZScore_Power_t,ZScore_Discipline_t,ZScore_Defense_t,ZScore_Speed_t",75.22360168204631,0.01
fg:31431,Jordan Beck,2024,2025,90,archived_pooled_20_80,B2V Ridge,"ZScore_Contact_t,ZScore_Power_t,ZScore_Discipline_t,ZScore_Defense_t,ZScore_Speed_t",73.1227562659739,0.01
fg:31595,Brooks Lee,2024,2025,81,archived_pooled_20_80,B2V Ridge,"ZScore_Contact_t,ZScore_Power_t,ZScore_Discipline_t,ZScore_Defense_t,ZScore_Speed_t",80.12592691993079,0.01
fg:31781,Jackson Holliday,2024,2025,96,archived_pooled_20_80,B2V Ridge,"ZScore_Contact_t,ZScore_Power_t,ZScore_Discipline_t,ZScore_Defense_t,ZScore_Speed_t",85.03216262317362,0.01
fg:31837,Masataka Yoshida,2024,2025,88,archived_pooled_20_80,B2V Ridge,"ZScore_Contact_t,ZScore_Power_t,ZScore_Discipline_t,ZScore_Defense_t,ZScore_Speed_t",101.7015552856427,0.01
fg:33189,Nolan Schanuel,2024,2025,109,archived_pooled_20_80,B2V Ridge,"ZScore_Contact_t,ZScore_Power_t,ZScore_Discipline_t,ZScore_Defense_t,ZScore_Speed_t",95.13766264545909,0.01
fg:33266,Jacob Wilson,2024,2025,121,archived_pooled_20_80,B2V Ridge,"ZScore_Contact_t,ZScore_Power_t,ZScore_Discipline_t,ZScore_Defense_t,ZScore_Speed_t",83.28412328962024,0.01
fg:33333,Wyatt Langford,2024,2025,118,archived_pooled_20_80,B2V Ridge,"ZScore_Contact_t,ZScore_Power_t,ZScore_Discipline_t,ZScore_Defense_t,ZScore_Speed_t",108.43624915141032,0.01
fg:33541,Dylan Crews,2024,2025,77,archived_pooled_20_80,B2V Ridge,"ZScore_Contact_t,ZScore_Power_t,ZScore_Discipline_t,ZScore_Defense_t,ZScore_Speed_t",97.17057284343583,0.01
fg:33824,Jung Hoo Lee,2024,2025,107,archived_pooled_20_80,B2V Ridge,"ZScore_Contact_t,ZScore_Power_t,ZScore_Discipline_t,ZScore_Defense_t,ZScore_Speed_t",100.60702650112063,0.01
fg:4949,Giancarlo Stanton,2024,2025,158,archived_pooled_20_80,B2V Ridge,"ZScore_Contact_t,ZScore_Power_t,ZScore_Discipline_t,ZScore_Defense_t,ZScore_Speed_t",117.41013943878164,0.01
fg:5235,Justin Turner,2024,2025,71,archived_pooled_20_80,B2V Ridge,"ZScore_Contact_t,ZScore_Power_t,ZScore_Discipline_t,ZScore_Defense_t,ZScore_Speed_t",93.33188646223061,0.01
fg:5361,Freddie Freeman,2024,2025,139,archived_pooled_20_80,B2V Ridge,"ZScore_Contact_t,ZScore_Power_t,ZScore_Discipline_t,ZScore_Defense_t,ZScore_Speed_t",116.87233040755169,0.01
fg:5417,Jose Altuve,2024,2025,113,archived_pooled_20_80,B2V Ridge,"ZScore_Contact_t,ZScore_Power_t,ZScore_Discipline_t,ZScore_Defense_t,ZScore_Speed_t",95.73711241983376,0.01
fg:5517,Kyle Higashioka,2024,2025,93,archived_pooled_20_80,B2V Ridge,"ZScore_Contact_t,ZScore_Power_t,ZScore_Discipline_t,ZScore_Defense_t,ZScore_Speed_t",94.56623908889235,0.01
fg:5827,Wilmer Flores,2024,2025,95,archived_pooled_20_80,B2V Ridge,"ZScore_Contact_t,ZScore_Power_t,ZScore_Discipline_t,ZScore_Defense_t,ZScore_Speed_t",83.5057710992546,0.01
fg:6887,Martin Maldonado,2024,2025,61,archived_pooled_20_80,B2V Ridge,"ZScore_Contact_t,ZScore_Power_t,ZScore_Discipline_t,ZScore_Defense_t,ZScore_Speed_t",67.82050999472729,0.01
fg:7304,Salvador Perez,2024,2025,95,archived_pooled_20_80,B2V Ridge,"ZScore_Contact_t,ZScore_Power_t,ZScore_Discipline_t,ZScore_Defense_t,ZScore_Speed_t",94.52315200460734,0.01
fg:7739,Travis d'Arnaud,2024,2025,64,archived_pooled_20_80,B2V Ridge,"ZScore_Contact_t,ZScore_Power_t,ZScore_Discipline_t,ZScore_Defense_t,ZScore_Speed_t",94.10776619796188,0.01
fg:7802,Miguel Rojas,2024,2025,100,archived_pooled_20_80,B2V Ridge,"ZScore_Contact_t,ZScore_Power_t,ZScore_Discipline_t,ZScore_Defense_t,ZScore_Speed_t",94.88833927954033,0.01
fg:8623,Donovan Solano,2024,2025,82,archived_pooled_20_80,B2V Ridge,"ZScore_Contact_t,ZScore_Power_t,ZScore_Discipline_t,ZScore_Defense_t,ZScore_Speed_t",89.37723562252648,0.01
fg:9218,Paul Goldschmidt,2024,2025,103,archived_pooled_20_80,B2V Ridge,"ZScore_Contact_t,ZScore_Power_t,ZScore_Discipline_t,ZScore_Defense_t,ZScore_Speed_t",105.03117826470371,0.01
fg:9241,Starling Marte,2024,2025,112,archived_pooled_20_80,B2V Ridge,"ZScore_Contact_t,ZScore_Power_t,ZScore_Discipline_t,ZScore_Defense_t,ZScore_Speed_t",102.98255520375218,0.01
fg:9774,Christian Vazquez,2024,2025,55,archived_pooled_20_80,B2V Ridge,"ZScore_Contact_t,ZScore_Power_t,ZScore_Discipline_t,ZScore_Defense_t,ZScore_Speed_t",75.93756014063077,0.01
fg:9777,Nolan Arenado,2024,2025,84,archived_pooled_20_80,B2V Ridge,"ZScore_Contact_t,ZScore_Power_t,ZScore_Discipline_t,ZScore_Defense_t,ZScore_Speed_t",86.89495341037731,0.01
fg:9847,Andrew McCutchen,2024,2025,95,archived_pooled_20_80,B2V Ridge,"ZScore_Contact_t,ZScore_Power_t,ZScore_Discipline_t,ZScore_Defense_t,ZScore_Speed_t",100.1017525043914,0.01
fg:9874,DJ LeMahieu,2024,2025,95,archived_pooled_20_80,B2V Ridge,"ZScore_Contact_t,ZScore_Power_t,ZScore_Discipline_t,ZScore_Defense_t,ZScore_Speed_t",85.37809681677328,0.01
fg:10155,Mike Trout,2024,2025,120,archived_pooled_20_80,B2V + age + PA Ridge,"ZScore_Contact_t,ZScore_Power_t,ZScore_Discipline_t,ZScore_Defense_t,ZScore_Speed_t,age_t_t,PA_t",113.18800333856404,10.0
fg:10231,Jose Iglesias,2024,2025,73,archived_pooled_20_80,B2V + age + PA Ridge,"ZScore_Contact_t,ZScore_Power_t,ZScore_Discipline_t,ZScore_Defense_t,ZScore_Speed_t,age_t_t,PA_t",83.09834821463694,10.0
fg:10243,Randal Grichuk,2024,2025,82,archived_pooled_20_80,B2V + age + PA Ridge,"ZScore_Contact_t,ZScore_Power_t,ZScore_Discipline_t,ZScore_Defense_t,ZScore_Speed_t,age_t_t,PA_t",109.19767787333627,10.0
fg:10324,Marcell Ozuna,2024,2025,114,archived_pooled_20_80,B2V + age + PA Ridge,"ZScore_Contact_t,ZScore_Power_t,ZScore_Discipline_t,ZScore_Defense_t,ZScore_Speed_t,age_t_t,PA_t",124.78617631981426,10.0
fg:10472,Enrique Hernandez,2024,2025,70,archived_pooled_20_80,B2V + age + PA Ridge,"ZScore_Contact_t,ZScore_Power_t,ZScore_Discipline_t,ZScore_Defense_t,ZScore_Speed_t,age_t_t,PA_t",89.64138412848038,10.0
fg:10681,Gio Urshela,2024,2025,68,archived_pooled_20_80,B2V + age + PA Ridge,"ZScore_Contact_t,ZScore_Power_t,ZScore_Discipline_t,ZScore_Defense_t,ZScore_Speed_t,age_t_t,PA_t",77.30509304603304,10.0
fg:10815,Jurickson Profar,2024,2025,122,archived_pooled_20_80,B2V + age + PA Ridge,"ZScore_Contact_t,ZScore_Power_t,ZScore_Discipline_t,ZScore_Defense_t,ZScore_Speed_t,age_t_t,PA_t",119.24539581940873,10.0
fg:11442,Gary Sanchez,2024,2025,100,archived_pooled_20_80,B2V + age + PA Ridge,"ZScore_Contact_t,ZScore_Power_t,ZScore_Discipline_t,ZScore_Defense_t,ZScore_Speed_t,age_t_t,PA_t",96.1294377400774,10.0
fg:11445,Mark Canha,2024,2025,49,archived_pooled_20_80,B2V + age + PA Ridge,"ZScore_Contact_t,ZScore_Power_t,ZScore_Discipline_t,ZScore_Defense_t,ZScore_Speed_t,age_t_t,PA_t",88.17981385661554,10.0
fg:11477,Christian Yelich,2024,2025,121,archived_pooled_20_80,B2V + age + PA Ridge,"ZScore_Contact_t,ZScore_Power_t,ZScore_Discipline_t,ZScore_Defense_t,ZScore_Speed_t,age_t_t,PA_t",117.83105727526488,10.0
fg:11493,Manny Machado,2024,2025,123,archived_pooled_20_80,B2V + age + PA Ridge,"ZScore_Contact_t,ZScore_Power_t,ZScore_Discipline_t,ZScore_Defense_t,ZScore_Speed_t,age_t_t,PA_t",113.7642292400661,10.0
fg:11579,Bryce Harper,2024,2025,131,archived_pooled_20_80,B2V + age + PA Ridge,"ZScore_Contact_t,ZScore_Power_t,ZScore_Discipline_t,ZScore_Defense_t,ZScore_Speed_t,age_t_t,PA_t",114.04963012767513,10.0
fg:11609,Willson Contreras,2024,2025,124,archived_pooled_20_80,B2V + age + PA Ridge,"ZScore_Contact_t,ZScore_Power_t,ZScore_Discipline_t,ZScore_Defense_t,ZScore_Speed_t,age_t_t,PA_t",105.0304248951352,10.0
fg:11680,Elias Diaz,2024,2025,74,archived_pooled_20_80,B2V + age + PA Ridge,"ZScore_Contact_t,ZScore_Power_t,ZScore_Discipline_t,ZScore_Defense_t,ZScore_Speed_t,age_t_t,PA_t",74.50550583065566,10.0
fg:11737,Nick Castellanos,2024,2025,90,archived_pooled_20_80,B2V + age + PA Ridge,"ZScore_Contact_t,ZScore_Power_t,ZScore_Discipline_t,ZScore_Defense_t,ZScore_Speed_t,age_t_t,PA_t",94.6950405807948,10.0
fg:11739,J.T. Realmuto,2024,2025,94,archived_pooled_20_80,B2V + age + PA Ridge,"ZScore_Contact_t,ZScore_Power_t,ZScore_Discipline_t,ZScore_Defense_t,ZScore_Speed_t,age_t_t,PA_t",94.60767123248367,10.0
fg:11899,Joc Pederson,2024,2025,76,archived_pooled_20_80,B2V + age + PA Ridge,"ZScore_Contact_t,ZScore_Power_t,ZScore_Discipline_t,ZScore_Defense_t,ZScore_Speed_t,age_t_t,PA_t",118.85999036733158,10.0
fg:12005,Nick Martini,2024,2025,49,archived_pooled_20_80,B2V + age + PA Ridge,"ZScore_Contact_t,ZScore_Power_t,ZScore_Discipline_t,ZScore_Defense_t,ZScore_Speed_t,age_t_t,PA_t",77.88444803100198,10.0
fg:12144,Max Kepler,2024,2025,90,archived_pooled_20_80,B2V + age + PA Ridge,"ZScore_Contact_t,ZScore_Power_t,ZScore_Discipline_t,ZScore_Defense_t,ZScore_Speed_t,age_t_t,PA_t",87.54236367540966,10.0
fg:12161,Xander Bogaerts,2024,2025,104,archived_pooled_20_80,B2V + age + PA Ridge,"ZScore_Contact_t,ZScore_Power_t,ZScore_Discipline_t,ZScore_Defense_t,ZScore_Speed_t,age_t_t,PA_t",94.25182394642333,10.0
fg:12533,Marcus Semien,2024,2025,89,archived_pooled_20_80,B2V + age + PA Ridge,"ZScore_Contact_t,ZScore_Power_t,ZScore_Discipline_t,ZScore_Defense_t,ZScore_Speed_t,age_t_t,PA_t",94.43840439145207,10.0
fg:12552,Eugenio Suarez,2024,2025,125,archived_pooled_20_80,B2V + age + PA Ridge,"ZScore_Contact_t,ZScore_Power_t,ZScore_Discipline_t,ZScore_Defense_t,ZScore_Speed_t,age_t_t,PA_t",101.33118781998117,10.0
fg:12564,Trevor Story,2024,2025,101,archived_pooled_20_80,B2V + age + PA Ridge,"ZScore_Contact_t,ZScore_Power_t,ZScore_Discipline_t,ZScore_Defense_t,ZScore_Speed_t,age_t_t,PA_t",69.66684648307367,10.0
fg:12856,George Springer,2024,2025,166,archived_pooled_20_80,B2V + age + PA Ridge,"ZScore_Contact_t,ZScore_Power_t,ZScore_Discipline_t,ZScore_Defense_t,ZScore_Speed_t,age_t_t,PA_t",97.08243272911417,10.0
fg:12859,James McCann,2024,2025,110,archived_pooled_20_80,B2V + age + PA Ridge,"ZScore_Contact_t,ZScore_Power_t,ZScore_Discipline_t,ZScore_Defense_t,ZScore_Speed_t,age_t_t,PA_t",80.69538989011428,10.0
fg:12916,Francisco Lindor,2024,2025,129,archived_pooled_20_80,B2V + age + PA Ridge,"ZScore_Contact_t,ZScore_Power_t,ZScore_Discipline_t,ZScore_Defense_t,ZScore_Speed_t,age_t_t,PA_t",118.18243224035389,10.0
fg:12927,Brandon Nimmo,2024,2025,114,archived_pooled_20_80,B2V + age + PA Ridge,"ZScore_Contact_t,ZScore_Power_t,ZScore_Discipline_t,ZScore_Defense_t,ZScore_Speed_t,age_t_t,PA_t",110.65315544501773,10.0
fg:12976,Austin Hedges,2024,2025,51,archived_pooled_20_80,B2V + age + PA Ridge,"ZScore_Contact_t,ZScore_Power_t,ZScore_Discipline_t,ZScore_Defense_t,ZScore_Speed_t,age_t_t,PA_t",47.154985406604034,10.0
fg:12979,Javier Baez,2024,2025,86,archived_pooled_20_80,B2V + age + PA Ridge,"ZScore_Contact_t,ZScore_Power_t,ZScore_Discipline_t,ZScore_Defense_t,ZScore_Speed_t,age_t_t,PA_t",73.56853633785045,10.0
fg:13066,Teoscar Hernandez,2024,2025,102,archived_pooled_20_80,B2V + age + PA Ridge,"ZScore_Contact_t,ZScore_Power_t,ZScore_Discipline_t,ZScore_Defense_t,ZScore_Speed_t,age_t_t,PA_t",113.45937191294088,10.0
fg:13145,Josh Bell,2024,2025,107,archived_pooled_20_80,B2V + age + PA Ridge,"ZScore_Contact_t,ZScore_Power_t,ZScore_Discipline_t,ZScore_Defense_t,ZScore_Speed_t,age_t_t,PA_t",98.09334217168414,10.0
fg:13152,Jorge Polanco,2024,2025,132,archived_pooled_20_80,B2V + age + PA Ridge,"ZScore_Contact_t,ZScore_Power_t,ZScore_Discipline_t,ZScore_Defense_t,ZScore_Speed_t,age_t_t,PA_t",91.60584864467732,10.0
fg:13185,Orlando Arcia,2024,2025,33,archived_pooled_20_80,B2V + age + PA Ridge,"ZScore_Contact_t,ZScore_Power_t,ZScore_Discipline_t,ZScore_Defense_t,ZScore_Speed_t,age_t_t,PA_t",84.16259147076453,10.0
fg:13324,Ildemaro Vargas,2024,2025,85,archived_pooled_20_80,B2V + age + PA Ridge,"ZScore_Contact_t,ZScore_Power_t,ZScore_Discipline_t,ZScore_Defense_t,ZScore_Speed_t,age_t_t,PA_t",82.47621276699346,10.0
fg:13419,Christian Walker,2024,2025,99,archived_pooled_20_80,B2V + age + PA Ridge,"ZScore_Contact_t,ZScore_Power_t,ZScore_Discipline_t,ZScore_Defense_t,ZScore_Speed_t,age_t_t,PA_t",107.07683879449945,10.0
fg:13510,Jose Ramirez,2024,2025,133,archived_pooled_20_80,B2V + age + PA Ridge,"ZScore_Contact_t,ZScore_Power_t,ZScore_Discipline_t,ZScore_Defense_t,ZScore_Speed_t,age_t_t,PA_t",124.23295064021859,10.0
fg:13611,Mookie Betts,2024,2025,104,archived_pooled_20_80,B2V + age + PA Ridge,"ZScore_Contact_t,ZScore_Power_t,ZScore_Discipline_t,ZScore_Defense_t,ZScore_Speed_t,age_t_t,PA_t",120.31303940307889,10.0
fg:13613,Ketel Marte,2024,2025,145,archived_pooled_20_80,B2V + age + PA Ridge,"ZScore_Contact_t,ZScore_Power_t,ZScore_Discipline_t,ZScore_Defense_t,ZScore_Speed_t,age_t_t,PA_t",134.79809079165182,10.0
fg:13620,Carson Kelly,2024,2025,115,archived_pooled_20_80,B2V + age + PA Ridge,"ZScore_Contact_t,ZScore_Power_t,ZScore_Discipline_t,ZScore_Defense_t,ZScore_Speed_t,age_t_t,PA_t",86.47403436678123,10.0
fg:13624,Corey Seager,2024,2025,138,archived_pooled_20_80,B2V + age + PA Ridge,"ZScore_Contact_t,ZScore_Power_t,ZScore_Discipline_t,ZScore_Defense_t,ZScore_Speed_t,age_t_t,PA_t",116.74647202342956,10.0
fg:13675,Tyrone Taylor,2024,2025,70,archived_pooled_20_80,B2V + age + PA Ridge,"ZScore_Contact_t,ZScore_Power_t,ZScore_Discipline_t,ZScore_Defense_t,ZScore_Speed_t,age_t_t,PA_t",87.83853475593182,10.0
fg:13723,Jacob Stallings,2024,2025,-7,archived_pooled_20_80,B2V + age + PA Ridge,"ZScore_Contact_t,ZScore_Power_t,ZScore_Discipline_t,ZScore_Defense_t,ZScore_Speed_t,age_t_t,PA_t",86.2612274791459,10.0
fg:13757,Chris Taylor,2024,2025,56,archived_pooled_20_80,B2V + age + PA Ridge,"ZScore_Contact_t,ZScore_Power_t,ZScore_Discipline_t,ZScore_Defense_t,ZScore_Speed_t,age_t_t,PA_t",73.0629078541977,10.0
fg:13770,Rob Refsnyder,2024,2025,128,archived_pooled_20_80,B2V + age + PA Ridge,"ZScore_Contact_t,ZScore_Power_t,ZScore_Discipline_t,ZScore_Defense_t,ZScore_Speed_t,age_t_t,PA_t",99.33775704283433,10.0
fg:14161,Byron Buxton,2024,2025,136,archived_pooled_20_80,B2V + age + PA Ridge,"ZScore_Contact_t,ZScore_Power_t,ZScore_Discipline_t,ZScore_Defense_t,ZScore_Speed_t,age_t_t,PA_t",103.23195297602041,10.0
fg:14162,Carlos Correa,2024,2025,106,archived_pooled_20_80,B2V + age + PA Ridge,"ZScore_Contact_t,ZScore_Power_t,ZScore_Discipline_t,ZScore_Defense_t,ZScore_Speed_t,age_t_t,PA_t",115.39434357027768,10.0
fg:14221,Jorge Soler,2024,2025,88,archived_pooled_20_80,B2V + age + PA Ridge,"ZScore_Contact_t,ZScore_Power_t,ZScore_Discipline_t,ZScore_Defense_t,ZScore_Speed_t,age_t_t,PA_t",109.36970029855485,10.0
fg:14344,Matt Olson,2024,2025,136,archived_pooled_20_80,B2V + age + PA Ridge,"ZScore_Contact_t,ZScore_Power_t,ZScore_Discipline_t,ZScore_Defense_t,ZScore_Speed_t,age_t_t,PA_t",110.11322398300896,10.0
fg:14551,Anthony Santander,2024,2025,61,archived_pooled_20_80,B2V + age + PA Ridge,"ZScore_Contact_t,ZScore_Power_t,ZScore_Discipline_t,ZScore_Defense_t,ZScore_Speed_t,age_t_t,PA_t",114.91509785052047,10.0
fg:14813,Kyle Farmer,2024,2025,65,archived_pooled_20_80,B2V + age + PA Ridge,"ZScore_Contact_t,ZScore_Power_t,ZScore_Discipline_t,ZScore_Defense_t,ZScore_Speed_t,age_t_t,PA_t",75.99451592583661,10.0
fg:14854,Mike Yastrzemski,2024,2025,106,archived_pooled_20_80,B2V + age + PA Ridge,"ZScore_Contact_t,ZScore_Power_t,ZScore_Discipline_t,ZScore_Defense_t,ZScore_Speed_t,age_t_t,PA_t",96.98995731305821,10.0
fg:14968,Victor Caratini,2024,2025,104,archived_pooled_20_80,B2V + age + PA Ridge,"ZScore_Contact_t,ZScore_Power_t,ZScore_Discipline_t,ZScore_Defense_t,ZScore_Speed_t,age_t_t,PA_t",93.03535078437984,10.0
fg:15112,Ryan McMahon,2024,2025,86,archived_pooled_20_80,B2V + age + PA Ridge,"ZScore_Contact_t,ZScore_Power_t,ZScore_Discipline_t,ZScore_Defense_t,ZScore_Speed_t,age_t_t,PA_t",102.60849042294534,10.0
fg:15161,Mitch Garver,2024,2025,86,archived_pooled_20_80,B2V + age + PA Ridge,"ZScore_Contact_t,ZScore_Power_t,ZScore_Discipline_t,ZScore_Defense_t,ZScore_Speed_t,age_t_t,PA_t",88.80854709795776,10.0
fg:15194,Jake Bauers,2024,2025,114,archived_pooled_20_80,B2V + age + PA Ridge,"ZScore_Contact_t,ZScore_Power_t,ZScore_Discipline_t,ZScore_Defense_t,ZScore_Speed_t,age_t_t,PA_t",94.53296246949616,10.0
fg:15223,Adam Frazier,2024,2025,89,archived_pooled_20_80,B2V + age + PA Ridge,"ZScore_Contact_t,ZScore_Power_t,ZScore_Discipline_t,ZScore_Defense_t,ZScore_Speed_t,age_t_t,PA_t",73.17501382878227,10.0
fg:15274,Mike Tauchman,2024,2025,115,archived_pooled_20_80,B2V + age + PA Ridge,"ZScore_Contact_t,ZScore_Power_t,ZScore_Discipline_t,ZScore_Defense_t,ZScore_Speed_t,age_t_t,PA_t",95.91896432665686,10.0
fg:15362,Jeff McNeil,2024,2025,111,archived_pooled_20_80,B2V + age + PA Ridge,"ZScore_Contact_t,ZScore_Power_t,ZScore_Discipline_t,ZScore_Defense_t,ZScore_Speed_t,age_t_t,PA_t",84.12844131418554,10.0
fg:15464,Hunter Renfroe,2024,2025,32,archived_pooled_20_80,B2V + age + PA Ridge,"ZScore_Contact_t,ZScore_Power_t,ZScore_Discipline_t,ZScore_Defense_t,ZScore_Speed_t,age_t_t,PA_t",93.15242651105723,10.0
fg:15491,J.P. Crawford,2024,2025,113,archived_pooled_20_80,B2V + age + PA Ridge,"ZScore_Contact_t,ZScore_Power_t,ZScore_Discipline_t,ZScore_Defense_t,ZScore_Speed_t,age_t_t,PA_t",96.45483325200203,10.0
fg:15518,Amed Rosario,2024,2025,106,archived_pooled_20_80,B2V + age + PA Ridge,"ZScore_Contact_t,ZScore_Power_t,ZScore_Discipline_t,ZScore_Defense_t,ZScore_Speed_t,age_t_t,PA_t",80.71116817014652,10.0
fg:15640,Aaron Judge,2024,2025,204,archived_pooled_20_80,B2V + age + PA Ridge,"ZScore_Contact_t,ZScore_Power_t,ZScore_Discipline_t,ZScore_Defense_t,ZScore_Speed_t,age_t_t,PA_t",170.00430033233746,10.0
fg:15653,Dominic Smith,2024,2025,111,archived_pooled_20_80,B2V + age + PA Ridge,"ZScore_Contact_t,ZScore_Power_t,ZScore_Discipline_t,ZScore_Defense_t,ZScore_Speed_t,age_t_t,PA_t",90.75566359662994,10.0
fg:15674,Reese McGuire,2024,2025,86,archived_pooled_20_80,B2V + age + PA Ridge,"ZScore_Contact_t,ZScore_Power_t,ZScore_Discipline_t,ZScore_Defense_t,ZScore_Speed_t,age_t_t,PA_t",73.93209180711119,10.0
fg:15679,Rowdy Tellez,2024,2025,101,archived_pooled_20_80,B2V + age + PA Ridge,"ZScore_Contact_t,ZScore_Power_t,ZScore_Discipline_t,ZScore_Defense_t,ZScore_Speed_t,age_t_t,PA_t",100.65202329417332,10.0
fg:15711,Tyler O'Neill,2024,2025,91,archived_pooled_20_80,B2V + age + PA Ridge,"ZScore_Contact_t,ZScore_Power_t,ZScore_Discipline_t,ZScore_Defense_t,ZScore_Speed_t,age_t_t,PA_t",115.01489736417338,10.0
fg:15730,Tyler Wade,2024,2025,69,archived_pooled_20_80,B2V + age + PA Ridge,"ZScore_Contact_t,ZScore_Power_t,ZScore_Discipline_t,ZScore_Defense_t,ZScore_Speed_t,age_t_t,PA_t",71.58657074687207,10.0
fg:15878,Miguel Andujar,2024,2025,125,archived_pooled_20_80,B2V + age + PA Ridge,"ZScore_Contact_t,ZScore_Power_t,ZScore_Discipline_t,ZScore_Defense_t,ZScore_Speed_t,age_t_t,PA_t",86.00342950466151,10.0
fg:15905,Luis Torrens,2024,2025,79,archived_pooled_20_80,B2V + age + PA Ridge,"ZScore_Contact_t,ZScore_Power_t,ZScore_Discipline_t,ZScore_Defense_t,ZScore_Speed_t,age_t_t,PA_t",90.02924143610856,10.0
fg:15986,Willy Adames,2024,2025,108,archived_pooled_20_80,B2V + age + PA Ridge,"ZScore_Contact_t,ZScore_Power_t,ZScore_Discipline_t,ZScore_Defense_t,ZScore_Speed_t,age_t_t,PA_t",108.70432878958074,10.0
fg:15998,Cody Bellinger,2024,2025,125,archived_pooled_20_80,B2V + age + PA Ridge,"ZScore_Contact_t,ZScore_Power_t,ZScore_Discipline_t,ZScore_Defense_t,ZScore_Speed_t,age_t_t,PA_t",98.37191084934285,10.0
fg:16153,Austin Slater,2024,2025,78,archived_pooled_20_80,B2V + age + PA Ridge,"ZScore_Contact_t,ZScore_Power_t,ZScore_Discipline_t,ZScore_Defense_t,ZScore_Speed_t,age_t_t,PA_t",77.31595260134505,10.0
fg:16252,Trea Turner,2024,2025,125,archived_pooled_20_80,B2V + age + PA Ridge,"ZScore_Contact_t,ZScore_Power_t,ZScore_Discipline_t,ZScore_Defense_t,ZScore_Speed_t,age_t_t,PA_t",99.08928525788316,10.0
fg:16376,Michael Conforto,2024,2025,83,archived_pooled_20_80,B2V + age + PA Ridge,"ZScore_Contact_t,ZScore_Power_t,ZScore_Discipline_t,ZScore_Defense_t,ZScore_Speed_t,age_t_t,PA_t",108.00750914002371,10.0
fg:16426,Thairo Estrada,2024,2025,66,archived_pooled_20_80,B2V + age + PA Ridge,"ZScore_Contact_t,ZScore_Power_t,ZScore_Discipline_t,ZScore_Defense_t,ZScore_Speed_t,age_t_t,PA_t",76.8455450645206,10.0
fg:16442,Ryan O'Hearn,2024,2025,127,archived_pooled_20_80,B2V + age + PA Ridge,"ZScore_Contact_t,ZScore_Power_t,ZScore_Discipline_t,ZScore_Defense_t,ZScore_Speed_t,age_t_t,PA_t",106.46708945169352,10.0
fg:16472,Rhys Hoskins,2024,2025,109,archived_pooled_20_80,B2V + age + PA Ridge,"ZScore_Contact_t,ZScore_Power_t,ZScore_Discipline_t,ZScore_Defense_t,ZScore_Speed_t,age_t_t,PA_t",100.55292134557043,10.0
fg:16478,Kyle Schwarber,2024,2025,152,archived_pooled_20_80,B2V + age + PA Ridge,"ZScore_Contact_t,ZScore_Power_t,ZScore_Discipline_t,ZScore_Defense_t,ZScore_Speed_t,age_t_t,PA_t",130.69632906170932,10.0
fg:16505,Matt Chapman,2024,2025,118,archived_pooled_20_80,B2V + age + PA Ridge,"ZScore_Contact_t,ZScore_Power_t,ZScore_Discipline_t,ZScore_Defense_t,ZScore_Speed_t,age_t_t,PA_t",117.8059770611172,10.0
fg:16512,Isiah Kiner-Falefa,2024,2025,75,archived_pooled_20_80,B2V + age + PA Ridge,"ZScore_Contact_t,ZScore_Power_t,ZScore_Discipline_t,ZScore_Defense_t,ZScore_Speed_t,age_t_t,PA_t",87.79501447207717,10.0
fg:16530,Mauricio Dubon,2024,2025,80,archived_pooled_20_80,B2V + age + PA Ridge,"ZScore_Contact_t,ZScore_Power_t,ZScore_Discipline_t,ZScore_Defense_t,ZScore_Speed_t,age_t_t,PA_t",72.64774568407657,10.0
fg:16535,Danny Jansen,2024,2025,103,archived_pooled_20_80,B2V + age + PA Ridge,"ZScore_Contact_t,ZScore_Power_t,ZScore_Discipline_t,ZScore_Defense_t,ZScore_Speed_t,age_t_t,PA_t",90.96110218451733,10.0
fg:16556,Ozzie Albies,2024,2025,87,archived_pooled_20_80,B2V + age + PA Ridge,"ZScore_Contact_t,ZScore_Power_t,ZScore_Discipline_t,ZScore_Defense_t,ZScore_Speed_t,age_t_t,PA_t",94.54932091236624,10.0
fg:16578,Yandy Diaz,2024,2025,135,archived_pooled_20_80,B2V + age + PA Ridge,"ZScore_Contact_t,ZScore_Power_t,ZScore_Discipline_t,ZScore_Defense_t,ZScore_Speed_t,age_t_t,PA_t",115.84373617506574,10.0
fg:16622,Luis Urias,2024,2025,84,archived_pooled_20_80,B2V + age + PA Ridge,"ZScore_Contact_t,ZScore_Power_t,ZScore_Discipline_t,ZScore_Defense_t,ZScore_Speed_t,age_t_t,PA_t",86.14175309659689,10.0
fg:16725,Jose Trevino,2024,2025,66,archived_pooled_20_80,B2V + age + PA Ridge,"ZScore_Contact_t,ZScore_Power_t,ZScore_Discipline_t,ZScore_Defense_t,ZScore_Speed_t,age_t_t,PA_t",84.02250224460506,10.0
fg:16930,Jonah Heim,2024,2025,69,archived_pooled_20_80,B2V + age + PA Ridge,"ZScore_Contact_t,ZScore_Power_t,ZScore_Discipline_t,ZScore_Defense_t,ZScore_Speed_t,age_t_t,PA_t",84.98444053434707,10.0
fg:16939,Lane Thomas,2024,2025,48,archived_pooled_20_80,B2V + age + PA Ridge,"ZScore_Contact_t,ZScore_Power_t,ZScore_Discipline_t,ZScore_Defense_t,ZScore_Speed_t,age_t_t,PA_t",103.60650484694506,10.0
fg:16947,Derek Hill,2024,2025,70,archived_pooled_20_80,B2V + age + PA Ridge,"ZScore_Contact_t,ZScore_Power_t,ZScore_Discipline_t,ZScore_Defense_t,ZScore_Speed_t,age_t_t,PA_t",84.71355711492498,10.0
fg:16997,Gleyber Torres,2024,2025,113,archived_pooled_20_80,B2V + age + PA Ridge,"ZScore_Contact_t,ZScore_Power_t,ZScore_Discipline_t,ZScore_Defense_t,ZScore_Speed_t,age_t_t,PA_t",100.1040789707861,10.0
fg:17022,Edmundo Sosa,2024,2025,111,archived_pooled_20_80,B2V + age + PA Ridge,"ZScore_Contact_t,ZScore_Power_t,ZScore_Discipline_t,ZScore_Defense_t,ZScore_Speed_t,age_t_t,PA_t",87.04413316773861,10.0
fg:17027,Alex Verdugo,2024,2025,66,archived_pooled_20_80,B2V + age + PA Ridge,"ZScore_Contact_t,ZScore_Power_t,ZScore_Discipline_t,ZScore_Defense_t,ZScore_Speed_t,age_t_t,PA_t",99.03102260636912,10.0
fg:17040,Jose Herrera,2024,2025,57,archived_pooled_20_80,B2V + age + PA Ridge,"ZScore_Contact_t,ZScore_Power_t,ZScore_Discipline_t,ZScore_Defense_t,ZScore_Speed_t,age_t_t,PA_t",74.73518779003264,10.0
fg:17128,Ramon Laureano,2024,2025,138,archived_pooled_20_80,B2V + age + PA Ridge,"ZScore_Contact_t,ZScore_Power_t,ZScore_Discipline_t,ZScore_Defense_t,ZScore_Speed_t,age_t_t,PA_t",89.91836294242657,10.0
fg:17276,Alex Jackson,2024,2025,111,archived_pooled_20_80,B2V + age + PA Ridge,"ZScore_Contact_t,ZScore_Power_t,ZScore_Discipline_t,ZScore_Defense_t,ZScore_Speed_t,age_t_t,PA_t",63.927373943831796,10.0
fg:17338,Willi Castro,2024,2025,92,archived_pooled_20_80,B2V + age + PA Ridge,"ZScore_Contact_t,ZScore_Power_t,ZScore_Discipline_t,ZScore_Defense_t,ZScore_Speed_t,age_t_t,PA_t",92.80491764004833,10.0
fg:17350,Rafael Devers,2024,2025,135,archived_pooled_20_80,B2V + age + PA Ridge,"ZScore_Contact_t,ZScore_Power_t,ZScore_Discipline_t,ZScore_Defense_t,ZScore_Speed_t,age_t_t,PA_t",122.69937983402916,10.0
fg:17548,Taylor Ward,2024,2025,117,archived_pooled_20_80,B2V + age + PA Ridge,"ZScore_Contact_t,ZScore_Power_t,ZScore_Discipline_t,ZScore_Defense_t,ZScore_Speed_t,age_t_t,PA_t",106.04947841602339,10.0
fg:17678,Alex Bregman,2024,2025,125,archived_pooled_20_80,B2V + age + PA Ridge,"ZScore_Contact_t,ZScore_Power_t,ZScore_Discipline_t,ZScore_Defense_t,ZScore_Speed_t,age_t_t,PA_t",106.20287446862133,10.0
fg:17696,Kevin Newman,2024,2025,27,archived_pooled_20_80,B2V + age + PA Ridge,"ZScore_Contact_t,ZScore_Power_t,ZScore_Discipline_t,ZScore_Defense_t,ZScore_Speed_t,age_t_t,PA_t",77.86724623775191,10.0
fg:17901,Andrew Benintendi,2024,2025,103,archived_pooled_20_80,B2V + age + PA Ridge,"ZScore_Contact_t,ZScore_Power_t,ZScore_Discipline_t,ZScore_Defense_t,ZScore_Speed_t,age_t_t,PA_t",98.55253989070299,10.0
fg:17907,Brendan Rodgers,2024,2025,55,archived_pooled_20_80,B2V + age + PA Ridge,"ZScore_Contact_t,ZScore_Power_t,ZScore_Discipline_t,ZScore_Defense_t,ZScore_Speed_t,age_t_t,PA_t",97.03334057005435,10.0
fg:17919,Ian Happ,2024,2025,116,archived_pooled_20_80,B2V + age + PA Ridge,"ZScore_Contact_t,ZScore_Power_t,ZScore_Discipline_t,ZScore_Defense_t,ZScore_Speed_t,age_t_t,PA_t",113.61314661185098,10.0
fg:17929,Cedric Mullins,2024,2025,94,archived_pooled_20_80,B2V + age + PA Ridge,"ZScore_Contact_t,ZScore_Power_t,ZScore_Discipline_t,ZScore_Defense_t,ZScore_Speed_t,age_t_t,PA_t",94.2877960583495,10.0
fg:17982,Ty France,2024,2025,92,archived_pooled_20_80,B2V + age + PA Ridge,"ZScore_Contact_t,ZScore_Power_t,ZScore_Discipline_t,ZScore_Defense_t,ZScore_Speed_t,age_t_t,PA_t",92.4345662570992,10.0
fg:17988,Tyler Stephenson,2024,2025,99,archived_pooled_20_80,B2V + age + PA Ridge,"ZScore_Contact_t,ZScore_Power_t,ZScore_Discipline_t,ZScore_Defense_t,ZScore_Speed_t,age_t_t,PA_t",106.94497031375049,10.0
fg:18015,Paul DeJong,2024,2025,76,archived_pooled_20_80,B2V + age + PA Ridge,"ZScore_Contact_t,ZScore_Power_t,ZScore_Discipline_t,ZScore_Defense_t,ZScore_Speed_t,age_t_t,PA_t",81.27865555614619,10.0
fg:18030,Harrison Bader,2024,2025,122,archived_pooled_20_80,B2V + age + PA Ridge,"ZScore_Contact_t,ZScore_Power_t,ZScore_Discipline_t,ZScore_Defense_t,ZScore_Speed_t,age_t_t,PA_t",85.54142961627885,10.0
fg:18036,Jake Cronenworth,2024,2025,117,archived_pooled_20_80,B2V + age + PA Ridge,"ZScore_Contact_t,ZScore_Power_t,ZScore_Discipline_t,ZScore_Defense_t,ZScore_Speed_t,age_t_t,PA_t",105.91023562357127,10.0
fg:18042,Dylan Moore,2024,2025,83,archived_pooled_20_80,B2V + age + PA Ridge,"ZScore_Contact_t,ZScore_Power_t,ZScore_Discipline_t,ZScore_Defense_t,ZScore_Speed_t,age_t_t,PA_t",94.38695126353704,10.0
fg:18126,LaMonte Wade Jr.,2024,2025,52,archived_pooled_20_80,B2V + age + PA Ridge,"ZScore_Contact_t,ZScore_Power_t,ZScore_Discipline_t,ZScore_Defense_t,ZScore_Speed_t,age_t_t,PA_t",106.6779082237658,10.0
fg:18314,Dansby Swanson,2024,2025,99,archived_pooled_20_80,B2V + age + PA Ridge,"ZScore_Contact_t,ZScore_Power_t,ZScore_Discipline_t,ZScore_Defense_t,ZScore_Speed_t,age_t_t,PA_t",95.7456550167897,10.0
fg:18345,Kyle Tucker,2024,2025,136,archived_pooled_20_80,B2V + age + PA Ridge,"ZScore_Contact_t,ZScore_Power_t,ZScore_Discipline_t,ZScore_Defense_t,ZScore_Speed_t,age_t_t,PA_t",131.682994777528,10.0
fg:18360,Austin Riley,2024,2025,103,archived_pooled_20_80,B2V + age + PA Ridge,"ZScore_Contact_t,ZScore_Power_t,ZScore_Discipline_t,ZScore_Defense_t,ZScore_Speed_t,age_t_t,PA_t",114.14494577345985,10.0
fg:18363,Victor Robles,2024,2025,75,archived_pooled_20_80,B2V + age + PA Ridge,"ZScore_Contact_t,ZScore_Power_t,ZScore_Discipline_t,ZScore_Defense_t,ZScore_Speed_t,age_t_t,PA_t",93.06793538853928,10.0
fg:18373,Ryan Mountcastle,2024,2025,81,archived_pooled_20_80,B2V + age + PA Ridge,"ZScore_Contact_t,ZScore_Power_t,ZScore_Discipline_t,ZScore_Defense_t,ZScore_Speed_t,age_t_t,PA_t",98.46436541703424,10.0
fg:18401,Ronald Acuna Jr.,2024,2025,161,archived_pooled_20_80,B2V + age + PA Ridge,"ZScore_Contact_t,ZScore_Power_t,ZScore_Discipline_t,ZScore_Defense_t,ZScore_Speed_t,age_t_t,PA_t",105.48547294189973,10.0
fg:18564,Trent Grisham,2024,2025,129,archived_pooled_20_80,B2V + age + PA Ridge,"ZScore_Contact_t,ZScore_Power_t,ZScore_Discipline_t,ZScore_Defense_t,ZScore_Speed_t,age_t_t,PA_t",99.26056550125347,10.0
fg:18568,Luis Arraez,2024,2025,104,archived_pooled_20_80,B2V + age + PA Ridge,"ZScore_Contact_t,ZScore_Power_t,ZScore_Discipline_t,ZScore_Defense_t,ZScore_Speed_t,age_t_t,PA_t",105.11435445163303,10.0
fg:18577,Ke'Bryan Hayes,2024,2025,65,archived_pooled_20_80,B2V + age + PA Ridge,"ZScore_Contact_t,ZScore_Power_t,ZScore_Discipline_t,ZScore_Defense_t,ZScore_Speed_t,age_t_t,PA_t",88.45494513463638,10.0
fg:18795,Ramon Urias,2024,2025,87,archived_pooled_20_80,B2V + age + PA Ridge,"ZScore_Contact_t,ZScore_Power_t,ZScore_Discipline_t,ZScore_Defense_t,ZScore_Speed_t,age_t_t,PA_t",94.97907924339205,10.0
fg:18819,Andy Ibanez,2024,2025,84,archived_pooled_20_80,B2V + age + PA Ridge,"ZScore_Contact_t,ZScore_Power_t,ZScore_Discipline_t,ZScore_Defense_t,ZScore_Speed_t,age_t_t,PA_t",73.58245033848418,10.0
fg:18839,Josh Naylor,2024,2025,128,archived_pooled_20_80,B2V + age + PA Ridge,"ZScore_Contact_t,ZScore_Power_t,ZScore_Discipline_t,ZScore_Defense_t,ZScore_Speed_t,age_t_t,PA_t",111.15523269409921,10.0
fg:18882,Brandon Lowe,2024,2025,114,archived_pooled_20_80,B2V + age + PA Ridge,"ZScore_Contact_t,ZScore_Power_t,ZScore_Discipline_t,ZScore_Defense_t,ZScore_Speed_t,age_t_t,PA_t",99.8003240703894,10.0
fg:18900,Leody Taveras,2024,2025,47,archived_pooled_20_80,B2V + age + PA Ridge,"ZScore_Contact_t,ZScore_Power_t,ZScore_Discipline_t,ZScore_Defense_t,ZScore_Speed_t,age_t_t,PA_t",93.89597769390984,10.0
fg:19238,Lourdes Gurriel Jr.,2024,2025,95,archived_pooled_20_80,B2V + age + PA Ridge,"ZScore_Contact_t,ZScore_Power_t,ZScore_Discipline_t,ZScore_Defense_t,ZScore_Speed_t,age_t_t,PA_t",97.40865106436355,10.0
fg:19251,Pete Alonso,2024,2025,141,archived_pooled_20_80,B2V + age + PA Ridge,"ZScore_Contact_t,ZScore_Power_t,ZScore_Discipline_t,ZScore_Defense_t,ZScore_Speed_t,age_t_t,PA_t",118.66952741367382,10.0
fg:19260,Jake Fraley,2024,2025,97,archived_pooled_20_80,B2V + age + PA Ridge,"ZScore_Contact_t,ZScore_Power_t,ZScore_Discipline_t,ZScore_Defense_t,ZScore_Speed_t,age_t_t,PA_t",79.59920458149669,10.0
fg:19287,Adolis Garcia,2024,2025,83,archived_pooled_20_80,B2V + age + PA Ridge,"ZScore_Contact_t,ZScore_Power_t,ZScore_Discipline_t,ZScore_Defense_t,ZScore_Speed_t,age_t_t,PA_t",99.58261416084268,10.0
fg:19290,Randy Arozarena,2024,2025,120,archived_pooled_20_80,B2V + age + PA Ridge,"ZScore_Contact_t,ZScore_Power_t,ZScore_Discipline_t,ZScore_Defense_t,ZScore_Speed_t,age_t_t,PA_t",105.43170270339185,10.0
fg:19296,Alex Call,2024,2025,113,archived_pooled_20_80,B2V + age + PA Ridge,"ZScore_Contact_t,ZScore_Power_t,ZScore_Discipline_t,ZScore_Defense_t,ZScore_Speed_t,age_t_t,PA_t",96.7394604392155,10.0
fg:19318,Matt Thaiss,2024,2025,89,archived_pooled_20_80,B2V + age + PA Ridge,"ZScore_Contact_t,ZScore_Power_t,ZScore_Discipline_t,ZScore_Defense_t,ZScore_Speed_t,age_t_t,PA_t",80.04814010310113,10.0
fg:19326,Bryan Reynolds,2024,2025,99,archived_pooled_20_80,B2V + age + PA Ridge,"ZScore_Contact_t,ZScore_Power_t,ZScore_Discipline_t,ZScore_Defense_t,ZScore_Speed_t,age_t_t,PA_t",111.84540449379253,10.0
fg:19352,Sean Murphy,2024,2025,97,archived_pooled_20_80,B2V + age + PA Ridge,"ZScore_Contact_t,ZScore_Power_t,ZScore_Discipline_t,ZScore_Defense_t,ZScore_Speed_t,age_t_t,PA_t",89.00335252522152,10.0
fg:19354,Luke Raley,2024,2025,91,archived_pooled_20_80,B2V + age + PA Ridge,"ZScore_Contact_t,ZScore_Power_t,ZScore_Discipline_t,ZScore_Defense_t,ZScore_Speed_t,age_t_t,PA_t",100.83354308000072,10.0
fg:19363,Austin Hays,2024,2025,105,archived_pooled_20_80,B2V + age + PA Ridge,"ZScore_Contact_t,ZScore_Power_t,ZScore_Discipline_t,ZScore_Defense_t,ZScore_Speed_t,age_t_t,PA_t",81.48191504231289,10.0
fg:19392,Zach McKinstry,2024,2025,114,archived_pooled_20_80,B2V + age + PA Ridge,"ZScore_Contact_t,ZScore_Power_t,ZScore_Discipline_t,ZScore_Defense_t,ZScore_Speed_t,age_t_t,PA_t",85.9504928914813,10.0
fg:19452,Jake Rogers,2024,2025,70,archived_pooled_20_80,B2V + age + PA Ridge,"ZScore_Contact_t,ZScore_Power_t,ZScore_Discipline_t,ZScore_Defense_t,ZScore_Speed_t,age_t_t,PA_t",78.23196248162236,10.0
fg:19455,Andruw Monasterio,2024,2025,111,archived_pooled_20_80,B2V + age + PA Ridge,"ZScore_Contact_t,ZScore_Power_t,ZScore_Discipline_t,ZScore_Defense_t,ZScore_Speed_t,age_t_t,PA_t",86.0959767701243,10.0
fg:19470,Tommy Edman,2024,2025,81,archived_pooled_20_80,B2V + age + PA Ridge,"ZScore_Contact_t,ZScore_Power_t,ZScore_Discipline_t,ZScore_Defense_t,ZScore_Speed_t,age_t_t,PA_t",87.80787492052467,10.0
fg:19522,TJ Friedl,2024,2025,109,archived_pooled_20_80,B2V + age + PA Ridge,"ZScore_Contact_t,ZScore_Power_t,ZScore_Discipline_t,ZScore_Defense_t,ZScore_Speed_t,age_t_t,PA_t",95.70374383998082,10.0
fg:19556,Yordan Alvarez,2024,2025,118,archived_pooled_20_80,B2V + age + PA Ridge,"ZScore_Contact_t,ZScore_Power_t,ZScore_Discipline_t,ZScore_Defense_t,ZScore_Speed_t,age_t_t,PA_t",139.70291797883465,10.0
fg:19566,Nathaniel Lowe,2024,2025,91,archived_pooled_20_80,B2V + age + PA Ridge,"ZScore_Contact_t,ZScore_Power_t,ZScore_Discipline_t,ZScore_Defense_t,ZScore_Speed_t,age_t_t,PA_t",106.38278136249184,10.0
fg:19599,Chas McCormick,2024,2025,62,archived_pooled_20_80,B2V + age + PA Ridge,"ZScore_Contact_t,ZScore_Power_t,ZScore_Discipline_t,ZScore_Defense_t,ZScore_Speed_t,age_t_t,PA_t",73.81970659962867,10.0
fg:19608,Otto Lopez,2024,2025,86,archived_pooled_20_80,B2V + age + PA Ridge,"ZScore_Contact_t,ZScore_Power_t,ZScore_Discipline_t,ZScore_Defense_t,ZScore_Speed_t,age_t_t,PA_t",91.37670546382994,10.0
fg:19610,Keibert Ruiz,2024,2025,65,archived_pooled_20_80,B2V + age + PA Ridge,"ZScore_Contact_t,ZScore_Power_t,ZScore_Discipline_t,ZScore_Defense_t,ZScore_Speed_t,age_t_t,PA_t",86.64138421203283,10.0
fg:19611,Vladimir Guerrero Jr.,2024,2025,137,archived_pooled_20_80,B2V + age + PA Ridge,"ZScore_Contact_t,ZScore_Power_t,ZScore_Discipline_t,ZScore_Defense_t,ZScore_Speed_t,age_t_t,PA_t",142.6957707285846,10.0
fg:19612,Bo Bichette,2024,2025,134,archived_pooled_20_80,B2V + age + PA Ridge,"ZScore_Contact_t,ZScore_Power_t,ZScore_Discipline_t,ZScore_Defense_t,ZScore_Speed_t,age_t_t,PA_t",85.92565621939177,10.0
fg:19627,Brent Rooker,2024,2025,122,archived_pooled_20_80,B2V + age + PA Ridge,"ZScore_Contact_t,ZScore_Power_t,ZScore_Discipline_t,ZScore_Defense_t,ZScore_Speed_t,age_t_t,PA_t",122.65006207857222,10.0
fg:19709,Fernando Tatis Jr.,2024,2025,131,archived_pooled_20_80,B2V + age + PA Ridge,"ZScore_Contact_t,ZScore_Power_t,ZScore_Discipline_t,ZScore_Defense_t,ZScore_Speed_t,age_t_t,PA_t",123.4125394967911,10.0
fg:19734,Josh Rojas,2024,2025,44,archived_pooled_20_80,B2V + age + PA Ridge,"ZScore_Contact_t,ZScore_Power_t,ZScore_Discipline_t,ZScore_Defense_t,ZScore_Speed_t,age_t_t,PA_t",85.51548789231924,10.0
fg:19755,Shohei Ohtani,2024,2025,172,archived_pooled_20_80,B2V + age + PA Ridge,"ZScore_Contact_t,ZScore_Power_t,ZScore_Discipline_t,ZScore_Defense_t,ZScore_Speed_t,age_t_t,PA_t",161.72643696477456,10.0
fg:19844,Abraham Toro,2024,2025,77,archived_pooled_20_80,B2V + age + PA Ridge,"ZScore_Contact_t,ZScore_Power_t,ZScore_Discipline_t,ZScore_Defense_t,ZScore_Speed_t,age_t_t,PA_t",87.04337018945502,10.0
fg:19858,Luis Rengifo,2024,2025,73,archived_pooled_20_80,B2V + age + PA Ridge,"ZScore_Contact_t,ZScore_Power_t,ZScore_Discipline_t,ZScore_Defense_t,ZScore_Speed_t,age_t_t,PA_t",90.94149751672211,10.0
fg:19864,Riley Adams,2024,2025,57,archived_pooled_20_80,B2V + age + PA Ridge,"ZScore_Contact_t,ZScore_Power_t,ZScore_Discipline_t,ZScore_Defense_t,ZScore_Speed_t,age_t_t,PA_t",85.98674112914968,10.0
fg:19890,Emmanuel Rivera,2024,2025,64,archived_pooled_20_80,B2V + age + PA Ridge,"ZScore_Contact_t,ZScore_Power_t,ZScore_Discipline_t,ZScore_Defense_t,ZScore_Speed_t,age_t_t,PA_t",89.41623809784352,10.0
fg:19892,Pavin Smith,2024,2025,123,archived_pooled_20_80,B2V + age + PA Ridge,"ZScore_Contact_t,ZScore_Power_t,ZScore_Discipline_t,ZScore_Defense_t,ZScore_Speed_t,age_t_t,PA_t",116.9537058108996,10.0
fg:19896,Connor Wong,2024,2025,39,archived_pooled_20_80,B2V + age + PA Ridge,"ZScore_Contact_t,ZScore_Power_t,ZScore_Discipline_t,ZScore_Defense_t,ZScore_Speed_t,age_t_t,PA_t",92.72363220828895,10.0
fg:19901,Gavin Sheets,2024,2025,111,archived_pooled_20_80,B2V + age + PA Ridge,"ZScore_Contact_t,ZScore_Power_t,ZScore_Discipline_t,ZScore_Defense_t,ZScore_Speed_t,age_t_t,PA_t",92.04271936346223,10.0
fg:19913,Jesus Sanchez,2024,2025,93,archived_pooled_20_80,B2V + age + PA Ridge,"ZScore_Contact_t,ZScore_Power_t,ZScore_Discipline_t,ZScore_Defense_t,ZScore_Speed_t,age_t_t,PA_t",108.46707873159484,10.0
fg:19918,Daulton Varsho,2024,2025,123,archived_pooled_20_80,B2V + age + PA Ridge,"ZScore_Contact_t,ZScore_Power_t,ZScore_Discipline_t,ZScore_Defense_t,ZScore_Speed_t,age_t_t,PA_t",88.70332599163397,10.0
fg:19921,Blake Perkins,2024,2025,83,archived_pooled_20_80,B2V + age + PA Ridge,"ZScore_Contact_t,ZScore_Power_t,ZScore_Discipline_t,ZScore_Defense_t,ZScore_Speed_t,age_t_t,PA_t",87.60149102005435,10.0
fg:19950,Andres Gimenez,2024,2025,70,archived_pooled_20_80,B2V + age + PA Ridge,"ZScore_Contact_t,ZScore_Power_t,ZScore_Discipline_t,ZScore_Defense_t,ZScore_Speed_t,age_t_t,PA_t",80.86546080392706,10.0
fg:19953,Josh Lowe,2024,2025,79,archived_pooled_20_80,B2V + age + PA Ridge,"ZScore_Contact_t,ZScore_Power_t,ZScore_Discipline_t,ZScore_Defense_t,ZScore_Speed_t,age_t_t,PA_t",96.21164768525021,10.0
fg:19955,Gavin Lux,2024,2025,102,archived_pooled_20_80,B2V + age + PA Ridge,"ZScore_Contact_t,ZScore_Power_t,ZScore_Discipline_t,ZScore_Defense_t,ZScore_Speed_t,age_t_t,PA_t",100.39583483668191,10.0
fg:19956,Mickey Moniak,2024,2025,110,archived_pooled_20_80,B2V + age + PA Ridge,"ZScore_Contact_t,ZScore_Power_t,ZScore_Discipline_t,ZScore_Defense_t,ZScore_Speed_t,age_t_t,PA_t",84.86630468678536,10.0
fg:19997,Santiago Espinal,2024,2025,58,archived_pooled_20_80,B2V + age + PA Ridge,"ZScore_Contact_t,ZScore_Power_t,ZScore_Discipline_t,ZScore_Defense_t,ZScore_Speed_t,age_t_t,PA_t",85.19324537356269,10.0
fg:20017,Miles Mastrobuoni,2024,2025,85,archived_pooled_20_80,B2V + age + PA Ridge,"ZScore_Contact_t,ZScore_Power_t,ZScore_Discipline_t,ZScore_Defense_t,ZScore_Speed_t,age_t_t,PA_t",79.86778845647072,10.0
fg:20036,Isaac Paredes,2024,2025,128,archived_pooled_20_80,B2V + age + PA Ridge,"ZScore_Contact_t,ZScore_Power_t,ZScore_Discipline_t,ZScore_Defense_t,ZScore_Speed_t,age_t_t,PA_t",98.97506880047128,10.0
fg:20043,Luis Robert Jr.,2024,2025,84,archived_pooled_20_80,B2V + age + PA Ridge,"ZScore_Contact_t,ZScore_Power_t,ZScore_Discipline_t,ZScore_Defense_t,ZScore_Speed_t,age_t_t,PA_t",88.96657072049557,10.0
fg:20123,Juan Soto,2024,2025,156,archived_pooled_20_80,B2V + age + PA Ridge,"ZScore_Contact_t,ZScore_Power_t,ZScore_Discipline_t,ZScore_Defense_t,ZScore_Speed_t,age_t_t,PA_t",159.13471561867925,10.0
fg:20126,Dylan Carlson,2024,2025,74,archived_pooled_20_80,B2V + age + PA Ridge,"ZScore_Contact_t,ZScore_Power_t,ZScore_Discipline_t,ZScore_Defense_t,ZScore_Speed_t,age_t_t,PA_t",74.42805582317409,10.0
fg:20178,Miguel Vargas,2024,2025,101,archived_pooled_20_80,B2V + age + PA Ridge,"ZScore_Contact_t,ZScore_Power_t,ZScore_Discipline_t,ZScore_Defense_t,ZScore_Speed_t,age_t_t,PA_t",84.13787546507321,10.0
fg:20202,Brandon Marsh,2024,2025,116,archived_pooled_20_80,B2V + age + PA Ridge,"ZScore_Contact_t,ZScore_Power_t,ZScore_Discipline_t,ZScore_Defense_t,ZScore_Speed_t,age_t_t,PA_t",108.9419445846774,10.0
fg:20220,Jo Adell,2024,2025,112,archived_pooled_20_80,B2V + age + PA Ridge,"ZScore_Contact_t,ZScore_Power_t,ZScore_Discipline_t,ZScore_Defense_t,ZScore_Speed_t,age_t_t,PA_t",101.66987151646943,10.0
fg:20287,Ben Rortvedt,2024,2025,31,archived_pooled_20_80,B2V + age + PA Ridge,"ZScore_Contact_t,ZScore_Power_t,ZScore_Discipline_t,ZScore_Defense_t,ZScore_Speed_t,age_t_t,PA_t",78.04105168268683,10.0
fg:20308,Jake Meyers,2024,2025,107,archived_pooled_20_80,B2V + age + PA Ridge,"ZScore_Contact_t,ZScore_Power_t,ZScore_Discipline_t,ZScore_Defense_t,ZScore_Speed_t,age_t_t,PA_t",88.46362609488176,10.0
fg:20352,Ernie Clement,2024,2025,98,archived_pooled_20_80,B2V + age + PA Ridge,"ZScore_Contact_t,ZScore_Power_t,ZScore_Discipline_t,ZScore_Defense_t,ZScore_Speed_t,age_t_t,PA_t",83.60763576840469,10.0
fg:20437,Royce Lewis,2024,2025,85,archived_pooled_20_80,B2V + age + PA Ridge,"ZScore_Contact_t,ZScore_Power_t,ZScore_Discipline_t,ZScore_Defense_t,ZScore_Speed_t,age_t_t,PA_t",98.31978381438087,10.0
fg:20454,Jazz Chisholm Jr.,2024,2025,126,archived_pooled_20_80,B2V + age + PA Ridge,"ZScore_Contact_t,ZScore_Power_t,ZScore_Discipline_t,ZScore_Defense_t,ZScore_Speed_t,age_t_t,PA_t",108.6953898770914,10.0
fg:20503,William Contreras,2024,2025,113,archived_pooled_20_80,B2V + age + PA Ridge,"ZScore_Contact_t,ZScore_Power_t,ZScore_Discipline_t,ZScore_Defense_t,ZScore_Speed_t,age_t_t,PA_t",122.73649336952792,10.0
fg:20529,Nolan Jones,2024,2025,72,archived_pooled_20_80,B2V + age + PA Ridge,"ZScore_Contact_t,ZScore_Power_t,ZScore_Discipline_t,ZScore_Defense_t,ZScore_Speed_t,age_t_t,PA_t",94.16086617322976,10.0
fg:20572,Kody Clemens,2024,2025,95,archived_pooled_20_80,B2V + age + PA Ridge,"ZScore_Contact_t,ZScore_Power_t,ZScore_Discipline_t,ZScore_Defense_t,ZScore_Speed_t,age_t_t,PA_t",87.5227914248452,10.0
fg:20599,Ivan Herrera,2024,2025,137,archived_pooled_20_80,B2V + age + PA Ridge,"ZScore_Contact_t,ZScore_Power_t,ZScore_Discipline_t,ZScore_Defense_t,ZScore_Speed_t,age_t_t,PA_t",109.04043777100105,10.0
fg:21454,Lars Nootbaar,2024,2025,96,archived_pooled_20_80,B2V + age + PA Ridge,"ZScore_Contact_t,ZScore_Power_t,ZScore_Discipline_t,ZScore_Defense_t,ZScore_Speed_t,age_t_t,PA_t",122.49627784170305,10.0
fg:21479,Nico Hoerner,2024,2025,109,archived_pooled_20_80,B2V + age + PA Ridge,"ZScore_Contact_t,ZScore_Power_t,ZScore_Discipline_t,ZScore_Defense_t,ZScore_Speed_t,age_t_t,PA_t",98.90149285223599,10.0
fg:21501,Trevor Larnach,2024,2025,102,archived_pooled_20_80,B2V + age + PA Ridge,"ZScore_Contact_t,ZScore_Power_t,ZScore_Discipline_t,ZScore_Defense_t,ZScore_Speed_t,age_t_t,PA_t",109.32238685048293,10.0
fg:21523,Jonathan India,2024,2025,89,archived_pooled_20_80,B2V + age + PA Ridge,"ZScore_Contact_t,ZScore_Power_t,ZScore_Discipline_t,ZScore_Defense_t,ZScore_Speed_t,age_t_t,PA_t",111.53526345142599,10.0
fg:21524,Joey Bart,2024,2025,101,archived_pooled_20_80,B2V + age + PA Ridge,"ZScore_Contact_t,ZScore_Power_t,ZScore_Discipline_t,ZScore_Defense_t,ZScore_Speed_t,age_t_t,PA_t",101.83176846037196,10.0
fg:21534,Cal Raleigh,2024,2025,161,archived_pooled_20_80,B2V + age + PA Ridge,"ZScore_Contact_t,ZScore_Power_t,ZScore_Discipline_t,ZScore_Defense_t,ZScore_Speed_t,age_t_t,PA_t",102.55454185614735,10.0
fg:21538,Nick Fortes,2024,2025,80,archived_pooled_20_80,B2V + age + PA Ridge,"ZScore_Contact_t,ZScore_Power_t,ZScore_Discipline_t,ZScore_Defense_t,ZScore_Speed_t,age_t_t,PA_t",73.79946553153323,10.0
fg:21558,Matt Vierling,2024,2025,76,archived_pooled_20_80,B2V + age + PA Ridge,"ZScore_Contact_t,ZScore_Power_t,ZScore_Discipline_t,ZScore_Defense_t,ZScore_Speed_t,age_t_t,PA_t",108.88769960228485,10.0
fg:21562,Romy Gonzalez,2024,2025,123,archived_pooled_20_80,B2V + age + PA Ridge,"ZScore_Contact_t,ZScore_Power_t,ZScore_Discipline_t,ZScore_Defense_t,ZScore_Speed_t,age_t_t,PA_t",95.45581953589817,10.0
fg:21614,Kyle Isbel,2024,2025,79,archived_pooled_20_80,B2V + age + PA Ridge,"ZScore_Contact_t,ZScore_Power_t,ZScore_Discipline_t,ZScore_Defense_t,ZScore_Speed_t,age_t_t,PA_t",93.38046441549379,10.0
fg:21618,Alec Bohm,2024,2025,105,archived_pooled_20_80,B2V + age + PA Ridge,"ZScore_Contact_t,ZScore_Power_t,ZScore_Discipline_t,ZScore_Defense_t,ZScore_Speed_t,age_t_t,PA_t",107.8667517729348,10.0
fg:21622,Jake McCarthy,2024,2025,60,archived_pooled_20_80,B2V + age + PA Ridge,"ZScore_Contact_t,ZScore_Power_t,ZScore_Discipline_t,ZScore_Defense_t,ZScore_Speed_t,age_t_t,PA_t",91.04775138124383,10.0
fg:21636,Jeremy Pena,2024,2025,135,archived_pooled_20_80,B2V + age + PA Ridge,"ZScore_Contact_t,ZScore_Power_t,ZScore_Discipline_t,ZScore_Defense_t,ZScore_Speed_t,age_t_t,PA_t",94.8195558261567,10.0
fg:21693,Miguel Amaya,2024,2025,124,archived_pooled_20_80,B2V + age + PA Ridge,"ZScore_Contact_t,ZScore_Power_t,ZScore_Discipline_t,ZScore_Defense_t,ZScore_Speed_t,age_t_t,PA_t",88.81947764215812,10.0
fg:21707,Oswaldo Cabrera,2024,2025,83,archived_pooled_20_80,B2V + age + PA Ridge,"ZScore_Contact_t,ZScore_Power_t,ZScore_Discipline_t,ZScore_Defense_t,ZScore_Speed_t,age_t_t,PA_t",90.27944993480438,10.0
fg:21711,Oneil Cruz,2024,2025,86,archived_pooled_20_80,B2V + age + PA Ridge,"ZScore_Contact_t,ZScore_Power_t,ZScore_Discipline_t,ZScore_Defense_t,ZScore_Speed_t,age_t_t,PA_t",125.10816655644338,10.0
fg:21716,Enmanuel Valdez,2024,2025,82,archived_pooled_20_80,B2V + age + PA Ridge,"ZScore_Contact_t,ZScore_Power_t,ZScore_Discipline_t,ZScore_Defense_t,ZScore_Speed_t,age_t_t,PA_t",96.23863175971282,10.0
fg:21837,Jonathan Aranda,2024,2025,146,archived_pooled_20_80,B2V + age + PA Ridge,"ZScore_Contact_t,ZScore_Power_t,ZScore_Discipline_t,ZScore_Defense_t,ZScore_Speed_t,age_t_t,PA_t",106.8979957412092,10.0
fg:21840,Freddy Fermin,2024,2025,77,archived_pooled_20_80,B2V + age + PA Ridge,"ZScore_Contact_t,ZScore_Power_t,ZScore_Discipline_t,ZScore_Defense_t,ZScore_Speed_t,age_t_t,PA_t",81.89992076427859,10.0
fg:21853,Will Benson,2024,2025,85,archived_pooled_20_80,B2V + age + PA Ridge,"ZScore_Contact_t,ZScore_Power_t,ZScore_Discipline_t,ZScore_Defense_t,ZScore_Speed_t,age_t_t,PA_t",90.96799738308749,10.0
fg:21865,Bo Naylor,2024,2025,85,archived_pooled_20_80,B2V + age + PA Ridge,"ZScore_Contact_t,ZScore_Power_t,ZScore_Discipline_t,ZScore_Defense_t,ZScore_Speed_t,age_t_t,PA_t",85.32146268205896,10.0
fg:21897,Christopher Morel,2024,2025,90,archived_pooled_20_80,B2V + age + PA Ridge,"ZScore_Contact_t,ZScore_Power_t,ZScore_Discipline_t,ZScore_Defense_t,ZScore_Speed_t,age_t_t,PA_t",99.60266053308277,10.0
fg:22054,Dane Myers,2024,2025,72,archived_pooled_20_80,B2V + age + PA Ridge,"ZScore_Contact_t,ZScore_Power_t,ZScore_Discipline_t,ZScore_Defense_t,ZScore_Speed_t,age_t_t,PA_t",91.35374080945465,10.0
fg:22184,Mark Vientos,2024,2025,97,archived_pooled_20_80,B2V + age + PA Ridge,"ZScore_Contact_t,ZScore_Power_t,ZScore_Discipline_t,ZScore_Defense_t,ZScore_Speed_t,age_t_t,PA_t",111.80783831492958,10.0
fg:22186,Brice Turang,2024,2025,124,archived_pooled_20_80,B2V + age + PA Ridge,"ZScore_Contact_t,ZScore_Power_t,ZScore_Discipline_t,ZScore_Defense_t,ZScore_Speed_t,age_t_t,PA_t",99.6818238257572,10.0
fg:22244,Jack Suwinski,2024,2025,55,archived_pooled_20_80,B2V + age + PA Ridge,"ZScore_Contact_t,ZScore_Power_t,ZScore_Discipline_t,ZScore_Defense_t,ZScore_Speed_t,age_t_t,PA_t",96.12320548788365,10.0
fg:22263,Nolan Gorman,2024,2025,88,archived_pooled_20_80,B2V + age + PA Ridge,"ZScore_Contact_t,ZScore_Power_t,ZScore_Discipline_t,ZScore_Defense_t,ZScore_Speed_t,age_t_t,PA_t",94.12675733673991,10.0
fg:22266,Xavier Edwards,2024,2025,95,archived_pooled_20_80,B2V + age + PA Ridge,"ZScore_Contact_t,ZScore_Power_t,ZScore_Discipline_t,ZScore_Defense_t,ZScore_Speed_t,age_t_t,PA_t",96.88187589784185,10.0
fg:22275,Jake Burger,2024,2025,89,archived_pooled_20_80,B2V + age + PA Ridge,"ZScore_Contact_t,ZScore_Power_t,ZScore_Discipline_t,ZScore_Defense_t,ZScore_Speed_t,age_t_t,PA_t",106.69940835359725,10.0
fg:22277,Nick Allen,2024,2025,53,archived_pooled_20_80,B2V + age + PA Ridge,"ZScore_Contact_t,ZScore_Power_t,ZScore_Discipline_t,ZScore_Defense_t,ZScore_Speed_t,age_t_t,PA_t",69.93388773065374,10.0
fg:22458,Taylor Walls,2024,2025,66,archived_pooled_20_80,B2V + age + PA Ridge,"ZScore_Contact_t,ZScore_Power_t,ZScore_Discipline_t,ZScore_Defense_t,ZScore_Speed_t,age_t_t,PA_t",74.38153879647064,10.0
fg:22514,Triston Casas,2024,2025,56,archived_pooled_20_80,B2V + age + PA Ridge,"ZScore_Contact_t,ZScore_Power_t,ZScore_Discipline_t,ZScore_Defense_t,ZScore_Speed_t,age_t_t,PA_t",107.29321486234443,10.0
fg:22515,Heliot Ramos,2024,2025,106,archived_pooled_20_80,B2V + age + PA Ridge,"ZScore_Contact_t,ZScore_Power_t,ZScore_Discipline_t,ZScore_Defense_t,ZScore_Speed_t,age_t_t,PA_t",112.24427061908743,10.0
fg:22532,Tyler Freeman,2024,2025,91,archived_pooled_20_80,B2V + age + PA Ridge,"ZScore_Contact_t,ZScore_Power_t,ZScore_Discipline_t,ZScore_Defense_t,ZScore_Speed_t,age_t_t,PA_t",94.03942862572299,10.0
fg:22542,Lawrence Butler,2024,2025,96,archived_pooled_20_80,B2V + age + PA Ridge,"ZScore_Contact_t,ZScore_Power_t,ZScore_Discipline_t,ZScore_Defense_t,ZScore_Speed_t,age_t_t,PA_t",118.22301653753571,10.0
fg:22563,Gabriel Arias,2024,2025,77,archived_pooled_20_80,B2V + age + PA Ridge,"ZScore_Contact_t,ZScore_Power_t,ZScore_Discipline_t,ZScore_Defense_t,ZScore_Speed_t,age_t_t,PA_t",79.17066172236278,10.0
fg:22581,Alejandro Kirk,2024,2025,116,archived_pooled_20_80,B2V + age + PA Ridge,"ZScore_Contact_t,ZScore_Power_t,ZScore_Discipline_t,ZScore_Defense_t,ZScore_Speed_t,age_t_t,PA_t",96.22449176665465,10.0
fg:22664,Gabriel Moreno,2024,2025,117,archived_pooled_20_80,B2V + age + PA Ridge,"ZScore_Contact_t,ZScore_Power_t,ZScore_Discipline_t,ZScore_Defense_t,ZScore_Speed_t,age_t_t,PA_t",107.25070879015624,10.0
fg:22715,Maikel Garcia,2024,2025,121,archived_pooled_20_80,B2V + age + PA Ridge,"ZScore_Contact_t,ZScore_Power_t,ZScore_Discipline_t,ZScore_Defense_t,ZScore_Speed_t,age_t_t,PA_t",107.94245142784385,10.0
fg:22799,Geraldo Perdomo,2024,2025,138,archived_pooled_20_80,B2V + age + PA Ridge,"ZScore_Contact_t,ZScore_Power_t,ZScore_Discipline_t,ZScore_Defense_t,ZScore_Speed_t,age_t_t,PA_t",101.80620393945838,10.0
fg:22857,Wenceel Perez,2024,2025,103,archived_pooled_20_80,B2V + age + PA Ridge,"ZScore_Contact_t,ZScore_Power_t,ZScore_Discipline_t,ZScore_Defense_t,ZScore_Speed_t,age_t_t,PA_t",93.86565354818362,10.0
fg:22896,Lenyn Sosa,2024,2025,100,archived_pooled_20_80,B2V + age + PA Ridge,"ZScore_Contact_t,ZScore_Power_t,ZScore_Discipline_t,ZScore_Defense_t,ZScore_Speed_t,age_t_t,PA_t",92.06275279090062,10.0
fg:23003,Yainer Diaz,2024,2025,92,archived_pooled_20_80,B2V + age + PA Ridge,"ZScore_Contact_t,ZScore_Power_t,ZScore_Discipline_t,ZScore_Defense_t,ZScore_Speed_t,age_t_t,PA_t",101.43555303547552,10.0
fg:23401,Jose Caballero,2024,2025,97,archived_pooled_20_80,B2V + age + PA Ridge,"ZScore_Contact_t,ZScore_Power_t,ZScore_Discipline_t,ZScore_Defense_t,ZScore_Speed_t,age_t_t,PA_t",74.47400503134774,10.0
fg:23565,Davis Schneider,2024,2025,127,archived_pooled_20_80,B2V + age + PA Ridge,"ZScore_Contact_t,ZScore_Power_t,ZScore_Discipline_t,ZScore_Defense_t,ZScore_Speed_t,age_t_t,PA_t",93.58689491830403,10.0
fg:23690,Brayan Rocchio,2024,2025,77,archived_pooled_20_80,B2V + age + PA Ridge,"ZScore_Contact_t,ZScore_Power_t,ZScore_Discipline_t,ZScore_Defense_t,ZScore_Speed_t,age_t_t,PA_t",82.59901746444855,10.0
fg:23691,Jose Tena,2024,2025,88,archived_pooled_20_80,B2V + age + PA Ridge,"ZScore_Contact_t,ZScore_Power_t,ZScore_Discipline_t,ZScore_Defense_t,ZScore_Speed_t,age_t_t,PA_t",95.0641031457117,10.0
fg:23697,Julio Rodriguez,2024,2025,126,archived_pooled_20_80,B2V + age + PA Ridge,"ZScore_Contact_t,ZScore_Power_t,ZScore_Discipline_t,ZScore_Defense_t,ZScore_Speed_t,age_t_t,PA_t",105.29014419009354,10.0
fg:23733,Ezequiel Duran,2024,2025,57,archived_pooled_20_80,B2V + age + PA Ridge,"ZScore_Contact_t,ZScore_Power_t,ZScore_Discipline_t,ZScore_Defense_t,ZScore_Speed_t,age_t_t,PA_t",76.63804482860081,10.0
fg:23772,Wilyer Abreu,2024,2025,110,archived_pooled_20_80,B2V + age + PA Ridge,"ZScore_Contact_t,ZScore_Power_t,ZScore_Discipline_t,ZScore_Defense_t,ZScore_Speed_t,age_t_t,PA_t",107.17890136909386,10.0
fg:23789,Blaze Alexander,2024,2025,99,archived_pooled_20_80,B2V + age + PA Ridge,"ZScore_Contact_t,ZScore_Power_t,ZScore_Discipline_t,ZScore_Defense_t,ZScore_Speed_t,age_t_t,PA_t",84.26346932305286,10.0
fg:23792,Alek Thomas,2024,2025,81,archived_pooled_20_80,B2V + age + PA Ridge,"ZScore_Contact_t,ZScore_Power_t,ZScore_Discipline_t,ZScore_Defense_t,ZScore_Speed_t,age_t_t,PA_t",100.82406538446028,10.0
fg:23800,Parker Meadows,2024,2025,75,archived_pooled_20_80,B2V + age + PA Ridge,"ZScore_Contact_t,ZScore_Power_t,ZScore_Discipline_t,ZScore_Defense_t,ZScore_Speed_t,age_t_t,PA_t",93.37556357331172,10.0
fg:2396,Carlos Santana,2024,2025,82,archived_pooled_20_80,B2V + age + PA Ridge,"ZScore_Contact_t,ZScore_Power_t,ZScore_Discipline_t,ZScore_Defense_t,ZScore_Speed_t,age_t_t,PA_t",98.91210555307411,10.0
fg:23986,Curtis Mead,2024,2025,76,archived_pooled_20_80,B2V + age + PA Ridge,"ZScore_Contact_t,ZScore_Power_t,ZScore_Discipline_t,ZScore_Defense_t,ZScore_Speed_t,age_t_t,PA_t",83.92283564395954,10.0
fg:24064,Ezequiel Tovar,2024,2025,78,archived_pooled_20_80,B2V + age + PA Ridge,"ZScore_Contact_t,ZScore_Power_t,ZScore_Discipline_t,ZScore_Defense_t,ZScore_Speed_t,age_t_t,PA_t",88.41919922809053,10.0
fg:24257,Jhonkensy Noel,2024,2025,28,archived_pooled_20_80,B2V + age + PA Ridge,"ZScore_Contact_t,ZScore_Power_t,ZScore_Discipline_t,ZScore_Defense_t,ZScore_Speed_t,age_t_t,PA_t",98.0820808013229,10.0
fg:24262,Ceddanne Rafaela,2024,2025,91,archived_pooled_20_80,B2V + age + PA Ridge,"ZScore_Contact_t,ZScore_Power_t,ZScore_Discipline_t,ZScore_Defense_t,ZScore_Speed_t,age_t_t,PA_t",78.71841582189283,10.0
fg:24336,Johan Rojas,2024,2025,58,archived_pooled_20_80,B2V + age + PA Ridge,"ZScore_Contact_t,ZScore_Power_t,ZScore_Discipline_t,ZScore_Defense_t,ZScore_Speed_t,age_t_t,PA_t",81.30930059195582,10.0
fg:24488,Max Schuemann,2024,2025,62,archived_pooled_20_80,B2V + age + PA Ridge,"ZScore_Contact_t,ZScore_Power_t,ZScore_Discipline_t,ZScore_Defense_t,ZScore_Speed_t,age_t_t,PA_t",88.12151407586191,10.0
fg:24598,Addison Barger,2024,2025,107,archived_pooled_20_80,B2V + age + PA Ridge,"ZScore_Contact_t,ZScore_Power_t,ZScore_Discipline_t,ZScore_Defense_t,ZScore_Speed_t,age_t_t,PA_t",90.75899552835321,10.0
fg:24610,Steven Kwan,2024,2025,99,archived_pooled_20_80,B2V + age + PA Ridge,"ZScore_Contact_t,ZScore_Power_t,ZScore_Discipline_t,ZScore_Defense_t,ZScore_Speed_t,age_t_t,PA_t",109.08206542070714,10.0
fg:24617,Jarren Duran,2024,2025,111,archived_pooled_20_80,B2V + age + PA Ridge,"ZScore_Contact_t,ZScore_Power_t,ZScore_Discipline_t,ZScore_Defense_t,ZScore_Speed_t,age_t_t,PA_t",117.61785966553822,10.0
fg:24618,Ryan Jeffers,2024,2025,113,archived_pooled_20_80,B2V + age + PA Ridge,"ZScore_Contact_t,ZScore_Power_t,ZScore_Discipline_t,ZScore_Defense_t,ZScore_Speed_t,age_t_t,PA_t",99.23416089765584,10.0
fg:24679,Brendan Donovan,2024,2025,119,archived_pooled_20_80,B2V + age + PA Ridge,"ZScore_Contact_t,ZScore_Power_t,ZScore_Discipline_t,ZScore_Defense_t,ZScore_Speed_t,age_t_t,PA_t",107.74885426642987,10.0
fg:24703,Jonah Bride,2024,2025,23,archived_pooled_20_80,B2V + age + PA Ridge,"ZScore_Contact_t,ZScore_Power_t,ZScore_Discipline_t,ZScore_Defense_t,ZScore_Speed_t,age_t_t,PA_t",99.40317942287821,10.0
fg:24729,Logan O'Hoppe,2024,2025,72,archived_pooled_20_80,B2V + age + PA Ridge,"ZScore_Contact_t,ZScore_Power_t,ZScore_Discipline_t,ZScore_Defense_t,ZScore_Speed_t,age_t_t,PA_t",97.11648651068836,10.0
fg:24770,James Outman,2024,2025,48,archived_pooled_20_80,B2V + age + PA Ridge,"ZScore_Contact_t,ZScore_Power_t,ZScore_Discipline_t,ZScore_Defense_t,ZScore_Speed_t,age_t_t,PA_t",77.74264732109309,10.0
fg:24816,Andy Pages,2024,2025,113,archived_pooled_20_80,B2V + age + PA Ridge,"ZScore_Contact_t,ZScore_Power_t,ZScore_Discipline_t,ZScore_Defense_t,ZScore_Speed_t,age_t_t,PA_t",99.18710985539198,10.0
fg:24934,David Fry,2024,2025,63,archived_pooled_20_80,B2V + age + PA Ridge,"ZScore_Contact_t,ZScore_Power_t,ZScore_Discipline_t,ZScore_Defense_t,ZScore_Speed_t,age_t_t,PA_t",98.91551595612559,10.0
fg:25180,Daniel Schneemann,2024,2025,79,archived_pooled_20_80,B2V + age + PA Ridge,"ZScore_Contact_t,ZScore_Power_t,ZScore_Discipline_t,ZScore_Defense_t,ZScore_Speed_t,age_t_t,PA_t",84.74148073844849,10.0
fg:25479,Brenton Doyle,2024,2025,65,archived_pooled_20_80,B2V + age + PA Ridge,"ZScore_Contact_t,ZScore_Power_t,ZScore_Discipline_t,ZScore_Defense_t,ZScore_Speed_t,age_t_t,PA_t",103.0203189708706,10.0
fg:25493,Joey Ortiz,2024,2025,67,archived_pooled_20_80,B2V + age + PA Ridge,"ZScore_Contact_t,ZScore_Power_t,ZScore_Discipline_t,ZScore_Defense_t,ZScore_Speed_t,age_t_t,PA_t",103.60252560264792,10.0
fg:25764,Bobby Witt Jr.,2024,2025,130,archived_pooled_20_80,B2V + age + PA Ridge,"ZScore_Contact_t,ZScore_Power_t,ZScore_Discipline_t,ZScore_Defense_t,ZScore_Speed_t,age_t_t,PA_t",137.61896384167278,10.0
fg:25768,CJ Abrams,2024,2025,107,archived_pooled_20_80,B2V + age + PA Ridge,"ZScore_Contact_t,ZScore_Power_t,ZScore_Discipline_t,ZScore_Defense_t,ZScore_Speed_t,age_t_t,PA_t",105.06276026761658,10.0
fg:25782,Pedro Pages,2024,2025,77,archived_pooled_20_80,B2V + age + PA Ridge,"ZScore_Contact_t,ZScore_Power_t,ZScore_Discipline_t,ZScore_Defense_t,ZScore_Speed_t,age_t_t,PA_t",86.95544171982077,10.0
fg:25807,Jared Triolo,2024,2025,86,archived_pooled_20_80,B2V + age + PA Ridge,"ZScore_Contact_t,ZScore_Power_t,ZScore_Discipline_t,ZScore_Defense_t,ZScore_Speed_t,age_t_t,PA_t",86.49781192618283,10.0
fg:25816,Shea Langeliers,2024,2025,132,archived_pooled_20_80,B2V + age + PA Ridge,"ZScore_Contact_t,ZScore_Power_t,ZScore_Discipline_t,ZScore_Defense_t,ZScore_Speed_t,age_t_t,PA_t",108.462533553207,10.0
fg:25845,Michael Toglia,2024,2025,54,archived_pooled_20_80,B2V + age + PA Ridge,"ZScore_Contact_t,ZScore_Power_t,ZScore_Discipline_t,ZScore_Defense_t,ZScore_Speed_t,age_t_t,PA_t",117.83594158267555,10.0
fg:25878,Corbin Carroll,2024,2025,139,archived_pooled_20_80,B2V + age + PA Ridge,"ZScore_Contact_t,ZScore_Power_t,ZScore_Discipline_t,ZScore_Defense_t,ZScore_Speed_t,age_t_t,PA_t",121.07869299491631,10.0
fg:25931,Michael Harris II,2024,2025,83,archived_pooled_20_80,B2V + age + PA Ridge,"ZScore_Contact_t,ZScore_Power_t,ZScore_Discipline_t,ZScore_Defense_t,ZScore_Speed_t,age_t_t,PA_t",104.46095495687342,10.0
fg:25961,Kerry Carpenter,2024,2025,115,archived_pooled_20_80,B2V + age + PA Ridge,"ZScore_Contact_t,ZScore_Power_t,ZScore_Discipline_t,ZScore_Defense_t,ZScore_Speed_t,age_t_t,PA_t",110.14988382651977,10.0
fg:25976,Riley Greene,2024,2025,121,archived_pooled_20_80,B2V + age + PA Ridge,"ZScore_Contact_t,ZScore_Power_t,ZScore_Discipline_t,ZScore_Defense_t,ZScore_Speed_t,age_t_t,PA_t",122.68077469359996,10.0
fg:26121,Francisco Alvarez,2024,2025,124,archived_pooled_20_80,B2V + age + PA Ridge,"ZScore_Contact_t,ZScore_Power_t,ZScore_Discipline_t,ZScore_Defense_t,ZScore_Speed_t,age_t_t,PA_t",98.378514016133,10.0
fg:26123,Brett Baty,2024,2025,111,archived_pooled_20_80,B2V + age + PA Ridge,"ZScore_Contact_t,ZScore_Power_t,ZScore_Discipline_t,ZScore_Defense_t,ZScore_Speed_t,age_t_t,PA_t",84.62202938080007,10.0
fg:26151,Kyle Stowers,2024,2025,149,archived_pooled_20_80,B2V + age + PA Ridge,"ZScore_Contact_t,ZScore_Power_t,ZScore_Discipline_t,ZScore_Defense_t,ZScore_Speed_t,age_t_t,PA_t",83.69208021570303,10.0
fg:26197,Andrew Vaughn,2024,2025,99,archived_pooled_20_80,B2V + age + PA Ridge,"ZScore_Contact_t,ZScore_Power_t,ZScore_Discipline_t,ZScore_Defense_t,ZScore_Speed_t,age_t_t,PA_t",104.62992344956054,10.0
fg:26208,Tyler Fitzgerald,2024,2025,72,archived_pooled_20_80,B2V + age + PA Ridge,"ZScore_Contact_t,ZScore_Power_t,ZScore_Discipline_t,ZScore_Defense_t,ZScore_Speed_t,age_t_t,PA_t",95.0484206319039,10.0
fg:26224,Darell Hernaiz,2024,2025,65,archived_pooled_20_80,B2V + age + PA Ridge,"ZScore_Contact_t,ZScore_Power_t,ZScore_Discipline_t,ZScore_Defense_t,ZScore_Speed_t,age_t_t,PA_t",81.13962181834566,10.0
fg:26288,Adley Rutschman,2024,2025,91,archived_pooled_20_80,B2V + age + PA Ridge,"ZScore_Contact_t,ZScore_Power_t,ZScore_Discipline_t,ZScore_Defense_t,ZScore_Speed_t,age_t_t,PA_t",102.48935474088123,10.0
fg:26289,Gunnar Henderson,2024,2025,120,archived_pooled_20_80,B2V + age + PA Ridge,"ZScore_Contact_t,ZScore_Power_t,ZScore_Discipline_t,ZScore_Defense_t,ZScore_Speed_t,age_t_t,PA_t",140.31330035661557,10.0
fg:26294,Bryson Stott,2024,2025,100,archived_pooled_20_80,B2V + age + PA Ridge,"ZScore_Contact_t,ZScore_Power_t,ZScore_Discipline_t,ZScore_Defense_t,ZScore_Speed_t,age_t_t,PA_t",100.73999645921285,10.0
fg:26299,Josh Jung,2024,2025,91,archived_pooled_20_80,B2V + age + PA Ridge,"ZScore_Contact_t,ZScore_Power_t,ZScore_Discipline_t,ZScore_Defense_t,ZScore_Speed_t,age_t_t,PA_t",87.37446333922446,10.0
fg:26319,Michael Busch,2024,2025,140,archived_pooled_20_80,B2V + age + PA Ridge,"ZScore_Contact_t,ZScore_Power_t,ZScore_Discipline_t,ZScore_Defense_t,ZScore_Speed_t,age_t_t,PA_t",105.62234612573026,10.0
fg:26323,Spencer Steer,2024,2025,97,archived_pooled_20_80,B2V + age + PA Ridge,"ZScore_Contact_t,ZScore_Power_t,ZScore_Discipline_t,ZScore_Defense_t,ZScore_Speed_t,age_t_t,PA_t",107.33129222147244,10.0
fg:26368,JJ Bleday,2024,2025,90,archived_pooled_20_80,B2V + age + PA Ridge,"ZScore_Contact_t,ZScore_Power_t,ZScore_Discipline_t,ZScore_Defense_t,ZScore_Speed_t,age_t_t,PA_t",107.25800724882777,10.0
fg:26396,Josh Smith,2024,2025,100,archived_pooled_20_80,B2V + age + PA Ridge,"ZScore_Contact_t,ZScore_Power_t,ZScore_Discipline_t,ZScore_Defense_t,ZScore_Speed_t,age_t_t,PA_t",95.7357019130885,10.0
fg:26438,Dominic Canzone,2024,2025,141,archived_pooled_20_80,B2V + age + PA Ridge,"ZScore_Contact_t,ZScore_Power_t,ZScore_Discipline_t,ZScore_Defense_t,ZScore_Speed_t,age_t_t,PA_t",89.43466475658282,10.0
fg:26466,Matt Wallner,2024,2025,114,archived_pooled_20_80,B2V + age + PA Ridge,"ZScore_Contact_t,ZScore_Power_t,ZScore_Discipline_t,ZScore_Defense_t,ZScore_Speed_t,age_t_t,PA_t",112.25235168329503,10.0
fg:26467,Luis Matos,2024,2025,91,archived_pooled_20_80,B2V + age + PA Ridge,"ZScore_Contact_t,ZScore_Power_t,ZScore_Discipline_t,ZScore_Defense_t,ZScore_Speed_t,age_t_t,PA_t",88.71238655068117,10.0
fg:26477,Spencer Horwitz,2024,2025,119,archived_pooled_20_80,B2V + age + PA Ridge,"ZScore_Contact_t,ZScore_Power_t,ZScore_Discipline_t,ZScore_Defense_t,ZScore_Speed_t,age_t_t,PA_t",102.39154105907286,10.0
fg:26517,Noelvi Marte,2024,2025,101,archived_pooled_20_80,B2V + age + PA Ridge,"ZScore_Contact_t,ZScore_Power_t,ZScore_Discipline_t,ZScore_Defense_t,ZScore_Speed_t,age_t_t,PA_t",80.19005862724411,10.0
fg:26540,Angel Martinez,2024,2025,74,archived_pooled_20_80,B2V + age + PA Ridge,"ZScore_Contact_t,ZScore_Power_t,ZScore_Discipline_t,ZScore_Defense_t,ZScore_Speed_t,age_t_t,PA_t",86.97991989008356,10.0
fg:26668,Elly De La Cruz,2024,2025,109,archived_pooled_20_80,B2V + age + PA Ridge,"ZScore_Contact_t,ZScore_Power_t,ZScore_Discipline_t,ZScore_Defense_t,ZScore_Speed_t,age_t_t,PA_t",121.8313793018057,10.0
fg:27462,Austin Martin,2024,2025,113,archived_pooled_20_80,B2V + age + PA Ridge,"ZScore_Contact_t,ZScore_Power_t,ZScore_Discipline_t,ZScore_Defense_t,ZScore_Speed_t,age_t_t,PA_t",92.7059398226451,10.0
fg:27465,Spencer Torkelson,2024,2025,118,archived_pooled_20_80,B2V + age + PA Ridge,"ZScore_Contact_t,ZScore_Power_t,ZScore_Discipline_t,ZScore_Defense_t,ZScore_Speed_t,age_t_t,PA_t",92.27081800094209,10.0
fg:27467,Tyler Soderstrom,2024,2025,125,archived_pooled_20_80,B2V + age + PA Ridge,"ZScore_Contact_t,ZScore_Power_t,ZScore_Discipline_t,ZScore_Defense_t,ZScore_Speed_t,age_t_t,PA_t",106.53393323829026,10.0
fg:27475,Jordan Walker,2024,2025,66,archived_pooled_20_80,B2V + age + PA Ridge,"ZScore_Contact_t,ZScore_Power_t,ZScore_Discipline_t,ZScore_Defense_t,ZScore_Speed_t,age_t_t,PA_t",95.83296937265513,10.0
fg:27478,Patrick Bailey,2024,2025,70,archived_pooled_20_80,B2V + age + PA Ridge,"ZScore_Contact_t,ZScore_Power_t,ZScore_Discipline_t,ZScore_Defense_t,ZScore_Speed_t,age_t_t,PA_t",88.72597505504525,10.0
fg:27479,Masyn Winn,2024,2025,91,archived_pooled_20_80,B2V + age + PA Ridge,"ZScore_Contact_t,ZScore_Power_t,ZScore_Discipline_t,ZScore_Defense_t,ZScore_Speed_t,age_t_t,PA_t",103.5803027322856,10.0
fg:27490,Nick Gonzales,2024,2025,82,archived_pooled_20_80,B2V + age + PA Ridge,"ZScore_Contact_t,ZScore_Power_t,ZScore_Discipline_t,ZScore_Defense_t,ZScore_Speed_t,age_t_t,PA_t",90.05894925863443,10.0
fg:27506,Ha-seong Kim,2024,2025,82,archived_pooled_20_80,B2V + age + PA Ridge,"ZScore_Contact_t,ZScore_Power_t,ZScore_Discipline_t,ZScore_Defense_t,ZScore_Speed_t,age_t_t,PA_t",103.99623008670638,10.0
fg:27531,David Hamilton,2024,2025,60,archived_pooled_20_80,B2V + age + PA Ridge,"ZScore_Contact_t,ZScore_Power_t,ZScore_Discipline_t,ZScore_Defense_t,ZScore_Speed_t,age_t_t,PA_t",92.54889993348482,10.0
fg:27534,Edouard Julien,2024,2025,81,archived_pooled_20_80,B2V + age + PA Ridge,"ZScore_Contact_t,ZScore_Power_t,ZScore_Discipline_t,ZScore_Defense_t,ZScore_Speed_t,age_t_t,PA_t",93.40002684881858,10.0
fg:27562,Austin Wells,2024,2025,94,archived_pooled_20_80,B2V + age + PA Ridge,"ZScore_Contact_t,ZScore_Power_t,ZScore_Discipline_t,ZScore_Defense_t,ZScore_Speed_t,age_t_t,PA_t",96.04149295599404,10.0
fg:27577,Casey Schmitt,2024,2025,98,archived_pooled_20_80,B2V + age + PA Ridge,"ZScore_Contact_t,ZScore_Power_t,ZScore_Discipline_t,ZScore_Defense_t,ZScore_Speed_t,age_t_t,PA_t",91.88435512674405,10.0
fg:27615,Alec Burleson,2024,2025,124,archived_pooled_20_80,B2V + age + PA Ridge,"ZScore_Contact_t,ZScore_Power_t,ZScore_Discipline_t,ZScore_Defense_t,ZScore_Speed_t,age_t_t,PA_t",105.99743932280781,10.0
fg:27630,Nick Loftin,2024,2025,73,archived_pooled_20_80,B2V + age + PA Ridge,"ZScore_Contact_t,ZScore_Power_t,ZScore_Discipline_t,ZScore_Defense_t,ZScore_Speed_t,age_t_t,PA_t",80.71654890007159,10.0
fg:27647,Anthony Volpe,2024,2025,83,archived_pooled_20_80,B2V + age + PA Ridge,"ZScore_Contact_t,ZScore_Power_t,ZScore_Discipline_t,ZScore_Defense_t,ZScore_Speed_t,age_t_t,PA_t",94.13502835062195,10.0
fg:27676,Vinnie Pasquantino,2024,2025,116,archived_pooled_20_80,B2V + age + PA Ridge,"ZScore_Contact_t,ZScore_Power_t,ZScore_Discipline_t,ZScore_Defense_t,ZScore_Speed_t,age_t_t,PA_t",113.8261335075954,10.0
fg:27684,Michael Massey,2024,2025,57,archived_pooled_20_80,B2V + age + PA Ridge,"ZScore_Contact_t,ZScore_Power_t,ZScore_Discipline_t,ZScore_Defense_t,ZScore_Speed_t,age_t_t,PA_t",98.37069513409973,10.0
fg:27769,Pete Crow-Armstrong,2024,2025,109,archived_pooled_20_80,B2V + age + PA Ridge,"ZScore_Contact_t,ZScore_Power_t,ZScore_Discipline_t,ZScore_Defense_t,ZScore_Speed_t,age_t_t,PA_t",84.72256277733395,10.0
fg:27790,Evan Carter,2024,2025,107,archived_pooled_20_80,B2V + age + PA Ridge,"ZScore_Contact_t,ZScore_Power_t,ZScore_Discipline_t,ZScore_Defense_t,ZScore_Speed_t,age_t_t,PA_t",94.36856960985463,10.0
fg:27815,Jordan Westburg,2024,2025,115,archived_pooled_20_80,B2V + age + PA Ridge,"ZScore_Contact_t,ZScore_Power_t,ZScore_Discipline_t,ZScore_Defense_t,ZScore_Speed_t,age_t_t,PA_t",109.23273186306531,10.0
fg:27899,Colt Keith,2024,2025,109,archived_pooled_20_80,B2V + age + PA Ridge,"ZScore_Contact_t,ZScore_Power_t,ZScore_Discipline_t,ZScore_Defense_t,ZScore_Speed_t,age_t_t,PA_t",98.09202447698813,10.0
fg:28163,Junior Caminero,2024,2025,129,archived_pooled_20_80,B2V + age + PA Ridge,"ZScore_Contact_t,ZScore_Power_t,ZScore_Discipline_t,ZScore_Defense_t,ZScore_Speed_t,age_t_t,PA_t",102.57898001417392,10.0
fg:28806,Jackson Chourio,2024,2025,111,archived_pooled_20_80,B2V + age + PA Ridge,"ZScore_Contact_t,ZScore_Power_t,ZScore_Discipline_t,ZScore_Defense_t,ZScore_Speed_t,age_t_t,PA_t",114.24875584549444,10.0
fg:29490,Jackson Merrill,2024,2025,116,archived_pooled_20_80,B2V + age + PA Ridge,"ZScore_Contact_t,ZScore_Power_t,ZScore_Discipline_t,ZScore_Defense_t,ZScore_Speed_t,age_t_t,PA_t",117.2469777450057,10.0
fg:29518,James Wood,2024,2025,127,archived_pooled_20_80,B2V + age + PA Ridge,"ZScore_Contact_t,ZScore_Power_t,ZScore_Discipline_t,ZScore_Defense_t,ZScore_Speed_t,age_t_t,PA_t",120.21030153485911,10.0
fg:29575,Trey Sweeney,2024,2025,53,archived_pooled_20_80,B2V + age + PA Ridge,"ZScore_Contact_t,ZScore_Power_t,ZScore_Discipline_t,ZScore_Defense_t,ZScore_Speed_t,age_t_t,PA_t",86.66003192475333,10.0
fg:29576,Ben Rice,2024,2025,133,archived_pooled_20_80,B2V + age + PA Ridge,"ZScore_Contact_t,ZScore_Power_t,ZScore_Discipline_t,ZScore_Defense_t,ZScore_Speed_t,age_t_t,PA_t",99.2030298372967,10.0
fg:29591,Colton Cowser,2024,2025,83,archived_pooled_20_80,B2V + age + PA Ridge,"ZScore_Contact_t,ZScore_Power_t,ZScore_Discipline_t,ZScore_Defense_t,ZScore_Speed_t,age_t_t,PA_t",111.08528567152,10.0
fg:29592,Connor Norby,2024,2025,90,archived_pooled_20_80,B2V + age + PA Ridge,"ZScore_Contact_t,ZScore_Power_t,ZScore_Discipline_t,ZScore_Defense_t,ZScore_Speed_t,age_t_t,PA_t",88.65475766463436,10.0
fg:29606,Justyn-Henry Malloy,2024,2025,92,archived_pooled_20_80,B2V + age + PA Ridge,"ZScore_Contact_t,ZScore_Power_t,ZScore_Discipline_t,ZScore_Defense_t,ZScore_Speed_t,age_t_t,PA_t",88.63835353278013,10.0
fg:29617,Henry Davis,2024,2025,41,archived_pooled_20_80,B2V + age + PA Ridge,"ZScore_Contact_t,ZScore_Power_t,ZScore_Discipline_t,ZScore_Defense_t,ZScore_Speed_t,age_t_t,PA_t",72.32827115152872,10.0
fg:29622,Sal Frelick,2024,2025,114,archived_pooled_20_80,B2V + age + PA Ridge,"ZScore_Contact_t,ZScore_Power_t,ZScore_Discipline_t,ZScore_Defense_t,ZScore_Speed_t,age_t_t,PA_t",88.5091649809566,10.0
fg:29630,Joey Loperfido,2024,2025,148,archived_pooled_20_80,B2V + age + PA Ridge,"ZScore_Contact_t,ZScore_Power_t,ZScore_Discipline_t,ZScore_Defense_t,ZScore_Speed_t,age_t_t,PA_t",75.38823194318765,10.0
fg:2967,Tommy Pham,2024,2025,94,archived_pooled_20_80,B2V + age + PA Ridge,"ZScore_Contact_t,ZScore_Power_t,ZScore_Discipline_t,ZScore_Defense_t,ZScore_Speed_t,age_t_t,PA_t",96.25457306179047,10.0
fg:29715,Hunter Goodman,2024,2025,118,archived_pooled_20_80,B2V + age + PA Ridge,"ZScore_Contact_t,ZScore_Power_t,ZScore_Discipline_t,ZScore_Defense_t,ZScore_Speed_t,age_t_t,PA_t",91.51863701191643,10.0
fg:29766,Zack Gelof,2024,2025,36,archived_pooled_20_80,B2V + age + PA Ridge,"ZScore_Contact_t,ZScore_Power_t,ZScore_Discipline_t,ZScore_Defense_t,ZScore_Speed_t,age_t_t,PA_t",87.76183791706363,10.0
fg:29794,Kyle Manzardo,2024,2025,113,archived_pooled_20_80,B2V + age + PA Ridge,"ZScore_Contact_t,ZScore_Power_t,ZScore_Discipline_t,ZScore_Defense_t,ZScore_Speed_t,age_t_t,PA_t",90.210242205168,10.0
fg:29931,Jacob Young,2024,2025,66,archived_pooled_20_80,B2V + age + PA Ridge,"ZScore_Contact_t,ZScore_Power_t,ZScore_Discipline_t,ZScore_Defense_t,ZScore_Speed_t,age_t_t,PA_t",85.56025403310473,10.0
fg:30011,Christian Encarnacion-Strand,2024,2025,59,archived_pooled_20_80,B2V + age + PA Ridge,"ZScore_Contact_t,ZScore_Power_t,ZScore_Discipline_t,ZScore_Defense_t,ZScore_Speed_t,age_t_t,PA_t",79.20200430365117,10.0
fg:30116,Seiya Suzuki,2024,2025,123,archived_pooled_20_80,B2V + age + PA Ridge,"ZScore_Contact_t,ZScore_Power_t,ZScore_Discipline_t,ZScore_Defense_t,ZScore_Speed_t,age_t_t,PA_t",120.91096805341286,10.0
fg:31166,Heston Kjerstad,2024,2025,57,archived_pooled_20_80,B2V + age + PA Ridge,"ZScore_Contact_t,ZScore_Power_t,ZScore_Discipline_t,ZScore_Defense_t,ZScore_Speed_t,age_t_t,PA_t",88.03062842040957,10.0
fg:31347,Zach Neto,2024,2025,116,archived_pooled_20_80,B2V + age + PA Ridge,"ZScore_Contact_t,ZScore_Power_t,ZScore_Discipline_t,ZScore_Defense_t,ZScore_Speed_t,age_t_t,PA_t",105.92550211245388,10.0
fg:31349,Victor Scott II,2024,2025,76,archived_pooled_20_80,B2V + age + PA Ridge,"ZScore_Contact_t,ZScore_Power_t,ZScore_Discipline_t,ZScore_Defense_t,ZScore_Speed_t,age_t_t,PA_t",79.00857569863092,10.0
fg:31394,Brooks Baldwin,2024,2025,92,archived_pooled_20_80,B2V + age + PA Ridge,"ZScore_Contact_t,ZScore_Power_t,ZScore_Discipline_t,ZScore_Defense_t,ZScore_Speed_t,age_t_t,PA_t",76.25974168522065,10.0
fg:31431,Jordan Beck,2024,2025,90,archived_pooled_20_80,B2V + age + PA Ridge,"ZScore_Contact_t,ZScore_Power_t,ZScore_Discipline_t,ZScore_Defense_t,ZScore_Speed_t,age_t_t,PA_t",76.77754005713474,10.0
fg:31595,Brooks Lee,2024,2025,81,archived_pooled_20_80,B2V + age + PA Ridge,"ZScore_Contact_t,ZScore_Power_t,ZScore_Discipline_t,ZScore_Defense_t,ZScore_Speed_t,age_t_t,PA_t",82.7771473067873,10.0
fg:31781,Jackson Holliday,2024,2025,96,archived_pooled_20_80,B2V + age + PA Ridge,"ZScore_Contact_t,ZScore_Power_t,ZScore_Discipline_t,ZScore_Defense_t,ZScore_Speed_t,age_t_t,PA_t",89.94973894028641,10.0
fg:31837,Masataka Yoshida,2024,2025,88,archived_pooled_20_80,B2V + age + PA Ridge,"ZScore_Contact_t,ZScore_Power_t,ZScore_Discipline_t,ZScore_Defense_t,ZScore_Speed_t,age_t_t,PA_t",99.4754003300214,10.0
fg:33189,Nolan Schanuel,2024,2025,109,archived_pooled_20_80,B2V + age + PA Ridge,"ZScore_Contact_t,ZScore_Power_t,ZScore_Discipline_t,ZScore_Defense_t,ZScore_Speed_t,age_t_t,PA_t",105.05379184924995,10.0
fg:33266,Jacob Wilson,2024,2025,121,archived_pooled_20_80,B2V + age + PA Ridge,"ZScore_Contact_t,ZScore_Power_t,ZScore_Discipline_t,ZScore_Defense_t,ZScore_Speed_t,age_t_t,PA_t",85.61807848000905,10.0
fg:33333,Wyatt Langford,2024,2025,118,archived_pooled_20_80,B2V + age + PA Ridge,"ZScore_Contact_t,ZScore_Power_t,ZScore_Discipline_t,ZScore_Defense_t,ZScore_Speed_t,age_t_t,PA_t",113.78656567733019,10.0
fg:33541,Dylan Crews,2024,2025,77,archived_pooled_20_80,B2V + age + PA Ridge,"ZScore_Contact_t,ZScore_Power_t,ZScore_Discipline_t,ZScore_Defense_t,ZScore_Speed_t,age_t_t,PA_t",98.29990788401584,10.0
fg:33824,Jung Hoo Lee,2024,2025,107,archived_pooled_20_80,B2V + age + PA Ridge,"ZScore_Contact_t,ZScore_Power_t,ZScore_Discipline_t,ZScore_Defense_t,ZScore_Speed_t,age_t_t,PA_t",98.73048341382848,10.0
fg:4949,Giancarlo Stanton,2024,2025,158,archived_pooled_20_80,B2V + age + PA Ridge,"ZScore_Contact_t,ZScore_Power_t,ZScore_Discipline_t,ZScore_Defense_t,ZScore_Speed_t,age_t_t,PA_t",111.91781330606726,10.0
fg:5235,Justin Turner,2024,2025,71,archived_pooled_20_80,B2V + age + PA Ridge,"ZScore_Contact_t,ZScore_Power_t,ZScore_Discipline_t,ZScore_Defense_t,ZScore_Speed_t,age_t_t,PA_t",86.19171273452282,10.0
fg:5361,Freddie Freeman,2024,2025,139,archived_pooled_20_80,B2V + age + PA Ridge,"ZScore_Contact_t,ZScore_Power_t,ZScore_Discipline_t,ZScore_Defense_t,ZScore_Speed_t,age_t_t,PA_t",112.66073643297845,10.0
fg:5417,Jose Altuve,2024,2025,113,archived_pooled_20_80,B2V + age + PA Ridge,"ZScore_Contact_t,ZScore_Power_t,ZScore_Discipline_t,ZScore_Defense_t,ZScore_Speed_t,age_t_t,PA_t",94.10273690876276,10.0
fg:5517,Kyle Higashioka,2024,2025,93,archived_pooled_20_80,B2V + age + PA Ridge,"ZScore_Contact_t,ZScore_Power_t,ZScore_Discipline_t,ZScore_Defense_t,ZScore_Speed_t,age_t_t,PA_t",87.59429882332569,10.0
fg:5827,Wilmer Flores,2024,2025,95,archived_pooled_20_80,B2V + age + PA Ridge,"ZScore_Contact_t,ZScore_Power_t,ZScore_Discipline_t,ZScore_Defense_t,ZScore_Speed_t,age_t_t,PA_t",78.85333811096017,10.0
fg:6887,Martin Maldonado,2024,2025,61,archived_pooled_20_80,B2V + age + PA Ridge,"ZScore_Contact_t,ZScore_Power_t,ZScore_Discipline_t,ZScore_Defense_t,ZScore_Speed_t,age_t_t,PA_t",59.21907037706413,10.0
fg:7304,Salvador Perez,2024,2025,95,archived_pooled_20_80,B2V + age + PA Ridge,"ZScore_Contact_t,ZScore_Power_t,ZScore_Discipline_t,ZScore_Defense_t,ZScore_Speed_t,age_t_t,PA_t",93.92297438867526,10.0
fg:7739,Travis d'Arnaud,2024,2025,64,archived_pooled_20_80,B2V + age + PA Ridge,"ZScore_Contact_t,ZScore_Power_t,ZScore_Discipline_t,ZScore_Defense_t,ZScore_Speed_t,age_t_t,PA_t",87.66230503078003,10.0
fg:7802,Miguel Rojas,2024,2025,100,archived_pooled_20_80,B2V + age + PA Ridge,"ZScore_Contact_t,ZScore_Power_t,ZScore_Discipline_t,ZScore_Defense_t,ZScore_Speed_t,age_t_t,PA_t",86.94375805360544,10.0
fg:8623,Donovan Solano,2024,2025,82,archived_pooled_20_80,B2V + age + PA Ridge,"ZScore_Contact_t,ZScore_Power_t,ZScore_Discipline_t,ZScore_Defense_t,ZScore_Speed_t,age_t_t,PA_t",81.29907646383441,10.0
fg:9218,Paul Goldschmidt,2024,2025,103,archived_pooled_20_80,B2V + age + PA Ridge,"ZScore_Contact_t,ZScore_Power_t,ZScore_Discipline_t,ZScore_Defense_t,ZScore_Speed_t,age_t_t,PA_t",99.6043227154269,10.0
fg:9241,Starling Marte,2024,2025,112,archived_pooled_20_80,B2V + age + PA Ridge,"ZScore_Contact_t,ZScore_Power_t,ZScore_Discipline_t,ZScore_Defense_t,ZScore_Speed_t,age_t_t,PA_t",93.5211205105466,10.0
fg:9774,Christian Vazquez,2024,2025,55,archived_pooled_20_80,B2V + age + PA Ridge,"ZScore_Contact_t,ZScore_Power_t,ZScore_Discipline_t,ZScore_Defense_t,ZScore_Speed_t,age_t_t,PA_t",70.74167503744329,10.0
fg:9777,Nolan Arenado,2024,2025,84,archived_pooled_20_80,B2V + age + PA Ridge,"ZScore_Contact_t,ZScore_Power_t,ZScore_Discipline_t,ZScore_Defense_t,ZScore_Speed_t,age_t_t,PA_t",86.90247647462141,10.0
fg:9847,Andrew McCutchen,2024,2025,95,archived_pooled_20_80,B2V + age + PA Ridge,"ZScore_Contact_t,ZScore_Power_t,ZScore_Discipline_t,ZScore_Defense_t,ZScore_Speed_t,age_t_t,PA_t",94.39860565299196,10.0
fg:9874,DJ LeMahieu,2024,2025,95,archived_pooled_20_80,B2V + age + PA Ridge,"ZScore_Contact_t,ZScore_Power_t,ZScore_Discipline_t,ZScore_Defense_t,ZScore_Speed_t,age_t_t,PA_t",77.28681015716073,10.0
fg:10155,Mike Trout,2024,2025,120,archived_pooled_20_80,wRC+ + B2V + age + PA Ridge,"wRC+_t,ZScore_Contact_t,ZScore_Power_t,ZScore_Discipline_t,ZScore_Defense_t,ZScore_Speed_t,age_t_t,PA_t",113.30089179531198,10.0
fg:10231,Jose Iglesias,2024,2025,73,archived_pooled_20_80,wRC+ + B2V + age + PA Ridge,"wRC+_t,ZScore_Contact_t,ZScore_Power_t,ZScore_Discipline_t,ZScore_Defense_t,ZScore_Speed_t,age_t_t,PA_t",80.31606791634002,10.0
fg:10243,Randal Grichuk,2024,2025,82,archived_pooled_20_80,wRC+ + B2V + age + PA Ridge,"wRC+_t,ZScore_Contact_t,ZScore_Power_t,ZScore_Discipline_t,ZScore_Defense_t,ZScore_Speed_t,age_t_t,PA_t",108.93761667078996,10.0
fg:10324,Marcell Ozuna,2024,2025,114,archived_pooled_20_80,wRC+ + B2V + age + PA Ridge,"wRC+_t,ZScore_Contact_t,ZScore_Power_t,ZScore_Discipline_t,ZScore_Defense_t,ZScore_Speed_t,age_t_t,PA_t",124.26392062018672,10.0
fg:10472,Enrique Hernandez,2024,2025,70,archived_pooled_20_80,wRC+ + B2V + age + PA Ridge,"wRC+_t,ZScore_Contact_t,ZScore_Power_t,ZScore_Discipline_t,ZScore_Defense_t,ZScore_Speed_t,age_t_t,PA_t",90.9161177199178,10.0
fg:10681,Gio Urshela,2024,2025,68,archived_pooled_20_80,wRC+ + B2V + age + PA Ridge,"wRC+_t,ZScore_Contact_t,ZScore_Power_t,ZScore_Discipline_t,ZScore_Defense_t,ZScore_Speed_t,age_t_t,PA_t",77.57650243424965,10.0
fg:10815,Jurickson Profar,2024,2025,122,archived_pooled_20_80,wRC+ + B2V + age + PA Ridge,"wRC+_t,ZScore_Contact_t,ZScore_Power_t,ZScore_Discipline_t,ZScore_Defense_t,ZScore_Speed_t,age_t_t,PA_t",118.82959114203075,10.0
fg:11442,Gary Sanchez,2024,2025,100,archived_pooled_20_80,wRC+ + B2V + age + PA Ridge,"wRC+_t,ZScore_Contact_t,ZScore_Power_t,ZScore_Discipline_t,ZScore_Defense_t,ZScore_Speed_t,age_t_t,PA_t",96.75010527176435,10.0
fg:11445,Mark Canha,2024,2025,49,archived_pooled_20_80,wRC+ + B2V + age + PA Ridge,"wRC+_t,ZScore_Contact_t,ZScore_Power_t,ZScore_Discipline_t,ZScore_Defense_t,ZScore_Speed_t,age_t_t,PA_t",87.20675432762424,10.0
fg:11477,Christian Yelich,2024,2025,121,archived_pooled_20_80,wRC+ + B2V + age + PA Ridge,"wRC+_t,ZScore_Contact_t,ZScore_Power_t,ZScore_Discipline_t,ZScore_Defense_t,ZScore_Speed_t,age_t_t,PA_t",117.07909284331161,10.0
fg:11493,Manny Machado,2024,2025,123,archived_pooled_20_80,wRC+ + B2V + age + PA Ridge,"wRC+_t,ZScore_Contact_t,ZScore_Power_t,ZScore_Discipline_t,ZScore_Defense_t,ZScore_Speed_t,age_t_t,PA_t",114.68540725695433,10.0
fg:11579,Bryce Harper,2024,2025,131,archived_pooled_20_80,wRC+ + B2V + age + PA Ridge,"wRC+_t,ZScore_Contact_t,ZScore_Power_t,ZScore_Discipline_t,ZScore_Defense_t,ZScore_Speed_t,age_t_t,PA_t",113.14211922389833,10.0
fg:11609,Willson Contreras,2024,2025,124,archived_pooled_20_80,wRC+ + B2V + age + PA Ridge,"wRC+_t,ZScore_Contact_t,ZScore_Power_t,ZScore_Discipline_t,ZScore_Defense_t,ZScore_Speed_t,age_t_t,PA_t",103.16626149598694,10.0
fg:11680,Elias Diaz,2024,2025,74,archived_pooled_20_80,wRC+ + B2V + age + PA Ridge,"wRC+_t,ZScore_Contact_t,ZScore_Power_t,ZScore_Discipline_t,ZScore_Defense_t,ZScore_Speed_t,age_t_t,PA_t",74.29863521212926,10.0
fg:11737,Nick Castellanos,2024,2025,90,archived_pooled_20_80,wRC+ + B2V + age + PA Ridge,"wRC+_t,ZScore_Contact_t,ZScore_Power_t,ZScore_Discipline_t,ZScore_Defense_t,ZScore_Speed_t,age_t_t,PA_t",93.93723782172762,10.0
fg:11739,J.T. Realmuto,2024,2025,94,archived_pooled_20_80,wRC+ + B2V + age + PA Ridge,"wRC+_t,ZScore_Contact_t,ZScore_Power_t,ZScore_Discipline_t,ZScore_Defense_t,ZScore_Speed_t,age_t_t,PA_t",94.65819819207579,10.0
fg:11899,Joc Pederson,2024,2025,76,archived_pooled_20_80,wRC+ + B2V + age + PA Ridge,"wRC+_t,ZScore_Contact_t,ZScore_Power_t,ZScore_Discipline_t,ZScore_Defense_t,ZScore_Speed_t,age_t_t,PA_t",117.90814693576068,10.0
fg:12005,Nick Martini,2024,2025,49,archived_pooled_20_80,wRC+ + B2V + age + PA Ridge,"wRC+_t,ZScore_Contact_t,ZScore_Power_t,ZScore_Discipline_t,ZScore_Defense_t,ZScore_Speed_t,age_t_t,PA_t",78.95097830136302,10.0
fg:12144,Max Kepler,2024,2025,90,archived_pooled_20_80,wRC+ + B2V + age + PA Ridge,"wRC+_t,ZScore_Contact_t,ZScore_Power_t,ZScore_Discipline_t,ZScore_Defense_t,ZScore_Speed_t,age_t_t,PA_t",87.7003978257825,10.0
fg:12161,Xander Bogaerts,2024,2025,104,archived_pooled_20_80,wRC+ + B2V + age + PA Ridge,"wRC+_t,ZScore_Contact_t,ZScore_Power_t,ZScore_Discipline_t,ZScore_Defense_t,ZScore_Speed_t,age_t_t,PA_t",95.09412945084766,10.0
fg:12533,Marcus Semien,2024,2025,89,archived_pooled_20_80,wRC+ + B2V + age + PA Ridge,"wRC+_t,ZScore_Contact_t,ZScore_Power_t,ZScore_Discipline_t,ZScore_Defense_t,ZScore_Speed_t,age_t_t,PA_t",94.71393960501065,10.0
fg:12552,Eugenio Suarez,2024,2025,125,archived_pooled_20_80,wRC+ + B2V + age + PA Ridge,"wRC+_t,ZScore_Contact_t,ZScore_Power_t,ZScore_Discipline_t,ZScore_Defense_t,ZScore_Speed_t,age_t_t,PA_t",101.01941242826602,10.0
fg:12564,Trevor Story,2024,2025,101,archived_pooled_20_80,wRC+ + B2V + age + PA Ridge,"wRC+_t,ZScore_Contact_t,ZScore_Power_t,ZScore_Discipline_t,ZScore_Defense_t,ZScore_Speed_t,age_t_t,PA_t",66.81148957741323,10.0
fg:12856,George Springer,2024,2025,166,archived_pooled_20_80,wRC+ + B2V + age + PA Ridge,"wRC+_t,ZScore_Contact_t,ZScore_Power_t,ZScore_Discipline_t,ZScore_Defense_t,ZScore_Speed_t,age_t_t,PA_t",97.62249759798769,10.0
fg:12859,James McCann,2024,2025,110,archived_pooled_20_80,wRC+ + B2V + age + PA Ridge,"wRC+_t,ZScore_Contact_t,ZScore_Power_t,ZScore_Discipline_t,ZScore_Defense_t,ZScore_Speed_t,age_t_t,PA_t",80.67598936752182,10.0
fg:12916,Francisco Lindor,2024,2025,129,archived_pooled_20_80,wRC+ + B2V + age + PA Ridge,"wRC+_t,ZScore_Contact_t,ZScore_Power_t,ZScore_Discipline_t,ZScore_Defense_t,ZScore_Speed_t,age_t_t,PA_t",118.5940000114889,10.0
fg:12927,Brandon Nimmo,2024,2025,114,archived_pooled_20_80,wRC+ + B2V + age + PA Ridge,"wRC+_t,ZScore_Contact_t,ZScore_Power_t,ZScore_Discipline_t,ZScore_Defense_t,ZScore_Speed_t,age_t_t,PA_t",111.38309478401094,10.0
fg:12976,Austin Hedges,2024,2025,51,archived_pooled_20_80,wRC+ + B2V + age + PA Ridge,"wRC+_t,ZScore_Contact_t,ZScore_Power_t,ZScore_Discipline_t,ZScore_Defense_t,ZScore_Speed_t,age_t_t,PA_t",47.938088205532864,10.0
fg:12979,Javier Baez,2024,2025,86,archived_pooled_20_80,wRC+ + B2V + age + PA Ridge,"wRC+_t,ZScore_Contact_t,ZScore_Power_t,ZScore_Discipline_t,ZScore_Defense_t,ZScore_Speed_t,age_t_t,PA_t",76.10715703794389,10.0
fg:13066,Teoscar Hernandez,2024,2025,102,archived_pooled_20_80,wRC+ + B2V + age + PA Ridge,"wRC+_t,ZScore_Contact_t,ZScore_Power_t,ZScore_Discipline_t,ZScore_Defense_t,ZScore_Speed_t,age_t_t,PA_t",112.72778130492073,10.0
fg:13145,Josh Bell,2024,2025,107,archived_pooled_20_80,wRC+ + B2V + age + PA Ridge,"wRC+_t,ZScore_Contact_t,ZScore_Power_t,ZScore_Discipline_t,ZScore_Defense_t,ZScore_Speed_t,age_t_t,PA_t",97.93557662483174,10.0
fg:13152,Jorge Polanco,2024,2025,132,archived_pooled_20_80,wRC+ + B2V + age + PA Ridge,"wRC+_t,ZScore_Contact_t,ZScore_Power_t,ZScore_Discipline_t,ZScore_Defense_t,ZScore_Speed_t,age_t_t,PA_t",91.05264081246683,10.0
fg:13185,Orlando Arcia,2024,2025,33,archived_pooled_20_80,wRC+ + B2V + age + PA Ridge,"wRC+_t,ZScore_Contact_t,ZScore_Power_t,ZScore_Discipline_t,ZScore_Defense_t,ZScore_Speed_t,age_t_t,PA_t",84.64354617049507,10.0
fg:13324,Ildemaro Vargas,2024,2025,85,archived_pooled_20_80,wRC+ + B2V + age + PA Ridge,"wRC+_t,ZScore_Contact_t,ZScore_Power_t,ZScore_Discipline_t,ZScore_Defense_t,ZScore_Speed_t,age_t_t,PA_t",84.02092649941049,10.0
fg:13419,Christian Walker,2024,2025,99,archived_pooled_20_80,wRC+ + B2V + age + PA Ridge,"wRC+_t,ZScore_Contact_t,ZScore_Power_t,ZScore_Discipline_t,ZScore_Defense_t,ZScore_Speed_t,age_t_t,PA_t",107.45521527009288,10.0
fg:13510,Jose Ramirez,2024,2025,133,archived_pooled_20_80,wRC+ + B2V + age + PA Ridge,"wRC+_t,ZScore_Contact_t,ZScore_Power_t,ZScore_Discipline_t,ZScore_Defense_t,ZScore_Speed_t,age_t_t,PA_t",125.03572047344252,10.0
fg:13611,Mookie Betts,2024,2025,104,archived_pooled_20_80,wRC+ + B2V + age + PA Ridge,"wRC+_t,ZScore_Contact_t,ZScore_Power_t,ZScore_Discipline_t,ZScore_Defense_t,ZScore_Speed_t,age_t_t,PA_t",120.38024057157976,10.0
fg:13613,Ketel Marte,2024,2025,145,archived_pooled_20_80,wRC+ + B2V + age + PA Ridge,"wRC+_t,ZScore_Contact_t,ZScore_Power_t,ZScore_Discipline_t,ZScore_Defense_t,ZScore_Speed_t,age_t_t,PA_t",136.26416905425953,10.0
fg:13620,Carson Kelly,2024,2025,115,archived_pooled_20_80,wRC+ + B2V + age + PA Ridge,"wRC+_t,ZScore_Contact_t,ZScore_Power_t,ZScore_Discipline_t,ZScore_Defense_t,ZScore_Speed_t,age_t_t,PA_t",86.00689873881443,10.0
fg:13624,Corey Seager,2024,2025,138,archived_pooled_20_80,wRC+ + B2V + age + PA Ridge,"wRC+_t,ZScore_Contact_t,ZScore_Power_t,ZScore_Discipline_t,ZScore_Defense_t,ZScore_Speed_t,age_t_t,PA_t",116.63604329489786,10.0
fg:13675,Tyrone Taylor,2024,2025,70,archived_pooled_20_80,wRC+ + B2V + age + PA Ridge,"wRC+_t,ZScore_Contact_t,ZScore_Power_t,ZScore_Discipline_t,ZScore_Defense_t,ZScore_Speed_t,age_t_t,PA_t",87.53708172145446,10.0
fg:13723,Jacob Stallings,2024,2025,-7,archived_pooled_20_80,wRC+ + B2V + age + PA Ridge,"wRC+_t,ZScore_Contact_t,ZScore_Power_t,ZScore_Discipline_t,ZScore_Defense_t,ZScore_Speed_t,age_t_t,PA_t",84.68927146907151,10.0
fg:13757,Chris Taylor,2024,2025,56,archived_pooled_20_80,wRC+ + B2V + age + PA Ridge,"wRC+_t,ZScore_Contact_t,ZScore_Power_t,ZScore_Discipline_t,ZScore_Defense_t,ZScore_Speed_t,age_t_t,PA_t",72.45519819379938,10.0
fg:13770,Rob Refsnyder,2024,2025,128,archived_pooled_20_80,wRC+ + B2V + age + PA Ridge,"wRC+_t,ZScore_Contact_t,ZScore_Power_t,ZScore_Discipline_t,ZScore_Defense_t,ZScore_Speed_t,age_t_t,PA_t",97.80449113936695,10.0
fg:14161,Byron Buxton,2024,2025,136,archived_pooled_20_80,wRC+ + B2V + age + PA Ridge,"wRC+_t,ZScore_Contact_t,ZScore_Power_t,ZScore_Discipline_t,ZScore_Defense_t,ZScore_Speed_t,age_t_t,PA_t",101.66698363412719,10.0
fg:14162,Carlos Correa,2024,2025,106,archived_pooled_20_80,wRC+ + B2V + age + PA Ridge,"wRC+_t,ZScore_Contact_t,ZScore_Power_t,ZScore_Discipline_t,ZScore_Defense_t,ZScore_Speed_t,age_t_t,PA_t",114.2327944497796,10.0
fg:14221,Jorge Soler,2024,2025,88,archived_pooled_20_80,wRC+ + B2V + age + PA Ridge,"wRC+_t,ZScore_Contact_t,ZScore_Power_t,ZScore_Discipline_t,ZScore_Defense_t,ZScore_Speed_t,age_t_t,PA_t",108.96130776873491,10.0
fg:14344,Matt Olson,2024,2025,136,archived_pooled_20_80,wRC+ + B2V + age + PA Ridge,"wRC+_t,ZScore_Contact_t,ZScore_Power_t,ZScore_Discipline_t,ZScore_Defense_t,ZScore_Speed_t,age_t_t,PA_t",110.24264823993047,10.0
fg:14551,Anthony Santander,2024,2025,61,archived_pooled_20_80,wRC+ + B2V + age + PA Ridge,"wRC+_t,ZScore_Contact_t,ZScore_Power_t,ZScore_Discipline_t,ZScore_Defense_t,ZScore_Speed_t,age_t_t,PA_t",114.90294085722846,10.0
fg:14813,Kyle Farmer,2024,2025,65,archived_pooled_20_80,wRC+ + B2V + age + PA Ridge,"wRC+_t,ZScore_Contact_t,ZScore_Power_t,ZScore_Discipline_t,ZScore_Defense_t,ZScore_Speed_t,age_t_t,PA_t",75.85225401984344,10.0
fg:14854,Mike Yastrzemski,2024,2025,106,archived_pooled_20_80,wRC+ + B2V + age + PA Ridge,"wRC+_t,ZScore_Contact_t,ZScore_Power_t,ZScore_Discipline_t,ZScore_Defense_t,ZScore_Speed_t,age_t_t,PA_t",96.88872823243075,10.0
fg:14968,Victor Caratini,2024,2025,104,archived_pooled_20_80,wRC+ + B2V + age + PA Ridge,"wRC+_t,ZScore_Contact_t,ZScore_Power_t,ZScore_Discipline_t,ZScore_Defense_t,ZScore_Speed_t,age_t_t,PA_t",92.63686965553113,10.0
fg:15112,Ryan McMahon,2024,2025,86,archived_pooled_20_80,wRC+ + B2V + age + PA Ridge,"wRC+_t,ZScore_Contact_t,ZScore_Power_t,ZScore_Discipline_t,ZScore_Defense_t,ZScore_Speed_t,age_t_t,PA_t",104.18061860415617,10.0
fg:15161,Mitch Garver,2024,2025,86,archived_pooled_20_80,wRC+ + B2V + age + PA Ridge,"wRC+_t,ZScore_Contact_t,ZScore_Power_t,ZScore_Discipline_t,ZScore_Defense_t,ZScore_Speed_t,age_t_t,PA_t",88.14572957395958,10.0
fg:15194,Jake Bauers,2024,2025,114,archived_pooled_20_80,wRC+ + B2V + age + PA Ridge,"wRC+_t,ZScore_Contact_t,ZScore_Power_t,ZScore_Discipline_t,ZScore_Defense_t,ZScore_Speed_t,age_t_t,PA_t",94.72984116978591,10.0
fg:15223,Adam Frazier,2024,2025,89,archived_pooled_20_80,wRC+ + B2V + age + PA Ridge,"wRC+_t,ZScore_Contact_t,ZScore_Power_t,ZScore_Discipline_t,ZScore_Defense_t,ZScore_Speed_t,age_t_t,PA_t",73.58043821164925,10.0
fg:15274,Mike Tauchman,2024,2025,115,archived_pooled_20_80,wRC+ + B2V + age + PA Ridge,"wRC+_t,ZScore_Contact_t,ZScore_Power_t,ZScore_Discipline_t,ZScore_Defense_t,ZScore_Speed_t,age_t_t,PA_t",95.48320770575704,10.0
fg:15362,Jeff McNeil,2024,2025,111,archived_pooled_20_80,wRC+ + B2V + age + PA Ridge,"wRC+_t,ZScore_Contact_t,ZScore_Power_t,ZScore_Discipline_t,ZScore_Defense_t,ZScore_Speed_t,age_t_t,PA_t",83.346193124777,10.0
fg:15464,Hunter Renfroe,2024,2025,32,archived_pooled_20_80,wRC+ + B2V + age + PA Ridge,"wRC+_t,ZScore_Contact_t,ZScore_Power_t,ZScore_Discipline_t,ZScore_Defense_t,ZScore_Speed_t,age_t_t,PA_t",93.52676727494325,10.0
fg:15491,J.P. Crawford,2024,2025,113,archived_pooled_20_80,wRC+ + B2V + age + PA Ridge,"wRC+_t,ZScore_Contact_t,ZScore_Power_t,ZScore_Discipline_t,ZScore_Defense_t,ZScore_Speed_t,age_t_t,PA_t",96.86153324964985,10.0
fg:15518,Amed Rosario,2024,2025,106,archived_pooled_20_80,wRC+ + B2V + age + PA Ridge,"wRC+_t,ZScore_Contact_t,ZScore_Power_t,ZScore_Discipline_t,ZScore_Defense_t,ZScore_Speed_t,age_t_t,PA_t",79.44133828060008,10.0
fg:15640,Aaron Judge,2024,2025,204,archived_pooled_20_80,wRC+ + B2V + age + PA Ridge,"wRC+_t,ZScore_Contact_t,ZScore_Power_t,ZScore_Discipline_t,ZScore_Defense_t,ZScore_Speed_t,age_t_t,PA_t",169.521340960982,10.0
fg:15653,Dominic Smith,2024,2025,111,archived_pooled_20_80,wRC+ + B2V + age + PA Ridge,"wRC+_t,ZScore_Contact_t,ZScore_Power_t,ZScore_Discipline_t,ZScore_Defense_t,ZScore_Speed_t,age_t_t,PA_t",90.63310346572018,10.0
fg:15674,Reese McGuire,2024,2025,86,archived_pooled_20_80,wRC+ + B2V + age + PA Ridge,"wRC+_t,ZScore_Contact_t,ZScore_Power_t,ZScore_Discipline_t,ZScore_Defense_t,ZScore_Speed_t,age_t_t,PA_t",74.5291563890592,10.0
fg:15679,Rowdy Tellez,2024,2025,101,archived_pooled_20_80,wRC+ + B2V + age + PA Ridge,"wRC+_t,ZScore_Contact_t,ZScore_Power_t,ZScore_Discipline_t,ZScore_Defense_t,ZScore_Speed_t,age_t_t,PA_t",101.90519240364084,10.0
fg:15711,Tyler O'Neill,2024,2025,91,archived_pooled_20_80,wRC+ + B2V + age + PA Ridge,"wRC+_t,ZScore_Contact_t,ZScore_Power_t,ZScore_Discipline_t,ZScore_Defense_t,ZScore_Speed_t,age_t_t,PA_t",114.2281409929104,10.0
fg:15730,Tyler Wade,2024,2025,69,archived_pooled_20_80,wRC+ + B2V + age + PA Ridge,"wRC+_t,ZScore_Contact_t,ZScore_Power_t,ZScore_Discipline_t,ZScore_Defense_t,ZScore_Speed_t,age_t_t,PA_t",72.36557043505685,10.0
fg:15878,Miguel Andujar,2024,2025,125,archived_pooled_20_80,wRC+ + B2V + age + PA Ridge,"wRC+_t,ZScore_Contact_t,ZScore_Power_t,ZScore_Discipline_t,ZScore_Defense_t,ZScore_Speed_t,age_t_t,PA_t",85.17674380346637,10.0
fg:15905,Luis Torrens,2024,2025,79,archived_pooled_20_80,wRC+ + B2V + age + PA Ridge,"wRC+_t,ZScore_Contact_t,ZScore_Power_t,ZScore_Discipline_t,ZScore_Defense_t,ZScore_Speed_t,age_t_t,PA_t",90.98811942108817,10.0
fg:15986,Willy Adames,2024,2025,108,archived_pooled_20_80,wRC+ + B2V + age + PA Ridge,"wRC+_t,ZScore_Contact_t,ZScore_Power_t,ZScore_Discipline_t,ZScore_Defense_t,ZScore_Speed_t,age_t_t,PA_t",108.10974085930965,10.0
fg:15998,Cody Bellinger,2024,2025,125,archived_pooled_20_80,wRC+ + B2V + age + PA Ridge,"wRC+_t,ZScore_Contact_t,ZScore_Power_t,ZScore_Discipline_t,ZScore_Defense_t,ZScore_Speed_t,age_t_t,PA_t",97.81536807551238,10.0
fg:16153,Austin Slater,2024,2025,78,archived_pooled_20_80,wRC+ + B2V + age + PA Ridge,"wRC+_t,ZScore_Contact_t,ZScore_Power_t,ZScore_Discipline_t,ZScore_Defense_t,ZScore_Speed_t,age_t_t,PA_t",77.00481432208734,10.0
fg:16252,Trea Turner,2024,2025,125,archived_pooled_20_80,wRC+ + B2V + age + PA Ridge,"wRC+_t,ZScore_Contact_t,ZScore_Power_t,ZScore_Discipline_t,ZScore_Defense_t,ZScore_Speed_t,age_t_t,PA_t",98.11137705672522,10.0
fg:16376,Michael Conforto,2024,2025,83,archived_pooled_20_80,wRC+ + B2V + age + PA Ridge,"wRC+_t,ZScore_Contact_t,ZScore_Power_t,ZScore_Discipline_t,ZScore_Defense_t,ZScore_Speed_t,age_t_t,PA_t",108.62431919331021,10.0
fg:16426,Thairo Estrada,2024,2025,66,archived_pooled_20_80,wRC+ + B2V + age + PA Ridge,"wRC+_t,ZScore_Contact_t,ZScore_Power_t,ZScore_Discipline_t,ZScore_Defense_t,ZScore_Speed_t,age_t_t,PA_t",77.76853490402512,10.0
fg:16442,Ryan O'Hearn,2024,2025,127,archived_pooled_20_80,wRC+ + B2V + age + PA Ridge,"wRC+_t,ZScore_Contact_t,ZScore_Power_t,ZScore_Discipline_t,ZScore_Defense_t,ZScore_Speed_t,age_t_t,PA_t",106.52518500300047,10.0
fg:16472,Rhys Hoskins,2024,2025,109,archived_pooled_20_80,wRC+ + B2V + age + PA Ridge,"wRC+_t,ZScore_Contact_t,ZScore_Power_t,ZScore_Discipline_t,ZScore_Defense_t,ZScore_Speed_t,age_t_t,PA_t",100.57308400478519,10.0
fg:16478,Kyle Schwarber,2024,2025,152,archived_pooled_20_80,wRC+ + B2V + age + PA Ridge,"wRC+_t,ZScore_Contact_t,ZScore_Power_t,ZScore_Discipline_t,ZScore_Defense_t,ZScore_Speed_t,age_t_t,PA_t",131.50159135371678,10.0
fg:16505,Matt Chapman,2024,2025,118,archived_pooled_20_80,wRC+ + B2V + age + PA Ridge,"wRC+_t,ZScore_Contact_t,ZScore_Power_t,ZScore_Discipline_t,ZScore_Defense_t,ZScore_Speed_t,age_t_t,PA_t",119.08856830335122,10.0
fg:16512,Isiah Kiner-Falefa,2024,2025,75,archived_pooled_20_80,wRC+ + B2V + age + PA Ridge,"wRC+_t,ZScore_Contact_t,ZScore_Power_t,ZScore_Discipline_t,ZScore_Defense_t,ZScore_Speed_t,age_t_t,PA_t",87.74895095440851,10.0
fg:16530,Mauricio Dubon,2024,2025,80,archived_pooled_20_80,wRC+ + B2V + age + PA Ridge,"wRC+_t,ZScore_Contact_t,ZScore_Power_t,ZScore_Discipline_t,ZScore_Defense_t,ZScore_Speed_t,age_t_t,PA_t",71.78545815856748,10.0
fg:16535,Danny Jansen,2024,2025,103,archived_pooled_20_80,wRC+ + B2V + age + PA Ridge,"wRC+_t,ZScore_Contact_t,ZScore_Power_t,ZScore_Discipline_t,ZScore_Defense_t,ZScore_Speed_t,age_t_t,PA_t",90.64822285786364,10.0
fg:16556,Ozzie Albies,2024,2025,87,archived_pooled_20_80,wRC+ + B2V + age + PA Ridge,"wRC+_t,ZScore_Contact_t,ZScore_Power_t,ZScore_Discipline_t,ZScore_Defense_t,ZScore_Speed_t,age_t_t,PA_t",94.77638372805617,10.0
fg:16578,Yandy Diaz,2024,2025,135,archived_pooled_20_80,wRC+ + B2V + age + PA Ridge,"wRC+_t,ZScore_Contact_t,ZScore_Power_t,ZScore_Discipline_t,ZScore_Defense_t,ZScore_Speed_t,age_t_t,PA_t",117.18334671013031,10.0
fg:16622,Luis Urias,2024,2025,84,archived_pooled_20_80,wRC+ + B2V + age + PA Ridge,"wRC+_t,ZScore_Contact_t,ZScore_Power_t,ZScore_Discipline_t,ZScore_Defense_t,ZScore_Speed_t,age_t_t,PA_t",84.40878373751028,10.0
fg:16725,Jose Trevino,2024,2025,66,archived_pooled_20_80,wRC+ + B2V + age + PA Ridge,"wRC+_t,ZScore_Contact_t,ZScore_Power_t,ZScore_Discipline_t,ZScore_Defense_t,ZScore_Speed_t,age_t_t,PA_t",84.73105949635936,10.0
fg:16930,Jonah Heim,2024,2025,69,archived_pooled_20_80,wRC+ + B2V + age + PA Ridge,"wRC+_t,ZScore_Contact_t,ZScore_Power_t,ZScore_Discipline_t,ZScore_Defense_t,ZScore_Speed_t,age_t_t,PA_t",85.88030165044567,10.0
fg:16939,Lane Thomas,2024,2025,48,archived_pooled_20_80,wRC+ + B2V + age + PA Ridge,"wRC+_t,ZScore_Contact_t,ZScore_Power_t,ZScore_Discipline_t,ZScore_Defense_t,ZScore_Speed_t,age_t_t,PA_t",104.10181915045587,10.0
fg:16947,Derek Hill,2024,2025,70,archived_pooled_20_80,wRC+ + B2V + age + PA Ridge,"wRC+_t,ZScore_Contact_t,ZScore_Power_t,ZScore_Discipline_t,ZScore_Defense_t,ZScore_Speed_t,age_t_t,PA_t",84.7071572986287,10.0
fg:16997,Gleyber Torres,2024,2025,113,archived_pooled_20_80,wRC+ + B2V + age + PA Ridge,"wRC+_t,ZScore_Contact_t,ZScore_Power_t,ZScore_Discipline_t,ZScore_Defense_t,ZScore_Speed_t,age_t_t,PA_t",99.31494463647996,10.0
fg:17022,Edmundo Sosa,2024,2025,111,archived_pooled_20_80,wRC+ + B2V + age + PA Ridge,"wRC+_t,ZScore_Contact_t,ZScore_Power_t,ZScore_Discipline_t,ZScore_Defense_t,ZScore_Speed_t,age_t_t,PA_t",86.32313029075755,10.0
fg:17027,Alex Verdugo,2024,2025,66,archived_pooled_20_80,wRC+ + B2V + age + PA Ridge,"wRC+_t,ZScore_Contact_t,ZScore_Power_t,ZScore_Discipline_t,ZScore_Defense_t,ZScore_Speed_t,age_t_t,PA_t",100.3257043299006,10.0
fg:17040,Jose Herrera,2024,2025,57,archived_pooled_20_80,wRC+ + B2V + age + PA Ridge,"wRC+_t,ZScore_Contact_t,ZScore_Power_t,ZScore_Discipline_t,ZScore_Defense_t,ZScore_Speed_t,age_t_t,PA_t",74.45104111435091,10.0
fg:17128,Ramon Laureano,2024,2025,138,archived_pooled_20_80,wRC+ + B2V + age + PA Ridge,"wRC+_t,ZScore_Contact_t,ZScore_Power_t,ZScore_Discipline_t,ZScore_Defense_t,ZScore_Speed_t,age_t_t,PA_t",88.8355102768899,10.0
fg:17276,Alex Jackson,2024,2025,111,archived_pooled_20_80,wRC+ + B2V + age + PA Ridge,"wRC+_t,ZScore_Contact_t,ZScore_Power_t,ZScore_Discipline_t,ZScore_Defense_t,ZScore_Speed_t,age_t_t,PA_t",65.44897119631953,10.0
fg:17338,Willi Castro,2024,2025,92,archived_pooled_20_80,wRC+ + B2V + age + PA Ridge,"wRC+_t,ZScore_Contact_t,ZScore_Power_t,ZScore_Discipline_t,ZScore_Defense_t,ZScore_Speed_t,age_t_t,PA_t",91.21383222086416,10.0
fg:17350,Rafael Devers,2024,2025,135,archived_pooled_20_80,wRC+ + B2V + age + PA Ridge,"wRC+_t,ZScore_Contact_t,ZScore_Power_t,ZScore_Discipline_t,ZScore_Defense_t,ZScore_Speed_t,age_t_t,PA_t",122.8023188672711,10.0
fg:17548,Taylor Ward,2024,2025,117,archived_pooled_20_80,wRC+ + B2V + age + PA Ridge,"wRC+_t,ZScore_Contact_t,ZScore_Power_t,ZScore_Discipline_t,ZScore_Defense_t,ZScore_Speed_t,age_t_t,PA_t",106.10948102309713,10.0
fg:17678,Alex Bregman,2024,2025,125,archived_pooled_20_80,wRC+ + B2V + age + PA Ridge,"wRC+_t,ZScore_Contact_t,ZScore_Power_t,ZScore_Discipline_t,ZScore_Defense_t,ZScore_Speed_t,age_t_t,PA_t",106.55684914584499,10.0
fg:17696,Kevin Newman,2024,2025,27,archived_pooled_20_80,wRC+ + B2V + age + PA Ridge,"wRC+_t,ZScore_Contact_t,ZScore_Power_t,ZScore_Discipline_t,ZScore_Defense_t,ZScore_Speed_t,age_t_t,PA_t",77.33773427679192,10.0
fg:17901,Andrew Benintendi,2024,2025,103,archived_pooled_20_80,wRC+ + B2V + age + PA Ridge,"wRC+_t,ZScore_Contact_t,ZScore_Power_t,ZScore_Discipline_t,ZScore_Defense_t,ZScore_Speed_t,age_t_t,PA_t",99.09241527569465,10.0
fg:17907,Brendan Rodgers,2024,2025,55,archived_pooled_20_80,wRC+ + B2V + age + PA Ridge,"wRC+_t,ZScore_Contact_t,ZScore_Power_t,ZScore_Discipline_t,ZScore_Defense_t,ZScore_Speed_t,age_t_t,PA_t",97.98396773438596,10.0
fg:17919,Ian Happ,2024,2025,116,archived_pooled_20_80,wRC+ + B2V + age + PA Ridge,"wRC+_t,ZScore_Contact_t,ZScore_Power_t,ZScore_Discipline_t,ZScore_Defense_t,ZScore_Speed_t,age_t_t,PA_t",113.53989700803959,10.0
fg:17929,Cedric Mullins,2024,2025,94,archived_pooled_20_80,wRC+ + B2V + age + PA Ridge,"wRC+_t,ZScore_Contact_t,ZScore_Power_t,ZScore_Discipline_t,ZScore_Defense_t,ZScore_Speed_t,age_t_t,PA_t",93.56378018640345,10.0
fg:17982,Ty France,2024,2025,92,archived_pooled_20_80,wRC+ + B2V + age + PA Ridge,"wRC+_t,ZScore_Contact_t,ZScore_Power_t,ZScore_Discipline_t,ZScore_Defense_t,ZScore_Speed_t,age_t_t,PA_t",92.10243830010916,10.0
fg:17988,Tyler Stephenson,2024,2025,99,archived_pooled_20_80,wRC+ + B2V + age + PA Ridge,"wRC+_t,ZScore_Contact_t,ZScore_Power_t,ZScore_Discipline_t,ZScore_Defense_t,ZScore_Speed_t,age_t_t,PA_t",107.15948741975828,10.0
fg:18015,Paul DeJong,2024,2025,76,archived_pooled_20_80,wRC+ + B2V + age + PA Ridge,"wRC+_t,ZScore_Contact_t,ZScore_Power_t,ZScore_Discipline_t,ZScore_Defense_t,ZScore_Speed_t,age_t_t,PA_t",79.93246271324038,10.0
fg:18030,Harrison Bader,2024,2025,122,archived_pooled_20_80,wRC+ + B2V + age + PA Ridge,"wRC+_t,ZScore_Contact_t,ZScore_Power_t,ZScore_Discipline_t,ZScore_Defense_t,ZScore_Speed_t,age_t_t,PA_t",85.88760433909177,10.0
fg:18036,Jake Cronenworth,2024,2025,117,archived_pooled_20_80,wRC+ + B2V + age + PA Ridge,"wRC+_t,ZScore_Contact_t,ZScore_Power_t,ZScore_Discipline_t,ZScore_Defense_t,ZScore_Speed_t,age_t_t,PA_t",106.37983744216285,10.0
fg:18042,Dylan Moore,2024,2025,83,archived_pooled_20_80,wRC+ + B2V + age + PA Ridge,"wRC+_t,ZScore_Contact_t,ZScore_Power_t,ZScore_Discipline_t,ZScore_Defense_t,ZScore_Speed_t,age_t_t,PA_t",93.3464142198114,10.0
fg:18126,LaMonte Wade Jr.,2024,2025,52,archived_pooled_20_80,wRC+ + B2V + age + PA Ridge,"wRC+_t,ZScore_Contact_t,ZScore_Power_t,ZScore_Discipline_t,ZScore_Defense_t,ZScore_Speed_t,age_t_t,PA_t",106.17901494273984,10.0
fg:18314,Dansby Swanson,2024,2025,99,archived_pooled_20_80,wRC+ + B2V + age + PA Ridge,"wRC+_t,ZScore_Contact_t,ZScore_Power_t,ZScore_Discipline_t,ZScore_Defense_t,ZScore_Speed_t,age_t_t,PA_t",96.0008701123286,10.0
fg:18345,Kyle Tucker,2024,2025,136,archived_pooled_20_80,wRC+ + B2V + age + PA Ridge,"wRC+_t,ZScore_Contact_t,ZScore_Power_t,ZScore_Discipline_t,ZScore_Defense_t,ZScore_Speed_t,age_t_t,PA_t",129.76896677392332,10.0
fg:18360,Austin Riley,2024,2025,103,archived_pooled_20_80,wRC+ + B2V + age + PA Ridge,"wRC+_t,ZScore_Contact_t,ZScore_Power_t,ZScore_Discipline_t,ZScore_Defense_t,ZScore_Speed_t,age_t_t,PA_t",115.08587577893825,10.0
fg:18363,Victor Robles,2024,2025,75,archived_pooled_20_80,wRC+ + B2V + age + PA Ridge,"wRC+_t,ZScore_Contact_t,ZScore_Power_t,ZScore_Discipline_t,ZScore_Defense_t,ZScore_Speed_t,age_t_t,PA_t",89.52784375283608,10.0
fg:18373,Ryan Mountcastle,2024,2025,81,archived_pooled_20_80,wRC+ + B2V + age + PA Ridge,"wRC+_t,ZScore_Contact_t,ZScore_Power_t,ZScore_Discipline_t,ZScore_Defense_t,ZScore_Speed_t,age_t_t,PA_t",98.36462898967491,10.0
fg:18401,Ronald Acuna Jr.,2024,2025,161,archived_pooled_20_80,wRC+ + B2V + age + PA Ridge,"wRC+_t,ZScore_Contact_t,ZScore_Power_t,ZScore_Discipline_t,ZScore_Defense_t,ZScore_Speed_t,age_t_t,PA_t",106.20114492304337,10.0
fg:18564,Trent Grisham,2024,2025,129,archived_pooled_20_80,wRC+ + B2V + age + PA Ridge,"wRC+_t,ZScore_Contact_t,ZScore_Power_t,ZScore_Discipline_t,ZScore_Defense_t,ZScore_Speed_t,age_t_t,PA_t",100.1549127210445,10.0
fg:18568,Luis Arraez,2024,2025,104,archived_pooled_20_80,wRC+ + B2V + age + PA Ridge,"wRC+_t,ZScore_Contact_t,ZScore_Power_t,ZScore_Discipline_t,ZScore_Defense_t,ZScore_Speed_t,age_t_t,PA_t",105.25052266231249,10.0
fg:18577,Ke'Bryan Hayes,2024,2025,65,archived_pooled_20_80,wRC+ + B2V + age + PA Ridge,"wRC+_t,ZScore_Contact_t,ZScore_Power_t,ZScore_Discipline_t,ZScore_Defense_t,ZScore_Speed_t,age_t_t,PA_t",90.8650271552895,10.0
fg:18795,Ramon Urias,2024,2025,87,archived_pooled_20_80,wRC+ + B2V + age + PA Ridge,"wRC+_t,ZScore_Contact_t,ZScore_Power_t,ZScore_Discipline_t,ZScore_Defense_t,ZScore_Speed_t,age_t_t,PA_t",93.95161415482788,10.0
fg:18819,Andy Ibanez,2024,2025,84,archived_pooled_20_80,wRC+ + B2V + age + PA Ridge,"wRC+_t,ZScore_Contact_t,ZScore_Power_t,ZScore_Discipline_t,ZScore_Defense_t,ZScore_Speed_t,age_t_t,PA_t",72.48071068429309,10.0
fg:18839,Josh Naylor,2024,2025,128,archived_pooled_20_80,wRC+ + B2V + age + PA Ridge,"wRC+_t,ZScore_Contact_t,ZScore_Power_t,ZScore_Discipline_t,ZScore_Defense_t,ZScore_Speed_t,age_t_t,PA_t",111.13188823771102,10.0
fg:18882,Brandon Lowe,2024,2025,114,archived_pooled_20_80,wRC+ + B2V + age + PA Ridge,"wRC+_t,ZScore_Contact_t,ZScore_Power_t,ZScore_Discipline_t,ZScore_Defense_t,ZScore_Speed_t,age_t_t,PA_t",98.55235110746726,10.0
fg:18900,Leody Taveras,2024,2025,47,archived_pooled_20_80,wRC+ + B2V + age + PA Ridge,"wRC+_t,ZScore_Contact_t,ZScore_Power_t,ZScore_Discipline_t,ZScore_Defense_t,ZScore_Speed_t,age_t_t,PA_t",94.1937647471335,10.0
fg:19238,Lourdes Gurriel Jr.,2024,2025,95,archived_pooled_20_80,wRC+ + B2V + age + PA Ridge,"wRC+_t,ZScore_Contact_t,ZScore_Power_t,ZScore_Discipline_t,ZScore_Defense_t,ZScore_Speed_t,age_t_t,PA_t",97.48081797175658,10.0
fg:19251,Pete Alonso,2024,2025,141,archived_pooled_20_80,wRC+ + B2V + age + PA Ridge,"wRC+_t,ZScore_Contact_t,ZScore_Power_t,ZScore_Discipline_t,ZScore_Defense_t,ZScore_Speed_t,age_t_t,PA_t",119.11595864842755,10.0
fg:19260,Jake Fraley,2024,2025,97,archived_pooled_20_80,wRC+ + B2V + age + PA Ridge,"wRC+_t,ZScore_Contact_t,ZScore_Power_t,ZScore_Discipline_t,ZScore_Defense_t,ZScore_Speed_t,age_t_t,PA_t",78.12148929090304,10.0
fg:19287,Adolis Garcia,2024,2025,83,archived_pooled_20_80,wRC+ + B2V + age + PA Ridge,"wRC+_t,ZScore_Contact_t,ZScore_Power_t,ZScore_Discipline_t,ZScore_Defense_t,ZScore_Speed_t,age_t_t,PA_t",99.8142904489271,10.0
fg:19290,Randy Arozarena,2024,2025,120,archived_pooled_20_80,wRC+ + B2V + age + PA Ridge,"wRC+_t,ZScore_Contact_t,ZScore_Power_t,ZScore_Discipline_t,ZScore_Defense_t,ZScore_Speed_t,age_t_t,PA_t",104.23529568219098,10.0
fg:19296,Alex Call,2024,2025,113,archived_pooled_20_80,wRC+ + B2V + age + PA Ridge,"wRC+_t,ZScore_Contact_t,ZScore_Power_t,ZScore_Discipline_t,ZScore_Defense_t,ZScore_Speed_t,age_t_t,PA_t",92.14581903681643,10.0
fg:19318,Matt Thaiss,2024,2025,89,archived_pooled_20_80,wRC+ + B2V + age + PA Ridge,"wRC+_t,ZScore_Contact_t,ZScore_Power_t,ZScore_Discipline_t,ZScore_Defense_t,ZScore_Speed_t,age_t_t,PA_t",78.67898218636915,10.0
fg:19326,Bryan Reynolds,2024,2025,99,archived_pooled_20_80,wRC+ + B2V + age + PA Ridge,"wRC+_t,ZScore_Contact_t,ZScore_Power_t,ZScore_Discipline_t,ZScore_Defense_t,ZScore_Speed_t,age_t_t,PA_t",111.58152924259218,10.0
fg:19352,Sean Murphy,2024,2025,97,archived_pooled_20_80,wRC+ + B2V + age + PA Ridge,"wRC+_t,ZScore_Contact_t,ZScore_Power_t,ZScore_Discipline_t,ZScore_Defense_t,ZScore_Speed_t,age_t_t,PA_t",90.12763452601766,10.0
fg:19354,Luke Raley,2024,2025,91,archived_pooled_20_80,wRC+ + B2V + age + PA Ridge,"wRC+_t,ZScore_Contact_t,ZScore_Power_t,ZScore_Discipline_t,ZScore_Defense_t,ZScore_Speed_t,age_t_t,PA_t",98.91008606009639,10.0
fg:19363,Austin Hays,2024,2025,105,archived_pooled_20_80,wRC+ + B2V + age + PA Ridge,"wRC+_t,ZScore_Contact_t,ZScore_Power_t,ZScore_Discipline_t,ZScore_Defense_t,ZScore_Speed_t,age_t_t,PA_t",80.29337934291601,10.0
fg:19392,Zach McKinstry,2024,2025,114,archived_pooled_20_80,wRC+ + B2V + age + PA Ridge,"wRC+_t,ZScore_Contact_t,ZScore_Power_t,ZScore_Discipline_t,ZScore_Defense_t,ZScore_Speed_t,age_t_t,PA_t",86.93813507238319,10.0
fg:19452,Jake Rogers,2024,2025,70,archived_pooled_20_80,wRC+ + B2V + age + PA Ridge,"wRC+_t,ZScore_Contact_t,ZScore_Power_t,ZScore_Discipline_t,ZScore_Defense_t,ZScore_Speed_t,age_t_t,PA_t",78.86509162304124,10.0
fg:19455,Andruw Monasterio,2024,2025,111,archived_pooled_20_80,wRC+ + B2V + age + PA Ridge,"wRC+_t,ZScore_Contact_t,ZScore_Power_t,ZScore_Discipline_t,ZScore_Defense_t,ZScore_Speed_t,age_t_t,PA_t",87.10522099374695,10.0
fg:19470,Tommy Edman,2024,2025,81,archived_pooled_20_80,wRC+ + B2V + age + PA Ridge,"wRC+_t,ZScore_Contact_t,ZScore_Power_t,ZScore_Discipline_t,ZScore_Defense_t,ZScore_Speed_t,age_t_t,PA_t",87.48693505825966,10.0
fg:19522,TJ Friedl,2024,2025,109,archived_pooled_20_80,wRC+ + B2V + age + PA Ridge,"wRC+_t,ZScore_Contact_t,ZScore_Power_t,ZScore_Discipline_t,ZScore_Defense_t,ZScore_Speed_t,age_t_t,PA_t",96.30771950578247,10.0
fg:19556,Yordan Alvarez,2024,2025,118,archived_pooled_20_80,wRC+ + B2V + age + PA Ridge,"wRC+_t,ZScore_Contact_t,ZScore_Power_t,ZScore_Discipline_t,ZScore_Defense_t,ZScore_Speed_t,age_t_t,PA_t",139.58949464353788,10.0
fg:19566,Nathaniel Lowe,2024,2025,91,archived_pooled_20_80,wRC+ + B2V + age + PA Ridge,"wRC+_t,ZScore_Contact_t,ZScore_Power_t,ZScore_Discipline_t,ZScore_Defense_t,ZScore_Speed_t,age_t_t,PA_t",105.51667556390181,10.0
fg:19599,Chas McCormick,2024,2025,62,archived_pooled_20_80,wRC+ + B2V + age + PA Ridge,"wRC+_t,ZScore_Contact_t,ZScore_Power_t,ZScore_Discipline_t,ZScore_Defense_t,ZScore_Speed_t,age_t_t,PA_t",73.91662982521717,10.0
fg:19608,Otto Lopez,2024,2025,86,archived_pooled_20_80,wRC+ + B2V + age + PA Ridge,"wRC+_t,ZScore_Contact_t,ZScore_Power_t,ZScore_Discipline_t,ZScore_Defense_t,ZScore_Speed_t,age_t_t,PA_t",91.76918608598201,10.0
fg:19610,Keibert Ruiz,2024,2025,65,archived_pooled_20_80,wRC+ + B2V + age + PA Ridge,"wRC+_t,ZScore_Contact_t,ZScore_Power_t,ZScore_Discipline_t,ZScore_Defense_t,ZScore_Speed_t,age_t_t,PA_t",87.7961038293093,10.0
fg:19611,Vladimir Guerrero Jr.,2024,2025,137,archived_pooled_20_80,wRC+ + B2V + age + PA Ridge,"wRC+_t,ZScore_Contact_t,ZScore_Power_t,ZScore_Discipline_t,ZScore_Defense_t,ZScore_Speed_t,age_t_t,PA_t",142.89245536158555,10.0
fg:19612,Bo Bichette,2024,2025,134,archived_pooled_20_80,wRC+ + B2V + age + PA Ridge,"wRC+_t,ZScore_Contact_t,ZScore_Power_t,ZScore_Discipline_t,ZScore_Defense_t,ZScore_Speed_t,age_t_t,PA_t",87.24957664799504,10.0
fg:19627,Brent Rooker,2024,2025,122,archived_pooled_20_80,wRC+ + B2V + age + PA Ridge,"wRC+_t,ZScore_Contact_t,ZScore_Power_t,ZScore_Discipline_t,ZScore_Defense_t,ZScore_Speed_t,age_t_t,PA_t",120.57479290855726,10.0
fg:19709,Fernando Tatis Jr.,2024,2025,131,archived_pooled_20_80,wRC+ + B2V + age + PA Ridge,"wRC+_t,ZScore_Contact_t,ZScore_Power_t,ZScore_Discipline_t,ZScore_Defense_t,ZScore_Speed_t,age_t_t,PA_t",124.19568782970639,10.0
fg:19734,Josh Rojas,2024,2025,44,archived_pooled_20_80,wRC+ + B2V + age + PA Ridge,"wRC+_t,ZScore_Contact_t,ZScore_Power_t,ZScore_Discipline_t,ZScore_Defense_t,ZScore_Speed_t,age_t_t,PA_t",84.7416235340776,10.0
fg:19755,Shohei Ohtani,2024,2025,172,archived_pooled_20_80,wRC+ + B2V + age + PA Ridge,"wRC+_t,ZScore_Contact_t,ZScore_Power_t,ZScore_Discipline_t,ZScore_Defense_t,ZScore_Speed_t,age_t_t,PA_t",163.5277167545771,10.0
fg:19844,Abraham Toro,2024,2025,77,archived_pooled_20_80,wRC+ + B2V + age + PA Ridge,"wRC+_t,ZScore_Contact_t,ZScore_Power_t,ZScore_Discipline_t,ZScore_Defense_t,ZScore_Speed_t,age_t_t,PA_t",87.21017452477979,10.0
fg:19858,Luis Rengifo,2024,2025,73,archived_pooled_20_80,wRC+ + B2V + age + PA Ridge,"wRC+_t,ZScore_Contact_t,ZScore_Power_t,ZScore_Discipline_t,ZScore_Defense_t,ZScore_Speed_t,age_t_t,PA_t",89.13719027038142,10.0
fg:19864,Riley Adams,2024,2025,57,archived_pooled_20_80,wRC+ + B2V + age + PA Ridge,"wRC+_t,ZScore_Contact_t,ZScore_Power_t,ZScore_Discipline_t,ZScore_Defense_t,ZScore_Speed_t,age_t_t,PA_t",86.99161667158126,10.0
fg:19890,Emmanuel Rivera,2024,2025,64,archived_pooled_20_80,wRC+ + B2V + age + PA Ridge,"wRC+_t,ZScore_Contact_t,ZScore_Power_t,ZScore_Discipline_t,ZScore_Defense_t,ZScore_Speed_t,age_t_t,PA_t",89.70065225961758,10.0
fg:19892,Pavin Smith,2024,2025,123,archived_pooled_20_80,wRC+ + B2V + age + PA Ridge,"wRC+_t,ZScore_Contact_t,ZScore_Power_t,ZScore_Discipline_t,ZScore_Defense_t,ZScore_Speed_t,age_t_t,PA_t",116.79282719074473,10.0
fg:19896,Connor Wong,2024,2025,39,archived_pooled_20_80,wRC+ + B2V + age + PA Ridge,"wRC+_t,ZScore_Contact_t,ZScore_Power_t,ZScore_Discipline_t,ZScore_Defense_t,ZScore_Speed_t,age_t_t,PA_t",90.59382832546116,10.0
fg:19901,Gavin Sheets,2024,2025,111,archived_pooled_20_80,wRC+ + B2V + age + PA Ridge,"wRC+_t,ZScore_Contact_t,ZScore_Power_t,ZScore_Discipline_t,ZScore_Defense_t,ZScore_Speed_t,age_t_t,PA_t",91.8841986270299,10.0
fg:19913,Jesus Sanchez,2024,2025,93,archived_pooled_20_80,wRC+ + B2V + age + PA Ridge,"wRC+_t,ZScore_Contact_t,ZScore_Power_t,ZScore_Discipline_t,ZScore_Defense_t,ZScore_Speed_t,age_t_t,PA_t",109.78700044243618,10.0
fg:19918,Daulton Varsho,2024,2025,123,archived_pooled_20_80,wRC+ + B2V + age + PA Ridge,"wRC+_t,ZScore_Contact_t,ZScore_Power_t,ZScore_Discipline_t,ZScore_Defense_t,ZScore_Speed_t,age_t_t,PA_t",87.55615465113924,10.0
fg:19921,Blake Perkins,2024,2025,83,archived_pooled_20_80,wRC+ + B2V + age + PA Ridge,"wRC+_t,ZScore_Contact_t,ZScore_Power_t,ZScore_Discipline_t,ZScore_Defense_t,ZScore_Speed_t,age_t_t,PA_t",87.3774723719562,10.0
fg:19950,Andres Gimenez,2024,2025,70,archived_pooled_20_80,wRC+ + B2V + age + PA Ridge,"wRC+_t,ZScore_Contact_t,ZScore_Power_t,ZScore_Discipline_t,ZScore_Defense_t,ZScore_Speed_t,age_t_t,PA_t",80.36704514089342,10.0
fg:19953,Josh Lowe,2024,2025,79,archived_pooled_20_80,wRC+ + B2V + age + PA Ridge,"wRC+_t,ZScore_Contact_t,ZScore_Power_t,ZScore_Discipline_t,ZScore_Defense_t,ZScore_Speed_t,age_t_t,PA_t",95.85144946631999,10.0
fg:19955,Gavin Lux,2024,2025,102,archived_pooled_20_80,wRC+ + B2V + age + PA Ridge,"wRC+_t,ZScore_Contact_t,ZScore_Power_t,ZScore_Discipline_t,ZScore_Defense_t,ZScore_Speed_t,age_t_t,PA_t",100.548188866879,10.0
fg:19956,Mickey Moniak,2024,2025,110,archived_pooled_20_80,wRC+ + B2V + age + PA Ridge,"wRC+_t,ZScore_Contact_t,ZScore_Power_t,ZScore_Discipline_t,ZScore_Defense_t,ZScore_Speed_t,age_t_t,PA_t",84.70915313838066,10.0
fg:19997,Santiago Espinal,2024,2025,58,archived_pooled_20_80,wRC+ + B2V + age + PA Ridge,"wRC+_t,ZScore_Contact_t,ZScore_Power_t,ZScore_Discipline_t,ZScore_Defense_t,ZScore_Speed_t,age_t_t,PA_t",86.0911644437487,10.0
fg:20017,Miles Mastrobuoni,2024,2025,85,archived_pooled_20_80,wRC+ + B2V + age + PA Ridge,"wRC+_t,ZScore_Contact_t,ZScore_Power_t,ZScore_Discipline_t,ZScore_Defense_t,ZScore_Speed_t,age_t_t,PA_t",83.67887531620471,10.0
fg:20036,Isaac Paredes,2024,2025,128,archived_pooled_20_80,wRC+ + B2V + age + PA Ridge,"wRC+_t,ZScore_Contact_t,ZScore_Power_t,ZScore_Discipline_t,ZScore_Defense_t,ZScore_Speed_t,age_t_t,PA_t",96.82898947100398,10.0
fg:20043,Luis Robert Jr.,2024,2025,84,archived_pooled_20_80,wRC+ + B2V + age + PA Ridge,"wRC+_t,ZScore_Contact_t,ZScore_Power_t,ZScore_Discipline_t,ZScore_Defense_t,ZScore_Speed_t,age_t_t,PA_t",88.75437700864289,10.0
fg:20123,Juan Soto,2024,2025,156,archived_pooled_20_80,wRC+ + B2V + age + PA Ridge,"wRC+_t,ZScore_Contact_t,ZScore_Power_t,ZScore_Discipline_t,ZScore_Defense_t,ZScore_Speed_t,age_t_t,PA_t",159.77534199569646,10.0
fg:20126,Dylan Carlson,2024,2025,74,archived_pooled_20_80,wRC+ + B2V + age + PA Ridge,"wRC+_t,ZScore_Contact_t,ZScore_Power_t,ZScore_Discipline_t,ZScore_Defense_t,ZScore_Speed_t,age_t_t,PA_t",73.38710616808982,10.0
fg:20178,Miguel Vargas,2024,2025,101,archived_pooled_20_80,wRC+ + B2V + age + PA Ridge,"wRC+_t,ZScore_Contact_t,ZScore_Power_t,ZScore_Discipline_t,ZScore_Defense_t,ZScore_Speed_t,age_t_t,PA_t",86.17420873597932,10.0
fg:20202,Brandon Marsh,2024,2025,116,archived_pooled_20_80,wRC+ + B2V + age + PA Ridge,"wRC+_t,ZScore_Contact_t,ZScore_Power_t,ZScore_Discipline_t,ZScore_Defense_t,ZScore_Speed_t,age_t_t,PA_t",109.40188844205186,10.0
fg:20220,Jo Adell,2024,2025,112,archived_pooled_20_80,wRC+ + B2V + age + PA Ridge,"wRC+_t,ZScore_Contact_t,ZScore_Power_t,ZScore_Discipline_t,ZScore_Defense_t,ZScore_Speed_t,age_t_t,PA_t",102.37142496314799,10.0
fg:20287,Ben Rortvedt,2024,2025,31,archived_pooled_20_80,wRC+ + B2V + age + PA Ridge,"wRC+_t,ZScore_Contact_t,ZScore_Power_t,ZScore_Discipline_t,ZScore_Defense_t,ZScore_Speed_t,age_t_t,PA_t",76.3311923757611,10.0
fg:20308,Jake Meyers,2024,2025,107,archived_pooled_20_80,wRC+ + B2V + age + PA Ridge,"wRC+_t,ZScore_Contact_t,ZScore_Power_t,ZScore_Discipline_t,ZScore_Defense_t,ZScore_Speed_t,age_t_t,PA_t",88.50335531451297,10.0
fg:20352,Ernie Clement,2024,2025,98,archived_pooled_20_80,wRC+ + B2V + age + PA Ridge,"wRC+_t,ZScore_Contact_t,ZScore_Power_t,ZScore_Discipline_t,ZScore_Defense_t,ZScore_Speed_t,age_t_t,PA_t",83.4638211924758,10.0
fg:20437,Royce Lewis,2024,2025,85,archived_pooled_20_80,wRC+ + B2V + age + PA Ridge,"wRC+_t,ZScore_Contact_t,ZScore_Power_t,ZScore_Discipline_t,ZScore_Defense_t,ZScore_Speed_t,age_t_t,PA_t",97.95348084967527,10.0
fg:20454,Jazz Chisholm Jr.,2024,2025,126,archived_pooled_20_80,wRC+ + B2V + age + PA Ridge,"wRC+_t,ZScore_Contact_t,ZScore_Power_t,ZScore_Discipline_t,ZScore_Defense_t,ZScore_Speed_t,age_t_t,PA_t",108.63875199314424,10.0
fg:20503,William Contreras,2024,2025,113,archived_pooled_20_80,wRC+ + B2V + age + PA Ridge,"wRC+_t,ZScore_Contact_t,ZScore_Power_t,ZScore_Discipline_t,ZScore_Defense_t,ZScore_Speed_t,age_t_t,PA_t",123.092414692804,10.0
fg:20529,Nolan Jones,2024,2025,72,archived_pooled_20_80,wRC+ + B2V + age + PA Ridge,"wRC+_t,ZScore_Contact_t,ZScore_Power_t,ZScore_Discipline_t,ZScore_Defense_t,ZScore_Speed_t,age_t_t,PA_t",95.64297006037874,10.0
fg:20572,Kody Clemens,2024,2025,95,archived_pooled_20_80,wRC+ + B2V + age + PA Ridge,"wRC+_t,ZScore_Contact_t,ZScore_Power_t,ZScore_Discipline_t,ZScore_Defense_t,ZScore_Speed_t,age_t_t,PA_t",87.88525358018228,10.0
fg:20599,Ivan Herrera,2024,2025,137,archived_pooled_20_80,wRC+ + B2V + age + PA Ridge,"wRC+_t,ZScore_Contact_t,ZScore_Power_t,ZScore_Discipline_t,ZScore_Defense_t,ZScore_Speed_t,age_t_t,PA_t",108.33157657738457,10.0
fg:21454,Lars Nootbaar,2024,2025,96,archived_pooled_20_80,wRC+ + B2V + age + PA Ridge,"wRC+_t,ZScore_Contact_t,ZScore_Power_t,ZScore_Discipline_t,ZScore_Defense_t,ZScore_Speed_t,age_t_t,PA_t",124.35728270068705,10.0
fg:21479,Nico Hoerner,2024,2025,109,archived_pooled_20_80,wRC+ + B2V + age + PA Ridge,"wRC+_t,ZScore_Contact_t,ZScore_Power_t,ZScore_Discipline_t,ZScore_Defense_t,ZScore_Speed_t,age_t_t,PA_t",99.07192132009008,10.0
fg:21501,Trevor Larnach,2024,2025,102,archived_pooled_20_80,wRC+ + B2V + age + PA Ridge,"wRC+_t,ZScore_Contact_t,ZScore_Power_t,ZScore_Discipline_t,ZScore_Defense_t,ZScore_Speed_t,age_t_t,PA_t",109.21189959329338,10.0
fg:21523,Jonathan India,2024,2025,89,archived_pooled_20_80,wRC+ + B2V + age + PA Ridge,"wRC+_t,ZScore_Contact_t,ZScore_Power_t,ZScore_Discipline_t,ZScore_Defense_t,ZScore_Speed_t,age_t_t,PA_t",111.92227608068397,10.0
fg:21524,Joey Bart,2024,2025,101,archived_pooled_20_80,wRC+ + B2V + age + PA Ridge,"wRC+_t,ZScore_Contact_t,ZScore_Power_t,ZScore_Discipline_t,ZScore_Defense_t,ZScore_Speed_t,age_t_t,PA_t",100.97917073348061,10.0
fg:21534,Cal Raleigh,2024,2025,161,archived_pooled_20_80,wRC+ + B2V + age + PA Ridge,"wRC+_t,ZScore_Contact_t,ZScore_Power_t,ZScore_Discipline_t,ZScore_Defense_t,ZScore_Speed_t,age_t_t,PA_t",101.90737488555266,10.0
fg:21538,Nick Fortes,2024,2025,80,archived_pooled_20_80,wRC+ + B2V + age + PA Ridge,"wRC+_t,ZScore_Contact_t,ZScore_Power_t,ZScore_Discipline_t,ZScore_Defense_t,ZScore_Speed_t,age_t_t,PA_t",75.05185328736461,10.0
fg:21558,Matt Vierling,2024,2025,76,archived_pooled_20_80,wRC+ + B2V + age + PA Ridge,"wRC+_t,ZScore_Contact_t,ZScore_Power_t,ZScore_Discipline_t,ZScore_Defense_t,ZScore_Speed_t,age_t_t,PA_t",109.56310141525908,10.0
fg:21562,Romy Gonzalez,2024,2025,123,archived_pooled_20_80,wRC+ + B2V + age + PA Ridge,"wRC+_t,ZScore_Contact_t,ZScore_Power_t,ZScore_Discipline_t,ZScore_Defense_t,ZScore_Speed_t,age_t_t,PA_t",96.02551395397919,10.0
fg:21614,Kyle Isbel,2024,2025,79,archived_pooled_20_80,wRC+ + B2V + age + PA Ridge,"wRC+_t,ZScore_Contact_t,ZScore_Power_t,ZScore_Discipline_t,ZScore_Defense_t,ZScore_Speed_t,age_t_t,PA_t",94.4491728551359,10.0
fg:21618,Alec Bohm,2024,2025,105,archived_pooled_20_80,wRC+ + B2V + age + PA Ridge,"wRC+_t,ZScore_Contact_t,ZScore_Power_t,ZScore_Discipline_t,ZScore_Defense_t,ZScore_Speed_t,age_t_t,PA_t",108.67843739145951,10.0
fg:21622,Jake McCarthy,2024,2025,60,archived_pooled_20_80,wRC+ + B2V + age + PA Ridge,"wRC+_t,ZScore_Contact_t,ZScore_Power_t,ZScore_Discipline_t,ZScore_Defense_t,ZScore_Speed_t,age_t_t,PA_t",89.55536573436436,10.0
fg:21636,Jeremy Pena,2024,2025,135,archived_pooled_20_80,wRC+ + B2V + age + PA Ridge,"wRC+_t,ZScore_Contact_t,ZScore_Power_t,ZScore_Discipline_t,ZScore_Defense_t,ZScore_Speed_t,age_t_t,PA_t",94.44169768732523,10.0
fg:21693,Miguel Amaya,2024,2025,124,archived_pooled_20_80,wRC+ + B2V + age + PA Ridge,"wRC+_t,ZScore_Contact_t,ZScore_Power_t,ZScore_Discipline_t,ZScore_Defense_t,ZScore_Speed_t,age_t_t,PA_t",89.24037367440644,10.0
fg:21707,Oswaldo Cabrera,2024,2025,83,archived_pooled_20_80,wRC+ + B2V + age + PA Ridge,"wRC+_t,ZScore_Contact_t,ZScore_Power_t,ZScore_Discipline_t,ZScore_Defense_t,ZScore_Speed_t,age_t_t,PA_t",90.41400399433964,10.0
fg:21711,Oneil Cruz,2024,2025,86,archived_pooled_20_80,wRC+ + B2V + age + PA Ridge,"wRC+_t,ZScore_Contact_t,ZScore_Power_t,ZScore_Discipline_t,ZScore_Defense_t,ZScore_Speed_t,age_t_t,PA_t",127.3256692577642,10.0
fg:21716,Enmanuel Valdez,2024,2025,82,archived_pooled_20_80,wRC+ + B2V + age + PA Ridge,"wRC+_t,ZScore_Contact_t,ZScore_Power_t,ZScore_Discipline_t,ZScore_Defense_t,ZScore_Speed_t,age_t_t,PA_t",98.25878669000224,10.0
fg:21837,Jonathan Aranda,2024,2025,146,archived_pooled_20_80,wRC+ + B2V + age + PA Ridge,"wRC+_t,ZScore_Contact_t,ZScore_Power_t,ZScore_Discipline_t,ZScore_Defense_t,ZScore_Speed_t,age_t_t,PA_t",107.69101166946886,10.0
fg:21840,Freddy Fermin,2024,2025,77,archived_pooled_20_80,wRC+ + B2V + age + PA Ridge,"wRC+_t,ZScore_Contact_t,ZScore_Power_t,ZScore_Discipline_t,ZScore_Defense_t,ZScore_Speed_t,age_t_t,PA_t",81.35040386099507,10.0
fg:21853,Will Benson,2024,2025,85,archived_pooled_20_80,wRC+ + B2V + age + PA Ridge,"wRC+_t,ZScore_Contact_t,ZScore_Power_t,ZScore_Discipline_t,ZScore_Defense_t,ZScore_Speed_t,age_t_t,PA_t",90.95753012215393,10.0
fg:21865,Bo Naylor,2024,2025,85,archived_pooled_20_80,wRC+ + B2V + age + PA Ridge,"wRC+_t,ZScore_Contact_t,ZScore_Power_t,ZScore_Discipline_t,ZScore_Defense_t,ZScore_Speed_t,age_t_t,PA_t",85.48756241680145,10.0
fg:21897,Christopher Morel,2024,2025,90,archived_pooled_20_80,wRC+ + B2V + age + PA Ridge,"wRC+_t,ZScore_Contact_t,ZScore_Power_t,ZScore_Discipline_t,ZScore_Defense_t,ZScore_Speed_t,age_t_t,PA_t",99.72705287833486,10.0
fg:22054,Dane Myers,2024,2025,72,archived_pooled_20_80,wRC+ + B2V + age + PA Ridge,"wRC+_t,ZScore_Contact_t,ZScore_Power_t,ZScore_Discipline_t,ZScore_Defense_t,ZScore_Speed_t,age_t_t,PA_t",90.19771937537824,10.0
fg:22184,Mark Vientos,2024,2025,97,archived_pooled_20_80,wRC+ + B2V + age + PA Ridge,"wRC+_t,ZScore_Contact_t,ZScore_Power_t,ZScore_Discipline_t,ZScore_Defense_t,ZScore_Speed_t,age_t_t,PA_t",110.74964839624599,10.0
fg:22186,Brice Turang,2024,2025,124,archived_pooled_20_80,wRC+ + B2V + age + PA Ridge,"wRC+_t,ZScore_Contact_t,ZScore_Power_t,ZScore_Discipline_t,ZScore_Defense_t,ZScore_Speed_t,age_t_t,PA_t",100.47603354700873,10.0
fg:22244,Jack Suwinski,2024,2025,55,archived_pooled_20_80,wRC+ + B2V + age + PA Ridge,"wRC+_t,ZScore_Contact_t,ZScore_Power_t,ZScore_Discipline_t,ZScore_Defense_t,ZScore_Speed_t,age_t_t,PA_t",98.46447278832157,10.0
fg:22263,Nolan Gorman,2024,2025,88,archived_pooled_20_80,wRC+ + B2V + age + PA Ridge,"wRC+_t,ZScore_Contact_t,ZScore_Power_t,ZScore_Discipline_t,ZScore_Defense_t,ZScore_Speed_t,age_t_t,PA_t",93.68123100588495,10.0
fg:22266,Xavier Edwards,2024,2025,95,archived_pooled_20_80,wRC+ + B2V + age + PA Ridge,"wRC+_t,ZScore_Contact_t,ZScore_Power_t,ZScore_Discipline_t,ZScore_Defense_t,ZScore_Speed_t,age_t_t,PA_t",94.0385763973172,10.0
fg:22275,Jake Burger,2024,2025,89,archived_pooled_20_80,wRC+ + B2V + age + PA Ridge,"wRC+_t,ZScore_Contact_t,ZScore_Power_t,ZScore_Discipline_t,ZScore_Defense_t,ZScore_Speed_t,age_t_t,PA_t",107.215710450481,10.0
fg:22277,Nick Allen,2024,2025,53,archived_pooled_20_80,wRC+ + B2V + age + PA Ridge,"wRC+_t,ZScore_Contact_t,ZScore_Power_t,ZScore_Discipline_t,ZScore_Defense_t,ZScore_Speed_t,age_t_t,PA_t",72.12452439873528,10.0
fg:22458,Taylor Walls,2024,2025,66,archived_pooled_20_80,wRC+ + B2V + age + PA Ridge,"wRC+_t,ZScore_Contact_t,ZScore_Power_t,ZScore_Discipline_t,ZScore_Defense_t,ZScore_Speed_t,age_t_t,PA_t",74.15443806826076,10.0
fg:22514,Triston Casas,2024,2025,56,archived_pooled_20_80,wRC+ + B2V + age + PA Ridge,"wRC+_t,ZScore_Contact_t,ZScore_Power_t,ZScore_Discipline_t,ZScore_Defense_t,ZScore_Speed_t,age_t_t,PA_t",106.47556876383757,10.0
fg:22515,Heliot Ramos,2024,2025,106,archived_pooled_20_80,wRC+ + B2V + age + PA Ridge,"wRC+_t,ZScore_Contact_t,ZScore_Power_t,ZScore_Discipline_t,ZScore_Defense_t,ZScore_Speed_t,age_t_t,PA_t",112.06374218394356,10.0
fg:22532,Tyler Freeman,2024,2025,91,archived_pooled_20_80,wRC+ + B2V + age + PA Ridge,"wRC+_t,ZScore_Contact_t,ZScore_Power_t,ZScore_Discipline_t,ZScore_Defense_t,ZScore_Speed_t,age_t_t,PA_t",94.59678496037503,10.0
fg:22542,Lawrence Butler,2024,2025,96,archived_pooled_20_80,wRC+ + B2V + age + PA Ridge,"wRC+_t,ZScore_Contact_t,ZScore_Power_t,ZScore_Discipline_t,ZScore_Defense_t,ZScore_Speed_t,age_t_t,PA_t",118.11227726150571,10.0
fg:22563,Gabriel Arias,2024,2025,77,archived_pooled_20_80,wRC+ + B2V + age + PA Ridge,"wRC+_t,ZScore_Contact_t,ZScore_Power_t,ZScore_Discipline_t,ZScore_Defense_t,ZScore_Speed_t,age_t_t,PA_t",79.21105055919486,10.0
fg:22581,Alejandro Kirk,2024,2025,116,archived_pooled_20_80,wRC+ + B2V + age + PA Ridge,"wRC+_t,ZScore_Contact_t,ZScore_Power_t,ZScore_Discipline_t,ZScore_Defense_t,ZScore_Speed_t,age_t_t,PA_t",97.39823373385899,10.0
fg:22664,Gabriel Moreno,2024,2025,117,archived_pooled_20_80,wRC+ + B2V + age + PA Ridge,"wRC+_t,ZScore_Contact_t,ZScore_Power_t,ZScore_Discipline_t,ZScore_Defense_t,ZScore_Speed_t,age_t_t,PA_t",107.80352289667745,10.0
fg:22715,Maikel Garcia,2024,2025,121,archived_pooled_20_80,wRC+ + B2V + age + PA Ridge,"wRC+_t,ZScore_Contact_t,ZScore_Power_t,ZScore_Discipline_t,ZScore_Defense_t,ZScore_Speed_t,age_t_t,PA_t",110.85936882276322,10.0
fg:22799,Geraldo Perdomo,2024,2025,138,archived_pooled_20_80,wRC+ + B2V + age + PA Ridge,"wRC+_t,ZScore_Contact_t,ZScore_Power_t,ZScore_Discipline_t,ZScore_Defense_t,ZScore_Speed_t,age_t_t,PA_t",101.88110036905155,10.0
fg:22857,Wenceel Perez,2024,2025,103,archived_pooled_20_80,wRC+ + B2V + age + PA Ridge,"wRC+_t,ZScore_Contact_t,ZScore_Power_t,ZScore_Discipline_t,ZScore_Defense_t,ZScore_Speed_t,age_t_t,PA_t",93.58627166366801,10.0
fg:22896,Lenyn Sosa,2024,2025,100,archived_pooled_20_80,wRC+ + B2V + age + PA Ridge,"wRC+_t,ZScore_Contact_t,ZScore_Power_t,ZScore_Discipline_t,ZScore_Defense_t,ZScore_Speed_t,age_t_t,PA_t",93.11024071540791,10.0
fg:23003,Yainer Diaz,2024,2025,92,archived_pooled_20_80,wRC+ + B2V + age + PA Ridge,"wRC+_t,ZScore_Contact_t,ZScore_Power_t,ZScore_Discipline_t,ZScore_Defense_t,ZScore_Speed_t,age_t_t,PA_t",100.93964627010729,10.0
fg:23401,Jose Caballero,2024,2025,97,archived_pooled_20_80,wRC+ + B2V + age + PA Ridge,"wRC+_t,ZScore_Contact_t,ZScore_Power_t,ZScore_Discipline_t,ZScore_Defense_t,ZScore_Speed_t,age_t_t,PA_t",72.79515297276168,10.0
fg:23565,Davis Schneider,2024,2025,127,archived_pooled_20_80,wRC+ + B2V + age + PA Ridge,"wRC+_t,ZScore_Contact_t,ZScore_Power_t,ZScore_Discipline_t,ZScore_Defense_t,ZScore_Speed_t,age_t_t,PA_t",93.64611895083345,10.0
fg:23690,Brayan Rocchio,2024,2025,77,archived_pooled_20_80,wRC+ + B2V + age + PA Ridge,"wRC+_t,ZScore_Contact_t,ZScore_Power_t,ZScore_Discipline_t,ZScore_Defense_t,ZScore_Speed_t,age_t_t,PA_t",81.55499512150435,10.0
fg:23691,Jose Tena,2024,2025,88,archived_pooled_20_80,wRC+ + B2V + age + PA Ridge,"wRC+_t,ZScore_Contact_t,ZScore_Power_t,ZScore_Discipline_t,ZScore_Defense_t,ZScore_Speed_t,age_t_t,PA_t",96.39933569664424,10.0
fg:23697,Julio Rodriguez,2024,2025,126,archived_pooled_20_80,wRC+ + B2V + age + PA Ridge,"wRC+_t,ZScore_Contact_t,ZScore_Power_t,ZScore_Discipline_t,ZScore_Defense_t,ZScore_Speed_t,age_t_t,PA_t",104.67963828740662,10.0
fg:23733,Ezequiel Duran,2024,2025,57,archived_pooled_20_80,wRC+ + B2V + age + PA Ridge,"wRC+_t,ZScore_Contact_t,ZScore_Power_t,ZScore_Discipline_t,ZScore_Defense_t,ZScore_Speed_t,age_t_t,PA_t",76.21461067877482,10.0
fg:23772,Wilyer Abreu,2024,2025,110,archived_pooled_20_80,wRC+ + B2V + age + PA Ridge,"wRC+_t,ZScore_Contact_t,ZScore_Power_t,ZScore_Discipline_t,ZScore_Defense_t,ZScore_Speed_t,age_t_t,PA_t",107.07652078039115,10.0
fg:23789,Blaze Alexander,2024,2025,99,archived_pooled_20_80,wRC+ + B2V + age + PA Ridge,"wRC+_t,ZScore_Contact_t,ZScore_Power_t,ZScore_Discipline_t,ZScore_Defense_t,ZScore_Speed_t,age_t_t,PA_t",83.31303591208341,10.0
fg:23792,Alek Thomas,2024,2025,81,archived_pooled_20_80,wRC+ + B2V + age + PA Ridge,"wRC+_t,ZScore_Contact_t,ZScore_Power_t,ZScore_Discipline_t,ZScore_Defense_t,ZScore_Speed_t,age_t_t,PA_t",104.42262228974703,10.0
fg:23800,Parker Meadows,2024,2025,75,archived_pooled_20_80,wRC+ + B2V + age + PA Ridge,"wRC+_t,ZScore_Contact_t,ZScore_Power_t,ZScore_Discipline_t,ZScore_Defense_t,ZScore_Speed_t,age_t_t,PA_t",91.90309882322693,10.0
fg:2396,Carlos Santana,2024,2025,82,archived_pooled_20_80,wRC+ + B2V + age + PA Ridge,"wRC+_t,ZScore_Contact_t,ZScore_Power_t,ZScore_Discipline_t,ZScore_Defense_t,ZScore_Speed_t,age_t_t,PA_t",99.1323691549579,10.0
fg:23986,Curtis Mead,2024,2025,76,archived_pooled_20_80,wRC+ + B2V + age + PA Ridge,"wRC+_t,ZScore_Contact_t,ZScore_Power_t,ZScore_Discipline_t,ZScore_Defense_t,ZScore_Speed_t,age_t_t,PA_t",85.19574787082712,10.0
fg:24064,Ezequiel Tovar,2024,2025,78,archived_pooled_20_80,wRC+ + B2V + age + PA Ridge,"wRC+_t,ZScore_Contact_t,ZScore_Power_t,ZScore_Discipline_t,ZScore_Defense_t,ZScore_Speed_t,age_t_t,PA_t",87.49653694802797,10.0
fg:24257,Jhonkensy Noel,2024,2025,28,archived_pooled_20_80,wRC+ + B2V + age + PA Ridge,"wRC+_t,ZScore_Contact_t,ZScore_Power_t,ZScore_Discipline_t,ZScore_Defense_t,ZScore_Speed_t,age_t_t,PA_t",96.60727437189878,10.0
fg:24262,Ceddanne Rafaela,2024,2025,91,archived_pooled_20_80,wRC+ + B2V + age + PA Ridge,"wRC+_t,ZScore_Contact_t,ZScore_Power_t,ZScore_Discipline_t,ZScore_Defense_t,ZScore_Speed_t,age_t_t,PA_t",77.38385361346168,10.0
fg:24336,Johan Rojas,2024,2025,58,archived_pooled_20_80,wRC+ + B2V + age + PA Ridge,"wRC+_t,ZScore_Contact_t,ZScore_Power_t,ZScore_Discipline_t,ZScore_Defense_t,ZScore_Speed_t,age_t_t,PA_t",81.99428254901801,10.0
fg:24488,Max Schuemann,2024,2025,62,archived_pooled_20_80,wRC+ + B2V + age + PA Ridge,"wRC+_t,ZScore_Contact_t,ZScore_Power_t,ZScore_Discipline_t,ZScore_Defense_t,ZScore_Speed_t,age_t_t,PA_t",87.38301059442082,10.0
fg:24598,Addison Barger,2024,2025,107,archived_pooled_20_80,wRC+ + B2V + age + PA Ridge,"wRC+_t,ZScore_Contact_t,ZScore_Power_t,ZScore_Discipline_t,ZScore_Defense_t,ZScore_Speed_t,age_t_t,PA_t",92.3755438843279,10.0
fg:24610,Steven Kwan,2024,2025,99,archived_pooled_20_80,wRC+ + B2V + age + PA Ridge,"wRC+_t,ZScore_Contact_t,ZScore_Power_t,ZScore_Discipline_t,ZScore_Defense_t,ZScore_Speed_t,age_t_t,PA_t",108.07949372606325,10.0
fg:24617,Jarren Duran,2024,2025,111,archived_pooled_20_80,wRC+ + B2V + age + PA Ridge,"wRC+_t,ZScore_Contact_t,ZScore_Power_t,ZScore_Discipline_t,ZScore_Defense_t,ZScore_Speed_t,age_t_t,PA_t",117.74960340121228,10.0
fg:24618,Ryan Jeffers,2024,2025,113,archived_pooled_20_80,wRC+ + B2V + age + PA Ridge,"wRC+_t,ZScore_Contact_t,ZScore_Power_t,ZScore_Discipline_t,ZScore_Defense_t,ZScore_Speed_t,age_t_t,PA_t",98.81639542656204,10.0
fg:24679,Brendan Donovan,2024,2025,119,archived_pooled_20_80,wRC+ + B2V + age + PA Ridge,"wRC+_t,ZScore_Contact_t,ZScore_Power_t,ZScore_Discipline_t,ZScore_Defense_t,ZScore_Speed_t,age_t_t,PA_t",107.73714232958423,10.0
fg:24703,Jonah Bride,2024,2025,23,archived_pooled_20_80,wRC+ + B2V + age + PA Ridge,"wRC+_t,ZScore_Contact_t,ZScore_Power_t,ZScore_Discipline_t,ZScore_Defense_t,ZScore_Speed_t,age_t_t,PA_t",98.0441956768752,10.0
fg:24729,Logan O'Hoppe,2024,2025,72,archived_pooled_20_80,wRC+ + B2V + age + PA Ridge,"wRC+_t,ZScore_Contact_t,ZScore_Power_t,ZScore_Discipline_t,ZScore_Defense_t,ZScore_Speed_t,age_t_t,PA_t",96.43500823815445,10.0
fg:24770,James Outman,2024,2025,48,archived_pooled_20_80,wRC+ + B2V + age + PA Ridge,"wRC+_t,ZScore_Contact_t,ZScore_Power_t,ZScore_Discipline_t,ZScore_Defense_t,ZScore_Speed_t,age_t_t,PA_t",78.85830789140756,10.0
fg:24816,Andy Pages,2024,2025,113,archived_pooled_20_80,wRC+ + B2V + age + PA Ridge,"wRC+_t,ZScore_Contact_t,ZScore_Power_t,ZScore_Discipline_t,ZScore_Defense_t,ZScore_Speed_t,age_t_t,PA_t",99.270506824026,10.0
fg:24934,David Fry,2024,2025,63,archived_pooled_20_80,wRC+ + B2V + age + PA Ridge,"wRC+_t,ZScore_Contact_t,ZScore_Power_t,ZScore_Discipline_t,ZScore_Defense_t,ZScore_Speed_t,age_t_t,PA_t",96.84296450693147,10.0
fg:25180,Daniel Schneemann,2024,2025,79,archived_pooled_20_80,wRC+ + B2V + age + PA Ridge,"wRC+_t,ZScore_Contact_t,ZScore_Power_t,ZScore_Discipline_t,ZScore_Defense_t,ZScore_Speed_t,age_t_t,PA_t",83.57543318823072,10.0
fg:25479,Brenton Doyle,2024,2025,65,archived_pooled_20_80,wRC+ + B2V + age + PA Ridge,"wRC+_t,ZScore_Contact_t,ZScore_Power_t,ZScore_Discipline_t,ZScore_Defense_t,ZScore_Speed_t,age_t_t,PA_t",103.827697016181,10.0
fg:25493,Joey Ortiz,2024,2025,67,archived_pooled_20_80,wRC+ + B2V + age + PA Ridge,"wRC+_t,ZScore_Contact_t,ZScore_Power_t,ZScore_Discipline_t,ZScore_Defense_t,ZScore_Speed_t,age_t_t,PA_t",103.81450458269506,10.0
fg:25764,Bobby Witt Jr.,2024,2025,130,archived_pooled_20_80,wRC+ + B2V + age + PA Ridge,"wRC+_t,ZScore_Contact_t,ZScore_Power_t,ZScore_Discipline_t,ZScore_Defense_t,ZScore_Speed_t,age_t_t,PA_t",137.6035779398485,10.0
fg:25768,CJ Abrams,2024,2025,107,archived_pooled_20_80,wRC+ + B2V + age + PA Ridge,"wRC+_t,ZScore_Contact_t,ZScore_Power_t,ZScore_Discipline_t,ZScore_Defense_t,ZScore_Speed_t,age_t_t,PA_t",104.52954718765294,10.0
fg:25782,Pedro Pages,2024,2025,77,archived_pooled_20_80,wRC+ + B2V + age + PA Ridge,"wRC+_t,ZScore_Contact_t,ZScore_Power_t,ZScore_Discipline_t,ZScore_Defense_t,ZScore_Speed_t,age_t_t,PA_t",87.19792870748167,10.0
fg:25807,Jared Triolo,2024,2025,86,archived_pooled_20_80,wRC+ + B2V + age + PA Ridge,"wRC+_t,ZScore_Contact_t,ZScore_Power_t,ZScore_Discipline_t,ZScore_Defense_t,ZScore_Speed_t,age_t_t,PA_t",86.82429367857559,10.0
fg:25816,Shea Langeliers,2024,2025,132,archived_pooled_20_80,wRC+ + B2V + age + PA Ridge,"wRC+_t,ZScore_Contact_t,ZScore_Power_t,ZScore_Discipline_t,ZScore_Defense_t,ZScore_Speed_t,age_t_t,PA_t",108.68243017735199,10.0
fg:25845,Michael Toglia,2024,2025,54,archived_pooled_20_80,wRC+ + B2V + age + PA Ridge,"wRC+_t,ZScore_Contact_t,ZScore_Power_t,ZScore_Discipline_t,ZScore_Defense_t,ZScore_Speed_t,age_t_t,PA_t",119.74379642106766,10.0
fg:25878,Corbin Carroll,2024,2025,139,archived_pooled_20_80,wRC+ + B2V + age + PA Ridge,"wRC+_t,ZScore_Contact_t,ZScore_Power_t,ZScore_Discipline_t,ZScore_Defense_t,ZScore_Speed_t,age_t_t,PA_t",122.44583251853896,10.0
fg:25931,Michael Harris II,2024,2025,83,archived_pooled_20_80,wRC+ + B2V + age + PA Ridge,"wRC+_t,ZScore_Contact_t,ZScore_Power_t,ZScore_Discipline_t,ZScore_Defense_t,ZScore_Speed_t,age_t_t,PA_t",105.62223553432646,10.0
fg:25961,Kerry Carpenter,2024,2025,115,archived_pooled_20_80,wRC+ + B2V + age + PA Ridge,"wRC+_t,ZScore_Contact_t,ZScore_Power_t,ZScore_Discipline_t,ZScore_Defense_t,ZScore_Speed_t,age_t_t,PA_t",107.61821719495387,10.0
fg:25976,Riley Greene,2024,2025,121,archived_pooled_20_80,wRC+ + B2V + age + PA Ridge,"wRC+_t,ZScore_Contact_t,ZScore_Power_t,ZScore_Discipline_t,ZScore_Defense_t,ZScore_Speed_t,age_t_t,PA_t",122.38315096434934,10.0
fg:26121,Francisco Alvarez,2024,2025,124,archived_pooled_20_80,wRC+ + B2V + age + PA Ridge,"wRC+_t,ZScore_Contact_t,ZScore_Power_t,ZScore_Discipline_t,ZScore_Defense_t,ZScore_Speed_t,age_t_t,PA_t",98.08638556888633,10.0
fg:26123,Brett Baty,2024,2025,111,archived_pooled_20_80,wRC+ + B2V + age + PA Ridge,"wRC+_t,ZScore_Contact_t,ZScore_Power_t,ZScore_Discipline_t,ZScore_Defense_t,ZScore_Speed_t,age_t_t,PA_t",84.49285016698084,10.0
fg:26151,Kyle Stowers,2024,2025,149,archived_pooled_20_80,wRC+ + B2V + age + PA Ridge,"wRC+_t,ZScore_Contact_t,ZScore_Power_t,ZScore_Discipline_t,ZScore_Defense_t,ZScore_Speed_t,age_t_t,PA_t",84.36833946922651,10.0
fg:26197,Andrew Vaughn,2024,2025,99,archived_pooled_20_80,wRC+ + B2V + age + PA Ridge,"wRC+_t,ZScore_Contact_t,ZScore_Power_t,ZScore_Discipline_t,ZScore_Defense_t,ZScore_Speed_t,age_t_t,PA_t",105.15215587293424,10.0
fg:26208,Tyler Fitzgerald,2024,2025,72,archived_pooled_20_80,wRC+ + B2V + age + PA Ridge,"wRC+_t,ZScore_Contact_t,ZScore_Power_t,ZScore_Discipline_t,ZScore_Defense_t,ZScore_Speed_t,age_t_t,PA_t",92.03673599703092,10.0
fg:26224,Darell Hernaiz,2024,2025,65,archived_pooled_20_80,wRC+ + B2V + age + PA Ridge,"wRC+_t,ZScore_Contact_t,ZScore_Power_t,ZScore_Discipline_t,ZScore_Defense_t,ZScore_Speed_t,age_t_t,PA_t",82.87240507145319,10.0
fg:26288,Adley Rutschman,2024,2025,91,archived_pooled_20_80,wRC+ + B2V + age + PA Ridge,"wRC+_t,ZScore_Contact_t,ZScore_Power_t,ZScore_Discipline_t,ZScore_Defense_t,ZScore_Speed_t,age_t_t,PA_t",102.58518390357348,10.0
fg:26289,Gunnar Henderson,2024,2025,120,archived_pooled_20_80,wRC+ + B2V + age + PA Ridge,"wRC+_t,ZScore_Contact_t,ZScore_Power_t,ZScore_Discipline_t,ZScore_Defense_t,ZScore_Speed_t,age_t_t,PA_t",140.50850820431688,10.0
fg:26294,Bryson Stott,2024,2025,100,archived_pooled_20_80,wRC+ + B2V + age + PA Ridge,"wRC+_t,ZScore_Contact_t,ZScore_Power_t,ZScore_Discipline_t,ZScore_Defense_t,ZScore_Speed_t,age_t_t,PA_t",101.86014145581836,10.0
fg:26299,Josh Jung,2024,2025,91,archived_pooled_20_80,wRC+ + B2V + age + PA Ridge,"wRC+_t,ZScore_Contact_t,ZScore_Power_t,ZScore_Discipline_t,ZScore_Defense_t,ZScore_Speed_t,age_t_t,PA_t",86.02944892447138,10.0
fg:26319,Michael Busch,2024,2025,140,archived_pooled_20_80,wRC+ + B2V + age + PA Ridge,"wRC+_t,ZScore_Contact_t,ZScore_Power_t,ZScore_Discipline_t,ZScore_Defense_t,ZScore_Speed_t,age_t_t,PA_t",104.47601638286157,10.0
fg:26323,Spencer Steer,2024,2025,97,archived_pooled_20_80,wRC+ + B2V + age + PA Ridge,"wRC+_t,ZScore_Contact_t,ZScore_Power_t,ZScore_Discipline_t,ZScore_Defense_t,ZScore_Speed_t,age_t_t,PA_t",107.71916115273814,10.0
fg:26368,JJ Bleday,2024,2025,90,archived_pooled_20_80,wRC+ + B2V + age + PA Ridge,"wRC+_t,ZScore_Contact_t,ZScore_Power_t,ZScore_Discipline_t,ZScore_Defense_t,ZScore_Speed_t,age_t_t,PA_t",106.1051062133532,10.0
fg:26396,Josh Smith,2024,2025,100,archived_pooled_20_80,wRC+ + B2V + age + PA Ridge,"wRC+_t,ZScore_Contact_t,ZScore_Power_t,ZScore_Discipline_t,ZScore_Defense_t,ZScore_Speed_t,age_t_t,PA_t",94.14627373485831,10.0
fg:26438,Dominic Canzone,2024,2025,141,archived_pooled_20_80,wRC+ + B2V + age + PA Ridge,"wRC+_t,ZScore_Contact_t,ZScore_Power_t,ZScore_Discipline_t,ZScore_Defense_t,ZScore_Speed_t,age_t_t,PA_t",89.53802929574785,10.0
fg:26466,Matt Wallner,2024,2025,114,archived_pooled_20_80,wRC+ + B2V + age + PA Ridge,"wRC+_t,ZScore_Contact_t,ZScore_Power_t,ZScore_Discipline_t,ZScore_Defense_t,ZScore_Speed_t,age_t_t,PA_t",109.78137808351929,10.0
fg:26467,Luis Matos,2024,2025,91,archived_pooled_20_80,wRC+ + B2V + age + PA Ridge,"wRC+_t,ZScore_Contact_t,ZScore_Power_t,ZScore_Discipline_t,ZScore_Defense_t,ZScore_Speed_t,age_t_t,PA_t",91.03889684656168,10.0
fg:26477,Spencer Horwitz,2024,2025,119,archived_pooled_20_80,wRC+ + B2V + age + PA Ridge,"wRC+_t,ZScore_Contact_t,ZScore_Power_t,ZScore_Discipline_t,ZScore_Defense_t,ZScore_Speed_t,age_t_t,PA_t",100.95255859470987,10.0
fg:26517,Noelvi Marte,2024,2025,101,archived_pooled_20_80,wRC+ + B2V + age + PA Ridge,"wRC+_t,ZScore_Contact_t,ZScore_Power_t,ZScore_Discipline_t,ZScore_Defense_t,ZScore_Speed_t,age_t_t,PA_t",81.65658763709791,10.0
fg:26540,Angel Martinez,2024,2025,74,archived_pooled_20_80,wRC+ + B2V + age + PA Ridge,"wRC+_t,ZScore_Contact_t,ZScore_Power_t,ZScore_Discipline_t,ZScore_Defense_t,ZScore_Speed_t,age_t_t,PA_t",86.71110991753261,10.0
fg:26668,Elly De La Cruz,2024,2025,109,archived_pooled_20_80,wRC+ + B2V + age + PA Ridge,"wRC+_t,ZScore_Contact_t,ZScore_Power_t,ZScore_Discipline_t,ZScore_Defense_t,ZScore_Speed_t,age_t_t,PA_t",122.29513038768276,10.0
fg:27462,Austin Martin,2024,2025,113,archived_pooled_20_80,wRC+ + B2V + age + PA Ridge,"wRC+_t,ZScore_Contact_t,ZScore_Power_t,ZScore_Discipline_t,ZScore_Defense_t,ZScore_Speed_t,age_t_t,PA_t",92.39119175609581,10.0
fg:27465,Spencer Torkelson,2024,2025,118,archived_pooled_20_80,wRC+ + B2V + age + PA Ridge,"wRC+_t,ZScore_Contact_t,ZScore_Power_t,ZScore_Discipline_t,ZScore_Defense_t,ZScore_Speed_t,age_t_t,PA_t",91.69936810420948,10.0
fg:27467,Tyler Soderstrom,2024,2025,125,archived_pooled_20_80,wRC+ + B2V + age + PA Ridge,"wRC+_t,ZScore_Contact_t,ZScore_Power_t,ZScore_Discipline_t,ZScore_Defense_t,ZScore_Speed_t,age_t_t,PA_t",106.33687982755575,10.0
fg:27475,Jordan Walker,2024,2025,66,archived_pooled_20_80,wRC+ + B2V + age + PA Ridge,"wRC+_t,ZScore_Contact_t,ZScore_Power_t,ZScore_Discipline_t,ZScore_Defense_t,ZScore_Speed_t,age_t_t,PA_t",97.41217317416564,10.0
fg:27478,Patrick Bailey,2024,2025,70,archived_pooled_20_80,wRC+ + B2V + age + PA Ridge,"wRC+_t,ZScore_Contact_t,ZScore_Power_t,ZScore_Discipline_t,ZScore_Defense_t,ZScore_Speed_t,age_t_t,PA_t",89.89900337179408,10.0
fg:27479,Masyn Winn,2024,2025,91,archived_pooled_20_80,wRC+ + B2V + age + PA Ridge,"wRC+_t,ZScore_Contact_t,ZScore_Power_t,ZScore_Discipline_t,ZScore_Defense_t,ZScore_Speed_t,age_t_t,PA_t",103.37332146059332,10.0
fg:27490,Nick Gonzales,2024,2025,82,archived_pooled_20_80,wRC+ + B2V + age + PA Ridge,"wRC+_t,ZScore_Contact_t,ZScore_Power_t,ZScore_Discipline_t,ZScore_Defense_t,ZScore_Speed_t,age_t_t,PA_t",89.873463550961,10.0
fg:27506,Ha-seong Kim,2024,2025,82,archived_pooled_20_80,wRC+ + B2V + age + PA Ridge,"wRC+_t,ZScore_Contact_t,ZScore_Power_t,ZScore_Discipline_t,ZScore_Defense_t,ZScore_Speed_t,age_t_t,PA_t",104.61427670214864,10.0
fg:27531,David Hamilton,2024,2025,60,archived_pooled_20_80,wRC+ + B2V + age + PA Ridge,"wRC+_t,ZScore_Contact_t,ZScore_Power_t,ZScore_Discipline_t,ZScore_Defense_t,ZScore_Speed_t,age_t_t,PA_t",92.35520208744,10.0
fg:27534,Edouard Julien,2024,2025,81,archived_pooled_20_80,wRC+ + B2V + age + PA Ridge,"wRC+_t,ZScore_Contact_t,ZScore_Power_t,ZScore_Discipline_t,ZScore_Defense_t,ZScore_Speed_t,age_t_t,PA_t",93.67539195240151,10.0
fg:27562,Austin Wells,2024,2025,94,archived_pooled_20_80,wRC+ + B2V + age + PA Ridge,"wRC+_t,ZScore_Contact_t,ZScore_Power_t,ZScore_Discipline_t,ZScore_Defense_t,ZScore_Speed_t,age_t_t,PA_t",95.33775631934718,10.0
fg:27577,Casey Schmitt,2024,2025,98,archived_pooled_20_80,wRC+ + B2V + age + PA Ridge,"wRC+_t,ZScore_Contact_t,ZScore_Power_t,ZScore_Discipline_t,ZScore_Defense_t,ZScore_Speed_t,age_t_t,PA_t",91.05065111085848,10.0
fg:27615,Alec Burleson,2024,2025,124,archived_pooled_20_80,wRC+ + B2V + age + PA Ridge,"wRC+_t,ZScore_Contact_t,ZScore_Power_t,ZScore_Discipline_t,ZScore_Defense_t,ZScore_Speed_t,age_t_t,PA_t",106.4585420295134,10.0
fg:27630,Nick Loftin,2024,2025,73,archived_pooled_20_80,wRC+ + B2V + age + PA Ridge,"wRC+_t,ZScore_Contact_t,ZScore_Power_t,ZScore_Discipline_t,ZScore_Defense_t,ZScore_Speed_t,age_t_t,PA_t",82.53820209463963,10.0
fg:27647,Anthony Volpe,2024,2025,83,archived_pooled_20_80,wRC+ + B2V + age + PA Ridge,"wRC+_t,ZScore_Contact_t,ZScore_Power_t,ZScore_Discipline_t,ZScore_Defense_t,ZScore_Speed_t,age_t_t,PA_t",94.02166832909276,10.0
fg:27676,Vinnie Pasquantino,2024,2025,116,archived_pooled_20_80,wRC+ + B2V + age + PA Ridge,"wRC+_t,ZScore_Contact_t,ZScore_Power_t,ZScore_Discipline_t,ZScore_Defense_t,ZScore_Speed_t,age_t_t,PA_t",115.40263648814135,10.0
fg:27684,Michael Massey,2024,2025,57,archived_pooled_20_80,wRC+ + B2V + age + PA Ridge,"wRC+_t,ZScore_Contact_t,ZScore_Power_t,ZScore_Discipline_t,ZScore_Defense_t,ZScore_Speed_t,age_t_t,PA_t",98.8332438587849,10.0
fg:27769,Pete Crow-Armstrong,2024,2025,109,archived_pooled_20_80,wRC+ + B2V + age + PA Ridge,"wRC+_t,ZScore_Contact_t,ZScore_Power_t,ZScore_Discipline_t,ZScore_Defense_t,ZScore_Speed_t,age_t_t,PA_t",84.11519261482135,10.0
fg:27790,Evan Carter,2024,2025,107,archived_pooled_20_80,wRC+ + B2V + age + PA Ridge,"wRC+_t,ZScore_Contact_t,ZScore_Power_t,ZScore_Discipline_t,ZScore_Defense_t,ZScore_Speed_t,age_t_t,PA_t",94.89415692084275,10.0
fg:27815,Jordan Westburg,2024,2025,115,archived_pooled_20_80,wRC+ + B2V + age + PA Ridge,"wRC+_t,ZScore_Contact_t,ZScore_Power_t,ZScore_Discipline_t,ZScore_Defense_t,ZScore_Speed_t,age_t_t,PA_t",108.77891613710025,10.0
fg:27899,Colt Keith,2024,2025,109,archived_pooled_20_80,wRC+ + B2V + age + PA Ridge,"wRC+_t,ZScore_Contact_t,ZScore_Power_t,ZScore_Discipline_t,ZScore_Defense_t,ZScore_Speed_t,age_t_t,PA_t",97.9568995554759,10.0
fg:28163,Junior Caminero,2024,2025,129,archived_pooled_20_80,wRC+ + B2V + age + PA Ridge,"wRC+_t,ZScore_Contact_t,ZScore_Power_t,ZScore_Discipline_t,ZScore_Defense_t,ZScore_Speed_t,age_t_t,PA_t",102.65370753153759,10.0
fg:28806,Jackson Chourio,2024,2025,111,archived_pooled_20_80,wRC+ + B2V + age + PA Ridge,"wRC+_t,ZScore_Contact_t,ZScore_Power_t,ZScore_Discipline_t,ZScore_Defense_t,ZScore_Speed_t,age_t_t,PA_t",114.25613867448553,10.0
fg:29490,Jackson Merrill,2024,2025,116,archived_pooled_20_80,wRC+ + B2V + age + PA Ridge,"wRC+_t,ZScore_Contact_t,ZScore_Power_t,ZScore_Discipline_t,ZScore_Defense_t,ZScore_Speed_t,age_t_t,PA_t",117.32257630948612,10.0
fg:29518,James Wood,2024,2025,127,archived_pooled_20_80,wRC+ + B2V + age + PA Ridge,"wRC+_t,ZScore_Contact_t,ZScore_Power_t,ZScore_Discipline_t,ZScore_Defense_t,ZScore_Speed_t,age_t_t,PA_t",120.65933306056185,10.0
fg:29575,Trey Sweeney,2024,2025,53,archived_pooled_20_80,wRC+ + B2V + age + PA Ridge,"wRC+_t,ZScore_Contact_t,ZScore_Power_t,ZScore_Discipline_t,ZScore_Defense_t,ZScore_Speed_t,age_t_t,PA_t",86.99647463142057,10.0
fg:29576,Ben Rice,2024,2025,133,archived_pooled_20_80,wRC+ + B2V + age + PA Ridge,"wRC+_t,ZScore_Contact_t,ZScore_Power_t,ZScore_Discipline_t,ZScore_Defense_t,ZScore_Speed_t,age_t_t,PA_t",101.47348191053247,10.0
fg:29591,Colton Cowser,2024,2025,83,archived_pooled_20_80,wRC+ + B2V + age + PA Ridge,"wRC+_t,ZScore_Contact_t,ZScore_Power_t,ZScore_Discipline_t,ZScore_Defense_t,ZScore_Speed_t,age_t_t,PA_t",110.67189720547803,10.0
fg:29592,Connor Norby,2024,2025,90,archived_pooled_20_80,wRC+ + B2V + age + PA Ridge,"wRC+_t,ZScore_Contact_t,ZScore_Power_t,ZScore_Discipline_t,ZScore_Defense_t,ZScore_Speed_t,age_t_t,PA_t",87.24971762383372,10.0
fg:29606,Justyn-Henry Malloy,2024,2025,92,archived_pooled_20_80,wRC+ + B2V + age + PA Ridge,"wRC+_t,ZScore_Contact_t,ZScore_Power_t,ZScore_Discipline_t,ZScore_Defense_t,ZScore_Speed_t,age_t_t,PA_t",87.49511382454308,10.0
fg:29617,Henry Davis,2024,2025,41,archived_pooled_20_80,wRC+ + B2V + age + PA Ridge,"wRC+_t,ZScore_Contact_t,ZScore_Power_t,ZScore_Discipline_t,ZScore_Defense_t,ZScore_Speed_t,age_t_t,PA_t",74.0978066761637,10.0
fg:29622,Sal Frelick,2024,2025,114,archived_pooled_20_80,wRC+ + B2V + age + PA Ridge,"wRC+_t,ZScore_Contact_t,ZScore_Power_t,ZScore_Discipline_t,ZScore_Defense_t,ZScore_Speed_t,age_t_t,PA_t",87.90340608640466,10.0
fg:29630,Joey Loperfido,2024,2025,148,archived_pooled_20_80,wRC+ + B2V + age + PA Ridge,"wRC+_t,ZScore_Contact_t,ZScore_Power_t,ZScore_Discipline_t,ZScore_Defense_t,ZScore_Speed_t,age_t_t,PA_t",74.45021220892929,10.0
fg:2967,Tommy Pham,2024,2025,94,archived_pooled_20_80,wRC+ + B2V + age + PA Ridge,"wRC+_t,ZScore_Contact_t,ZScore_Power_t,ZScore_Discipline_t,ZScore_Defense_t,ZScore_Speed_t,age_t_t,PA_t",97.43790159631224,10.0
fg:29715,Hunter Goodman,2024,2025,118,archived_pooled_20_80,wRC+ + B2V + age + PA Ridge,"wRC+_t,ZScore_Contact_t,ZScore_Power_t,ZScore_Discipline_t,ZScore_Defense_t,ZScore_Speed_t,age_t_t,PA_t",93.89984048313508,10.0
fg:29766,Zack Gelof,2024,2025,36,archived_pooled_20_80,wRC+ + B2V + age + PA Ridge,"wRC+_t,ZScore_Contact_t,ZScore_Power_t,ZScore_Discipline_t,ZScore_Defense_t,ZScore_Speed_t,age_t_t,PA_t",86.8409272939742,10.0
fg:29794,Kyle Manzardo,2024,2025,113,archived_pooled_20_80,wRC+ + B2V + age + PA Ridge,"wRC+_t,ZScore_Contact_t,ZScore_Power_t,ZScore_Discipline_t,ZScore_Defense_t,ZScore_Speed_t,age_t_t,PA_t",89.389774140299,10.0
fg:29931,Jacob Young,2024,2025,66,archived_pooled_20_80,wRC+ + B2V + age + PA Ridge,"wRC+_t,ZScore_Contact_t,ZScore_Power_t,ZScore_Discipline_t,ZScore_Defense_t,ZScore_Speed_t,age_t_t,PA_t",85.26060727952982,10.0
fg:30011,Christian Encarnacion-Strand,2024,2025,59,archived_pooled_20_80,wRC+ + B2V + age + PA Ridge,"wRC+_t,ZScore_Contact_t,ZScore_Power_t,ZScore_Discipline_t,ZScore_Defense_t,ZScore_Speed_t,age_t_t,PA_t",82.58850075778788,10.0
fg:30116,Seiya Suzuki,2024,2025,123,archived_pooled_20_80,wRC+ + B2V + age + PA Ridge,"wRC+_t,ZScore_Contact_t,ZScore_Power_t,ZScore_Discipline_t,ZScore_Defense_t,ZScore_Speed_t,age_t_t,PA_t",120.71455923249708,10.0
fg:31166,Heston Kjerstad,2024,2025,57,archived_pooled_20_80,wRC+ + B2V + age + PA Ridge,"wRC+_t,ZScore_Contact_t,ZScore_Power_t,ZScore_Discipline_t,ZScore_Defense_t,ZScore_Speed_t,age_t_t,PA_t",85.820872129684,10.0
fg:31347,Zach Neto,2024,2025,116,archived_pooled_20_80,wRC+ + B2V + age + PA Ridge,"wRC+_t,ZScore_Contact_t,ZScore_Power_t,ZScore_Discipline_t,ZScore_Defense_t,ZScore_Speed_t,age_t_t,PA_t",104.86775398272263,10.0
fg:31349,Victor Scott II,2024,2025,76,archived_pooled_20_80,wRC+ + B2V + age + PA Ridge,"wRC+_t,ZScore_Contact_t,ZScore_Power_t,ZScore_Discipline_t,ZScore_Defense_t,ZScore_Speed_t,age_t_t,PA_t",81.32459016226787,10.0
fg:31394,Brooks Baldwin,2024,2025,92,archived_pooled_20_80,wRC+ + B2V + age + PA Ridge,"wRC+_t,ZScore_Contact_t,ZScore_Power_t,ZScore_Discipline_t,ZScore_Defense_t,ZScore_Speed_t,age_t_t,PA_t",77.06993124934354,10.0
fg:31431,Jordan Beck,2024,2025,90,archived_pooled_20_80,wRC+ + B2V + age + PA Ridge,"wRC+_t,ZScore_Contact_t,ZScore_Power_t,ZScore_Discipline_t,ZScore_Defense_t,ZScore_Speed_t,age_t_t,PA_t",79.25493066959234,10.0
fg:31595,Brooks Lee,2024,2025,81,archived_pooled_20_80,wRC+ + B2V + age + PA Ridge,"wRC+_t,ZScore_Contact_t,ZScore_Power_t,ZScore_Discipline_t,ZScore_Defense_t,ZScore_Speed_t,age_t_t,PA_t",84.07466917936131,10.0
fg:31781,Jackson Holliday,2024,2025,96,archived_pooled_20_80,wRC+ + B2V + age + PA Ridge,"wRC+_t,ZScore_Contact_t,ZScore_Power_t,ZScore_Discipline_t,ZScore_Defense_t,ZScore_Speed_t,age_t_t,PA_t",91.25079434912732,10.0
fg:31837,Masataka Yoshida,2024,2025,88,archived_pooled_20_80,wRC+ + B2V + age + PA Ridge,"wRC+_t,ZScore_Contact_t,ZScore_Power_t,ZScore_Discipline_t,ZScore_Defense_t,ZScore_Speed_t,age_t_t,PA_t",99.16490427846288,10.0
fg:33189,Nolan Schanuel,2024,2025,109,archived_pooled_20_80,wRC+ + B2V + age + PA Ridge,"wRC+_t,ZScore_Contact_t,ZScore_Power_t,ZScore_Discipline_t,ZScore_Defense_t,ZScore_Speed_t,age_t_t,PA_t",104.12245219185108,10.0
fg:33266,Jacob Wilson,2024,2025,121,archived_pooled_20_80,wRC+ + B2V + age + PA Ridge,"wRC+_t,ZScore_Contact_t,ZScore_Power_t,ZScore_Discipline_t,ZScore_Defense_t,ZScore_Speed_t,age_t_t,PA_t",85.2455746024834,10.0
fg:33333,Wyatt Langford,2024,2025,118,archived_pooled_20_80,wRC+ + B2V + age + PA Ridge,"wRC+_t,ZScore_Contact_t,ZScore_Power_t,ZScore_Discipline_t,ZScore_Defense_t,ZScore_Speed_t,age_t_t,PA_t",114.26338142404745,10.0
fg:33541,Dylan Crews,2024,2025,77,archived_pooled_20_80,wRC+ + B2V + age + PA Ridge,"wRC+_t,ZScore_Contact_t,ZScore_Power_t,ZScore_Discipline_t,ZScore_Defense_t,ZScore_Speed_t,age_t_t,PA_t",100.00206971483054,10.0
fg:33824,Jung Hoo Lee,2024,2025,107,archived_pooled_20_80,wRC+ + B2V + age + PA Ridge,"wRC+_t,ZScore_Contact_t,ZScore_Power_t,ZScore_Discipline_t,ZScore_Defense_t,ZScore_Speed_t,age_t_t,PA_t",100.97151699173017,10.0
fg:4949,Giancarlo Stanton,2024,2025,158,archived_pooled_20_80,wRC+ + B2V + age + PA Ridge,"wRC+_t,ZScore_Contact_t,ZScore_Power_t,ZScore_Discipline_t,ZScore_Defense_t,ZScore_Speed_t,age_t_t,PA_t",113.25915365850835,10.0
fg:5235,Justin Turner,2024,2025,71,archived_pooled_20_80,wRC+ + B2V + age + PA Ridge,"wRC+_t,ZScore_Contact_t,ZScore_Power_t,ZScore_Discipline_t,ZScore_Defense_t,ZScore_Speed_t,age_t_t,PA_t",84.56888509260534,10.0
fg:5361,Freddie Freeman,2024,2025,139,archived_pooled_20_80,wRC+ + B2V + age + PA Ridge,"wRC+_t,ZScore_Contact_t,ZScore_Power_t,ZScore_Discipline_t,ZScore_Defense_t,ZScore_Speed_t,age_t_t,PA_t",112.33642509395278,10.0
fg:5417,Jose Altuve,2024,2025,113,archived_pooled_20_80,wRC+ + B2V + age + PA Ridge,"wRC+_t,ZScore_Contact_t,ZScore_Power_t,ZScore_Discipline_t,ZScore_Defense_t,ZScore_Speed_t,age_t_t,PA_t",91.97067112955014,10.0
fg:5517,Kyle Higashioka,2024,2025,93,archived_pooled_20_80,wRC+ + B2V + age + PA Ridge,"wRC+_t,ZScore_Contact_t,ZScore_Power_t,ZScore_Discipline_t,ZScore_Defense_t,ZScore_Speed_t,age_t_t,PA_t",87.24224972442511,10.0
fg:5827,Wilmer Flores,2024,2025,95,archived_pooled_20_80,wRC+ + B2V + age + PA Ridge,"wRC+_t,ZScore_Contact_t,ZScore_Power_t,ZScore_Discipline_t,ZScore_Defense_t,ZScore_Speed_t,age_t_t,PA_t",80.00842091928,10.0
fg:6887,Martin Maldonado,2024,2025,61,archived_pooled_20_80,wRC+ + B2V + age + PA Ridge,"wRC+_t,ZScore_Contact_t,ZScore_Power_t,ZScore_Discipline_t,ZScore_Defense_t,ZScore_Speed_t,age_t_t,PA_t",62.60381589897834,10.0
fg:7304,Salvador Perez,2024,2025,95,archived_pooled_20_80,wRC+ + B2V + age + PA Ridge,"wRC+_t,ZScore_Contact_t,ZScore_Power_t,ZScore_Discipline_t,ZScore_Defense_t,ZScore_Speed_t,age_t_t,PA_t",93.23587706810866,10.0
fg:7739,Travis d'Arnaud,2024,2025,64,archived_pooled_20_80,wRC+ + B2V + age + PA Ridge,"wRC+_t,ZScore_Contact_t,ZScore_Power_t,ZScore_Discipline_t,ZScore_Defense_t,ZScore_Speed_t,age_t_t,PA_t",87.3486258786309,10.0
fg:7802,Miguel Rojas,2024,2025,100,archived_pooled_20_80,wRC+ + B2V + age + PA Ridge,"wRC+_t,ZScore_Contact_t,ZScore_Power_t,ZScore_Discipline_t,ZScore_Defense_t,ZScore_Speed_t,age_t_t,PA_t",86.58623645305089,10.0
fg:8623,Donovan Solano,2024,2025,82,archived_pooled_20_80,wRC+ + B2V + age + PA Ridge,"wRC+_t,ZScore_Contact_t,ZScore_Power_t,ZScore_Discipline_t,ZScore_Defense_t,ZScore_Speed_t,age_t_t,PA_t",79.35963987065483,10.0
fg:9218,Paul Goldschmidt,2024,2025,103,archived_pooled_20_80,wRC+ + B2V + age + PA Ridge,"wRC+_t,ZScore_Contact_t,ZScore_Power_t,ZScore_Discipline_t,ZScore_Defense_t,ZScore_Speed_t,age_t_t,PA_t",100.53258700169818,10.0
fg:9241,Starling Marte,2024,2025,112,archived_pooled_20_80,wRC+ + B2V + age + PA Ridge,"wRC+_t,ZScore_Contact_t,ZScore_Power_t,ZScore_Discipline_t,ZScore_Defense_t,ZScore_Speed_t,age_t_t,PA_t",93.8393558697257,10.0
fg:9774,Christian Vazquez,2024,2025,55,archived_pooled_20_80,wRC+ + B2V + age + PA Ridge,"wRC+_t,ZScore_Contact_t,ZScore_Power_t,ZScore_Discipline_t,ZScore_Defense_t,ZScore_Speed_t,age_t_t,PA_t",72.36644878372361,10.0
fg:9777,Nolan Arenado,2024,2025,84,archived_pooled_20_80,wRC+ + B2V + age + PA Ridge,"wRC+_t,ZScore_Contact_t,ZScore_Power_t,ZScore_Discipline_t,ZScore_Defense_t,ZScore_Speed_t,age_t_t,PA_t",86.1749774642829,10.0
fg:9847,Andrew McCutchen,2024,2025,95,archived_pooled_20_80,wRC+ + B2V + age + PA Ridge,"wRC+_t,ZScore_Contact_t,ZScore_Power_t,ZScore_Discipline_t,ZScore_Defense_t,ZScore_Speed_t,age_t_t,PA_t",93.95982942826367,10.0
fg:9874,DJ LeMahieu,2024,2025,95,archived_pooled_20_80,wRC+ + B2V + age + PA Ridge,"wRC+_t,ZScore_Contact_t,ZScore_Power_t,ZScore_Discipline_t,ZScore_Defense_t,ZScore_Speed_t,age_t_t,PA_t",80.11298569291642,10.0
