player_id,Name,Name_t,Season_t,PA_t,WAR_t,wRC+_t,OPS_t,age_t_t,birth_year_t,source_row_t,ZScore_Contact_t,ZScore_Power_t,ZScore_Discipline_t,ZScore_Defense_t,ZScore_Speed_t,safe_ZScore_Contact_t,safe_ZScore_Power_t,safe_ZScore_Discipline_t,safe_ZScore_Defense_t,safe_ZScore_Speed_t,Name_t1,Season_t1,PA_t1,WAR_t1,wRC+_t1,OPS_t1,age_t_t1,birth_year_t1,source_row_t1,ZScore_Contact_t1,ZScore_Power_t1,ZScore_Discipline_t1,ZScore_Defense_t1,ZScore_Speed_t1,safe_ZScore_Contact_t1,safe_ZScore_Power_t1,safe_ZScore_Discipline_t1,safe_ZScore_Defense_t1,safe_ZScore_Speed_t1
fg:10047,Wil Myers,Wil Myers,2021,500,2.2,111,0.768,31.0,1990.0,115,44.46470152735007,41.53666923993704,45.159119870992086,46.09231998450719,40.741877953108926,-0.7189342313824811,-0.09071569926575304,0.39488393099743146,0.270103566777406,-0.0478270028962422,Wil Myers,2022,286,1.2,103,0.713,32.0,1990.0,661,45.182217431794015,41.66805849054322,41.66676422100981,46.622354490301305,41.67275403357218,-0.618509120832669,-0.07170478723457939,-0.07351883895948753,0.3540414468040625,0.07441033388062429
fg:10059,Max Stassi,Max Stassi,2021,319,2.9,105,0.752,30.0,1991.0,80,44.30948803704994,46.16509416277446,43.87160780523232,60.43148051592514,36.73055790013193,-0.7392958792487189,0.4991697409508551,0.2237121166921927,2.623803713097983,-0.5918250970337825,Max Stassi,2022,375,-0.1,63,0.571,31.0,1991.0,832,37.28382054995457,39.80344424631684,48.0704754722414,44.04221898082659,36.62341271312223,-1.6569943122678485,-0.31258398454268804,0.7755614120928928,-0.06345330099629062,-0.6029669411686815
fg:10071,Jonathan Villar,Jonathan Villar,2021,505,2.0,103,0.738,30.0,1991.0,132,46.51735548540394,43.80083869029647,40.63324264810222,43.78610130886472,45.113788972909504,-0.4496572696679251,0.19784911818655004,-0.2068211995153926,-0.10845047914554301,0.5450728981588637,Jonathan Villar,2022,220,-1.2,59,0.562,31.0,1991.0,923,41.8998088724747,38.86176800476312,38.80504770597741,32.68267329184592,51.43038130246484,-1.0500818478161396,-0.434233927897963,-0.4529592730604374,-1.9015546895210735,1.3834117562206605
fg:10155,Mike Trout,Mike Trout,2021,146,2.1,189,1.09,30.0,1991.0,120,54.70891704343278,58.06216159682976,55.83524837230007,44.2712067765593,44.78532517957397,0.6249509463876889,2.0154321796039842,1.8142510452359877,-0.028822888130580093,0.5005280413018027,Mike Trout,2022,499,6.0,176,0.999,31.0,1991.0,475,51.73640933235509,65.61118495899872,49.51948089825788,43.252210070600384,38.9652260462696,0.24323932412163532,3.021375243997822,0.9676877967205126,-0.19128556776047698,-0.28880890874235676
fg:10200,Tucker Barnhart,Tucker Barnhart,2021,388,1.5,81,0.685,30.0,1991.0,174,46.75760097790157,34.28066758616042,38.54833353411413,54.326746530220895,36.67821942528537,-0.41814071714257206,-1.015481640402919,-0.48400514613128315,1.6217427316397184,-0.5989230174665993,Tucker Barnhart,2022,308,0.3,63,0.554,31.0,1991.0,772,49.006653709111696,27.575525713314057,43.76907765052664,48.0970597431428,34.12101303635202,-0.1156703170858317,-1.8922411227947455,0.20523089607605732,0.59266523045962,-0.9386678903736402
fg:10231,Jose Iglesias,Jose Iglesias,2021,511,1.8,89,0.701,31.0,1990.0,150,59.552674020021215,34.012411985274326,27.539407841043328,48.48692777413415,42.52149862519995,1.2603781487282357,-1.049670392701456,-1.9476168935850737,0.6631662354375516,0.19351755229246814,Jose Iglesias,2022,467,1.3,87,0.708,32.0,1990.0,647,64.93257544010012,31.850421185171868,32.117205926037464,46.32408611649752,34.086789976137055,1.9782778758208153,-1.3399910297657647,-1.3397129311704727,0.30577829200434226,-0.9432589690512436
fg:10243,Randal Grichuk,Randal Grichuk,2021,545,0.6,85,0.703,30.0,1991.0,264,51.20404366014154,45.21575678680037,33.43909479424399,44.04002260679384,31.97770362679692,0.16516489616532845,0.3781781930103407,-1.163266869636845,-0.06677059176439688,-1.2363868952101331,Randal Grichuk,2022,538,0.5,89,0.724,31.0,1991.0,737,50.90222667163923,46.45281408824991,34.48342766379799,38.87823600473133,41.022757846836086,0.13356056866465832,0.5464113143986882,-1.0259710917399543,-0.8990434327289961,-0.012787702025671257
fg:10264,Brandon Belt,Brandon Belt,2021,381,3.6,159,0.975,33.0,1988.0,51,50.0642367484226,55.61777110623843,49.00715484781407,43.11216281241644,37.681084427261936,0.015639575092738934,1.703898475451383,0.9064714694831009,-0.219074049767116,-0.46291874890976636,Brandon Belt,2022,298,0.1,97,0.676,34.0,1988.0,801,43.38505966302722,41.943979012442895,49.96178225007448,39.813760669782205,39.55812936320133,-0.8548003274480499,-0.0360601416775545,1.0263333739658975,-0.747665091296091,-0.20926997332431638
fg:10323,Rafael Ortega,Rafael Ortega,2021,330,1.6,122,0.823,30.0,1991.0,158,56.41915321728539,40.83859062373604,45.48095415895019,38.42707797989269,42.77528277008573,0.8493079057779545,-0.17968471544050096,0.43767107097107927,-0.9881068555352117,0.22793467416678198,Rafael Ortega,2022,371,0.7,98,0.688,31.0,1991.0,709,54.94780586091659,36.81886974098734,50.66081999155063,44.30785033785965,33.748657103990475,0.6654753536133289,-0.6981446512468601,1.1190201172842364,-0.020471180094059394,-0.9886200387439606
fg:10324,Marcell Ozuna,Marcell Ozuna,2021,208,-0.2,74,0.645,31.0,1990.0,375,49.45095395291115,43.70780865798989,42.720472742705205,43.736628616267005,35.90227573040574,-0.06481379465288843,0.1859925876226073,0.07067131621871023,-0.11657116958282387,-0.7041531874848926,Marcell Ozuna,2022,507,-0.3,90,0.687,32.0,1990.0,852,47.583645067599576,49.81825082252408,37.4258452269413,37.64998850460248,34.75860191247882,-0.3027682084177334,0.9811734651509624,-0.6358303522220443,-1.0977875988472725,-0.853134315179711
fg:10472,Enrique Hernandez,Enrique Hernandez,2021,585,3.6,109,0.786,30.0,1991.0,53,53.71623150707821,45.762858178596105,48.37242253595432,51.87760674262947,45.96040914060208,0.49472571084872974,0.4479054005858934,0.8220852456110329,1.2197289133424032,0.6598879095767044,Enrique Hernandez,2022,402,0.3,74,0.629,31.0,1991.0,767,50.58227420005449,38.56785030746177,44.86238828423019,44.21297023512325,39.58480494721408,0.09149305690568336,-0.4722035289668275,0.3501950318597738,-0.03582384061043212,-0.20569140074184433
fg:10556,Cesar Hernandez,Cesar Hernandez,2021,637,1.5,91,0.694,31.0,1990.0,173,52.401867904137056,39.1521322630045,44.80492524796077,43.613009912856704,40.076547991581286,0.3223012083165285,-0.3946211677136074,0.3477945577373416,-0.136862549937153,-0.13805621080375552,Cesar Hernandez,2022,617,0.5,81,0.629,32.0,1990.0,745,55.66555190620184,31.11218230911632,44.0061031340818,41.43600230916556,40.45326654064391,0.7598449643572134,-1.4353600254904972,0.23665855562958873,-0.48516827218775266,-0.08918587847502066
fg:10681,Gio Urshela,Gio Urshela,2021,442,1.2,97,0.72,30.0,1991.0,198,51.03437069501028,42.94426906184287,30.184610271888296,43.27900797779338,32.44137508393197,0.14290638524760793,0.08868067302858573,-1.595943218958054,-0.1916872659104088,-1.1735057524301529,Gio Urshela,2022,551,2.6,118,0.767,31.0,1991.0,544,59.24847307173063,42.73580253163852,37.35108072890028,42.80236404682034,32.85575192274818,1.230929239830439,0.06623115761081866,-0.6457435191772635,-0.2640756795811069,-1.1084047077061714
fg:10762,Corey Dickerson,Corey Dickerson,2021,365,0.8,97,0.734,32.0,1989.0,240,53.91239854415532,37.33531435200293,34.22742461741714,43.443041632164224,39.95846118885887,0.5204598408151625,-0.6261717386079441,-1.0584602043697138,-0.16476197726131217,-0.15407063866675172,Corey Dickerson,2022,297,0.6,96,0.698,33.0,1989.0,718,55.427516913757024,39.75578471375797,29.36061339748148,44.074010334883,38.57354835479655,0.7285480039239263,-0.31874085585395734,-1.705214776017909,-0.05830910477276961,-0.3413531022341079
fg:10815,Jurickson Profar,Jurickson Profar,2021,412,-0.3,87,0.649,28.0,1993.0,387,55.269996347748446,30.62288615623088,52.8812552704033,35.72282996910782,41.5359645414797,0.6985560125286401,-1.4816601017546,1.421524349973174,-1.4319953889486847,0.05986362885309626,Jurickson Profar,2022,658,2.5,110,0.723,29.0,1993.0,552,57.84955021325099,39.20270184954646,53.48610850440506,43.056387969976,39.51769952030856,1.0469981593561766,-0.39019057087606573,1.4936304933108688,-0.22297177114541333,-0.2146937019002519
fg:10950,Adam Duvall,Adam Duvall,2021,555,2.3,101,0.772,33.0,1988.0,108,43.34489025100467,53.320123684919736,34.23746353788416,53.41612689816296,36.48683977557997,-0.865836429390508,1.4110669435192962,-1.0571255526210395,1.4722691584468524,-0.6248771082201358,Adam Duvall,2022,315,0.8,88,0.677,34.0,1988.0,697,41.48733045858782,45.77192379495311,36.18477326254415,47.6642020388217,40.78173407204789,-1.1043147169687513,0.45845086477106883,-0.8003864438012418,0.522624018501815,-0.04512142981842372
fg:11038,Kevin Kiermaier,Kevin Kiermaier,2021,390,2.8,101,0.716,31.0,1990.0,87,46.29725811349402,35.60693766743028,39.19087521156128,55.27496960223329,50.87562243486684,-0.47853069538915777,-0.846450614993874,-0.3985806847842296,1.7773887179197414,1.3264681447726276,Kevin Kiermaier,2022,221,1.0,89,0.649,32.0,1990.0,678,45.94120545997016,42.69803148021808,38.24152895713652,46.74449072422689,49.36483879251049,-0.5187169934517574,0.06135172446489506,-0.5276772954644808,0.3738044538216394,1.106315899930498
fg:11200,Kole Calhoun,Kole Calhoun,2021,182,-0.3,81,0.67,34.0,1987.0,386,44.39288300116358,39.23660344179893,40.14696334732417,42.1058469666466,37.37611847241899,-0.7283557290735245,-0.38385544950072187,-0.2714709316514122,-0.38425566888934576,-0.5042769292644543,Kole Calhoun,2022,424,-1.3,66,0.587,35.0,1987.0,926,36.31311200151167,44.83853620378843,35.50451645518633,39.656802134224414,37.30732383646688,-1.7846235600554987,0.3378716862984831,-0.8905829873540737,-0.7730627357132844,-0.5112191618631173
fg:11265,Jonathan Schoop,Jonathan Schoop,2021,674,2.2,105,0.755,30.0,1991.0,116,54.58547177647147,44.73594692030628,32.518608713116485,44.67385775659102,38.35344171005507,0.6087568059701299,0.3170271839660749,-1.285643410206457,0.03727021882224768,-0.3717365257043375,Jonathan Schoop,2022,510,1.3,57,0.561,31.0,1991.0,657,45.8009780781293,38.489802335530136,29.94973329896897,66.87115814926608,42.830546716234174,-0.537154160088736,-0.4822861146215442,-1.627102248105482,3.630524075648411,0.22973008801911432
fg:11281,Whit Merrifield,Whit Merrifield,2021,720,2.6,89,0.711,32.0,1989.0,97,61.0766569205456,33.48055794405088,37.94331960849983,48.5579506696312,68.7602003960665,1.4603015130868444,-1.1174543495482148,-0.5644403778323724,0.674824281887149,3.7518982268540526,Whit Merrifield,2022,550,1.3,87,0.673,33.0,1989.0,651,56.5479909340467,36.15349820776521,40.23340454945821,46.47061218718078,48.62024649264051,0.8758684912159858,-0.784100318125673,-0.26357072325319664,0.32948784706509093,1.006427643007578
fg:11342,Jesus Aguilar,Jesus Aguilar,2021,510,1.3,107,0.788,31.0,1990.0,188,53.537656846308735,44.86674591849019,44.79403520118583,42.468082995717765,30.699709138364632,0.4712994329305544,0.33369730952928794,0.3463467506729198,-0.32479647023128666,-1.409703049703835,Jesus Aguilar,2022,507,-0.7,82,0.661,32.0,1990.0,895,48.72620736728532,39.88861333526939,35.81672865672984,40.96108543905781,29.954928336888933,-0.1525435430500142,-0.3015814611811526,-0.8491861778996809,-0.562015127007457,-1.497554866367459
fg:11368,Yasmani Grandal,Yasmani Grandal,2021,375,3.6,157,0.939,33.0,1988.0,52,53.52098669694727,56.82874311267139,72.51876250190267,42.81470344821123,28.285145057061527,0.46911256302305204,1.8582349434753214,4.032286478454224,-0.26790048891048157,-1.7371559183491636,Yasmani Grandal,2022,376,-0.5,68,0.57,34.0,1988.0,883,50.09523468083879,37.1623040281644,54.43366296799165,44.56271992372963,26.3551655147832,0.027456856153079256,-0.6537782759070557,1.6192685413526466,0.02076956601560216,-1.9804688498975904
fg:11442,Gary Sanchez,Gary Sanchez,2021,440,1.1,101,0.73,29.0,1992.0,207,43.879128876720046,48.74675410342804,47.5885341259378,38.13274173100303,32.370124843699905,-0.7957524518166217,0.8281982195306542,0.7178690561680257,-1.036420651211124,-1.1831684057166492,Gary Sanchez,2022,471,1.4,88,0.659,30.0,1992.0,639,42.70762568429458,50.47073636102301,43.72690948267583,49.365510430485394,35.093157995844244,-0.9438696874224028,1.065464461669645,0.19963973852061642,0.7979147213737988,-0.808253077465908
fg:11445,Mark Canha,Mark Canha,2021,625,2.9,116,0.746,32.0,1989.0,81,52.34668735423111,38.31889857768802,53.834818963201286,42.45946291455803,47.648683882992536,0.31506235991438475,-0.5008154838061118,1.5482984841289702,-0.3262114126362138,0.888844519897377,Mark Canha,2022,542,2.5,126,0.77,33.0,1989.0,549,56.81983577898869,39.60965326075252,48.878899564499896,38.44739893212743,33.86424467291031,0.9116107880470486,-0.33761876972295907,0.8827518996526845,-0.9687576839027369,-0.973113780106346
fg:11476,Odubel Herrera,Odubel Herrera,2021,492,1.4,93,0.726,30.0,1991.0,182,57.20183349946396,41.910971090787314,36.89907083052828,46.61827806363976,41.98174904281745,0.951983647859078,-0.04301152003768256,-0.7032708887572854,0.3564369058247227,0.12031901907901779,Odubel Herrera,2022,197,0.5,83,0.658,31.0,1991.0,742,50.14888994799908,40.85897643111074,35.01047810917758,46.28623286728952,46.98764107341907,0.03451147764425462,-0.17622562184471427,-0.9560884710340148,0.2996532134286303,0.78741099510856
fg:11477,Christian Yelich,Christian Yelich,2021,475,1.4,102,0.736,30.0,1991.0,181,51.65068705689801,45.06551117407599,55.73598560881904,43.40574979651922,45.37613672477233,0.2237577127365546,0.35902962716340886,1.8010542855551586,-0.17088324208862885,0.5806513798381625,Christian Yelich,2022,671,2.2,111,0.738,31.0,1991.0,570,52.88380880445796,49.3718207445927,53.75642461759932,35.725272574836666,53.16571820096266,0.394099983349724,0.9235016334789253,1.529472220748274,-1.409228137041523,1.616209997614296
fg:11493,Manny Machado,Manny Machado,2021,640,4.5,123,0.836,29.0,1992.0,28,59.35895627345485,55.66484758049399,44.92913241542734,48.56344763547538,39.19515807584985,1.2349653284031588,1.7098982976809858,0.3643076194556578,0.675726580824623,-0.2575865469568403,Manny Machado,2022,644,7.1,152,0.898,30.0,1992.0,465,56.75363408864456,54.97249631929398,43.0937591617462,52.62395108113525,44.36152139844432,0.9029065565303431,1.647021922458005,0.1156891335733005,1.325166818277205,0.43511280877219877
fg:11579,Bryce Harper,Bryce Harper,2021,599,6.6,170,1.044,29.0,1992.0,3,54.44406770694315,62.59028254529977,53.784231147694,40.49349240460997,39.98613666143103,0.5902067439554097,2.5925340368389933,1.5415729485845628,-0.6489154556510054,-0.15031740927224377,Bryce Harper,2022,426,2.6,139,0.877,30.0,1992.0,540,53.93165483611022,55.73961873956957,40.29123605639253,40.49122014824303,43.04437402592551,0.5318713061958815,1.746122223447985,-0.2559027337858254,-0.638044579867006,0.25841536619257155
fg:11609,Willson Contreras,Willson Contreras,2021,483,2.7,111,0.778,29.0,1992.0,91,43.20860555602874,51.71650595558628,45.10453541450674,45.61864610897843,32.87384523634246,-0.8837149073713297,1.2066883987708341,0.38762705108310763,0.19235241337498077,-1.1148559973431518,Willson Contreras,2022,487,3.5,134,0.815,30.0,1992.0,517,48.86997029363371,54.65729934988236,41.9281946099157,42.62538624422782,37.83581989273682,-0.1336415212443659,1.606303369963346,-0.038855286601119435,-0.29271266503721827,-0.44032056425384775
fg:11680,Elias Diaz,Elias Diaz,2021,371,1.7,91,0.774,31.0,1990.0,153,52.76733382691351,43.30304547108992,40.6482084860321,52.20417552179739,33.802074092474086,0.37024477567200903,0.13440615926555197,-0.20483152524422857,1.2733335146457445,-0.9889735641315905,Elias Diaz,2022,381,-1.2,68,0.648,32.0,1990.0,922,49.601196831243634,41.64380162651567,37.175250810111294,32.25907308339647,31.228355880628087,-0.03749948859489061,-0.07483839728516241,-0.6690571424389553,-1.9700979352325305,-1.3267225092722386
fg:11737,Nick Castellanos,Nick Castellanos,2021,585,3.7,140,0.939,29.0,1992.0,46,54.04700118782186,53.706003547894895,32.923100838969646,33.78197043785206,40.3530928577944,0.5381176592618906,1.4602467220912,-1.2318670978162416,-1.7505775927461227,-0.10055237710895804,Nick Castellanos,2022,558,-0.2,95,0.694,30.0,1992.0,835,47.41235113211046,39.77063865240669,29.710613129534416,31.68725547883512,38.05659643359505,-0.3252900211411621,-0.316821957706715,-1.658807646042675,-2.0626244113526733,-0.4107030355208071
fg:11739,J.T. Realmuto,J.T. Realmuto,2021,537,4.6,109,0.782,30.0,1991.0,25,50.875864011701935,45.30557291579528,40.4100468454769,61.82795488046455,53.82831989260155,0.12211272057497603,0.3896251166774606,-0.23649457617469807,2.8530278653032397,1.726900363682798,J.T. Realmuto,2022,562,6.7,129,0.82,31.0,1991.0,469,55.60954397478489,50.93487843896237,40.03042065325471,62.52965644702349,60.13806670033743,0.7524810133872193,1.1254244086222855,-0.2904847440118481,2.92802060185932,2.5515617846033636
fg:1177,Albert Pujols,Albert Pujols,2021,296,0.1,89,0.717,41.0,1980.0,324,54.71515391250675,46.6285136362644,37.15284533976679,41.86916583103694,38.32193736093927,0.6257691286966267,0.558231820315206,-0.6695321422818152,-0.42310567146064004,-0.3760090109834215,Albert Pujols,2022,351,2.0,148,0.895,42.0,1980.0,580,57.843276389542254,55.75969304793582,42.302962467820485,41.28341434333071,26.68187463826757,1.0461732738619847,1.7487155122747489,0.010835896275834771,-0.5098587096006922,-1.9366402944970478
fg:11899,Joc Pederson,Joc Pederson,2021,481,0.3,96,0.732,29.0,1992.0,295,48.962098670893305,47.65553424477553,39.04612095762951,36.17732749226591,36.2592284580152,-0.12894416818388726,0.6891239734478792,-0.4178254351309225,-1.3573919360885505,-0.6557447830314431,Joc Pederson,2022,433,2.4,144,0.874,30.0,1992.0,554,54.76149864766844,57.93890715119869,45.69787220643353,32.39096077262654,40.58993837629745,0.6409795875850839,2.0302361246919634,0.4609734337245055,-1.948757033814415,-0.07085113147821241
fg:11902,Hanser Alberto,Hanser Alberto,2021,255,0.4,83,0.693,29.0,1992.0,284,59.8882671690518,34.71155100019527,22.26001722674851,43.94701184792003,44.88933153864894,1.3044028627764108,-0.9605662303860344,-2.6494999235834205,-0.0820378339638972,0.5146329395317456,Hanser Alberto,2022,159,-0.3,73,0.623,30.0,1992.0,855,48.023620726866206,29.60636732018369,27.523506345581808,41.16212377211945,39.89326807395968,-0.24491998762360231,-1.6298879322421174,-1.9488002931720552,-0.5294848789443,-0.16431057520686068
fg:12037,Jon Berti,Jon Berti,2021,271,0.2,74,0.624,31.0,1990.0,321,50.93709621037543,35.6341108604184,50.55987166504418,44.98749641401935,49.14466663958654,0.1301454532005635,-0.8429874345004842,1.1129016550912605,0.08875240651819961,1.0917233123402268,Jon Berti,2022,404,2.2,88,0.662,32.0,1990.0,573,52.06637639157703,37.25267056273269,49.3733913355903,48.392132516226525,71.75889189889827,0.28662355889607216,-0.6421043233038692,0.9483175038263619,0.6404113013651829,4.110514211713993
fg:12144,Max Kepler,Max Kepler,2021,490,2.2,97,0.719,28.0,1993.0,119,51.64294834856955,45.27233093282514,49.72209693777904,52.292438579613886,54.13332895078497,0.222742511972633,0.3853884784938617,1.0015214017649143,1.287821445905194,1.7682643895284362,Max Kepler,2022,446,1.5,94,0.666,29.0,1993.0,620,57.20505082458843,42.20387974895358,51.89107605732158,53.14445202403829,38.57890819009799,0.962259055835815,-0.002485003557521973,1.2821421082988387,1.4093896852890966,-0.34063407169115395
fg:12155,Eddie Rosario,Eddie Rosario,2021,412,0.9,100,0.74,30.0,1991.0,231,57.15535683717006,40.23022828373308,35.44324851110746,41.95786654933088,44.82202707755774,0.9458866170546262,-0.257219534029252,-0.8968191702440855,-0.40854590046360323,0.5055053959607975,Eddie Rosario,2022,270,-1.3,63,0.587,31.0,1991.0,927,41.89186527009102,36.50044315955781,34.5869610641227,37.13789939485677,43.14884303293174,-1.0511262766496756,-0.7392804194486811,-1.0122434013286943,-1.1806493372867861,0.2724300518321395
fg:12158,Austin Barnes,Austin Barnes,2021,225,0.7,78,0.644,32.0,1989.0,252,46.69508988443482,35.17336267585515,45.14892421477005,48.308339412281946,40.88079782274926,-0.4263412213026299,-0.9017090623136622,0.39352844158496614,0.6338518657084664,-0.028987283471188917,Austin Barnes,2022,212,1.3,104,0.704,33.0,1989.0,648,53.21938002549531,40.11035562157687,55.89984255542999,49.59093860030471,35.87252707437301,0.4382210561360727,-0.27293580211231283,1.8136720806987712,0.8343915174801287,-0.7036994596438393
fg:12160,Ben Gamel,Ben Gamel,2021,400,-0.1,99,0.735,29.0,1992.0,352,48.090529370046,39.12537284115254,49.5073823459184,31.049488333059344,37.41885758135327,-0.24328079678852385,-0.398031613729746,0.9729755828759032,-2.199100608844401,-0.4984808338399238,Ben Gamel,2022,423,0.1,95,0.693,30.0,1992.0,798,51.45153973769993,40.569916921236256,50.61439602772191,36.29304891596363,42.86556300562991,0.2057845266525791,-0.21356762056023398,1.1128646756479577,-1.317355582489507,0.23442757966959102
fg:12161,Xander Bogaerts,Xander Bogaerts,2021,603,4.1,129,0.863,29.0,1992.0,36,59.47338135637909,48.133267687375096,45.147843586561,39.5641340806588,43.07625517954191,1.2499761579455086,0.7500103455490129,0.3933847745110404,-0.8014648896485751,0.26875126695165186,Xander Bogaerts,2022,631,6.0,133,0.833,30.0,1992.0,477,58.33770774187107,44.77290783842391,45.89317456398423,52.171919772493744,49.59222421344547,1.1111813565471342,0.32939352089853613,0.48686894466722314,1.25202310295445,1.1368200205759114
fg:12179,Maikel Franco,Maikel Franco,2021,403,-0.6,62,0.609,29.0,1992.0,419,49.27037738971122,39.48746745516284,34.409837070364155,43.01171889764723,36.58052629425294,-0.08850269170470074,-0.35188322754082446,-1.0342088817194799,-0.2355614066365307,-0.6121717426717918,Maikel Franco,2022,388,-0.4,66,0.597,30.0,1992.0,872,49.00272561715505,38.3854129306763,29.98157261416932,43.83899536290348,36.06776454770107,-0.1161867845903896,-0.4957716042484323,-1.622880612762625,-0.09633715256157395,-0.6775080379756592
fg:12180,Jorge Alfaro,Jorge Alfaro,2021,311,0.1,68,0.625,28.0,1993.0,332,41.36542584124822,43.81732841074909,24.87621861789699,46.00287000142636,44.81638867538469,-1.1255120361774786,0.19995070699276504,-2.3016818715277174,0.25542080778294274,0.5047407399384373,Jorge Alfaro,2022,274,0.4,90,0.667,29.0,1993.0,754,37.96739954799232,46.72673190425519,24.86526866369189,40.669043613549874,38.32249873160049,-1.5671170020670246,0.5817972414621798,-2.301261081884523,-0.6092707567369255,-0.37503181374722633
fg:12282,Rougned Odor,Rougned Odor,2021,361,1.3,84,0.665,27.0,1994.0,192,41.75866767908139,43.13641527715576,37.58382642069774,52.12290795939885,39.42140813278013,-1.073924691464412,0.11316940444270962,-0.6122341832831549,1.259993858318622,-0.22690348049914377,Rougned Odor,2022,472,0.3,81,0.632,28.0,1994.0,766,45.01562442091821,39.360962624802326,38.63609336570519,40.72068958149674,45.42698119881138,-0.6404128536254474,-0.3697457369770255,-0.47536125029311344,-0.6009138621925485,0.5780459579582607
fg:12325,Jace Peterson,Jace Peterson,2021,302,0.8,98,0.714,31.0,1990.0,241,50.24668171780823,37.5969740904024,52.75194779775824,41.583449663307,50.96576892916649,0.03957357860244199,-0.5928236185571799,1.404333214228113,-0.4700045247316277,1.338693427334111,Jace Peterson,2022,328,2.1,96,0.698,32.0,1990.0,579,49.60933180928668,41.4639168128689,49.63448772597364,51.55888866486005,57.56658749440656,-0.03642989759348403,-0.0980767210582007,0.9829367706855481,1.1528278216463737,2.2065937052412448
fg:12371,Tommy La Stella,Tommy La Stella,2021,242,0.6,94,0.713,32.0,1989.0,263,63.35360102102159,38.29060849682518,50.41785141246948,44.96119851006272,36.802131264153424,1.759001928207651,-0.5044210098936579,1.0940203840354017,0.08443573956583436,-0.582118623078953,Tommy La Stella,2022,195,-0.7,78,0.632,33.0,1989.0,899,56.3264473826624,35.568900458822164,44.25818723383011,39.19114275998831,35.861250025499984,0.8467398337412586,-0.8596212667345117,0.27008286573717555,-0.8484116242866416,-0.7052122939228909
fg:12510,Curt Casali,Curt Casali,2021,231,0.3,82,0.663,33.0,1988.0,301,42.76133876703618,34.450468120884985,46.79326337497674,44.10598619692413,35.999712923744326,-0.942389503517059,-0.9938408306577299,0.6121396102652683,-0.055943004514689455,-0.6909391714566868,Curt Casali,2022,176,0.5,93,0.649,34.0,1988.0,743,43.47211625956639,38.40591343765753,48.88001043224136,42.99195959914886,37.30045999865664,-0.8433540823839982,-0.4931232571807542,0.8828991917187703,-0.23339700126642335,-0.5121399567662958
fg:12532,Kolten Wong,Kolten Wong,2021,492,2.6,109,0.783,31.0,1990.0,94,57.634460794273366,39.563977770916175,39.78630005960782,45.47928577282244,45.26702964002844,1.0087377651538976,-0.3421321087387077,-0.3194202992367712,0.16947712420565042,0.565854742977055,Kolten Wong,2022,497,2.3,117,0.77,32.0,1990.0,564,55.39848360877328,42.01895131668599,50.65143503303959,36.66164290260187,49.61458975243822,0.7247306903937134,-0.026374884513862003,1.117775747790353,-1.2577129579346487,1.1398203936734006
fg:12533,Marcus Semien,Marcus Semien,2021,724,5.9,131,0.873,31.0,1990.0,10,55.797543719069374,50.2726739950031,46.730068982675625,48.41234410284413,52.26076588961172,0.7677621993544432,1.0226742976745826,0.6037380588765321,0.650923705782917,1.514315384468468,Marcus Semien,2022,724,4.4,107,0.733,32.0,1990.0,494,55.98498772919535,42.57673786546171,44.43338058556963,51.01735813906369,59.26951855070617,0.8018445468997679,0.045682473491627365,0.2933120853633874,1.065202133203532,2.435044650682633
fg:12546,C.J. Cron,C.J. Cron,2021,547,2.3,125,0.905,31.0,1990.0,106,53.9392266019511,51.31176023348614,44.66895758058438,39.58212350776514,31.79536982235281,0.5239792737247398,1.1551041962749098,0.32971796418096744,-0.7985120168412979,-1.2611142270621076,C.J. Cron,2022,632,1.4,103,0.783,32.0,1990.0,629,51.22756806592728,51.61492523757994,38.96541510004299,41.04116250719673,39.92366055050478,0.17633661868891748,1.213275891839348,-0.43169585535283356,-0.5490577628517828,-0.16023337550147765
fg:12552,Eugenio Suarez,Eugenio Suarez,2021,574,0.0,85,0.713,30.0,1991.0,339,41.17495567140008,48.63993163860879,46.22754973053583,38.77875773775292,26.36715737643265,-1.1504988238592124,0.8145838652448134,0.5369292619730855,-0.9303804150145154,-1.997265216301354,Eugenio Suarez,2022,629,4.3,132,0.791,31.0,1991.0,496,43.021030854156,52.72906594902751,51.67085451410442,45.13268154971807,33.83262054259917,-0.9026630181844144,1.3572055658149553,1.2529425151463518,0.11299572406974571,-0.9773562081492284
fg:12564,Trevor Story,Trevor Story,2021,595,2.2,98,0.801,29.0,1992.0,112,49.077549079701576,47.59673180682029,39.70223511003592,41.98460211376494,54.74134984873698,-0.11379883148910912,0.6816296956801037,-0.3305965439651719,-0.40415739377365173,1.8507215869879643,Trevor Story,2022,396,2.5,100,0.737,30.0,1992.0,551,44.09316105247694,48.54539242468808,38.80550503102126,53.39192009260954,52.66999314658146,-0.761698800900431,0.8167399314551871,-0.4528986354632981,1.44943278321841,1.5497076827182057
fg:12775,Brad Miller,Brad Miller,2021,377,0.7,106,0.774,32.0,1989.0,246,44.86130106566307,52.92163909831406,46.54453168809357,38.26260666504441,43.410332233482535,-0.6669064074644289,1.3602807128450995,0.5790712956053429,-1.0151039839218934,0.3140573702389994,Brad Miller,2022,241,-1.1,68,0.59,33.0,1989.0,920,39.10686999803132,42.58577525799919,39.36312408187576,37.96592620743525,36.27772201032455,-1.4172988546446963,0.04684996422968588,-0.3789628652331728,-1.0466653492288236,-0.6493419060225335
fg:12856,George Springer,George Springer,2021,342,2.6,140,0.907,32.0,1989.0,92,51.01895104963602,54.412232419473725,46.95029155951121,43.7672365608035,41.18977568401584,0.1408835624328784,1.5502544754306595,0.6330161518982678,-0.11154703142799506,0.012914974498721019,George Springer,2022,583,4.0,133,0.814,33.0,1989.0,502,53.5614069099265,49.45721019266613,45.08426467125639,40.48163334608283,54.68375433703049,0.48319092278979514,0.9345326238160413,0.37961404389948256,-0.6395958315494805,1.8198569915521856
fg:12859,James McCann,James McCann,2021,412,0.3,78,0.643,31.0,1990.0,303,45.08260449988375,39.58603864993777,37.4011896587246,43.4642802307541,32.02245342038306,-0.637874764722054,-0.3393204845792645,-0.6365153273105928,-0.1612757695088358,-1.2303181193203008,James McCann,2022,191,0.1,57,0.538,32.0,1990.0,808,46.19162643336435,39.03325834819726,36.55007338140729,46.793951407312285,43.80399836775406,-0.48579151801856046,-0.4120800392851226,-0.751950606446126,0.381807744863889,0.3603201957680649
fg:12861,Anthony Rendon,Anthony Rendon,2021,249,0.2,94,0.712,31.0,1990.0,312,55.7504375098733,37.74445211028389,49.65383874918259,39.69755979049315,36.99819446971343,0.761582581576961,-0.5740277780433114,0.9924466301227945,-0.7795637391543085,-0.5555293684828294,Anthony Rendon,2022,193,0.9,103,0.706,32.0,1990.0,683,54.999578078709234,41.307440703791386,53.00230506644265,46.02917799655807,41.550231688283056,0.6722823908273032,-0.11829100380821074,1.4294820755498212,0.25805886381684245,0.05797376381781789
fg:12916,Francisco Lindor,Francisco Lindor,2021,524,3.9,101,0.734,28.0,1993.0,44,52.05275328212737,45.6783141041512,47.31348680204309,65.73672111171958,43.43696493469398,0.27650268278520895,0.4371303919375807,0.6813021371441824,3.4946319278479048,0.31766918343500944,Francisco Lindor,2022,706,6.4,124,0.788,29.0,1993.0,472,56.45639667113731,46.78592228425329,43.19886182374958,56.69343022490466,47.22461214480976,0.8638256314971324,0.5894437191539877,0.12962489537438768,1.98365400337575,0.819201046209688
fg:12927,Brandon Nimmo,Brandon Nimmo,2021,386,3.2,135,0.838,28.0,1993.0,66,58.26156405528066,41.53011672289561,56.21734807815015,46.23168032066317,37.981919687352764,1.0910041696507544,-0.0915508072050517,1.8650503360816708,0.29297885594673523,-0.42212075573609126,Brandon Nimmo,2022,673,5.5,132,0.8,29.0,1993.0,483,59.78039752256841,45.10260115209401,52.02296119353633,44.69545327567402,43.93973393361785,1.3008669339500432,0.37198477589973,1.2996290092807912,0.04224730510768567,0.37852934066379884
fg:12976,Austin Hedges,Austin Hedges,2021,312,0.3,42,0.527,29.0,1992.0,306,38.86583348475045,34.76824440969888,32.060496092749844,57.51491308343602,39.26740242975383,-1.4534205141952732,-0.9533407449606567,-1.3465484459491794,2.1450640283331426,-0.2477890762197951,Austin Hedges,2022,338,0.0,43,0.489,30.0,1992.0,825,41.48121740273672,29.640884584358545,42.142380760338206,52.37732867527833,37.42941008350644,-1.105118464624226,-1.6254288378672588,-0.010455937655192482,1.2852605580218606,-0.4948410950832536
fg:12977,Michael Perez,Michael Perez,2021,231,-0.7,36,0.511,29.0,1992.0,435,39.709347789062775,35.142932931034075,40.91157359829414,46.70385566661816,37.80868544802852,-1.3427642741910684,-0.905587285190497,-0.16981772980923615,0.37048403335430863,-0.4456140434287091,Michael Perez,2022,132,-0.2,42,0.511,30.0,1992.0,849,44.77241092010897,39.92781343553794,42.74300735960156,44.94090071252807,39.73334288517185,-0.6723906869409952,-0.29651741712146357,0.06918228519459435,0.08196344225293473,-0.18576479699894055
fg:12979,Javier Baez,Javier Baez,2021,547,4.2,117,0.813,29.0,1992.0,34,37.47979470356347,54.57397324650857,25.851520862811995,49.58431818872659,53.72786834323392,-1.635247709350192,1.5708680881708572,-2.172017646082529,0.8432972810268436,1.7132775535635711,Javier Baez,2022,590,2.0,89,0.671,30.0,1992.0,587,41.4755852343543,43.56510023739226,27.02296446863491,47.25641518082832,48.39888732438937,-1.1058589849536438,0.1733635397161034,-2.0151680923851387,0.45663954954308766,0.9767319538708854
fg:12984,Jackie Bradley Jr.,Jackie Bradley Jr.,2021,428,-1.7,36,0.497,31.0,1990.0,462,34.81874386624851,35.5843697426417,38.24706235503277,45.90198842617971,49.595000723852046,-1.9843370829529023,-0.8493268613348273,-0.5240584673332123,0.23886161117594298,1.1527956975725637,Jackie Bradley Jr.,2022,370,-0.2,56,0.566,32.0,1990.0,843,45.49763593612561,35.82923208477993,40.09350773854757,53.032748254987226,36.10175568541603,-0.5770377373667229,-0.8259904643909204,-0.28211990741676807,1.3913147676279634,-0.672948072075169
fg:13066,Teoscar Hernandez,Teoscar Hernandez,2021,595,4.0,132,0.87,29.0,1992.0,38,51.22502142035972,55.49043219621692,34.929613353726324,43.9587550443953,44.00720212784242,0.16791685906339224,1.6876693326550707,-0.9651058015837342,-0.08011024809151929,0.3950023162147958,Teoscar Hernandez,2022,535,3.0,130,0.807,30.0,1992.0,530,46.96081205564186,58.16222199210202,38.52360880082029,41.99973738685813,40.98524247504466,-0.3846586058403083,2.059084933388102,-0.4902757926334823,-0.3939496392038643,-0.01782044960675082
fg:13145,Josh Bell,Josh Bell,2021,568,2.2,119,0.823,29.0,1992.0,111,55.47367533614909,54.09889860914595,49.26358131600093,42.300488565553934,28.349920177582085,0.7252755961907691,1.5103205765943706,0.9405627878969038,-0.3523062420854215,-1.72837139314416,Josh Bell,2022,647,2.1,124,0.784,30.0,1992.0,574,59.077984377280565,45.039565084200966,53.77947648457806,36.65238540673021,29.036245740224324,1.208513300603506,0.3638414950669506,1.5325287116226511,-1.2592109241809981,-1.620797617148355
fg:13152,Jorge Polanco,Jorge Polanco,2021,644,4.0,124,0.826,28.0,1993.0,40,57.82247901587873,47.15341416555804,38.94141174501636,40.72274038432422,44.61499500684271,1.0334028945402784,0.6251295630579989,-0.4317462878934864,-0.6112855677496266,0.47742859071790983,Jorge Polanco,2022,445,1.7,118,0.751,29.0,1993.0,600,52.19537537737795,45.10834690151659,55.243815864546,37.915290555346985,36.22152221720908,0.30358441037878636,0.3727270374764235,1.7266882543612372,-1.0548587633811686,-0.6568811988337993
fg:13265,Mike Zunino,Mike Zunino,2021,375,4.1,133,0.86,30.0,1991.0,37,36.36731935597495,62.46537352361574,41.1529141243469,54.19094696985789,41.47311495774289,-1.7811875451445314,2.5766145794703426,-0.13773205324864088,1.5994519256754263,0.051340236723168814,Mike Zunino,2022,123,-0.3,41,0.499,31.0,1991.0,865,33.41740303426232,46.7784013937558,35.69488924405596,44.80816736058368,36.48604982148562,-2.1653528303342258,0.5884721369236756,-0.865341097296042,0.06048570316085121,-0.6213943944392412
fg:13301,Max Muncy,Max Muncy,2021,592,4.5,139,0.895,31.0,1990.0,26,55.20853923148533,55.67104314863175,59.80773745128741,45.772435096447786,39.60602734826089,0.6904937741381226,1.7106879130467452,2.342384474849133,0.21759609214655246,-0.20186621096285623,Max Muncy,2022,565,2.0,106,0.713,32.0,1990.0,586,44.96068450628347,48.60758306555709,61.22883232016294,41.65200832996895,38.920721017068495,-0.6476363812121746,0.8247739962484752,2.5202529663414204,-0.4502160850458341,-0.2947793301286353
fg:13329,Jake Lamb,Jake Lamb,2021,170,0.0,86,0.674,31.0,1990.0,341,46.026924211050726,45.08278692167639,47.26442816148489,41.67215038160094,39.730360192930256,-0.513994389409647,0.3612313938871266,0.6747799019473104,-0.4554447537345909,-0.18500472156645703,Jake Lamb,2022,111,0.0,105,0.707,32.0,1990.0,811,43.08624859404509,45.32347764585149,44.88701162309575,42.31466477383231,38.4596193462882,-0.8940881569680312,0.4005185880194619,0.3534598871796785,-0.3429908699774453,-0.3566368623197855
fg:13338,Omar Narvaez,Omar Narvaez,2021,445,2.8,100,0.743,29.0,1992.0,84,53.34505281451362,33.77054112162595,40.37749859419483,55.61802927893379,34.36734175570629,0.4460327150347946,-1.080496451945672,-0.2408217924956778,1.8337002160355105,-0.912314377775297,Omar Narvaez,2022,296,1.3,71,0.597,30.0,1992.0,656,49.10230201794889,29.65812098501967,44.598782676019965,55.29443147047914,36.2536857824584,-0.10309442937099342,-1.623202162634787,0.31524306303780225,1.7572803768716128,-0.652566404724671
fg:13359,Tyler Naquin,Tyler Naquin,2021,454,1.4,110,0.809,30.0,1991.0,177,53.28062063763736,48.71106894169141,32.80666682470463,36.23660719128768,39.90939578490936,0.43758019396673115,0.8236502020752239,-1.2473467364142878,-1.347661475511331,-0.16072467920306205,Tyler Naquin,2022,334,0.5,92,0.705,31.0,1991.0,738,45.20742837755975,47.67487785657524,31.15793436744022,41.79533879993215,47.309363550051856,-0.6151943730134009,0.7042829709544722,-1.4669045711190274,-0.4270236138792417,0.8305705837980826
fg:13367,Stephen Piscotty,Stephen Piscotty,2021,188,-0.4,79,0.635,30.0,1991.0,403,45.13279941401798,38.26256399562923,35.897132606955104,39.88907827408495,37.33832881400276,-0.6312899558610399,-0.5079952372408494,-0.8364763072630794,-0.7481269558178338,-0.5094018013477181,Stephen Piscotty,2022,139,-0.5,69,0.593,31.0,1991.0,881,35.43745157359735,44.75273967299975,34.76619847921795,41.53508832848063,40.59180521280721,-1.8997558331887567,0.32678810719777124,-0.9884779716526161,-0.4691350473851881,-0.07060069235205867
fg:13419,Christian Walker,Christian Walker,2021,445,0.3,88,0.696,30.0,1991.0,299,48.67777023019767,40.18456347567063,38.38709309501315,43.95325807855111,40.33754926814365,-0.1662437326521949,-0.2630394416339778,-0.5054416974726496,-0.08101254702899559,-0.10266033235421224,Christian Walker,2022,667,3.9,122,0.804,31.0,1991.0,504,53.4910867126821,52.79914700510769,50.00370044691781,51.77926525538639,36.34582367996175,0.47394518791604917,1.3662589496917383,1.031891387390153,1.1884872157925472,-0.640205957296247
fg:13510,Jose Ramirez,Jose Ramirez,2021,636,6.4,140,0.893,29.0,1992.0,4,63.690377575079005,51.770547272160506,53.39955777249021,51.23352692593079,62.91824653324135,1.803181886986119,1.213575879144553,1.4904314942249122,1.1140064928782325,2.959637393650838,Jose Ramirez,2022,685,5.9,140,0.869,30.0,1992.0,479,63.78929125836075,48.62393432489408,50.60430110197619,46.33787883523639,51.706383876617664,1.827958297037896,0.8268863249707659,1.1115261702484704,0.30801010797300743,1.4204379463158026
fg:13590,Jesse Winker,Jesse Winker,2021,485,3.2,148,0.949,28.0,1993.0,64,63.06478150086824,53.341033100102,50.31527996764226,36.55293130355411,27.775837864478817,1.7211132024603821,1.4137318154325478,1.0803837426602203,-1.2957384840855146,-1.8062259846705768,Jesse Winker,2022,547,0.8,110,0.688,29.0,1993.0,696,54.00853015783064,39.25366311320899,60.05957923357088,35.44079691977175,26.67540076939436,0.5419789121300722,-0.3836071671919809,2.36521947632945,-1.455259475872578,-1.9375087744388968
fg:13602,Patrick Wisdom,Patrick Wisdom,2021,375,2.4,117,0.823,30.0,1991.0,102,33.58224346560106,57.840200224997865,38.023323113972026,48.37936230777898,39.83090644787126,-2.1465471182775406,1.9871435536206394,-0.5538040929022003,0.6455099121580627,-0.17136906788183554,Patrick Wisdom,2022,534,1.2,106,0.725,31.0,1991.0,660,35.385034303507986,52.63267224216264,44.10088014872566,33.088274864977826,41.00057283783731,-1.9066476822028804,1.3447529961710953,0.24922522021371202,-1.8359238240644737,-0.01576385673354822
fg:13611,Mookie Betts,Mookie Betts,2021,550,3.9,131,0.854,29.0,1992.0,41,60.63660119876609,45.50587139314614,56.704207668552186,45.30931749212997,40.75078730855336,1.402572899220413,0.41515284100195776,1.9297772164094635,0.1415776968814924,-0.046618754160724085,Mookie Betts,2022,639,6.0,144,0.873,30.0,1992.0,476,60.74871445387212,52.69932760555209,49.213464159008566,48.81573272467597,51.80235235779087,1.4281817307143039,1.3533638337635072,0.9271124553919873,0.7089545470766386,1.433312272716446
fg:13613,Ketel Marte,Ketel Marte,2021,374,2.4,141,0.909,28.0,1993.0,100,65.06305728845453,51.360135470673214,44.46327954153642,35.97600200225005,39.75058562007428,1.9832565757443832,1.1612695437871658,0.3023735345302769,-1.390438489564965,-0.1822618355154418,Ketel Marte,2022,558,1.8,102,0.727,29.0,1993.0,595,55.29320372624096,45.73675221922705,47.6209233654437,40.988341570247,43.22926894615728,0.7108884385290046,0.4539072435072133,0.7159544434577121,-0.5576047805062528,0.2832193176960716
fg:13620,Carson Kelly,Carson Kelly,2021,359,1.7,104,0.754,27.0,1994.0,155,52.04119975665931,40.64384698559338,51.55440392980496,46.17165135685451,37.14460619741514,0.2749870360670059,-0.20450448428850543,1.2451224681395214,0.2831254073720892,-0.5356736352635355,Carson Kelly,2022,354,0.6,73,0.617,28.0,1994.0,726,51.888535618304736,38.083836776611456,46.300284153057945,46.59796465354363,40.08650369957442,0.2632409646507387,-0.5347305589723604,0.5408483791756199,0.3500948987608896,-0.13838770463535882
fg:13621,Jeimer Candelario,Jeimer Candelario,2021,626,3.9,119,0.795,28.0,1993.0,43,55.75595639942949,43.200949994106566,44.224745080855534,45.56798649111639,39.49634543728506,0.7623065758994813,0.12139425210739664,0.2706609180081356,0.18403689520268834,-0.2167408033025857,Jeimer Candelario,2022,467,0.0,80,0.633,29.0,1993.0,816,47.75278368814172,40.89830356432236,35.90520488138963,41.624587545635485,34.79848429167408,-0.280529777586706,-0.17114516710198285,-0.8374549470400993,-0.4546530742651014,-0.8477840297410227
fg:13624,Corey Seager,Corey Seager,2021,409,3.8,146,0.915,27.0,1994.0,45,56.31175382624342,52.391527012618496,45.50028947342882,42.21890939884595,37.93192351983993,0.8352187400925725,1.2927187654768422,0.4402416572572098,-0.365697046672383,-0.4289010224517775,Corey Seager,2022,663,4.3,117,0.772,28.0,1994.0,498,53.78438281048254,51.43228699789691,40.99247642550338,49.652006717267504,44.188640883027006,0.5125079062534632,1.1896818681913806,-0.1629239398812443,0.8442730209889172,0.41192060903552846
fg:13675,Tyrone Taylor,Tyrone Taylor,2021,271,1.3,107,0.778,27.0,1994.0,189,51.28220442179297,43.74341246294049,38.645894929475496,45.55580563416368,48.36904672804484,0.17541839863232386,0.19053023628426005,-0.4710345794901842,0.18203746959272418,0.9865370524354178,Tyrone Taylor,2022,405,2.1,102,0.729,28.0,1994.0,577,47.78756100218564,45.66757666059028,35.887472947297255,48.62496220334457,45.72309250651016,-0.2759572388585569,0.44497083583503066,-0.8398060578975575,0.678085745651861,0.6177697670634079
fg:13723,Jacob Stallings,Jacob Stallings,2021,427,3.1,92,0.704,32.0,1989.0,73,52.96094321272597,35.77069467343098,50.76798763142452,64.1071263873635,33.87172297852467,0.39564338071522387,-0.8255800434314733,1.1405702016614936,3.2271422562763945,-0.9795280796601625,Jacob Stallings,2022,384,-0.2,66,0.584,33.0,1989.0,842,50.4373597909722,33.2772529982696,44.58056842513048,43.48386478871556,28.995149650595,0.07243963757149438,-1.1556665224866443,0.31282800087912027,-0.1538012465838942,-1.6263107237976422
fg:13755,Tomas Nido,Tomas Nido,2021,161,0.7,61,0.588,27.0,1994.0,257,38.59924119165477,37.63917239120455,22.95074816946444,54.69566645040058,38.3733450722225,-1.4883933660097037,-0.5874455118232346,-2.5576688085160177,1.6822990569702665,-0.3690373167299817,Tomas Nido,2022,313,1.4,72,0.6,28.0,1994.0,643,42.68197604088216,34.777449599160775,28.428451301909256,59.880205640572925,25.717216570867407,-0.9472421154287278,-0.9618644241995806,-1.8288119207170481,2.499309864695861,-2.066050728765655
fg:13757,Chris Taylor,Chris Taylor,2021,582,2.8,113,0.782,31.0,1990.0,83,44.95848857065789,43.75786226972589,47.36489932435104,37.5596848098014,57.02014622534264,-0.6541568858224879,0.19237184131810064,0.6881373155906604,-1.1304850252256973,2.159762219355606,Chris Taylor,2022,454,1.7,93,0.677,32.0,1990.0,607,33.86997994054151,41.37507600275816,43.89961972608311,47.7716998912941,50.70401777897019,-2.105847791250012,-0.10955357376054378,0.22253971809158288,0.5400183718767587,1.2859689190237937
fg:13770,Rob Refsnyder,Rob Refsnyder,2021,157,0.4,88,0.663,30.0,1991.0,288,51.29133213106421,39.19576329920753,49.092903130338925,46.39808782556268,40.60290819959702,0.17661581518192276,-0.389060461117561,0.9178715095166489,0.3202938000658585,-0.06667348735891576,Rob Refsnyder,2022,177,1.0,146,0.881,31.0,1991.0,673,56.20159443564863,48.03198539257227,45.70929416668412,40.56272073008036,40.42826690805192,0.8303241055219079,0.750415717655294,0.46248789315226524,-0.626474987001773,-0.09253961947363641
fg:13807,Kevin Plawecki,Kevin Plawecki,2021,173,0.4,100,0.737,30.0,1991.0,281,59.02469756263567,37.1903577702544,42.79848492673623,41.14113299710162,35.557686508762025,1.1911156723406484,-0.6446462258174303,0.08104285947149109,-0.5426085519817977,-0.7508849060610256,Kevin Plawecki,2022,186,-0.4,60,0.572,31.0,1991.0,874,52.69274190670516,35.24093330105556,43.43993220623565,41.64982304510748,35.435163481270635,0.3689784116107843,-0.9019895292053467,0.16158887576828826,-0.4505696885479604,-0.7623724904610668
fg:13836,Matt Duffy,Matt Duffy,2021,322,1.2,104,0.738,30.0,1991.0,196,61.152541832676704,35.45847255681748,46.07073201759847,42.044631077573605,46.98287102363216,1.4702564587309768,-0.8653722586611431,0.5160807020624294,-0.3943039451990057,0.7985498234481357,Matt Duffy,2022,247,0.0,78,0.619,31.0,1991.0,818,53.90201882685241,31.474536631339816,42.78029073316248,43.74209462844989,34.54709958058137,0.52797474880482,-1.3885494755075256,0.07412575858701119,-0.11201677386200992,-0.8815076938354642
fg:13853,Joey Wendle,Joey Wendle,2021,501,3.1,105,0.741,31.0,1990.0,71,51.95015056714273,38.63456356838306,36.129928044612846,53.37808579773106,43.069832720876136,0.2630427680020452,-0.460584479716936,-0.8055266808591175,1.4660249056221093,0.2678802805362783,Joey Wendle,2022,371,1.1,82,0.658,32.0,1990.0,671,58.98244938078162,35.072184910174066,32.58321222702689,48.12347021161767,44.27044381631714,1.1959523112518462,-0.9237892001391246,-1.277924269640802,0.5969387392868563,0.4228946043601649
fg:14111,Eric Haase,Eric Haase,2021,381,1.0,100,0.745,29.0,1992.0,213,41.27258574351918,51.92177130182283,37.89493935035949,40.085344458734056,40.99378072336426,-1.1376912441456157,1.2328491426836323,-0.5708724236225996,-0.7159108615413095,-0.01366502501438047,Eric Haase,2022,351,1.2,111,0.748,30.0,1992.0,659,44.79385688055601,45.70506397675078,36.215568548938805,38.41459726221242,37.09896612415776,-0.6695709612835568,0.44981361479262855,-0.7963032382228865,-0.9740653605182901,-0.5391706847336052
fg:14128,Joey Gallo,Joey Gallo,2021,616,4.4,123,0.808,28.0,1993.0,30,34.238206782093954,56.38222345298087,58.54455782326642,54.48603248353444,48.10459064141268,-2.0604947136974334,1.8013267186659965,2.1744476030543227,1.6478887093487653,0.9506726473989257,Joey Gallo,2022,410,0.0,84,0.638,29.0,1993.0,815,27.55281354931553,52.15780082881802,47.40082304065762,42.70344268064955,39.337548969979466,-2.936432003117621,1.2834069857428212,0.6867709228874906,-0.2800822616656061,-0.23886118853585156
fg:14130,Daniel Vogelbach,Daniel Vogelbach,2021,258,-0.1,102,0.73,29.0,1992.0,353,53.56542088456512,46.881974675585816,61.38700369770301,40.63597585608149,28.346718128767627,0.47494165223267903,0.590535029128241,2.552344346961448,-0.6255275230142253,-1.7288056413291455,Daniel Vogelbach,2022,461,1.4,126,0.793,30.0,1992.0,626,53.89586086453342,47.76734523888547,62.7776925985886,38.73405987205381,30.61976506997251,0.527165096824379,0.7162283204534569,2.7256192957176544,-0.9223727415695554,-1.4083659472534102
fg:14161,Byron Buxton,Byron Buxton,2021,254,4.1,171,1.005,28.0,1993.0,35,52.7005795603152,61.538943340398745,34.300445563397254,52.27950845787429,52.44425635894521,0.3614876317703069,2.4585425170370843,-1.0487522349159868,1.2856990322978044,1.5391995782728847,Byron Buxton,2022,382,3.4,135,0.833,29.0,1993.0,519,43.07943779956309,60.66221876334432,43.25424543234716,49.21073717978907,51.75877789530978,-0.8949836436493511,2.3820456837923016,0.13696831334676676,0.7728706804587318,1.427466688355246
fg:14162,Carlos Correa,Carlos Correa,2021,640,6.3,133,0.85,27.0,1994.0,7,60.27245274627805,49.95222353195653,52.174318724596766,58.57619858764778,37.80657115964652,1.3548021639173204,0.9818333926986491,1.327538736663231,2.319268636830131,-0.4459007741894245,Carlos Correa,2022,590,4.6,139,0.834,28.0,1994.0,492,58.9243616127516,50.92479446028849,48.267512446923874,43.724095993132345,28.988014626886763,1.1883149023187258,1.1241217152120222,0.801686919219377,-0.11492915411686695,-1.6272678987260478
fg:14221,Jorge Soler,Jorge Soler,2021,602,0.0,100,0.749,29.0,1992.0,337,47.33149916303723,51.47623438112439,48.33183372300312,31.17192011120532,25.153480911804643,-0.3428540089176033,1.176066166405423,0.8166890548194127,-2.1790040562250845,-2.1618588350945562,Jorge Soler,2022,306,0.4,93,0.695,30.0,1992.0,752,43.28520676698408,52.1195552649392,45.53677966735368,43.94968881609594,35.284355446559374,-0.8679290364017795,1.2784662529578756,0.4396138676606421,-0.07842571529247283,-0.7826036313416663
fg:14274,Mitch Haniger,Mitch Haniger,2021,691,2.1,120,0.804,31.0,1990.0,122,48.653560631728574,49.94287463903727,40.37684901561606,30.962723804816616,35.549445626310074,-0.16941966354620155,0.9806418910739814,-0.24090815249712513,-2.2133425641089994,-0.7520024993442007,Mitch Haniger,2022,247,0.9,114,0.736,32.0,1990.0,680,48.03367156529559,49.81015800799876,43.55961778690569,44.43217185664671,37.31718067282058,-0.2435984983357667,0.9801279992199482,0.1774582144838839,-0.0003545695743550357,-0.5098968513821772
fg:14344,Matt Olson,Matt Olson,2021,673,5.0,147,0.911,27.0,1994.0,19,56.7377591437717,55.972934885394864,51.96116376631934,39.12094209349854,41.55837461953981,0.8911041547423073,1.7491635376938213,1.2992002675282064,-0.8742125963739188,0.06290278793119745,Matt Olson,2022,699,3.1,121,0.802,28.0,1994.0,526,48.61231532629672,58.400105724545774,44.75355201390692,42.55607094725197,33.522129596048984,-0.16751812583667297,2.089815816572727,0.3357642238323324,-0.30392865440032396,-1.019009068978788
fg:14350,Raimel Tapia,Raimel Tapia,2021,533,0.5,75,0.699,27.0,1994.0,274,61.26740169028934,33.64524713785739,39.56025535850019,46.74070984178573,55.884607395672674,1.4853243240959801,-1.0964649721234827,-0.3494724304995917,0.37653345844403907,2.0057652929071197,Raimel Tapia,2022,433,0.5,91,0.672,28.0,1994.0,741,55.75440877829561,39.93915738854652,29.31074051478729,40.18033402470324,49.52521569719028,0.7715279105559287,-0.29505195459833417,-1.711827516364461,-0.6883494275252974,1.1278307201374156
fg:14387,Harold Ramirez,Harold Ramirez,2021,361,-0.2,93,0.703,27.0,1994.0,371,55.23741956003136,44.19876500224439,28.443660256744053,33.2607600597768,44.50727578237843,0.6942824337383829,0.24856419763808626,-1.8273985820820662,-1.8361316208533895,0.46282016954068295,Harold Ramirez,2022,435,1.3,118,0.747,28.0,1994.0,644,57.09177721049347,41.62473443514843,29.827647179154702,40.98211502195113,31.01042287231216,0.9473657841279277,-0.07730158223919839,-1.6432898788706842,-0.558612305576508,-1.355958573532435
fg:14477,Jake Cave,Jake Cave,2021,178,-0.5,50,0.541,29.0,1992.0,415,41.52457712594193,37.0030183067297,40.18342113864732,44.89760877046108,41.59391773500853,-1.1046338096127226,-0.6685223443142309,-0.2666239508328961,0.07399780778615127,0.06772299345440029,Jake Cave,2022,177,0.3,80,0.644,30.0,1992.0,765,40.89227855668427,44.54143166048122,38.06186625636552,46.35369218569245,46.18696267157114,-1.1825524400797562,0.29949039422692925,-0.5514991145769601,0.3105688847257358,0.6799986972236837
fg:14551,Anthony Santander,Anthony Santander,2021,438,-0.2,92,0.72,27.0,1994.0,369,51.72397897901272,46.21729586169673,33.7573853587965,35.66904723593024,39.21028423540212,0.2333724975510303,0.505822764962735,-1.1209508596672288,-1.440823550588428,-0.25553520179879174,Anthony Santander,2022,647,2.3,121,0.773,28.0,1994.0,563,55.19365826048365,50.63249581909115,42.911318308926006,37.59413662007695,35.01689149879277,0.6978001506637578,1.0863612710430037,0.09149895399813816,-1.1068250576778391,-0.8184843509472732
fg:14553,Nomar Mazara,Nomar Mazara,2021,181,-0.2,64,0.597,26.0,1995.0,377,46.484058543913214,40.3493451620072,40.84098733387401,45.38821120399985,39.66702453492221,-0.45402532167388066,-0.24203827618249366,-0.17920201386151255,0.15452769773858932,-0.19359403301313458,Nomar Mazara,2022,171,0.2,94,0.668,27.0,1995.0,783,51.45078269987102,36.24189174677495,40.17949126810567,44.59754222536183,36.57013890904791,0.20568499093837758,-0.7726812459021192,-0.27071918774042103,0.02640420341521749,-0.6101137078349038
fg:14566,Franmil Reyes,Franmil Reyes,2021,466,1.7,128,0.846,26.0,1995.0,151,43.99791502005033,58.3159368886088,43.03179102892617,37.8143553725174,32.9939491049835,-0.7801695175162418,2.0477754393960015,0.11206037756890008,-1.088682149847126,-1.0985680236147075,Franmil Reyes,2022,473,-0.9,81,0.638,27.0,1995.0,909,37.3277663030262,48.03745638940567,38.88145364335408,38.983713225486525,34.812239713398874,-1.6512163025686537,0.7511224854651968,-0.4428284645426113,-0.8819760401381168,-0.8459387177500588
fg:14567,Franchy Cordero,Franchy Cordero,2021,136,-0.8,30,0.497,27.0,1994.0,445,34.596048455897126,40.281263443983,34.37109289528139,44.473719191839486,39.52875157240924,-2.0135513317803335,-0.25071518352720346,-1.0393598320826227,0.004418493080845953,-0.21234602165637018,Franchy Cordero,2022,275,-0.3,92,0.697,28.0,1994.0,851,39.6688684541697,50.44446405258888,42.6875864666205,35.915878443023786,46.1859992668453,-1.3434070151942057,1.062070487507622,0.061833923614915624,-1.3783859783348085,0.6798694549272055
fg:14593,David Bote,David Bote,2021,327,-0.3,66,0.606,28.0,1993.0,392,47.161523189999045,43.373967255345626,41.62370742224576,45.10249503626992,35.99124613996631,-0.3651522698614952,0.14344502856214525,-0.07514115013617956,0.1076288444676028,-0.6920874005129295,David Bote,2022,127,0.5,112,0.746,29.0,1993.0,734,43.3515507773961,49.0214807701524,39.59346509670217,43.4407953070703,40.768748233748255,-0.8592060925710239,0.8782431506107241,-0.3484215120984805,-0.16077036983782678,-0.046863500952734276
fg:14691,Harold Castro,Harold Castro,2021,339,-0.5,83,0.669,28.0,1993.0,410,54.06116764841835,34.66948367138554,27.287146064819066,34.64311737731228,36.99290181600776,0.5399760833049218,-0.9659276449465738,-1.9811545256310217,-1.6092247099905375,-0.5562471355746573,Harold Castro,2022,443,-0.3,93,0.681,29.0,1993.0,853,58.4441364822566,36.86979453335154,31.07269785114507,33.90687952854038,34.67176620302456,1.125174660819752,-0.691565959088011,-1.4782062428864415,-1.7034644449709238,-0.8647834655369808
fg:14712,Manuel Margot,Manuel Margot,2021,464,2.1,94,0.696,27.0,1994.0,128,58.06550255654034,38.12950990410658,41.10185124117407,56.75658390927367,41.85535774725032,1.0652838847080108,-0.5249527708854365,-0.14452074796366277,2.0205881579169978,0.10317837136304644,Manuel Margot,2022,363,1.3,104,0.7,28.0,1994.0,649,55.3797644789846,38.91618017571024,37.68995451833439,43.73267247943395,47.94426362218487,0.7222694898016288,-0.42720472059563913,-0.6008115990891352,-0.11354138282642359,0.9157434516032926
fg:14735,Brett Phillips,Brett Phillips,2021,292,2.2,102,0.727,27.0,1994.0,117,35.550653041151925,46.06575901240907,48.72552449531638,55.15328708887421,56.45009778379245,-1.888321737504292,0.4865096330568829,0.8690293517100088,1.7574151532978515,2.0824546842614575,Brett Phillips,2022,225,0.1,37,0.466,28.0,1994.0,809,30.5007129137288,36.032084131175225,43.749658226615296,54.30321957404701,49.93971474325062,-2.5488407131910242,-0.799785130896711,0.20265603773484686,1.5968912193262053,1.1834364351232005
fg:14773,Yu Chang,Yu Chang,2021,251,0.8,87,0.693,26.0,1995.0,243,46.10582901499004,40.82748324240675,34.773909092801205,47.27528800207803,47.08328330564632,-0.5036432799174233,-0.1811003336333666,-0.9858063305701413,0.46428173989628285,0.8121673082965876,Yu Chang,2022,190,0.3,77,0.605,27.0,1995.0,769,44.248043201407775,41.01319492342739,41.754986761917934,46.89303742662735,37.16004529837945,-0.7413348181215769,-0.15630298811265542,-0.06182124451090197,0.3978409696664525,-0.5309768150839174
fg:14811,Luke Voit,Luke Voit,2021,241,0.6,113,0.764,30.0,1991.0,259,39.13086304603879,50.00836128634474,38.55545442751856,40.6304788902373,37.18813214001631,-1.41865266901209,0.988988060757899,-0.4830584394743697,-0.6264298219517005,-0.5297708328174927,Luke Voit,2022,568,0.4,103,0.71,31.0,1991.0,751,37.41719128049574,49.48423315181166,40.54779624445694,39.85918008943321,24.08534440788481,-1.6394586615896256,0.938023570390122,-0.22188493061740786,-0.740315721821968,-2.2849690091586043
fg:14813,Kyle Farmer,Kyle Farmer,2021,529,2.1,91,0.732,31.0,1990.0,126,56.17604448248762,37.18886175380153,32.67702968841955,52.004786221832745,38.43545516088423,0.8174157394360542,-0.6448368907495797,-1.2645817001939534,1.2406047769017694,-0.3606142117639193,Kyle Farmer,2022,583,1.5,92,0.701,32.0,1990.0,615,57.49202608543624,36.525462830729175,36.45624752055188,45.44760893669224,33.44448546841082,0.9999907073541021,-0.7360482665637976,-0.76439115574088,0.16395449329616238,-1.029425153823382
fg:14854,Mike Yastrzemski,Mike Yastrzemski,2021,532,2.1,106,0.768,31.0,1990.0,124,47.88784190021868,46.142125356237166,45.31569915595436,44.38383154828122,46.8268068697081,-0.2698703083029038,0.4962424028647066,0.4157007924485853,-0.010336105651202394,0.7773850694079122,Mike Yastrzemski,2022,558,1.5,99,0.697,32.0,1990.0,617,48.81347516356456,45.73557595545402,51.11618469617453,40.71126743248081,44.5864204177682,-0.14106952933799757,0.45375528849863817,1.1793977893174796,-0.602438471156961,0.4652833746346981
fg:14894,Tony Kemp,Tony Kemp,2021,397,3.0,128,0.8,30.0,1991.0,76,62.27651662980851,30.17352341590706,58.66164793024767,45.519700723783,48.75219447999915,1.6177048473051239,-1.538930672696552,2.1900144676936435,0.17611103250041907,1.0384979142174482,Tony Kemp,2022,558,1.4,90,0.641,31.0,1991.0,642,59.11202492133404,26.802866000792942,45.29222637682104,45.03157489868581,51.16433657501862,1.2129889684430408,-1.992056755932108,0.4071880818663184,0.09663553848311901,1.3477214273080782
fg:14968,Victor Caratini,Victor Caratini,2021,356,0.0,74,0.632,28.0,1993.0,346,48.69633562649584,40.402065378407634,45.24831399546556,43.16638320607146,33.23847602833179,-0.16380823518873724,-0.23531916793764776,0.40674208791690253,-0.21017404838978648,-1.0654063265897935,Victor Caratini,2022,314,1.5,84,0.642,29.0,1993.0,622,51.440201964226326,44.228209249114514,49.5361909423139,53.01575993552829,32.551668006214754,0.20429383049836855,0.2590269239608707,0.9699034132349912,1.3885658677651396,-1.1491980551341838
fg:15082,Adam Engel,Adam Engel,2021,140,1.3,125,0.832,30.0,1991.0,186,50.42542641141921,44.10575106047666,38.59033325239976,47.5064721718435,49.16707737719515,0.0630221622418383,0.23670971778788638,-0.4784213786696416,0.5022294435301008,1.0947625608634783,Adam Engel,2022,260,-0.1,63,0.579,31.0,1991.0,831,42.50406701765404,35.45766037267123,37.56868710473138,46.056598780891534,48.21196574719779,-0.9706336832125536,-0.8739917579733789,-0.6168906760410686,0.26249585303610967,0.9516561230703108
fg:15112,Ryan McMahon,Ryan McMahon,2021,596,2.5,93,0.779,27.0,1994.0,99,48.266061535560446,46.317549742469325,43.49970084583951,55.48966287446618,38.95229903323013,-0.22025364794667973,0.5185999635948583,0.1742679284123368,1.8126295247411304,-0.290522053120489,Ryan McMahon,2022,597,3.1,97,0.741,28.0,1994.0,527,49.45637571833387,50.53912814507592,47.28093613935258,54.63396031147725,43.51343678760065,-0.05654064130142948,1.0742996178399606,0.6708748906861018,1.6504087653053514,0.3213408915564015
fg:15117,Hunter Dozier,Hunter Dozier,2021,543,-0.9,80,0.68,30.0,1991.0,446,41.21253181176223,44.25378180379829,38.49288398509019,30.39560150993661,41.97196264366825,-1.145569406082787,0.25557600203050473,-0.49137703814010425,-2.3064327994485105,0.11899182942191663,Hunter Dozier,2022,500,-1.0,88,0.679,31.0,1991.0,913,46.82156722984491,42.45883163305234,37.654069208141394,34.66122047442006,25.57099424845357,-0.40296658551484044,0.030450819701395043,-0.6055697006012701,-1.581403653280322,-2.0856666889517728
fg:15149,Trey Mancini,Trey Mancini,2021,616,0.9,105,0.758,29.0,1992.0,229,50.73870674395697,46.31000720676908,40.626399818338186,38.81205113712751,31.569402962309987,0.1041197743257936,0.5176386793424259,-0.20773093824083136,-0.924915473129822,-1.2917588875673973,Trey Mancini,2022,587,1.0,105,0.71,30.0,1992.0,676,49.502546145543405,45.15496083890381,43.106896971955535,41.41093146283784,32.11775128259152,-0.050470130328552715,0.3787488341327409,0.1174311008096709,-0.48922501518683054,-1.2074086828562245
fg:15161,Mitch Garver,Mitch Garver,2021,243,2.1,139,0.875,30.0,1991.0,121,48.47195931638315,54.53589326508811,51.320622531009015,44.53418581612559,36.53356816625993,-0.19324299248467808,1.566014854732239,1.2140417604343823,0.014343781393079407,-0.6185400034425833,Mitch Garver,2022,215,0.2,100,0.702,31.0,1991.0,780,48.6662841443062,45.58105342744816,48.75538691589612,41.87642618392968,38.45297297618034,-0.16042227852226706,0.4337933780781193,0.8663751227228267,-0.41390276933153414,-0.35752848358024514
fg:15170,Josh VanMeter,Josh VanMeter,2021,310,-0.2,77,0.651,26.0,1995.0,374,44.7862773715992,38.39652693869115,50.64067780628538,41.354639344070186,37.4714021100221,-0.6767483744042806,-0.4909218719042132,1.1236446486298106,-0.5075625728954202,-0.49135496926774075,Josh VanMeter,2022,192,-0.4,56,0.558,27.0,1995.0,876,50.80787285985116,34.99685349671847,52.58106331098232,43.43238347391297,46.41627373911301,0.1211548820724,-0.9335208486350296,1.373628830228803,-0.1621314984102071,0.7107611464645519
fg:15172,Tim Anderson,Tim Anderson,2021,551,4.3,118,0.806,28.0,1993.0,32,55.54570126381663,45.16651720870522,27.26531752995455,49.68401283870891,55.69559347650763,0.7347243017998605,0.37190268661562326,-1.9840565799229783,0.8596616498988306,1.9801320324259624,Tim Anderson,2022,351,2.2,110,0.734,29.0,1993.0,571,60.24224075590381,40.105789079617104,29.39811502349477,44.925087362072006,54.585087689613545,1.361590314372484,-0.2735257284014361,-1.7002423641178388,0.07940466550020632,1.8066207018019045
fg:15191,Chad Pinder,Chad Pinder,2021,233,0.2,98,0.712,29.0,1992.0,313,48.817004782489775,49.76007076702507,39.41497433798934,39.04798300795028,42.02418338899915,-0.14797827828284238,0.9573438265459926,-0.3687872132704112,-0.8861884585559554,0.12607378388061613,Chad Pinder,2022,379,-0.5,85,0.648,30.0,1992.0,879,42.03529829587257,42.75541683142201,32.97283167791076,36.651210437727336,41.49986022684817,-1.0322676303363498,0.06876502047400204,-1.226263885811387,-1.2594010472910935,0.0512163510937414
fg:15223,Adam Frazier,Adam Frazier,2021,639,3.2,113,0.779,30.0,1991.0,68,68.75398649361183,31.35255488763273,45.49642586208444,45.134289906070734,40.7060767823207,2.467450318371409,-1.3886649753323248,0.43972799887592134,0.11284781035744318,-0.0526822047797801,Adam Frazier,2022,602,1.3,82,0.612,31.0,1991.0,655,61.31071248590905,27.76450174086972,44.65996688966016,48.97471189195095,44.077644288951966,1.5020735144037236,-1.867828355398469,0.32335559426226507,0.7346791522778953,0.39703023707160573
fg:15271,Austin Wynns,Austin Wynns,2021,139,-0.7,44,0.54,31.0,1990.0,432,48.46893445312867,32.4006827892138,39.02583611554617,41.30872742726545,40.17187473252487,-0.1936398085108635,-1.2550827310624033,-0.42052225896243506,-0.5150987801276627,-0.12512840531609154,Austin Wynns,2022,177,0.6,93,0.671,32.0,1990.0,722,51.48338266261031,33.40085537040393,41.20633658395185,45.22218076687292,35.048715876442856,0.20997125042274617,-1.1396990159220637,-0.13456781483100805,0.1274776971898313,-0.8142150594011767
fg:15279,Garrett Cooper,Garrett Cooper,2021,250,0.8,129,0.845,31.0,1990.0,236,52.53637889689808,50.788999411896455,45.82302427374584,38.52989574519056,31.74228933554118,0.3399470035592092,1.0884791558967277,0.4831485183102776,-0.9712298431957715,-1.2683127759886612,Garrett Cooper,2022,469,1.2,110,0.752,32.0,1990.0,658,53.38250372458571,46.61818248221551,44.08378191732213,42.01033450487694,33.945703766575946,0.4596686420717715,0.5677743422324114,0.24695813320071328,-0.3922349071293565,-0.9621859114214265
fg:15351,Frank Schwindel,Frank Schwindel,2021,259,2.0,154,0.962,29.0,1992.0,129,57.9094981113572,47.528299000591545,36.09772157814126,40.604180986280674,37.9576954207578,1.0448184755979881,0.6729080426986933,-0.8098084576633209,-0.6307464889040657,-0.42540594731529713,Frank Schwindel,2022,292,-0.4,80,0.635,30.0,1992.0,869,49.36249529625061,39.33559451232427,35.37544812794059,41.93547366917527,35.390294455223795,-0.06888408637739331,-0.373022903066396,-0.9076964022788404,-0.4043482266068101,-0.7683917426107741
fg:15362,Jeff McNeil,Jeff McNeil,2021,426,1.1,91,0.679,29.0,1992.0,210,58.34656741707962,35.16663040764018,37.20197677477008,49.29935128578354,37.63769351640046,1.102155317125436,-0.902567079255895,-0.6630002292282702,0.7965214157532813,-0.4688032389279629,Jeff McNeil,2022,589,5.5,140,0.836,30.0,1992.0,482,68.20183690907172,38.003381582747046,41.634635324746206,50.52965886607565,41.18307594141874,2.408122016758178,-0.5451241203094229,-0.07777887040614076,0.9862869428071912,0.008719228711944168
fg:15429,Kris Bryant,Kris Bryant,2021,586,3.1,124,0.835,29.0,1992.0,69,51.16708951044306,46.31095659580142,44.33862463793037,35.654930188926315,51.72837630998941,0.1603170740984349,0.517759677473889,0.2858009473058605,-1.4431407919308314,1.4421149833964362,Kris Bryant,2022,181,0.6,127,0.851,30.0,1992.0,713,58.58781984077022,38.847563975230976,47.48370023651124,40.22878439193004,38.48133076700631,1.1440662210064967,-0.43606886788237964,0.6977597678714638,-0.6805096168750788,-0.35372424024293736
fg:15464,Hunter Renfroe,Hunter Renfroe,2021,572,2.6,113,0.816,29.0,1992.0,93,52.48772326368164,53.206477018437376,38.93212263955722,49.097588135290245,29.258362342249114,0.33356412492961157,1.3965828555185775,-0.43298125343439203,0.7634030225392817,-1.6051723465245111,Hunter Renfroe,2022,522,2.4,124,0.807,30.0,1992.0,555,50.44280718823018,52.70897634468071,40.8361475860639,40.52486748087236,34.867757642135395,0.0731558641006117,1.3546103009850963,-0.18365187795191762,-0.6326000655774848,-0.8384908981440404
fg:15482,Aristides Aquino,Aristides Aquino,2021,204,-0.2,83,0.707,27.0,1994.0,370,34.534449644800134,47.47785275716407,45.94075111940134,41.28005567278017,39.0059171965459,-2.0216321583767236,0.6664787487147592,0.4988000359148089,-0.5198051025500535,-0.28325058680274007,Aristides Aquino,2022,276,0.2,63,0.609,28.0,1994.0,792,32.66615724239402,42.4692497920971,31.64700913121804,51.61793615010565,38.062024441243565,-2.2641270045944504,0.031796684024753476,-1.4020572182450215,1.1623823643710989,-0.4099748595476343
fg:15487,Victor Reyes,Victor Reyes,2021,220,0.3,88,0.701,27.0,1994.0,298,50.418600005495335,41.38889589639215,29.41151731174837,42.45084283339831,49.78208421143352,0.06212664166984968,-0.1095491783137009,-1.6987241777801134,-0.3276263550411385,1.1781671611667979,Victor Reyes,2022,336,0.0,84,0.651,28.0,1994.0,813,50.525784700906605,38.266721824656656,29.20628968052712,42.21776403937872,40.01385148133521,0.08406578916840952,-0.5111046515176738,-1.7256768510856664,-0.3586704912778813,-0.1481341167897228
fg:15491,J.P. Crawford,J.P. Crawford,2021,687,3.1,103,0.715,26.0,1995.0,72,61.86958525160736,33.57053273349236,47.533508396722375,48.46181679544185,29.69698277222035,1.564321643225166,-1.1059872048579764,0.7105535100432484,0.659044396220198,-1.5456885170611763,J.P. Crawford,2022,603,2.2,105,0.675,27.0,1995.0,572,61.62511675718944,32.387903357073725,57.32568676915638,38.50409647936728,40.10858144282785,1.5434115459983848,-1.2705566818645695,2.0027274761492677,-0.9595833873982023,-0.13542593980007703
fg:15518,Amed Rosario,Amed Rosario,2021,588,2.8,102,0.731,26.0,1995.0,86,55.41199462916385,39.86438712584412,34.948205256401934,43.14989230853889,55.78554053014616,0.7171840261001439,-0.3038454113133076,-0.9626340502137828,-0.21288094520221307,1.9923302676967507,Amed Rosario,2022,670,3.0,104,0.715,27.0,1995.0,531,60.27147476279539,40.377961106034974,30.56021886712265,40.99137251782279,56.89549552299695,1.3654340162904044,-0.23836533023529483,-1.5461568058243218,-0.5571143393301585,2.116565635825569
fg:15640,Aaron Judge,Aaron Judge,2021,633,5.5,150,0.916,29.0,1992.0,11,55.58196493488981,64.31789113226536,49.88601615539669,42.55797063927603,40.02302665146456,0.739481543578918,2.8127150203990428,1.023314090645504,-0.3100418714992383,-0.14531454637276028,Aaron Judge,2022,696,11.1,206,1.111,30.0,1992.0,463,57.56148788185634,80.0,57.33827602825117,46.72665674205364,45.824005604925006,1.0091235792560722,4.880186645886074,2.004396709950326,0.3709187162848489,0.6313074218351669
fg:15653,Dominic Smith,Dominic Smith,2021,493,-1.0,84,0.667,26.0,1995.0,450,50.03525686125872,38.79687148182226,34.6032651907489,32.22458553425734,30.48297263993001,0.011837854916914272,-0.43989859271090304,-1.0084930510221022,-2.006214390133024,-1.4390959279886217,Dominic Smith,2022,152,-0.2,65,0.56,27.0,1995.0,845,47.64619303491581,38.16844958676893,43.62351654002688,45.083220866632665,41.308466628496674,-0.2945443702409471,-0.5237998981904721,0.18593067165965627,0.1049924330274938,0.02554059144799323
fg:15672,Austin Meadows,Austin Meadows,2021,591,1.5,112,0.772,26.0,1995.0,165,50.50453664527132,44.89145668280809,45.61833375105573,37.51214830725489,33.142407275423125,0.073400221012359,0.3368466573810445,0.45593537672369544,-1.1382878999305401,-1.0784347605711953,Austin Meadows,2022,147,-0.2,101,0.675,27.0,1995.0,836,63.58555070732275,36.641071671481015,54.91177593977727,40.47423182878409,36.74795761566858,1.8011703869957603,-0.7211134000903421,1.6826624493832527,-0.6407934797298297,-0.5862590417905083
fg:15674,Reese McGuire,Reese McGuire,2021,217,1.4,78,0.654,26.0,1995.0,185,53.723096541888985,33.164727831901544,38.94206946709496,56.45793761980413,39.40551455941067,0.49562629894281945,-1.1577063981057314,-0.43165884523217346,1.9715668910386182,-0.22905889904162707,Reese McGuire,2022,274,1.4,89,0.677,27.0,1995.0,638,54.3635780273388,35.31116122705841,34.24462465290255,51.970716786287824,36.624740114693815,0.5886607844455287,-0.8929171720158849,-1.0576344370233892,1.2194662121732287,-0.6027888681087726
fg:15676,Jose Abreu,Jose Abreu,2021,659,2.8,125,0.831,34.0,1987.0,82,51.37802311867432,52.979721529384165,40.87494160942365,38.59304782431476,35.58624157031871,0.1879883534804958,1.3676832268734864,-0.17468786979729972,-0.9608637511536746,-0.7470123905649635,Jose Abreu,2022,679,3.8,137,0.824,35.0,1987.0,508,62.53002832726394,49.70745606077021,45.444447589950016,40.771489886729285,35.071554451393595,1.6623897740032905,0.9668605029069743,0.4273713819540902,-0.5926938053221406,-0.8111512277676355
fg:15679,Rowdy Tellez,Rowdy Tellez,2021,325,-0.3,89,0.719,26.0,1995.0,382,53.26047575252738,48.49180214533651,38.730211515684914,37.78062431266537,38.72239128884627,0.43493749160804973,0.7957049954770786,-0.4598248802405127,-1.0942189314694055,-0.32170115952947864,Rowdy Tellez,2022,599,1.0,110,0.767,27.0,1995.0,674,51.9703714479843,55.98659585494231,48.92393973733376,37.68582112209327,27.01519496816438,0.27400078066434536,1.778027830459552,0.8887238618097641,-1.091989481055626,-1.8919248351024514
fg:15711,Tyler O'Neill,Tyler O'Neill,2021,537,5.3,143,0.912,26.0,1995.0,13,46.82047282022473,59.568592163179645,37.575276493496176,52.34384746226282,53.5750455054778,-0.4098928882224802,2.207424374054941,-0.6133708767481639,1.296259952074914,1.6925523729791099,Tyler O'Neill,2022,383,1.5,99,0.7,27.0,1995.0,616,46.06008520354354,46.765602362342015,45.72135964334579,46.6708048575281,49.62520055457469,-0.5030866250226379,0.5868187008723207,0.46408767764457687,0.3618812574542799,1.1412438498791
fg:15730,Tyler Wade,Tyler Wade,2021,145,0.6,94,0.677,27.0,1994.0,266,47.45658847766252,25.174398980428013,47.98444917217698,44.40700633692231,53.99809402779183,-0.32644419446588224,-2.176061179830792,0.7705050652414726,-0.006532082166287955,1.7499244068300952,Tyler Wade,2022,163,-0.6,55,0.544,28.0,1994.0,891,53.02140793317494,29.379567133920176,43.00669596337707,41.8616231493322,41.670907906606345,0.4121915859451214,-1.6591869934209358,0.10414525855637707,-0.4162980656922326,0.0741626729731611
fg:15794,Yonathan Daza,Yonathan Daza,2021,331,0.3,74,0.688,27.0,1994.0,300,56.75289111700728,29.80504756781892,37.055170201891926,48.21726484345936,40.30318861868077,0.8930892393502784,-1.585892337081811,-0.6825178307325787,0.6189024392414065,-0.10732017688774934,Yonathan Daza,2022,408,0.9,95,0.733,28.0,1994.0,681,62.72552637138494,30.78995367823949,38.47270225640021,40.98935188610559,39.662881073399234,1.6880939550936327,-1.4769869594236904,-0.4970255881537125,-0.5574413001142229,-0.19521736259601516
fg:15878,Miguel Andujar,Miguel Andujar,2021,162,0.0,83,0.667,26.0,1995.0,342,55.059051720818736,39.63588045127031,31.914184356700066,43.69502674004213,37.462911642753305,0.6708832876610265,-0.3329682257848817,-1.3660002600174315,-0.12339990561260411,-0.49250641017785524,Miguel Andujar,2022,140,-0.3,56,0.568,27.0,1995.0,860,51.80801038764417,34.19993338319396,33.831964663634764,45.30864903645199,46.52542946876959,0.25265346685480267,-1.036470548745315,-1.112349809647253,0.14146922913382487,0.7254045635002224
fg:15905,Luis Torrens,Luis Torrens,2021,378,0.2,101,0.73,25.0,1996.0,309,48.29823408396568,46.45500055254932,41.071622318503216,34.42055328870655,38.509533782721256,-0.21603309920236535,0.5361178520696406,-0.14853961479657973,-1.6457574712194272,-0.35056798544354145,Luis Torrens,2022,166,-0.5,73,0.581,26.0,1996.0,882,47.38678643726642,40.33694687153744,41.54652492989046,39.69987161586967,35.171958186664135,-0.32865128006702504,-0.24366373225842794,-0.08946159519640257,-0.7660936124593519,-0.7976819048825132
fg:15937,Aledmys Diaz,Aledmys Diaz,2021,319,1.5,97,0.721,31.0,1990.0,171,54.144077887754925,41.30917627630266,33.120898934192184,51.43172930063111,33.21859952609364,0.5508526449659761,-0.11970931788048077,-1.2055702888574977,1.1465404028871962,-1.0681018929352533,Aledmys Diaz,2022,327,0.8,97,0.691,32.0,1990.0,695,54.70922374080142,42.32415629142263,36.86117195710709,46.68762852384276,32.13126442736742,0.63410645655898,0.013052857474404144,-0.7107014547598404,0.36460351459904056,-1.2055958727083793
fg:15941,Austin Nola,Austin Nola,2021,194,1.2,101,0.716,32.0,1989.0,199,62.37701004107239,36.44016465754064,49.42300321559368,48.69493715525853,36.745942774552205,1.6308880535398096,-0.7402571521948069,0.9617575685276979,0.6973099155864539,-0.5897386660702485,Austin Nola,2022,397,0.2,89,0.649,33.0,1989.0,787,60.68583721191748,36.41911472488707,50.09539339503864,35.031835092775495,36.04321369414324,1.4199145993425804,-0.749786789933875,1.0440491297298304,-1.5214340679414007,-0.6808015745436433
fg:15986,Willy Adames,Willy Adames,2021,555,3.1,120,0.818,26.0,1995.0,70,45.16136444399839,49.33276162253796,42.44412657153461,40.51042096261998,37.59354964422688,-0.6275426586343307,0.902883951533083,0.033931718390037995,-0.6461367191009914,-0.474789842343578,Willy Adames,2022,617,4.4,109,0.756,27.0,1995.0,493,47.1170111422928,50.58152064675767,40.304032226128136,55.81695304509938,44.78915807449501,-0.3641214714281758,1.0797760705746755,-0.2542060653094743,1.84183020466757,0.4924809579922143
fg:15998,Cody Bellinger,Cody Bellinger,2021,350,-1.0,47,0.542,26.0,1995.0,454,39.82275912958161,36.90683066630157,38.45684666068067,44.29750468051593,45.32280135907968,-1.3278864322250306,-0.6807813070420002,-0.49616811883436085,-0.024506221178214844,0.5734182653262961,Cody Bellinger,2022,550,1.5,83,0.654,27.0,1995.0,621,44.72138981413834,42.7916668075568,38.49836138014046,46.648600305631895,53.39455274336606,-0.6790989675951323,0.07344795431987604,-0.49362339614779355,0.3582883129132345,1.6469085202399285
fg:16153,Austin Slater,Austin Slater,2021,306,1.5,103,0.744,29.0,1992.0,167,47.22024901358145,44.71813959286207,44.301362757532736,45.41019906737662,54.06679124396247,-0.357448335505483,0.3147576682315365,0.28084706466529313,0.1581368934884922,1.7592408298967734,Austin Slater,2022,325,2.1,124,0.774,30.0,1992.0,575,48.83448332018005,44.50705702161025,49.44484097630285,42.55271069338762,54.28285892100422,-0.13830736634835386,0.29504972482593406,0.957791147545408,-0.30447238101254664,1.7660762254574438
fg:16219,J.D. Davis,J.D. Davis,2021,211,1.3,128,0.82,28.0,1993.0,187,40.85664152450869,45.35352009393175,42.87057502128362,43.46621642080532,38.22751240600406,-1.192256795781056,0.3957359087403543,0.09062707433462051,-0.16095795377639657,-0.38881452010395584,J.D. Davis,2022,365,1.1,118,0.758,29.0,1993.0,667,40.5388671834384,54.159948877699975,43.6577990730658,39.49984359866663,37.47619323822036,-1.2290191450442114,1.5420534143003684,0.19047625790135395,-0.7984603801304767,-0.4885650594882778
fg:16221,Bradley Zimmer,Bradley Zimmer,2021,348,1.4,91,0.669,29.0,1992.0,184,39.56452239331672,43.90513583562902,43.46858109742337,52.1633229103594,48.33414840207783,-1.3617631621393225,0.21114162449560936,0.17013062831335027,1.2666277666133896,0.9818042905106852,Bradley Zimmer,2022,117,-0.3,27,0.435,30.0,1992.0,867,32.54513139973821,38.57815151936403,36.37344876403938,47.56831162022671,44.56166012526731,-2.28003954320947,-0.4708727723977407,-0.7753696003034661,0.5071078775934111,0.46196174149499497
fg:16252,Trea Turner,Trea Turner,2021,646,7.1,143,0.911,28.0,1993.0,0,63.55818760633483,49.17343200499132,39.40405479434854,49.10352276161188,66.77447629919808,1.785840574772773,0.8825776436307339,-0.37023894187637074,0.7643771612143443,3.4826028054184803,Trea Turner,2022,708,6.3,128,0.809,29.0,1993.0,473,57.22447103075313,46.77450605620383,37.57921834824954,46.95192025872868,61.82359870727462,0.9648124343021498,0.5879689198182247,-0.615494318438503,0.4073688696731146,2.7776786195345693
fg:16337,Nick Gordon,Nick Gordon,2021,216,0.3,79,0.647,26.0,1995.0,302,48.45607506151423,41.82391817063368,31.47286710806865,42.47832766261926,50.58800470050423,-0.1953267649946136,-0.054106277105814,-1.4246723891115058,-0.3231148603537617,1.2874626559891287,Nick Gordon,2022,443,1.7,110,0.743,27.0,1995.0,601,50.599462339220366,45.92510986199886,28.40081754911996,42.56431812726503,41.115775529721645,0.09375296208126763,0.47824012519478526,-1.8324759325432125,-0.3025941685460055,-0.00030922997046745185
fg:16375,Oscar Mercado,Oscar Mercado,2021,238,0.6,87,0.669,27.0,1994.0,268,48.10300936571719,34.928188718076825,45.18479449044876,46.40239786614254,49.05165812322156,-0.2416436112788261,-0.9329560956835058,0.39829731352864833,0.3210012712683209,1.079109894569296,Oscar Mercado,2022,128,-0.4,72,0.614,28.0,1994.0,870,45.18532537680567,37.30527521290311,33.87460596272364,41.73629131468655,44.225496262828194,-0.6181004866606105,-0.635308619609681,-1.1066959187213277,-0.43657815660396804,0.4168648176275536
fg:16403,Francisco Mejia,Francisco Mejia,2021,277,1.2,107,0.738,26.0,1995.0,197,53.06972398227634,34.97934097191764,31.45196432736544,42.24520730280258,39.33974148923119,0.40991376223889064,-0.9264368217883897,-1.42745136648356,-0.36138037972001774,-0.23797876191735506,Francisco Mejia,2022,299,0.3,84,0.645,27.0,1995.0,764,49.754340509448426,36.13274810076868,22.65531171729943,40.70588654689927,34.77782693158582,-0.017364080820781287,-0.7867809096382921,-2.59428347549994,-0.6033091585532459,-0.8505552478857786
fg:16417,Sergio Alcantara,Sergio Alcantara,2021,255,1.0,73,0.63,25.0,1996.0,222,43.24900868549358,35.275382770517005,49.214349757492016,53.05389086909179,46.45054823084112,-0.878414631646158,-0.8887067625132251,0.9340175636499586,1.4128099597887922,0.7263584797209298,Sergio Alcantara,2022,224,0.0,70,0.617,26.0,1996.0,819,48.43080079751192,35.24671939313319,42.28158814771261,44.25300876919272,40.756512872050926,-0.19138374730306923,-0.9012420559842633,0.008001834530815058,-0.029345158532593854,-0.048504894441467675
fg:16424,Jordan Luplow,Jordan Luplow,2021,193,0.6,117,0.78,28.0,1993.0,258,41.69268203181627,43.448711075431575,50.62367302805752,40.98215864809752,33.631650932530775,-1.0825810042065593,0.15297101028377202,1.121383901862048,-0.5687033814310065,-1.0120856252440549,Jordan Luplow,2022,234,0.4,78,0.634,29.0,1993.0,757,42.423541936450185,41.80998003026772,46.34309486995099,48.62815780406464,42.5750510439695,-0.9812211613578454,-0.05337072876890889,0.5465247335303368,0.6786028295460195,0.1954549318587239
fg:16426,Thairo Estrada,Thairo Estrada,2021,132,1.2,119,0.813,25.0,1996.0,193,55.27033024870311,41.4189990986625,41.99434223785065,47.93036175046509,42.867758504746405,0.6985998152525396,-0.10571257276878666,-0.02586609049288212,0.5718087582354049,0.2404758383583654,Thairo Estrada,2022,541,2.8,106,0.722,26.0,1996.0,533,56.92939464264333,38.58002962341107,39.31126971295083,46.13028464759033,49.09053171647757,0.9260156425001607,-0.47063015052744556,-0.38583833460672917,0.2744190494034692,1.0695171636404024
fg:16434,Christian Arroyo,Christian Arroyo,2021,181,0.9,105,0.769,26.0,1995.0,228,48.23040526361805,41.72433753263755,31.010121590996253,45.07619713231329,42.87506650600937,-0.2249312082032652,-0.06679767201027952,-1.486193357982704,0.10331217751523639,0.24146691827881606,Christian Arroyo,2022,300,0.3,102,0.736,27.0,1995.0,760,59.90060663852898,43.20466897308582,30.9297578803584,38.87924632058993,37.57139562514889,1.3166720889287193,0.12680141894516486,-1.497158925404352,-0.8988799523369639,-0.4757935058651037
fg:16442,Ryan O'Hearn,Ryan O'Hearn,2021,254,-0.6,68,0.636,28.0,1993.0,418,45.760617688918856,43.59941977764206,35.00938384854338,43.17575255201808,35.103477268173904,-0.5489297524225287,0.17217859615369835,-0.9545004948926435,-0.2086361179874329,-0.8124828234439132,Ryan O'Hearn,2022,145,-0.4,70,0.611,29.0,1993.0,871,51.987763312442745,42.30062826247142,38.50680012314596,42.61596409521189,39.67501952444624,0.276287471743781,0.01001340159469147,-0.4925044871669588,-0.2942372740016296,-0.1935889698271918
fg:16451,Luis Guillorme,Luis Guillorme,2021,156,0.5,97,0.685,27.0,1994.0,275,58.897871225856925,28.06022930872932,57.14713457478687,45.44749090302162,34.81090379685165,1.174477987016646,-1.8082666661505595,1.9886633458377398,0.1642581583158077,-0.8521603881090393,Luis Guillorme,2022,335,1.8,104,0.691,28.0,1994.0,596,63.34236708518413,32.8454558733149,54.096659286406826,50.48221881470745,33.40069237538255,1.769196482142841,-1.2114480039276985,1.5745845824201468,0.9786106125490048,-1.035300067824804
fg:16472,Rhys Hoskins,Rhys Hoskins,2021,443,1.9,127,0.864,28.0,1993.0,135,49.89241702747357,54.57957813489337,46.24943197242905,39.4683118107789,33.917330395965884,-0.006900557518636107,1.5715824223357944,0.5398384564929201,-0.8171936270556872,-0.9733429964858242,Rhys Hoskins,2022,672,2.4,123,0.794,29.0,1993.0,556,50.71179388745872,51.50948211607705,51.20501487107988,35.48722665528135,32.304095324291715,0.10852237049688364,1.199654278388779,1.1911759511131352,-1.447746626006424,-1.1824103293725063
fg:16478,Kyle Schwarber,Kyle Schwarber,2021,471,2.7,145,0.928,28.0,1993.0,88,50.89949887097826,60.82659133158219,53.24921294986431,33.32197594884978,32.01899437506192,0.12521325443335451,2.367754379535583,1.4704434904269912,-1.826083344543732,-1.2307872202739476,Kyle Schwarber,2022,669,2.2,129,0.827,29.0,1993.0,568,45.20567986462333,63.941630815555584,54.17809957039529,24.56154898648037,41.43496198689643,-0.6154242683730128,2.805694781843106,1.585382904527722,-3.2156433221813714,0.04251014762202069
fg:16505,Matt Chapman,Matt Chapman,2021,622,3.7,101,0.716,28.0,1993.0,50,39.51636115805618,47.19478079387555,49.02288473708335,60.75879855987995,39.061271086234335,-1.3680811832809254,0.6304016744484098,0.9085627226500795,2.6775313023987506,-0.2757437286872278,Matt Chapman,2022,621,3.9,118,0.757,29.0,1993.0,506,47.18324253741446,53.23334564507228,52.194637131691394,47.77792643958996,41.53566858257989,-0.35541333431239286,1.4223506695693464,1.3223918483517,0.5410258969470126,0.05602009971958897
fg:16512,Isiah Kiner-Falefa,Isiah Kiner-Falefa,2021,677,1.6,84,0.67,26.0,1995.0,161,63.297921771508186,30.653624433904582,37.06085256174679,43.14558226795902,53.96364568518107,1.7516976580062913,-1.4777425568533993,-0.6817623738543407,-0.2135884164046766,1.7452526697263602,Isiah Kiner-Falefa,2022,531,1.4,84,0.642,27.0,1995.0,641,64.11813863247664,32.15884320420823,43.91712651578854,44.664836890620485,51.082173134063225,1.8711953150518819,-1.300147695624311,0.22486097662667814,0.03729323199425992,1.3366990692991958
fg:16530,Mauricio Dubon,Mauricio Dubon,2021,187,0.2,75,0.655,27.0,1994.0,319,50.603233467544456,35.36786297788941,34.545518286910344,46.94796995812322,36.749533675174526,0.08634774211220796,-0.87692030626803,-1.0161703711524754,0.4105541505955149,-0.5892516834637795,Mauricio Dubon,2022,265,0.2,59,0.565,28.0,1994.0,793,57.24279989843943,32.524050925264696,35.45803437697278,50.39372991341119,39.24776129939277,0.967222323036883,-1.252968530833953,-0.8967461344871367,0.9642921198209492,-0.25090634923606353
fg:16535,Danny Jansen,Danny Jansen,2021,205,1.5,105,0.772,26.0,1995.0,164,49.27394666597907,47.31045514655112,42.36008996071413,50.221714114316754,37.63234002947619,-0.08803445697611706,0.6451441878492685,0.022759241234480664,0.9479225748185264,-0.469529255961092,Danny Jansen,2022,248,2.7,141,0.855,27.0,1995.0,535,55.94887169695365,51.6216753279832,49.33415393547459,48.44579911589058,39.86257334752376,0.7970959928301898,1.2141478986703205,0.9431149423375874,0.6490951566936222,-0.16842832222216805
fg:16556,Ozzie Albies,Ozzie Albies,2021,686,3.7,108,0.799,24.0,1997.0,48,52.327037467024745,46.44512875467752,32.876341028326415,44.77399006705078,61.59318190901866,0.3124845937477096,0.534859707035332,-1.238083708780309,0.053706427431822135,2.7799377883672225,Ozzie Albies,2022,269,1.1,94,0.703,25.0,1997.0,670,51.80828272082152,37.56688084743515,32.12474637780385,48.11505837846034,38.34519194025267,0.252689273357825,-0.6015132351474642,-1.3387131283330755,0.5955776107144759,-0.3719874832368919
fg:16572,Connor Joe,Connor Joe,2021,211,0.9,114,0.848,29.0,1992.0,224,56.770327288792856,44.88376142186647,52.34282658578665,44.7453183125655,37.50717853850671,0.8953765997423849,0.3358659085380129,1.3499414753183812,0.049000105009431395,-0.4865031228297504,Connor Joe,2022,467,0.3,89,0.697,30.0,1992.0,761,54.29470572106702,36.47630287960288,53.823862532943686,40.71345271734228,43.69805133033032,0.5796054190045137,-0.7423989686479813,1.5384139421727105,-0.6020848676548347,0.3461072299661721
fg:16578,Yandy Diaz,Yandy Diaz,2021,541,1.7,110,0.74,30.0,1991.0,157,57.86575366881025,42.130333355693686,56.18327454181611,41.33577459600897,32.80099536029025,1.039079870445024,-0.015054146123560371,1.8605203365661698,-0.510659125177871,-1.1247355864078903,Yandy Diaz,2022,558,3.9,145,0.824,31.0,1991.0,503,67.64770329192505,46.51127142525237,64.92579651901417,39.43760051270096,28.02447978466249,2.335264250290864,0.5539630943218132,3.010440479010508,-0.8085320067493604,-1.7565276505272551
fg:16622,Luis Urias,Luis Urias,2021,570,2.4,112,0.789,24.0,1997.0,104,53.320018078443326,44.81310221664051,47.44786204135123,36.67267762686198,40.57973348489387,0.4427485386445731,0.32686050452369914,0.6991670209940298,-1.2760827351960626,-0.06981634319295377,Luis Urias,2022,472,2.4,110,0.739,25.0,1997.0,558,53.17509082895716,42.19492435579912,50.65605518813373,44.828186627618415,37.75053315225912,0.43239789031729936,-0.003641901248991253,1.118388342939217,0.06372504419977033,-0.45176191792678044
fg:16725,Jose Trevino,Jose Trevino,2021,302,1.0,63,0.607,29.0,1992.0,223,52.79407973791074,36.14979267626794,34.374823629163295,56.615725043543904,33.70732813137511,0.3737534321717396,-0.7772646022140263,-1.0388638394591452,1.9974668927528143,-1.0018226067371097,Jose Trevino,2022,353,3.8,90,0.671,30.0,1992.0,509,54.12715615212116,39.830029742509616,33.8533228309226,73.8819652718497,36.76134904054764,0.5575759174759579,-0.3091495513869927,-1.1095178896353557,4.764950984921817,-0.5844625605629732
fg:16909,Colin Moran,Colin Moran,2021,359,-0.2,96,0.724,29.0,1992.0,368,50.73478313654294,41.40366588001361,41.52514020882624,38.97770937724013,25.358263662398,0.10360505674309274,-0.10766676724821093,-0.0882454380110081,-0.8977235170081252,-2.134087073040229,Colin Moran,2022,128,0.1,86,0.681,30.0,1992.0,799,47.930266340823735,45.948990041074055,45.02120035720608,44.794539294989086,36.64342863572043,-0.257194269216559,0.4813250734005696,0.3712522265867501,0.058280529910249124,-0.6002817728968798
fg:16930,Jonah Heim,Jonah Heim,2021,285,0.7,59,0.598,26.0,1995.0,256,50.02130643341683,38.66098828942706,37.03912653495368,54.3518575089132,39.384263263865606,0.010007771083668366,-0.4572166907897071,-0.6846507999302753,1.625864570857072,-0.2319409089839373,Jonah Heim,2022,450,2.7,99,0.697,27.0,1995.0,539,51.67120850588135,44.7933469900706,43.103330939214445,56.5206583388908,35.765883718418834,0.23466668668960247,0.3320339418100241,0.11695827374794414,1.955697582205827,-0.7180058376986934
fg:16939,Lane Thomas,Lane Thomas,2021,264,0.9,104,0.752,26.0,1995.0,230,52.24063110049482,43.56034552419716,53.89693269576253,42.655729099207136,43.928157812076165,0.3011493934034522,0.16719864431722112,1.556556364251829,-0.29399531835968934,0.3842826636910996,Lane Thomas,2022,548,1.4,98,0.705,27.0,1995.0,635,52.163656841569086,41.12851830876704,44.344409548779055,42.13348105466112,39.37450419728879,0.29941404135019933,-0.14140499804447695,0.2815152464225305,-0.37230841971974854,-0.2339035852397073
fg:16997,Gleyber Torres,Gleyber Torres,2021,516,1.4,96,0.697,25.0,1996.0,183,53.21201475737214,37.43372451026686,45.92058767124554,39.14574146788139,42.29745730194088,0.42858014653005194,-0.6136295194951584,0.49611935113113587,-0.8701419054164053,0.16313402486225564,Gleyber Torres,2022,572,2.6,114,0.761,26.0,1996.0,545,50.68877700446927,49.40936438757946,40.342619191635535,43.77473164522061,37.99537992183412,0.10549609915408825,0.9283516889875508,-0.249089746182176,-0.10673573996452207,-0.4189153292227001
fg:17022,Edmundo Sosa,Edmundo Sosa,2021,326,2.0,102,0.735,25.0,1996.0,133,51.527380318435945,38.19902242538812,33.7887324067445,50.92151285424423,41.0872328702085,0.2075817451499497,-0.5160935099272629,-1.1167833406100722,1.0627909726548797,-0.0009914439724986782,Edmundo Sosa,2022,190,1.3,81,0.644,26.0,1996.0,654,44.0908162382536,36.71330581246757,27.93793778307925,52.47961029531346,53.22054606591506,-0.7620070982529227,-0.7117818710875158,-1.8938500408591248,1.3018108667185826,1.623565244051651
fg:17027,Alex Verdugo,Alex Verdugo,2021,604,1.9,106,0.777,25.0,1996.0,140,62.70674628340557,42.459914001783616,45.66385177487516,40.01388390275958,43.88168575835439,1.674144430560531,0.02695038624907409,0.4619868949408577,-0.727640747728492,0.3779803222370581,Alex Verdugo,2022,644,1.1,102,0.732,26.0,1996.0,668,64.5968024413587,41.28374623207643,45.24747026844886,38.8688138557154,33.41492199591012,1.93413027320053,-0.1213519615076441,0.40125378435634357,-0.9005680416934075,-1.0333911413002859
fg:17128,Ramon Laureano,Ramon Laureano,2021,378,1.8,112,0.76,27.0,1994.0,146,48.600842806669625,45.358646301102304,38.13207128148606,45.32699531492687,40.43270988216693,-0.1763354399265186,0.396389235741193,-0.5393462702294759,0.14447942142893172,-0.08975505628998834,Ramon Laureano,2022,383,0.6,94,0.663,28.0,1994.0,723,43.47113325437704,44.63335405716496,40.54449026271552,41.59514612958482,45.14945507545061,-0.8434833284003127,0.31136534004823097,-0.22232327702261773,-0.459417024268433,0.5408153812817041
fg:17232,Yoan Moncada,Yoan Moncada,2021,616,3.7,120,0.787,26.0,1995.0,49,51.19503226334032,44.21456107244229,52.00656992739143,46.1900784444383,36.866069667135534,0.16398273804173724,0.2505773818157967,1.3052369138463593,0.286150119916955,-0.573447569933081,Yoan Moncada,2022,433,0.8,76,0.626,27.0,1995.0,701,45.04693214865988,42.510739000846414,41.77112815208532,49.52987048334192,40.772650918821945,-0.6362964978479905,0.037156445343443374,-0.0596810268967769,0.8245100139713403,-0.04633994946100102
fg:17273,Jorge Mateo,Jorge Mateo,2021,209,0.4,83,0.67,26.0,1995.0,287,47.14320451575024,35.73534137566236,34.02361034595043,43.85831112962609,47.28655940763157,-0.3675554011467281,-0.8300857653487618,-1.0855568503399171,-0.09659760496093397,0.8397347451012418,Jorge Mateo,2022,533,2.8,83,0.646,27.0,1995.0,534,42.517089295181215,39.949744953732434,32.73055403429398,56.73346875897412,62.37242096479291,-0.9689215076188167,-0.2936842056329236,-1.2583879392541388,1.990132685453587,2.8513040097965647
fg:17321,Michael Chavis,Michael Chavis,2021,124,0.1,68,0.655,26.0,1995.0,329,40.08912852439833,41.2432187748112,24.361544718313933,46.47148457158837,41.89568058222419,-1.292942821272702,-0.12811549718586446,-2.370106601291471,0.3323415019854791,0.10864678203242824,Michael Chavis,2022,426,-0.7,78,0.654,27.0,1995.0,896,41.98844127756514,41.90871263034112,28.41542061860494,38.06501222675032,38.8467032967045,-1.0384284146518306,-0.04061601045252515,-1.8305396837933867,-1.0306321244262602,-0.30470892659351795
fg:17338,Willi Castro,Willi Castro,2021,450,0.1,69,0.624,24.0,1997.0,333,44.81828982762169,37.02719606824056,28.86475351458413,44.85169685365634,49.05546397582291,-0.6725488273442732,-0.6654409268277084,-1.7714151867779953,0.06646160055390747,1.0796260280451497,Willi Castro,2022,392,0.8,85,0.651,25.0,1997.0,698,48.951771829914335,36.73684503327419,28.842332167302445,46.39373071976192,46.3898220481948,-0.12288621414408635,-0.7087409693939267,-1.7739346698062988,0.3170475668035741,0.7072126095015119
fg:17350,Rafael Devers,Rafael Devers,2021,664,4.2,133,0.89,25.0,1996.0,33,53.99530914460779,57.83315419497072,38.16953058843254,35.79860056566217,38.49468486644378,0.5313364498491258,1.9862455482314116,-0.5343661401761998,-1.4195580315590375,-0.3525817320527061,Rafael Devers,2022,614,5.0,140,0.879,26.0,1996.0,487,55.96678927904132,56.58380579770419,37.0685840931825,45.38654081972945,38.84428667080765,0.7994518055277198,1.8551780786046252,-0.6832002852565541,0.1540729897873739,-0.3050331208519238
fg:1744,Miguel Cabrera,Miguel Cabrera,2021,526,-0.5,92,0.701,38.0,1983.0,408,50.29136499514541,44.87160818144369,39.0526410284677,37.99175680910528,25.84884890000629,0.04543534459256143,0.3343169972568826,-0.4169586064739714,-1.0595626078530525,-2.067555998295181,Miguel Cabrera,2022,433,-1.3,78,0.622,39.0,1983.0,925,50.06591280243424,37.96409236971917,38.42836316426897,39.697584067444765,29.15046780701937,0.02360160084447303,-0.5501996763534288,-0.5029045926873704,-0.7664637633484152,-1.6054745428212593
fg:17484,Eloy Jimenez,Eloy Jimenez,2021,231,0.3,100,0.74,25.0,1996.0,293,45.10585934508991,47.86465611477396,34.9561192255146,42.50225171604723,34.920847599133985,-0.6348240829265728,0.7157762252180816,-0.9615819059369283,-0.31918784887142077,-0.8372502791888002,Eloy Jimenez,2022,327,1.6,143,0.858,26.0,1996.0,609,51.8978406666188,56.93530519651532,41.23590735076712,39.218563544321775,34.80731481350222,0.2644643970794079,1.900586341092204,-0.13064697063203032,-0.8439746350673744,-0.8465994010075716
fg:17548,Taylor Ward,Taylor Ward,2021,237,0.9,110,0.769,28.0,1993.0,227,51.06594649783416,44.2102459214731,42.50707202102855,43.34453390744623,39.32807371545155,0.14704865005300835,0.2500274226457779,0.04230017339614942,-0.18093151839828764,-0.23956109556690738,Taylor Ward,2022,564,3.7,136,0.833,29.0,1993.0,511,58.16553903978626,50.560900349457896,52.75746216214098,45.36769652169758,36.35900566589774,1.0885445290720819,1.0771122484585443,1.397017889315179,0.1510237718585489,-0.638437572640431
fg:17620,Myles Straw,Myles Straw,2021,638,3.1,98,0.696,27.0,1994.0,74,62.23152275085008,30.68263293956784,53.03060040616133,50.17892531282755,59.73757821651789,1.6118023351090762,-1.4740454686606614,1.441379447665232,0.9408990110537334,2.5282887404569605,Myles Straw,2022,596,1.5,65,0.564,28.0,1994.0,623,59.540668569516384,26.95556038299476,53.46120644670145,57.0453651983725,60.86962354341476,1.2693472507248054,-1.972331013552889,1.4903286821302613,2.040601013503909,2.6497013139911756
fg:17678,Alex Bregman,Alex Bregman,2021,400,2.1,114,0.777,27.0,1994.0,123,62.35720568374008,39.66558914349132,55.79434446128696,46.07507982218773,36.08615611035992,1.6282900232433584,-0.32918189992215063,1.8088129628703964,0.26727368196755297,-0.6792161156673188,Alex Bregman,2022,656,5.4,137,0.82,28.0,1994.0,484,62.775312993358256,44.71963843659012,63.70679122401671,50.8603996035059,31.60900799178112,1.6946399251714026,0.32251194161502517,2.848810249085391,1.0398044887863385,-1.275657415147916
fg:17696,Kevin Newman,Kevin Newman,2021,554,-0.4,52,0.574,28.0,1993.0,406,62.22258131017787,29.16117103246691,44.237621629357065,50.40030247616896,50.31661639744428,1.610629354165008,-1.6679533837301432,0.27237282597980633,0.9772369445476116,1.25065813336664,Kevin Newman,2022,309,1.2,92,0.687,29.0,1993.0,663,60.91637464207645,32.89665152961577,38.7028253901882,45.016771864088334,50.58444390563303,1.4502257765185562,-1.20483432035556,-0.46651312428019087,0.09424024212242052,1.2699278912247465
fg:17901,Andrew Benintendi,Andrew Benintendi,2021,538,1.4,104,0.766,27.0,1994.0,178,56.36135915278882,42.664897044784986,36.77558604044786,43.3739549267184,32.51735426835472,0.8417262040343608,0.053075151060788084,-0.7196879120375245,-0.1761022079784704,-1.163201779928775,Andrew Benintendi,2022,521,2.0,121,0.772,28.0,1994.0,582,62.27456157983376,39.06160045241685,49.3572057709134,40.292037793754304,38.34965476980847,1.6288008776640408,-0.4084186796577483,0.9461714290300256,-0.670274509864164,-0.3713887874602224
fg:17907,Brendan Rodgers,Brendan Rodgers,2021,415,1.2,98,0.798,25.0,1996.0,195,55.52042290171389,44.70971246225356,33.14244290969486,42.33272109583219,38.681235572320944,0.7314081653817184,0.3136836437563342,-1.2027060660884752,-0.3470154364579937,-0.3272825220378194,Brendan Rodgers,2022,581,1.8,94,0.733,26.0,1996.0,594,57.05453134300768,45.6959660477231,43.13103569982431,46.84139145868048,40.005178454267536,0.9424686787526483,0.4486383036803489,0.12063170063605468,0.3894840751220742,-0.14929761734725797
fg:17919,Ian Happ,Ian Happ,2021,535,1.5,105,0.757,27.0,1994.0,166,42.72253193132609,48.35538377546763,48.35441891927896,37.41170439248568,44.617729342422784,-0.9474803697942354,0.7783186898752147,0.8196917055329765,-1.1547752567999536,0.477799409631546,Ian Happ,2022,641,3.7,122,0.781,28.0,1994.0,512,52.08148059173529,46.67243848323089,43.770744982293664,45.59211437565831,42.26985425670909,0.2886094667236332,0.5747833748053421,0.20545197076537283,0.18733708757284892,0.15451229102931777
fg:17929,Cedric Mullins,Cedric Mullins,2021,675,6.0,136,0.878,27.0,1994.0,9,60.40422289961885,46.922413113516654,44.89241960805749,49.07054096654673,52.6403874101493,1.3720884027385556,0.5956888441210703,0.35942673483107135,0.7589633675894899,1.5657980338055053,Cedric Mullins,2022,672,3.7,107,0.721,28.0,1994.0,513,55.10278419991074,40.63330658597292,39.55877721575128,51.46299824626506,51.65185299900871,0.6858519835100482,-0.20537866050767778,-0.35302084419056895,1.13731168073797,1.4131225412091601
fg:17954,Sam Hilliard,Sam Hilliard,2021,238,0.4,83,0.757,27.0,1994.0,278,34.60341907057606,51.36377145502263,41.73891286797036,44.00941466225734,49.1600242548132,-2.012584419301528,1.1617329442450608,-0.05982484694418763,-0.07179472991922685,1.0938060465283406,Sam Hilliard,2022,200,-0.7,46,0.544,28.0,1994.0,902,40.543398921536095,44.14259033535995,49.25384084357157,43.83798504704488,47.1349577120597,-1.2284233098416601,0.24796629022204136,0.9324660767719053,-0.09650063295360616,0.8071737595799708
fg:17982,Ty France,Ty France,2021,650,3.2,129,0.813,27.0,1994.0,67,60.87543436805117,42.17840704570684,38.829608522162445,36.88455938808879,34.5017647034646,1.4339041764332168,-0.008927230321961526,-0.44661027325721536,-1.241303423582283,-0.89408451169054,Ty France,2022,613,2.6,127,0.774,28.0,1994.0,542,59.57640669647195,43.14018924186508,37.0135246245394,38.32105678162317,35.07962004182184,1.2740461176174425,0.11847163923486381,-0.6905007248960372,-0.9892012552065045,-0.8100692158141514
fg:17988,Tyler Stephenson,Tyler Stephenson,2021,402,1.8,111,0.797,25.0,1996.0,145,59.39883860135141,39.57255093169578,51.05386502106092,42.83550438632367,33.50402411064774,1.2401972828882053,-0.34103947294903075,1.1785769534071815,-0.2644861208955915,-1.0293938297623344,Tyler Stephenson,2022,183,1.5,134,0.854,26.0,1996.0,612,53.685617459367606,41.62242856551131,42.65647486402871,43.984346464583865,41.24472855142924,0.4995221882534494,-0.07759946477924995,0.057708777070526907,-0.07281772061092055,0.0169900256967808
fg:17992,David Fletcher,David Fletcher,2021,665,0.8,69,0.622,27.0,1994.0,244,67.07290813621954,23.67620843510372,40.54224205510638,51.449407123428,52.42476976732776,2.246918420772908,-2.367003196627123,-0.21891952233519368,1.1494421274346343,1.536556889940583,David Fletcher,2022,228,0.8,75,0.621,28.0,1994.0,702,64.64009351728734,22.59791775646656,38.796947778271786,51.635770132278914,38.81963890659949,1.9398222056199497,-2.5352707536540464,-0.4540332578764256,1.1652681019078917,-0.3083396581398199
fg:18015,Paul DeJong,Paul DeJong,2021,402,1.3,84,0.674,28.0,1993.0,191,42.79137920906534,41.39803229388908,40.106258219191886,50.75510534934472,41.04980732129651,-0.9384486546825851,-0.10838475889471479,-0.2768825862830277,1.0354760285357563,-0.006066937079827352,Paul DeJong,2022,237,0.0,53,0.53,29.0,1993.0,823,34.87913309076853,40.136543561250726,41.94187114482392,49.952295722788485,36.62737420829305,-1.9731638278991026,-0.269552727083618,-0.03704188883257301,0.8928631365727007,-0.6024355002076471
fg:18030,Harrison Bader,Harrison Bader,2021,401,2.9,108,0.785,27.0,1994.0,79,51.737030334616485,41.23120925998785,38.89623837448246,56.127058800056346,43.41891992321471,0.23508463678884411,-0.1296460908665361,-0.43775198523660835,1.9172548185328144,0.31522199604438234,Harrison Bader,2022,313,1.4,84,0.65,28.0,1994.0,640,52.765486008306254,33.00038760210339,37.051442351979446,48.529071784749576,57.47865453186772,0.3785428426475038,-1.1914332311221774,-0.685473141316603,0.662569604743456,2.194797356614476
fg:18036,Jake Cronenworth,Jake Cronenworth,2021,643,3.7,117,0.8,27.0,1994.0,47,63.51571242093616,42.84605286544434,48.94225128967028,45.36428715057188,41.96834170667815,1.780268476841926,0.07616317404894854,0.897842688365013,0.15060068625624956,0.11850077341152862,Jake Cronenworth,2022,684,3.6,109,0.722,28.0,1994.0,515,55.2409090642945,39.14133196325259,52.12822716460935,46.75290255738423,47.39390845320868,0.7040127100951276,-0.3981186069270239,1.313586424541943,0.37516558239402087,0.8419124187989643
fg:18042,Dylan Moore,Dylan Moore,2021,377,1.1,74,0.61,29.0,1992.0,211,42.87759967043903,37.95042891511584,48.65984605174366,53.89379920996213,52.311179886487366,-0.9271378422656946,-0.5477763598571388,0.8602975513284321,1.550676634791901,1.5211523154178832,Dylan Moore,2022,255,2.0,127,0.753,30.0,1992.0,584,45.74655007055752,42.857728502081926,54.762019968326086,45.79954391016009,53.38342731553792,-0.544310381877562,0.08198209911647325,1.66280602037704,0.22090150342432296,1.6454160261683826
fg:18063,Kyle Garlick,Kyle Garlick,2021,107,0.4,100,0.745,29.0,1992.0,280,46.8890667632232,45.13173014859399,39.53732894901976,44.78261014821051,42.55358375416037,-0.40089440677353627,0.36746913079271115,-0.35252044473622324,0.05512136983674808,0.19786880045369898,Kyle Garlick,2022,162,0.1,103,0.717,30.0,1992.0,797,43.10648174326296,49.367411391348845,36.75881295134896,41.10105565515666,40.12759586014701,-0.8914278923405128,0.922932013530286,-0.724273429962481,-0.5393663824530884,-0.13287512507536417
fg:18126,LaMonte Wade Jr.,LaMonte Wade Jr.,2021,381,1.9,118,0.808,27.0,1994.0,137,54.52085600567573,47.07850223155846,44.63106745862569,45.23042378026008,42.6731068429568,0.6002802001737892,0.6155821554838193,0.32468055824715225,0.1286276960243943,0.2140780112999972,LaMonte Wade Jr.,2022,251,0.1,93,0.665,28.0,1994.0,802,52.04843624406165,40.80362214975259,48.88256304631498,41.86801435077234,39.89329288320618,0.28426477928476596,-0.183376535178346,0.883237647672425,-0.41526389790391555,-0.16430724700646349
fg:18171,Seth Brown,Seth Brown,2021,307,1.1,104,0.754,29.0,1992.0,206,42.03769024264552,50.2563080737328,41.60518697469252,48.24668586273152,39.08057064461487,-1.0373211773301594,1.0205884868784627,-0.07760340170938068,0.6237317496612215,-0.2731264050037393,Seth Brown,2022,555,1.5,115,0.749,30.0,1992.0,613,47.10219971509312,50.54468494794288,43.013659091706735,35.45661027022781,45.49730567304477,-0.3660688853200069,1.0750174704565745,0.10506851298155521,-1.4527006991198497,0.5874800995031311
fg:18289,Brian Anderson,Brian Anderson,2021,264,1.0,95,0.715,28.0,1993.0,215,45.9225299980485,39.73895320527674,41.70750959340929,46.116681698412606,44.18586405261202,-0.5276893214694439,-0.3198317662149282,-0.06399984120225867,0.2741024179973332,0.4192316834270869,Brian Anderson,2022,383,0.2,85,0.657,29.0,1993.0,785,44.68006002026438,43.16180242822232,42.70921132318172,41.382335709501504,39.71653449196169,-0.6845330296643435,0.12126372719467839,0.06470120446466335,-0.4938521275161919,-0.18801967003446798
fg:18314,Dansby Swanson,Dansby Swanson,2021,653,3.3,99,0.76,27.0,1994.0,62,47.74241037498769,46.21497214903516,41.258543355050776,51.242584667567954,46.5341404111738,-0.28894871121541604,0.5055266114571344,-0.12368888616377198,1.1154932750207447,0.7376948942142164,Dansby Swanson,2022,696,6.6,117,0.776,28.0,1994.0,470,50.29783994957085,48.33083930959108,40.14027598932473,64.07619158799085,50.49482757343619,0.05409549870708397,0.7890230016373719,-0.2759188161193566,3.178267263816234,1.257905715845642
fg:18345,Kyle Tucker,Kyle Tucker,2021,567,4.9,146,0.917,24.0,1997.0,20,62.285254906911454,52.78031838838011,42.83827675030694,43.07056093619156,50.06533539274835,1.6188511762806768,1.3422696117511215,0.08633309232930356,-0.2259027857968974,1.216580476674524,Kyle Tucker,2022,609,4.9,130,0.808,25.0,1997.0,488,57.86663334475104,50.13426850106913,45.48724506970194,53.191892075406486,53.70397418293595,1.049244258071085,1.0219980405175884,0.4330459811710966,1.417066015547283,1.688417904984592
fg:18360,Austin Riley,Austin Riley,2021,662,5.1,136,0.898,24.0,1997.0,17,54.20745715698719,53.26289250410188,37.926178341685045,41.36563327575857,31.32952178554001,0.5591670405744468,1.403772919989978,-0.5667192704487651,-0.5057579750204687,-1.3242905482823013,Austin Riley,2022,693,5.9,144,0.878,25.0,1997.0,478,52.8347614737846,61.12285981832745,39.70404782814656,40.92189256770266,36.52453778960701,0.38765121566361005,2.441553352960373,-0.33375913747020514,-0.5683569714113272,-0.6162311714931784
fg:18363,Victor Robles,Victor Robles,2021,369,-0.3,69,0.605,24.0,1997.0,393,46.31605140531821,29.14966597360298,43.88320581966335,44.99299337986354,34.27319536314288,-0.47606530150083165,-1.6694196852961862,0.22525404645370237,0.08965470545567591,-0.9250821094566446,Victor Robles,2022,407,0.4,65,0.584,25.0,1997.0,758,44.36875600924719,31.89459222592152,34.07560729316555,48.29203618105286,50.05533631302108,-0.7254634374815347,-1.334284817409517,-1.0800447701267293,0.6242145961705873,1.1989472550297182
fg:18365,Lewin Diaz,Lewin Diaz,2021,128,0.1,78,0.693,25.0,1996.0,327,44.73587001205232,43.39238517470317,30.283318184134387,47.139488441715024,39.167783761937656,-0.6833610528704097,0.14579236327086936,-1.5828202254927652,0.4419909339319907,-0.26129893450006375,Lewin Diaz,2022,174,-0.7,40,0.512,26.0,1996.0,903,41.0138471353597,39.02331111502676,39.07549021088535,46.68661820798417,38.80034704863603,-1.16656854226012,-0.41336506730041633,-0.4171007871053897,0.3644400342070095,-0.3109276919740551
fg:18373,Ryan Mountcastle,Ryan Mountcastle,2021,586,0.8,111,0.796,24.0,1997.0,237,45.08184564950471,50.19962234829124,31.30204842206791,30.36574283018701,37.93637733838148,-0.6379743143434905,1.0133639807746475,-1.4473823466937128,-2.311333949605913,-0.4282970146024305,Ryan Mountcastle,2022,609,1.7,107,0.729,25.0,1997.0,604,48.99561517325468,50.79706420399312,33.26006267303029,43.23555105743,42.10129004170422,-0.1171216693278287,1.1076209501322445,-1.1881793820169333,-0.19398118218717336,0.13189912994860678
fg:18401,Ronald Acuna Jr.,Ronald Acuna Jr.,2021,360,4.4,157,0.99,24.0,1997.0,29,55.12910642144796,63.19552689358635,52.816044928736815,49.79426375990218,51.73468742040628,0.6800733982811061,2.6696714723121326,1.4128547826802804,0.877758776908184,1.4429708692378371,Ronald Acuna Jr.,2022,533,2.4,115,0.764,25.0,1997.0,557,54.3927840237788,51.435549876043154,46.20526063399054,39.58412658338422,53.63496559233435,0.5925008035351989,1.1901033813656015,0.5282490301012664,-0.7848224516886118,1.679160291349446
fg:18564,Trent Grisham,Trent Grisham,2021,527,2.6,104,0.74,25.0,1996.0,96,52.98800217877928,40.44129136094896,51.81374093756343,45.91847932371228,49.63307529751707,0.3991931052741948,-0.23031987846767116,1.2796007362001112,0.24156850798836954,1.1579592086450596,Trent Grisham,2022,524,1.7,83,0.626,26.0,1996.0,608,43.34669454592127,42.13450812702121,53.41820605525704,51.37871526154746,50.02196590325224,-0.859844592325878,-0.011446739562045347,1.4846271784661238,1.1236737522961038,1.1944705607834907
fg:18568,Luis Arraez,Luis Arraez,2021,479,1.6,105,0.733,24.0,1997.0,160,69.052951492734,31.18961907127089,52.02380744041761,41.04574838769916,42.81073117998107,2.5066699765640337,-1.4094308875733157,1.307528602178663,-0.5582654496513223,0.23274203612458902,Luis Arraez,2022,603,2.7,130,0.795,25.0,1997.0,536,74.65475010326392,36.705839414766565,55.71896011443708,37.46981510128989,34.44893703311524,3.256554286500572,-0.7127464136949583,1.7896885339110096,-1.1269416681975435,-0.8946763577649955
fg:18577,Ke'Bryan Hayes,Ke'Bryan Hayes,2021,396,1.9,85,0.689,24.0,1997.0,144,53.90015225419906,40.70124392612815,43.609415658300925,56.14785973816878,48.874572810329816,0.518853313938696,-0.19718933494528468,0.18885426434239797,1.9206691865477046,1.055094340726525,Ke'Bryan Hayes,2022,560,3.1,86,0.659,25.0,1997.0,529,54.62743497586286,41.962645676194256,46.375632076988175,61.44574973271642,49.820367089343705,0.6233528286411734,-0.033648698670095456,0.550838903678837,2.7526323872996636,1.1674257550252687
fg:18607,Jared Walsh,Jared Walsh,2021,585,2.4,126,0.85,28.0,1993.0,101,52.43326554489583,52.12180280677158,38.96448818829914,35.80796991160879,33.913388452812015,0.326420100970283,1.2583428417974878,-0.42867832700249864,-1.418020101156685,-0.9738775859811979,Jared Walsh,2022,454,-0.8,77,0.642,29.0,1993.0,906,43.93075879566905,46.26029567865685,37.97673848369988,40.74507941825441,36.48916553212487,-0.7830515312422579,0.5215409262669868,-0.5627863678197679,-0.5969673141493768,-0.6209764168360814
fg:18795,Ramon Urias,Ramon Urias,2021,296,1.1,115,0.774,27.0,1994.0,202,53.833879715398126,44.222359687833176,46.34924600740098,38.33406722101889,36.08919732631824,0.5101593653930073,0.2515713030200138,0.553108506470424,-1.0033740977347096,-0.6788036789474019,Ramon Urias,2022,445,2.6,105,0.72,28.0,1994.0,546,50.50187148583896,46.80528286758808,39.31858171152595,51.3745093449688,40.85205051752194,0.08092166763351276,0.5919448057929761,-0.3848688228123517,1.1229931880099142,-0.0356883653445569
fg:18819,Andy Ibanez,Andy Ibanez,2021,272,1.1,106,0.756,28.0,1993.0,205,57.85565450756399,39.99473847330395,37.96644325636492,47.34868474810373,37.010372001255085,1.037755014179998,-0.287232338127272,-0.5613661411990346,0.4763294418159058,-0.5538779036626532,Andy Ibanez,2022,128,-0.2,59,0.551,29.0,1993.0,847,51.84753894272787,35.10045772395996,44.22381179733672,44.56170960787103,44.36336458855236,0.25785070114264186,-0.9201367917594953,0.26552496124980124,0.020606085623569956,0.4353600756954558
fg:18839,Josh Naylor,Josh Naylor,2021,250,0.4,93,0.7,24.0,1997.0,282,54.6551280842821,43.933787776054025,34.21093262618172,44.45722829430692,38.5818449234565,0.6178946535152088,0.21479326901235873,-1.0606527772677448,0.0017115962684205565,-0.34076145736167207,Josh Naylor,2022,498,1.9,118,0.771,25.0,1997.0,589,57.02791332553981,48.98554513802329,40.00022754864054,43.68640739706863,36.573212590077205,0.9389689284388462,0.8736008251276798,-0.29448810516291807,-0.12102758997451468,-0.6097013685716498
fg:18882,Brandon Lowe,Brandon Lowe,2021,615,4.5,136,0.863,27.0,1994.0,27,44.183936446070376,53.01015446097869,40.89109691559129,37.07888938268668,47.932215084756336,-0.7557663373231324,1.3715618558995597,-0.17254005841679843,-1.2094051450381966,0.927295810582488,Brandon Lowe,2022,266,0.6,103,0.691,28.0,1994.0,719,43.04444500717358,44.92844667113554,42.05985609848148,41.3106704745199,42.64121377569312,-0.8995845135786688,0.3494867221007836,-0.021398039486196084,-0.505448363099488,0.20433076893934476
fg:18887,Seby Zavala,Seby Zavala,2021,104,-0.1,65,0.616,28.0,1993.0,363,30.549956772329026,41.57317256436898,35.923568874738045,43.29980891590581,40.099308712908616,-2.544336986661359,-0.08606340826808369,-0.8329616653112039,-0.18827289789551985,-0.13496949898327285,Seby Zavala,2022,205,2.0,111,0.729,29.0,1993.0,585,40.80469421115507,38.47355808886181,39.31878568838907,55.55888785850933,33.37423952161955,-1.1940680738462413,-0.48438461896927076,-0.3848417771322216,1.80007237466375,-1.0388487607853465
fg:18889,Danny Mendick,Danny Mendick,2021,186,-0.3,67,0.589,28.0,1993.0,394,48.95992569413245,30.837368892175466,46.02050235895535,42.25382738396231,36.649755233315055,-0.12922922966623945,-1.4543246160935357,0.5094027826622699,-0.3599654373150906,-0.6027832096174411,Danny Mendick,2022,106,0.8,125,0.786,29.0,1993.0,691,51.1619732915555,37.53828822888832,44.71286547855245,44.68704144251669,45.88781168369369,0.1677121847892673,-0.6052069573346801,0.3303695187468121,0.04088617653530537,0.6398671101241855
fg:18900,Leody Taveras,Leody Taveras,2021,185,-0.2,28,0.477,23.0,1998.0,381,41.71366545969992,36.27715729930098,37.45283412951285,50.06823673115685,54.66448978462248,-1.0798282977970373,-0.761032182335039,-0.6296493118387745,0.922730044306795,1.8402981533448308,Leody Taveras,2022,341,1.2,93,0.675,24.0,1998.0,664,47.84854097460007,40.06919713933106,39.271580147201135,47.18272931412953,45.57039515237833,-0.26793956143946995,-0.2782528387039242,-0.39110084959667835,0.44471635317572933,0.5972851709379392
fg:19181,Zack Collins,Zack Collins,2021,231,-1.1,89,0.669,26.0,1995.0,457,44.28758851366111,41.72623824726895,51.39690873835963,25.219914243874097,34.991999957354174,-0.7421687634472472,-0.06655542893498632,1.2241838389949933,-3.1559954951690425,-0.8276009002427228,Zack Collins,2022,108,-0.3,56,0.551,27.0,1995.0,862,36.754533136280656,43.82667338865669,45.15752848068739,45.14428898359546,35.88522744326901,-1.7265852874158807,0.2071547278447074,0.3893282316984345,0.11487393653628225,-0.7019956846900547
fg:19198,Yuli Gurriel,Yuli Gurriel,2021,605,3.3,133,0.846,37.0,1984.0,61,68.28122231497422,40.84037957234295,51.76117332397144,39.27323255139412,36.01224149781753,2.4054308527271786,-0.17945671676836006,1.272611990982467,-0.8492148935971989,-0.6892400997476059,Yuli Gurriel,2022,584,-0.7,85,0.647,38.0,1984.0,897,60.11063227814438,36.49996080963925,37.96587618589558,33.56251072551554,44.66227213663612,1.344286365575641,-0.73934273156582,-0.5642266205396119,-1.7591871642006733,0.47545900495433285
fg:19238,Lourdes Gurriel Jr.,Lourdes Gurriel Jr.,2021,541,1.7,107,0.785,28.0,1993.0,152,55.68362063301588,46.22563731431031,34.99287700774922,45.4537371336527,31.18845970877556,0.752817224162075,0.5068858699129154,-0.9566950420058904,0.16528344525071048,-1.3434207846886417,Lourdes Gurriel Jr.,2022,493,1.5,115,0.743,29.0,1993.0,614,59.64838048834695,40.96959677353592,40.381724022545214,42.21675372352012,30.23114544188636,1.2835092679442492,-0.16193519186873787,-0.24390476229650107,-0.3588339716699135,-1.4604998966138019
fg:19251,Pete Alonso,Pete Alonso,2021,637,3.5,131,0.863,27.0,1994.0,56,54.02383332631433,56.486602075755634,41.30550748235679,41.61480687263038,32.091401280183376,0.5350783884039392,1.8146296091462748,-0.11744511176194648,-0.4648573985793724,-1.2209677050350087,Pete Alonso,2022,685,3.8,141,0.869,28.0,1994.0,507,56.34123582609015,56.42693407231557,43.36783889718843,34.34948868816596,33.996376315056864,0.8486842257152051,1.8349126883723275,0.15202988684085303,-1.6318453386125802,-0.9553881073849291
fg:19252,Cavan Biggio,Cavan Biggio,2021,294,-0.3,84,0.678,26.0,1995.0,385,47.10457336082023,37.71865912604496,51.64523099436321,37.52239297415638,38.01221642889478,-0.37262322077909305,-0.5773150531133262,1.2571977207464007,-1.1366062900530152,-0.41801204103874284,Cavan Biggio,2022,303,1.3,97,0.668,27.0,1995.0,652,44.62623634493822,38.47187652096507,54.107878156627365,49.910236557001824,44.48128909308216,-0.6916097935458024,-0.4846018514217417,1.5760721137546594,0.8860574937107991,0.4511798380110719
fg:19260,Jake Fraley,Jake Fraley,2021,265,1.1,109,0.721,26.0,1995.0,209,46.589687115675325,38.45909873693956,57.62088631032076,43.3182360034896,45.41300263205073,-0.44016846052943503,-0.48294719512534084,2.051647566536083,-0.18524818535065288,0.585650976737247,Jake Fraley,2022,247,0.8,121,0.812,27.0,1995.0,688,52.14172280728723,42.9444228819467,47.8660265979678,40.44159481201336,41.08429676570907,0.29653014349967327,0.0931816663715305,0.7484531471063641,-0.6460745136273187,-0.004532156890143106
fg:19262,Garrett Hampson,Garrett Hampson,2021,494,0.2,64,0.669,27.0,1994.0,317,49.92081824604829,35.55096755880081,42.51024391179099,48.51634879340632,53.91924269887515,-0.00317474985544725,-0.8535839168661723,0.0427218690920761,0.6679955458573688,1.739230926358735,Garrett Hampson,2022,226,-0.2,56,0.594,28.0,1994.0,841,45.69788916722729,33.43106236062592,45.822659281528296,42.82238331385508,52.78374378013958,-0.5507083419023986,-1.1357967419904462,0.47751918928604464,-0.26083633854218663,1.5649675135168621
fg:19287,Adolis Garcia,Adolis Garcia,2021,622,2.8,99,0.741,28.0,1993.0,85,40.111776873031445,49.96654486543176,29.85028083294112,54.74470148252086,42.30726844339369,-1.2899717025978532,0.9836586240121876,-1.6403915609675483,1.6903479076699612,0.16446456996490338,Adolis Garcia,2022,657,3.2,112,0.756,29.0,1993.0,523,44.1192918387402,53.54180687265566,33.264360054184294,44.41534819033205,58.19500959796379,-0.7582631119902733,1.4621990688460482,-1.1876095840785257,-0.003076826719115644,2.290897543122898
fg:19290,Randy Arozarena,Randy Arozarena,2021,604,3.9,127,0.815,26.0,1995.0,42,45.3920575463433,46.608477298654535,44.69562503932357,45.31244060744551,46.33650059373594,-0.5972792343273712,0.5556782207584741,0.33326334244707606,0.14209034034894322,0.7108918262485738,Randy Arozarena,2022,645,2.7,124,0.773,27.0,1995.0,537,49.45111830688895,48.509051902459376,41.348525692625735,39.028967991993255,39.1413977104186,-0.057231888400366776,0.8120453004604313,-0.11571469054834853,-0.8746533133820568,-0.2651751960997108
fg:19293,Nick Senzel,Nick Senzel,2021,124,-0.1,72,0.638,26.0,1995.0,362,60.21667361883576,36.79439673781884,44.31368007407392,44.04120953205816,37.42732330631845,1.347484791251648,-0.6951108335016536,0.2824846240138982,-0.0665757640293853,-0.49733274837535685,Nick Senzel,2022,420,-0.7,67,0.601,27.0,1995.0,900,54.2855520715932,34.17373437314468,42.733432197415645,41.126291154628646,37.21326422141338,0.5784018925714468,-1.0398550538945583,0.06791269623379872,-0.5352829967359487,-0.5238374107977023
fg:19326,Bryan Reynolds,Bryan Reynolds,2021,646,6.3,140,0.912,26.0,1995.0,6,59.67281453671621,48.93717633941213,47.92777155378673,53.40869374226755,45.87915649042896,1.276138756203018,0.8524672325044342,0.7629699041906635,1.471049043776938,0.6488687721720494,Bryan Reynolds,2022,614,2.9,123,0.807,27.0,1995.0,532,50.898931385756285,50.56776401079199,41.32820819738059,36.01799540991464,38.17246947191852,0.13312730282069335,1.077998926889684,-0.11840862587533336,-1.3618623123561506,-0.3951584807026665
fg:19334,Yadiel Hernandez,Yadiel Hernandez,2021,289,0.2,99,0.742,34.0,1987.0,308,50.50488922072103,40.77656151703634,39.8397251138118,38.237495686352105,41.30131912211832,0.07344647354581729,-0.1875902270393285,-0.31231755923094817,-1.019225823139247,0.028042019197202388,Yadiel Hernandez,2022,327,0.2,103,0.722,35.0,1987.0,776,49.66992484779392,43.468704400478245,37.22307032496816,40.17192219154592,29.63088730785443,-0.028463094438971163,0.1609106949029798,-0.6627166620383027,-0.6897105560976765,-1.5410254925979718
fg:19339,Nicky Lopez,Nicky Lopez,2021,565,5.5,104,0.744,26.0,1995.0,12,63.25275757720191,30.431959441947896,48.18595348622495,70.96975188675265,65.62342785316669,1.7457728030284898,-1.5059934096901395,0.7972946076024371,4.353607268413218,3.3265025310371463,Nicky Lopez,2022,480,0.9,55,0.554,27.0,1995.0,687,57.67783029038286,26.546771279407533,41.214722863446205,56.83676069486785,56.06727504306076,1.0244203375980707,-2.0251402160167733,-0.1334558620868722,2.00684647454234,2.005458523781653
fg:19346,Eli White,Eli White,2021,220,-0.1,57,0.567,27.0,1994.0,365,38.84193529470667,33.931977816571106,40.62384507353583,48.89626264527438,42.040331841249625,-1.4565555930429361,-1.059921600359561,-0.20807058577854015,0.7303564690628672,0.12826376800841233,Eli White,2022,117,0.6,66,0.578,28.0,1994.0,728,36.217972609977735,35.5869141606774,43.9385263582364,50.33686771302706,53.26779655416334,-1.7971325350675438,-0.857294176261577,0.2276984224272861,0.9550911805983503,1.6299039731933598
fg:19352,Sean Murphy,Sean Murphy,2021,448,3.3,100,0.71,27.0,1994.0,63,46.35888236258833,45.775030763257526,41.68850516544527,63.50583537215402,30.42188458368232,-0.47044653171463807,0.4494567772596614,-0.06652643687537571,3.1284433995770167,-1.4473804292835628,Sean Murphy,2022,612,5.2,121,0.759,28.0,1994.0,486,53.35417951892524,47.5093928699031,43.14820836191832,60.10882941111231,38.367342948400825,0.455944561276947,0.6829048811540981,0.12290865655582965,2.5363037446963492,-0.3690158897979171
fg:19363,Austin Hays,Austin Hays,2021,529,1.9,106,0.769,26.0,1995.0,141,52.19462589852421,44.92624634532103,37.86146565228193,44.92153282388906,39.10873791317653,0.29511421101866525,0.34128054487594056,-0.575322675999894,0.0779248192684922,-0.269306480337486,Austin Hays,2022,582,1.9,106,0.719,27.0,1995.0,591,52.699016076521055,41.29445900672681,35.51310691570948,44.34267263949185,38.621278133749136,0.3698033426113192,-0.11996803742430286,-0.889443961859092,-0.014836542694442916,-0.33495007547204947
fg:19392,Zach McKinstry,Zach McKinstry,2021,172,-0.1,77,0.668,26.0,1995.0,361,45.95892639002214,40.64568033623538,38.07534085212464,43.24602618272823,39.11839139821171,-0.5229146687280116,-0.20427082664717855,-0.5468884523793416,-0.19710105953526308,-0.26799731592488174,Zach McKinstry,2022,185,0.8,81,0.635,27.0,1995.0,700,48.96073860270923,36.44094428861828,42.56668418624707,47.13427894690273,54.85492257384072,-0.12170725835068101,-0.7469667493783329,0.04580326037216982,0.4368765425255108,1.8428194863544132
fg:19470,Tommy Edman,Tommy Edman,2021,691,3.0,89,0.695,26.0,1995.0,77,62.672449358413104,37.553999299477525,39.84616497481384,55.771069001616254,64.34724967089491,1.669645195937039,-0.5983006877298597,-0.31146139429012365,1.8588209068096557,3.153432696227897,Tommy Edman,2022,630,5.4,106,0.725,27.0,1995.0,485,57.93305680445607,42.48382610775188,42.22098884911341,61.511023766257885,68.64467826444205,1.0579776479348146,0.03367971759349545,-3.314169618321029e-05,2.763194455094643,3.6927374341596946
fg:19514,Andrew Knizner,Andrew Knizner,2021,185,-1.0,48,0.517,26.0,1995.0,455,45.99049038282498,33.0904160276671,44.42906534113624,38.66925608134654,37.22441620863727,-0.5187739532176455,-1.1671773200899753,0.2978248340456357,-0.9483545540264423,-0.5248501423922268,Andrew Knizner,2022,293,0.0,77,0.601,27.0,1995.0,821,49.64953460716652,34.64631149169415,42.18275662605292,38.36715721084422,36.88819294879658,-0.03114401352396188,-0.978805430716546,-0.005102424847925582,-0.9817416907764764,-0.5674462458649975
fg:19556,Yordan Alvarez,Yordan Alvarez,2021,598,3.5,137,0.877,24.0,1997.0,55,56.217221145937856,58.8741685170852,43.987877335548525,38.63464970053963,41.59516950473562,0.8228174910483597,2.118921178042825,0.23916988752162419,-0.9540350151238944,0.06789275311876093,Yordan Alvarez,2022,561,6.4,185,1.019,25.0,1997.0,471,63.353150976476016,70.33063717899518,56.163090575402485,41.853375969319146,36.99535485949918,1.7706143535894405,3.6310551635880435,1.8485766362163703,-0.4176325515465499,-0.5530703028550018
fg:19566,Nathaniel Lowe,Nathaniel Lowe,2021,642,2.0,114,0.771,26.0,1995.0,131,52.44371539104239,46.74286112430506,49.639517264446745,36.29307537930337,43.208729566574185,0.327790961757455,0.5728052269157339,0.9905426211500065,-1.338392510141722,0.2867168775526092,Nathaniel Lowe,2022,645,3.1,143,0.851,27.0,1995.0,524,58.10415236470258,52.22299663643892,38.462243148857816,31.92647636739331,29.240060492814493,1.0804733781816496,1.2918292714012107,-0.4984123811100896,-2.0239157992776775,-1.593455539645051
fg:19599,Chas McCormick,Chas McCormick,2021,320,2.1,108,0.766,26.0,1995.0,125,41.42311339978065,46.46782371365186,41.341911842722006,55.23649084132396,38.04320996143574,-1.1179443063955572,0.537752143682456,-0.1126052344683237,1.7710726253574132,-0.41380883052195555,Chas McCormick,2022,407,2.4,115,0.738,27.0,1995.0,559,46.01454632207051,44.87544606574269,45.71920690042274,50.93526043920756,36.70774524047821,-0.5090741000446892,0.3426398671422291,0.4638022413671051,1.051917808263792,-0.5916535967237222
fg:19600,Bryan De La Cruz,Bryan De La Cruz,2021,219,0.8,111,0.783,25.0,1996.0,238,52.54299274470638,39.8777237653573,39.18150804944075,43.219728278771605,38.67056151294889,0.3408146397411748,-0.3021456776887159,-0.3998260277815518,-0.20141772648762835,-0.3287300923833461,Bryan De La Cruz,2022,355,0.5,99,0.725,26.0,1996.0,735,51.642324593052095,49.97147791718722,37.41517586770589,38.01437657466205,41.97785507302705,0.23086901531493947,1.000968025705564,-0.6372450228501781,-1.038825538578605,0.11534012998762086
fg:19611,Vladimir Guerrero Jr.,Vladimir Guerrero Jr.,2021,698,6.3,166,1.002,22.0,1999.0,5,60.25342236072228,64.1911837105101,51.133042986606696,35.24709384735986,37.83621993524834,1.3523056669395388,2.7965663597840638,1.1891034846731001,-1.5100850495612952,-0.44187993386556945,Vladimir Guerrero Jr.,2022,706,3.3,132,0.818,23.0,1999.0,521,58.18505667302314,57.71063218868362,42.56038100032136,36.88521509384827,34.84162381875039,1.0911107172988304,2.0007465453291378,0.044967508965170024,-1.2215364798943191,-0.841996792665264
fg:19612,Bo Bichette,Bo Bichette,2021,690,4.9,122,0.828,23.0,1998.0,21,58.93853471047646,51.22078233542544,28.81751657078236,42.966993906106815,62.66049252645959,1.1798124173759925,1.1435092069767754,-1.7776952315152943,-0.24290278613376173,2.92468189606058,Bo Bichette,2022,697,4.8,129,0.802,24.0,1998.0,489,57.57423017641758,52.06507276441199,32.955659115277214,41.393778490234624,38.7971239016056,1.0107989425487398,1.2714279601662324,-1.2285408285435098,-0.4920005577677173,-0.3113600823422226
fg:19683,Mike Brosseau,Mike Brosseau,2021,169,0.0,72,0.613,27.0,1994.0,350,42.04684322988808,40.18460885839536,41.15860613743981,44.47490611710381,40.210272030715,-1.0361204446954064,-0.2630336576774481,-0.13697531299425897,0.0046133208158575315,-0.11992112772178498,Mike Brosseau,2022,160,0.6,118,0.762,28.0,1994.0,714,45.58750881680755,42.34501681188204,42.51161543360109,40.68805256472601,41.185370847418746,-0.5652212058482312,0.015747712691374968,0.03850158974909119,-0.6061948960900386,0.009027094050038965
fg:19698,Edward Olivares,Edward Olivares,2021,111,-0.1,86,0.697,25.0,1996.0,357,52.31174722752554,39.822287150885806,39.34252696737214,42.435538861130055,40.0796570531837,0.3104787470144695,-0.30921098657387974,-0.3784189271781742,-0.3301384241185547,-0.13763457314733984,Edward Olivares,2022,174,0.2,109,0.743,26.0,1996.0,774,55.51211092559584,42.6786050336758,37.48721864069296,41.727879481529214,38.483998861456165,0.7396704671139812,0.05884212932255297,-0.6276927345950504,-0.43793928517634834,-0.35336631107290967
fg:19734,Josh Rojas,Josh Rojas,2021,550,1.7,103,0.752,27.0,1994.0,156,52.332401265049846,36.1561271978824,49.44712090707605,39.16416855546517,48.37173624192312,0.3131882424215558,-0.7764572774473075,0.9649639610095071,-0.8671171928715419,0.9869017928212794,Josh Rojas,2022,510,2.5,109,0.739,28.0,1994.0,550,56.17865514315939,39.22262448566255,54.16143980306772,41.75732089757987,57.534196107005954,0.8273080358170732,-0.38761687574809733,1.5831739543002668,-0.4331753351730178,2.2022483484233906
fg:19755,Shohei Ohtani,Shohei Ohtani,2021,639,5.0,150,0.965,27.0,1994.0,18,45.36400492121956,68.00420753736421,50.03531648380714,38.20526315607385,49.50050858282125,-0.6009593118347366,3.282530219230523,1.0431632313021422,-1.024516628766675,1.1399810769606828,Shohei Ohtani,2022,666,3.6,142,0.875,28.0,1994.0,514,53.26792867179657,62.18389513893448,45.36090002761139,37.66233933763076,35.9363712536949,0.44460425655032404,2.578622635325216,0.416293651803211,-1.0957890960937038,-0.69513466010421
fg:19844,Abraham Toro,Abraham Toro,2021,375,0.4,94,0.688,25.0,1996.0,286,57.23908786042821,37.16782385820846,42.96939123469542,39.5409592920177,37.03405647372025,0.956870853075383,-0.6475181372880986,0.10376446619470409,-0.8052689131334919,-0.5506659166579913,Abraham Toro,2022,352,-0.6,63,0.563,26.0,1996.0,890,49.94161428766376,36.96788950035445,40.85980156970472,44.23197918629938,38.84318941772306,0.007258769655105308,-0.6788936130599824,-0.18051555128442873,-0.032747979963546336,-0.3051803191214223
fg:19858,Luis Rengifo,Luis Rengifo,2021,190,-0.9,49,0.556,24.0,1997.0,448,47.91484761029221,35.18910491719497,35.59800784701166,37.90468067655311,43.64338119346227,-0.2663275701180227,-0.899702738538826,-0.8762442668999659,-1.073855711377489,0.3456624748916741,Luis Rengifo,2022,511,1.7,102,0.724,25.0,1997.0,605,56.25705643025333,41.09946289381773,30.32126359087448,39.11729224014524,46.78277243084488,0.8376162764454617,-0.14515850633827854,-1.5778403402603984,-0.8603614633720642,0.7599275365655774
fg:19864,Riley Adams,Riley Adams,2021,120,0.0,106,0.742,25.0,1996.0,338,43.00909261713794,42.66288837482218,47.87544361202245,37.61777758355884,40.8445137541283,-0.909887968737306,0.05281914924915389,0.7560130227999138,-1.1209493923834906,-0.03390797389645379,Riley Adams,2022,155,-1.0,58,0.555,26.0,1996.0,916,42.03892135212124,46.25844478405702,40.75139282618729,36.32451096373149,35.90080124585534,-1.0317912690799749,0.5213018194346271,-0.19488967271976818,-1.312264671702112,-0.6999064339762319
fg:19892,Pavin Smith,Pavin Smith,2021,545,0.7,98,0.732,25.0,1996.0,248,58.50295309962413,39.45933650926336,45.20009833361952,38.805804906496434,35.522649974616826,1.1226707387755461,-0.35546847212883736,0.40033192483136765,-0.9259407600647237,-0.7556364111886277,Pavin Smith,2022,277,-0.1,87,0.667,26.0,1996.0,826,50.413625091791786,41.68307710080992,50.217019172242,41.686830631601154,38.47464745919003,0.06931898739516514,-0.0697646160721376,1.0601757227929396,-0.44458144764621765,-0.35462081675650625
fg:19901,Gavin Sheets,Gavin Sheets,2021,179,0.5,123,0.83,25.0,1996.0,272,52.90909576708408,50.08060745357459,42.71627689457494,40.96017078472076,33.69681808129769,0.3888417848688662,0.9981957205710824,0.07011348770889893,-0.5723125771809082,-1.0032479348425447,Gavin Sheets,2022,410,0.2,99,0.706,26.0,1996.0,777,52.045404981116405,42.60139100145737,39.026207717923015,38.31466558018303,33.270561418104506,0.2838662273093368,0.048867275725199756,-0.4236352465548063,-0.9902354229948215,-1.052757345447047
fg:19913,Jesus Sanchez,Jesus Sanchez,2021,251,1.0,111,0.808,24.0,1997.0,212,45.83166283678926,51.65591964099504,37.71150217750589,45.29401351986172,32.80798129657661,-0.5396097101971734,1.198966768745593,-0.59525998046452,0.1390656278040774,-1.1237881835641,Jesus Sanchez,2022,343,0.5,88,0.682,25.0,1997.0,740,44.65838632238663,48.33294768699503,39.82730798160191,42.20716692135992,39.9612018943875,-0.6873826983536226,0.7892953712485441,-0.31741583935218026,-0.36038522335238793,-0.15519714372249754
fg:19918,Daulton Varsho,Daulton Varsho,2021,315,1.8,100,0.755,25.0,1996.0,147,51.37115083223158,42.4677511987645,40.59037349836685,47.92605170988522,53.40308777818426,0.18708681408264793,0.02794922461595003,-0.21252055591994445,0.5711012870329414,1.6692322003963993,Daulton Varsho,2022,592,4.3,106,0.745,26.0,1996.0,499,47.65997710965601,46.435781950495,39.86926023930822,61.52061056841809,50.11536436347072,-0.2927320331667938,0.5442110267608845,-0.31185330973333875,2.764745706777118,1.207000114731521
fg:19928,Ryan McKenna,Ryan McKenna,2021,197,0.1,59,0.559,24.0,1997.0,336,37.74353547095185,34.12790486644425,46.716072378830646,48.08577532367621,45.43604125620136,-1.6006489343136334,-1.0349510075571382,0.601877242082677,0.5973191044795756,0.588775376551765,Ryan McKenna,2022,172,0.6,81,0.634,25.0,1997.0,724,41.44160248030154,37.51447988828218,38.22465282592479,48.982113409249685,45.42807845189598,-1.1103270545348414,-0.6082826251261293,-0.5299149337907386,0.7358768004582433,0.5781931562277601
fg:19931,Luke Williams,Luke Williams,2021,108,0.2,75,0.631,25.0,1996.0,320,53.59150014749599,31.134585872283417,44.07754303860849,46.26778523104386,38.78405734776441,0.47836285465124845,-1.416444781792724,0.2510907397465483,0.29890529303904034,-0.31333827198089065,Luke Williams,2022,136,0.1,66,0.602,26.0,1996.0,805,42.90318662416678,30.583315554673355,39.17096599388652,47.14588638078013,47.88103197140394,-0.9181572367670833,-1.5036813952792503,-0.4044414714961069,0.43875475499204847,0.9072608237545107
fg:19950,Andres Gimenez,Andres Gimenez,2021,210,0.7,76,0.633,23.0,1998.0,254,42.5471964593207,36.06753798359586,29.92734947486156,47.73765634160896,51.15266644232388,-0.9704817154410008,-0.7877478327742417,-1.6301454595022562,0.5401771471639176,1.3640396698712054,Andres Gimenez,2022,557,6.1,141,0.837,24.0,1998.0,474,55.16992179040005,44.308951474669726,34.616900795714486,55.28921523804188,53.51560464712074,0.6946792676481881,0.26945756533392273,-1.0082736353884347,1.7564363321933922,1.6631478282013017
fg:19955,Gavin Lux,Gavin Lux,2021,381,1.0,90,0.692,24.0,1997.0,217,52.6534474089764,38.66194727403456,47.17302280888666,42.406117841857885,48.94658702765641,0.3553046107784901,-0.45709446971735807,0.6626277672547192,-0.3349677345383719,1.0648606013238067,Gavin Lux,2022,471,2.7,113,0.745,25.0,1997.0,538,55.56805491312187,39.50415543106676,50.132801299480015,46.00495281294467,47.154312479822885,0.7470260107090613,-0.35124745062097334,1.0490091149084744,0.25413895849173374,0.8097702328652168
fg:19960,Taylor Trammell,Taylor Trammell,2021,178,0.0,73,0.615,24.0,1997.0,349,27.023995384590183,41.47214498834822,40.714725297025794,44.84070292196796,38.71594197025121,-3.006889462146971,-0.09893921313659822,-0.19598826581203754,0.06465700267895605,-0.3225757885737491,Taylor Trammell,2022,117,0.4,101,0.686,25.0,1997.0,753,41.03465310548945,43.71742738587151,45.48531952016872,45.75109354293329,40.999329055609365,-1.1638329628512314,0.19304184120260678,0.43279066889717654,0.2130616927741044,-0.015930712123756855
fg:19966,Bobby Dalbec,Bobby Dalbec,2021,453,0.5,106,0.792,26.0,1995.0,273,38.39468111166447,57.24109546329702,35.70375102742994,34.03158169520131,39.69205548268784,-1.5152285354798174,1.9107885987529438,-0.8621859504585412,-1.70960517656744,-0.19019944277871717,Bobby Dalbec,2022,353,-0.2,80,0.652,27.0,1995.0,838,39.09723610393406,48.2376583578955,42.175244438926974,42.5064456110223,44.50066867009184,-1.4185655238822052,0.7769854700576702,-0.006098480022903177,-0.3119585881606366,0.45377963949671507
fg:19997,Santiago Espinal,Santiago Espinal,2021,246,1.9,115,0.781,27.0,1994.0,139,62.56006721768523,29.416831219082336,47.15340195782355,49.05405006901416,48.40465808842198,1.6549023693210658,-1.6353698970707016,0.6600192195261171,0.7562564707770634,0.9913665130416418,Santiago Espinal,2022,491,2.4,100,0.692,28.0,1994.0,560,61.82443226575979,34.440994247392496,45.7436807606423,52.57230511318839,35.68371795112774,1.5696176492330296,-1.0053292294883476,0.46704727702911225,1.316809923732829,-0.7290285077892582
fg:20003,Keston Hiura,Keston Hiura,2021,197,-0.8,53,0.557,25.0,1996.0,441,26.440267475231327,42.919051621581154,35.933288019345035,42.73774592639256,47.33191300500461,-3.083465680599871,0.08546675012869838,-0.8316695270391701,-0.28053267403514043,0.8458854062819429,Keston Hiura,2022,266,0.7,115,0.765,26.0,1996.0,706,34.19874938228399,54.80770576029492,40.1312619573206,40.94729272031893,41.45302335393865,-2.0626210198236485,1.6257335419264505,-0.2771140037623947,-0.5642469429761244,0.044933109116259806
fg:20043,Luis Robert Jr.,Luis Robert Jr.,2021,296,3.4,155,0.946,24.0,1997.0,58,55.78575113418594,53.08926705656057,26.825307611593736,48.36955530135493,44.79186642656824,0.7662151916789831,1.3816446311523747,-2.0425549024172813,0.6439001420181241,0.5014151372829692,Luis Robert Jr.,2022,401,2.1,111,0.746,25.0,1997.0,576,54.026609994974834,48.11399606330515,25.77635171472066,45.35810971953738,49.55505954719308,0.5443560582039766,0.7610102224425473,-2.1804588477818685,0.14947252017607449,1.131834320708049
fg:20123,Juan Soto,Juan Soto,2021,654,6.8,164,0.999,23.0,1998.0,1,66.39865038740825,57.71272698374173,80.0,44.26214903492213,33.14509573048857,2.1584660650799203,1.9708972905208126,5.026900066826333,-0.030309670273093458,-1.0780701637770074,Juan Soto,2022,664,3.7,146,0.853,24.0,1998.0,510,59.76837153790425,53.100331237757,76.21130315683321,26.434618948299324,35.640104225248656,1.2992857514426324,1.4051672742564925,4.506807262795424,-2.912559678531497,-0.7348793593985704
fg:20126,Dylan Carlson,Dylan Carlson,2021,619,2.4,111,0.78,23.0,1998.0,105,50.616085158475286,40.10877736834711,45.30263785945199,39.86278037012833,39.348071123643855,0.08803368838345846,-0.2726982612164783,0.4139643226484594,-0.7524436227701992,-0.23684913247230718,Dylan Carlson,2022,488,1.9,98,0.695,24.0,1998.0,593,51.51595335583211,36.27101055686521,47.39970133073424,45.66260464163703,48.663311591977305,0.21425366153624542,-0.7689195479408236,0.686622193235889,0.19874320004604873,1.0122048954821414
fg:20202,Brandon Marsh,Brandon Marsh,2021,260,0.6,85,0.673,24.0,1997.0,267,44.72790487571232,44.18922928482863,40.63891337737735,43.816709253401214,51.35968055126639,-0.684405957543631,0.24734888552665382,-0.2060672888963995,-0.10342634099071421,1.3921140392152154,Brandon Marsh,2022,461,1.4,90,0.679,25.0,1997.0,637,44.28733804985895,42.22780474333445,38.43487820076057,48.3468777497198,46.5224065690781,-0.7361683116992339,0.0006057340896400471,-0.5020407516110198,0.633088574609124,0.724999036635268
fg:20220,Jo Adell,Jo Adell,2021,140,0.1,89,0.703,22.0,1999.0,325,47.82328497262101,40.86144514257872,34.334104811354294,44.54711593786518,42.56265222409961,-0.27833919476714203,-0.17677194314037536,-1.0442773141022883,0.016466195000467736,0.1990986276174595,Jo Adell,2022,285,-0.2,77,0.637,23.0,1999.0,839,36.42805090558189,43.217260970711024,32.98369347949283,42.28623367364025,43.32255371523824,-1.769511335184758,0.12842810944688973,-1.2248236988865926,-0.3475913395887448,0.29573361979479235
fg:20308,Jake Meyers,Jake Meyers,2021,163,1.1,109,0.761,25.0,1996.0,203,47.95264889155351,44.49440963303535,39.06341809837961,47.76276732030127,45.51271322826611,-0.26136861728185656,0.28624363850387646,-0.41552581942771766,0.5442989863812724,0.5991733019544107,Jake Meyers,2022,160,0.4,66,0.582,26.0,1996.0,759,42.50137759343203,36.33508761057533,37.504295226583466,49.24017859583974,43.369508208342026,-0.9709872900608574,-0.7606417879101066,-0.625428517601781,0.7776346304620634,0.30203264071087643
fg:20325,Alex Kirilloff,Alex Kirilloff,2021,231,0.3,95,0.722,24.0,1997.0,296,51.81974068188378,45.67125382909559,33.089543319079894,44.48352619826354,37.46265464624663,0.24593497565239475,0.4362305710419931,-1.2097389468997508,0.00602826322078464,-0.49254126294651657,Alex Kirilloff,2022,156,-0.5,85,0.651,25.0,1997.0,878,52.37004542846363,41.42742812921777,35.441225497081454,40.3172732932263,34.40568337502514,0.32655011647754817,-0.10279049220734267,-0.8989748558329491,-0.6661911241470231,-0.9004789057001739
fg:20352,Ernie Clement,Ernie Clement,2021,133,0.4,74,0.623,25.0,1996.0,290,56.21110232330012,33.236085575363816,38.89725499112714,48.18115993307867,39.87023173245054,0.8220147946354082,-1.148611966497386,-0.43761682835524685,0.6129760021491003,-0.1660359407366529,Ernie Clement,2022,179,-0.9,32,0.452,26.0,1996.0,912,55.75294903415318,29.145516667989384,39.50591846066882,45.45400013813237,36.8634574655422,0.7713359826624744,-1.6894226781142,-0.3600294870345283,0.16498866108447827,-0.5707645508043014
fg:20454,Jazz Chisholm Jr.,Jazz Chisholm Jr.,2021,507,1.8,94,0.728,23.0,1998.0,149,46.71806521991368,46.05361859799096,38.2354969775265,43.122407479317935,54.95090097022413,-0.4233272069297514,0.48496235642977364,-0.5255960580894622,-0.21739243988959106,1.879140015138267,Jazz Chisholm Jr.,2022,241,2.5,134,0.86,24.0,1998.0,547,46.95982495233228,54.85961881011741,43.47276050324278,47.37552046717812,52.395977965344336,-0.38478839067952914,1.6324399015983113,0.16594164208939213,0.47591211538457023,1.5129481045853483
fg:20503,William Contreras,William Contreras,2021,185,-0.1,87,0.701,24.0,1997.0,355,41.634764344206594,49.43824425591896,39.9317256710224,38.14136181216276,37.187876202322464,-1.090178923421278,0.9163275464200049,-0.3000862934326445,-1.0350057088061981,-0.5298055419944794,William Contreras,2022,376,2.0,139,0.86,25.0,1997.0,581,47.12982484347989,56.67993113101856,46.6075819053535,37.99957354006458,31.878761583000355,-0.36243671955645623,1.8675959785544072,0.5815935724597112,-1.0412208349393024,-1.2394695361834245
fg:20521,Nick Madrigal,Nick Madrigal,2021,215,1.3,112,0.774,24.0,1997.0,190,66.14003689520897,31.66472737129068,43.540913291906605,45.10249503626992,44.88288433767955,2.1245399105205616,-1.3488790857443842,0.1797470298148531,0.1076288444676028,0.5137585976708245,Nick Madrigal,2022,228,0.3,73,0.588,25.0,1997.0,770,62.77502049307738,28.346737559648723,44.40879745980192,46.551699571178304,41.34468859956715,1.694601467087474,-1.7926125314789725,0.29005256197458884,0.3426086916127985,0.030399827238067865
fg:2136,David Peralta,David Peralta,2021,538,1.5,95,0.728,34.0,1987.0,170,55.62533561093251,41.569658101186896,44.27932907113185,47.03310990062418,44.97343347674365,0.7451711162545565,-0.0865113210452923,0.2779177359410243,0.4245294383875146,0.526038485195658,David Peralta,2022,490,1.7,104,0.731,35.0,1987.0,603,50.66783728139716,46.51469066558699,40.29695064769848,45.93025663038728,37.734265356831926,0.10274293384111953,0.5544048070619995,-0.25514502525863547,0.24205228173234206,-0.4539442688985607
fg:21454,Lars Nootbaar,Lars Nootbaar,2021,124,0.6,99,0.739,24.0,1997.0,260,49.38131865907357,41.59153495425975,49.1115400298152,46.73758672647019,44.01652653547551,-0.07394888548449724,-0.0837231507021244,0.9203492431093794,0.37602081497658824,0.3962668525555449,Lars Nootbaar,2022,347,2.6,123,0.788,25.0,1997.0,541,52.60791127809857,52.28869557294546,58.417327323194414,51.32824426260347,44.76260537322389,0.3578248379291888,1.3003165534965253,2.147470172894583,1.115506980861822,0.4889188703275547
fg:21479,Nico Hoerner,Nico Hoerner,2021,170,1.6,106,0.751,24.0,1997.0,159,59.43526175061979,32.90154472824006,45.53816855194893,54.00448779163284,38.32959322829528,1.2449754457795112,-1.1912486686511405,0.445277594990866,1.5688456015388406,-0.3749707549490901,Nico Hoerner,2022,517,4.3,108,0.736,25.0,1997.0,500,64.86648719478293,37.92604085599139,39.64406135695247,57.20333404978889,54.546863870829775,1.9695885601132646,-0.5551153408730405,-0.3417128577463069,2.066162138313135,1.8014929149151544
fg:21501,Trevor Larnach,Trevor Larnach,2021,301,0.2,91,0.672,24.0,1997.0,316,36.86179333893604,43.95621360892435,45.027527670341584,43.49563744007748,33.29014285374736,-1.716320083555975,0.2176514059629364,0.3773890458365119,-0.1561286433565805,-1.058399492384343,Trevor Larnach,2022,180,0.8,101,0.712,25.0,1997.0,694,40.80063112785011,47.11506137050303,47.24401298493756,47.37030423474086,38.88262301788415,-1.194602290081117,0.6319633765812835,0.6659791794351734,0.4750680707063485,-0.2998902381133667
fg:21523,Jonathan India,Jonathan India,2021,631,3.4,122,0.835,25.0,1996.0,59,54.45082289287631,44.13712181908036,52.404432433103615,38.124870914630186,42.97510088556268,0.5910929215484525,0.24070787138384617,1.3581318332478294,-1.0377126056186248,0.25503315360946427,Jonathan India,2022,431,0.2,95,0.705,26.0,1996.0,778,53.58588385144122,37.34422306186018,46.13141712352933,36.40778363259048,35.010388720970475,0.48640916336125933,-0.6302771625012173,0.518457978640454,-1.2987902236522793,-0.8193567090712288
fg:21534,Cal Raleigh,Cal Raleigh,2021,148,-0.1,46,0.532,25.0,1996.0,366,34.86597024076423,38.67661724728861,27.64731005802442,47.07945947790636,36.64966330491584,-1.978141701314176,-0.4552248048151073,-1.9332715381205314,0.4321374853573447,-0.6027956765543371,Cal Raleigh,2022,415,4.2,122,0.774,26.0,1996.0,501,41.068697123549,55.98437530506386,39.40138572743043,56.76610577574485,38.57968303607053,-1.1593568382476316,1.777740969907049,-0.37388968089698216,1.9954137193510761,-0.34053012485528966
fg:21618,Alec Bohm,Alec Bohm,2021,417,0.0,76,0.647,25.0,1996.0,343,49.95565637455692,42.47768951138765,39.391003397264186,42.82882049521516,38.91928803550622,0.0013954824332527574,0.029215846850177047,-0.3719740955712828,-0.2655832475680782,-0.2949988636492475,Alec Bohm,2022,631,1.4,98,0.713,26.0,1996.0,634,60.652614781642974,43.10831186188174,36.018356469287745,39.755723500395206,37.15041395848748,1.415546497513855,0.1143535768922376,-0.8224519628501062,-0.7570561536287841,-0.5322688748511334
fg:22168,Akil Baddoo,Akil Baddoo,2021,461,1.7,108,0.766,23.0,1998.0,154,46.780280228616654,40.65530101984467,44.92676119905429,39.23088141038235,54.86298828472824,-0.4151655445848404,-0.2030446857286881,0.3639923716071294,-0.8561666176244068,1.8672176721866527,Akil Baddoo,2022,225,-0.2,65,0.558,24.0,1998.0,846,43.366378571328525,31.622633962854085,45.3286279449088,43.81375986343148,47.717800016242045,-0.8572565267729463,-1.3694176006711674,0.41201463499435215,-0.10042053827871601,0.885362993924563
fg:22458,Taylor Walls,Taylor Walls,2021,176,0.4,79,0.61,25.0,1996.0,292,47.15490761188109,33.44434653668341,50.787750913382204,45.39058505452851,40.921469582629015,-0.3660201330337545,-1.1220694361774535,1.143197685255076,0.1549173532086148,-0.02347155309624983,Taylor Walls,2022,466,-0.5,65,0.553,26.0,1996.0,885,42.840295222310296,32.99054810715805,51.49908466933006,37.31370222844642,50.682318486714,-0.9264262298898176,-1.1927043410322777,1.2301672248182327,-1.1522024749407689,1.2830579239996578
fg:22558,Jarred Kelenic,Jarred Kelenic,2021,377,-0.5,73,0.615,22.0,1999.0,414,43.187960462054576,41.51772158411677,41.59900317878569,37.89918371070891,42.30485723160304,-0.8864232295207416,-0.09313054804929143,-0.07842552337551088,-1.0747580103149663,0.1641375717195994,Jarred Kelenic,2022,181,-0.2,57,0.534,23.0,1999.0,848,36.07286671648193,43.78588455579781,41.87674645777272,46.7318729744909,44.66303529402302,-1.8162111308686535,0.20188544421212526,-0.04567689491916194,0.37176276096306954,0.475561383747598
fg:22581,Alejandro Kirk,Alejandro Kirk,2021,189,0.7,106,0.764,23.0,1998.0,247,58.36423576069818,46.71716273370661,50.5167300053883,43.597705940588455,35.15219798246886,1.1044731349288057,0.5695300076556726,1.1071660691097198,-0.139374619014568,-0.8058755282464614,Alejandro Kirk,2022,541,4.3,129,0.786,24.0,1998.0,497,65.55398731052317,44.53826972138436,59.34409502525932,56.87578891307872,23.28883577730598,2.059981420840204,0.29908192081000246,2.270352064701489,2.0131616762281475,-2.391821925508229
fg:23667,Wander Franco,Wander Franco,2021,308,2.4,126,0.81,20.0,2001.0,103,62.24360252585692,40.37378005081886,43.40791606652626,42.87160929670436,49.49162608730609,1.6133870177582263,-0.23892408822792816,0.1620653497969791,-0.25855968380328637,1.1387764708540609,Wander Franco,2022,344,2.3,115,0.746,21.0,2001.0,565,65.66696856789183,40.607421379052255,44.62317934470825,46.0618150133288,51.98210081072102,2.0748362533387903,-0.20872262716700707,0.3184778637279028,0.2633398977143315,1.4574258173380052
fg:2396,Carlos Santana,Carlos Santana,2021,659,-0.8,81,0.66,35.0,1986.0,439,52.63565340280165,40.26181235089732,55.16116366453913,39.303840495930615,33.63992578827204,0.35297030796009954,-0.2531941945944296,1.7246330094199362,-0.8441907554423701,-1.0109634246484756,Carlos Santana,2022,506,0.9,102,0.692,36.0,1986.0,684,53.2784899260846,46.65616472523328,57.564845465121145,43.131248805677664,36.75307008211959,0.44599285557176893,0.5726810580522719,2.0344379823923577,-0.21085845166795975,-0.5855731961774695
fg:2434,Nelson Cruz,Nelson Cruz,2021,584,1.9,123,0.832,41.0,1980.0,136,50.19615125920785,56.55770801052104,39.09832162528145,37.943471041771886,34.458371674977464,0.03294475141383326,1.823691948134241,-0.41088547454526825,-1.0674884705553216,-0.899969288892085,Nelson Cruz,2022,507,-0.5,87,0.651,42.0,1980.0,877,45.78839522330824,44.79206702151953,41.98536455342985,39.03391730772281,37.97102931561524,-0.538808560164236,0.33186858975497197,-0.03127501508555002,-0.873852458808835,-0.4221820022874702
fg:24617,Jarren Duran,Jarren Duran,2021,112,-0.3,48,0.578,25.0,1996.0,396,41.32209652104253,38.91306530814882,33.20240922708277,43.879112067738525,46.17787812168629,-1.13119618359666,-0.42508987321436215,-1.1947336799513129,-0.09318323694604386,0.6893801240301596,Jarren Duran,2022,223,-0.1,77,0.645,26.0,1996.0,828,46.13313863307856,41.4009856338194,38.35897287396132,39.38595454475409,48.74505161546773,-0.4934815233937101,-0.10620645188163205,-0.5121051832205066,-0.8168889012937375,1.023170451355769
fg:24618,Ryan Jeffers,Ryan Jeffers,2021,293,1.2,83,0.67,24.0,1997.0,201,37.757164166943056,48.12633168426345,39.10538403804277,51.66528732092522,33.77848154840814,-1.5988610568030357,0.7491263629162451,-0.4099465427574605,1.1848777619910373,-0.9921730841993565,Ryan Jeffers,2022,236,0.8,86,0.648,25.0,1997.0,699,48.435259566632894,45.50755458031072,45.4229443399338,46.399957268057776,38.71387533602751,-0.1907975060982489,0.42429846868527366,0.42452022514737126,0.3180550918738269,-0.3225280115678952
fg:24655,Owen Miller,Owen Miller,2021,202,-0.7,51,0.551,25.0,1996.0,431,46.25821507778026,35.53779148214588,34.88530277582275,43.35552783913461,39.81940056576058,-0.48365254751229014,-0.8552631870082827,-0.9709967925999562,-0.1791269205233362,-0.17292944647464653,Owen Miller,2022,472,0.7,86,0.652,26.0,1996.0,710,56.34253547705906,34.64345926203192,39.25489799407548,46.41593527165812,44.1056369200874,0.8488551044777487,-0.9791738944852338,-0.3933127679996674,0.3206405113446195,0.4007854936479804
fg:26197,Andrew Vaughn,Andrew Vaughn,2021,469,-0.3,93,0.705,23.0,1998.0,383,51.26143185984473,47.178037931917565,43.1631260035352,35.09405412467739,32.011686373798966,0.1726933546245393,0.628267823157479,0.1295210651099472,-1.5352057403354404,-1.2317783001943972,Andrew Vaughn,2022,555,-0.6,113,0.75,24.0,1998.0,887,57.68016095084744,47.85005413232605,39.11299761208488,20.0,31.218560791229315,1.0247267740072483,0.726913024769054,-0.4121276094623944,-3.953752904680508,-1.328036536299671
fg:27459,Yoshi Tsutsugo,Yoshi Tsutsugo,2021,262,-0.2,88,0.689,30.0,1991.0,372,43.96835292301627,41.60536988796466,45.87541171649738,39.64808709789544,36.485359327352654,-0.7840476147668809,-0.08195991027045559,0.4901133102225788,-0.7876844295915881,-0.6250778802860628,Yoshi Tsutsugo,2022,193,-1.3,36,0.478,31.0,1991.0,929,46.49434582314538,35.19460167516705,46.24227137334711,42.82036268213788,35.36689047324357,-0.44598982051577774,-0.9079748556011744,0.5331563544061318,-0.2611632993262499,-0.7715314245084626
fg:27506,Ha-seong Kim,Ha-seong Kim,2021,298,0.4,71,0.622,26.0,1995.0,291,48.36690281254344,37.57083038482917,43.6633419001643,48.0355533662916,45.73893496718995,-0.20702480702351667,-0.5961555925068625,0.19602363611288276,0.5890754260448683,0.6298525280450132,Ha-seong Kim,2022,582,3.6,105,0.708,27.0,1995.0,516,58.138733168351386,37.28905805880393,49.01613293261938,51.69364264852164,46.72715759145802,1.085020079624291,-0.6374036240183024,0.9009479328722091,1.1746325215225217,0.7524667162396462
fg:2967,Tommy Pham,Tommy Pham,2021,561,1.1,103,0.724,33.0,1988.0,208,51.989143186550805,45.573143598896685,58.27729721942237,35.79503978986919,44.54406854994858,0.26815800627311454,0.42372657728699553,2.138915910832624,-1.4201425147640745,0.467809847544898,Tommy Pham,2022,622,0.6,90,0.686,34.0,1988.0,720,49.496454571160776,47.25711959956711,48.64863046818011,42.0155507373142,45.655216333334685,-0.05127105358975681,0.6503150931864333,0.8522200823295335,-0.3913908624511347,0.6086640690508437
fg:3142,Robinson Chirinos,Robinson Chirinos,2021,112,0.7,110,0.778,37.0,1984.0,245,40.937703896101794,44.4139954070542,39.95745255133083,45.93928026182472,38.59427945150483,-1.181622646246829,0.27599497251417526,-0.2966659629395011,0.24498287600325966,-0.3390751397728345,Robinson Chirinos,2022,220,-1.3,62,0.552,38.0,1984.0,928,36.24603624062017,35.11365504245204,40.02700213061621,31.108717366545083,36.64369688476063,-1.7934427148070444,-0.918431903204217,-0.2909380124285909,-2.156238340697258,-0.6002457868558596
fg:3298,Charlie Culberson,Charlie Culberson,2021,271,1.0,84,0.676,32.0,1989.0,219,45.48778576684287,34.96649878303511,34.9675977938957,48.52615579983038,48.92986057273549,-0.584721148603607,-0.9280735384616877,-0.9600558562573391,0.6696053159973074,1.0625922309423643,Charlie Culberson,2022,124,-0.4,81,0.64,33.0,1989.0,868,44.71508240130658,33.010492463876545,31.386566440591864,39.96012208732119,39.85937500973983,-0.6799282694040996,-1.1901278399398647,-1.4365898098104364,-0.7239821789534054,-0.16885738438993836
fg:3473,Anthony Rizzo,Anthony Rizzo,2021,576,2.2,114,0.783,32.0,1989.0,114,57.20256593261391,46.49564453997044,44.8435089495858,44.86656316544715,39.00588927780379,0.9520797319420786,0.5412978640200922,0.3529241735175797,0.06890182989373504,-0.2832543730233107,Anthony Rizzo,2022,548,2.5,131,0.817,33.0,1989.0,548,51.98957789783447,52.37259597572117,48.03881587938227,39.277611029567375,32.40889665298264,0.27652605434302163,1.311155182310511,0.7713636064769892,-0.8344200923426492,-1.1683510622434068
fg:3516,Eric Hosmer,Eric Hosmer,2021,565,0.9,104,0.732,32.0,1989.0,232,56.55449992617152,42.976618350878056,41.55508882050335,40.61711110802027,28.04122299631297,0.8670633342582018,0.09280353878126564,-0.084263837890104,-0.6286240752966763,-1.7702355864915342,Eric Hosmer,2022,419,0.6,104,0.716,33.0,1989.0,716,59.01748513006287,41.861516183835725,43.2948642038562,41.20754319177045,30.18753581570985,1.200558829174879,-0.04671305823879885,0.14235403349517298,-0.5221355094701781,-1.4663501982414069
fg:4106,Michael Brantley,Michael Brantley,2021,508,2.2,121,0.799,34.0,1987.0,113,70.61545230416453,40.46553179978231,45.22798199050111,39.70380602112423,37.58169483721032,2.7116463046624415,-0.2272304728554721,0.4040389938871199,-0.7785384522194069,-0.47639754064194534,Michael Brantley,2022,277,1.1,128,0.785,35.0,1987.0,665,67.08600628098864,42.07315802872476,57.178867195177766,42.26941000732558,34.824425456603194,2.261412045007021,-0.019372219311104135,1.9832603896673175,-0.3503135967335054,-0.8443039806621218
fg:4314,Joey Votto,Joey Votto,2021,533,3.5,140,0.938,38.0,1983.0,54,52.07150877462233,60.557482568134816,53.63511407044242,41.38049958754938,36.12663805982859,0.27896311797677503,2.3334568930172135,1.521748170754628,-0.50331774568064,-0.6737261265696936,Joey Votto,2022,376,-0.8,92,0.689,39.0,1983.0,905,44.27564833605554,45.94183931649579,48.226379434278186,34.439998221179415,29.49413185285725,-0.7377052811448783,0.48040131085723514,0.7962330148608655,-1.6171998851004612,-1.5593714572644806
fg:4418,Jed Lowrie,Jed Lowrie,2021,512,0.9,101,0.717,37.0,1984.0,233,52.71967782333666,43.386910797723786,46.32332814127832,39.12450286929152,32.27781523595952,0.363993033238619,0.1450946625782508,0.5496627848456574,-0.8736281131688817,-1.1956870404847935,Jed Lowrie,2022,184,-1.0,49,0.508,38.0,1984.0,917,46.22801574560404,32.80354064999238,44.37873308726742,42.79613749852448,39.45320747745834,-0.4810070329575072,-1.216862799711964,0.28606626965473864,-0.2650832046513597,-0.22334541337622546
fg:4892,Mike Moustakas,Mike Moustakas,2021,206,-0.4,70,0.653,33.0,1988.0,400,44.62236416521575,38.160864850243726,39.18252918291048,41.024947449586726,37.67737367949829,-0.6982512926271229,-0.5209566325633436,-0.3996902703985265,-0.5616798176662124,-0.4634219846737019,Mike Moustakas,2022,285,-0.5,76,0.64,34.0,1988.0,880,42.0792049057801,39.50375507815128,36.61389087912111,41.883827701228405,39.56356888878966,-1.026494767200043,-0.35129916999897365,-0.7434889230793182,-0.4127051211511872,-0.20854025220095707
fg:4940,Jason Heyward,Jason Heyward,2021,353,0.1,70,0.627,32.0,1989.0,331,50.38833649964702,40.82614063556488,42.00791323406153,49.16667484073607,44.91048878816913,0.05815653025691964,-0.18127144675309004,-0.02406185727043449,0.7747432532564399,0.5175021953538124,Jason Heyward,2022,151,-0.3,63,0.556,33.0,1989.0,861,47.37761146503645,37.02635197417728,41.36091126637756,43.82637761316748,42.87641724756006,-0.32985761002678704,-0.6713411695394558,-0.11407246377420913,-0.09837884542014498,0.23588369371591153
fg:4949,Giancarlo Stanton,Giancarlo Stanton,2021,579,3.0,138,0.87,32.0,1989.0,75,48.883925829666175,62.86550436252742,45.479976601373735,37.82416237894145,27.335575094611297,-0.13919925530738542,2.6276106223986915,0.4375411069044117,-1.0870723797071873,-1.8659325412565813,Giancarlo Stanton,2022,452,1.1,113,0.759,33.0,1989.0,666,40.871546183923215,65.0203743629854,47.756424879342255,40.82936240297201,32.00406062197532,-1.1852783428696212,2.9450516920516328,0.7339208468330727,-0.5833293857075106,-1.2226604681880773
fg:5000,Stephen Vogt,Stephen Vogt,2021,238,0.0,66,0.616,37.0,1984.0,348,46.02571526467843,36.68265956754679,45.29704114775399,44.518881843857336,38.21584357341159,-0.5141529847757729,-0.7093515592287287,0.4132202524987747,0.011831712315663255,-0.39039699734518285,Stephen Vogt,2022,191,-0.9,62,0.562,38.0,1984.0,910,44.733544207846265,37.820157392147465,43.247266966703386,38.7981589365924,41.99839071321846,-0.6775009018021139,-0.5687938397142356,0.13604302531794782,-0.9120007968846715,0.11809501921206565
fg:5038,Josh Donaldson,Josh Donaldson,2021,543,3.4,126,0.827,36.0,1985.0,60,51.71317663516764,56.338116432399296,52.29419083656605,45.09031417931721,34.48327288506757,0.23195539443017277,1.7957053486132977,1.3434754625674463,0.10562941885763863,-0.8965922931271414,Josh Donaldson,2022,546,1.6,96,0.682,37.0,1985.0,610,41.57235064567426,45.85632368799303,44.172055857315485,50.05138174210355,29.33539672810177,-1.0931362200429604,0.46935401996861037,0.25866254275174155,0.9088963613752641,-1.5806660300488566
fg:5235,Justin Turner,Justin Turner,2021,612,4.0,126,0.832,37.0,1984.0,39,61.315927927724914,45.91165148514408,48.81025551630182,46.054278884075295,34.5550710916023,1.4916902279682915,0.4668688723063179,0.8802941491249016,0.2638593139526628,-0.8868553269909191,Justin Turner,2022,532,2.3,123,0.788,38.0,1984.0,562,59.5670361861582,43.660685328022375,46.08194047443992,41.18012240743698,32.13005348314531,1.2728140782121558,0.18571164870266654,0.5118977756609723,-0.5265724986894453,-1.2057583228271873
fg:5254,Robbie Grossman,Robbie Grossman,2021,671,2.6,114,0.772,32.0,1989.0,95,52.88889200954367,41.00600364772289,59.43856563864759,35.92965242496787,49.07954643014709,0.38619135934324156,-0.15834819016487053,2.2933039181379056,-1.3980465365347952,1.0828919876498404,Robbie Grossman,2022,477,0.0,82,0.622,33.0,1989.0,817,46.379764513029336,32.655140057758246,52.694816354568886,42.0281684870502,38.34650212146081,-0.461055028753711,-1.236033851122781,1.388711562572157,-0.38934916959256366,-0.3718117203164895
fg:5297,Aaron Hicks,Aaron Hicks,2021,126,0.0,77,0.627,32.0,1989.0,347,47.91249240380816,41.01885375308607,48.32438108288329,44.10910931223967,37.18300561323093,-0.2666365373668608,-0.15671046454862758,0.8156982431877388,-0.05543036104723865,-0.5304660704858806,Aaron Hicks,2022,453,0.9,89,0.642,33.0,1989.0,685,47.67967022845539,36.58326285131396,55.97659911296315,44.6017481419405,46.44539762418366,-0.29014277201009586,-0.7285814017117425,1.823849378609828,0.027084767701408215,0.7146681625793292
fg:5343,Brandon Crawford,Brandon Crawford,2021,549,6.2,140,0.895,34.0,1987.0,8,52.84969374040321,48.06717904531523,42.708830412395855,60.43148051592514,40.11969497290878,0.3810491429568912,0.7415874525854811,0.06912349476150602,2.623803713097983,-0.1322048014671891,Brandon Crawford,2022,458,2.0,87,0.652,35.0,1987.0,588,44.77120462909794,38.321985447617095,42.77544791061633,53.618358578287456,41.84858302094146,-0.672549290689358,-0.5039654498408296,0.07348363953729636,1.4860730597167722,0.09799807588105366
fg:5361,Freddie Freeman,Freddie Freeman,2021,695,4.7,136,0.896,32.0,1989.0,23,63.60768932089271,51.722271678501,48.66656245421505,41.10221657571485,46.27826777902248,1.79233444639858,1.207423231042378,0.8611904818315357,-0.5489964842817133,0.7029945406164094,Freddie Freeman,2022,708,6.8,157,0.918,33.0,1989.0,468,67.97453307335087,51.79719602061632,50.824739216411416,43.31983404214758,48.08588400413679,2.3782359942039983,1.236822445796271,1.1407544789905577,-0.18034325374530957,0.9347420540605104
fg:5417,Jose Altuve,Jose Altuve,2021,678,5.3,128,0.839,31.0,1990.0,15,62.27981975929167,43.33806118788758,45.93753117796835,48.54264669736295,44.45672463613744,1.6181381676258164,0.13886885702170884,0.498371951991016,0.6723122128097341,0.455964638980074,Jose Altuve,2022,604,6.9,164,0.921,32.0,1990.0,466,64.35639269307742,46.29307275081236,51.79025173851247,46.0375898297154,46.085321580110936,1.90252107867641,0.5257752148633412,1.268773620156879,0.25941999238922275,0.6663633810117439
fg:5452,Ji-Man Choi,Ji-Man Choi,2021,305,1.1,117,0.758,30.0,1991.0,204,44.844442220329526,47.629715944190814,53.11693366257037,41.26237784998328,36.717129657676,-0.6691180314118654,0.6858334718496111,1.4528572586523427,-0.5227068270974917,-0.5936461779266475,Ji-Man Choi,2022,419,1.0,114,0.729,31.0,1991.0,675,44.81415610920861,48.88105098023191,54.694796931684,43.76328886448749,27.778567437163943,-0.666902008498751,0.8601018030483877,1.6538927901283174,-0.10858730971299668,-1.7895171882269365
fg:5497,Marwin Gonzalez,Marwin Gonzalez,2021,307,-0.6,57,0.579,32.0,1989.0,422,46.62398196191102,35.87924141122847,37.96990542019682,46.2151894231306,36.59590587460906,-0.4356694986071968,-0.8117459332801314,-0.5609058543556812,0.29027195913430864,-0.6100860296666292,Marwin Gonzalez,2022,207,0.3,64,0.576,33.0,1989.0,771,46.31902397371925,38.9086443457488,38.00977374104779,50.72245001912424,41.9469849084987,-0.46904122538791,-0.4281782327726393,-0.5584061602335585,1.017482705016032,0.11119884766949951
fg:5517,Kyle Higashioka,Kyle Higashioka,2021,211,0.7,72,0.635,31.0,1990.0,253,42.858454751942,46.91314872163,41.32774821811401,50.75510534934472,33.49957135091902,-0.929649364222392,0.5945081120194362,-0.1144882562944984,1.0354760285357563,-1.0299976940200068,Kyle Higashioka,2022,248,1.6,82,0.653,32.0,1990.0,611,49.947804727698106,46.22502826637572,37.68912634644879,56.04978273221743,36.56899203747031,0.008072691821882739,0.5169849244088451,-0.6009214079741635,1.879504648954248,-0.6102675625051995
fg:5760,Avisail Garcia,Avisail Garcia,2021,515,2.3,115,0.82,30.0,1991.0,107,46.64718586098429,54.00239930089225,31.035400768600763,44.11654246813507,37.82455110265587,-0.43262550016904583,1.498021892294889,-1.4828325485504794,-0.05421024637732428,-0.44346241110679646,Avisail Garcia,2022,380,-1.0,61,0.582,31.0,1991.0,914,38.71248725872293,43.5532560090847,28.002016916310424,41.85960251761501,41.36938598226832,-1.4691524954095831,0.17183344939511982,-1.8853536667415878,-0.41662502647629585,0.03371302092676024
fg:5827,Wilmer Flores,Wilmer Flores,2021,436,1.9,114,0.782,30.0,1991.0,138,59.11979223883274,41.64249570325874,48.13538006917424,44.25471587902673,32.159190756732976,1.2035906466932924,-0.07722828379638488,0.7905709863002337,-0.03152978494300666,-1.2117743857389842,Wilmer Flores,2022,602,1.3,103,0.71,31.0,1991.0,646,54.75149378831609,40.53857131919847,48.1090868344019,40.71446303320088,30.66267034885926,0.6396641436494043,-0.21761698545239944,0.7806809660188148,-0.6019213872628024,-1.4026101349497675
fg:5913,Leury Garcia,Leury Garcia,2021,474,1.5,96,0.711,30.0,1991.0,172,52.88620368275591,34.28821785234804,38.10962720333632,42.60863025713808,50.660112963855696,0.38583869178003044,-1.0145193709120903,-0.5423301596076562,-0.30172635332694353,1.2972416707066539,Leury Garcia,2022,315,-1.1,38,0.5,31.0,1991.0,921,48.322472043487146,33.82641955650379,28.560915787564344,45.24539563462772,46.0381801309749,-0.2056268663238437,-1.0847227333648408,-1.8112482026912058,0.13123412212290894,0.6600392796426574
fg:5933,Jean Segura,Jean Segura,2021,567,3.5,110,0.784,31.0,1990.0,57,62.11270184510199,41.05281891693849,40.590625037995984,51.8305079005604,44.85522894450557,1.5962148405084988,-0.15238165810472132,-0.2124871142957194,1.2119978783751466,0.5100080913585435,Jean Segura,2022,387,2.1,105,0.723,32.0,1990.0,578,59.38656662747572,40.53482668487137,39.78738823225972,48.183528012721865,43.44023477997435,1.2490858499399717,-0.21810073404206987,-0.3227088748223376,0.6066567624036124,0.31152072426978544
fg:6012,Didi Gregorius,Didi Gregorius,2021,408,-1.0,69,0.639,31.0,1990.0,451,49.00369752324358,33.969963045775835,34.95199687509111,32.031130860614326,43.97896595482384,-0.12348703181282787,-1.055080442941062,-0.9621299630930169,-2.037968989201938,0.39117304702037087,Didi Gregorius,2022,232,-0.4,59,0.567,32.0,1990.0,875,51.068691327723,30.06938767551827,31.86547844131313,41.87844681564687,44.185823322576,0.15544742530487451,-1.5700728944263016,-1.3730899570139499,-0.413575808547472,0.41154262876058445
fg:6153,Eduardo Escobar,Eduardo Escobar,2021,599,2.5,108,0.786,32.0,1989.0,98,52.69279801650744,43.723386463954384,39.67879018112568,44.36540446069744,36.24929812896956,0.36046681164337774,0.18797795436878392,-0.33371349418610496,-0.013360818196067024,-0.657091491846407,Eduardo Escobar,2022,542,1.9,104,0.726,33.0,1989.0,590,49.33693928816003,45.51082052830792,36.96597790660942,40.71648366491807,39.50483191272529,-0.07224420316454559,0.4247203784365541,-0.696805034633448,-0.6015944264787392,-0.21641991219343631
fg:6184,J.D. Martinez,J.D. Martinez,2021,634,2.7,126,0.867,34.0,1987.0,89,52.63880717359132,53.103818070160216,36.26917454274411,38.963154669758765,34.23486908703535,0.35338403469316787,1.3834991348347119,-0.7870141741769262,-0.900112598088115,-0.9302797553394292,J.D. Martinez,2022,596,1.4,119,0.79,35.0,1987.0,627,50.120430223375095,47.562543154825455,40.098012699698735,38.28176164670459,29.39949077325562,0.030769578748000494,0.6897710723828933,-0.2815225860518369,-0.9955596469973117,-1.5720677106052159
fg:6310,Alcides Escobar,Alcides Escobar,2021,349,1.4,102,0.744,35.0,1986.0,180,57.44421537386537,28.88508602857016,34.18745931624504,44.48159000821233,44.72785700150354,0.9837804611784412,-1.7031399810663703,-1.0637735006818902,0.005710447488346574,0.492734452425575,Alcides Escobar,2022,131,-0.3,53,0.542,36.0,1986.0,863,48.66107969503338,28.136296884971763,33.12156825281025,43.06362483413046,43.594527784717954,-0.16110656212820113,-1.819798197873039,-1.2065426205322818,-0.2218007656831283,0.3322193794961825
fg:6887,Martin Maldonado,Martin Maldonado,2021,426,0.3,61,0.573,35.0,1986.0,305,38.62588297576654,35.831730511765066,47.38331465769494,53.95114271893269,26.80053315083852,-1.4848983693727287,-0.8178011223157734,0.690585592467701,1.5600892796366812,-1.9384926446270478,Martin Maldonado,2022,379,0.8,71,0.6,36.0,1986.0,704,37.36552726531091,43.28379688851206,36.736293373748765,51.30065882512573,29.776352727627696,-1.6462514722703467,0.137023516524626,-0.7272593435760418,1.1110433489244917,-1.5215110721208198
fg:7007,Yadier Molina,Yadier Molina,2021,473,1.5,81,0.667,39.0,1982.0,175,52.943728330755874,35.59604287816891,29.312158980155665,52.45616062967529,34.80046053360549,0.39338505017928804,-0.84783913866373,-1.7119336430250303,1.3146955862944514,-0.8535766588696512,Yadier Molina,2022,270,0.2,49,0.535,40.0,1982.0,795,52.04228239854292,31.847119809353217,26.418188028835143,54.20514387059055,33.36359061892988,0.28345566858329324,-1.3404175162412764,-2.095356550482307,1.5810214749156741,-1.0402773282416566
fg:7304,Salvador Perez,Salvador Perez,2021,665,2.7,125,0.859,31.0,1990.0,90,46.85110764207863,60.40139409706545,23.100972109870124,27.31618734834097,32.16194917506817,-0.4058740658003578,2.3135636641100787,-2.537696875735606,-2.8119029451274353,-1.2114003008249499,Salvador Perez,2022,473,0.8,107,0.757,32.0,1990.0,692,46.31731098847454,52.22241773987757,27.295370636263968,34.33452100042422,31.491648894280807,-0.4692664495487605,1.2917544869574824,-1.9790492406561175,-1.6342672776913405,-1.291401327199384
fg:7739,Travis d'Arnaud,Travis d'Arnaud,2021,229,0.9,79,0.671,32.0,1989.0,234,49.84765776396674,43.253093042074944,38.80017766626376,51.04750540818318,37.16377390049449,-0.012772291737845875,0.1280398011479127,-0.4505230389195408,1.083472008479233,-0.5330741932328702,Travis d'Arnaud,2022,426,3.9,121,0.791,33.0,1989.0,505,51.35260204673829,47.98740249939742,33.01225247533219,56.30364200222881,34.26910845002193,0.19277614932290935,0.7446563003630132,-1.2210370073251289,1.9205819146718774,-0.9188006519770712
fg:7802,Miguel Rojas,Miguel Rojas,2021,539,1.9,93,0.713,32.0,1989.0,143,58.003516995816746,34.849118910496195,43.73831629101482,44.55617367950235,50.476044491851766,1.0571523224462223,-0.9430334176731967,0.20599131163966758,0.0179529771429811,1.2722790906485921,Miguel Rojas,2022,507,1.1,68,0.605,33.0,1989.0,672,59.88716365145305,32.160993481403565,40.126923543515936,56.07400791583083,36.28064916221048,1.3149045982320817,-1.2998699132109213,-0.2776892422979748,1.883424554279358,-0.6489492238799905
fg:7859,Charlie Blackmon,Charlie Blackmon,2021,582,-0.1,93,0.761,35.0,1986.0,351,60.16362897235697,39.556574820742775,46.017633103235134,34.42486332928641,40.01267253944344,1.3405261408746625,-0.3430756030363879,0.5090213216100623,-1.6450500000169648,-0.14671872682497702,Charlie Blackmon,2022,577,0.2,91,0.733,36.0,1986.0,775,56.994024743644566,39.27103970240795,36.42053146998719,37.8385737410724,43.37292517667313,0.934513240660246,-0.38136238177796894,-0.7691268147970612,-1.0672724009246224,0.30249103251886883
fg:8090,Matt Carpenter,Matt Carpenter,2021,249,-0.3,68,0.581,36.0,1985.0,395,43.30876913099484,38.12731104082167,53.858135127715705,43.2931250247973,40.98009442558883,-0.8705749706394168,-0.5252330125353324,1.551398315414992,-0.18937002456800656,-0.015521102267579632,Matt Carpenter,2022,154,2.4,216,1.138,37.0,1985.0,553,53.93603296260967,56.9945890504281,52.416636654152,44.11505918481106,36.05896293482201,0.5324469444682968,1.9082448941618577,1.3518271871527912,-0.0516669423029003,-0.6786887885270045
fg:8202,Josh Harrison,Josh Harrison,2021,558,2.3,104,0.741,34.0,1987.0,109,60.68886044566217,35.11048461254138,33.1224871637522,47.75296031387721,36.18881281769592,1.4094285171244705,-0.9097227720909995,-1.205359137333135,0.5426892162413326,-0.6652942514421564,Josh Harrison,2022,425,1.5,97,0.687,35.0,1987.0,618,54.87241103956941,35.24555686380209,33.58786683345589,46.90144925978469,39.53774944375738,0.6555624046122508,-0.9013922367162773,-1.1447152050872422,0.3992020982388339,-0.21200397235954893
fg:8259,Kurt Suzuki,Kurt Suzuki,2021,247,-0.4,75,0.636,38.0,1983.0,402,50.665368339292606,32.10487528834378,37.00651155423181,36.86656996098244,34.33029199162947,0.09449889170818201,-1.29278292946232,-0.6889868877792068,-1.2442562963895627,-0.9173389085481725,Kurt Suzuki,2022,159,-0.8,60,0.561,39.0,1983.0,908,48.85786015372425,32.44997216661252,45.10922929918992,38.494674330351344,32.45608833113379,-0.13523376852572225,-1.2625383557867391,0.38292415138584873,-0.9611079963626147,-1.1620202225709995
fg:8418,Ehire Adrianza,Ehire Adrianza,2021,209,0.6,95,0.728,32.0,1989.0,261,53.92134136626642,34.70286551516508,47.22731977414332,44.673108491804136,41.23807751013515,0.5216330029829896,-0.9616731817238966,0.6698464258610497,0.03714723082482235,0.01946546187076826,Ehire Adrianza,2022,110,-0.6,39,0.47,33.0,1989.0,894,50.31315108294535,28.080842950160505,44.93547621727934,42.87823519838061,41.50264084959076,0.05610861421791246,-1.8269619848848957,0.35988589987483804,-0.25179887971161996,0.05158937611557707
fg:8623,Donovan Solano,Donovan Solano,2021,344,1.4,105,0.748,34.0,1987.0,179,58.59731738724648,38.32942352849475,39.50644774082075,44.37090142654163,39.50336958211206,1.1350498972623453,-0.499474095462692,-0.35662603145338034,-0.012458519258591892,-0.21578821877969329,Donovan Solano,2022,304,0.5,99,0.724,35.0,1987.0,736,57.39562087137748,38.73727285550233,38.526970789732765,44.64077636015136,31.953567440643592,0.9873153013603431,-0.45031676739977855,-0.4898300201309683,0.033399969387213124,-1.2294342098324644
fg:8709,Elvis Andrus,Elvis Andrus,2021,541,1.6,73,0.614,33.0,1988.0,162,57.853206655339896,32.439616437126496,37.82260273538009,52.45497370441096,58.13465188788507,1.0374338932199627,-1.2501206991787495,-0.5804894128190603,1.3145007585594388,2.3109067175061884,Elvis Andrus,2022,577,3.4,104,0.707,34.0,1988.0,520,56.27220866773407,40.73709413170564,43.08564331460048,49.47923483125365,56.21733714074857,0.8396085002443239,-0.19197092173056185,0.11461303796848024,0.8163165998189954,2.025589596008494
fg:9077,Lorenzo Cain,Lorenzo Cain,2021,286,1.5,98,0.729,35.0,1986.0,169,55.658384486957736,39.65996144750054,46.97565278870427,47.61166378767001,53.019430268467936,0.7495066258465344,-0.3298991408804178,0.6363878699034309,0.5194961113395641,1.6172022074437449,Lorenzo Cain,2022,156,-0.7,32,0.465,36.0,1986.0,904,45.62861362105039,33.96040672408813,36.16822911007811,45.44239270425498,40.14183816145917,-0.5598167255287905,-1.0674136725351062,-0.8025800644343726,0.16311044861794058,-0.1309644974031589
fg:9218,Paul Goldschmidt,Paul Goldschmidt,2021,679,4.8,136,0.879,34.0,1987.0,22,59.0294959161009,53.44183084927253,47.340890988204144,44.50507640116287,49.47526374188941,1.1917451432932553,1.4265783292322893,0.6849454616531288,0.009565619233101248,1.1365574794485536,Paul Goldschmidt,2022,651,6.8,175,0.981,35.0,1987.0,467,58.63451820724714,57.29439527872934,53.18176831613566,35.96129786267478,44.039143029523885,1.150206145699569,1.9469752019693785,1.453277449064626,-1.3710366088606865,0.3918652310753314
fg:9241,Starling Marte,Starling Marte,2021,526,5.2,132,0.841,33.0,1988.0,16,58.72251748035277,43.372267821395184,40.49611999167147,46.493472434965135,80.0,1.151474244164931,0.14322843839147417,-0.22505134625172973,0.335950697735382,5.276191846479315,Starling Marte,2022,505,3.5,133,0.814,34.0,1988.0,518,58.04538312899925,45.10224673086494,36.90555435758991,44.17831258663533,46.06717935929092,1.0727463695363637,0.3719389901821578,-0.7048167078894986,-0.04143183529198439,0.6639295728529183
fg:9256,A.J. Pollock,A.J. Pollock,2021,422,3.2,137,0.892,34.0,1987.0,65,56.37361113520214,50.789450449567454,35.99027479990937,43.4846435083891,44.02095733007477,0.8433334776745639,1.0885366399349365,-0.8240932635772382,-0.15793324123153193,0.39686773799616754,A.J. Pollock,2022,527,0.6,92,0.681,35.0,1987.0,721,53.55233100477044,43.7461416779521,35.63424472432719,42.90885158343414,36.41678040008105,0.481997618218698,0.19675128172043016,-0.8733820694785949,-0.2468448065981942,-0.6306869989469295
fg:9368,Evan Longoria,Evan Longoria,2021,291,2.0,123,0.833,36.0,1985.0,130,51.87970629701759,53.49571329942655,51.158373759034255,46.46167756516432,37.05985841100591,0.2538015517926258,1.4334455623318745,1.192471153520242,0.3307317318455416,-0.5471667681175899,Evan Longoria,2022,298,1.4,115,0.767,37.0,1985.0,630,47.00349291586988,50.52746960081491,45.29502307364506,45.60254684053283,33.025831105878986,-0.37904690488787546,1.0727935150135617,0.4075589012159573,0.18902517692929133,-1.0855883112100262
fg:9627,Yan Gomes,Yan Gomes,2021,375,2.2,94,0.723,34.0,1987.0,118,55.675293642749786,42.09436328302955,34.17448051326871,54.404453316826455,40.52966841292411,0.751724849760495,-0.01963847502633946,-1.0654990031544882,1.6344979047618038,-0.07660595443681263,Yan Gomes,2022,293,0.9,75,0.625,35.0,1987.0,686,55.08883582965745,35.567808722386886,30.4014494140458,49.59514451688337,39.701655845061,0.684018044779266,-0.8597623021240116,-1.5672083494978462,0.8350720817663183,-0.19001566449283283
fg:9774,Christian Vazquez,Christian Vazquez,2021,498,1.0,76,0.659,31.0,1990.0,220,57.019028481740186,32.6439412359909,40.05459607577817,50.31828564898353,33.44581392061224,0.9280024114866775,-1.2240798265417983,-0.2837509512903915,0.9637743002230627,-1.037288047132299,Christian Vazquez,2022,426,1.9,99,0.714,32.0,1990.0,592,60.402210954637376,39.660997306106566,37.91742305081993,51.96331526898909,20.000000000000004,1.3826232764964463,-0.33098591659007726,-0.5706511138498621,1.2182685639928805,-2.8330245449258578
fg:9777,Nolan Arenado,Nolan Arenado,2021,653,4.3,112,0.807,30.0,1991.0,31,58.22400867007927,45.596309621858815,42.59916622314368,54.29257780989143,42.64759299735843,1.0860774746355668,0.4266790502947475,0.05454388907250594,1.6161341102798525,0.2106179325238519,Nolan Arenado,2022,620,7.2,149,0.891,31.0,1991.0,464,62.72821221885672,49.72428870329389,45.10208169275504,57.69960980907853,37.3913212759262,1.6884470916690193,0.969035018859661,0.3819764366579272,2.1464650999999177,-0.49995076999948196
fg:9847,Andrew McCutchen,Andrew McCutchen,2021,574,1.5,108,0.778,35.0,1986.0,163,48.71418783660507,46.02649540399226,55.60485906204882,34.10616536649133,45.90771962322397,-0.16146629689989786,0.4815055482285513,1.7836213080234138,-1.6973626469128056,0.6527423822549819,Andrew McCutchen,2022,580,0.6,98,0.7,36.0,1986.0,717,52.08105689368736,43.58801643421991,49.47841101870001,40.52705276573383,30.88170293594935,0.2885537586913578,0.1763239563890381,0.9622422632981579,-0.6322464620753585,-1.3732265604250682
fg:9874,DJ LeMahieu,DJ LeMahieu,2021,679,2.1,101,0.711,33.0,1988.0,127,64.64029223698876,38.550043047546914,53.986414153224175,43.93052095038746,36.78523696395088,1.9277962346912156,-0.4713564864950433,1.5684527214415758,-0.08474473077632376,-0.5844097559206596,DJ LeMahieu,2022,541,3.1,115,0.734,34.0,1988.0,528,63.878251687932014,41.59102888722333,58.56638740712305,51.75908133520738,32.31480303707852,1.8396548590257962,-0.0816558154829743,2.167234332850995,1.185221232035564,-1.180973872446895
fg:9929,Darin Ruf,Darin Ruf,2021,312,2.9,144,0.904,35.0,1986.0,78,52.51481402453494,55.753711091169606,54.78517830473717,48.93667759623494,40.462872650782096,0.33711802048248396,1.721223811649125,1.6746466070388981,0.7369903773576358,-0.08566451042881157,Darin Ruf,2022,388,-0.7,89,0.645,36.0,1986.0,898,46.06963684414282,43.18100779314493,51.4863022789184,33.5677269579528,42.22927672182818,-0.5018307705163805,0.12374476202581897,1.2284723833686446,-1.7583431195224515,0.14906874933517067
fg:10028,Christian Bethancourt,Christian Bethancourt,2022,333,1.7,99,0.692,31.0,1991.0,606,44.25676413929894,48.179415926932585,25.183898163478485,51.603133115508186,40.6843867974432,-0.7401881848248605,0.7694614526567196,-2.2590133906539935,1.1599870680104027,-0.05818072357979753,Christian Bethancourt,2023,332,0.4,73,0.635,32.0,1991.0,1229,37.70119002885205,41.402496897584456,25.60137589439385,45.85555338164443,39.069313358238986,-1.6240383213949459,-0.10671317780656078,-2.20505356850828,0.2325289605100084,-0.26426791246608866
fg:10047,Wil Myers,Wil Myers,2022,286,1.2,103,0.713,32.0,1990.0,661,45.182217431794015,41.66805849054322,41.66676422100981,46.622354490301305,41.67275403357218,-0.618509120832669,-0.07170478723457939,-0.07351883895948753,0.3540414468040625,0.07441033388062429,Wil Myers,2023,141,-0.7,43,0.541,33.0,1990.0,1364,37.974904246318985,35.110884513085914,41.95904567639916,43.971177439605015,40.29064215808484,-1.587521587133784,-0.903429403625901,-0.03218461194845011,-0.0728082663740694,-0.1032256118745639
fg:10155,Mike Trout,Mike Trout,2022,499,6.0,176,0.999,31.0,1991.0,475,51.73640933235509,65.61118495899872,49.51948089825788,43.252210070600384,38.9652260462696,0.24323932412163532,3.021375243997822,0.9676877967205126,-0.19128556776047698,-0.28880890874235676,Mike Trout,2023,362,2.9,135,0.858,32.0,1991.0,1006,51.20197206589702,55.17345639017952,50.213683808167815,46.11858085446852,41.98779595273239,0.17712668394200662,1.6371238868993596,1.0643191800455905,0.27514894803729323,0.12055814855274449
fg:10200,Tucker Barnhart,Tucker Barnhart,2022,308,0.3,63,0.554,31.0,1991.0,772,49.006653709111696,27.575525713314057,43.76907765052664,48.0970597431428,34.12101303635202,-0.1156703170858317,-1.8922411227947455,0.20523089607605732,0.59266523045962,-0.9386678903736402,Tucker Barnhart,2023,123,0.2,54,0.541,32.0,1991.0,1254,42.39201491385965,29.6853364819566,42.67038153538176,49.46396048202772,36.72895375307157,-0.9982264531745537,-1.5904746133742163,0.062305595169646635,0.817221745489752,-0.5728636772390154
fg:10243,Randal Grichuk,Randal Grichuk,2022,538,0.5,89,0.724,31.0,1991.0,737,50.90222667163923,46.45281408824991,34.48342766379799,38.87823600473133,41.022757846836086,0.13356056866465832,0.5464113143986882,-1.0259710917399543,-0.8990434327289961,-0.012787702025671257,Randal Grichuk,2023,471,0.6,101,0.779,32.0,1991.0,1186,52.09935626049264,46.0158474692557,36.340778471733415,38.08613001546909,36.385006826928674,0.29684841585450145,0.47748226069490946,-0.7784864117381631,-1.0263993309162032,-0.6182159233126577
fg:10264,Brandon Belt,Brandon Belt,2022,298,0.1,97,0.676,34.0,1988.0,801,43.38505966302722,41.943979012442895,49.96178225007448,39.813760669782205,39.55812936320133,-0.8548003274480499,-0.0360601416775545,1.0263333739658975,-0.747665091296091,-0.20926997332431638,Brandon Belt,2023,404,2.1,137,0.858,35.0,1988.0,1051,42.66290612824976,49.359500730356096,54.46662508520013,41.90555029425399,33.20572652530244,-0.9620863411222378,0.9008940419413097,1.629258086264454,-0.4075147600556597,-1.0374303183746794
fg:10323,Rafael Ortega,Rafael Ortega,2022,371,0.7,98,0.688,31.0,1991.0,709,54.94780586091659,36.81886974098734,50.66081999155063,44.30785033785965,33.748657103990475,0.6654753536133289,-0.6981446512468601,1.1190201172842364,-0.020471180094059394,-0.9886200387439606,Rafael Ortega,2023,136,0.3,82,0.613,32.0,1991.0,1245,48.71053500487229,29.89143691261853,51.19017525672505,45.25843957757067,45.914579234361526,-0.15526067221291848,-1.5643758095665814,1.1940312957193204,0.13577487391688298,0.6383369921186256
fg:10324,Marcell Ozuna,Marcell Ozuna,2022,507,-0.3,90,0.687,32.0,1990.0,852,47.583645067599576,49.81825082252408,37.4258452269413,37.64998850460248,34.75860191247882,-0.3027682084177334,0.9811734651509624,-0.6358303522220443,-1.0977875988472725,-0.853134315179711,Marcell Ozuna,2023,592,3.2,140,0.905,33.0,1990.0,995,53.64519808017681,60.05872448615151,43.00291154447655,37.87109158457936,34.43271132308827,0.5030821126701083,2.255752645582601,0.10647717605590949,-1.0612433536489023,-0.8756422276891934
fg:10472,Enrique Hernandez,Enrique Hernandez,2022,402,0.3,74,0.629,31.0,1991.0,767,50.58227420005449,38.56785030746177,44.86238828423019,44.21297023512325,39.58480494721408,0.09149305690568336,-0.4722035289668275,0.3501950318597738,-0.03582384061043212,-0.20569140074184433,Enrique Hernandez,2023,508,-1.1,73,0.646,32.0,1991.0,1383,50.607388744749805,35.687147448455775,41.36550864605152,30.90336724355945,38.24611289164591,0.09780219237782853,-0.8304563717718346,-0.11102702685218185,-2.1902673347538415,-0.3728137004675651
fg:10681,Gio Urshela,Gio Urshela,2022,551,2.6,118,0.767,31.0,1991.0,544,59.24847307173063,42.73580253163852,37.35108072890028,42.80236404682034,32.85575192274818,1.230929239830439,0.06623115761081866,-0.6457435191772635,-0.2640756795811069,-1.1084047077061714,Gio Urshela,2023,228,0.5,93,0.703,32.0,1991.0,1204,58.291912952667154,33.45645357602825,32.39515360047497,44.958945524396746,39.99498408310223,1.1230091802387265,-1.1129324517314927,-1.3026029828172032,0.08724597815660926,-0.14221057365526585
fg:10762,Corey Dickerson,Corey Dickerson,2022,297,0.6,96,0.698,33.0,1989.0,718,55.427516913757024,39.75578471375797,29.36061339748148,44.074010334883,38.57354835479655,0.7285480039239263,-0.31874085585395734,-1.705214776017909,-0.05830910477276961,-0.3413531022341079,Corey Dickerson,2023,152,-0.6,71,0.637,34.0,1989.0,1352,51.97632257667031,35.317747925557775,29.05986138724864,42.30612938222232,34.49771911157344,0.28043425812864475,-0.8772339822978551,-1.7456460939544414,-0.34260642348688103,-0.8670704132725188
fg:10815,Jurickson Profar,Jurickson Profar,2022,658,2.5,110,0.723,29.0,1993.0,552,57.84955021325099,39.20270184954646,53.48610850440506,43.056387969976,39.51769952030856,1.0469981593561766,-0.39019057087606573,1.4936304933108688,-0.22297177114541333,-0.2146937019002519,Jurickson Profar,2023,521,-1.6,78,0.689,30.0,1993.0,1392,55.21788675451598,34.5476322187613,47.00052886970396,30.6151314506912,34.47904397678057,0.7128974994185847,-0.9747548786701105,0.6375001580547264,-2.236971984139184,-0.8695328842068655
fg:10950,Adam Duvall,Adam Duvall,2022,315,0.8,88,0.677,34.0,1988.0,697,41.48733045858782,45.77192379495311,36.18477326254415,47.6642020388217,40.78173407204789,-1.1043147169687513,0.45845086477106883,-0.8003864438012418,0.522624018501815,-0.04512142981842372,Adam Duvall,2023,353,1.6,117,0.834,35.0,1988.0,1090,42.58139176232058,49.68040740565976,36.07700890252247,40.50407055891416,44.38994599201335,-0.9729613276927199,0.9415309311142817,-0.8135242084574802,-0.6346052924574717,0.4373014929663467
fg:11038,Kevin Kiermaier,Kevin Kiermaier,2022,221,1.0,89,0.649,32.0,1990.0,678,45.94120545997016,42.69803148021808,38.24152895713652,46.74449072422689,49.36483879251049,-0.5187169934517574,0.06135172446489506,-0.5276772954644808,0.3738044538216394,1.106315899930498,Kevin Kiermaier,2023,408,2.7,103,0.741,33.0,1990.0,1019,50.13080291310944,37.173901869237866,40.00558794952435,52.52351946821155,46.76517319419691,0.03421997027879529,-0.6421864500957656,-0.2916719172459075,1.3129812356680088,0.7504948387021451
fg:11200,Kole Calhoun,Kole Calhoun,2022,424,-1.3,66,0.587,35.0,1987.0,926,36.31311200151167,44.83853620378843,35.50451645518633,39.656802134224414,37.30732383646688,-1.7846235600554987,0.3378716862984831,-0.8905829873540737,-0.7730627357132844,-0.5112191618631173,Kole Calhoun,2023,174,-0.2,80,0.657,36.0,1987.0,1297,50.054988903107976,37.21741133616012,40.98512082553711,43.955893926811214,37.35422896749009,0.02410547903271675,-0.6366767816427127,-0.16155579394824207,-0.0752847496009014,-0.4904159702451859
fg:11265,Jonathan Schoop,Jonathan Schoop,2022,510,1.3,57,0.561,31.0,1991.0,657,45.8009780781293,38.489802335530136,29.94973329896897,66.87115814926608,42.830546716234174,-0.537154160088736,-0.4822861146215442,-1.627102248105482,3.630524075648411,0.22973008801911432,Jonathan Schoop,2023,151,-0.3,53,0.55,32.0,1991.0,1319,44.62341561041724,36.00646846818582,38.7511266381436,45.3571094608722,38.92698408255077,-0.7005310429015844,-0.7900202765204926,-0.45830812381018976,0.1517629726142476,-0.2830352042889369
fg:11281,Whit Merrifield,Whit Merrifield,2022,550,1.3,87,0.673,33.0,1989.0,651,56.5479909340467,36.15349820776521,40.23340454945821,46.47061218718078,48.62024649264051,0.8758684912159858,-0.784100318125673,-0.26357072325319664,0.32948784706509093,1.006427643007578,Whit Merrifield,2023,592,1.2,92,0.7,34.0,1989.0,1125,57.07781944211087,30.4998516348969,36.73257555119375,42.26188894483616,45.63308713604241,0.9610346562133535,-1.4873313491575382,-0.7264420972009739,-0.34977497842661914,0.6012199314897704
fg:11342,Jesus Aguilar,Jesus Aguilar,2022,507,-0.7,82,0.661,32.0,1990.0,895,48.72620736728532,39.88861333526939,35.81672865672984,40.96108543905781,29.954928336888933,-0.1525435430500142,-0.3015814611811526,-0.8491861778996809,-0.562015127007457,-1.497554866367459,Jesus Aguilar,2023,115,-0.3,80,0.665,33.0,1990.0,1311,46.1083842956748,38.57130183127963,39.220896472423455,43.36200032472796,32.982148041459766,-0.5024185467092843,-0.46523161631403764,-0.3959063084392836,-0.1715170467125064,-1.0669109900867795
fg:11368,Yasmani Grandal,Yasmani Grandal,2022,376,-0.5,68,0.57,34.0,1988.0,883,50.09523468083879,37.1623040281644,54.43366296799165,44.56271992372963,26.3551655147832,0.027456856153079256,-0.6537782759070557,1.6192685413526466,0.02076956601560216,-1.9804688498975904,Yasmani Grandal,2023,405,0.1,80,0.647,35.0,1988.0,1264,49.6893421478761,36.15889388482277,44.83411709175552,42.58337111606374,26.52011706929086,-0.024676149915262128,-0.7707184195019112,0.3497251288382682,-0.29768321028980843,-1.9189832038781103
fg:11442,Gary Sanchez,Gary Sanchez,2022,471,1.4,88,0.659,30.0,1992.0,639,42.70762568429458,50.47073636102301,43.72690948267583,49.365510430485394,35.093157995844244,-0.9438696874224028,1.065464461669645,0.19963973852061642,0.7979147213737988,-0.808253077465908,Gary Sanchez,2023,267,1.6,110,0.78,31.0,1992.0,1093,46.65784914689743,54.0578381015314,44.37383470896936,47.7257150626665,33.914197288453884,-0.4291133960173252,1.4958514851575284,0.288583577863345,0.5355629617242962,-0.9440125903933677
fg:11445,Mark Canha,Mark Canha,2022,542,2.5,126,0.77,33.0,1989.0,549,56.81983577898869,39.60965326075252,48.878899564499896,38.44739893212743,33.86424467291031,0.9116107880470486,-0.33761876972295907,0.8827518996526845,-0.9687576839027369,-0.973113780106346,Mark Canha,2023,507,1.7,111,0.755,34.0,1989.0,1083,58.29130447414322,38.004697484297,50.79167906851677,41.81277996571469,44.722891277656295,1.1229280019617343,-0.5369815667676068,1.1410971059352888,-0.4225469169736994,0.4812030817750352
fg:11477,Christian Yelich,Christian Yelich,2022,671,2.2,111,0.738,31.0,1991.0,570,52.88380880445796,49.3718207445927,53.75642461759932,35.725272574836666,53.16571820096266,0.394099983349724,0.9235016334789253,1.529472220748274,-1.409228137041523,1.616209997614296,Christian Yelich,2023,632,3.8,123,0.818,32.0,1991.0,980,54.83871391323994,50.482554529016255,50.16182287346386,39.98095916731655,63.08742623595214,0.6623113296095604,1.0431080133654107,1.057430239470426,-0.7193683050275739,2.9027188597954208
fg:11493,Manny Machado,Manny Machado,2022,644,7.1,152,0.898,30.0,1992.0,465,56.75363408864456,54.97249631929398,43.0937591617462,52.62395108113525,44.36152139844432,0.9029065565303431,1.647021922458005,0.1156891335733005,1.325166818277205,0.43511280877219877,Manny Machado,2023,601,3.4,113,0.782,31.0,1992.0,992,53.734089469544585,50.36341179204949,42.12533173236015,53.04770011158564,33.701647744909884,0.5149412819660567,1.0280207915327655,-0.010096025143507102,1.3979175057951552,-0.9720390051363299
fg:11579,Bryce Harper,Bryce Harper,2022,426,2.6,139,0.877,30.0,1992.0,540,53.93165483611022,55.73961873956957,40.29123605639253,40.49122014824303,43.04437402592551,0.5318713061958815,1.746122223447985,-0.2559027337858254,-0.638044579867006,0.25841536619257155,Bryce Harper,2023,546,3.5,141,0.9,31.0,1992.0,984,51.40304917416123,54.88591317853368,46.88850219071725,40.17078927816212,37.61521585139917,0.20395276333400647,1.600711862708727,0.6226191085947044,-0.6886089441529321,-0.4560026916798753
fg:11609,Willson Contreras,Willson Contreras,2022,487,3.5,134,0.815,30.0,1992.0,517,48.86997029363371,54.65729934988236,41.9281946099157,42.62538624422782,37.83581989273682,-0.1336415212443659,1.606303369963346,-0.038855286601119435,-0.29271266503721827,-0.44032056425384775,Willson Contreras,2023,495,2.8,127,0.826,31.0,1992.0,1009,51.64169611249712,53.202485384749416,43.11378654335074,38.103828679755765,33.28034023100743,0.23579110520057098,1.387536899545437,0.12120524223666655,-1.0235315055782308,-1.027591884347817
fg:11615,Brandon Drury,Brandon Drury,2022,568,3.1,123,0.813,30.0,1992.0,525,55.27478328140069,51.50006954958563,41.56333005670695,44.71345191099156,30.787999288982263,0.708466509184044,1.1984383210034468,-0.08723337147791889,0.04515968536254154,-1.3857970556672259,Brandon Drury,2023,523,2.7,115,0.803,31.0,1992.0,1017,47.480102668715205,51.3173937884175,32.6316419793419,49.609550155487135,32.62239405198463,-0.3194149900324378,1.148824949385617,-1.2711890794999718,0.8408125514246568,-1.1143475281585644
fg:11680,Elias Diaz,Elias Diaz,2022,381,-1.2,68,0.648,32.0,1990.0,922,49.601196831243634,41.64380162651567,37.175250810111294,32.25907308339647,31.228355880628087,-0.03749948859489061,-0.07483839728516241,-0.6690571424389553,-1.9700979352325305,-1.3267225092722386,Elias Diaz,2023,526,-0.1,82,0.725,33.0,1990.0,1283,49.68657695961533,40.76912483578058,33.16724379108767,34.32355433409242,36.14061963480669,-0.02504505893955391,-0.1869180232072548,-1.2000424818898496,-1.6360730159079808,-0.6504403952643504
fg:11737,Nick Castellanos,Nick Castellanos,2022,558,-0.2,95,0.694,30.0,1992.0,835,47.41235113211046,39.77063865240669,29.710613129534416,31.68725547883512,38.05659643359505,-0.3252900211411621,-0.316821957706715,-1.658807646042675,-2.0626244113526733,-0.4107030355208071,Nick Castellanos,2023,671,1.3,108,0.788,31.0,1992.0,1113,44.16487260411332,48.073381734602926,28.94941340859388,34.94666906204689,34.519361308904564,-0.761706137361327,0.7380308822883657,-1.7603174369594041,-1.5351058368968067,-0.8642167106098941
fg:11739,J.T. Realmuto,J.T. Realmuto,2022,562,6.7,129,0.82,31.0,1991.0,469,55.60954397478489,50.93487843896237,40.03042065325471,62.52965644702349,60.13806670033743,0.7524810133872193,1.1254244086222855,-0.2904847440118481,2.92802060185932,2.5515617846033636,J.T. Realmuto,2023,540,2.0,101,0.762,32.0,1991.0,1059,49.49954742283351,46.82558671459678,37.015757180621776,40.54724174452384,40.293706451660256,-0.049997025106510204,0.5800207446351225,-0.6888257019654441,-0.6276099950747789,-0.10282155943009962
fg:11899,Joc Pederson,Joc Pederson,2022,433,2.4,144,0.874,30.0,1992.0,554,54.76149864766844,57.93890715119869,45.69787220643353,32.39096077262654,40.58993837629745,0.6409795875850839,2.0302361246919634,0.4609734337245055,-1.948757033814415,-0.07085113147821241,Joc Pederson,2023,425,0.7,109,0.764,31.0,1992.0,1171,52.06464534271797,51.29770508437517,50.46515273428599,38.015612006262295,40.243133777768286,0.2922175663061329,1.1463317395345893,1.0977230224255548,-1.0378258052710416,-0.10948998463357944
fg:12037,Jon Berti,Jon Berti,2022,404,2.2,88,0.662,32.0,1990.0,573,52.06637639157703,37.25267056273269,49.3733913355903,48.392132516226525,71.75889189889827,0.28662355889607216,-0.6421043233038692,0.9483175038263619,0.6404113013651829,4.110514211713993,Jon Berti,2023,424,2.2,102,0.748,33.0,1990.0,1049,60.78424325281142,35.77628716542606,44.20812120849339,48.466808439204414,47.04400646846398,1.4555157051232186,-0.8191684769469484,0.26657104639243734,0.655646959511565,0.7872613113957416
fg:12144,Max Kepler,Max Kepler,2022,446,1.5,94,0.666,29.0,1993.0,620,57.20505082458843,42.20387974895358,51.89107605732158,53.14445202403829,38.57890819009799,0.962259055835815,-0.002485003557521973,1.2821421082988387,1.4093896852890966,-0.34063407169115395,Max Kepler,2023,491,2.7,122,0.816,30.0,1993.0,1016,55.96953901533772,51.560911091137136,44.85429566157602,48.6064985579016,31.960364974320434,0.8131768569150379,1.1796619073047847,0.35240554655882644,0.6782818236671462,-1.201641535913874
fg:12155,Eddie Rosario,Eddie Rosario,2022,270,-1.3,63,0.587,31.0,1991.0,927,41.89186527009102,36.50044315955781,34.5869610641227,37.13789939485677,43.14884303293174,-1.0511262766496756,-0.7392804194486811,-1.0122434013286943,-1.1806493372867861,0.2724300518321395,Eddie Rosario,2023,516,1.3,101,0.755,32.0,1991.0,1116,47.37804312670538,44.4040832362038,29.73141707500084,45.71800176650019,36.940485916085606,-0.3330309476135922,0.27338216072187915,-1.656440080753027,0.2102406114685146,-0.5449714125309524
fg:12158,Austin Barnes,Austin Barnes,2022,212,1.3,104,0.704,33.0,1989.0,648,53.21938002549531,40.11035562157687,55.89984255542999,49.59093860030471,35.87252707437301,0.4382210561360727,-0.27293580211231283,1.8136720806987712,0.8343915174801287,-0.7036994596438393,Austin Barnes,2023,200,-0.7,39,0.498,34.0,1989.0,1367,48.85116084289713,28.43683701198896,46.53577888654465,45.24047671200514,37.106343482308986,-0.13649951174076835,-1.7485739565729224,0.5757651539602262,0.13286423839224654,-0.5231017210617138
fg:12161,Xander Bogaerts,Xander Bogaerts,2022,631,6.0,133,0.833,30.0,1992.0,477,58.33770774187107,44.77290783842391,45.89317456398423,52.171919772493744,49.59222421344547,1.1111813565471342,0.32939352089853613,0.48686894466722314,1.25202310295445,1.1368200205759114,Xander Bogaerts,2023,665,4.6,119,0.79,31.0,1992.0,958,59.302431535081936,40.93798292344327,47.42289025189772,48.95425830094982,45.16836981815684,1.2578243859722895,-0.165535272637122,0.6936044778049695,0.7346315112190586,0.5399431106971542
fg:12282,Rougned Odor,Rougned Odor,2022,472,0.3,81,0.632,28.0,1994.0,766,45.01562442091821,39.360962624802326,38.63609336570519,40.72068958149674,45.42698119881138,-0.6404128536254474,-0.3697457369770255,-0.47536125029311344,-0.6009138621925485,0.5780459579582607,Rougned Odor,2023,157,0.3,84,0.654,29.0,1994.0,1241,47.66821202314837,40.04520448446354,44.33622086010286,45.454974293676095,43.50313170017477,-0.2943189633391794,-0.278589133067131,0.28358714709857563,0.16762062394122976,0.3203676961270731
fg:12325,Jace Peterson,Jace Peterson,2022,328,2.1,96,0.698,32.0,1990.0,579,49.60933180928668,41.4639168128689,49.63448772597364,51.55888866486005,57.56658749440656,-0.03642989759348403,-0.0980767210582007,0.9829367706855481,1.1528278216463737,2.2065937052412448,Jace Peterson,2023,430,0.4,74,0.611,33.0,1990.0,1230,46.81130420850633,32.23704898718934,50.3363674851981,44.674734984016624,48.10228130625783,-0.4086406644301211,-1.2673474668967912,1.0806158504667636,0.041193565623167526,0.9268035989091076
fg:12532,Kolten Wong,Kolten Wong,2022,497,2.3,117,0.77,32.0,1990.0,564,55.39848360877328,42.01895131668599,50.65143503303959,36.66164290260187,49.61458975243822,0.7247306903937134,-0.026374884513862003,1.117775747790353,-1.2577129579346487,1.1398203936734006,Kolten Wong,2023,250,-0.7,50,0.519,33.0,1990.0,1366,48.03733305957541,30.18046085382948,41.628650610796576,43.65291547036794,38.83116483657329,-0.2450738239300841,-1.5277762783906994,-0.07607259789117567,-0.1243782450293597,-0.29566976413482365
fg:12533,Marcus Semien,Marcus Semien,2022,724,4.4,107,0.733,32.0,1990.0,494,55.98498772919535,42.57673786546171,44.43338058556963,51.01735813906369,59.26951855070617,0.8018445468997679,0.045682473491627365,0.2933120853633874,1.065202133203532,2.435044650682633,Marcus Semien,2023,753,6.5,128,0.826,33.0,1990.0,937,60.8389593635024,42.93430389472748,49.16820861608535,56.93924850057258,45.38380768762164,1.4628154855014446,0.08726181856389913,0.9254436176945009,2.0284894457512963,0.5683503750943639
fg:12546,C.J. Cron,C.J. Cron,2022,632,1.4,103,0.783,32.0,1990.0,629,51.22756806592728,51.61492523757994,38.96541510004299,41.04116250719673,39.92366055050478,0.17633661868891748,1.213275891839348,-0.43169585535283356,-0.5490577628517828,-0.16023337550147765,C.J. Cron,2023,278,-0.3,84,0.729,33.0,1990.0,1303,48.9760338213995,46.73254574988697,38.1661352598743,44.67231983252375,30.473966391924108,-0.11983997021395126,0.5682388290115805,-0.5360153781218541,0.04080222351202722,-1.3976354790152703
fg:12552,Eugenio Suarez,Eugenio Suarez,2022,629,4.3,132,0.791,31.0,1991.0,496,43.021030854156,52.72906594902751,51.67085451410442,45.13268154971807,33.83262054259917,-0.9026630181844144,1.3572055658149553,1.2529425151463518,0.11299572406974571,-0.9773562081492284,Eugenio Suarez,2023,694,3.5,105,0.714,32.0,1991.0,988,41.8098252507783,45.53824836740838,46.67603646812891,53.99712731375343,30.76743118672698,-1.0758974832477528,0.41700317669793346,0.5943962517270895,1.5517591371654196,-1.3589397193609993
fg:12564,Trevor Story,Trevor Story,2022,396,2.5,100,0.737,30.0,1992.0,551,44.09316105247694,48.54539242468808,38.80550503102126,53.39192009260954,52.66999314658146,-0.761698800900431,0.8167399314551871,-0.4528986354632981,1.44943278321841,1.5497076827182057,Trevor Story,2023,168,0.3,49,0.566,31.0,1992.0,1246,40.31420276439719,39.53389607136263,36.301902791173326,51.56551335850981,43.52112535520154,-1.275431323307757,-0.3433368772414407,-0.7836504577532672,1.1577495102206163,0.3227403083195697
fg:12856,George Springer,George Springer,2022,583,4.0,133,0.814,33.0,1989.0,502,53.5614069099265,49.45721019266613,45.08426467125639,40.48163334608283,54.68375433703049,0.48319092278979514,0.9345326238160413,0.37961404389948256,-0.6395958315494805,1.8198569915521856,George Springer,2023,683,1.8,103,0.732,34.0,1989.0,1079,55.7652310491274,43.800291507552,44.5870644728212,42.028887648380895,41.657720498590535,0.7859197426204838,0.19692311686570815,0.316907926053692,-0.38752963668395596,0.0770349707561466
fg:12859,James McCann,James McCann,2022,191,0.1,57,0.538,32.0,1990.0,808,46.19162643336435,39.03325834819726,36.55007338140729,46.793951407312285,43.80399836775406,-0.48579151801856046,-0.4120800392851226,-0.751950606446126,0.381807744863889,0.3603201957680649,James McCann,2023,226,0.3,76,0.646,33.0,1990.0,1243,44.72096528898146,42.98642785649295,31.212759277956344,44.63129959712808,39.675891423364,-0.6875167547788943,0.0938623533004093,-1.4596661802073119,0.03415545805380838,-0.1842855792005367
fg:12861,Anthony Rendon,Anthony Rendon,2022,193,0.9,103,0.706,32.0,1990.0,683,54.999578078709234,41.307440703791386,53.00230506644265,46.02917799655807,41.550231688283056,0.6722823908273032,-0.11829100380821074,1.4294820755498212,0.25805886381684245,0.05797376381781789,Anthony Rendon,2023,183,0.2,96,0.678,33.0,1990.0,1251,57.55682115486064,36.44811472643177,57.67749991811064,40.90732899965421,41.518075229859285,1.0249391856053551,-0.7340939545360228,2.0557742307281055,-0.5692628035908897,0.058621587442791036
fg:12916,Francisco Lindor,Francisco Lindor,2022,706,6.4,124,0.788,29.0,1993.0,472,56.45639667113731,46.78592228425329,43.19886182374958,56.69343022490466,47.22461214480976,0.8638256314971324,0.5894437191539877,0.12962489537438768,1.98365400337575,0.819201046209688,Francisco Lindor,2023,687,5.5,120,0.806,30.0,1993.0,944,54.10918584351048,49.656082927163375,44.63700294702614,52.33878386163058,56.085385928830846,0.5649836025192171,0.938450686255204,0.32354149683632594,1.2830473692023106,1.9794419502230631
fg:12927,Brandon Nimmo,Brandon Nimmo,2022,673,5.5,132,0.8,29.0,1993.0,483,59.78039752256841,45.10260115209401,52.02296119353633,44.69545327567402,43.93973393361785,1.3008669339500432,0.37198477589973,1.2996290092807912,0.04224730510768567,0.37852934066379884,Brandon Nimmo,2023,682,4.2,129,0.829,30.0,1993.0,966,57.15609227050898,49.37540518395851,51.43983690707687,41.30039843186506,32.876015680086994,0.971477183097542,0.9029080465355941,1.2271950688558666,-0.5055713035421961,-1.0809054194696284
fg:12976,Austin Hedges,Austin Hedges,2022,338,0.0,43,0.489,30.0,1992.0,825,41.48121740273672,29.640884584358545,42.142380760338206,52.37732867527833,37.42941008350644,-1.105118464624226,-1.6254288378672588,-0.010455937655192482,1.2852605580218606,-0.4948410950832536,Austin Hedges,2023,212,1.0,24,0.461,31.0,1992.0,1149,44.532475019527446,29.93708883718522,35.654383446716785,67.29364935248728,39.09975175827921,-0.7126636000694515,-1.5585948385182413,-0.869663606391918,3.706277816763964,-0.2602543577464901
fg:12979,Javier Baez,Javier Baez,2022,590,2.0,89,0.671,30.0,1992.0,587,41.4755852343543,43.56510023739226,27.02296446863491,47.25641518082832,48.39888732438937,-1.1058589849536438,0.1733635397161034,-2.0151680923851387,0.45663954954308766,0.9767319538708854,Javier Baez,2023,547,0.7,61,0.593,31.0,1992.0,1181,42.54434119289268,37.60205918792664,27.97502039949392,53.70353281534173,48.95068356212611,-0.9779043146173457,-0.5879682525724866,-1.889750806698371,1.5041861831844696,1.0386724512028642
fg:12984,Jackie Bradley Jr.,Jackie Bradley Jr.,2022,370,-0.2,56,0.566,32.0,1990.0,843,45.49763593612561,35.82923208477993,40.09350773854757,53.032748254987226,36.10175568541603,-0.5770377373667229,-0.8259904643909204,-0.28211990741676807,1.3913147676279634,-0.672948072075169,Jackie Bradley Jr.,2023,113,-0.5,3,0.397,33.0,1990.0,1347,37.949401221499606,35.21096520413379,35.1604139090056,49.28619368198545,39.529106007754486,-1.5909239941727884,-0.8907560369948745,-0.9352799862481489,0.7884170783604217,-0.2036404499167785
fg:13066,Teoscar Hernandez,Teoscar Hernandez,2022,535,3.0,130,0.807,30.0,1992.0,530,46.96081205564186,58.16222199210202,38.52360880082029,41.99973738685813,40.98524247504466,-0.3846586058403083,2.059084933388102,-0.4902757926334823,-0.3939496392038643,-0.01782044960675082,Teoscar Hernandez,2023,678,1.9,107,0.741,31.0,1992.0,1068,42.24020940279966,50.497843316700894,31.973608466904224,44.87233895189852,30.31577915158936,-1.018479115086159,1.0450440552696243,-1.3585988762868446,0.0732125732045574,-1.418493774595418
fg:13145,Josh Bell,Josh Bell,2022,647,2.1,124,0.784,30.0,1992.0,574,59.077984377280565,45.039565084200966,53.77947648457806,36.65238540673021,29.036245740224324,1.208513300603506,0.3638414950669506,1.5325287116226511,-1.2592109241809981,-1.620797617148355,Josh Bell,2023,617,0.4,104,0.744,31.0,1992.0,1216,52.07991860930536,47.09530115914709,44.9367799096984,37.34610589070765,26.618189134292564,0.2942552018459786,0.6141750855542365,0.3633623310237794,-1.146310071146429,-1.90605159121686
fg:13152,Jorge Polanco,Jorge Polanco,2022,445,1.7,118,0.751,29.0,1993.0,600,52.19537537737795,45.10834690151659,55.243815864546,37.915290555346985,36.22152221720908,0.30358441037878636,0.3727270374764235,1.7266882543612372,-1.0548587633811686,-0.6568811988337993,Jorge Polanco,2023,343,1.3,116,0.789,30.0,1993.0,1112,50.827798900532514,46.44733594919009,44.63092716530221,40.096522664407125,40.17522586260452,0.1272075304039785,0.5321222881169507,0.32273442115435547,-0.7006428283626183,-0.11844420473198952
fg:13185,Orlando Arcia,Orlando Arcia,2022,234,0.7,105,0.733,28.0,1994.0,708,50.95703312128224,45.03928720532606,45.21902664525974,42.05020838580212,37.80458866822052,0.1407665482071992,0.36380559743260454,0.39748239027394927,-0.3857828677695824,-0.4445102833511937,Orlando Arcia,2023,533,2.4,100,0.741,29.0,1994.0,1033,53.51909822375489,42.103070774233686,43.23008314716928,49.7599701319323,35.53816551274785,0.4862588910269496,-0.017998466727600183,0.1366534866112186,0.8651860415818423,-0.7298789525385646
fg:13265,Mike Zunino,Mike Zunino,2022,123,-0.3,41,0.499,31.0,1991.0,865,33.41740303426232,46.7784013937558,35.69488924405596,44.80816736058368,36.48604982148562,-2.1653528303342258,0.5884721369236756,-0.865341097296042,0.06048570316085121,-0.6213943944392412,Mike Zunino,2023,140,-0.3,63,0.578,32.0,1991.0,1317,28.898832449129007,38.70038396167206,41.36159715298469,42.78928979020074,34.2219578708775,-2.7983775851173176,-0.4488857543215913,-0.11154660952941924,-0.2643169188179534,-0.903431812939219
fg:13301,Max Muncy,Max Muncy,2022,565,2.0,106,0.713,32.0,1990.0,586,44.96068450628347,48.60758306555709,61.22883232016294,41.65200832996895,38.920721017068495,-0.6476363812121746,0.8247739962484752,2.5202529663414204,-0.4502160850458341,-0.2947793301286353,Max Muncy,2023,579,2.5,117,0.808,33.0,1990.0,1026,44.371545278401584,53.71338516896764,55.55718140001223,38.35827724504591,38.24396047206313,-0.7341335428652455,1.452232898437095,1.7741219937411956,-0.9823016121280729,-0.3730975147864386
fg:13324,Ildemaro Vargas,Ildemaro Vargas,2022,222,1.4,94,0.691,31.0,1991.0,636,60.65791984921951,36.71390983805142,39.953613401820775,51.17751227534154,43.82020851592891,1.4162440104649276,-0.7117038403644089,-0.3006687635236,1.0911168615148827,0.36249481326804533,Ildemaro Vargas,2023,286,0.6,81,0.666,32.0,1991.0,1191,63.618286778215335,35.33367530395563,48.77642564619895,46.63927709457325,38.713309897524624,1.8336108412088743,-0.8752170747026573,0.8734011774007459,0.3595206184962552,-0.3112099123102102
fg:13338,Omar Narvaez,Omar Narvaez,2022,296,1.3,71,0.597,30.0,1992.0,656,49.10230201794889,29.65812098501967,44.598782676019965,55.29443147047914,36.2536857824584,-0.10309442937099342,-1.623202162634787,0.31524306303780225,1.7572803768716128,-0.652566404724671,Omar Narvaez,2023,146,0.0,62,0.58,31.0,1992.0,1280,54.655320877216376,32.52967800688676,46.033649549959335,45.64293010224757,36.24376820443867,0.6378445159241178,-1.2302914192748866,0.5090648682725631,0.19807627988844836,-0.6368394034934561
fg:13355,Luke Maile,Luke Maile,2022,206,0.7,82,0.627,31.0,1991.0,711,45.14582230015057,32.873639761134484,45.17733130470998,47.5577145022079,35.90932658093487,-0.6232943710318524,-1.2078070834016297,0.39195392578940613,0.5053931455189034,-0.6987627465369092,Luke Maile,2023,199,0.5,86,0.699,32.0,1991.0,1205,48.57772761607878,39.18340401458698,42.33794548233887,44.33690004821876,36.94242009905297,-0.17297875850515557,-0.3877202072351892,0.018146494923424326,-0.013547943297520583,-0.5447163745142709
fg:13419,Christian Walker,Christian Walker,2022,667,3.9,122,0.804,31.0,1991.0,504,53.4910867126821,52.79914700510769,50.00370044691781,51.77926525538639,36.34582367996175,0.47394518791604917,1.3662589496917383,1.031891387390153,1.1884872157925472,-0.640205957296247,Christian Walker,2023,661,3.9,120,0.83,32.0,1991.0,975,52.03591486298464,49.75938367654555,44.376886944096974,51.56577755978866,45.41161509891298,0.28838457836956616,0.9515318136582295,0.2889890211230081,1.1577923204072793,0.5720170121935771
fg:13510,Jose Ramirez,Jose Ramirez,2022,685,5.9,140,0.869,30.0,1992.0,479,63.78929125836075,48.62393432489408,50.60430110197619,46.33787883523639,51.706383876617664,1.827958297037896,0.8268863249707659,1.1115261702484704,0.30801010797300743,1.4204379463158026,Jose Ramirez,2023,691,4.6,122,0.831,31.0,1992.0,957,66.27732925941963,45.45646258874868,52.00846829481463,48.12655835191368,52.04189454796362,2.1883587551969597,0.406646522009543,1.3027291459345058,0.6005141084797377,1.4462741787932538
fg:13590,Jesse Winker,Jesse Winker,2022,547,0.8,110,0.688,29.0,1993.0,696,54.00853015783064,39.25366311320899,60.05957923357088,35.44079691977175,26.67540076939436,0.5419789121300722,-0.3836071671919809,2.36521947632945,-1.455259475872578,-1.9375087744388968,Jesse Winker,2023,197,-0.8,67,0.567,30.0,1993.0,1373,47.16810282537862,31.12691875090277,50.7673292894176,42.55548344324786,32.86962694421329,-0.3610394824467656,-1.4079249084126295,1.1378626061679762,-0.3022020244456691,-1.0817478271186605
fg:13602,Patrick Wisdom,Patrick Wisdom,2022,534,1.2,106,0.725,31.0,1991.0,660,35.385034303507986,52.63267224216264,44.10088014872566,33.088274864977826,41.00057283783731,-1.9066476822028804,1.3447529961710953,0.24922522021371202,-1.8359238240644737,-0.01576385673354822,Patrick Wisdom,2023,302,0.6,110,0.789,32.0,1991.0,1185,38.12130357616377,60.34108751146873,43.62361134080066,37.68957617998888,40.70299653154773,-1.567990174138769,2.2915086950804904,0.18892775347613242,-1.0906554306330811,-0.04885327825742357
fg:13611,Mookie Betts,Mookie Betts,2022,639,6.0,144,0.873,30.0,1992.0,476,60.74871445387212,52.69932760555209,49.213464159008566,48.81573272467597,51.80235235779087,1.4281817307143039,1.3533638337635072,0.9271124553919873,0.7089545470766386,1.433312272716446,Mookie Betts,2023,693,7.6,165,0.987,31.0,1992.0,934,66.52916975144737,55.57939727339051,62.08700287935427,42.10959466611689,45.16190939100422,2.221957274151088,1.6885287841836367,2.6415099880842705,-0.37445217351122895,0.5390912499602316
fg:13613,Ketel Marte,Ketel Marte,2022,558,1.8,102,0.727,29.0,1993.0,595,55.29320372624096,45.73675221922705,47.6209233654437,40.988341570247,43.22926894615728,0.7108884385290046,0.4539072435072133,0.7159544434577121,-0.5576047805062528,0.2832193176960716,Ketel Marte,2023,650,4.3,126,0.844,30.0,1993.0,963,58.99558857883586,50.80280765303908,50.024879977748,44.26718708950959,40.01607408692237,1.2168878836713055,1.0836621423684891,1.039239447573542,-0.024843970281979075,-0.13942968227277466
fg:13620,Carson Kelly,Carson Kelly,2022,354,0.6,73,0.617,28.0,1994.0,726,51.888535618304736,38.083836776611456,46.300284153057945,46.59796465354363,40.08650369957442,0.2632409646507387,-0.5347305589723604,0.5408483791756199,0.3500948987608896,-0.13838770463535882,Carson Kelly,2023,151,0.1,56,0.565,29.0,1994.0,1269,42.48680246579015,32.99950164736975,43.10048792073805,47.63213968362958,39.28621000990933,-0.9855806656186687,-1.170796953505101,0.11943872141645068,0.5204003574358774,-0.2356682955734062
fg:13621,Jeimer Candelario,Jeimer Candelario,2022,467,0.0,80,0.633,29.0,1993.0,816,47.75278368814172,40.89830356432236,35.90520488138963,41.624587545635485,34.79848429167408,-0.280529777586706,-0.17114516710198285,-0.8374549470400993,-0.4546530742651014,-0.8477840297410227,Jeimer Candelario,2023,576,3.2,118,0.807,30.0,1993.0,997,51.399369185909386,45.12764226133303,43.3431986807503,45.11123980311601,44.06176191637362,0.20346180910327452,0.36500751530964826,0.15167917393089259,0.11192317324121794,0.39402770906376783
fg:13624,Corey Seager,Corey Seager,2022,663,4.3,117,0.772,28.0,1994.0,498,53.78438281048254,51.43228699789691,40.99247642550338,49.652006717267504,44.188640883027006,0.5125079062534632,1.1896818681913806,-0.1629239398812443,0.8442730209889172,0.41192060903552846,Corey Seager,2023,536,6.4,173,1.013,29.0,1994.0,938,61.565312942937055,61.544960051714085,40.53548132900941,44.228846206885656,29.22722091841976,1.5597196978047858,2.4439568638511844,-0.22128359849917012,-0.031056583442392306,-1.5620291781817437
fg:13675,Tyrone Taylor,Tyrone Taylor,2022,405,2.1,102,0.729,28.0,1994.0,577,47.78756100218564,45.66757666059028,35.887472947297255,48.62496220334457,45.72309250651016,-0.2759572388585569,0.44497083583503066,-0.8398060578975575,0.678085745651861,0.6177697670634079,Tyrone Taylor,2023,243,1.0,89,0.713,29.0,1994.0,1146,49.61877551033167,42.31164785042556,31.99830565791154,48.37162295917224,53.00733041143989,-0.034090579223175974,0.008413958383878812,-1.3553182281035037,0.6402234604823862,1.5735748799209155
fg:13723,Jacob Stallings,Jacob Stallings,2022,384,-0.2,66,0.584,33.0,1989.0,842,50.4373597909722,33.2772529982696,44.58056842513048,43.48386478871556,28.995149650595,0.07243963757149438,-1.1556665224866443,0.31282800087912027,-0.1538012465838942,-1.6263107237976422,Jacob Stallings,2023,276,-0.4,56,0.565,34.0,1989.0,1334,46.17930172176676,35.72148911472188,48.64531455321279,46.59664675818234,29.175406290573825,-0.49295731803416637,-0.8261076355395633,0.8559850522675894,0.3526129582972773,-1.568861365282921
fg:13757,Chris Taylor,Chris Taylor,2022,454,1.7,93,0.677,32.0,1990.0,607,33.86997994054151,41.37507600275816,43.89961972608311,47.7716998912941,50.70401777897019,-2.105847791250012,-0.10955357376054378,0.22253971809158288,0.5400183718767587,1.2859689190237937,Chris Taylor,2023,384,1.2,103,0.746,33.0,1990.0,1122,39.71418346347815,42.56611691859899,45.00771801202472,41.82028962147217,47.157487172613095,-1.3554810392706305,0.04063775463719211,0.37278538470051287,-0.4213300804536143,0.8022246805320682
fg:13770,Rob Refsnyder,Rob Refsnyder,2022,177,1.0,146,0.881,31.0,1991.0,673,56.20159443564863,48.03198539257227,45.70929416668412,40.56272073008036,40.42826690805192,0.8303241055219079,0.750415717655294,0.46248789315226524,-0.626474987001773,-0.09253961947363641,Rob Refsnyder,2023,243,0.4,95,0.682,32.0,1991.0,1225,54.79222585154536,32.58404135094935,55.61804494209413,43.16546560862253,42.66077576958224,0.6561092688948202,-1.2234073082302874,1.7822067945067368,-0.20336279673685317,0.20929610181384878
fg:13836,Matt Duffy,Matt Duffy,2022,247,0.0,78,0.619,31.0,1991.0,818,53.90201882685241,31.474536631339816,42.78029073316248,43.74209462844989,34.54709958058137,0.52797474880482,-1.3885494755075256,0.07412575858701119,-0.11201677386200992,-0.8815076938354642,Matt Duffy,2023,209,-0.2,73,0.631,32.0,1991.0,1300,54.04316068810472,31.46865592982471,39.35864842599101,43.74568579890723,37.82870597192165,0.556175060979736,-1.364650221611571,-0.3776080454469792,-0.10934608811132113,-0.42785225408531335
fg:13853,Joey Wendle,Joey Wendle,2022,371,1.1,82,0.658,32.0,1990.0,671,58.98244938078162,35.072184910174066,32.58321222702689,48.12347021161767,44.27044381631714,1.1959523112518462,-0.9237892001391246,-1.277924269640802,0.5969387392868563,0.4228946043601649,Joey Wendle,2023,318,-0.8,46,0.554,33.0,1990.0,1374,49.03542935513224,34.272465985861835,35.46091837668082,43.5116152506755,47.30037692248918,-0.11191589910909416,-1.0095995876494386,-0.8953625140274213,-0.14727400392570103,0.8210658755107637
fg:14111,Eric Haase,Eric Haase,2022,351,1.2,111,0.748,30.0,1992.0,659,44.79385688055601,45.70506397675078,36.215568548938805,38.41459726221242,37.09896612415776,-0.6695709612835568,0.44981361479262855,-0.7963032382228865,-0.9740653605182901,-0.5391706847336052,Eric Haase,2023,293,-1.1,42,0.528,31.0,1992.0,1385,40.06414406041246,34.13055301406676,32.70435912068147,42.96115703548078,38.81638536751385,-1.3087921305307277,-1.0275702381558092,-1.261529707405278,-0.23646819346794803,-0.29761855933162407
fg:14128,Joey Gallo,Joey Gallo,2022,410,0.0,84,0.638,29.0,1993.0,815,27.55281354931553,52.15780082881802,47.40082304065762,42.70344268064955,39.337548969979466,-2.936432003117621,1.2834069857428212,0.6867709228874906,-0.2800822616656061,-0.23886118853585156,Joey Gallo,2023,332,0.7,102,0.741,30.0,1993.0,1173,24.57256630811189,57.21682582133198,47.18205169198352,42.71287222623173,40.49413445783909,-3.3755529780384625,1.8958787944892614,0.6616127187491762,-0.2766993349521145,-0.07639346961343012
fg:14130,Daniel Vogelbach,Daniel Vogelbach,2022,461,1.4,126,0.793,30.0,1992.0,626,53.89586086453342,47.76734523888547,62.7776925985886,38.73405987205381,30.61976506997251,0.527165096824379,0.7162283204534569,2.7256192957176544,-0.9223727415695554,-1.4083659472534102,Daniel Vogelbach,2023,319,0.2,108,0.742,31.0,1992.0,1247,51.025568986399215,48.31435167793944,54.79184529168042,40.85303060272149,30.149916300067886,0.1535924136491237,0.7685452643033777,1.672458670462845,-0.578061112661714,-1.4403641629749109
fg:14161,Byron Buxton,Byron Buxton,2022,382,3.4,135,0.833,29.0,1993.0,519,43.07943779956309,60.66221876334432,43.25424543234716,49.21073717978907,51.75877789530978,-0.8949836436493511,2.3820456837923016,0.13696831334676676,0.7728706804587318,1.427466688355246,Byron Buxton,2023,347,0.5,96,0.731,30.0,1993.0,1202,40.10997389484884,52.58918767557447,41.7979976386194,41.11847322703846,52.09211406201036,-1.3026778851662224,1.30987409924938,-0.05357740728360633,-0.5350497830232888,1.4528960369511026
fg:14162,Carlos Correa,Carlos Correa,2022,590,4.6,139,0.834,28.0,1994.0,492,58.9243616127516,50.92479446028849,48.267512446923874,43.724095993132345,28.988014626886763,1.1883149023187258,1.1241217152120222,0.801686919219377,-0.11492915411686695,-1.6272678987260478,Carlos Correa,2023,580,1.7,94,0.711,29.0,1994.0,1086,50.37526487021546,46.85825412532262,47.009550750169126,45.84536437311522,30.98411664712046,0.06683410485761852,0.5841574674003239,0.6386985783831591,0.23087797169211888,-1.3303679497843681
fg:14221,Jorge Soler,Jorge Soler,2022,306,0.4,93,0.695,30.0,1992.0,752,43.28520676698408,52.1195552649392,45.53677966735368,43.94968881609594,35.284355446559374,-0.8679290364017795,1.2784662529578756,0.4396138676606421,-0.07842571529247283,-0.7826036313416663,Jorge Soler,2023,580,1.9,126,0.853,31.0,1992.0,1062,50.742184675132656,56.403804506778414,48.29734842289428,34.66004337017389,33.60137904749632,0.11578557378501161,1.7929246972473947,0.8097630162086945,-1.5815495915413889,-0.9852602619435331
fg:14274,Mitch Haniger,Mitch Haniger,2022,247,0.9,114,0.736,32.0,1990.0,680,48.03367156529559,49.81015800799876,43.55961778690569,44.43217185664671,37.31718067282058,-0.2435984983357667,0.9801279992199482,0.1774582144838839,-0.0003545695743550357,-0.5098968513821772,Mitch Haniger,2023,229,-0.7,72,0.631,33.0,1990.0,1361,45.35043549227613,43.41402065331773,40.79411461057158,40.52793297924191,41.07143980883081,-0.6035379379247523,0.1480090645811494,-0.18692807988747479,-0.6307387151535114,-0.00027098574238871675
fg:14344,Matt Olson,Matt Olson,2022,699,3.1,121,0.802,28.0,1994.0,526,48.61231532629672,58.400105724545774,44.75355201390692,42.55607094725197,33.522129596048984,-0.16751812583667297,2.089815816572727,0.3357642238323324,-0.30392865440032396,-1.019009068978788,Matt Olson,2023,720,6.5,162,0.993,29.0,1994.0,936,53.46781560786262,66.9788436621902,51.18800721754309,37.62173752355382,41.03910615335422,0.4794171797191275,3.1320576203991664,1.193743304514102,-1.1016477526901154,-0.004534445561842128
fg:14350,Raimel Tapia,Raimel Tapia,2022,433,0.5,91,0.672,28.0,1994.0,741,55.75440877829561,39.93915738854652,29.31074051478729,40.18033402470324,49.52521569719028,0.7715279105559287,-0.29505195459833417,-1.711827516364461,-0.6883494275252974,1.1278307201374156,Raimel Tapia,2023,169,0.0,82,0.655,29.0,1994.0,1277,46.45343774823388,36.84721508530184,40.87078582293962,42.35546432387308,49.64357042700548,-0.456384309432157,-0.6835552830143106,-0.1767434692774981,-0.33461237413820044,1.130035313344415
fg:14366,Joey Meneses,Joey Meneses,2022,240,1.7,158,0.93,30.0,1992.0,599,57.17807676712505,54.100299824694304,39.94208808676888,39.93909250442786,37.56082176072084,0.9587124932044722,1.5343476831805483,-0.30219692696098815,-0.7273850003843557,-0.4772120068176938,Joey Meneses,2023,657,-0.3,96,0.722,31.0,1992.0,1304,54.9702494426035,40.48393693532682,38.05654631108944,36.59401845514291,29.19124241374524,0.6798597347166153,-0.22303179084155478,-0.5505726120048,-1.2681755051219663,-1.5667732415047073
fg:14387,Harold Ramirez,Harold Ramirez,2022,435,1.3,118,0.747,28.0,1994.0,644,57.09177721049347,41.62473443514843,29.827647179154702,40.98211502195113,31.01042287231216,0.9473657841279277,-0.07730158223919839,-1.6432898788706842,-0.558612305576508,-1.355958573532435,Harold Ramirez,2023,434,1.4,127,0.813,29.0,1994.0,1102,54.444942075459885,43.2868068113061,28.59569920177613,37.617448069786846,40.1147834188611,0.6097774799147394,0.13189978672271055,-1.8073030180189973,-1.1023427997286788,-0.12641404069675388
fg:14477,Jake Cave,Jake Cave,2022,177,0.3,80,0.644,30.0,1992.0,765,40.89227855668427,44.54143166048122,38.06186625636552,46.35369218569245,46.18696267157114,-1.1825524400797562,0.29949039422692925,-0.5514991145769601,0.3105688847257358,0.6799986972236837,Jake Cave,2023,203,-0.1,65,0.62,31.0,1992.0,1292,44.95717166792637,38.32692811840704,39.61296870115445,45.49840968056464,44.72537413405372,-0.656004012581773,-0.49617702272353065,-0.3438254444841997,0.17465873151058892,0.4815304669200761
fg:14551,Anthony Santander,Anthony Santander,2022,647,2.3,121,0.773,28.0,1994.0,563,55.19365826048365,50.63249581909115,42.911318308926006,37.59413662007695,35.01689149879277,0.6978001506637578,1.0863612710430037,0.09149895399813816,-1.1068250576778391,-0.8184843509472732,Anthony Santander,2023,656,2.5,118,0.797,29.0,1994.0,1027,51.59635824839017,49.480400160502846,38.88019419499674,39.43988491015341,39.302051245353326,0.22974249453327045,0.9162037164418478,-0.441163451535798,-0.8070419531223126,-0.23357949769978312
fg:14691,Harold Castro,Harold Castro,2022,443,-0.3,93,0.681,29.0,1993.0,853,58.4441364822566,36.86979453335154,31.07269785114507,33.90687952854038,34.67176620302456,1.125174660819752,-0.691565959088011,-1.4782062428864415,-1.7034644449709238,-0.8647834655369808,Harold Castro,2023,270,-1.5,45,0.589,30.0,1993.0,1391,46.89524753106932,29.817584835826747,27.805781254038163,39.78255014893702,37.58966970765773,-0.39744162613609413,-1.573727807797661,-1.9122316667656203,-0.751517759979345,-0.45937116195576094
fg:14712,Manuel Margot,Manuel Margot,2022,363,1.3,104,0.7,28.0,1994.0,649,55.3797644789846,38.91618017571024,37.68995451833439,43.73267247943395,47.94426362218487,0.7222694898016288,-0.42720472059563913,-0.6008115990891352,-0.11354138282642359,0.9157434516032926,Manuel Margot,2023,336,0.5,92,0.686,29.0,1994.0,1207,54.72750795515454,37.30946141393247,38.26408060745975,43.96179348157344,38.86603929510015,0.647475131266473,-0.6250203435045568,-0.523004820503066,-0.07432880782157768,-0.29107127842503144
fg:14773,Yu Chang,Yu Chang,2022,190,0.3,77,0.605,27.0,1995.0,769,44.248043201407775,41.01319492342739,41.754986761917934,46.89303742662735,37.16004529837945,-0.7413348181215769,-0.15630298811265542,-0.06182124451090197,0.3978409696664525,-0.5309768150839174,Yu Chang,2023,112,0.0,40,0.552,28.0,1995.0,1281,38.8603683966406,43.11184613847549,32.91649210762959,48.62848667595526,45.88114171656509,-1.4693901309956476,0.10974425672409571,-1.2333510494335327,0.6818446960436831,0.6339279789252187
fg:14813,Kyle Farmer,Kyle Farmer,2022,583,1.5,92,0.701,32.0,1990.0,615,57.49202608543624,36.525462830729175,36.45624752055188,45.44760893669224,33.44448546841082,0.9999907073541021,-0.7360482665637976,-0.76439115574088,0.16395449329616238,-1.029425153823382,Kyle Farmer,2023,369,1.4,99,0.725,33.0,1990.0,1109,53.28307666688085,36.92355838396051,37.7975417367924,47.01786806448792,38.859193652884336,0.4547708062937702,-0.6738878176561784,-0.5849774512390623,0.4208660826884957,-0.2919739329531163
fg:14854,Mike Yastrzemski,Mike Yastrzemski,2022,558,1.5,99,0.697,32.0,1990.0,617,48.81347516356456,45.73557595545402,51.11618469617453,40.71126743248081,44.5864204177682,-0.14106952933799757,0.45375528849863817,1.1793977893174796,-0.602438471156961,0.4652833746346981,Mike Yastrzemski,2023,381,1.7,111,0.775,33.0,1990.0,1082,49.52338527743005,46.59466976514286,51.32708259107388,45.572412093040775,39.455431302815335,-0.046816771593506896,0.5507793881745868,1.2122173638266,0.18664980553360977,-0.2133550689287105
fg:14894,Tony Kemp,Tony Kemp,2022,558,1.4,90,0.641,31.0,1991.0,642,59.11202492133404,26.802866000792942,45.29222637682104,45.03157489868581,51.16433657501862,1.2129889684430408,-1.992056755932108,0.4071880818663184,0.09663553848311901,1.3477214273080782,Tony Kemp,2023,419,-0.1,76,0.607,32.0,1991.0,1295,58.38088489545143,27.12074037277685,54.77109261090947,42.782585184940885,41.75644710041297,1.1348790963191548,-1.9152332297649663,1.6697019907882014,-0.2654033079676583,0.09005288950912689
fg:14968,Victor Caratini,Victor Caratini,2022,314,1.5,84,0.642,29.0,1993.0,622,51.440201964226326,44.228209249114514,49.5361909423139,53.01575993552829,32.551668006214754,0.20429383049836855,0.2590269239608707,0.9699034132349912,1.3885658677651396,-1.1491980551341838,Victor Caratini,2023,226,1.2,95,0.711,30.0,1993.0,1124,54.728179421646594,44.13770576173705,45.06976828780196,50.7316496534326,33.30517053904318,0.6475647128880725,0.23965038528330812,0.3810278250834746,1.0226333555153078,-1.0243178029284818
fg:15112,Ryan McMahon,Ryan McMahon,2022,597,3.1,97,0.741,28.0,1994.0,527,49.45637571833387,50.53912814507592,47.28093613935258,54.63396031147725,43.51343678760065,-0.05654064130142948,1.0742996178399606,0.6708748906861018,1.6504087653053514,0.3213408915564015,Ryan McMahon,2023,627,1.8,90,0.753,29.0,1994.0,1078,43.06286747187866,49.472757254808336,44.50435640998892,51.9194368575991,32.228766071482234,-0.9087267376818429,0.9152358839361096,0.30592141119060623,1.2150979497385166,-1.1662506320281383
fg:15149,Trey Mancini,Trey Mancini,2022,587,1.0,105,0.71,30.0,1992.0,676,49.502546145543405,45.15496083890381,43.106896971955535,41.41093146283784,32.11775128259152,-0.050470130328552715,0.3787488341327409,0.1174311008096709,-0.48922501518683054,-1.2074086828562245,Trey Mancini,2023,263,-0.8,75,0.635,31.0,1992.0,1370,42.38527429565673,37.0637091968636,39.26386088183476,41.45027755909145,33.75931423595725,-0.999125731867308,-0.6561403119489336,-0.3901991366543727,-0.4812854505687278,-0.9644352014869931
fg:15161,Mitch Garver,Mitch Garver,2022,215,0.2,100,0.702,31.0,1991.0,780,48.6662841443062,45.58105342744816,48.75538691589612,41.87642618392968,38.45297297618034,-0.16042227852226706,0.4337933780781193,0.8663751227228267,-0.41390276933153414,-0.35752848358024514,Mitch Garver,2023,344,2.2,142,0.87,32.0,1991.0,1047,54.47035433761101,50.50305763294912,54.548083229396745,42.349564769110856,33.792952904313225,0.6131677781335735,1.0457043518848055,1.6400785683467194,-0.3355683159175242,-0.9599996649291346
fg:15172,Tim Anderson,Tim Anderson,2022,351,2.2,110,0.734,29.0,1993.0,571,60.24224075590381,40.105789079617104,29.39811502349477,44.925087362072006,54.585087689613545,1.361590314372484,-0.2735257284014361,-1.7002423641178388,0.07940466550020632,1.8066207018019045,Tim Anderson,2023,524,-0.2,61,0.582,30.0,1993.0,1301,50.11299758711528,32.143005306969215,32.16026787360161,45.319573628745886,46.11917927336987,0.031844527878399496,-1.2792563578754765,-1.3338039980634924,0.1456808068242133,0.6653151989595504
fg:15223,Adam Frazier,Adam Frazier,2022,602,1.3,82,0.612,31.0,1991.0,655,61.31071248590905,27.76450174086972,44.65996688966016,48.97471189195095,44.077644288951966,1.5020735144037236,-1.867828355398469,0.32335559426226507,0.7346791522778953,0.39703023707160573,Adam Frazier,2023,455,0.4,92,0.696,32.0,1991.0,1222,56.65756073380199,33.60304045269507,41.87341984269004,34.861408389265065,44.92482263572308,0.9049671427525003,-1.0943699377056164,-0.04355870852978386,-1.5489211572947614,0.5078294009683193
fg:15271,Austin Wynns,Austin Wynns,2022,177,0.6,93,0.671,32.0,1990.0,722,51.48338266261031,33.40085537040393,41.20633658395185,45.22218076687292,35.048715876442856,0.20997125042274617,-1.1396990159220637,-0.13456781483100805,0.1274776971898313,-0.8142150594011767,Austin Wynns,2023,145,0.1,38,0.545,33.0,1990.0,1271,43.18741689704268,30.62161674232044,38.72533714758197,51.35021072634123,38.37279503711113,-0.8921103620211802,-1.471912052657011,-0.4617338674640026,1.1228626773012529,-0.3561096121400281
fg:15279,Garrett Cooper,Garrett Cooper,2022,469,1.2,110,0.752,32.0,1990.0,658,53.38250372458571,46.61818248221551,44.08378191732213,42.01033450487694,33.945703766575946,0.4596686420717715,0.5677743422324114,0.24695813320071328,-0.3922349071293565,-0.9621859114214265,Garrett Cooper,2023,457,0.4,95,0.724,33.0,1990.0,1218,45.54601565674581,45.21495312697301,33.293758052309,44.218921399635306,32.277020750530774,-0.5774452162576494,0.3760638199728363,-1.183236976311522,-0.03266476207361655,-1.1598878536106776
fg:15362,Jeff McNeil,Jeff McNeil,2022,589,5.5,140,0.836,30.0,1992.0,482,68.20183690907172,38.003381582747046,41.634635324746206,50.52965886607565,41.18307594141874,2.408122016758178,-0.5451241203094229,-0.07777887040614076,0.9862869428071912,0.008719228711944168,Jeff McNeil,2023,648,2.4,99,0.711,31.0,1992.0,1034,63.31718384586165,31.95526248449721,39.55677260404336,47.76325089479281,43.4480659026988,1.7934401264108963,-1.3030305104779316,-0.35129024579879997,0.5416451275143292,0.31310681542847973
fg:15429,Kris Bryant,Kris Bryant,2022,181,0.6,127,0.851,30.0,1992.0,713,58.58781984077022,38.847563975230976,47.48370023651124,40.22878439193004,38.48133076700631,1.1440662210064967,-0.43606886788237964,0.6977597678714638,-0.6805096168750788,-0.35372424024293736,Kris Bryant,2023,335,-1.2,74,0.68,31.0,1992.0,1387,50.758481442232736,36.12052985588523,44.68225504952856,36.93668369392652,32.65386004629766,0.11795975647459568,-0.775576513496647,0.32955255403805106,-1.2126513119789988,-1.1101984766376227
fg:15464,Hunter Renfroe,Hunter Renfroe,2022,522,2.4,124,0.807,30.0,1992.0,555,50.44280718823018,52.70897634468071,40.8361475860639,40.52486748087236,34.867757642135395,0.0731558641006117,1.3546103009850963,-0.18365187795191762,-0.6326000655774848,-0.8384908981440404,Hunter Renfroe,2023,548,0.5,93,0.713,31.0,1992.0,1203,47.16008904894259,43.38596521214114,38.202664076418166,40.57565781989742,35.368724223185986,-0.36210861560050184,0.1444563623735274,-0.5311630774857727,-0.62300556054559,-0.7522211875613379
fg:15491,J.P. Crawford,J.P. Crawford,2022,603,2.2,105,0.675,27.0,1995.0,572,61.62511675718944,32.387903357073725,57.32568676915638,38.50409647936728,40.10858144282785,1.5434115459983848,-1.2705566818645695,2.0027274761492677,-0.9595833873982023,-0.13542593980007703,J.P. Crawford,2023,638,4.8,136,0.818,28.0,1995.0,953,59.00604849290622,41.232988507876655,59.88714006477019,39.73563035877913,40.126408592474334,1.2182833606985375,-0.12817827709103882,2.3492914947290333,-0.7591204672168864,-0.12488116543524595
fg:15518,Amed Rosario,Amed Rosario,2022,670,3.0,104,0.715,27.0,1995.0,531,60.27147476279539,40.377961106034974,30.56021886712265,40.99137251782279,56.89549552299695,1.3654340162904044,-0.23836533023529483,-1.5461568058243218,-0.5571143393301585,2.116565635825569,Amed Rosario,2023,545,0.4,87,0.683,28.0,1995.0,1224,55.17876629100647,37.05971208272841,31.660753109587684,34.91154838141345,44.727148383911846,0.7076783639883146,-0.6566464724517329,-1.4001569773407225,-1.5407966605756995,0.48176441643392726
fg:15585,Mike Ford,Mike Ford,2022,149,-0.3,81,0.615,30.0,1992.0,856,49.53814776456672,38.27291555035293,51.73523558081912,43.608350960646895,34.48058088077134,-0.04578921156745063,-0.5103045183648333,1.261478923198577,-0.1336579933461268,-0.8904312846085124,Mike Ford,2023,251,0.8,125,0.798,31.0,1992.0,1164,41.45284675231627,51.1762853404838,45.6538380938723,42.12246302741782,32.86431018846697,-1.1235226635760682,1.130956176931365,0.45861266247090465,-0.37236703239553615,-1.0824488853244258
fg:15640,Aaron Judge,Aaron Judge,2022,696,11.1,206,1.111,30.0,1992.0,463,57.56148788185634,80.0,57.33827602825117,46.72665674205364,45.824005604925006,1.0091235792560722,4.880186645886074,2.004396709950326,0.3709187162848489,0.6313074218351669,Aaron Judge,2023,458,4.8,173,1.019,31.0,1992.0,951,48.05004686781599,73.65699716705429,60.22130209069687,42.37342718943861,36.17671403278689,-0.2433776505954825,3.9777221227048942,2.3936798643607498,-0.331701738613564,-0.6456810504507906
fg:15653,Dominic Smith,Dominic Smith,2022,152,-0.2,65,0.56,27.0,1995.0,845,47.64619303491581,38.16844958676893,43.62351654002688,45.083220866632665,41.308466628496674,-0.2945443702409471,-0.5237998981904721,0.18593067165965627,0.1049924330274938,0.02554059144799323,Dominic Smith,2023,586,-0.1,91,0.692,28.0,1995.0,1285,56.99477072118771,34.56828482063687,41.991301087332566,43.1035265069497,27.87639984830089,0.949954968425317,-0.9721396090040718,-0.027899968595679517,-0.21339917701456243,-1.7401461052917113
fg:15674,Reese McGuire,Reese McGuire,2022,274,1.4,89,0.677,27.0,1995.0,638,54.3635780273388,35.31116122705841,34.24462465290255,51.970716786287824,36.624740114693815,0.5886607844455287,-0.8929171720158849,-1.0576344370233892,1.2194662121732287,-0.6027888681087726,Reese McGuire,2023,206,0.5,80,0.668,28.0,1995.0,1208,48.46446812362581,30.46975694863412,32.72051330762433,47.52918034656108,35.720970293628866,-0.18808892277332676,-1.4911422840008182,-1.2593838680654215,0.5037172116999493,-0.7057746306917994
fg:15676,Jose Abreu,Jose Abreu,2022,679,3.8,137,0.824,35.0,1987.0,508,62.53002832726394,49.70745606077021,45.444447589950016,40.771489886729285,35.071554451393595,1.6623897740032905,0.9668605029069743,0.4273713819540902,-0.5926938053221406,-0.8111512277676355,Jose Abreu,2023,594,-0.5,86,0.68,36.0,1987.0,1339,49.38637439762154,43.20759714946794,36.42352333653034,37.87270168557461,32.32471143531053,-0.06509565361562844,0.12186934953563683,-0.7674950082908482,-1.060982458908142,-1.153599442500838
fg:15679,Rowdy Tellez,Rowdy Tellez,2022,599,1.0,110,0.767,27.0,1995.0,674,51.9703714479843,55.98659585494231,48.92393973733376,37.68582112209327,27.01519496816438,0.27400078066434536,1.778027830459552,0.8887238618097641,-1.091989481055626,-1.8919248351024514,Rowdy Tellez,2023,351,-0.7,79,0.667,28.0,1995.0,1358,50.477506785894114,44.74859609736401,49.33540163281791,41.00277868096524,32.35964190742426,0.0804743932567423,0.31700833628953645,0.9476526805166038,-0.5537964943750455,-1.1489935709364787
fg:15711,Tyler O'Neill,Tyler O'Neill,2022,383,1.5,99,0.7,27.0,1995.0,616,46.06008520354354,46.765602362342015,45.72135964334579,46.6708048575281,49.62520055457469,-0.5030866250226379,0.5868187008723207,0.46408767764457687,0.3618812574542799,1.1412438498791,Tyler O'Neill,2023,266,0.7,97,0.715,28.0,1995.0,1174,48.2587408719826,45.27661288774983,46.2083318265254,45.07128881949682,39.92853319010356,-0.21553538663646699,0.38387188710870557,0.5322687659590877,0.10544966534004449,-0.15097267333408967
fg:15937,Aledmys Diaz,Aledmys Diaz,2022,327,0.8,97,0.691,32.0,1990.0,695,54.70922374080142,42.32415629142263,36.86117195710709,46.68762852384276,32.13126442736742,0.63410645655898,0.013052857474404144,-0.7107014547598404,0.36460351459904056,-1.2055958727083793,Aledmys Diaz,2023,344,-0.4,71,0.616,33.0,1990.0,1331,51.09537448813167,34.75927135435273,34.07713369759157,42.83272517708927,36.16440033406901,0.16290529838094797,-0.9479547004265317,-1.0791773734680878,-0.25727881124859653,-0.6473047134402895
fg:15941,Austin Nola,Austin Nola,2022,397,0.2,89,0.649,33.0,1989.0,787,60.68583721191748,36.41911472488707,50.09539339503864,35.031835092775495,36.04321369414324,1.4199145993425804,-0.749786789933875,1.0440491297298304,-1.5214340679414007,-0.6808015745436433,Austin Nola,2023,154,-0.9,36,0.452,34.0,1989.0,1380,49.97419890384088,28.260530207463788,52.19034782577024,40.58906703041713,37.7310511772011,0.013327131596115722,-1.7708999492284219,1.3268890899799506,-0.6208327822461811,-0.4407288462098706
fg:15986,Willy Adames,Willy Adames,2022,617,4.4,109,0.756,27.0,1995.0,493,47.1170111422928,50.58152064675767,40.304032226128136,55.81695304509938,44.78915807449501,-0.3641214714281758,1.0797760705746755,-0.2542060653094743,1.84183020466757,0.4924809579922143,Willy Adames,2023,638,3.4,95,0.717,28.0,1995.0,993,43.18976163489479,43.141522002215495,42.304112150449,59.68135056801696,38.5185577868926,-0.8917975460854569,0.1135021554489309,0.013652248643838178,2.472809404644643,-0.3368895883689379
fg:15998,Cody Bellinger,Cody Bellinger,2022,550,1.5,83,0.654,27.0,1995.0,621,44.72138981413834,42.7916668075568,38.49836138014046,46.648600305631895,53.39455274336606,-0.6790989675951323,0.07344795431987604,-0.49362339614779355,0.3582883129132345,1.6469085202399285,Cody Bellinger,2023,556,4.4,135,0.881,28.0,1995.0,960,61.22046972669609,43.64874550727367,39.7088514039904,44.69779235384675,47.642847980370654,1.5137135085546538,0.17773262164746356,-0.33108887801478243,0.044929695556747605,0.866223516151193
fg:16153,Austin Slater,Austin Slater,2022,325,2.1,124,0.774,30.0,1992.0,575,48.83448332018005,44.50705702161025,49.44484097630285,42.55271069338762,54.28285892100422,-0.13830736634835386,0.29504972482593406,0.957791147545408,-0.30447238101254664,1.7660762254574438,Austin Slater,2023,207,0.7,109,0.748,31.0,1992.0,1172,48.7846674970093,44.98924480799336,46.7332313027359,44.28086050130815,37.32765030103109,-0.1453705154627969,0.3474820401294764,0.601993720208194,-0.02262838179590613,-0.4939205871786044
fg:16219,J.D. Davis,J.D. Davis,2022,365,1.1,118,0.758,29.0,1993.0,667,40.5388671834384,54.159948877699975,43.6577990730658,39.49984359866663,37.47619323822036,-1.2290191450442114,1.5420534143003684,0.19047625790135395,-0.7984603801304767,-0.4885650594882778,J.D. Davis,2023,546,2.1,103,0.738,30.0,1993.0,1056,43.141700729456446,47.27628102606684,40.56735797348957,48.86845677894922,35.293875551663035,-0.8982094428750527,0.6370928350451059,-0.21704926853938344,0.720728553637388,-0.76209060377407
fg:16252,Trea Turner,Trea Turner,2022,708,6.3,128,0.809,29.0,1993.0,473,57.22447103075313,46.77450605620383,37.57921834824954,46.95192025872868,61.82359870727462,0.9648124343021498,0.5879689198182247,-0.615494318438503,0.4073688696731146,2.7776786195345693,Trea Turner,2023,691,4.1,107,0.778,30.0,1993.0,971,50.04731431885431,46.11442626148138,34.40235414246152,43.28183415621074,65.23574856812645,0.023081598153055133,0.4899654396462035,-1.035976757603237,-0.18450687270151628,3.1859929222994463
fg:16403,Francisco Mejia,Francisco Mejia,2022,299,0.3,84,0.645,27.0,1995.0,764,49.754340509448426,36.13274810076868,22.65531171729943,40.70588654689927,34.77782693158582,-0.017364080820781287,-0.7867809096382921,-2.59428347549994,-0.6033091585532459,-0.8505552478857786,Francisco Mejia,2023,160,-0.1,79,0.658,28.0,1995.0,1286,47.50188333119556,37.62118971075586,27.27258646679464,40.004557386365455,38.42167853457103,-0.31650919043171677,-0.5855457260379539,-1.983058527586315,-0.7155445379102767,-0.34966391881576087
fg:16426,Thairo Estrada,Thairo Estrada,2022,541,2.8,106,0.722,26.0,1996.0,533,56.92939464264333,38.58002962341107,39.31126971295083,46.13028464759033,49.09053171647757,0.9260156425001607,-0.47063015052744556,-0.38583833460672917,0.2744190494034692,1.0695171636404024,Thairo Estrada,2023,530,3.5,100,0.731,27.0,1996.0,987,53.86219633011392,37.97974816532617,31.783253605263123,60.22000967368723,49.74632866930168,0.5320322618491424,-0.5401409361044995,-1.383884639791204,2.5600917106282424,1.1435848372287372
fg:16434,Christian Arroyo,Christian Arroyo,2022,300,0.3,102,0.736,27.0,1995.0,760,59.90060663852898,43.20466897308582,30.9297578803584,38.87924632058993,37.57139562514889,1.3166720889287193,0.12680141894516486,-1.497158925404352,-0.8988799523369639,-0.4757935058651037,Christian Arroyo,2023,206,-0.3,67,0.638,28.0,1995.0,1312,48.10109044531039,35.74307171129223,28.51043016166946,42.98501945580854,37.45656817946468,-0.2365678298548881,-0.8233745992633172,-1.8186297199681503,-0.2326016161639867,-0.4769216989734428
fg:16442,Ryan O'Hearn,Ryan O'Hearn,2022,145,-0.4,70,0.611,29.0,1993.0,871,51.987763312442745,42.30062826247142,38.50680012314596,42.61596409521189,39.67501952444624,0.276287471743781,0.01001340159469147,-0.4925044871669588,-0.2942372740016296,-0.1935889698271918,Ryan O'Hearn,2023,368,1.6,118,0.801,30.0,1993.0,1092,55.43190596302946,49.02322456223762,34.52819225336181,45.13349212244852,38.73136149920422,0.7414502090161956,0.8583108910535593,-1.0192610683656314,0.1155288558044202,-0.30882965937241763
fg:16451,Luis Guillorme,Luis Guillorme,2022,335,1.8,104,0.691,28.0,1994.0,596,63.34236708518413,32.8454558733149,54.096659286406826,50.48221881470745,33.40069237538255,1.769196482142841,-1.2114480039276985,1.5745845824201468,0.9786106125490048,-1.035300067824804,Luis Guillorme,2023,120,-0.4,69,0.615,29.0,1994.0,1332,50.70376273130181,29.106821612504604,45.71008559201572,41.55565204765283,40.32207926558421,0.11065962919341281,-1.6637328109875613,0.46608429163500753,-0.46421096272165935,-0.09908036931884943
fg:16478,Kyle Schwarber,Kyle Schwarber,2022,669,2.2,129,0.827,29.0,1993.0,568,45.20567986462333,63.941630815555584,54.17809957039529,24.56154898648037,41.43496198689643,-0.6154242683730128,2.805694781843106,1.585382904527722,-3.2156433221813714,0.04251014762202069,Kyle Schwarber,2023,720,0.9,118,0.817,30.0,1993.0,1150,40.0307057036475,58.640444604912624,60.16456244752341,21.86116020171464,29.986250253983776,-1.3132532052948236,2.076153756604603,2.386142861175032,-3.6554327306145526,-1.4619448843936067
fg:16505,Matt Chapman,Matt Chapman,2022,621,3.9,118,0.757,29.0,1993.0,506,47.18324253741446,53.23334564507228,52.194637131691394,47.77792643958996,41.53566858257989,-0.35541333431239286,1.4223506695693464,1.3223918483517,0.5410258969470126,0.05602009971958897,Matt Chapman,2023,581,3.0,109,0.755,30.0,1993.0,1003,45.28421826565799,53.23540974892205,49.696546998918656,48.18179284832667,39.70051882079976,-0.6123721040499287,1.391706160707449,0.9956253786614823,0.6094640996077444,-0.18103825322154005
fg:16512,Isiah Kiner-Falefa,Isiah Kiner-Falefa,2022,531,1.4,84,0.642,27.0,1995.0,641,64.11813863247664,32.15884320420823,43.91712651578854,44.664836890620485,51.082173134063225,1.8711953150518819,-1.300147695624311,0.22486097662667814,0.03729323199425992,1.3366990692991958,Isiah Kiner-Falefa,2023,361,0.5,81,0.646,28.0,1995.0,1211,55.19160862858767,36.95363052526386,43.83041848183217,46.57975314439329,41.490366809645565,0.7093916846666665,-0.6700797377146134,0.21639895339218632,0.3498755803296851,0.05496800313565162
fg:16530,Mauricio Dubon,Mauricio Dubon,2022,265,0.2,59,0.565,28.0,1994.0,793,57.24279989843943,32.524050925264696,35.45803437697278,50.39372991341119,39.24776129939277,0.967222323036883,-1.252968530833953,-0.8967461344871367,0.9642921198209492,-0.25090634923606353,Mauricio Dubon,2023,492,1.8,97,0.72,29.0,1994.0,1080,60.595416253179536,35.16858979873486,27.704377115806984,46.51165028667937,44.52079118110126,1.4303239360192883,-0.896122097551972,-1.9257016723939047,0.3388404480859868,0.4545545130168925
fg:16535,Danny Jansen,Danny Jansen,2022,248,2.7,141,0.855,27.0,1995.0,535,55.94887169695365,51.6216753279832,49.33415393547459,48.44579911589058,39.86257334752376,0.7970959928301898,1.2141478986703205,0.9431149423375874,0.6490951566936222,-0.16842832222216805,Danny Jansen,2023,301,1.9,115,0.786,28.0,1995.0,1064,50.01328971648103,45.50036388685974,42.83553666592067,47.49003441343952,36.614631279193766,0.018542311247519087,0.41220580862831024,0.08424395564195335,0.497374151169156,-0.5879380406740871
fg:16556,Ozzie Albies,Ozzie Albies,2022,269,1.1,94,0.703,25.0,1997.0,670,51.80828272082152,37.56688084743515,32.12474637780385,48.11505837846034,38.34519194025267,0.252689273357825,-0.6015132351474642,-1.3387131283330755,0.5955776107144759,-0.3719874832368919,Ozzie Albies,2023,660,4.1,125,0.849,26.0,1997.0,969,58.89170624082574,47.49513001056284,35.41635081033449,38.15745307517351,51.271701521896624,1.2030287434094307,0.6648060071695747,-0.9012826409571073,-1.0148424091909845,1.3447178601073833
fg:16572,Connor Joe,Connor Joe,2022,467,0.3,89,0.697,30.0,1992.0,761,54.29470572106702,36.47630287960288,53.823862532943686,40.71345271734228,43.69805133033032,0.5796054190045137,-0.7423989686479813,1.5384139421727105,-0.6020848676548347,0.3461072299661721,Connor Joe,2023,472,1.4,106,0.76,31.0,1992.0,1107,52.29994695242559,43.204969903034765,51.45893993923173,46.1553116360972,36.96436877482984,0.3236096015187534,0.12153665741561834,1.2297326176692762,0.28110066645694626,-0.5418222601345136
fg:16578,Yandy Diaz,Yandy Diaz,2022,558,3.9,145,0.824,31.0,1991.0,503,67.64770329192505,46.51127142525237,64.92579651901417,39.43760051270096,28.02447978466249,2.335264250290864,0.5539630943218132,3.010440479010508,-0.8085320067493604,-1.7565276505272551,Yandy Diaz,2023,600,5.0,163,0.932,32.0,1991.0,947,67.38892257183225,54.49713322046596,53.62737867223051,38.57545417948859,28.33522796246899,2.3366585328683898,1.551480078877117,1.5177768971985188,-0.9471110742812864,-1.679645824703038
fg:16622,Luis Urias,Luis Urias,2022,472,2.4,110,0.739,25.0,1997.0,558,53.17509082895716,42.19492435579912,50.65605518813373,44.828186627618415,37.75053315225912,0.43239789031729936,-0.003641901248991253,1.118388342939217,0.06372504419977033,-0.45176191792678044,Luis Urias,2023,177,0.0,84,0.636,26.0,1997.0,1279,44.96398389089357,32.38375776720585,49.57020496235643,42.68043089837001,35.93493581491317,-0.6550951809612479,-1.2487695160685903,0.9788427505235423,-0.28195600633320517,-0.6775615075760278
fg:16725,Jose Trevino,Jose Trevino,2022,353,3.8,90,0.671,30.0,1992.0,509,54.12715615212116,39.830029742509616,33.8533228309226,73.8819652718497,36.76134904054764,0.5575759174759579,-0.3091495513869927,-1.1095178896353557,4.764950984921817,-0.5844625605629732,Jose Trevino,2023,168,0.7,57,0.57,31.0,1992.0,1182,55.42178977094745,33.62994922065263,38.45352197611747,55.245243518597526,36.39771754146754,0.7401005885930687,-1.0909624404317195,-0.49784040072138114,1.7539992169255787,-0.6165399105045098
fg:16930,Jonah Heim,Jonah Heim,2022,450,2.7,99,0.697,27.0,1995.0,539,51.67120850588135,44.7933469900706,43.103330939214445,56.5206583388908,35.765883718418834,0.23466668668960247,0.3320339418100241,0.11695827374794414,1.955697582205827,-0.7180058376986934,Jonah Heim,2023,501,4.0,107,0.755,28.0,1995.0,974,54.28860073108185,43.26029491864433,39.46572555910495,61.44506850870119,39.53755997289113,0.588919683854602,0.12854254635729048,-0.3633844682748401,2.7585956604548203,-0.20252572471346078
fg:16939,Lane Thomas,Lane Thomas,2022,548,1.4,98,0.705,27.0,1995.0,635,52.163656841569086,41.12851830876704,44.344409548779055,42.13348105466112,39.37450419728879,0.29941404135019933,-0.14140499804447695,0.2815152464225305,-0.37230841971974854,-0.2339035852397073,Lane Thomas,2023,682,2.9,109,0.783,28.0,1995.0,1007,53.77561950929431,46.71737735159985,40.04159167880504,45.71800176650019,50.16451605986967,0.5204818835447061,0.5663180321956783,-0.286889366508732,0.2102406114685146,1.1987263023804102
fg:16997,Gleyber Torres,Gleyber Torres,2022,572,2.6,114,0.761,26.0,1996.0,545,50.68877700446927,49.40936438757946,40.342619191635535,43.77473164522061,37.99537992183412,0.10549609915408825,0.9283516889875508,-0.249089746182176,-0.10673573996452207,-0.4189153292227001,Gleyber Torres,2023,672,3.7,122,0.8,27.0,1996.0,983,60.28506456901377,45.47454635247808,48.31135172409725,41.752186763758246,35.375015911850355,1.3889193276541631,0.40893649588374326,0.8116231429185979,-0.43236521269731376,-0.7513915763892739
fg:17022,Edmundo Sosa,Edmundo Sosa,2022,190,1.3,81,0.644,26.0,1996.0,654,44.0908162382536,36.71330581246757,27.93793778307925,52.47961029531346,53.22054606591506,-0.7620070982529227,-0.7117818710875158,-1.8938500408591248,1.3018108667185826,1.623565244051651,Edmundo Sosa,2023,300,1.0,91,0.719,27.0,1996.0,1144,46.64455768112091,40.7808163317248,25.861649343674507,46.96853312283716,44.16037244106256,-0.43088663574229974,-0.18543751170183992,-2.1704801784291607,0.412872033339814,0.40703032208693496
fg:17027,Alex Verdugo,Alex Verdugo,2022,644,1.1,102,0.732,26.0,1996.0,668,64.5968024413587,41.28374623207643,45.24747026844886,38.8688138557154,33.41492199591012,1.93413027320053,-0.1213519615076441,0.40125378435634357,-0.9005680416934075,-1.0333911413002859,Alex Verdugo,2023,602,1.6,100,0.745,27.0,1996.0,1096,62.51218538874348,41.458405146405255,48.51213038424264,44.03847524682131,39.37900460354905,1.6860437514206932,-0.09963343317664333,0.838293550353373,-0.06190358150075122,-0.22343256114703253
fg:17040,Jose Herrera,Jose Herrera,2022,124,-0.3,31,0.457,25.0,1997.0,866,43.35859110091555,25.595954447827907,43.94235641663792,46.67703140582396,38.013034099575854,-0.8582804272965086,-2.147970981622645,0.2282062571533571,0.36288878252453394,-0.4165469928292979,Jose Herrera,2023,120,-0.5,56,0.553,26.0,1997.0,1344,49.60585169770134,26.19208011088768,49.294316140698925,41.57603006471123,38.59415487404132,-0.03581476964276913,-2.0328308587517228,0.942195094467976,-0.46090898508588257,-0.32692148736781135
fg:17128,Ramon Laureano,Ramon Laureano,2022,383,0.6,94,0.663,28.0,1994.0,723,43.47113325437704,44.63335405716496,40.54449026271552,41.59514612958482,45.14945507545061,-0.8434833284003127,0.31136534004823097,-0.22232327702261773,-0.459417024268433,0.5408153812817041,Ramon Laureano,2023,404,1.1,90,0.676,29.0,1994.0,1137,44.32823916298951,41.27580741494053,41.68432678815052,49.09823787341398,43.274485700908656,-0.7399110940754849,-0.12275605525904994,-0.06867686005048455,0.7579614224132032,0.2902188306065759
fg:17232,Yoan Moncada,Yoan Moncada,2022,433,0.8,76,0.626,27.0,1995.0,701,45.04693214865988,42.510739000846414,41.77112815208532,49.52987048334192,40.772650918821945,-0.6362964978479905,0.037156445343443374,-0.0596810268967769,0.8245100139713403,-0.04633994946100102,Yoan Moncada,2023,357,1.2,99,0.73,28.0,1995.0,1123,47.2338896441852,45.189499513072526,38.1463677519284,44.56668114268352,38.84530368646358,-0.35226273784621437,0.37284059101960026,-0.5386411924912973,0.023684925478295808,-0.2938054398723176
fg:17273,Jorge Mateo,Jorge Mateo,2022,533,2.8,83,0.646,27.0,1995.0,534,42.517089295181215,39.949744953732434,32.73055403429398,56.73346875897412,62.37242096479291,-0.9689215076188167,-0.2936842056329236,-1.2583879392541388,1.990132685453587,2.8513040097965647,Jorge Mateo,2023,350,0.6,66,0.607,28.0,1995.0,1195,46.306764009793255,38.81020564156679,37.08461545231713,44.76911541355117,59.98069124236366,-0.47595233179977275,-0.4349788717974159,-0.6796789223224297,0.05648661728196631,2.493070163425673
fg:17338,Willi Castro,Willi Castro,2022,392,0.8,85,0.651,25.0,1997.0,698,48.951771829914335,36.73684503327419,28.842332167302445,46.39373071976192,46.3898220481948,-0.12288621414408635,-0.7087409693939267,-1.7739346698062988,0.3170475668035741,0.7072126095015119,Willi Castro,2023,409,2.5,107,0.75,26.0,1997.0,1028,48.10488345991514,39.87519896880587,37.97182040780747,47.57181068295199,59.48878493402744,-0.23606179656347825,-0.3001171841493888,-0.5618271664438685,0.5106248718989272,2.428208249434988
fg:17350,Rafael Devers,Rafael Devers,2022,614,5.0,140,0.879,26.0,1996.0,487,55.96678927904132,56.58380579770419,37.0685840931825,45.38654081972945,38.84428667080765,0.7994518055277198,1.8551780786046252,-0.6832002852565541,0.1540729897873739,-0.3050331208519238,Rafael Devers,2023,656,3.5,126,0.851,27.0,1996.0,985,54.72697159914236,56.56049937255918,40.23330064284094,39.14951061373221,33.29952158644176,0.6474035749909257,1.8127672009556184,-0.2614237309873394,-0.8540931176217422,-1.0250626640363014
fg:1744,Miguel Cabrera,Miguel Cabrera,2022,433,-1.3,78,0.622,39.0,1983.0,925,50.06591280243424,37.96409236971917,38.42836316426897,39.697584067444765,29.15046780701937,0.02360160084447303,-0.5501996763534288,-0.5029045926873704,-0.7664637633484152,-1.6054745428212593,Miguel Cabrera,2023,370,-0.7,88,0.675,40.0,1983.0,1357,51.81001017215616,37.36092538759479,42.24925153951754,40.40727497788673,28.54077545076885,0.2582462039742723,-0.6185033840423156,0.0063648464637294875,-0.6502896862274119,-1.6525426888392174
fg:17452,Jose Siri,Jose Siri,2022,325,1.8,75,0.607,27.0,1995.0,598,37.38614263009563,39.488248296625855,34.909467330262025,57.7280409092706,57.409962645954536,-1.6435409537480137,-0.3533024053052802,-0.9694816822760307,2.1510655696112173,2.185582229423644,Jose Siri,2023,364,2.6,106,0.761,28.0,1995.0,1024,33.222055898901274,51.93032788458562,32.32328031737703,53.64320381466414,51.62210024283864,-2.221608123421284,1.2264417048262781,-1.3121502611111664,1.4944106976475193,1.3909208286707644
fg:17484,Eloy Jimenez,Eloy Jimenez,2022,327,1.6,143,0.858,26.0,1996.0,609,51.8978406666188,56.93530519651532,41.23590735076712,39.218563544321775,34.80731481350222,0.2644643970794079,1.900586341092204,-0.13064697063203032,-0.8439746350673744,-0.8465994010075716,Eloy Jimenez,2023,489,0.6,106,0.758,27.0,1996.0,1187,50.81557100286037,48.23514627971641,34.736203182102635,38.51083572504402,34.14826607988248,0.12557618332234521,0.7585153670242241,-0.9916299634644105,-0.9575816068568013,-0.9131486848888903
fg:17548,Taylor Ward,Taylor Ward,2022,564,3.7,136,0.833,29.0,1993.0,511,58.16553903978626,50.560900349457896,52.75746216214098,45.36769652169758,36.35900566589774,1.0885445290720819,1.0771122484585443,1.397017889315179,0.1510237718585489,-0.638437572640431,Taylor Ward,2023,409,1.4,108,0.756,30.0,1993.0,1108,55.631517212799125,44.93357132611641,47.37335299045584,45.635420446490095,37.72071604730517,0.7680807254388866,0.34043202438653086,0.6870242020679905,0.19685944336836445,-0.4420916185407644
fg:17620,Myles Straw,Myles Straw,2022,596,1.5,65,0.564,28.0,1994.0,623,59.540668569516384,26.95556038299476,53.46120644670145,57.0453651983725,60.86962354341476,1.2693472507248054,-1.972331013552889,1.4903286821302613,2.040601013503909,2.6497013139911756,Myles Straw,2023,518,0.2,68,0.597,29.0,1994.0,1253,58.11078482530547,26.21895390565101,46.1280546812437,44.05617391110799,51.31732169211536,1.0988445323249318,-2.0294277901853826,0.5216051617154227,-0.05903575616277775,1.3507332567526837
fg:17678,Alex Bregman,Alex Bregman,2022,656,5.4,137,0.82,28.0,1994.0,484,62.775312993358256,44.71963843659012,63.70679122401671,50.8603996035059,31.60900799178112,1.6946399251714026,0.32251194161502517,2.848810249085391,1.0398044887863385,-1.275657415147916,Alex Bregman,2023,724,4.4,125,0.804,29.0,1994.0,961,63.77684129396105,40.693205029819374,61.81927911837332,45.33324704054444,32.558236838607144,1.854763900669853,-0.19653186105578108,2.6059469368109838,0.14789639531028625,-1.1228071872144678
fg:17696,Kevin Newman,Kevin Newman,2022,309,1.2,92,0.687,29.0,1993.0,663,60.91637464207645,32.89665152961577,38.7028253901882,45.016771864088334,50.58444390563303,1.4502257765185562,-1.20483432035556,-0.46651312428019087,0.09424024212242052,1.2699278912247465,Kevin Newman,2023,253,0.0,79,0.675,30.0,1993.0,1275,61.21851595809579,32.29719309865976,42.92027164639583,41.93853247133447,43.89609528696693,1.5134528525703026,-1.2597313286849026,0.09549971584880909,-0.40217045149085534,0.37218319419253615
fg:17893,Tyler Nevin,Tyler Nevin,2022,184,-0.5,68,0.56,25.0,1997.0,884,46.7398839391853,34.40265375178825,46.88463341939068,41.20216230618891,36.38418483628475,-0.41370634562144415,-1.010282225977644,0.6183283595018176,-0.5230061968664629,-0.6350597463572917,Tyler Nevin,2023,111,-0.5,76,0.622,26.0,1997.0,1341,49.38845001891645,38.317279273045926,46.07160062679266,40.86228351177042,38.9465540052804,-0.06481874103156682,-0.49739887035015184,0.514106094670828,-0.5765618059010079,-0.28045474816673965
fg:17901,Andrew Benintendi,Andrew Benintendi,2022,521,2.0,121,0.772,28.0,1994.0,582,62.27456157983376,39.06160045241685,49.3572057709134,40.292037793754304,38.34965476980847,1.6288008776640408,-0.4084186796577483,0.9461714290300256,-0.670274509864164,-0.3713887874602224,Andrew Benintendi,2023,621,-0.3,88,0.682,29.0,1994.0,1308,59.78752444245501,31.511645799236057,43.95344968405847,30.31054289325268,47.08172486705705,1.322541553222312,-1.3592063505634653,0.2327417872779668,-2.2863263743084015,0.7922347941178578
fg:17907,Brendan Rodgers,Brendan Rodgers,2022,581,1.8,94,0.733,26.0,1996.0,594,57.05453134300768,45.6959660477231,43.13103569982431,46.84139145868048,40.005178454267536,0.9424686787526483,0.4486383036803489,0.12063170063605468,0.3894840751220742,-0.14929761734725797,Brendan Rodgers,2023,192,0.2,77,0.7,27.0,1996.0,1249,51.21939011010779,41.686220734614,38.862785927868366,45.94161910492387,37.82386461693715,0.17945045834320567,-0.0707848066993229,-0.4434758764554132,0.24647472827834313,-0.4284906267698701
fg:17919,Ian Happ,Ian Happ,2022,641,3.7,122,0.781,28.0,1994.0,512,52.08148059173529,46.67243848323089,43.770744982293664,45.59211437565831,42.26985425670909,0.2886094667236332,0.5747833748053421,0.20545197076537283,0.18733708757284892,0.15451229102931777,Ian Happ,2023,691,3.2,118,0.791,29.0,1994.0,998,51.91433444516755,45.47967284300495,53.68166186862453,40.87005736880675,43.68932081387519,0.2721643036250726,0.4095856709973166,1.5249875985929897,-0.5753021591942599,0.34491827023880883
fg:17929,Cedric Mullins,Cedric Mullins,2022,672,3.7,107,0.721,28.0,1994.0,513,55.10278419991074,40.63330658597292,39.55877721575128,51.46299824626506,51.65185299900871,0.6858519835100482,-0.20537866050767778,-0.35302084419056895,1.13731168073797,1.4131225412091601,Cedric Mullins,2023,455,1.9,98,0.721,29.0,1994.0,1069,49.13564932768833,41.730584266020855,43.56966752582209,45.21500419068214,50.71096873591879,-0.09854536198698169,-0.06516698679141271,0.1817621337682277,0.12873676634752615,1.2707806059606193
fg:17982,Ty France,Ty France,2022,613,2.6,127,0.774,28.0,1994.0,542,59.57640669647195,43.14018924186508,37.0135246245394,38.32105678162317,35.07962004182184,1.2740461176174425,0.11847163923486381,-0.6905007248960372,-0.9892012552065045,-0.8100692158141514,Ty France,2023,665,1.3,106,0.703,29.0,1994.0,1118,55.2095729618235,38.66038609279287,35.356818475937104,41.192608791810805,25.825824440414028,0.7117883405255488,-0.45395074389608575,-0.9091906109215045,-0.5230371335004049,-2.0105314276260264
fg:17988,Tyler Stephenson,Tyler Stephenson,2022,183,1.5,134,0.854,26.0,1996.0,612,53.685617459367606,41.62242856551131,42.65647486402871,43.984346464583865,41.24472855142924,0.4995221882534494,-0.07759946477924995,0.057708777070526907,-0.07281772061092055,0.0169900256967808,Tyler Stephenson,2023,517,-0.6,85,0.696,27.0,1996.0,1348,48.31039768818433,42.51412711566474,46.39102799075157,31.943954673271293,32.5538537983286,-0.20864375255376164,0.03405420863284471,0.5565371873797409,-2.021654441206298,-1.123385127315553
fg:18015,Paul DeJong,Paul DeJong,2022,237,0.0,53,0.53,29.0,1993.0,823,34.87913309076853,40.136543561250726,41.94187114482392,49.952295722788485,36.62737420829305,-1.9731638278991026,-0.269552727083618,-0.03704188883257301,0.8928631365727007,-0.6024355002076471,Paul DeJong,2023,400,0.5,66,0.612,30.0,1993.0,1213,37.52105564875905,36.525227930108265,32.847349027888235,53.113928667025455,33.42799119088672,-1.6480703915958645,-0.7243289949613757,-1.2425356615166179,1.4086489331114291,-1.0081228844630117
fg:18030,Harrison Bader,Harrison Bader,2022,313,1.4,84,0.65,28.0,1994.0,640,52.765486008306254,33.00038760210339,37.051442351979446,48.529071784749576,57.47865453186772,0.3785428426475038,-1.1914332311221774,-0.685473141316603,0.662569604743456,2.194797356614476,Harrison Bader,2023,344,0.9,69,0.622,29.0,1994.0,1159,50.42238126655145,34.75995574535725,36.348584174662406,51.00567118528352,54.2340698458371,0.0731199928917417,-0.947868034976598,-0.7774495421959505,1.067034779230861,1.7353306174148697
fg:18036,Jake Cronenworth,Jake Cronenworth,2022,684,3.6,109,0.722,28.0,1994.0,515,55.2409090642945,39.14133196325259,52.12822716460935,46.75290255738423,47.39390845320868,0.7040127100951276,-0.3981186069270239,1.313586424541943,0.37516558239402087,0.8419124187989643,Jake Cronenworth,2023,522,0.8,91,0.689,29.0,1994.0,1168,55.88331082556361,36.13492404178406,43.98075301139736,42.06374412773548,48.32701667062842,0.8016729901413561,-0.773753756345982,0.23636862124491317,-0.38188162319172614,0.9564368148842666
fg:18042,Dylan Moore,Dylan Moore,2022,255,2.0,127,0.753,30.0,1992.0,584,45.74655007055752,42.857728502081926,54.762019968326086,45.79954391016009,53.38342731553792,-0.544310381877562,0.08198209911647325,1.66280602037704,0.22090150342432296,1.6454160261683826,Dylan Moore,2023,165,0.5,107,0.731,31.0,1992.0,1201,38.71717654635779,46.495476268919205,42.409068181905496,43.721018328081854,42.794059602238505,-1.4884936280427936,0.5382183683425562,0.02759406955077538,-0.1133431127856614,0.2268706771823574
fg:18054,Sam Haggerty,Sam Haggerty,2022,201,1.4,115,0.738,28.0,1994.0,633,47.58128038820073,37.87479640575009,43.83295675674142,47.62735910547231,53.57780178397095,-0.30307911765348455,-0.5617353278643663,0.2137007482311515,0.5166624203181364,1.6714916743391794,Sam Haggerty,2023,108,0.1,110,0.705,29.0,1994.0,1259,54.677947828233705,32.82256063591801,50.9025535751065,41.00948328622509,49.77443446218972,0.6408632204879023,-1.1932032567261666,1.1558251067235026,-0.5527101052253417,1.1472908184085875
fg:18067,Garrett Stubbs,Garrett Stubbs,2022,121,0.7,129,0.812,29.0,1993.0,705,50.37286540473431,39.09022596539548,48.900363636464256,40.89766738408926,46.576286646947054,0.06395988325669841,-0.40472070802089244,0.885597861767013,-0.5722768767364371,0.7322271359080388,Garrett Stubbs,2023,125,-0.3,53,0.557,30.0,1993.0,1318,44.583601627164896,29.100019764188104,42.06029961305532,42.11629927137674,45.1564036423095,-0.7058427021195781,-1.6645941391476795,-0.01873455832701781,-0.3733657843615251,0.538365271471565
fg:18126,LaMonte Wade Jr.,LaMonte Wade Jr.,2022,251,0.1,93,0.665,28.0,1994.0,802,52.04843624406165,40.80362214975259,48.88256304631498,41.86801435077234,39.89329288320618,0.28426477928476596,-0.183376535178346,0.883237647672425,-0.41526389790391555,-0.16430724700646349,LaMonte Wade Jr.,2023,519,1.8,120,0.79,29.0,1994.0,1077,56.65165688085971,43.12209732970339,60.21470202318604,38.71836450017628,36.27464307770972,0.904179498504403,0.11104238030293585,2.3928031452438714,-0.9239544206441849,-0.6327682961694755
fg:18171,Seth Brown,Seth Brown,2022,555,1.5,115,0.749,30.0,1992.0,613,47.10219971509312,50.54468494794288,43.013659091706735,35.45661027022781,45.49730567304477,-0.3660688853200069,1.0750174704565745,0.10506851298155521,-1.4527006991198497,0.5874800995031311,Seth Brown,2023,378,-0.4,91,0.692,31.0,1992.0,1325,43.152479893964845,47.49190334185719,38.742938471612106,37.663298608168255,34.64647781070682,-0.8967713740397789,0.6643974093164283,-0.4593957978557316,-1.0949133500481816,-0.8474553488079244
fg:18289,Brian Anderson,Brian Anderson,2022,383,0.2,85,0.657,29.0,1993.0,785,44.68006002026438,43.16180242822232,42.70921132318172,41.382335709501504,39.71653449196169,-0.6845330296643435,0.12126372719467839,0.06470120446466335,-0.4938521275161919,-0.18801967003446798,Brian Anderson,2023,361,0.4,87,0.678,30.0,1993.0,1226,41.84308147259144,40.71317636791632,42.0061704606694,44.26128753474737,36.49982671606893,-1.0714607074539366,-0.19400286083441295,-0.02592479730553327,-0.025799912061302797,-0.6030759715624455
fg:18314,Dansby Swanson,Dansby Swanson,2022,696,6.6,117,0.776,28.0,1994.0,470,50.29783994957085,48.33083930959108,40.14027598932473,64.07619158799085,50.49482757343619,0.05409549870708397,0.7890230016373719,-0.2759188161193566,3.178267263816234,1.257905715845642,Dansby Swanson,2023,638,4.8,105,0.744,29.0,1994.0,954,48.2020471246134,44.15186533534175,45.72571000092723,63.01144668278236,48.57268350889704,-0.22309900728470994,0.24144343313052505,0.46815975797837117,3.0124057188702698,0.9888300187609121
fg:18345,Kyle Tucker,Kyle Tucker,2022,609,4.9,130,0.808,25.0,1997.0,488,57.86663334475104,50.13426850106913,45.48724506970194,53.191892075406486,53.70397418293595,1.049244258071085,1.0219980405175884,0.4330459811710966,1.417066015547283,1.688417904984592,Kyle Tucker,2023,674,4.9,139,0.886,26.0,1997.0,949,63.83194268286709,49.803773070094266,53.57932249374241,39.07738250353017,57.609587983246286,1.8621150817474155,0.9571529085275947,1.5113933609247538,-0.865780486717341,2.1804205936812133
fg:18360,Austin Riley,Austin Riley,2022,693,5.9,144,0.878,25.0,1997.0,478,52.8347614737846,61.12285981832745,39.70404782814656,40.92189256770266,36.52453778960701,0.38765121566361005,2.441553352960373,-0.33375913747020514,-0.5683569714113272,-0.6162311714931784,Austin Riley,2023,715,5.2,128,0.861,26.0,1997.0,946,53.01450135012077,56.71544275992606,41.66256910425925,45.4855413192637,45.38682881987848,0.418939662548305,1.8323879123495304,-0.0715670391850455,0.17257359039489492,0.568748736362103
fg:18363,Victor Robles,Victor Robles,2022,407,0.4,65,0.584,25.0,1997.0,758,44.36875600924719,31.89459222592152,34.07560729316555,48.29203618105286,50.05533631302108,-0.7254634374815347,-1.334284817409517,-1.0800447701267293,0.6242145961705873,1.1989472550297182,Victor Robles,2023,126,0.3,112,0.75,26.0,1997.0,1235,56.634006232166335,31.87756888894817,43.98228498281411,39.566442466270814,48.62026199347756,0.9018246918968471,-1.3128689659378832,0.23657212047054532,-0.7865350402690885,0.9951036353467752
fg:18373,Ryan Mountcastle,Ryan Mountcastle,2022,609,1.7,107,0.729,25.0,1997.0,604,48.99561517325468,50.79706420399312,33.26006267303029,43.23555105743,42.10129004170422,-0.1171216693278287,1.1076209501322445,-1.1881793820169333,-0.19398118218717336,0.13189912994860678,Ryan Mountcastle,2023,470,1.6,113,0.779,26.0,1997.0,1094,51.55519108121494,49.92209220513993,34.58713348851892,41.80259095718549,42.43092092309063,0.22425030447484182,0.9721358364250682,-1.0114316169926079,-0.4241979057915878,0.1789878397915402
fg:18401,Ronald Acuna Jr.,Ronald Acuna Jr.,2022,533,2.4,115,0.764,25.0,1997.0,557,54.3927840237788,51.435549876043154,46.20526063399054,39.58412658338422,53.63496559233435,0.5925008035351989,1.1901033813656015,0.5282490301012664,-0.7848224516886118,1.679160291349446,Ronald Acuna Jr.,2023,735,9.2,171,1.012,26.0,1997.0,932,72.79139202236313,65.55702392606294,53.544010759915935,41.77872853685773,67.75448234883513,3.057412255874795,2.952010474336298,1.5067027313145231,-0.4280644830955491,3.5181087969714486
fg:18564,Trent Grisham,Trent Grisham,2022,524,1.7,83,0.626,26.0,1996.0,608,43.34669454592127,42.13450812702121,53.41820605525704,51.37871526154746,50.02196590325224,-0.859844592325878,-0.011446739562045347,1.4846271784661238,1.1236737522961038,1.1944705607834907,Trent Grisham,2023,555,1.7,89,0.666,27.0,1996.0,1088,43.279528206479135,43.3814623068082,53.52036131288787,47.66619111248654,47.798174194583325,-0.8798216170657052,0.14388615277973293,1.5035612600675845,0.525917923557726,0.8867045617812785
fg:18568,Luis Arraez,Luis Arraez,2022,603,2.7,130,0.795,25.0,1997.0,536,74.65475010326392,36.705839414766565,55.71896011443708,37.46981510128989,34.44893703311524,3.256554286500572,-0.7127464136949583,1.7896885339110096,-1.1269416681975435,-0.8946763577649955,Luis Arraez,2023,617,3.4,131,0.861,26.0,1997.0,989,80.0,34.255218446089046,44.46701137319224,33.844683379880976,35.92110027506433,4.0191263544274305,-1.011783669241353,0.30096068804247444,-1.713667473538345,-0.6793858379017053
fg:18577,Ke'Bryan Hayes,Ke'Bryan Hayes,2022,560,3.1,86,0.659,25.0,1997.0,529,54.62743497586286,41.962645676194256,46.375632076988175,61.44574973271642,49.820367089343705,0.6233528286411734,-0.033648698670095456,0.550838903678837,2.7526323872996636,1.1674257550252687,Ke'Bryan Hayes,2023,525,3.2,101,0.762,26.0,1997.0,999,57.4158515988066,47.85189859523162,38.92511894912939,58.96250951081156,39.72727486327721,1.0061321690572969,0.7099841432175842,-0.43519587761256684,2.3563310894205753,-0.17751024779348729
fg:18607,Jared Walsh,Jared Walsh,2022,454,-0.8,77,0.642,29.0,1993.0,906,43.93075879566905,46.26029567865685,37.97673848369988,40.74507941825441,36.48916553212487,-0.7830515312422579,0.5215409262669868,-0.5627863678197679,-0.5969673141493768,-0.6209764168360814,Jared Walsh,2023,116,-0.9,34,0.494,30.0,1993.0,1379,27.87080886596138,37.78556889454085,41.97205413227638,42.52223706488852,37.46428940666759,-2.9355281662897186,-0.5647301457216717,-0.030456635389130928,-0.30758914319713876,-0.4759035913251969
fg:18795,Ramon Urias,Ramon Urias,2022,445,2.6,105,0.72,28.0,1994.0,546,50.50187148583896,46.80528286758808,39.31858171152595,51.3745093449688,40.85205051752194,0.08092166763351276,0.5919448057929761,-0.3848688228123517,1.1229931880099142,-0.0356883653445569,Ramon Urias,2023,396,0.7,98,0.703,29.0,1994.0,1175,47.84997053192397,38.24131130342094,38.90265284117817,37.945634846274274,43.4931747400035,-0.27007021504218826,-0.5070188072349953,-0.4381801601657969,-1.0491646424421643,0.3190547886012026
fg:18819,Andy Ibanez,Andy Ibanez,2022,128,-0.2,59,0.551,29.0,1993.0,847,51.84753894272787,35.10045772395996,44.22381179733672,44.56170960787103,44.36336458855236,0.25785070114264186,-0.9201367917594953,0.26552496124980124,0.020606085623569956,0.4353600756954558,Andy Ibanez,2023,383,1.6,103,0.744,30.0,1993.0,1097,55.36695236139777,43.0761101788394,36.31406862127582,47.468851345883486,38.48514915590982,0.7327846255034351,0.10521895905041061,-0.7820344112800969,0.49394172616299914,-0.3412947925971185
fg:18821,Jose Azocar,Jose Azocar,2022,216,0.6,81,0.629,26.0,1996.0,725,52.08585040976578,33.910261440584904,34.35423478748453,50.09142027617301,39.66320813253656,0.28918401259437365,-1.0738916642572258,-1.0431010208624323,0.9153750434531013,-0.19517348708569363,Jose Azocar,2023,102,-0.1,77,0.641,27.0,1996.0,1289,49.98517452429418,37.31116785356001,31.290328067667225,42.38522629896306,47.27656909645365,0.014791409992589552,-0.6248042545186886,-1.4493623400267193,-0.3297898550549154,0.817926616797362
fg:18839,Josh Naylor,Josh Naylor,2022,498,1.9,118,0.771,25.0,1997.0,589,57.02791332553981,48.98554513802329,40.00022754864054,43.68640739706863,36.573212590077205,0.9389689284388462,0.8736008251276798,-0.29448810516291807,-0.12102758997451468,-0.6097013685716498,Josh Naylor,2023,495,2.7,127,0.842,26.0,1997.0,1014,63.0105233947023,46.42978879392992,33.85354403498096,45.94778286096495,34.47145062746893,1.7525279724605933,0.5299002657706295,-1.1088778774743935,0.247473480244331,-0.8705341300978121
fg:18882,Brandon Lowe,Brandon Lowe,2022,266,0.6,103,0.691,28.0,1994.0,719,43.04444500717358,44.92844667113554,42.05985609848148,41.3106704745199,42.64121377569312,-0.8995845135786688,0.3494867221007836,-0.021398039486196084,-0.505448363099488,0.20433076893934476,Brandon Lowe,2023,436,2.9,116,0.771,29.0,1994.0,1008,43.04921647180152,49.38092575335721,42.37806643660085,48.540005801182936,44.55046795639409,-0.9105479435615711,0.9036071244423228,0.023475956710170644,0.6675075861642081,0.458467641216193
fg:18887,Seby Zavala,Seby Zavala,2022,205,2.0,111,0.729,29.0,1993.0,585,40.80469421115507,38.47355808886181,39.31878568838907,55.55888785850933,33.37423952161955,-1.1940680738462413,-0.48438461896927076,-0.3848417771322216,1.80007237466375,-1.0388487607853465,Seby Zavala,2023,193,0.6,45,0.545,30.0,1993.0,1197,33.45768339157189,39.61951443918254,33.515906084207955,55.510686142914494,37.41603648765951,-2.1901726115428555,-0.33249489609232336,-1.1537279711349349,1.7970105465640038,-0.48226613766677023
fg:18900,Leody Taveras,Leody Taveras,2022,341,1.2,93,0.675,24.0,1998.0,664,47.84854097460007,40.06919713933106,39.271580147201135,47.18272931412953,45.57039515237833,-0.26793956143946995,-0.2782528387039242,-0.39110084959667835,0.44471635317572933,0.5972851709379392,Leody Taveras,2023,554,2.5,101,0.733,25.0,1998.0,1029,54.29250483912221,43.95686469512242,38.69494676715152,46.66903906966324,47.25651003913844,0.5894405383325171,0.216750212281338,-0.4657707697303635,0.3643431375795414,0.8152816642357372
fg:19198,Yuli Gurriel,Yuli Gurriel,2022,584,-0.7,85,0.647,38.0,1984.0,897,60.11063227814438,36.49996080963925,37.96587618589558,33.56251072551554,44.66227213663612,1.344286365575641,-0.73934273156582,-0.5642266205396119,-1.7591871642006733,0.47545900495433285,Yuli Gurriel,2023,329,-0.4,76,0.663,39.0,1984.0,1327,57.63578558278391,34.65333082956857,44.07325954040915,41.29288877610758,45.68067566134026,1.0354739800973765,-0.9613701065115147,0.24865671409967485,-0.5067881400622812,0.607494872027233
fg:19238,Lourdes Gurriel Jr.,Lourdes Gurriel Jr.,2022,493,1.5,115,0.743,29.0,1993.0,614,59.64838048834695,40.96959677353592,40.381724022545214,42.21675372352012,30.23114544188636,1.2835092679442492,-0.16193519186873787,-0.24390476229650107,-0.3588339716699135,-1.4604998966138019,Lourdes Gurriel Jr.,2023,592,2.0,105,0.772,30.0,1993.0,1058,58.33970182801572,46.41138835343507,37.96461543562909,46.53229250501663,39.73518015498379,1.129384784976738,0.5275701906470268,-0.5627842379942735,0.3421852359084277,-0.17646786971852899
fg:19251,Pete Alonso,Pete Alonso,2022,685,3.8,141,0.869,28.0,1994.0,507,56.34123582609015,56.42693407231557,43.36783889718843,34.34948868816596,33.996376315056864,0.8486842257152051,1.8349126883723275,0.15202988684085303,-1.6318453386125802,-0.9553881073849291,Pete Alonso,2023,658,2.8,120,0.821,29.0,1994.0,1010,48.45377283715055,55.25494846370651,46.5254027301156,41.40871647447701,38.124214154512345,-0.18951580128069195,1.6474433492703386,0.5743868385587326,-0.48801985321066144,-0.3888870568558433
fg:19252,Cavan Biggio,Cavan Biggio,2022,303,1.3,97,0.668,27.0,1995.0,652,44.62623634493822,38.47187652096507,54.107878156627365,49.910236557001824,44.48128909308216,-0.6916097935458024,-0.4846018514217417,1.5760721137546594,0.8860574937107991,0.4511798380110719,Cavan Biggio,2023,338,0.9,102,0.71,28.0,1995.0,1153,49.42407234549108,38.88001545450412,53.38250491710939,42.782585184940885,41.764784988416125,-0.06006629870201449,-0.42613875144518026,1.4852491235076561,-0.2654033079676583,0.09115230898263146
fg:19260,Jake Fraley,Jake Fraley,2022,247,0.8,121,0.812,27.0,1995.0,688,52.14172280728723,42.9444228819467,47.8660265979678,40.44159481201336,41.08429676570907,0.29653014349967327,0.0931816663715305,0.7484531471063641,-0.6460745136273187,-0.004532156890143106,Jake Fraley,2023,380,1.1,107,0.783,28.0,1995.0,1131,52.84354971362802,40.02126704088566,41.63201541989362,41.77443908309076,44.9224216843474,0.3961326796334685,-0.2816203671193303,-0.07562563390858214,-0.42875953013411144,0.5075128156776119
fg:19262,Garrett Hampson,Garrett Hampson,2022,226,-0.2,56,0.594,28.0,1994.0,841,45.69788916722729,33.43106236062592,45.822659281528296,42.82238331385508,52.78374378013958,-0.5507083419023986,-1.1357967419904462,0.47751918928604464,-0.26083633854218663,1.5649675135168621,Garrett Hampson,2023,252,0.6,100,0.729,29.0,1994.0,1188,50.24758503346597,33.88145704545034,45.2190493069462,39.87103102370934,45.365379676257845,0.0498000950343877,-1.059113630827592,0.40085755001525847,-0.73718065009987,0.5659204894274354
fg:19287,Adolis Garcia,Adolis Garcia,2022,657,3.2,112,0.756,29.0,1993.0,523,44.1192918387402,53.54180687265566,33.264360054184294,44.41534819033205,58.19500959796379,-0.7582631119902733,1.4621990688460482,-1.1876095840785257,-0.003076826719115644,2.290897543122898,Adolis Garcia,2023,632,4.7,128,0.836,30.0,1993.0,955,44.96739693464963,57.84182183452548,42.62792911131649,51.9213111598732,46.958288962777104,-0.6546398403033348,1.9750229684073037,0.05666643289216823,1.2154016546659396,0.7759587495315464
fg:19290,Randy Arozarena,Randy Arozarena,2022,645,2.7,124,0.773,27.0,1995.0,537,49.45111830688895,48.509051902459376,41.348525692625735,39.028967991993255,39.1413977104186,-0.057231888400366776,0.8120453004604313,-0.11571469054834853,-0.8746533133820568,-0.2651751960997108,Randy Arozarena,2023,654,3.1,125,0.789,28.0,1995.0,1001,48.26401090379032,49.92950797984929,49.72473481160539,37.71182849932139,43.915651292045,-0.21483230167123832,0.9730749069966316,0.9993697031255755,-1.08704974806988,0.37476181515729906
fg:19293,Nick Senzel,Nick Senzel,2022,420,-0.7,67,0.601,27.0,1995.0,900,54.2855520715932,34.17373437314468,42.733432197415645,41.126291154628646,37.21326422141338,0.5784018925714468,-1.0398550538945583,0.06791269623379872,-0.5352829967359487,-0.5238374107977023,Nick Senzel,2023,330,-0.4,83,0.696,28.0,1995.0,1324,51.71051726006067,39.24569053306392,40.90391883685085,34.64959016036583,45.66838397712301,0.24497266537082338,-0.37983277284036865,-0.17234224964631442,-1.5832433905459413,0.605874111831665
fg:19296,Alex Call,Alex Call,2022,131,0.5,115,0.748,28.0,1994.0,733,48.77458096015887,39.07952490967973,48.156164875063226,43.86221023065828,42.5803532320186,-0.146183358748412,-0.40610311819990963,0.7869231329460141,-0.09258072762849745,0.196166228929879,Alex Call,2023,439,0.6,73,0.614,29.0,1994.0,1192,51.101675161985085,33.02619430358145,55.57688435766154,51.59447028310217,36.91073410808407,0.16374588326141468,-1.1674168227827324,1.7767392335803132,1.1624415819335212,-0.5488944344132901
fg:19326,Bryan Reynolds,Bryan Reynolds,2022,614,2.9,123,0.807,27.0,1995.0,532,50.898931385756285,50.56776401079199,41.32820819738059,36.01799540991464,38.17246947191852,0.13312730282069335,1.077998926889684,-0.11840862587533336,-1.3618623123561506,-0.3951584807026665,Bryan Reynolds,2023,640,2.1,110,0.79,28.0,1995.0,1054,52.490175473049405,50.00817967188771,42.832528529229855,38.930182729075504,47.55940213980436,0.34898835020342023,0.9830372202685205,0.08384437019245651,-0.8896321873930061,0.8552204921159904
fg:19339,Nicky Lopez,Nicky Lopez,2022,480,0.9,55,0.554,27.0,1995.0,687,57.67783029038286,26.546771279407533,41.214722863446205,56.83676069486785,56.06727504306076,1.0244203375980707,-2.0251402160167733,-0.1334558620868722,2.00684647454234,2.005458523781653,Nicky Lopez,2023,262,1.2,78,0.632,28.0,1995.0,1130,52.869971223633314,29.83705523170861,46.58145905670872,53.6823497477857,44.6521477031032,0.39965762352776374,-1.5712622426334073,0.5818330734745977,1.5007537581783126,0.47187495654001593
fg:19352,Sean Murphy,Sean Murphy,2022,612,5.2,121,0.759,28.0,1994.0,486,53.35417951892524,47.5093928699031,43.14820836191832,60.10882941111231,38.367342948400825,0.455944561276947,0.6829048811540981,0.12290865655582965,2.5363037446963492,-0.3690158897979171,Sean Murphy,2023,438,5.0,130,0.844,29.0,1994.0,948,52.50540734165119,54.06862081675416,48.040986481281934,61.95557574027672,33.64712533556588,0.3510204627592819,1.497216916409703,0.7757092107463993,2.841316342095894,-0.979228235616819
fg:19363,Austin Hays,Austin Hays,2022,582,1.9,106,0.719,27.0,1995.0,591,52.699016076521055,41.29445900672681,35.51310691570948,44.34267263949185,38.621278133749136,0.3698033426113192,-0.11996803742430286,-0.889443961859092,-0.014836542694442916,-0.33495007547204947,Austin Hays,2023,566,2.7,111,0.769,28.0,1995.0,1018,49.87552507230674,44.05662532840681,39.440832943882015,50.75738637603445,35.2417680113463,0.00016286808796270736,0.22938304952215627,-0.3666910756086679,1.0268036377466911,-0.7689614138064146
fg:19392,Zach McKinstry,Zach McKinstry,2022,185,0.8,81,0.635,27.0,1995.0,700,48.96073860270923,36.44094428861828,42.56668418624707,47.13427894690273,54.85492257384072,-0.12170725835068101,-0.7469667493783329,0.04580326037216982,0.4368765425255108,1.8428194863544132,Zach McKinstry,2023,518,1.1,81,0.654,28.0,1995.0,1140,52.97388888112913,35.60714809067901,43.154242198872055,49.52187433121244,44.97089107993043,0.41352147582939075,-0.8405868093291309,0.1265791640220447,0.8266058889155619,0.5139039062454898
fg:19470,Tommy Edman,Tommy Edman,2022,630,5.4,106,0.725,27.0,1995.0,485,57.93305680445607,42.48382610775188,42.22098884911341,61.511023766257885,68.64467826444205,1.0579776479348146,0.03367971759349545,-3.314169618321029e-05,2.763194455094643,3.6927374341596946,Tommy Edman,2023,528,2.4,92,0.705,28.0,1995.0,1035,59.273646087755104,40.79071370428411,42.46635913160178,52.12616058223373,50.283107440760816,1.253984064704544,-0.1841841927067905,0.03520430546737416,1.2485946885807517,1.214363556501861
fg:19514,Andrew Knizner,Andrew Knizner,2022,293,0.0,77,0.601,27.0,1995.0,821,49.64953460716652,34.64631149169415,42.18275662605292,38.36715721084422,36.88819294879658,-0.03114401352396188,-0.978805430716546,-0.005102424847925582,-0.9817416907764764,-0.5674462458649975,Andrew Knizner,2023,241,0.0,92,0.712,28.0,1995.0,1274,45.74916557973193,43.996392863579,32.29513732360222,37.40697574060401,38.01622598993632,-0.5503425987118301,0.2217557229933247,-1.3158886320608727,-1.1364469484257627,-0.40312618923540683
fg:19522,TJ Friedl,TJ Friedl,2022,258,0.7,102,0.75,27.0,1995.0,707,53.86611003616086,39.34894547559339,47.71677420467304,42.25460697272811,47.55693213227231,0.5232534429584068,-0.3712981659924874,0.728663488485433,-0.3527088930942027,0.8637823080546964,TJ Friedl,2023,556,4.1,117,0.819,28.0,1995.0,970,59.267584086769205,37.79250555682,48.54053463195029,49.64011718107474,58.64496810433558,1.2531753216252053,-0.5638517458691251,0.8420666249355657,0.845765517878322,2.3169440234963425
fg:19556,Yordan Alvarez,Yordan Alvarez,2022,561,6.4,185,1.019,25.0,1997.0,471,63.353150976476016,70.33063717899518,56.163090575402485,41.853375969319146,36.99535485949918,1.7706143535894405,3.6310551635880435,1.8485766362163703,-0.4176325515465499,-0.5530703028550018,Yordan Alvarez,2023,496,4.3,170,0.99,26.0,1997.0,962,60.47418517265548,62.44911211867538,53.29403085874531,39.48412534753957,28.96224325463388,1.4141502670273767,2.5584509836941334,1.4734966833714915,-0.7998733981825756,-1.5969686740708373
fg:19566,Nathaniel Lowe,Nathaniel Lowe,2022,645,3.1,143,0.851,27.0,1995.0,524,58.10415236470258,52.22299663643892,38.462243148857816,31.92647636739331,29.240060492814493,1.0804733781816496,1.2918292714012107,-0.4984123811100896,-2.0239157992776775,-1.593455539645051,Nathaniel Lowe,2023,724,2.8,118,0.775,28.0,1995.0,1012,56.45160164959843,43.04631465047936,52.08597825861291,44.14920844092614,27.050939874198367,0.877489749666618,0.10144590701691406,1.313025171982583,-0.043960789058075045,-1.8489898280406287
fg:19599,Chas McCormick,Chas McCormick,2022,407,2.4,115,0.738,27.0,1995.0,559,46.01454632207051,44.87544606574269,45.71920690042274,50.93526043920756,36.70774524047821,-0.5090741000446892,0.3426398671422291,0.4638022413671051,1.051917808263792,-0.5916535967237222,Chas McCormick,2023,457,3.3,132,0.842,28.0,1995.0,994,48.92650354371858,46.987081840326816,41.14696014488028,45.56731758877618,42.35943456988646,-0.12644789874866105,0.6004711123940875,-0.14005788882862646,0.18582431112466616,0.1695617730498478
fg:19600,Bryan De La Cruz,Bryan De La Cruz,2022,355,0.5,99,0.725,26.0,1996.0,735,51.642324593052095,49.97147791718722,37.41517586770589,38.01437657466205,41.97785507302705,0.23086901531493947,1.000968025705564,-0.6372450228501781,-1.038825538578605,0.11534012998762086,Bryan De La Cruz,2023,626,-0.3,91,0.715,27.0,1996.0,1305,50.482437962093606,43.83138721624738,36.67909482689999,33.984373498578165,33.877307266640045,0.08113227085089228,0.20086081266718545,-0.7335462023174663,-1.691032609382764,-0.9488768447878616
fg:19610,Keibert Ruiz,Keibert Ruiz,2022,433,1.5,92,0.673,24.0,1998.0,619,62.209185641763234,36.62349357309916,41.26049094569824,44.39196866943297,40.16453779614962,1.6202052164712584,-0.7233842173607425,-0.12738738503596408,-0.0068598943702563525,-0.12791930482943534,Keibert Ruiz,2023,562,-0.5,93,0.717,25.0,1998.0,1338,63.26387997049507,38.42247744916462,37.01416332397719,24.937348600408672,23.70795442593152,1.7863287550328764,-0.484077468979835,-0.6890374217073373,-3.156978672655367,-2.289790100253017
fg:19611,Vladimir Guerrero Jr.,Vladimir Guerrero Jr.,2022,706,3.3,132,0.818,23.0,1999.0,521,58.18505667302314,57.71063218868362,42.56038100032136,36.88521509384827,34.84162381875039,1.0911107172988304,2.0007465453291378,0.044967508965170024,-1.2215364798943191,-0.841996792665264,Vladimir Guerrero Jr.,2023,682,1.2,117,0.788,24.0,1999.0,1120,58.82474083066818,51.58645108417677,44.917961178157576,30.116687529918977,27.42406756873548,1.1940947606954762,1.1828960745767747,0.3608625472457821,-2.3177379720349447,-1.7997898563784094
fg:19612,Bo Bichette,Bo Bichette,2022,697,4.8,129,0.802,24.0,1998.0,489,57.57423017641758,52.06507276441199,32.955659115277214,41.393778490234624,38.7971239016056,1.0107989425487398,1.2714279601662324,-1.2285408285435098,-0.4920005577677173,-0.3113600823422226,Bo Bichette,2023,601,3.9,124,0.814,25.0,1998.0,976,62.221542709498905,48.52479575418708,29.45309323517512,44.391329494134126,37.62514885320152,1.6472685588817513,0.7951941104063501,-1.6934111921330306,-0.004728399539894093,-0.4546929432630423
fg:19698,Edward Olivares,Edward Olivares,2022,174,0.2,109,0.743,26.0,1996.0,774,55.51211092559584,42.6786050336758,37.48721864069296,41.727879481529214,38.483998861456165,0.7396704671139812,0.05884212932255297,-0.6276927345950504,-0.43793928517634834,-0.35336631107290967,Edward Olivares,2023,385,0.5,106,0.769,27.0,1996.0,1199,55.84057785991145,42.34590744051779,37.40946902423743,37.13750786379892,42.96086109767249,0.7959719039305168,0.012752301188284952,-0.6365270399785458,-1.1801105149160873,0.24886483352271896
fg:19734,Josh Rojas,Josh Rojas,2022,510,2.5,109,0.739,28.0,1994.0,550,56.17865514315939,39.22262448566255,54.16143980306772,41.75732089757987,57.534196107005954,0.8273080358170732,-0.38761687574809733,1.5831739543002668,-0.4331753351730178,2.2022483484233906,Josh Rojas,2023,350,1.0,78,0.641,29.0,1994.0,1148,50.61056605368268,31.57870488380548,43.68116943856479,49.70393058502168,51.01926266575707,0.09822608320469609,-1.3507145590321425,0.1965734759718815,0.8561056030834556,1.3114317096812755
fg:19755,Shohei Ohtani,Shohei Ohtani,2022,666,3.6,142,0.875,28.0,1994.0,514,53.26792867179657,62.18389513893448,45.36090002761139,37.66233933763076,35.9363712536949,0.44460425655032404,2.578622635325216,0.416293651803211,-1.0957890960937038,-0.69513466010421,Shohei Ohtani,2023,599,6.6,180,1.066,29.0,1994.0,935,54.05204666156171,70.01554424556431,49.81424719044239,38.50828742125494,49.00317966973816,0.5573605555966529,3.516599527921978,1.011260068427894,-0.9579945244678023,1.0455944970458935
fg:19806,Jason Delay,Jason Delay,2022,167,0.2,50,0.536,27.0,1995.0,794,41.98939806478277,31.0604947638902,35.4763208608521,49.67942750160097,35.78484968008976,-1.0383026157876143,-1.442037253471269,-0.8943214948189868,0.8487100102081844,-0.7154615233772763,Jason Delay,2023,187,1.1,82,0.666,28.0,1995.0,1139,47.59021874116557,29.192966631545342,38.64082635680321,52.54899198953456,37.56900420328512,-0.3047241954045022,-1.6528241392117264,-0.47295984746144043,1.3171087077127293,-0.4620960795761996
fg:19858,Luis Rengifo,Luis Rengifo,2022,511,1.7,102,0.724,25.0,1997.0,605,56.25705643025333,41.09946289381773,30.32126359087448,39.11729224014524,46.78277243084488,0.8376162764454617,-0.14515850633827854,-1.5778403402603984,-0.8603614633720642,0.7599275365655774,Luis Rengifo,2023,445,1.7,115,0.783,26.0,1997.0,1081,52.72572295460549,42.76884535429001,42.90621504060554,37.95582385480348,39.84831298458575,0.38041318764690574,0.06630955771074988,0.09363250843092065,-1.047513653624276,-0.16155037071758102
fg:19864,Riley Adams,Riley Adams,2022,155,-1.0,58,0.555,26.0,1996.0,916,42.03892135212124,46.25844478405702,40.75139282618729,36.32451096373149,35.90080124585534,-1.0317912690799749,0.5213018194346271,-0.19488967271976818,-1.312264671702112,-0.6999064339762319,Riley Adams,2023,158,0.4,116,0.807,27.0,1996.0,1215,47.08227913967565,43.37337467552095,36.28499148427754,38.31484185815737,39.014939081246446,-0.3724893835630909,0.14286200401130678,-0.7858968690244578,-0.989339719697431,-0.27143761047123244
fg:19890,Emmanuel Rivera,Emmanuel Rivera,2022,359,1.2,95,0.702,26.0,1996.0,662,49.28473310563475,46.0034917647784,39.51927350094715,48.36790733261312,38.31930039381657,-0.07910829827965979,0.48836584952810513,-0.3582587168502612,0.6364913960400731,-0.37546087591499566,Emmanuel Rivera,2023,283,0.3,82,0.672,27.0,1996.0,1239,53.01422100955009,39.89970012966844,42.72442700705351,45.84294922162235,38.10424897600217,0.4189022617796613,-0.2970145657397241,0.06948471843128402,0.2304866295809797,-0.39151963072080503
fg:19892,Pavin Smith,Pavin Smith,2022,277,-0.1,87,0.667,26.0,1996.0,826,50.413625091791786,41.68307710080992,50.217019172242,41.686830631601154,38.47464745919003,0.06931898739516514,-0.0697646160721376,1.0601757227929396,-0.44458144764621765,-0.35462081675650625,Pavin Smith,2023,228,-0.7,81,0.642,27.0,1996.0,1359,50.401550982863455,41.6128985276489,55.96971977414866,38.23842429418835,37.12988709885956,0.0703409851329982,-0.08006970672684278,1.8289214754825867,-1.0017221358315944,-0.5199973005534707
fg:19901,Gavin Sheets,Gavin Sheets,2022,410,0.2,99,0.706,26.0,1996.0,777,52.045404981116405,42.60139100145737,39.026207717923015,38.31466558018303,33.270561418104506,0.2838662273093368,0.048867275725199756,-0.4236352465548063,-0.9902354229948215,-1.052757345447047,Gavin Sheets,2023,344,-1.5,62,0.599,27.0,1996.0,1390,49.03235760198223,36.505710249433314,42.04777589408497,37.41313949664509,36.523556157163625,-0.11232570753823927,-0.7268005478692452,-0.020398144921808234,-1.135448196459775,-0.5999470485516044
fg:19913,Jesus Sanchez,Jesus Sanchez,2022,343,0.5,88,0.682,25.0,1997.0,740,44.65838632238663,48.33294768699503,39.82730798160191,42.20716692135992,39.9612018943875,-0.6873826983536226,0.7892953712485441,-0.31741583935218026,-0.36038522335238793,-0.15519714372249754,Jesus Sanchez,2023,402,1.4,108,0.777,26.0,1997.0,1103,48.52789583774977,51.09765903767365,41.318253406892495,44.034185793054334,39.856051297844544,-0.1796269108146773,1.1209996113649017,-0.11730417045343018,-0.06259862853931474,-0.16053001013159393
fg:19918,Daulton Varsho,Daulton Varsho,2022,592,4.3,106,0.745,26.0,1996.0,499,47.65997710965601,46.435781950495,39.86926023930822,61.52061056841809,50.11536436347072,-0.2927320331667938,0.5442110267608845,-0.31185330973333875,2.764745706777118,1.207000114731521,Daulton Varsho,2023,581,1.9,84,0.674,27.0,1996.0,1072,48.48876141467971,41.28407795733058,39.94541103887829,55.6257087907863,46.333223179595,-0.18484790861646616,-0.12170874418586385,-0.2996655094131937,1.8156483860452435,0.6935386577778816
fg:19928,Ryan McKenna,Ryan McKenna,2022,172,0.6,81,0.634,25.0,1997.0,724,41.44160248030154,37.51447988828218,38.22465282592479,48.982113409249685,45.42807845189598,-1.1103270545348414,-0.6082826251261293,-0.5299149337907386,0.7358768004582433,0.5781931562277601,Ryan McKenna,2023,139,0.3,89,0.677,26.0,1997.0,1237,42.61122900039658,40.79305993182411,37.4029813324208,45.18953166935913,45.67135103966126,-0.9689806850209893,-0.18388708642681856,-0.6373888316845742,0.1246092943028046,0.6062653435599429
fg:19950,Andres Gimenez,Andres Gimenez,2022,557,6.1,141,0.837,24.0,1998.0,474,55.16992179040005,44.308951474669726,34.616900795714486,55.28921523804188,53.51560464712074,0.6946792676481881,0.26945756533392273,-1.0082736353884347,1.7564363321933922,1.6631478282013017,Andres Gimenez,2023,616,3.8,96,0.712,25.0,1998.0,982,51.73085781386717,34.900574417854415,31.238489471881785,60.24467714451261,52.72411391306645,0.24768633733478151,-0.9300612835136988,-1.456248313214523,2.5640887353025827,1.5362304428870133
fg:19953,Josh Lowe,Josh Lowe,2022,198,0.1,81,0.627,24.0,1998.0,804,41.9525850584713,37.57211141484588,42.19690536266898,43.44399090779037,48.58662167746086,-1.0431428083581562,-0.6008375270843819,-0.003226416957075466,-0.16025328594366828,1.0019168198655215,Josh Lowe,2023,501,3.4,130,0.835,25.0,1998.0,990,51.29790375508362,48.40714404715426,33.54055900340368,42.48148103077171,57.261807041931526,0.1899251130249773,0.7802956999099664,-1.150453203791979,-0.31419309846869226,2.134562801006314
fg:19956,Mickey Moniak,Mickey Moniak,2022,112,-0.5,39,0.509,24.0,1998.0,886,32.555598690855945,37.33739413586168,30.077522024151087,44.28463547010485,46.135686615507545,-2.2786632985128787,-0.6311593536665419,-1.6101584980514132,-0.024227605027135897,0.6731199316724302,Mickey Moniak,2023,323,1.8,115,0.802,25.0,1998.0,1076,38.9652451960588,47.14450615403655,22.94859446514884,46.19177821644704,41.743586136628856,-1.455398317746202,0.6204059871775432,-2.557435447648908,0.2870095746899363,0.08835706509568528
fg:19997,Santiago Espinal,Santiago Espinal,2022,491,2.4,100,0.692,28.0,1994.0,560,61.82443226575979,34.440994247392496,45.7436807606423,52.57230511318839,35.68371795112774,1.5696176492330296,-1.0053292294883476,0.46704727702911225,1.316809923732829,-0.7290285077892582,Santiago Espinal,2023,254,-0.1,79,0.644,29.0,1994.0,1288,57.91630664918901,31.298316428153534,44.84973540410942,41.82109467196979,39.36127691804769,1.072898829019629,-1.3862205658390345,0.3517997853461874,-0.4211996330832353,-0.22577010305848313
fg:20036,Isaac Paredes,Isaac Paredes,2022,381,2.3,115,0.74,23.0,1999.0,566,53.587573163554296,45.65688257108105,54.78610296483897,49.16750304499954,37.22944036873761,0.4866312749668661,0.4435893255816898,1.6659992306769764,0.7658749144867362,-0.521667354566624,Isaac Paredes,2023,571,4.2,136,0.84,24.0,1999.0,965,55.0896224604449,42.15740165638677,46.52339101255398,44.53691916759354,33.741051443000785,0.6957855160326472,-0.01111846638284143,0.5741196123157978,0.018862406395010755,-0.9668433017408369
fg:20043,Luis Robert Jr.,Luis Robert Jr.,2022,401,2.1,111,0.746,25.0,1997.0,576,54.026609994974834,48.11399606330515,25.77635171472066,45.35810971953738,49.55505954719308,0.5443560582039766,0.7610102224425473,-2.1804588477818685,0.14947252017607449,1.131834320708049,Luis Robert Jr.,2023,595,4.9,129,0.857,26.0,1997.0,950,44.02351834799614,55.04078986267415,27.51554535084825,52.8085350590893,44.26904772237938,-0.7805644774763736,1.620324127373955,-1.950785115546829,1.3591640955718305,0.4213600564900709
fg:20056,Alan Trejo,Alan Trejo,2022,125,0.4,94,0.736,26.0,1996.0,750,49.70675976973383,37.64856714275538,34.69483692861282,45.55510678916463,38.47719383374305,-0.02362002039058844,-0.5909606346250037,-0.9979399353368209,0.18134884667110496,-0.35427921650678773,Alan Trejo,2023,227,-0.1,58,0.631,27.0,1996.0,1291,50.59389933430779,30.932702710288574,39.1924255511392,46.37892897452088,41.94629972557984,0.09600254447860963,-1.4325187742478738,-0.39968823959742855,0.31733478326677367,0.1150865278987826
fg:20123,Juan Soto,Juan Soto,2022,664,3.7,146,0.853,24.0,1998.0,510,59.76837153790425,53.100331237757,76.21130315683321,26.434618948299324,35.640104225248656,1.2992857514426324,1.4051672742564925,4.506807262795424,-2.912559678531497,-0.7348793593985704,Juan Soto,2023,708,6.2,154,0.93,25.0,1998.0,939,61.256409791303554,59.197549848626124,68.53994951708594,40.629282215315165,34.05125402122487,1.5185083409193934,2.1467008214951813,3.498686322753216,-0.6143164641583435,-0.9259405269492049
fg:20126,Dylan Carlson,Dylan Carlson,2022,488,1.9,98,0.695,24.0,1998.0,593,51.51595335583211,36.27101055686521,47.39970133073424,45.66260464163703,48.663311591977305,0.21425366153624542,-0.7689195479408236,0.686622193235889,0.19874320004604873,1.0122048954821414,Dylan Carlson,2023,255,0.1,84,0.651,25.0,1998.0,1263,51.300953041556326,37.98124095531527,46.76208657565773,42.14954564973608,41.97568340457405,0.19033192413197994,-0.5399519018898382,0.6058267066665636,-0.3679786656100544,0.11896100892769741
fg:20202,Brandon Marsh,Brandon Marsh,2022,461,1.4,90,0.679,25.0,1997.0,637,44.28733804985895,42.22780474333445,38.43487820076057,48.3468777497198,46.5224065690781,-0.7361683116992339,0.0006057340896400471,-0.5020407516110198,0.633088574609124,0.724999036635268,Brandon Marsh,2023,472,3.5,124,0.829,26.0,1997.0,986,49.14181995730583,47.64803318043276,49.52099191864114,47.45437288358731,48.67081370437941,-0.09772212655532739,0.6841683627900073,0.9723055422064742,0.49159569030654726,1.0017692964066789
fg:20242,Kevin Smith,Kevin Smith,2022,151,0.0,46,0.518,26.0,1996.0,824,40.70600141011261,37.928122754498254,34.77788057164388,48.24358581382607,46.11711472247623,-1.2070442529262655,-0.5548463919240749,-0.9869290208051029,0.6163747855203711,0.6706284822940511,Kevin Smith,2023,146,-0.5,49,0.546,27.0,1996.0,1345,36.76481913232486,40.1499245571377,31.616265134559143,43.7022504120187,40.76445969725092,-1.7489613433512285,-0.26532827464647435,-1.4060665317679717,-0.11638419568067797,-0.040748851662612474
fg:20308,Jake Meyers,Jake Meyers,2022,160,0.4,66,0.582,26.0,1996.0,759,42.50137759343203,36.33508761057533,37.504295226583466,49.24017859583974,43.369508208342026,-0.9709872900608574,-0.7606417879101066,-0.625428517601781,0.7776346304620634,0.30203264071087643,Jake Meyers,2023,341,1.1,87,0.678,27.0,1996.0,1136,44.93076811777137,36.34454400808567,41.15317924942691,47.916350224009705,44.21494082327609,-0.6595265604182867,-0.7472092685101334,-0.13923177487798055,0.5664527699693191,0.41422561447038875
fg:20321,Stuart Fairchild,Stuart Fairchild,2022,110,0.5,122,0.8,26.0,1996.0,731,43.60004691658939,46.07164163514292,42.97325501061511,45.17272008378752,37.89668962801545,-0.826533695305903,0.4971697542075242,0.09971125904381437,0.11947440614758054,-0.43215479117587796,Stuart Fairchild,2023,255,0.9,90,0.71,27.0,1996.0,1154,42.79125559033631,37.38861223624048,42.685968952291056,47.797302323649774,48.40012914133926,-0.9449629953093961,-0.6149973572546235,0.06437614768516622,0.547162693636179,0.9660772986644657
fg:20325,Alex Kirilloff,Alex Kirilloff,2022,156,-0.5,85,0.651,25.0,1997.0,878,52.37004542846363,41.42742812921777,35.441225497081454,40.3172732932263,34.40568337502514,0.32655011647754817,-0.10279049220734267,-0.8989748558329491,-0.6661911241470231,-0.9004789057001739,Alex Kirilloff,2023,319,0.5,118,0.793,26.0,1997.0,1198,51.19536283150929,43.10421717156638,41.11354635701346,37.00049709787346,37.02716971716032,0.17624493341388356,0.10877818930746624,-0.14449640503200153,-1.2023112267738638,-0.5335414366302353
fg:20454,Jazz Chisholm Jr.,Jazz Chisholm Jr.,2022,241,2.5,134,0.86,24.0,1998.0,547,46.95982495233228,54.85961881011741,43.47276050324278,47.37552046717812,52.395977965344336,-0.38478839067952914,1.6324399015983113,0.16594164208939213,0.47591211538457023,1.5129481045853483,Jazz Chisholm Jr.,2023,383,1.9,102,0.761,25.0,1998.0,1067,40.940302703142,49.771567080271154,41.92266864339637,45.711032959961486,52.78007625851966,-1.1919021398562775,0.953074616176994,-0.037016750437421156,0.20911141213214665,1.5436095408493475
fg:20503,William Contreras,William Contreras,2022,376,2.0,139,0.86,25.0,1997.0,581,47.12982484347989,56.67993113101856,46.6075819053535,37.99957354006458,31.878761583000355,-0.36243671955645623,1.8675959785544072,0.5815935724597112,-1.0412208349393024,-1.2394695361834245,William Contreras,2023,611,5.8,126,0.825,26.0,1997.0,941,54.134361278869775,49.16227204557725,48.75854546776999,63.37904359367021,38.6650978391135,0.5683423052253908,0.875918680498594,0.8710260662043591,3.0719697468742426,-0.3175670708442269
fg:20505,Drew Waters,Drew Waters,2022,109,0.4,123,0.803,24.0,1998.0,748,42.15863202594425,45.26973565712606,44.382779789529486,42.37152697421644,40.5056646590386,-1.016051649524042,0.3935759578502424,0.28660282960221417,-0.3337899307548476,-0.08215658645386963,Drew Waters,2023,337,0.9,83,0.677,25.0,1998.0,1156,41.7966745942073,40.90298748726835,37.97081977824544,49.83075234241794,48.02029072781615,-1.0776519373488485,-0.16996679672447396,-0.5619600849427332,0.8766553261233438,0.9159924632176019
fg:20521,Nick Madrigal,Nick Madrigal,2022,228,0.3,73,0.588,25.0,1997.0,770,62.77502049307738,28.346737559648723,44.40879745980192,46.551699571178304,41.34468859956715,1.694601467087474,-1.7926125314789725,0.29005256197458884,0.3426086916127985,0.030399827238067865,Nick Madrigal,2023,294,1.2,84,0.663,26.0,1997.0,1126,66.42049290138841,30.608627674057487,39.82164567496135,53.37776119034717,39.9883043678237,2.207458488919289,-1.473556877673388,-0.31610586557249726,1.4513993680090942,-0.1430913493447334
fg:20538,Jose Miranda,Jose Miranda,2022,483,1.4,116,0.751,24.0,1998.0,631,54.41939435036885,43.890936756612206,36.49045170947653,39.62837103403235,34.447173533294084,0.5959995426485187,0.21545655678191125,-0.75985595729426,-0.7776632053245839,-0.8949129341078482,Jose Miranda,2023,152,-0.7,55,0.566,25.0,1998.0,1363,50.481259746798976,37.45365109542925,37.80877502874145,40.29815188477716,37.21774486651808,0.08097508290788154,-0.6067613898653831,-0.5834852783512757,-0.6679715839293255,-0.5084125274519526
fg:20543,Elehuris Montero,Elehuris Montero,2022,185,0.2,81,0.702,24.0,1998.0,781,39.86518895353603,45.11218906300833,33.68231311922783,45.5941350073755,40.394276933181736,-1.3175946972748747,0.37322338506087643,-1.1321923924731072,0.18766404835691103,-0.0970994293766251,Elehuris Montero,2023,307,-0.9,77,0.716,25.0,1998.0,1376,34.48772832422253,44.14972359741716,29.963838072667265,38.16442188171221,38.8040936832966,-2.0527523582920244,0.24117222167443114,-1.6255664674931727,-1.0137132098546164,-0.29923931952719207
fg:20572,Kody Clemens,Kody Clemens,2022,127,-0.3,39,0.505,26.0,1996.0,864,43.13014951340112,41.35158135906392,37.08078775698212,47.03317229587048,43.14373466618331,-0.8883160420282951,-0.11258871678362904,-0.6815821782688686,0.4205163569388852,0.27174475620080923,Kody Clemens,2023,148,0.0,72,0.644,27.0,1996.0,1278,46.099526402542566,41.05172898155816,38.560291567117325,46.81462874312265,38.46685219084161,-0.5036002950766769,-0.15113144026715528,-0.4836576758663174,0.3879339435144451,-0.3437073987264428
fg:20970,Oscar Gonzalez,Oscar Gonzalez,2022,382,1.4,123,0.789,24.0,1998.0,628,55.18989201317714,46.33823479978072,26.43574764866712,38.8455989879606,35.51042614670737,0.6973049625751363,0.5316094500881197,-2.0930282871002794,-0.9043244666264851,-0.7522758826084731,Oscar Gonzalez,2023,180,-1.4,48,0.551,25.0,1998.0,1389,43.264679976013696,39.47119194601672,26.06038194952092,35.72422901893463,41.98845541799787,-0.8818025477282507,-0.3512771938146594,-2.1440815583534003,-1.4091129308765489,0.1206451045006647
fg:2136,David Peralta,David Peralta,2022,490,1.7,104,0.731,35.0,1987.0,603,50.66783728139716,46.51469066558699,40.29695064769848,45.93025663038728,37.734265356831926,0.10274293384111953,0.5544048070619995,-0.25514502525863547,0.24205228173234206,-0.4539442688985607,David Peralta,2023,422,-0.3,80,0.675,36.0,1987.0,1310,55.64554172240187,40.29393916401138,33.11632135960191,43.66068932740426,32.631458341112925,0.7699517619347112,-0.24709149096699223,-1.2068067565110228,-0.12311859832261161,-1.1131523266905963
fg:21454,Lars Nootbaar,Lars Nootbaar,2022,347,2.6,123,0.788,25.0,1997.0,541,52.60791127809857,52.28869557294546,58.417327323194414,51.32824426260347,44.76260537322389,0.3578248379291888,1.3003165534965253,2.147470172894583,1.115506980861822,0.4889188703275547,Lars Nootbaar,2023,503,3.1,118,0.784,26.0,1997.0,1002,58.8771816591092,43.56936124162892,60.92651071199688,47.02644697202187,46.55378721966604,1.2010909913419423,0.16768007412089425,2.487356160651242,0.4222561767656239,0.7226218501543198
fg:21479,Nico Hoerner,Nico Hoerner,2022,517,4.3,108,0.736,25.0,1997.0,500,64.86648719478293,37.92604085599139,39.64406135695247,57.20333404978889,54.546863870829775,1.9695885601132646,-0.5551153408730405,-0.3417128577463069,2.066162138313135,1.8014929149151544,Nico Hoerner,2023,688,4.5,103,0.729,26.0,1997.0,959,66.31831177233924,33.47538876315768,43.97486828074195,56.27135248601319,63.85063940510345,2.193826310179999,-1.1105346608468998,0.23558692380699797,1.9202660746166704,3.003354826635299
fg:21501,Trevor Larnach,Trevor Larnach,2022,180,0.8,101,0.712,25.0,1997.0,694,40.80063112785011,47.11506137050303,47.24401298493756,47.37030423474086,38.88262301788415,-1.194602290081117,0.6319633765812835,0.6659791794351734,0.4750680707063485,-0.2998902381133667,Trevor Larnach,2023,212,0.1,97,0.727,26.0,1997.0,1257,38.94004149785924,48.20230541067912,49.23180568969418,40.40030617134803,41.85473035669154,-1.4587607910516418,0.7543566789752771,0.9338915267679977,-0.6514188855637798,0.10301234948642783
fg:21523,Jonathan India,Jonathan India,2022,431,0.2,95,0.705,26.0,1996.0,778,53.58588385144122,37.34422306186018,46.13141712352933,36.40778363259048,35.010388720970475,0.48640916336125933,-0.6302771625012173,0.518457978640454,-1.2987902236522793,-0.8193567090712288,Jonathan India,2023,529,1.6,100,0.746,27.0,1996.0,1095,54.10820223816515,42.88913665216644,52.44591411959118,39.73321520728626,46.98260812172666,0.5648523778596222,0.08154222351819083,1.3608372056704543,-0.7595118093280268,0.7791654317175247
fg:21534,Cal Raleigh,Cal Raleigh,2022,415,4.2,122,0.774,26.0,1996.0,501,41.068697123549,55.98437530506386,39.40138572743043,56.76610577574485,38.57968303607053,-1.1593568382476316,1.777740969907049,-0.37388968089698216,1.9954137193510761,-0.34053012485528966,Cal Raleigh,2023,569,4.3,114,0.762,27.0,1996.0,964,43.73777309091405,49.69057469168787,40.52411385803586,58.50294732188203,32.928210237698046,-0.8186862956114307,0.9428184296529875,-0.22279359504037588,2.2818653518689422,-1.0740231354875414
fg:21538,Nick Fortes,Nick Fortes,2022,240,1.3,95,0.696,26.0,1996.0,650,53.42272756116397,42.32981508821677,44.58683063292553,49.27702152918913,42.8590354185611,0.46495729231993427,0.013783886122137618,0.3136583189178581,0.783596228645742,0.23355189334523627,Nick Fortes,2023,323,0.6,52,0.562,27.0,1996.0,1196,51.98458644124298,34.38489909439317,41.28640209263352,56.159814241410736,41.765977801096255,0.2815367560162703,-0.9953620160363296,-0.12153513567655061,1.9021928348036141,0.09130959119705828
fg:21558,Matt Vierling,Matt Vierling,2022,357,0.2,82,0.648,26.0,1996.0,788,57.26249427230599,42.624778651317406,42.695542399220784,43.36811975623011,42.24811686389968,0.969811749210445,0.05188859680684012,0.06288881584608927,-0.17253008581315407,0.15159618475456907,Matt Vierling,2023,530,1.7,99,0.717,27.0,1996.0,1085,57.866152391973415,40.95079436323241,44.29949215689464,46.08291932461631,39.58996924703669,1.0662076541886065,-0.16391294097834666,0.2787082945432045,0.2693704871746845,-0.19561512858095478
fg:21560,Alfonso Rivas,Alfonso Rivas,2022,287,-0.1,85,0.628,26.0,1996.0,830,47.27652876658479,35.12362855596771,48.23663642350876,40.72186455049961,46.42845948231733,-0.3431480140192378,-0.9171434801765391,0.7975930085659634,-0.6007237390824544,0.7123958835524891,Alfonso Rivas,2023,123,0.0,94,0.725,27.0,1996.0,1273,45.99020878587133,40.70582014332585,43.006627996045,43.48962713262184,39.46363497611861,-0.5181845662007342,-0.19493439048592742,0.10697085042085655,-0.15083687630223802,-0.21227334677311416
fg:21614,Kyle Isbel,Kyle Isbel,2022,278,0.5,66,0.603,25.0,1997.0,746,49.06020962702618,41.662498727841495,40.1701031278164,53.53525056257273,43.95104382049672,-0.10862875808342308,-0.07242302221586906,-0.27196397911233045,1.4726252543850002,0.3800465802142521,Kyle Isbel,2023,313,1.2,76,0.662,26.0,1997.0,1128,54.1451722166054,39.51263690279692,39.605104921327495,51.93391531989528,51.30555842686801,0.5697846129873305,-0.3460289573488331,-0.3448700286636658,1.2174439855949684,1.349182172967433
fg:21618,Alec Bohm,Alec Bohm,2022,631,1.4,98,0.713,26.0,1996.0,634,60.652614781642974,43.10831186188174,36.018356469287745,39.755723500395206,37.15041395848748,1.415546497513855,0.1143535768922376,-0.8224519628501062,-0.7570561536287841,-0.5322688748511334,Alec Bohm,2023,611,1.4,104,0.765,27.0,1996.0,1106,62.233551816588346,42.63342607640709,39.69844530294579,39.78094004794177,31.21750395878295,1.6488707166956833,0.0491612133143464,-0.33247117110542357,-0.7517786547201052,-1.2995939030217418
fg:21622,Jake McCarthy,Jake McCarthy,2022,354,2.2,116,0.769,25.0,1997.0,569,52.26347434778965,39.9345270360876,38.028792337423646,42.58332707844116,64.54536899588938,0.3125380972322719,-0.2956501242127793,-0.5558844483774263,-0.29951830789911976,3.1428084898297577,Jake McCarthy,2023,312,0.1,78,0.644,26.0,1997.0,1265,53.06408534693437,29.940732011171672,41.011042529092144,40.39521166708343,56.471700095521975,0.4255547578546616,-1.5581334979824448,-0.15811248779849674,-0.6522443799727234,2.0303806672687013
fg:21636,Jeremy Pena,Jeremy Pena,2022,558,3.3,102,0.715,25.0,1997.0,522,47.59645705723542,45.61311557085441,30.041637771842467,51.95490343583176,48.83098682999586,-0.3010836815816313,0.43793530898505567,-1.6149164592966474,1.2169074354205003,1.0346987988675695,Jeremy Pena,2023,634,2.7,96,0.705,26.0,1997.0,1020,51.2816808906684,37.695085271382034,35.245299253614576,49.05292818425134,41.16580362483486,0.18776078983311761,-0.5761882213843063,-0.9240042524409636,0.750619609916422,0.012171663627547668
fg:21707,Oswaldo Cabrera,Oswaldo Cabrera,2022,171,1.3,110,0.74,23.0,1999.0,645,46.79820436174095,40.372895679865984,39.77741828190675,50.56969740014512,41.881379994921495,-0.40603834715437004,-0.23901970461508298,-0.324030809496868,0.9927656248850294,0.10239784279213239,Oswaldo Cabrera,2023,330,-0.8,59,0.574,24.0,1999.0,1372,47.56233226292572,32.581483672892546,40.38211660829321,43.18503857518331,44.30449269581144,-0.308444583496828,-1.2237311908034254,-0.2416557814027696,-0.20019126647145652,0.4260337693073109
fg:21897,Christopher Morel,Christopher Morel,2022,425,1.7,110,0.741,23.0,1999.0,602,38.841038180185976,50.642053435694855,41.17677152194904,37.74672458591179,45.74686164818091,-1.4522505556511913,1.0875959666497805,-0.1384879026180545,-1.0821346202649007,0.6209584357220276,Christopher Morel,2023,429,1.6,120,0.821,24.0,1999.0,1091,40.90892804930117,57.02954556508168,39.62066289998204,36.53342525318647,46.58182114824967,-1.1960878920888232,1.8721632173348517,-0.3428033865749214,-1.2779938008455796,0.726318355431437
fg:21987,Rodolfo Castro,Rodolfo Castro,2022,278,0.9,100,0.725,23.0,1999.0,682,43.18908962324925,44.781890000254855,42.41569966708319,42.10707058618625,43.32406574650638,-0.8805665667645766,0.33055387668720854,0.025783935888724636,-0.3765819285469836,0.2959364612260203,Rodolfo Castro,2023,256,-0.7,69,0.618,24.0,1999.0,1362,39.08780224078103,38.66439452387952,42.57932084210383,39.96460640274627,30.8855144031084,-1.439047749349091,-0.453443150310905,0.05020955971818624,-0.7220180458114501,-1.343369470931821
fg:22117,Nick Pratto,Nick Pratto,2022,182,-0.2,81,0.657,24.0,1998.0,837,36.20599187725257,43.235949565905536,44.31841854836033,43.65259541129503,37.91554948743193,-1.798707767827274,0.13084238565614278,0.27806905025676937,-0.12649874698209781,-0.42962471064287694,Nick Pratto,2023,345,-0.6,80,0.66,25.0,1998.0,1351,37.13404703296708,38.58090356109402,42.73326831851413,38.98461217499087,35.3422086156524,-1.6997019469839674,-0.4640157349991131,0.0706591528992786,-0.8808126436353796,-0.7557174896540496
fg:22168,Akil Baddoo,Akil Baddoo,2022,225,-0.2,65,0.558,24.0,1998.0,846,43.366378571328525,31.622633962854085,45.3286279449088,43.81375986343148,47.717800016242045,-0.8572565267729463,-1.3694176006711674,0.41201463499435215,-0.10042053827871601,0.885362993924563,Akil Baddoo,2023,357,0.7,88,0.682,25.0,1998.0,1178,47.06145210055966,40.59263742693643,47.17479857022525,43.38586274505572,49.27815515429228,-0.375267958457313,-0.20926688605605148,0.6606492512555343,-0.16765046940854506,1.0818522882684156
fg:22197,MJ Melendez,MJ Melendez,2022,534,-0.6,97,0.706,24.0,1998.0,888,47.44959725780657,47.12686804452449,51.044607589051246,22.679902538359823,34.74349018023335,-0.320392881816259,0.6334886154718342,1.1699072445846654,-3.5201147371216868,-0.8551615784126896,MJ Melendez,2023,602,0.4,93,0.713,25.0,1998.0,1221,42.34041944852068,48.41567560157286,44.14577728416856,35.67408902678625,38.1689328483091,-1.0051099023219905,0.7813760633242007,0.2582895992425165,-1.4172374275956097,-0.3829905273304723
fg:22244,Jack Suwinski,Jack Suwinski,2022,372,1.1,97,0.709,24.0,1998.0,669,42.437605538240085,49.2589560726441,48.65792489277291,46.622354490301305,39.73785300688496,-0.9793720719267188,0.9089212709896839,0.8534524477590532,0.3540414468040625,-0.18515975690315728,Jack Suwinski,2023,534,2.6,112,0.793,25.0,1998.0,1023,42.53496381818007,52.19597197713363,55.15148394883552,41.943626975599074,48.25558121873855,-0.9791553680102489,1.260080611022646,1.7202312251191834,-0.4013449570819106,0.9470174599017331
fg:22263,Nolan Gorman,Nolan Gorman,2022,313,0.1,105,0.721,22.0,2000.0,796,41.69151969249504,48.72035728946876,40.14848935205307,35.057235245391766,36.82602455024962,-1.07746781387748,0.8393426742562736,-0.27482979073801656,-1.5173240395061967,-0.5757862367131831,Nolan Gorman,2023,464,2.3,118,0.805,23.0,2000.0,1041,40.52158856856653,54.14387740555774,44.24822461331896,42.48309113176696,41.045055247592806,-1.2477635887981169,1.5067467700839932,0.2718981770020611,-0.31393220372793207,-0.0037500082974962117
fg:22275,Jake Burger,Jake Burger,2022,183,0.4,113,0.761,26.0,1996.0,749,41.8996384174641,51.48577414526197,33.5270385613527,39.791556117886,39.44317011111068,-1.0501042593265975,1.1965915768152904,-1.1527805413465135,-0.7512580358371366,-0.224691942246776,Jake Burger,2023,540,2.3,121,0.828,27.0,1996.0,1040,44.5142616880262,60.07727298058292,31.544485126447885,36.928104786392566,37.07386169448094,-0.7150934752604313,2.2581014689962036,-1.415601419891104,-1.2140414060561269,-0.5273847133565117
fg:22277,Nick Allen,Nick Allen,2022,326,0.5,59,0.547,24.0,1998.0,747,48.269559452509625,28.169757144718524,36.70991214673111,52.624961396993854,40.955703811790464,-0.21258384037727018,-1.8154756520518445,-0.7307572806285465,1.3253302986692372,-0.021783108883256526,Nick Allen,2023,329,-0.3,54,0.55,25.0,1998.0,1320,53.04890291587225,28.344210488701243,38.76891954976901,46.49797687488081,41.65548300558172,0.42352924085497967,-1.7603033908633088,-0.4559446046884021,0.33662485959991384,0.07673993880263642
fg:22458,Taylor Walls,Taylor Walls,2022,466,-0.5,65,0.553,26.0,1996.0,885,42.840295222310296,32.99054810715805,51.49908466933006,37.31370222844642,50.682318486714,-0.9264262298898176,-1.1927043410322777,1.2301672248182327,-1.1522024749407689,1.2830579239996578,Taylor Walls,2023,349,0.7,84,0.638,27.0,1996.0,1180,44.312936763837016,32.4578638348557,52.1426806128357,40.75074526716797,57.001674085362254,-0.7419526162462411,-1.2393853545977136,1.3205572218953454,-0.594635045714063,2.100262119821298
fg:22558,Jarred Kelenic,Jarred Kelenic,2022,181,-0.2,57,0.534,23.0,1999.0,848,36.07286671648193,43.78588455579781,41.87674645777272,46.7318729744909,44.66303529402302,-1.8162111308686535,0.20188544421212526,-0.04567689491916194,0.37176276096306954,0.475561383747598,Jarred Kelenic,2023,416,1.5,110,0.746,24.0,1999.0,1101,45.39152226210104,46.92144561902077,42.87459089494856,42.58524541833784,43.56469209691512,-0.5980564738297162,0.5921595001522342,0.08943171911975827,-0.29737950536238406,0.32848494343807055
fg:22581,Alejandro Kirk,Alejandro Kirk,2022,541,4.3,129,0.786,24.0,1998.0,497,65.55398731052317,44.53826972138436,59.34409502525932,56.87578891307872,23.28883577730598,2.059981420840204,0.29908192081000246,2.270352064701489,2.0131616762281475,-2.391821925508229,Alejandro Kirk,2023,422,2.3,95,0.692,25.0,1998.0,1046,62.22080048013993,36.39599879899937,53.69917101802191,60.59431118983492,21.981739108427547,1.6471695366515091,-0.740693471872996,1.5273134241958015,2.6207421277819183,-2.5174058627587845
fg:22799,Geraldo Perdomo,Geraldo Perdomo,2022,500,0.3,59,0.547,23.0,1999.0,773,50.840305857059015,27.613469393530792,52.41368134696128,48.74390283655009,50.345701745538136,0.12541918884478553,-1.8873393886897833,1.3514353373530443,0.6973316687752793,1.2379002457198762,Geraldo Perdomo,2023,495,2.3,98,0.712,24.0,1999.0,1044,55.838000665647854,28.312048182558883,58.34052654323632,47.95201175386191,49.18836496370686,0.7956280755428868,-1.7643761514845004,2.1438472869951464,0.572231230831928,1.0700127092261034
fg:22871,Tucupita Marcano,Tucupita Marcano,2022,177,-0.2,55,0.562,23.0,1999.0,844,46.74752844010597,29.22244354453672,41.47982465681614,46.84038114282189,44.44177187357742,-0.41270124279858134,-1.6794849205691642,-0.09830551122967343,0.3893205947300443,0.445878539333315,Tucupita Marcano,2023,220,-0.3,68,0.633,24.0,1999.0,1313,56.38274675077438,35.2729594113403,36.79031693195481,40.92261251244801,42.20722847900825,0.8683036866765188,-0.8829056184106137,-0.7187720283319567,-0.5667863203640577,0.14949214147957518
fg:23359,Nelson Velazquez,Nelson Velazquez,2022,206,0.2,89,0.659,24.0,1998.0,784,38.70818480346442,46.00510830825443,43.61564331049364,41.430786076728296,46.34628042371954,-1.46971818438921,0.48857468183544395,0.18488674518539658,-0.48601231686597446,0.7013714304117126,Nelson Velazquez,2023,179,0.8,133,0.888,25.0,1998.0,1160,43.80212929531083,58.826532685551456,39.33301006505239,40.78318659502968,40.44771673072075,-0.81010041199982,2.099718366789716,-0.3810137138168026,-0.5893783743329736,-0.08251403073039577
fg:23378,Jose Barrero,Jose Barrero,2022,174,-1.2,6,0.401,24.0,1998.0,924,27.819491694472298,33.86211975389418,31.47219939590128,44.26142060235005,44.25209858259234,-2.9013690265708907,-1.0801108223930322,-1.4252355734403168,-0.027984029960213548,0.4204335616930114,Jose Barrero,2023,149,-0.5,66,0.619,25.0,1998.0,1342,40.73860438498561,35.696578508578554,40.54309757737931,40.74055625863877,39.800008807410045,-1.2188110960413174,-0.8292621026135807,-0.2202718951288888,-0.5962860345319514,-0.16791967587237516
fg:23667,Wander Franco,Wander Franco,2022,344,2.3,115,0.746,21.0,2001.0,565,65.66696856789183,40.607421379052255,44.62317934470825,46.0618150133288,51.98210081072102,2.0748362533387903,-0.20872262716700707,0.3184778637279028,0.2633398977143315,1.4574258173380052,Wander Franco,2023,491,4.8,127,0.819,22.0,2001.0,952,65.34073009093707,46.34132999671872,46.80766287012887,55.7318883298453,49.960982899518456,2.0634052790450172,0.5186985968267082,0.6118808278666572,1.8328533212626907,1.171888772311718
fg:23697,Julio Rodriguez,Julio Rodriguez,2022,560,5.7,148,0.853,22.0,2000.0,480,49.90394428635267,58.644157914038445,37.78524721861146,47.38393230033545,54.45770844612901,0.0023058989513224035,2.1213435685934523,-0.5881765587663609,0.4772732439569506,1.7895325710193917,Julio Rodriguez,2023,714,5.8,128,0.818,23.0,2000.0,942,50.930549121387486,55.66853299892644,32.67992628422205,48.55019480971214,57.10295645939704,0.14091563276329386,1.6998161735672583,-1.2647752400863312,0.6691585749820965,2.113617038272408
fg:23733,Ezequiel Duran,Ezequiel Duran,2022,220,0.2,82,0.643,23.0,1999.0,789,45.6852380340901,37.94363941519149,33.31765354176849,44.51006363992417,41.4987969746142,-0.5523717192452179,-0.5528418803827401,-1.1805432992255438,0.012249191079194019,0.051073714093145074,Ezequiel Duran,2023,439,1.4,111,0.768,24.0,1999.0,1105,49.17621397142498,47.01744173105617,31.335830090670484,41.07839119443663,33.141809746868816,-0.09313355572628235,0.6043156304730732,-1.443318084667486,-0.5415445256112644,-1.0458582740952425
fg:23792,Alek Thomas,Alek Thomas,2022,411,0.8,71,0.619,22.0,2000.0,703,51.02431220958732,38.41582973100439,37.5564290756325,49.14008226066608,44.692406718589936,0.1496124365492673,-0.4918422261100864,-0.6185159914271555,0.7614379252674689,0.47950160768470396,Alek Thomas,2023,402,0.3,71,0.647,23.0,2000.0,1242,49.97006525196621,40.9105859440236,35.46991594570763,43.09816780140624,53.82624999723633,0.012775653238753376,-0.16900459285396646,-0.8941673231057676,-0.21426748161017134,1.6815561983936824
fg:2396,Carlos Santana,Carlos Santana,2022,506,0.9,102,0.692,36.0,1986.0,684,53.2784899260846,46.65616472523328,57.564845465121145,43.131248805677664,36.75307008211959,0.44599285557176893,0.5726810580522719,2.0344379823923577,-0.21085845166795975,-0.5855731961774695,Carlos Santana,2023,619,1.5,101,0.747,37.0,1986.0,1100,53.52908361986955,43.36573740070576,49.60585969153669,44.15939744945534,43.89291703315181,0.4875910617113449,0.1418948845521847,0.9835789418773727,-0.04230980024018666,0.371764115148207
fg:2434,Nelson Cruz,Nelson Cruz,2022,507,-0.5,87,0.651,42.0,1980.0,877,45.78839522330824,44.79206702151953,41.98536455342985,39.03391730772281,37.97102931561524,-0.538808560164236,0.33186858975497197,-0.03127501508555002,-0.873852458808835,-0.4221820022874702,Nelson Cruz,2023,152,-0.3,84,0.681,43.0,1980.0,1309,42.1045581445147,47.08925955812643,32.73435085188056,42.93233115987107,39.89418203827402,-1.0365766074152976,0.613410028638946,-1.2575457596581672,-0.24113903049405075,-0.15550215672897572
fg:24589,Richie Palacios,Richie Palacios,2022,123,-0.4,66,0.578,25.0,1997.0,873,55.18621263155637,29.098809705069584,43.22249126335915,42.88143079910067,41.932081452351504,0.6968211956305308,-1.6954564922243616,0.1327579677021044,-0.25128179581746257,0.10919952501073654,Richie Palacios,2023,102,0.4,120,0.823,26.0,1997.0,1214,57.899419112531696,43.19663579549825,45.24150199814329,42.94506847218936,40.55206515837141,1.0706458306399769,0.1204812969934756,0.4038400503556836,-0.239075124065159,-0.0687548277589339
fg:24610,Steven Kwan,Steven Kwan,2022,638,4.7,125,0.772,25.0,1997.0,491,70.45570944951794,31.130206722297416,60.04659115055219,49.41833136743513,56.32572793900525,2.7044623110801176,-1.4330315512806409,2.363497361705984,0.80646173902827,2.0401303962641966,Steven Kwan,2023,718,3.0,99,0.71,26.0,1997.0,1005,67.53888002713381,27.816801927506,55.70524678113476,51.89154918478322,50.01627380592289,2.3566646421469057,-1.8270899207162241,1.793790239553094,1.2105791355826558,1.1791793354838016
fg:24617,Jarren Duran,Jarren Duran,2022,223,-0.1,77,0.645,26.0,1996.0,828,46.13313863307856,41.4009856338194,38.35897287396132,39.38595454475409,48.74505161546773,-0.4934815233937101,-0.10620645188163205,-0.5121051832205066,-0.8168889012937375,1.023170451355769,Jarren Duran,2023,362,2.5,122,0.828,27.0,1996.0,1025,54.80593915048163,45.61236019337753,37.08705352828261,40.489592096617976,58.39942914395825,0.6579387861838153,0.42638806735334067,-0.6793550608158873,-0.6369513283139246,2.284567681376999
fg:24618,Ryan Jeffers,Ryan Jeffers,2022,236,0.8,86,0.648,25.0,1997.0,699,48.435259566632894,45.50755458031072,45.4229443399338,46.399957268057776,38.71387533602751,-0.1907975060982489,0.42429846868527366,0.42452022514737126,0.3180550918738269,-0.3225280115678952,Ryan Jeffers,2023,335,2.3,136,0.858,26.0,1997.0,1039,48.43588985484996,51.52217836163818,43.85830976438171,40.56011010582477,36.92862049135634,-0.19190160395660386,1.174757124210054,0.22010388831373626,-0.6255248539590861,-0.5465359668885813
fg:24655,Owen Miller,Owen Miller,2022,472,0.7,86,0.652,26.0,1996.0,710,56.34253547705906,34.64345926203192,39.25489799407548,46.41593527165812,44.1056369200874,0.8488551044777487,-0.9791738944852338,-0.3933127679996674,0.3206405113446195,0.4007854936479804,Owen Miller,2023,314,0.9,82,0.674,27.0,1996.0,1157,56.19294469016746,33.4125348208668,37.41756633987599,50.86705031836281,45.662615778983785,0.8429818328336832,-1.1184939489624925,-0.6354514340996543,1.0445731726323242,0.6051135272137265
fg:24679,Brendan Donovan,Brendan Donovan,2022,468,2.6,127,0.773,25.0,1997.0,543,63.19502465195261,36.54032588753681,60.160744600985296,42.3989477585499,33.91263560669792,1.7498238249732854,-0.7341281904920559,2.3786331847544697,-0.32935294153558037,-0.9666220583577316,Brendan Donovan,2023,371,1.5,118,0.787,26.0,1997.0,1098,64.50483748478814,41.45612041350535,49.26731353730878,40.78318659502968,43.902764961528135,1.9518872568827323,-0.0999227522989561,0.9386082071279903,-0.5893783743329736,0.3730626459304042
fg:24703,Jonah Bride,Jonah Bride,2022,187,-0.1,68,0.548,27.0,1995.0,834,53.92806020594769,32.316844196134085,52.44277577733659,45.04839856500047,38.59746286276586,0.5313986824155978,-1.2797364216962954,1.3552930231977243,0.09935779562787847,-0.33814493245228144,Jonah Bride,2023,106,-0.3,49,0.49,28.0,1995.0,1323,53.05790450646375,33.19884507436812,50.25205883450363,46.40788589911324,35.11944477476521,0.42473016017367515,-1.145553799112541,1.0694167217213604,0.3220268549796786,-0.7850907439567444
fg:24782,David Villar,David Villar,2022,181,0.9,124,0.787,25.0,1997.0,679,38.8585718981269,44.092812346378025,46.07384423918929,43.77792724594068,38.29299406919692,-1.4499452136045903,0.2415357472468898,0.5108242804346129,-0.10621865607036354,-0.37898991175482893,David Villar,2023,140,-0.3,51,0.55,26.0,1997.0,1321,37.41884482714923,40.02675653356084,42.34190325646874,46.623993581779445,39.714187382200805,-1.6617065316761355,-0.2809252245042816,0.018672225339705053,0.357044135269422,-0.17923594038483381
fg:25764,Bobby Witt Jr.,Bobby Witt Jr.,2022,632,2.3,98,0.722,22.0,2000.0,567,52.93790156800554,46.33510295079096,34.11242597338437,38.03322087269391,63.99232208606161,0.4012121270857683,0.531204863845641,-1.0751629113081258,-1.0357763206497812,3.068616355652505,Bobby Witt Jr.,2023,694,5.9,116,0.813,23.0,2000.0,940,58.83611482925767,51.01777247747183,37.06939974610445,57.33821748754566,61.92491411919637,1.1956121874766743,1.1108834575321418,-0.6817000986954871,2.093136887579315,2.7494320251842175
fg:25768,CJ Abrams,CJ Abrams,2022,302,-0.3,72,0.604,22.0,2000.0,857,53.34441140441232,33.39890219742134,27.123897319033627,38.51889951396475,45.64659525044961,0.4546602446717334,-1.1399513355327857,-2.001785213833347,-0.9571880910375049,0.6075075368891105,CJ Abrams,2023,614,2.3,91,0.712,23.0,2000.0,1045,53.32477661734754,41.25890140447387,33.057901436620654,40.3201400028308,67.90227651262111,0.46033407598428056,-0.12489688848740453,-1.2145669594483772,-0.664408711552792,3.537596679475407
fg:25816,Shea Langeliers,Shea Langeliers,2022,153,0.0,95,0.691,25.0,1997.0,812,34.894843837169255,45.96819947873473,34.66997120584742,42.017571369031394,38.8785108938674,-1.9710981710667579,0.4838066343662073,-1.0012369287988838,-0.39106390166707145,-0.300441886176818,Shea Langeliers,2023,490,0.7,86,0.681,26.0,1997.0,1179,38.25014633978387,49.051822598221314,36.66828319937474,37.86975813152403,38.10482160780116,-1.5508010160302497,0.8619323028479206,-0.7349823634658804,-1.0614594213926107,-0.3914441244834071
fg:25845,Michael Toglia,Michael Toglia,2022,120,-0.1,69,0.653,24.0,1998.0,827,41.50357695799192,41.48178238335191,40.34851294807148,45.29283568599592,42.11081278236021,-1.102178619062275,-0.09576876685763384,-0.24830828180972922,0.1389104523810953,0.1331766209533117,Michael Toglia,2023,152,-1.1,23,0.507,25.0,1998.0,1386,35.44157959000796,41.76378253064393,37.90125655209321,44.76670026205829,39.91201364329775,-1.9254972470314389,-0.060963041208335365,-0.57120050712014,0.05609527517082599,-0.1531509121692607
fg:25878,Corbin Carroll,Corbin Carroll,2022,115,1.4,130,0.83,22.0,2000.0,625,48.1266224065794,42.64113158808762,41.92122348279293,49.52886016748332,46.21230559146495,-0.23137727501048388,0.05400114222744695,-0.039779601601484124,0.8243465335793092,0.6833984907670387,Corbin Carroll,2023,645,5.4,133,0.868,23.0,2000.0,945,58.50945634664842,49.18684122895401,44.97606579640438,40.89552989012976,78.75471426270222,1.1520320581213657,0.8790299127003148,0.36858086671938606,-0.5711746871495383,4.968580328202882
fg:25931,Michael Harris II,Michael Harris II,2022,441,4.7,137,0.853,21.0,2001.0,490,52.88093866096614,53.08115496862286,32.49290812729127,50.05239205796215,60.64576003022054,0.39372261544100207,1.4026899981492775,-1.289897861932277,0.9090598417672964,2.6196696629446685,Michael Harris II,2023,539,3.9,116,0.808,22.0,2001.0,977,58.89129501307356,49.87975044954872,31.503083055128627,49.24275829509691,52.73319141131637,1.2029738807330006,0.9667740369931278,-1.4211010586969843,0.7813789707910638,1.537427386086885
fg:25961,Kerry Carpenter,Kerry Carpenter,2022,113,0.5,125,0.795,25.0,1997.0,732,45.7241492301189,44.71916962735704,36.31651178715845,43.92226803176247,40.0802732704949,-0.5472556556361772,0.3224513787441237,-0.7829189823301665,-0.0828627045117412,-0.13922352673658664,Kerry Carpenter,2023,459,1.9,121,0.811,26.0,1997.0,1063,51.75444416841948,47.485801999380925,35.70341714853895,39.66698665184644,41.64091472779916,0.250833037748619,0.6636247872518369,-0.8631502209321011,-0.7702432366443007,0.07481899092188814
fg:25976,Riley Greene,Riley Greene,2022,418,1.0,98,0.682,22.0,2000.0,677,51.19741284235819,43.38430496631128,43.80411473899357,42.43259509117923,38.82295253824199,0.17237179473927275,0.15000759898469626,0.20987653025669326,-0.32390842724605917,-0.3078951291151277,Riley Greene,2023,416,2.3,119,0.796,23.0,2000.0,1042,53.17411987892323,49.64069405739811,42.71171488288366,41.525890072562845,46.77888578459921,0.4402346740145659,0.9365019708083946,0.06779610505610907,-0.4690334818049444,0.752302957126712
fg:26197,Andrew Vaughn,Andrew Vaughn,2022,555,-0.6,113,0.75,24.0,1998.0,887,57.68016095084744,47.85005413232605,39.11299761208488,20.0,31.218560791229315,1.0247267740072483,0.726913024769054,-0.4121276094623944,-3.953752904680508,-1.328036536299671,Andrew Vaughn,2023,615,0.4,103,0.743,25.0,1998.0,1217,53.11148201114006,46.30790373191137,37.86323394561698,36.35485340264657,27.52023116917919,0.43187803695825383,0.5144657792414788,-0.5762512351492978,-1.306928915345291,-1.787109890548918
fg:26288,Adley Rutschman,Adley Rutschman,2022,470,5.6,134,0.806,24.0,1998.0,481,58.127144618821845,44.45289715033275,57.7753201048557,63.00591293927839,48.53350653099181,1.0834964113082164,0.2880531107219551,2.0623452150789667,3.0050842225071825,0.9947913373727185,Adley Rutschman,2023,687,5.5,126,0.809,25.0,1998.0,943,64.94095500305455,42.5053960621931,57.55936159817101,56.12415271155852,33.334746563217934,2.010070524337941,0.03294858235706006,2.040081342230054,1.8964143739410042,-1.0204179595971419
fg:26289,Gunnar Henderson,Gunnar Henderson,2022,132,0.8,127,0.788,21.0,2001.0,690,50.63819840441277,50.68432378887133,50.29044633632243,44.61436589167649,39.01998590952076,0.09884599939992532,1.0930566396949468,1.0699115700954691,0.0291264605599781,-0.2814627848428062,Gunnar Henderson,2023,622,4.7,122,0.814,22.0,2001.0,956,50.642116361209474,54.38841891940201,43.80570623721882,46.571174236859335,55.47584239335925,0.1024352697295173,1.5377134253798888,0.21311630556502908,0.34848548625255693,1.8990685951728699
fg:26294,Bryson Stott,Bryson Stott,2022,466,1.3,84,0.653,25.0,1997.0,653,56.2392082684854,38.1968192519663,44.43998082545679,44.60376877365769,50.14971030642731,0.8352695911664589,-0.5201349781128726,0.29418722371996464,0.027411728485471475,1.211607678326937,Bryson Stott,2023,640,4.1,100,0.747,26.0,1997.0,972,63.08356980533278,38.02700413641015,41.77594029002605,58.85955017374305,56.52356738472267,1.7622732330115811,-0.5341568422620027,-0.05650739234023298,2.339647943684647,2.0372197982049243
fg:26299,Josh Jung,Josh Jung,2022,102,0.1,81,0.654,24.0,1998.0,803,43.23617471175731,43.86579967082311,37.01489480381637,45.15690673333146,42.39792455617669,-0.8743757956644995,0.21220923575221748,-0.6903190502203949,0.11691562939485328,0.17169312808558201,Josh Jung,2023,515,2.8,114,0.781,25.0,1998.0,1011,48.06992776199692,50.06310625842757,34.40033032131403,49.54225234827084,30.3952662674968,-0.24072530269628375,0.9899926555450155,-1.03624559162444,0.8299078665513386,-1.4080127411384695
fg:26323,Spencer Steer,Spencer Steer,2022,108,-0.1,77,0.632,25.0,1997.0,829,49.0985288758784,34.69587973894819,46.948012122518655,43.82637761316748,38.16857088654741,-0.10359052398664764,-0.9724019831147189,0.6267318622601477,-0.09837884542014498,-0.39568148221269217,Spencer Steer,2023,665,2.0,118,0.82,26.0,1997.0,1057,54.84223880440088,43.5903175802566,48.41018220713663,30.4041182722896,42.533848260728405,0.6627815920424533,0.17033380642321747,0.8247512773912913,-2.2711637700199825,0.19255966029478194
fg:26368,JJ Bleday,JJ Bleday,2022,238,-0.3,66,0.586,25.0,1997.0,859,41.56805966394786,37.50556312411359,48.52401083103352,42.72127666282282,44.52546296344335,-1.09370040047682,-0.6094345325526472,0.835696527683916,-0.2771965241288133,0.4571058339053204,JJ Bleday,2023,303,0.4,91,0.666,26.0,1997.0,1227,44.426884932555495,39.44203570643385,52.70065796466844,42.30612938222232,41.74900681189754,-0.726750574367867,-0.3549692917602957,1.394676071488126,-0.34260642348688103,0.08907182594971422
fg:26396,Josh Smith,Josh Smith,2022,253,-0.1,68,0.556,25.0,1997.0,833,50.697419881147496,30.29146291486824,52.697928758642114,45.79954391016009,39.56191149122296,0.10663246892329706,-1.5413842229961308,1.3891242421462657,0.22090150342432296,-0.20876259475539274,Josh Smith,2023,232,0.1,81,0.633,26.0,1997.0,1266,48.41051298319049,40.16689821680668,48.38823090733426,42.434561240613824,39.47874171358841,-0.19528718066264517,-0.2631788748991014,0.8218353793121423,-0.3217958057062337,-0.2102813985304494
fg:27465,Spencer Torkelson,Spencer Torkelson,2022,404,-0.8,76,0.604,23.0,1999.0,907,47.126463191421664,42.04740378222499,46.09363908709935,41.24758172583992,34.24706997016651,-0.3628787112585003,-0.022699267918262177,0.5134489169576575,-0.5156568273923386,-0.9217571495642389,Spencer Torkelson,2023,684,1.3,106,0.758,24.0,1999.0,1115,49.62586037429242,52.07463878166027,45.71037945884772,36.17279714883732,41.60018505383875,-0.03314537404923427,1.2447160081742075,0.46612332739774853,-1.3364286295131858,0.06944844664441396
fg:27506,Ha-seong Kim,Ha-seong Kim,2022,582,3.6,105,0.708,27.0,1995.0,516,58.138733168351386,37.28905805880393,49.01613293261938,51.69364264852164,46.72715759145802,1.085020079624291,-0.6374036240183024,0.9009479328722091,1.1746325215225217,0.7524667162396462,Ha-seong Kim,2023,626,4.2,110,0.749,28.0,1995.0,967,57.85311307609536,35.13447270471376,55.51976935804591,52.81362956335391,52.78831198704089,1.064468054261088,-0.9004423958671359,1.7691523699699934,1.3599895899807766,1.544695489750474
fg:27676,Vinnie Pasquantino,Vinnie Pasquantino,2022,298,1.4,136,0.832,25.0,1997.0,624,64.66895697141518,47.99221290427631,54.70981767929461,42.67080566387882,33.16189140519052,1.9436171870742691,0.745277729953365,1.6558844196150084,-0.2853632955630963,-1.0673356027989767,Vinnie Pasquantino,2023,260,0.1,104,0.762,26.0,1997.0,1255,59.85657783876464,42.87737701198663,47.063780315143866,40.59094133269123,32.87500164661243,1.331754098139436,0.08005308280695815,0.6459021556549649,-0.6205290773187568,-1.081039128167598
fg:27684,Michael Massey,Michael Massey,2022,194,0.2,91,0.683,24.0,1998.0,782,47.82305789702744,42.52243743666874,34.40080978185788,42.14290320367705,43.929326145032285,-0.27129008928547094,0.038667701539928774,-1.036925553799066,-0.370783810755336,0.3771331190531051,Michael Massey,2023,461,0.5,74,0.655,25.0,1998.0,1210,51.97953845501957,40.81448671706315,34.641035242067765,47.17445179697416,42.21872753477065,0.2808632945746975,-0.18117378077099863,-1.0042715845092978,0.44623832481166903,0.15100838705966863
fg:2967,Tommy Pham,Tommy Pham,2022,622,0.6,90,0.686,34.0,1988.0,720,49.496454571160776,47.25711959956711,48.64863046818011,42.0155507373142,45.655216333334685,-0.05127105358975681,0.6503150931864333,0.8522200823295335,-0.3913908624511347,0.6086640690508437,Tommy Pham,2023,481,1.9,109,0.774,35.0,1988.0,1066,55.11459899806214,50.83875451053752,50.52828756381935,44.27844534981527,51.91311987343675,0.6991176834128195,1.088214146351885,1.1061095293668828,-0.023019723907046444,1.429294173207248
fg:30116,Seiya Suzuki,Seiya Suzuki,2022,446,2.0,118,0.77,28.0,1994.0,583,54.19827374815174,46.86625667938492,50.39208430525756,41.686830631601154,40.53496907410322,0.5669264947428513,0.5998216751711413,1.083387941654742,-0.44458144764621765,-0.07822535194948106,Seiya Suzuki,2023,583,3.1,127,0.842,29.0,1994.0,1000,58.995522932151616,51.30199695696609,50.80925511820964,41.44008855056224,32.97331238651755,1.2168791256223237,1.1468752257386607,1.1434318182302272,-0.48293643938661734,-1.0680760442468937
fg:3473,Anthony Rizzo,Anthony Rizzo,2022,548,2.5,131,0.817,33.0,1989.0,548,51.98957789783447,52.37259597572117,48.03881587938227,39.277611029567375,32.40889665298264,0.27652605434302163,1.311155182310511,0.7713636064769892,-0.8344200923426492,-1.1683510622434068,Anthony Rizzo,2023,421,0.8,99,0.706,34.0,1989.0,1167,50.4058924188956,40.76766130998509,40.0274786333839,48.040756829913086,30.14193086338002,0.07092018436994217,-0.187103351653592,-0.28876407107770735,0.5866111508980671,-1.4414171088283163
fg:3516,Eric Hosmer,Eric Hosmer,2022,419,0.6,104,0.716,33.0,1989.0,716,59.01748513006287,41.861516183835725,43.2948642038562,41.20754319177045,30.18753581570985,1.200558829174879,-0.04671305823879885,0.14235403349517298,-0.5221355094701781,-1.4663501982414069,Eric Hosmer,2023,100,-0.3,67,0.61,34.0,1989.0,1315,48.1646901241642,37.030663958026295,36.26720711592324,44.18219061800662,36.64652670139908,-0.22808287575461228,-0.6603248796493567,-0.7882592533019294,-0.03861648049326957,-0.5837323655349023
fg:4314,Joey Votto,Joey Votto,2022,376,-0.8,92,0.689,39.0,1983.0,905,44.27564833605554,45.94183931649579,48.226379434278186,34.439998221179415,29.49413185285725,-0.7377052811448783,0.48040131085723514,0.7962330148608655,-1.6171998851004612,-1.5593714572644806,Joey Votto,2023,242,0.1,99,0.747,40.0,1983.0,1256,41.14503807961894,47.88707970297752,46.015063839541966,40.74323561141049,35.62184139068736,-1.1645880039452687,0.7144391791718845,0.5065960378254576,-0.5958518822341481,-0.7188455961736822
fg:4892,Mike Moustakas,Mike Moustakas,2022,285,-0.5,76,0.64,34.0,1988.0,880,42.0792049057801,39.50375507815128,36.61389087912111,41.883827701228405,39.56356888878966,-1.026494767200043,-0.35129916999897365,-0.7434889230793182,-0.4127051211511872,-0.20854025220095707,Mike Moustakas,2023,386,-0.4,78,0.685,35.0,1988.0,1326,46.00150869172227,41.206241641063016,34.182219301283936,41.29878833086981,33.74509524108567,-0.5166770242726837,-0.13156527258248998,-1.065218340849904,-0.5058321982829563,-0.9663100935279462
fg:4940,Jason Heyward,Jason Heyward,2022,151,-0.3,63,0.556,33.0,1989.0,861,47.37761146503645,37.02635197417728,41.36091126637756,43.82637761316748,42.87641724756006,-0.32985761002678704,-0.6713411695394558,-0.11407246377420913,-0.09837884542014498,0.23588369371591153,Jason Heyward,2023,377,2.2,119,0.813,34.0,1989.0,1048,56.44094477029232,44.42446601390496,44.709365630298734,49.39773192658791,36.53330016601757,0.8760679951327252,0.2759632621517435,0.3331537845393923,0.806490318173478,-0.5986622204176726
fg:4949,Giancarlo Stanton,Giancarlo Stanton,2022,452,1.1,113,0.759,33.0,1989.0,666,40.871546183923215,65.0203743629854,47.756424879342255,40.82936240297201,32.00406062197532,-1.1852783428696212,2.9450516920516328,0.7339208468330727,-0.5833293857075106,-1.2226604681880773,Giancarlo Stanton,2023,415,-0.6,88,0.695,34.0,1989.0,1349,38.45901802865163,56.72833326365619,45.91484511343627,38.37463000961618,28.55208551358284,-1.5229350468173595,1.8340202559926448,0.4932834962640311,-0.9796518713441978,-1.6510513635420256
fg:5038,Josh Donaldson,Josh Donaldson,2022,546,1.6,96,0.682,37.0,1985.0,610,41.57235064567426,45.85632368799303,44.172055857315485,50.05138174210355,29.33539672810177,-1.0931362200429604,0.46935401996861037,0.25866254275174155,0.9088963613752641,-1.5806660300488566,Josh Donaldson,2023,189,0.1,78,0.667,38.0,1985.0,1261,42.14259144131294,53.97295429368521,46.58053157048464,45.21929364444911,34.01136963707407,-1.03150251296339,1.4851025224294663,0.5817098709615995,0.12943181338608964,-0.93119961277616
fg:5235,Justin Turner,Justin Turner,2022,532,2.3,123,0.788,38.0,1984.0,562,59.5670361861582,43.660685328022375,46.08194047443992,41.18012240743698,32.13005348314531,1.2728140782121558,0.18571164870266654,0.5118977756609723,-0.5265724986894453,-1.2057583228271873,Justin Turner,2023,626,1.2,116,0.8,39.0,1984.0,1119,60.29629659954701,42.51162214134523,45.00598061472848,35.15097763518864,30.03260175377241,1.3904178142070045,0.03373700001227953,0.3725545977546631,-1.5020004401657119,-1.455833055897651
fg:5254,Robbie Grossman,Robbie Grossman,2022,477,0.0,82,0.622,33.0,1989.0,817,46.379764513029336,32.655140057758246,52.694816354568886,42.0281684870502,38.34650212146081,-0.461055028753711,-1.236033851122781,1.388711562572157,-0.38934916959256366,-0.3718117203164895,Robbie Grossman,2023,420,0.5,106,0.734,34.0,1989.0,1200,52.17109159419039,39.27152556004924,57.52054013383327,36.50875778236109,40.37719808126827,0.306418763138683,-0.3765612449814055,2.0349244980198558,-1.2819908255199208,-0.09181249773114783
fg:5297,Aaron Hicks,Aaron Hicks,2022,453,0.9,89,0.642,33.0,1989.0,685,47.67967022845539,36.58326285131396,55.97659911296315,44.6017481419405,46.44539762418366,-0.29014277201009586,-0.7285814017117425,1.823849378609828,0.027084767701408215,0.7146681625793292,Aaron Hicks,2023,312,0.9,109,0.735,34.0,1989.0,1152,50.103984140688304,34.10952784202175,53.985732018059366,39.75707762761402,47.447930651331305,0.030642026850147715,-1.0302326869360579,1.5653787176905454,-0.7556452320240654,0.8405220546793816
fg:5343,Brandon Crawford,Brandon Crawford,2022,458,2.0,87,0.652,35.0,1987.0,588,44.77120462909794,38.321985447617095,42.77544791061633,53.618358578287456,41.84858302094146,-0.672549290689358,-0.5039654498408296,0.07348363953729636,1.4860730597167722,0.09799807588105366,Brandon Crawford,2023,320,0.4,62,0.587,36.0,1987.0,1232,41.40407915977367,40.76252152213155,39.1357723595488,50.96733030265958,42.24390219727264,-1.1300288408361139,-0.18775421062740152,-0.4072137589982563,1.0608221660704478,0.1543278744626081
fg:5361,Freddie Freeman,Freddie Freeman,2022,708,6.8,157,0.918,33.0,1989.0,468,67.97453307335087,51.79719602061632,50.824739216411416,43.31983404214758,48.08588400413679,2.3782359942039983,1.236822445796271,1.1407544789905577,-0.18034325374530957,0.9347420540605104,Freddie Freeman,2023,730,7.7,161,0.976,34.0,1989.0,933,66.80636552421639,51.1961774831584,44.94964731832673,44.49803743575083,53.85122526921925,2.258938489325803,1.1334751485187142,0.36507157158997716,0.012562156050881559,1.6848493945080587
fg:5417,Jose Altuve,Jose Altuve,2022,604,6.9,164,0.921,32.0,1990.0,466,64.35639269307742,46.29307275081236,51.79025173851247,46.0375898297154,46.085321580110936,1.90252107867641,0.5257752148633412,1.268773620156879,0.25941999238922275,0.6663633810117439,Jose Altuve,2023,410,4.1,154,0.915,33.0,1990.0,968,60.002942711717125,43.61591635514391,46.82569833167474,44.370146426578096,44.43991010195413,1.351280914174924,0.17357541732792986,0.6142765660758578,-0.00816082454605097,0.4438896739810634
fg:5452,Ji-Man Choi,Ji-Man Choi,2022,419,1.0,114,0.729,31.0,1991.0,675,44.81415610920861,48.88105098023191,54.694796931684,43.76328886448749,27.778567437163943,-0.666902008498751,0.8601018030483877,1.6538927901283174,-0.10858730971299668,-1.7895171882269365,Ji-Man Choi,2023,117,-0.5,64,0.624,32.0,1991.0,1340,43.630046131897416,52.93793370775929,42.23529353213075,42.81663661379785,38.2432277341294,-0.8330583540729117,1.3540363275545342,0.004510736352058578,-0.25988574184580865,-0.3731941323415095
fg:5517,Kyle Higashioka,Kyle Higashioka,2022,248,1.6,82,0.653,32.0,1990.0,611,49.947804727698106,46.22502826637572,37.68912634644879,56.04978273221743,36.56899203747031,0.008072691821882739,0.5169849244088451,-0.6009214079741635,1.879504648954248,-0.6102675625051995,Kyle Higashioka,2023,260,1.4,85,0.687,33.0,1990.0,1110,45.79126602890685,45.69549268406538,36.563337469399904,52.17120607011751,35.226390019053014,-0.5447258977270458,0.43691525818711935,-0.7489228159768295,1.2558936908908687,-0.7709891292403768
fg:5760,Avisail Garcia,Avisail Garcia,2022,380,-1.0,61,0.582,31.0,1991.0,914,38.71248725872293,43.5532560090847,28.002016916310424,41.85960251761501,41.36938598226832,-1.4691524954095831,0.17183344939511982,-1.8853536667415878,-0.41662502647629585,0.03371302092676024,Avisail Garcia,2023,118,-0.4,46,0.556,32.0,1991.0,1335,38.67528934032472,44.61185642859676,34.654752168575186,45.42521231858611,42.78148169403568,-1.4940818798545106,0.29969278883330014,-1.0024494983451562,0.16279810485794471,0.225212175987702
fg:5827,Wilmer Flores,Wilmer Flores,2022,602,1.3,103,0.71,31.0,1991.0,646,54.75149378831609,40.53857131919847,48.1090868344019,40.71446303320088,30.66267034885926,0.6396641436494043,-0.21761698545239944,0.7806809660188148,-0.6019213872628024,-1.4026101349497675,Wilmer Flores,2023,454,2.3,134,0.863,32.0,1991.0,1038,61.43120957469304,42.894995977151474,47.04768266409879,40.585041777929,31.867471389603097,1.5418287124295564,0.08228419854822053,0.6437638262538014,-0.6214850190980816,-1.2138903231323215
fg:5933,Jean Segura,Jean Segura,2022,387,2.1,105,0.723,32.0,1990.0,578,59.38656662747572,40.53482668487137,39.78738823225972,48.183528012721865,43.44023477997435,1.2490858499399717,-0.21810073404206987,-0.3227088748223376,0.6066567624036124,0.31152072426978544,Jean Segura,2023,326,-1.2,51,0.556,33.0,1990.0,1388,53.75757627354727,35.630770583762576,37.87838245675887,41.75728126802285,38.70125529601911,0.5180747011517579,-0.8375954579260547,-0.5742389846248057,-0.43153971828836896,-0.31279941118996035
fg:6153,Eduardo Escobar,Eduardo Escobar,2022,542,1.9,104,0.726,33.0,1989.0,590,49.33693928816003,45.51082052830792,36.96597790660942,40.71648366491807,39.50483191272529,-0.07224420316454559,0.4247203784365541,-0.696805034633448,-0.6015944264787392,-0.21641991219343631,Eduardo Escobar,2023,309,-0.9,66,0.613,34.0,1989.0,1377,43.65173255990532,34.22258266994788,35.27195718327192,38.93769238483298,39.85505963572395,-0.8301651264723612,-1.0159163860720872,-0.9204631497918365,-0.8884153508729221,-0.16066076898156997
fg:6184,J.D. Martinez,J.D. Martinez,2022,596,1.4,119,0.79,35.0,1987.0,627,50.120430223375095,47.562543154825455,40.098012699698735,38.28176164670459,29.39949077325562,0.030769578748000494,0.6897710723828933,-0.2815225860518369,-0.9955596469973117,-1.5720677106052159,J.D. Martinez,2023,479,2.3,133,0.893,36.0,1987.0,1037,44.644260136508784,61.45442324811211,35.03891692233931,39.69942797970815,34.563001150260895,-0.697750135036699,2.4324920538700043,-0.9514190228078155,-0.7649865652632123,-0.8584624366990852
fg:6887,Martin Maldonado,Martin Maldonado,2022,379,0.8,71,0.6,36.0,1986.0,704,37.36552726531091,43.28379688851206,36.736293373748765,51.30065882512573,29.776352727627696,-1.6462514722703467,0.137023516524626,-0.7272593435760418,1.1110433489244917,-1.5215110721208198,Martin Maldonado,2023,407,-0.9,66,0.606,37.0,1986.0,1378,34.32826762173229,41.30246093281316,37.554892168792605,34.613664429234774,32.76566373162583,-2.0740263138498416,-0.11938088068271853,-0.6172097753204183,-1.5890646615952142,-1.095456236298959
fg:7304,Salvador Perez,Salvador Perez,2022,473,0.8,107,0.757,32.0,1990.0,692,46.31731098847454,52.22241773987757,27.295370636263968,34.33452100042422,31.491648894280807,-0.4692664495487605,1.2917544869574824,-1.9790492406561175,-1.6342672776913405,-1.291401327199384,Salvador Perez,2023,580,-0.3,87,0.714,33.0,1990.0,1306,47.33882369314932,46.00347850012511,22.444910726305416,34.65039521086346,27.831174933862684,-0.3382632868259781,0.47591595975315487,-2.6243422121601245,-1.5831129431755613,-1.7461093841942497
fg:7739,Travis d'Arnaud,Travis d'Arnaud,2022,426,3.9,121,0.791,33.0,1989.0,505,51.35260204673829,47.98740249939742,33.01225247533219,56.30364200222881,34.26910845002193,0.19277614932290935,0.7446563003630132,-1.2210370073251289,1.9205819146718774,-0.9188006519770712,Travis d'Arnaud,2023,292,0.7,84,0.685,34.0,1989.0,1177,46.96423011877528,44.97447599160299,38.64896958941448,47.03315157728173,35.395567099129934,-0.3882385279294396,0.3456118429629534,-0.4718781422073991,0.4233425659153289,-0.748681732422761
fg:7802,Miguel Rojas,Miguel Rojas,2022,507,1.1,68,0.605,33.0,1989.0,672,59.88716365145305,32.160993481403565,40.126923543515936,56.07400791583083,36.28064916221048,1.3149045982320817,-1.2998699132109213,-0.2776892422979748,1.883424554279358,-0.6489492238799905,Miguel Rojas,2023,423,0.6,67,0.612,34.0,1989.0,1193,58.17408683862824,32.47510992179553,39.93619903288654,51.301680835188094,40.500714130529495,1.1072897743006551,-1.237201456980196,-0.30088918504143836,1.1149990753229513,-0.07552588536639028
fg:7859,Charlie Blackmon,Charlie Blackmon,2022,577,0.2,91,0.733,36.0,1986.0,775,56.994024743644566,39.27103970240795,36.42053146998719,37.8385737410724,43.37292517667313,0.934513240660246,-0.38136238177796894,-0.7691268147970612,-1.0672724009246224,0.30249103251886883,Charlie Blackmon,2023,413,0.8,106,0.803,37.0,1986.0,1163,60.70214623235156,37.06276373368401,46.981865685682806,41.405232071207664,39.588831212605086,1.4445629855037927,-0.6562600373563586,0.63502103641145,-0.48858445287884483,-0.19576518783038965
fg:8090,Matt Carpenter,Matt Carpenter,2022,154,2.4,216,1.138,37.0,1985.0,553,53.93603296260967,56.9945890504281,52.416636654152,44.11505918481106,36.05896293482201,0.5324469444682968,1.9082448941618577,1.3518271871527912,-0.0516669423029003,-0.6786887885270045,Matt Carpenter,2023,237,-0.4,85,0.641,38.0,1985.0,1330,40.1519085179928,36.67589302694247,55.79082492891722,41.376275146615306,36.28924024230595,-1.2970833073475716,-0.7052500498553163,1.8051580017805078,-0.4932765245917498,-0.6308435393235
fg:8202,Josh Harrison,Josh Harrison,2022,425,1.5,97,0.687,35.0,1987.0,618,54.87241103956941,35.24555686380209,33.58786683345589,46.90144925978469,39.53774944375738,0.6555624046122508,-0.9013922367162773,-1.1447152050872422,0.3992020982388339,-0.21200397235954893,Josh Harrison,2023,114,-0.6,50,0.554,36.0,1987.0,1355,49.55715016161481,32.12065579720335,35.46087875492747,41.18215558200276,37.9794650813521,-0.04231213418539511,-1.282086509509332,-0.8953677771779195,-0.5247309325049563,-0.4079734189830266
fg:8623,Donovan Solano,Donovan Solano,2022,304,0.5,99,0.724,35.0,1987.0,736,57.39562087137748,38.73727285550233,38.526970789732765,44.64077636015136,31.953567440643592,0.9873153013603431,-0.45031676739977855,-0.4898300201309683,0.033399969387213124,-1.2294342098324644,Donovan Solano,2023,450,1.1,114,0.76,36.0,1987.0,1132,55.79990813271683,39.854189881570974,42.204683634825976,38.8323178962716,31.5313258356444,0.790546078285858,-0.30277759608622945,0.000444674589998255,-0.9054898387199906,-1.2582138937792704
fg:8709,Elvis Andrus,Elvis Andrus,2022,577,3.4,104,0.707,34.0,1988.0,520,56.27220866773407,40.73709413170564,43.08564331460048,49.47923483125365,56.21733714074857,0.8396085002443239,-0.19197092173056185,0.11461303796848024,0.8163165998189954,2.025589596008494,Elvis Andrus,2023,406,1.2,82,0.662,35.0,1988.0,1127,54.67405908303664,34.50007230322773,41.55318500286448,50.35305868351792,45.02211598992152,0.6403444155961258,-0.9807774614499317,-0.08609706219133853,0.961287891323066,0.5206583341715316
fg:9218,Paul Goldschmidt,Paul Goldschmidt,2022,651,6.8,175,0.981,35.0,1987.0,467,58.63451820724714,57.29439527872934,53.18176831613566,35.96129786267478,44.039143029523885,1.150206145699569,1.9469752019693785,1.453277449064626,-1.3710366088606865,0.3918652310753314,Paul Goldschmidt,2023,687,3.4,122,0.81,36.0,1987.0,991,53.14225892456183,49.79880366251248,50.43393757527389,43.888860320873775,43.74228897001694,0.4359840435047981,0.9565236250607889,1.0935765608026358,-0.08614662428755544,0.35190255958352534
fg:9241,Starling Marte,Starling Marte,2022,505,3.5,133,0.814,34.0,1988.0,518,58.04538312899925,45.10224673086494,36.90555435758991,44.17831258663533,46.06717935929092,1.0727463695363637,0.3719389901821578,-0.7048167078894986,-0.04143183529198439,0.6639295728529183,Starling Marte,2023,341,-0.3,75,0.625,35.0,1988.0,1314,50.88757865188361,36.78149132882324,32.756999827134884,39.15728447076854,53.55230386699547,0.13518286071194802,-0.6918779799651449,-1.2545371859503067,-0.8528334709149942,1.64543413604839
fg:9256,A.J. Pollock,A.J. Pollock,2022,527,0.6,92,0.681,35.0,1987.0,721,53.55233100477044,43.7461416779521,35.63424472432719,42.90885158343414,36.41678040008105,0.481997618218698,0.19675128172043016,-0.8733820694785949,-0.2468448065981942,-0.6306869989469295,A.J. Pollock,2023,144,-0.7,46,0.524,36.0,1987.0,1365,43.90410677892897,40.17348358707949,36.723394597918464,44.66803037875677,37.39165938205712,-0.7964954019847464,-0.26234495967535015,-0.7276616479456304,0.04010717647346255,-0.48548046059804556
fg:9368,Evan Longoria,Evan Longoria,2022,298,1.4,115,0.767,37.0,1985.0,630,47.00349291586988,50.52746960081491,45.29502307364506,45.60254684053283,33.025831105878986,-0.37904690488787546,1.0727935150135617,0.4075589012159573,0.18902517692929133,-1.0855883112100262,Evan Longoria,2023,237,0.3,91,0.717,38.0,1985.0,1236,45.23335539057584,48.95414881035077,44.68528519358174,44.57526005021747,33.81169109803151,-0.6191578169380727,0.849563725942988,0.3299550628326907,0.025075019555423985,-0.9575288791540811
fg:9627,Yan Gomes,Yan Gomes,2022,293,0.9,75,0.625,35.0,1987.0,686,55.08883582965745,35.567808722386886,30.4014494140458,49.59514451688337,39.701655845061,0.684018044779266,-0.8597623021240116,-1.5672083494978462,0.8350720817663183,-0.19001566449283283,Yan Gomes,2023,419,1.0,96,0.723,36.0,1987.0,1143,53.96925745792916,39.14952100492415,33.26036315981426,40.13808374902156,36.96111231990172,0.5463154905038677,-0.39201086310020744,-1.187672982550583,-0.6939084257206846,-0.5422516506421831
fg:9774,Christian Vazquez,Christian Vazquez,2022,426,1.9,99,0.714,32.0,1990.0,592,60.402210954637376,39.660997306106566,37.91742305081993,51.96331526898909,20.000000000000004,1.3826232764964463,-0.33098591659007726,-0.5706511138498621,1.2182685639928805,-2.8330245449258578,Christian Vazquez,2023,355,0.8,63,0.598,33.0,1990.0,1169,46.92936731258615,32.50848972367184,37.74745121928098,57.78062186140728,31.877498454038324,-0.3928896412000196,-1.2329745230649696,-0.5916312186747089,2.1648224369766913,-1.2125681717796044
fg:9777,Nolan Arenado,Nolan Arenado,2022,620,7.2,149,0.891,31.0,1991.0,464,62.72821221885672,49.72428870329389,45.10208169275504,57.69960980907853,37.3913212759262,1.6884470916690193,0.969035018859661,0.3819764366579272,2.1464650999999177,-0.49995076999948196,Nolan Arenado,2023,612,2.8,107,0.774,32.0,1991.0,1013,57.914791600141406,44.136309703149614,38.77716851462694,48.72635150875916,35.14554628042193,1.0726967034450938,0.2394736003097857,-0.45484885450500645,0.6977023473706665,-0.7816490446204222
fg:9847,Andrew McCutchen,Andrew McCutchen,2022,580,0.6,98,0.7,36.0,1986.0,717,52.08105689368736,43.58801643421991,49.47841101870001,40.52705276573383,30.88170293594935,0.2885537586913578,0.1763239563890381,0.9622422632981579,-0.6322464620753585,-1.3732265604250682,Andrew McCutchen,2023,473,1.3,115,0.776,37.0,1986.0,1114,51.74318078042877,42.10769530599959,58.92592049994212,41.00626308423458,36.02674050647275,0.24933036773774614,-0.01741285539785713,2.22160801776152,-0.5532318947068633,-0.6654562999237427
fg:9874,DJ LeMahieu,DJ LeMahieu,2022,541,3.1,115,0.734,34.0,1988.0,528,63.878251687932014,41.59102888722333,58.56638740712305,51.75908133520738,32.31480303707852,1.8396548590257962,-0.0816558154829743,2.167234332850995,1.185221232035564,-1.180973872446895,DJ LeMahieu,2023,562,1.3,100,0.718,35.0,1988.0,1117,55.35679704486792,42.97331043100757,51.47260374999245,44.73693828696831,28.522811039409085,0.7314297854133202,0.09220127421821249,1.2315476482100527,0.051272756087540935,-1.6549114450124236
fg:9952,Trayce Thompson,Trayce Thompson,2022,255,2.3,142,0.86,31.0,1991.0,561,43.37511688936272,56.68386151051659,48.48492854730704,45.98392323005135,46.23936881872517,-0.8561076083262891,1.8681037225349828,0.8305145333721335,0.25073613706078474,0.6870290663158383,Trayce Thompson,2023,179,-0.3,64,0.579,32.0,1991.0,1316,29.998657508865467,43.37026275911081,49.06452771380023,43.31347043357482,40.79430169095108,-2.651647832414523,0.14246793741186695,0.9116711784066458,-0.17938064869080803,-0.0368139380502273
fg:10028,Christian Bethancourt,Christian Bethancourt,2023,332,0.4,73,0.635,32.0,1991.0,1229,37.70119002885205,41.402496897584456,25.60137589439385,45.85555338164443,39.069313358238986,-1.6240383213949459,-0.10671317780656078,-2.20505356850828,0.2325289605100084,-0.26426791246608866,Christian Bethancourt,2024,147,0.2,66,0.608,33.0,1991.0,1706,42.63007308151883,43.29942895716282,27.543037040343773,45.67410263744336,45.33278230930093,-0.9712133639021092,0.13595306342429658,-1.9693906539803523,0.20622183038605507,0.5971083217059094
fg:10155,Mike Trout,Mike Trout,2023,362,2.9,135,0.858,32.0,1991.0,1006,51.20197206589702,55.17345639017952,50.213683808167815,46.11858085446852,41.98779595273239,0.17712668394200662,1.6371238868993596,1.0643191800455905,0.27514894803729323,0.12055814855274449,Mike Trout,2024,126,0.9,140,0.867,33.0,1991.0,1611,55.26999946736198,53.63653363006378,52.14570417158674,42.58687089885253,46.32220545680858,0.7171548043985887,1.435670599732092,1.332958447621476,-0.2964644632950747,0.735170861696776
fg:10243,Randal Grichuk,Randal Grichuk,2023,471,0.6,101,0.779,32.0,1991.0,1186,52.09935626049264,46.0158474692557,36.340778471733415,38.08613001546909,36.385006826928674,0.29684841585450145,0.47748226069490946,-0.7784864117381631,-1.0263993309162032,-0.6182159233126577,Randal Grichuk,2024,279,1.6,139,0.875,33.0,1991.0,1549,59.83764986216956,51.04819093074608,42.90398460227328,40.48909065223593,41.70382270625999,1.3272750926905068,1.110229917575066,0.09246756286606986,-0.6380408224479917,0.09072904244389397
fg:10324,Marcell Ozuna,Marcell Ozuna,2023,592,3.2,140,0.905,33.0,1990.0,995,53.64519808017681,60.05872448615151,43.00291154447655,37.87109158457936,34.43271132308827,0.5030821126701083,2.255752645582601,0.10647717605590949,-1.0612433536489023,-0.8756422276891934,Marcell Ozuna,2024,688,4.7,154,0.925,34.0,1990.0,1412,53.95508163699043,60.62742384368335,47.146313638846976,37.285175762476456,29.55164084693581,0.5415156953594066,2.3146577912678046,0.661903852350213,-1.1597263444872665,-1.6049671803051848
fg:10441,Jon Singleton,Jon Singleton,2023,105,-0.5,51,0.53,32.0,1991.0,1346,48.04154145378022,38.44430362696643,48.19607154867207,44.18728512227122,37.051556863480045,-0.24451237405632367,-0.4813135876502784,0.796309915678634,-0.037790986084325955,-0.5303257897473596,Jon Singleton,2024,405,-0.1,104,0.707,33.0,1991.0,1740,45.72305429287341,44.82789509669679,51.49652064866926,36.41357954169438,29.376491890809696,-0.5580708452675072,0.32813204468322205,1.245820308807298,-1.3016461972584774,-1.6294071884255055
fg:10472,Enrique Hernandez,Enrique Hernandez,2023,508,-1.1,73,0.646,32.0,1991.0,1383,50.607388744749805,35.687147448455775,41.36550864605152,30.90336724355945,38.24611289164591,0.09780219237782853,-0.8304563717718346,-0.11102702685218185,-2.1902673347538415,-0.3728137004675651,Enrique Hernandez,2024,393,0.6,82,0.654,33.0,1991.0,1647,50.61999448113456,42.3199324907553,41.3500140025273,45.96273122051404,41.67933155159737,0.09603406670354893,0.012797811114744236,-0.11611768468499627,0.2532185073314859,0.08731158548571794
fg:10681,Gio Urshela,Gio Urshela,2023,228,0.5,93,0.703,32.0,1991.0,1204,58.291912952667154,33.45645357602825,32.39515360047497,44.958945524396746,39.99498408310223,1.1230091802387265,-1.1129324517314927,-1.3026029828172032,0.08724597815660926,-0.14221057365526585,Gio Urshela,2024,461,0.7,80,0.647,33.0,1991.0,1637,57.08347058902852,35.206429548515366,32.778138476647214,49.491933182248935,33.75644004692871,0.9593877749468676,-0.8816058745559462,-1.2666972251440582,0.8278697172229952,-1.0182361550962822
fg:10815,Jurickson Profar,Jurickson Profar,2023,521,-1.6,78,0.689,30.0,1993.0,1392,55.21788675451598,34.5476322187613,47.00052886970396,30.6151314506912,34.47904397678057,0.7128974994185847,-0.9747548786701105,0.6375001580547264,-2.236971984139184,-0.8695328842068655,Jurickson Profar,2024,668,4.3,139,0.839,31.0,1993.0,1415,63.28434333344765,47.38168120324839,53.95713438103333,37.88169671097661,33.82220328502887,1.7876644466438196,0.6492278148910741,1.5761017984163097,-1.0625963166515302,-1.0090596569387411
fg:10950,Adam Duvall,Adam Duvall,2023,353,1.6,117,0.834,35.0,1988.0,1090,42.58139176232058,49.68040740565976,36.07700890252247,40.50407055891416,44.38994599201335,-0.9729613276927199,0.9415309311142817,-0.8135242084574802,-0.6346052924574717,0.4373014929663467,Adam Duvall,2024,330,-1.0,59,0.569,36.0,1988.0,1834,40.46577743444464,41.470794422522914,36.527063249445895,42.788629193324965,35.99572526540037,-1.260307442915456,-0.09396705902547803,-0.7634892481640809,-0.2636126601732049,-0.705769839945909
fg:11038,Kevin Kiermaier,Kevin Kiermaier,2023,408,2.7,103,0.741,33.0,1990.0,1019,50.13080291310944,37.173901869237866,40.00558794952435,52.52351946821155,46.76517319419691,0.03421997027879529,-0.6421864500957656,-0.2916719172459075,1.3129812356680088,0.7504948387021451,Kevin Kiermaier,2024,281,0.3,54,0.55,34.0,1990.0,1693,36.57230374225093,33.93077112232526,32.921054725533104,53.34938948127723,46.39037254160706,-1.7803751114565138,-1.0419985260112972,-1.2475139657195842,1.455969767425433,0.7446827888179044
fg:11281,Whit Merrifield,Whit Merrifield,2023,592,1.2,92,0.7,34.0,1989.0,1125,57.07781944211087,30.4998516348969,36.73257555119375,42.26188894483616,45.63308713604241,0.9610346562133535,-1.4873313491575382,-0.7264420972009739,-0.34977497842661914,0.6012199314897704,Whit Merrifield,2024,335,0.5,79,0.625,35.0,1989.0,1666,55.12872675925808,28.191190333508395,50.75861502166205,43.4200504506946,50.66040664806036,0.698284414165984,-1.7636545446290435,1.1467732432426194,-0.16079990152895013,1.340516589623555
fg:11368,Yasmani Grandal,Yasmani Grandal,2023,405,0.1,80,0.647,35.0,1988.0,1264,49.6893421478761,36.15889388482277,44.83411709175552,42.58337111606374,26.52011706929086,-0.024676149915262128,-0.7707184195019112,0.3497251288382682,-0.29768321028980843,-1.9189832038781103,Yasmani Grandal,2024,243,1.4,95,0.704,36.0,1988.0,1569,54.052748954572095,45.15352801619954,49.18967503550085,49.92511250521667,37.20851438411619,0.5545615300466157,0.36907492272008036,0.9361786956625712,0.8984032329419491,-0.5365391658657913
fg:11442,Gary Sanchez,Gary Sanchez,2023,267,1.6,110,0.78,31.0,1992.0,1093,46.65784914689743,54.0578381015314,44.37383470896936,47.7257150626665,33.914197288453884,-0.4291133960173252,1.4958514851575284,0.288583577863345,0.5355629617242962,-0.9440125903933677,Gary Sanchez,2024,280,0.4,97,0.699,32.0,1992.0,1673,45.03877926594878,47.948194389591166,47.07647060747879,43.18218276206999,37.16603835908336,-0.649472340699996,0.7204573463835394,0.6525290121891241,-0.1995313078197464,-0.5424662031698213
fg:11445,Mark Canha,Mark Canha,2023,507,1.7,111,0.755,34.0,1989.0,1083,58.29130447414322,38.004697484297,50.79167906851677,41.81277996571469,44.722891277656295,1.1229280019617343,-0.5369815667676068,1.1410971059352888,-0.4225469169736994,0.4812030817750352,Mark Canha,2024,462,0.8,101,0.69,35.0,1989.0,1624,51.82300792074661,35.7199998450576,51.9005625667645,40.75497605813648,44.581808534557545,0.25672563526788855,-0.8170330234855108,1.30005375667348,-0.5947473606824498,0.4923186297841334
fg:11477,Christian Yelich,Christian Yelich,2023,632,3.8,123,0.818,32.0,1991.0,980,54.83871391323994,50.482554529016255,50.16182287346386,39.98095916731655,63.08742623595214,0.6623113296095604,1.0431080133654107,1.057430239470426,-0.7193683050275739,2.9027188597954208,Christian Yelich,2024,315,3.0,154,0.909,33.0,1991.0,1464,60.50234690014736,50.88801376454104,52.01485249907856,41.2989409668961,54.84828582458027,1.4160614737363968,1.0900903254532468,1.3153945834743341,-0.5061749025611879,1.9248866215372533
fg:11493,Manny Machado,Manny Machado,2023,601,3.4,113,0.782,31.0,1992.0,992,53.734089469544585,50.36341179204949,42.12533173236015,53.04770011158564,33.701647744909884,0.5149412819660567,1.0280207915327655,-0.010096025143507102,1.3979175057951552,-0.9720390051363299,Manny Machado,2024,643,3.5,122,0.797,32.0,1992.0,1442,56.096428409626526,53.94658210278776,38.63596540013429,43.66553691947203,40.9078383518232,0.8275443966231644,1.4746539949724646,-0.4804170476770059,-0.12082794814558621,-0.020341354527674403
fg:11579,Bryce Harper,Bryce Harper,2023,546,3.5,141,0.9,31.0,1992.0,984,51.40304917416123,54.88591317853368,46.88850219071725,40.17078927816212,37.61521585139917,0.20395276333400647,1.600711862708727,0.6226191085947044,-0.6886089441529321,-0.4560026916798753,Bryce Harper,2024,631,5.1,144,0.898,32.0,1992.0,1410,53.78975799519754,54.86961972018653,43.6491405336425,47.44432777006666,35.834697082082,0.5194327206845474,1.5907104939600356,0.1924878170679195,0.4944632020252867,-0.7282394577783304
fg:11609,Willson Contreras,Willson Contreras,2023,495,2.8,127,0.826,31.0,1992.0,1009,51.64169611249712,53.202485384749416,43.11378654335074,38.103828679755765,33.28034023100743,0.23579110520057098,1.387536899545437,0.12120524223666655,-1.0235315055782308,-1.027591884347817,Willson Contreras,2024,358,2.7,141,0.848,32.0,1992.0,1479,45.36127133263122,53.22085711425483,45.88485831306783,42.65217013030415,39.1579210302256,-0.6063957179970378,1.383406249691743,0.4925821345228198,-0.2858319512525471,-0.26452204789669687
fg:11615,Brandon Drury,Brandon Drury,2023,523,2.7,115,0.803,31.0,1992.0,1017,47.480102668715205,51.3173937884175,32.6316419793419,49.609550155487135,32.62239405198463,-0.3194149900324378,1.148824949385617,-1.2711890794999718,0.8408125514246568,-1.1143475281585644,Brandon Drury,2024,360,-2.1,35,0.469,32.0,1992.0,1847,44.32658976033579,34.72802535472581,42.76304260726391,42.52274378742441,35.222146789527024,-0.7446024905418122,-0.9417571780192384,0.07354930217041943,-0.30690612193874783,-0.8137137560857033
fg:11680,Elias Diaz,Elias Diaz,2023,526,-0.1,82,0.725,33.0,1990.0,1283,49.68657695961533,40.76912483578058,33.16724379108767,34.32355433409242,36.14061963480669,-0.02504505893955391,-0.1869180232072548,-1.2000424818898496,-1.6360730159079808,-0.6504403952643504,Elias Diaz,2024,351,0.5,81,0.695,34.0,1990.0,1656,49.58820180801551,37.91328794805864,34.48173105864375,46.835536526578814,30.890006333233707,-0.04178682341897589,-0.5412638308682796,-1.0380286258153488,0.395335232463106,-1.4182137786490243
fg:11737,Nick Castellanos,Nick Castellanos,2023,671,1.3,108,0.788,31.0,1992.0,1113,44.16487260411332,48.073381734602926,28.94941340859388,34.94666906204689,34.519361308904564,-0.761706137361327,0.7380308822883657,-1.7603174369594041,-1.5351058368968067,-0.8642167106098941,Nick Castellanos,2024,659,0.2,104,0.742,32.0,1992.0,1694,49.48952604049421,45.13621159784248,30.7026532241998,29.26654714959107,34.60997956688851,-0.05496736100914711,0.3668976735466529,-1.5452839662581421,-2.4653797709633434,-0.8991346014232373
fg:11739,J.T. Realmuto,J.T. Realmuto,2023,540,2.0,101,0.762,32.0,1991.0,1059,49.49954742283351,46.82558671459678,37.015757180621776,40.54724174452384,40.293706451660256,-0.049997025106510204,0.5800207446351225,-0.6888257019654441,-0.6276099950747789,-0.10282155943009962,J.T. Realmuto,2024,413,2.0,107,0.751,33.0,1991.0,1520,52.89508962715836,46.420801417727965,37.18621190200562,42.22708248421266,35.145116325084174,0.3999281011422461,0.5284132979597975,-0.6750135170983864,-0.35504791927732016,-0.8244624651738678
fg:11899,Joc Pederson,Joc Pederson,2023,425,0.7,109,0.764,31.0,1992.0,1171,52.06464534271797,51.29770508437517,50.46515273428599,38.015612006262295,40.243133777768286,0.2922175663061329,1.1463317395345893,1.0977230224255548,-1.0378258052710416,-0.10948998463357944,Joc Pederson,2024,449,3.0,152,0.908,32.0,1992.0,1465,54.53842422768464,55.86599582755198,49.88915723500445,39.42785630342157,35.47062055389703,0.6194352204640194,1.7159880780108072,1.0300682890466881,-0.8108389816739976,-0.7790421202780827
fg:12144,Max Kepler,Max Kepler,2023,491,2.7,122,0.816,30.0,1993.0,1016,55.96953901533772,51.560911091137136,44.85429566157602,48.6064985579016,31.960364974320434,0.8131768569150379,1.1796619073047847,0.35240554655882644,0.6782818236671462,-1.201641535913874,Max Kepler,2024,399,0.9,93,0.682,31.0,1993.0,1617,52.18044341889279,41.740313812531895,35.60396088761153,47.7433922700606,39.25950322278925,0.3044697991869618,-0.06007951617337054,-0.8873947677985383,0.5431591334626131,-0.2503474295258749
fg:12147,Nick Ahmed,Nick Ahmed,2023,210,0.1,50,0.56,33.0,1990.0,1270,45.66428707061596,31.94932650826594,37.33502251897056,50.32329670842794,41.06897915076184,-0.5616664020222875,-1.3037821919691792,-0.6464161319075625,0.956465372239781,-0.0005954438542795651,Nick Ahmed,2024,228,0.5,59,0.562,34.0,1990.0,1668,47.886586661766806,28.549231800496283,33.0586666910121,52.77740685524167,39.46549947406507,-0.269078720533376,-1.7186368353095796,-1.2290426858317167,1.3628352538294257,-0.22160303866400996
fg:12155,Eddie Rosario,Eddie Rosario,2023,516,1.3,101,0.755,32.0,1991.0,1116,47.37804312670538,44.4040832362038,29.73141707500084,45.71800176650019,36.940485916085606,-0.3330309476135922,0.27338216072187915,-1.656440080753027,0.2102406114685146,-0.5449714125309524,Eddie Rosario,2024,319,-2.0,44,0.531,33.0,1991.0,1846,42.349090640779295,41.6674593274359,34.069097903815035,35.90513796707518,45.73417214635817,-1.0087453711555219,-0.06923974574192399,-1.0934152520242326,-1.3844344789102425,0.6531176242679498
fg:12158,Austin Barnes,Austin Barnes,2023,200,-0.7,39,0.498,34.0,1989.0,1367,48.85116084289713,28.43683701198896,46.53577888654465,45.24047671200514,37.106343482308986,-0.13649951174076835,-1.7485739565729224,0.5757651539602262,0.13286423839224654,-0.5231017210617138,Austin Barnes,2024,156,0.5,85,0.638,35.0,1989.0,1664,51.74881589077029,32.63001315524911,45.91474819503293,45.65253158029673,40.95539644124375,0.24681549355266996,-1.2055470237577657,0.49659417209288775,0.20270946860502045,-0.013705174002634865
fg:12161,Xander Bogaerts,Xander Bogaerts,2023,665,4.6,119,0.79,31.0,1992.0,958,59.302431535081936,40.93798292344327,47.42289025189772,48.95425830094982,45.16836981815684,1.2578243859722895,-0.165535272637122,0.6936044778049695,0.7346315112190586,0.5399431106971542,Xander Bogaerts,2024,463,2.0,95,0.688,32.0,1992.0,1525,59.1495853841076,38.86011503453021,43.17717325403963,48.92112267623688,48.44563288713964,1.235367424319956,-0.42221620514727903,0.12913693265089088,0.7349260570258421,1.031470564464259
fg:12434,Kevin Pillar,Kevin Pillar,2023,206,0.3,72,0.664,34.0,1989.0,1240,47.7347736577269,42.59830834404498,28.98198162359823,48.40138493426223,43.58621821711275,-0.2854388490930635,0.044714202679074395,-1.7559912423181987,0.6450459795656723,0.331323340370882,Kevin Pillar,2024,314,0.6,89,0.667,35.0,1989.0,1644,48.70020531424223,35.41931360517821,33.579169056179566,44.34244453118193,48.79755723588374,-0.16040025263392976,-0.8548392749712105,-1.1591770688714482,-0.01060875914155224,1.080577531078729
fg:12533,Marcus Semien,Marcus Semien,2023,753,6.5,128,0.826,33.0,1990.0,937,60.8389593635024,42.93430389472748,49.16820861608535,56.93924850057258,45.38380768762164,1.4628154855014446,0.08726181856389913,0.9254436176945009,2.0284894457512963,0.5683503750943639,Marcus Semien,2024,718,4.3,101,0.699,34.0,1990.0,1417,55.75182349094127,41.06542963554541,45.72052016966149,60.45093551904027,43.79483728567248,0.7815140672060815,-0.14493488211597255,0.47052347245411824,2.6122969107705187,0.3825059072957336
fg:12552,Eugenio Suarez,Eugenio Suarez,2023,694,3.5,105,0.714,32.0,1991.0,988,41.8098252507783,45.53824836740838,46.67603646812891,53.99712731375343,30.76743118672698,-1.0758974832477528,0.41700317669793346,0.5943962517270895,1.5517591371654196,-1.3589397193609993,Eugenio Suarez,2024,640,3.9,115,0.788,33.0,1991.0,1431,48.10830239544234,49.84366593536168,41.695084908587226,49.358404419286906,39.67694279792284,-0.2394632167936973,0.9587811019771847,-0.06979975539151702,0.8061275596407959,-0.19209857191542945
fg:12564,Trevor Story,Trevor Story,2023,168,0.3,49,0.566,31.0,1992.0,1246,40.31420276439719,39.53389607136263,36.301902791173326,51.56551335850981,43.52112535520154,-1.275431323307757,-0.3433368772414407,-0.7836504577532672,1.1577495102206163,0.3227403083195697,Trevor Story,2024,106,0.7,103,0.733,32.0,1992.0,1633,42.7301815488466,35.990930768216856,39.33185921267146,46.9259231752476,38.924333975378126,-0.9578414545686115,-0.7829680040143165,-0.3870091137167053,0.4100526664832383,-0.2971164158195264
fg:12856,George Springer,George Springer,2023,683,1.8,103,0.732,34.0,1989.0,1079,55.7652310491274,43.800291507552,44.5870644728212,42.028887648380895,41.657720498590535,0.7859197426204838,0.19692311686570815,0.316907926053692,-0.38752963668395596,0.0770349707561466,George Springer,2024,614,1.1,94,0.674,35.0,1989.0,1596,49.99928567581884,41.96668162852304,46.62652683594572,39.1754872430506,51.11485860198396,0.013123379039040475,-0.03161756000582966,0.5921342833669523,-0.8519316103911345,1.4039300959889085
fg:12859,James McCann,James McCann,2023,226,0.3,76,0.646,33.0,1990.0,1243,44.72096528898146,42.98642785649295,31.212759277956344,44.63129959712808,39.675891423364,-0.6875167547788943,0.0938623533004093,-1.4596661802073119,0.03415545805380838,-0.1842855792005367,James McCann,2024,233,0.2,88,0.667,34.0,1990.0,1703,47.484820030199714,41.92975215893822,35.602255354336855,39.95028712029376,36.141919546934666,-0.3227443805314445,-0.03626082141651881,-0.8876236968917673,-0.7257728663722167,-0.6853701212900353
fg:12861,Anthony Rendon,Anthony Rendon,2023,183,0.2,96,0.678,33.0,1990.0,1251,57.55682115486064,36.44811472643177,57.67749991811064,40.90732899965421,41.518075229859285,1.0249391856053551,-0.7340939545360228,2.0557742307281055,-0.5692628035908897,0.058621587442791036,Anthony Rendon,2024,238,-0.1,69,0.574,34.0,1990.0,1749,57.72919649815923,32.636538076427804,53.69368817705207,43.594963147914605,44.533648474339344,1.0456401024639315,-1.2047266243570314,1.5407401309029074,-0.13231930048297025,0.4855984512067603
fg:12916,Francisco Lindor,Francisco Lindor,2023,687,5.5,120,0.806,30.0,1993.0,944,54.10918584351048,49.656082927163375,44.63700294702614,52.33878386163058,56.085385928830846,0.5649836025192171,0.938450686255204,0.32354149683632594,1.2830473692023106,1.9794419502230631,Francisco Lindor,2024,689,7.7,137,0.844,31.0,1993.0,1398,57.82425966224828,53.937377634452886,43.473619244548814,59.042843041103865,54.38492873238109,1.0583380894083538,1.4734966874588256,0.16892807176638439,2.383020701911245,1.8602305062715587
fg:12927,Brandon Nimmo,Brandon Nimmo,2023,682,4.2,129,0.829,30.0,1993.0,966,57.15609227050898,49.37540518395851,51.43983690707687,41.30039843186506,32.876015680086994,0.971477183097542,0.9029080465355941,1.2271950688558666,-0.5055713035421961,-1.0809054194696284,Brandon Nimmo,2024,663,2.8,108,0.727,31.0,1993.0,1478,50.336386609696405,48.23849238952982,50.34053957421561,43.86495097389744,46.601479233143465,0.05815136962138862,0.7569574509306533,1.090656112896078,-0.0883578518214299,0.7741402824251676
fg:12976,Austin Hedges,Austin Hedges,2023,212,1.0,24,0.461,31.0,1992.0,1149,44.532475019527446,29.93708883718522,35.654383446716785,67.29364935248728,39.09975175827921,-0.7126636000694515,-1.5585948385182413,-0.869663606391918,3.706277816763964,-0.2602543577464901,Austin Hedges,2024,146,0.4,20,0.422,32.0,1992.0,1681,32.15358947016573,28.300703230178087,34.84879377113523,56.98586066873349,41.11686464934245,-2.3706013749702315,-1.7498851346484519,-0.9887587961517018,2.048087359522681,0.008825844191184453
fg:12979,Javier Baez,Javier Baez,2023,547,0.7,61,0.593,31.0,1992.0,1181,42.54434119289268,37.60205918792664,27.97502039949392,53.70353281534173,48.95068356212611,-0.9779043146173457,-0.5879682525724866,-1.889750806698371,1.5041861831844696,1.0386724512028642,Javier Baez,2024,289,-0.7,41,0.516,32.0,1992.0,1819,42.24759478751063,39.35437665778175,30.466337322229737,44.86249414274791,43.98936462254954,-1.0223025994685968,-0.36007109589361586,-1.5770040071139577,0.07406963040096394,0.4096499439948527
fg:13066,Teoscar Hernandez,Teoscar Hernandez,2023,678,1.9,107,0.741,31.0,1992.0,1068,42.24020940279966,50.497843316700894,31.973608466904224,44.87233895189852,30.31577915158936,-1.018479115086159,1.0450440552696243,-1.3585988762868446,0.0732125732045574,-1.418493774595418,Teoscar Hernandez,2024,652,3.4,132,0.84,32.0,1992.0,1446,45.531885655872735,56.30883617482172,39.11917292174863,33.496572020229515,42.93186205463124,-0.5836060447328192,1.771667824259289,-0.4155574161428316,-1.776615303489053,0.2620877094327841
fg:13145,Josh Bell,Josh Bell,2023,617,0.4,104,0.744,31.0,1992.0,1216,52.07991860930536,47.09530115914709,44.9367799096984,37.34610589070765,26.618189134292564,0.2942552018459786,0.6141750855542365,0.3633623310237794,-1.146310071146429,-1.90605159121686,Josh Bell,2024,603,-0.1,101,0.725,32.0,1992.0,1739,51.249719490831765,43.87698883473259,43.26575129223745,33.02025058296854,28.72459093893972,0.18014908673613478,0.2085715310608981,0.1410265218285108,-1.854173542770073,-1.7203724154513231
fg:13152,Jorge Polanco,Jorge Polanco,2023,343,1.3,116,0.789,30.0,1993.0,1112,50.827798900532514,46.44733594919009,44.63092716530221,40.096522664407125,40.17522586260452,0.1272075304039785,0.5321222881169507,0.32273442115435547,-0.7006428283626183,-0.11844420473198952,Jorge Polanco,2024,469,0.3,93,0.651,31.0,1993.0,1690,43.95802787290156,41.88723815622048,46.09290157053141,35.92084842410424,36.28230483444861,-0.7938328531086171,-0.041606244203592456,0.520507215194529,-1.3818763841234927,-0.6657809804655598
fg:13185,Orlando Arcia,Orlando Arcia,2023,533,2.4,100,0.741,29.0,1994.0,1033,53.51909822375489,42.103070774233686,43.23008314716928,49.7599701319323,35.53816551274785,0.4862588910269496,-0.017998466727600183,0.1366534866112186,0.8651860415818423,-0.7298789525385646,Orlando Arcia,2024,602,0.8,72,0.625,30.0,1994.0,1628,46.430116932718114,38.548214330083056,40.22544144601847,49.83472585654789,35.290378484275955,-0.4636255124651331,-0.46143248746078264,-0.26706600064855024,0.883685798921818,-0.8041928133943498
fg:13301,Max Muncy,Max Muncy,2023,579,2.5,117,0.808,33.0,1990.0,1026,44.371545278401584,53.71338516896764,55.55718140001223,38.35827724504591,38.24396047206313,-0.7341335428652455,1.452232898437095,1.7741219937411956,-0.9823016121280729,-0.3730975147864386,Max Muncy,2024,293,2.3,133,0.852,34.0,1990.0,1498,45.71064495761814,50.144657101758895,56.39440632819242,45.74233216895376,39.04161758211791,-0.5597284124079475,0.9966256928582032,1.9032501836756897,0.21733147592572447,-0.28075084696602526
fg:13324,Ildemaro Vargas,Ildemaro Vargas,2023,286,0.6,81,0.666,32.0,1991.0,1191,63.618286778215335,35.33367530395563,48.77642564619895,46.63927709457325,38.713309897524624,1.8336108412088743,-0.8752170747026573,0.8734011774007459,0.3595206184962552,-0.3112099123102102,Ildemaro Vargas,2024,303,0.0,72,0.611,33.0,1991.0,1736,62.01054790741147,31.857484059362008,44.80715169162724,45.50153418027037,38.67372902915232,1.6175182302342648,-1.3026796005289645,0.3479245055706668,0.17812293613778635,-0.33208543337017127
fg:13355,Luke Maile,Luke Maile,2023,199,0.5,86,0.699,32.0,1991.0,1205,48.57772761607878,39.18340401458698,42.33794548233887,44.33690004821876,36.94242009905297,-0.17297875850515557,-0.3877202072351892,0.018146494923424326,-0.013547943297520583,-0.5447163745142709,Luke Maile,2024,154,-0.7,47,0.52,33.0,1991.0,1818,40.11549572383379,31.12591843265872,42.48927123217721,40.52226974632932,39.43529506275448,-1.3070960453234302,-1.3946617080990746,0.036801715019034245,-0.6326383527762081,-0.22581771441217055
fg:13419,Christian Walker,Christian Walker,2023,661,3.9,120,0.83,32.0,1991.0,975,52.03591486298464,49.75938367654555,44.376886944096974,51.56577755978866,45.41161509891298,0.28838457836956616,0.9515318136582295,0.2889890211230081,1.1577923204072793,0.5720170121935771,Christian Walker,2024,552,3.1,120,0.803,33.0,1991.0,1460,50.34680075568268,53.36333899063143,45.815731700898176,52.6602877726088,35.12249505029334,0.05954243093349844,1.4013209559071291,0.48330345736243413,1.3437650438312196,-0.827619002054293
fg:13510,Jose Ramirez,Jose Ramirez,2023,691,4.6,122,0.831,31.0,1992.0,957,66.27732925941963,45.45646258874868,52.00846829481463,48.12655835191368,52.04189454796362,2.1883587551969597,0.406646522009543,1.3027291459345058,0.6005141084797377,1.4462741787932538,Jose Ramirez,2024,682,6.4,141,0.872,32.0,1992.0,1401,63.58066383127981,53.135100932567845,43.87775504245921,46.731783660928,57.83073927243319,1.8272452227403615,1.3726238481671111,0.22317412086484728,0.3784414104539396,2.3410534551638214
fg:13590,Jesse Winker,Jesse Winker,2023,197,-0.8,67,0.567,30.0,1993.0,1373,47.16810282537862,31.12691875090277,50.7673292894176,42.55548344324786,32.86962694421329,-0.3610394824467656,-1.4079249084126295,1.1378626061679762,-0.3022020244456691,-1.0817478271186605,Jesse Winker,2024,508,1.4,118,0.764,31.0,1993.0,1565,55.2333300522265,42.132911340458,54.76815564512622,37.66364189946336,37.2407102401129,0.712256716278844,-0.0107169617731691,1.6849629771076233,-1.098101641259578,-0.5320466070780955
fg:13602,Patrick Wisdom,Patrick Wisdom,2023,302,0.6,110,0.789,32.0,1991.0,1185,38.12130357616377,60.34108751146873,43.62361134080066,37.68957617998888,40.70299653154773,-1.567990174138769,2.2915086950804904,0.18892775347613242,-1.0906554306330811,-0.04885327825742357,Patrick Wisdom,2024,174,-0.2,74,0.629,33.0,1991.0,1756,38.02028487904054,49.777469116852,38.74301958172439,42.94021265336308,44.25969776148787,-1.5869621765209474,0.950457962317937,-0.46604745601806574,-0.2389307010065424,0.44737180233174956
fg:13611,Mookie Betts,Mookie Betts,2023,693,7.6,165,0.987,31.0,1992.0,934,66.52916975144737,55.57939727339051,62.08700287935427,42.10959466611689,45.16190939100422,2.221957274151088,1.6885287841836367,2.6415099880842705,-0.37445217351122895,0.5390912499602316,Mookie Betts,2024,516,4.3,140,0.863,32.0,1992.0,1414,66.1589954442929,45.246012320675256,61.82213793331845,43.37456409635432,44.58860321176362,2.1716438283849557,0.380703272839765,2.631799836211603,-0.1682063318887328,0.4932667482871739
fg:13613,Ketel Marte,Ketel Marte,2023,650,4.3,126,0.844,30.0,1993.0,963,58.99558857883586,50.80280765303908,50.024879977748,44.26718708950959,40.01607408692237,1.2168878836713055,1.0836621423684891,1.039239447573542,-0.024843970281979075,-0.13942968227277466,Ketel Marte,2024,583,6.3,152,0.932,31.0,1993.0,1402,61.09936938847248,62.8285626338338,48.988262848443455,50.65512525141967,44.28705925754269,1.495808280345712,2.5914140761205338,0.9091436855381612,1.0172693993983335,0.4511897821847515
fg:13620,Carson Kelly,Carson Kelly,2023,151,0.1,56,0.565,29.0,1994.0,1269,42.48680246579015,32.99950164736975,43.10048792073805,47.63213968362958,39.28621000990933,-0.9855806656186687,-1.170796953505101,0.11943872141645068,0.5204003574358774,-0.2356682955734062,Carson Kelly,2024,313,1.8,98,0.687,30.0,1994.0,1541,52.69196886783809,39.246556520313625,45.7890972312104,53.03801772103641,30.94732666668625,0.37279640639270134,-0.373627669795959,0.47972838492919456,1.405269875300111,-1.41021539004298
fg:13621,Jeimer Candelario,Jeimer Candelario,2023,576,3.2,118,0.807,30.0,1993.0,997,51.399369185909386,45.12764226133303,43.3431986807503,45.11123980311601,44.06176191637362,0.20346180910327452,0.36500751530964826,0.15167917393089259,0.11192317324121794,0.39402770906376783,Jeimer Candelario,2024,463,-0.3,89,0.707,31.0,1993.0,1769,44.97446122467374,42.96425698405643,34.771545275670604,35.90572402708693,35.09863009517582,-0.6580635721851619,0.09381080938799313,-0.9991276516191538,-1.384339052210814,-0.8309490801190645
fg:13624,Corey Seager,Corey Seager,2023,536,6.4,173,1.013,29.0,1994.0,938,61.565312942937055,61.544960051714085,40.53548132900941,44.228846206885656,29.22722091841976,1.5597196978047858,2.4439568638511844,-0.22128359849917012,-0.031056583442392306,-1.5620291781817437,Corey Seager,2024,533,4.6,142,0.864,30.0,1994.0,1413,57.40862638067415,56.71583033791175,43.7378439436562,49.97001279954518,25.84882799337808,1.0028202026046709,1.8228405140676598,0.20439423456343442,0.9057142366023012,-2.1216518252528673
fg:13675,Tyrone Taylor,Tyrone Taylor,2023,243,1.0,89,0.713,29.0,1994.0,1146,49.61877551033167,42.31164785042556,31.99830565791154,48.37162295917224,53.00733041143989,-0.034090579223175974,0.008413958383878812,-1.3553182281035037,0.6402234604823862,1.5735748799209155,Tyrone Taylor,2024,345,1.0,97,0.701,30.0,1994.0,1604,52.07102794948748,40.15995259418229,36.29131735044322,45.3738660174259,46.145028179447166,0.2898547144131681,-0.258783433197101,-0.7951327790717179,0.15733504554987077,0.7104478248416127
fg:13723,Jacob Stallings,Jacob Stallings,2023,276,-0.4,56,0.565,34.0,1989.0,1334,46.17930172176676,35.72148911472188,48.64531455321279,46.59664675818234,29.175406290573825,-0.49295731803416637,-0.8261076355395633,0.8559850522675894,0.3526129582972773,-1.568861365282921,Jacob Stallings,2024,281,0.9,113,0.81,35.0,1989.0,1612,49.693229642772856,41.31174665465837,46.27964416173172,39.818516537367,31.732972409161704,-0.02775781347248983,-0.11396464824850999,0.5455731653612895,-0.7472287438561297,-1.3005876266210286
fg:13757,Chris Taylor,Chris Taylor,2023,384,1.2,103,0.746,33.0,1990.0,1122,39.71418346347815,42.56611691859899,45.00771801202472,41.82028962147217,47.157487172613095,-1.3554810392706305,0.04063775463719211,0.37278538470051287,-0.4213300804536143,0.8022246805320682,Chris Taylor,2024,246,-0.6,73,0.598,34.0,1990.0,1811,40.97877592728045,34.77618570649445,47.203533343637226,40.30773129488661,38.232185405764845,-1.191784075037278,-0.935701821540886,0.669584297714124,-0.6675711171876847,-0.3936977317232113
fg:13768,Travis Jankowski,Travis Jankowski,2023,287,1.1,99,0.689,32.0,1991.0,1134,61.7738733653574,29.19908691009647,58.30945242505032,45.56222308451157,47.221658303642165,1.5875441403690067,-1.6520491192438354,2.1397195605121775,0.18499881671572138,0.8106861747454085,Travis Jankowski,2024,207,-0.2,50,0.508,33.0,1991.0,1768,49.06027674803796,27.649793000244827,43.23490793996479,48.378915947512525,48.23701590487676,-0.11230399569559943,-1.831726178845693,0.13688650253204018,0.6466398790028653,1.00236048094843
fg:13770,Rob Refsnyder,Rob Refsnyder,2023,243,0.4,95,0.682,32.0,1991.0,1225,54.79222585154536,32.58404135094935,55.61804494209413,43.16546560862253,42.66077576958224,0.6561092688948202,-1.2234073082302874,1.7822067945067368,-0.20336279673685317,0.20929610181384878,Rob Refsnyder,2024,307,1.3,132,0.83,33.0,1991.0,1574,51.13131807084972,48.075554149165015,45.37092822519318,39.763180326115226,34.45801507384237,0.16433371072230146,0.7364707000426179,0.4235986964701322,-0.7562390020083761,-0.920339486260655
fg:14128,Joey Gallo,Joey Gallo,2023,332,0.7,102,0.741,30.0,1993.0,1173,24.57256630811189,57.21682582133198,47.18205169198352,42.71287222623173,40.49413445783909,-3.3755529780384625,1.8958787944892614,0.6616127187491762,-0.2766993349521145,-0.07639346961343012,Joey Gallo,2024,260,-0.2,75,0.613,31.0,1993.0,1760,30.608818463164617,45.79384736945702,48.08802971447745,46.01231999493661,37.09070945835162,-2.576942940254633,0.44958434180797474,0.7883078401671704,0.2612929245872671,-0.5529774787508928
fg:14161,Byron Buxton,Byron Buxton,2023,347,0.5,96,0.731,30.0,1993.0,1202,40.10997389484884,52.58918767557447,41.7979976386194,41.11847322703846,52.09211406201036,-1.3026778851662224,1.30987409924938,-0.05357740728360633,-0.5350497830232888,1.4528960369511026,Byron Buxton,2024,388,3.7,140,0.859,31.0,1993.0,1435,47.73891388261623,54.30011979661696,33.01547472420866,46.75101047802759,48.42305953800525,-0.28880399519332794,1.5191054303555487,-1.234840226074361,0.38157206543725725,1.0283207150540798
fg:14162,Carlos Correa,Carlos Correa,2023,580,1.7,94,0.711,29.0,1994.0,1086,50.37526487021546,46.85825412532262,47.009550750169126,45.84536437311522,30.98411664712046,0.06683410485761852,0.5841574674003239,0.6386985783831591,0.23087797169211888,-1.3303679497843681,Carlos Correa,2024,367,4.2,154,0.905,30.0,1994.0,1420,61.160550591585846,50.591440022956434,51.0631702248108,49.61960134509341,40.07142595400558,1.5039805111547961,1.0528011516523437,1.187652859917562,0.8486576078109107,-0.13705301668500083
fg:14221,Jorge Soler,Jorge Soler,2023,580,1.9,126,0.853,31.0,1992.0,1062,50.742184675132656,56.403804506778414,48.29734842289428,34.66004337017389,33.60137904749632,0.11578557378501161,1.7929246972473947,0.8097630162086945,-1.5815495915413889,-0.9852602619435331,Jorge Soler,2024,574,1.1,120,0.78,32.0,1992.0,1592,48.03272900121621,50.89209729069528,49.5865928042731,32.84475182573678,29.532821079656813,-0.24955787314586872,1.0906037603772978,0.9894558883393895,-1.8827495705154822,-1.6075932608442551
fg:14274,Mitch Haniger,Mitch Haniger,2023,229,-0.7,72,0.631,33.0,1990.0,1361,45.35043549227613,43.41402065331773,40.79411461057158,40.52793297924191,41.07143980883081,-0.6035379379247523,0.1480090645811494,-0.18692807988747479,-0.6307387151535114,-0.00027098574238871675,Mitch Haniger,2024,423,-0.5,85,0.62,34.0,1990.0,1800,40.9048323618184,44.25038505960689,46.603581067920864,37.61756948511133,33.902375799483565,-1.201661028301548,0.25551984365102876,0.5890543353264321,-1.1056034983187868,-0.9978725111650124
fg:14344,Matt Olson,Matt Olson,2023,720,6.5,162,0.993,29.0,1994.0,936,53.46781560786262,66.9788436621902,51.18800721754309,37.62173752355382,41.03910615335422,0.4794171797191275,3.1320576203991664,1.193743304514102,-1.1016477526901154,-0.004534445561842128,Matt Olson,2024,685,2.6,117,0.79,30.0,1994.0,1486,49.85657393964397,52.84319679255029,43.49103742200481,43.938455045513656,27.614048463002696,-0.005939228229815088,1.3359217984436276,0.17126606635723496,-0.0763893659869029,-1.8753357548292569
fg:14366,Joey Meneses,Joey Meneses,2023,657,-0.3,96,0.722,31.0,1992.0,1304,54.9702494426035,40.48393693532682,38.05654631108944,36.59401845514291,29.19124241374524,0.6798597347166153,-0.22303179084155478,-0.5505726120048,-1.2681755051219663,-1.5667732415047073,Joey Meneses,2024,313,-1.0,67,0.593,32.0,1992.0,1833,50.03528302911447,37.98487931937063,37.745338084620464,40.752631818089455,38.79843511133777,0.01793169703015491,-0.5322624166728285,-0.5999635301603681,-0.5951290674801633,-0.31468414404092654
fg:14387,Harold Ramirez,Harold Ramirez,2023,434,1.4,127,0.813,29.0,1994.0,1102,54.444942075459885,43.2868068113061,28.59569920177613,37.617448069786846,40.1147834188611,0.6097774799147394,0.13189978672271055,-1.8073030180189973,-1.1023427997286788,-0.12641404069675388,Harold Ramirez,2024,246,-0.6,72,0.604,30.0,1994.0,1810,47.03905271016195,35.07080972205316,25.24980712315476,41.936808884395056,43.959798416114175,-0.3822873976856755,-0.8986577930864837,-2.2772046692819106,-0.40231245022321993,0.40552432234486113
fg:14477,Jake Cave,Jake Cave,2023,203,-0.1,65,0.62,31.0,1992.0,1292,44.95717166792637,38.32692811840704,39.61296870115445,45.49840968056464,44.72537413405372,-0.656004012581773,-0.49617702272353065,-0.3438254444841997,0.17465873151058892,0.4815304669200761,Jake Cave,2024,346,-0.3,75,0.686,32.0,1992.0,1770,46.76415676987615,38.78099638330417,32.93682426851062,42.10879128155628,45.1746687744369,-0.41900640545564566,-0.432164048542643,-1.2453972628512866,-0.3743089826743819,0.575045409305638
fg:14551,Anthony Santander,Anthony Santander,2023,656,2.5,118,0.797,29.0,1994.0,1027,51.59635824839017,49.480400160502846,38.88019419499674,39.43988491015341,39.302051245353326,0.22974249453327045,0.9162037164418478,-0.441163451535798,-0.8070419531223126,-0.23357949769978312,Anthony Santander,2024,665,3.2,128,0.814,30.0,1994.0,1452,53.10152875557083,54.09545500651928,40.59288063573979,39.83434015768441,34.95167943797264,0.4275030444183183,1.493372265685943,-0.21774563747017842,-0.7446522229715637,-0.8514543422386178
fg:14712,Manuel Margot,Manuel Margot,2023,336,0.5,92,0.686,29.0,1994.0,1207,54.72750795515454,37.30946141393247,38.26408060745975,43.96179348157344,38.86603929510015,0.647475131266473,-0.6250203435045568,-0.523004820503066,-0.07432880782157768,-0.29107127842503144,Manuel Margot,2024,343,-0.2,78,0.626,30.0,1994.0,1757,55.83262548524954,36.57159303005596,39.92245810866081,41.07795585532407,43.60339949833364,0.7923071296781927,-0.7099594635897535,-0.3077346300530745,-0.5421573606663765,0.3557929814491837
fg:14813,Kyle Farmer,Kyle Farmer,2023,369,1.4,99,0.725,33.0,1990.0,1109,53.28307666688085,36.92355838396051,37.7975417367924,47.01786806448792,38.859193652884336,0.4547708062937702,-0.6738878176561784,-0.5849774512390623,0.4208660826884957,-0.2919739329531163,Kyle Farmer,2024,242,0.5,84,0.647,34.0,1990.0,1662,50.61285601409024,36.93282708242842,41.30204797435735,49.35957653931042,33.77134832282727,0.09508055161491727,-0.66454034020496,-0.12255603420171582,0.8063184130396527,-1.0161558778735134
fg:14854,Mike Yastrzemski,Mike Yastrzemski,2023,381,1.7,111,0.775,33.0,1990.0,1082,49.52338527743005,46.59466976514286,51.32708259107388,45.572412093040775,39.455431302815335,-0.046816771593506896,0.5507793881745868,1.2122173638266,0.18664980553360977,-0.2133550689287105,Mike Yastrzemski,2024,474,1.7,106,0.739,34.0,1990.0,1546,47.23235236178904,46.38455094287751,45.45766990243124,42.94314295342186,43.42288157296751,-0.35646754962735716,0.5238554087486981,0.4352417959101427,-0.23845356750940055,0.33060379585886357
fg:14968,Victor Caratini,Victor Caratini,2023,226,1.2,95,0.711,30.0,1993.0,1124,54.728179421646594,44.13770576173705,45.06976828780196,50.7316496534326,33.30517053904318,0.6475647128880725,0.23965038528330812,0.3810278250834746,1.0226333555153078,-1.0243178029284818,Victor Caratini,2024,274,1.9,113,0.744,31.0,1993.0,1529,54.89460733838682,44.55943096967083,44.14667935073098,52.25091058354637,29.237405864365464,0.6670120977209494,0.2943771834521141,0.2592710994193543,1.2771071705931962,-1.6488150324167228
fg:15112,Ryan McMahon,Ryan McMahon,2023,627,1.8,90,0.753,29.0,1994.0,1078,43.06286747187866,49.472757254808336,44.50435640998892,51.9194368575991,32.228766071482234,-0.9087267376818429,0.9152358839361096,0.30592141119060623,1.2150979497385166,-1.1662506320281383,Ryan McMahon,2024,645,1.9,88,0.722,30.0,1994.0,1531,45.68327110233341,49.72951968618265,45.77753709878261,53.08526225541195,34.86346186712148,-0.5633848534737896,0.9444291256302035,0.4781766997914142,1.4129625857581765,-0.8637640824485736
fg:15161,Mitch Garver,Mitch Garver,2023,344,2.2,142,0.87,32.0,1991.0,1047,54.47035433761101,50.50305763294912,54.548083229396745,42.349564769110856,33.792952904313225,0.6131677781335735,1.0457043518848055,1.6400785683467194,-0.3355683159175242,-0.9599996649291346,Mitch Garver,2024,430,-0.4,89,0.627,33.0,1991.0,1786,37.76565524170094,42.48314549374501,53.6906406641814,38.386035865513534,33.47370172412369,-1.620974128906337,0.033319108794479975,1.5403310715380476,-0.9804760218957627,-1.0576890131555952
fg:15172,Tim Anderson,Tim Anderson,2023,524,-0.2,61,0.582,30.0,1993.0,1301,50.11299758711528,32.143005306969215,32.16026787360161,45.319573628745886,46.11917927336987,0.031844527878399496,-1.2792563578754765,-1.3338039980634924,0.1456808068242133,0.6653151989595504,Tim Anderson,2024,241,-1.4,28,0.463,31.0,1993.0,1842,41.702878395520045,28.98541845418444,29.08283457519036,43.67948919646582,36.46277281756584,-1.0950626606362441,-1.6637936794316954,-1.76270781838681,-0.11855613345712271,-0.6405987637376039
fg:15194,Jake Bauers,Jake Bauers,2023,272,-0.3,88,0.693,28.0,1995.0,1307,40.057076404944965,50.97478661837508,44.17364086682751,40.49817100415193,33.56435604632094,-1.30973503988686,1.1054400943161327,0.26199085465267147,-0.6355612342367966,-0.9901420507663621,Jake Bauers,2024,346,0.1,88,0.662,29.0,1995.0,1714,39.97819139787985,44.277064847274346,48.54447722337933,41.78346724432167,47.17449375198825,-1.3254363620495038,0.25887437947064407,0.849575547969319,-0.4272806894881675,0.8540978214443805
fg:15223,Adam Frazier,Adam Frazier,2023,455,0.4,92,0.696,32.0,1991.0,1222,56.65756073380199,33.60304045269507,41.87341984269004,34.861408389265065,44.92482263572308,0.9049671427525003,-1.0943699377056164,-0.04355870852978386,-1.5489211572947614,0.5078294009683193,Adam Frazier,2024,294,-0.5,65,0.576,33.0,1991.0,1804,51.8548209671829,29.70542377262732,42.7475728850967,42.918055536204704,45.085642552016864,0.2609750377802215,-1.5732650867331686,0.07147284343412072,-0.2425384894870042,0.562622831135657
fg:15274,Mike Tauchman,Mike Tauchman,2023,401,1.7,108,0.739,33.0,1990.0,1084,54.21852621546844,39.12253083003917,55.261316287605545,44.06984732290654,43.33513739206065,0.5795709094693484,-0.3954286690542982,1.7348207896794294,-0.05682016767670596,0.2982162575722847,Mike Tauchman,2024,350,1.0,110,0.723,34.0,1990.0,1602,53.64777426006125,40.48115781917544,53.55573263551896,41.47385366411611,42.93676963583304,0.5004673555785413,-0.21839726348250826,1.522222733735658,-0.4776943015152057,0.2627725055461948
fg:15279,Garrett Cooper,Garrett Cooper,2023,457,0.4,95,0.724,33.0,1990.0,1218,45.54601565674581,45.21495312697301,33.293758052309,44.218921399635306,32.277020750530774,-0.5774452162576494,0.3760638199728363,-1.183236976311522,-0.03266476207361655,-1.1598878536106776,Garrett Cooper,2024,116,-0.4,58,0.566,34.0,1990.0,1791,47.396413446573504,37.279447858843206,38.21417339529151,44.7599133971206,38.2186056123986,-0.334553220006165,-0.6209585911746007,-0.5370330414156088,0.057366661790652015,-0.3955926345960802
fg:15362,Jeff McNeil,Jeff McNeil,2023,648,2.4,99,0.711,31.0,1992.0,1034,63.31718384586165,31.95526248449721,39.55677260404336,47.76325089479281,43.4480659026988,1.7934401264108963,-1.3030305104779316,-0.35129024579879997,0.5416451275143292,0.31310681542847973,Jeff McNeil,2024,472,1.3,97,0.692,32.0,1992.0,1582,55.93284831821893,36.27511875586957,38.9348909340748,44.5808982798183,34.556796527679424,0.8056943153118024,-0.7472361310336205,-0.44029308618989116,0.028218073848672406,-0.9065556785388642
fg:15429,Kris Bryant,Kris Bryant,2023,335,-1.2,74,0.68,31.0,1992.0,1387,50.758481442232736,36.12052985588523,44.68225504952856,36.93668369392652,32.65386004629766,0.11795975647459568,-0.775576513496647,0.32955255403805106,-1.2126513119789988,-1.1101984766376227,Kris Bryant,2024,155,-0.8,69,0.623,32.0,1992.0,1826,39.90681817716136,33.41025534744591,40.30634354246333,39.58650944885995,35.49873331896508,-1.3349699835478976,-1.1074446544914565,-0.256206732257559,-0.7850058831526423,-0.775119309536047
fg:15464,Hunter Renfroe,Hunter Renfroe,2023,548,0.5,93,0.713,31.0,1992.0,1203,47.16008904894259,43.38596521214114,38.202664076418166,40.57565781989742,35.368724223185986,-0.36210861560050184,0.1444563623735274,-0.5311630774857727,-0.62300556054559,-0.7522211875613379,Hunter Renfroe,2024,424,0.1,93,0.689,32.0,1992.0,1711,50.25685691159329,42.847188803296966,45.88757729594384,41.43071154982287,31.80209595568329,0.0475282531084432,0.07909144915208381,0.49294709619994076,-0.4847190250772726,-1.2909422363449
fg:15491,J.P. Crawford,J.P. Crawford,2023,638,4.8,136,0.818,28.0,1995.0,953,59.00604849290622,41.232988507876655,59.88714006477019,39.73563035877913,40.126408592474334,1.2182833606985375,-0.12817827709103882,2.3492914947290333,-0.7591204672168864,-0.12488116543524595,J.P. Crawford,2024,451,1.6,90,0.625,29.0,1995.0,1558,50.95754018330595,38.32127584070609,54.28499211344242,46.98770604662869,44.82464969405243,0.1411214668589152,-0.4899661962351239,1.6201092502221939,0.42011261832919683,0.5262043008225017
fg:15518,Amed Rosario,Amed Rosario,2023,545,0.4,87,0.683,28.0,1995.0,1224,55.17876629100647,37.05971208272841,31.660753109587684,34.91154838141345,44.727148383911846,0.7076783639883146,-0.6566464724517329,-1.4001569773407225,-1.5407966605756995,0.48176441643392726,Amed Rosario,2024,346,0.2,96,0.686,29.0,1995.0,1702,53.42738820837193,36.04717846553376,27.55863463503813,37.15227002478537,44.79326290752257,0.47102946305833937,-0.7758957994760994,-1.9672970312624867,-1.181367056408485,0.5218246383076516
fg:15640,Aaron Judge,Aaron Judge,2023,458,4.8,173,1.019,31.0,1992.0,951,48.05004686781599,73.65699716705429,60.22130209069687,42.37342718943861,36.17671403278689,-0.2433776505954825,3.9777221227048942,2.3936798643607498,-0.331701738613564,-0.6456810504507906,Aaron Judge,2024,704,11.3,220,1.159,32.0,1992.0,1393,58.027261363921966,79.30512385029297,64.83423786487175,36.583803758820345,43.88913312136584,1.0854538811269352,4.66306530039619,3.0361058185604946,-1.2739290098079235,0.39566379896137793
fg:15653,Dominic Smith,Dominic Smith,2023,586,-0.1,91,0.692,28.0,1995.0,1285,56.99477072118771,34.56828482063687,41.991301087332566,43.1035265069497,27.87639984830089,0.949954968425317,-0.9721396090040718,-0.027899968595679517,-0.21339917701456243,-1.7401461052917113,Dominic Smith,2024,307,0.2,94,0.691,29.0,1995.0,1699,48.31747649058392,41.75509510959639,44.70876185780425,44.23810560551935,36.00585804218023,-0.21152295250025183,-0.058221015982842086,0.3347179057496459,-0.027598007850149268,-0.7043559283117289
fg:15674,Reese McGuire,Reese McGuire,2023,206,0.5,80,0.668,28.0,1995.0,1208,48.46446812362581,30.46975694863412,32.72051330762433,47.52918034656108,35.720970293628866,-0.18808892277332676,-1.4911422840008182,-1.2593838680654215,0.5037172116999493,-0.7057746306917994,Reese McGuire,2024,158,0.2,62,0.575,29.0,1995.0,1707,47.93192277995751,32.56285793089669,42.574866951764434,46.94573605235895,39.966500137314526,-0.26302298440873895,-1.2139906668771332,0.0482909956800271,0.41327874816598664,-0.1516941990744309
fg:15676,Jose Abreu,Jose Abreu,2023,594,-0.5,86,0.68,36.0,1987.0,1339,49.38637439762154,43.20759714946794,36.42352333653034,37.87270168557461,32.32471143531053,-0.06509565361562844,0.12186934953563683,-0.7674950082908482,-1.060982458908142,-1.153599442500838,Jose Abreu,2024,120,-1.5,0,0.361,37.0,1987.0,1844,40.67246816097507,35.359928771915094,34.10318589813115,41.84407799567924,36.71845834011801,-1.232698892619801,-0.8623059217378942,-1.0888397132501344,-0.4174115910410669,-0.6049208106076751
fg:15679,Rowdy Tellez,Rowdy Tellez,2023,351,-0.7,79,0.667,28.0,1995.0,1358,50.477506785894114,44.74859609736401,49.33540163281791,41.00277868096524,32.35964190742426,0.0804743932567423,0.31700833628953645,0.9476526805166038,-0.5537964943750455,-1.1489935709364787,Rowdy Tellez,2024,421,-0.4,90,0.691,29.0,1995.0,1783,52.51739129800134,44.295630895312456,44.585836360655,37.99189623675676,36.12906264670879,0.34947734559961124,0.26120874861738624,0.3182179505655486,-1.0446528009486484,-0.6871641527982582
fg:15711,Tyler O'Neill,Tyler O'Neill,2023,266,0.7,97,0.715,28.0,1995.0,1174,48.2587408719826,45.27661288774983,46.2083318265254,45.07128881949682,39.92853319010356,-0.21553538663646699,0.38387188710870557,0.5322687659590877,0.10544966534004449,-0.15097267333408967,Tyler O'Neill,2024,473,2.5,133,0.847,29.0,1995.0,1491,40.25820044297462,58.779192817141386,47.14941826303216,40.16025025493078,37.34486576984563,-1.2880343753493453,2.082273738638238,0.6623205776115052,-0.6915850894583486,-0.5175129093116557
fg:15986,Willy Adames,Willy Adames,2023,638,3.4,95,0.717,28.0,1995.0,993,43.18976163489479,43.141522002215495,42.304112150449,59.68135056801696,38.5185577868926,-0.8917975460854569,0.1135021554489309,0.013652248643838178,2.472809404644643,-0.3368895883689379,Willy Adames,2024,688,4.8,120,0.794,29.0,1995.0,1411,48.394286911468186,49.1416129853537,44.89220640707948,46.69966352356976,45.3184300984434,-0.20126306129075722,0.8705097185080733,0.3593411687178914,0.3732113680831932,0.5951056369188529
fg:15998,Cody Bellinger,Cody Bellinger,2023,556,4.4,135,0.881,28.0,1995.0,960,61.22046972669609,43.64874550727367,39.7088514039904,44.69779235384675,47.642847980370654,1.5137135085546538,0.17773262164746356,-0.33108887801478243,0.044929695556747605,0.866223516151193,Cody Bellinger,2024,569,2.1,108,0.751,29.0,1995.0,1512,56.13638300454163,40.27927630454639,41.66193763461389,42.08839234443317,43.10069578331173,0.8328813000332634,-0.24378047794367325,-0.07424902383231065,-0.3776304910565586,0.2856465007107868
fg:16153,Austin Slater,Austin Slater,2023,207,0.7,109,0.748,31.0,1992.0,1172,48.7846674970093,44.98924480799336,46.7332313027359,44.28086050130815,37.32765030103109,-0.1453705154627969,0.3474820401294764,0.601993720208194,-0.02262838179590613,-0.4939205871786044,Austin Slater,2024,212,-0.2,76,0.586,32.0,1992.0,1763,45.28547262635911,33.85178624889881,51.01997631816779,44.03576125103516,38.72564415928726,-0.6165204702275208,-1.0519295490921148,1.1818550592955286,-0.06054523767144743,-0.32484127827996373
fg:16219,J.D. Davis,J.D. Davis,2023,546,2.1,103,0.738,30.0,1993.0,1056,43.141700729456446,47.27628102606684,40.56735797348957,48.86845677894922,35.293875551663035,-0.8982094428750527,0.6370928350451059,-0.21704926853938344,0.720728553637388,-0.76209060377407,J.D. Davis,2024,157,-0.4,86,0.631,31.0,1993.0,1785,42.92988907094012,44.03481959258817,40.47003788175735,39.914763786153344,35.436105007628655,-0.9311656802816227,0.228416101687276,-0.23423448626401683,-0.7315570428417136,-0.7838583649747908
fg:16252,Trea Turner,Trea Turner,2023,691,4.1,107,0.778,30.0,1993.0,971,50.04731431885431,46.11442626148138,34.40235414246152,43.28183415621074,65.23574856812645,0.023081598153055133,0.4899654396462035,-1.035976757603237,-0.18450687270151628,3.1859929222994463,Trea Turner,2024,539,3.9,123,0.807,31.0,1993.0,1428,55.44547012356011,45.56627130711156,32.97315037851348,43.94010006226057,49.02817885443824,0.7405931584959339,0.42097046892636664,-1.2405213078951551,-0.07612151198643625,1.1127581067147896
fg:16376,Michael Conforto,Michael Conforto,2023,470,0.8,99,0.718,30.0,1993.0,1166,50.4242888897267,41.29728667301201,48.04727313181896,41.92163885754542,40.603857587888896,0.0733744925271851,-0.12003610489048108,0.7765442971599712,-0.40490782945844755,-0.061925567690905826,Michael Conforto,2024,488,1.3,112,0.759,31.0,1993.0,1578,51.10656551360197,50.93989840408996,45.2698358006572,39.678654277564,34.53095064514457,0.16102740746819777,1.096613948655353,0.4100293352474535,-0.7700021690342248,-0.9101621720801322
fg:16426,Thairo Estrada,Thairo Estrada,2023,530,3.5,100,0.731,27.0,1996.0,987,53.86219633011392,37.97974816532617,31.783253605263123,60.22000967368723,49.74632866930168,0.5320322618491424,-0.5401409361044995,-1.383884639791204,2.5600917106282424,1.1435848372287372,Thairo Estrada,2024,381,0.4,64,0.59,28.0,1996.0,1679,50.41842294093061,35.93413369839655,30.34657263554159,52.01187077489825,41.589598367226245,0.06910930767197228,-0.7901092829306335,-1.5930796953057462,1.2381849109035432,0.07479035896402819
fg:16442,Ryan O'Hearn,Ryan O'Hearn,2023,368,1.6,118,0.801,30.0,1993.0,1092,55.43190596302946,49.02322456223762,34.52819225336181,45.13349212244852,38.73136149920422,0.7414502090161956,0.8583108910535593,-1.0192610683656314,0.1155288558044202,-0.30882965937241763,Ryan O'Hearn,2024,494,1.6,118,0.761,31.0,1993.0,1550,61.18776365310426,42.80161379495239,48.84835070202861,39.68275669764629,39.61394395383856,1.5076154743204966,0.07336115624733,0.8903636586186611,-0.7693341821382262,-0.20088933090734754
fg:16451,Luis Guillorme,Luis Guillorme,2023,120,-0.4,69,0.615,29.0,1994.0,1332,50.70376273130181,29.106821612504604,45.71008559201572,41.55565204765283,40.32207926558421,0.11065962919341281,-1.6637328109875613,0.46608429163500753,-0.46421096272165935,-0.09908036931884943,Luis Guillorme,2024,187,0.1,67,0.574,30.0,1994.0,1724,53.4492906373927,29.69289039070721,52.6477474843504,46.707282303722586,41.39111629227619,0.4739550626890896,-1.5748409492968432,1.4003463561773275,0.37445191517576204,0.04709448437357595
fg:16478,Kyle Schwarber,Kyle Schwarber,2023,720,0.9,118,0.817,30.0,1993.0,1150,40.0307057036475,58.640444604912624,60.16456244752341,21.86116020171464,29.986250253983776,-1.3132532052948236,2.076153756604603,2.386142861175032,-3.6554327306145526,-1.4619448843936067,Kyle Schwarber,2024,692,3.3,134,0.851,31.0,1993.0,1448,47.20347536893733,60.82696078461734,58.3224289899918,37.12436547079778,34.289239788087094,-0.3603247711046654,2.3397462149105475,2.1620434222744302,-1.1859106857854143,-0.9438901225053737
fg:16505,Matt Chapman,Matt Chapman,2023,581,3.0,109,0.755,30.0,1993.0,1003,45.28421826565799,53.23540974892205,49.696546998918656,48.18179284832667,39.70051882079976,-0.6123721040499287,1.391706160707449,0.9956253786614823,0.6094640996077444,-0.18103825322154005,Matt Chapman,2024,647,5.5,121,0.79,31.0,1993.0,1404,52.412353946796166,54.20245112252222,47.82497548924748,56.06639688830493,55.90479463632829,0.3354470645011339,1.5068252327097176,0.7529987868955598,1.898373350632424,2.0723101889361915
fg:16512,Isiah Kiner-Falefa,Isiah Kiner-Falefa,2023,361,0.5,81,0.646,28.0,1995.0,1211,55.19160862858767,36.95363052526386,43.83041848183217,46.57975314439329,41.490366809645565,0.7093916846666665,-0.6700797377146134,0.21639895339218632,0.3498755803296851,0.05496800313565162,Isiah Kiner-Falefa,2024,496,2.1,93,0.683,29.0,1995.0,1517,61.48225424215736,33.74583986110211,36.59376798178313,49.20389065919001,47.803986276863846,1.5469518217994067,-1.0652505304002389,-0.754535653347252,0.7809684669769916,0.9419362120344049
fg:16530,Mauricio Dubon,Mauricio Dubon,2023,492,1.8,97,0.72,29.0,1994.0,1080,60.595416253179536,35.16858979873486,27.704377115806984,46.51165028667937,44.52079118110126,1.4303239360192883,-0.896122097551972,-1.9257016723939047,0.3388404480859868,0.4545545130168925,Mauricio Dubon,2024,428,1.1,86,0.657,30.0,1994.0,1597,58.34021302458825,32.13449037045138,27.00157663149865,52.0602874292973,36.48538091271647,1.1272561516431296,-1.267850702923369,-2.042069412147671,1.2460684747604656,-0.637444065923313
fg:16535,Danny Jansen,Danny Jansen,2023,301,1.9,115,0.786,28.0,1995.0,1064,50.01328971648103,45.50036388685974,42.83553666592067,47.49003441343952,36.614631279193766,0.018542311247519087,0.41220580862831024,0.08424395564195335,0.497374151169156,-0.5879380406740871,Danny Jansen,2024,324,0.6,90,0.658,29.0,1995.0,1645,49.9786305955551,36.01964591673519,55.445874690273484,40.805037729282446,36.23437068772657,0.01036439303180807,-0.7793575557052455,1.7759313614678047,-0.5865959428250599,-0.672469635431244
fg:16556,Ozzie Albies,Ozzie Albies,2023,660,4.1,125,0.849,26.0,1997.0,969,58.89170624082574,47.49513001056284,35.41635081033449,38.15745307517351,51.271701521896624,1.2030287434094307,0.6648060071695747,-0.9012826409571073,-1.0148424091909845,1.3447178601073833,Ozzie Albies,2024,435,1.3,96,0.707,27.0,1997.0,1581,55.13109196280791,41.14784343967207,35.26673671973011,44.09754412241625,42.9429220716716,0.6986003443591815,-0.13457272851042104,-0.9326594507656715,-0.050485285825488925,0.2636310067053226
fg:16572,Connor Joe,Connor Joe,2023,472,1.4,106,0.76,31.0,1992.0,1107,52.29994695242559,43.204969903034765,51.45893993923173,46.1553116360972,36.96436877482984,0.3236096015187534,0.12153665741561834,1.2297326176692762,0.28110066645694626,-0.5418222601345136,Connor Joe,2024,416,0.5,93,0.688,32.0,1992.0,1657,48.00834797852768,36.36668507485226,50.84149630128972,43.51453951944567,38.29044711534097,-0.2528145489651232,-0.7357232021930189,1.157898172009813,-0.14541448061282033,-0.3855679849828487
fg:16578,Yandy Diaz,Yandy Diaz,2023,600,5.0,163,0.932,32.0,1991.0,947,67.38892257183225,54.49713322046596,53.62737867223051,38.57545417948859,28.33522796246899,2.3366585328683898,1.551480078877117,1.5177768971985188,-0.9471110742812864,-1.679645824703038,Yandy Diaz,2024,621,1.9,120,0.755,33.0,1991.0,1528,64.68189247482296,48.88422495380163,48.98165133502281,38.41288146276596,29.27236771307253,1.9743409676856505,0.8381474905119728,0.9082562400718456,-0.9761048198198738,-1.643936511384106
fg:16622,Luis Urias,Luis Urias,2023,177,0.0,84,0.636,26.0,1997.0,1279,44.96398389089357,32.38375776720585,49.57020496235643,42.68043089837001,35.93493581491317,-0.6550951809612479,-1.2487695160685903,0.9788427505235423,-0.28195600633320517,-0.6775615075760278,Luis Urias,2024,109,0.2,108,0.696,27.0,1997.0,1698,45.72658109554293,41.52698598933581,40.77941233032809,42.14783097576724,37.44537057834346,-0.5575997553907674,-0.086901911956706,-0.1927079953821098,-0.3679522460083124,-0.5034886274081459
fg:16725,Jose Trevino,Jose Trevino,2023,168,0.7,57,0.57,31.0,1992.0,1182,55.42178977094745,33.62994922065263,38.45352197611747,55.245243518597526,36.39771754146754,0.7401005885930687,-1.0909624404317195,-0.49784040072138114,1.7539992169255787,-0.6165399105045098,Jose Trevino,2024,234,1.7,85,0.642,32.0,1992.0,1548,52.15981812126103,38.915924768925926,47.25054279919935,56.41446410270968,37.74532284208875,0.30171479137123647,-0.4151990671007862,0.6758942490911125,1.955048272626101,-0.4616337632754419
fg:16930,Jonah Heim,Jonah Heim,2023,501,4.0,107,0.755,28.0,1995.0,974,54.28860073108185,43.26029491864433,39.46572555910495,61.44506850870119,39.53755997289113,0.588919683854602,0.12854254635729048,-0.3633844682748401,2.7585956604548203,-0.20252572471346078,Jonah Heim,2024,491,-0.1,72,0.602,29.0,1995.0,1748,51.98089545997481,38.18829228275512,33.95524446765049,42.11805507845603,34.28146898874121,0.2778153384249245,-0.506686648216479,-1.1086974891339976,-0.37280058158134416,-0.9449744475468433
fg:16939,Lane Thomas,Lane Thomas,2023,682,2.9,109,0.783,28.0,1995.0,1007,53.77561950929431,46.71737735159985,40.04159167880504,45.71800176650019,50.16451605986967,0.5204818835447061,0.5663180321956783,-0.286889366508732,0.2102406114685146,1.1987263023804102,Lane Thomas,2024,528,1.4,99,0.709,29.0,1995.0,1568,51.066399062587045,43.25805463582653,45.919877291046205,38.73234489988302,50.97580328506368,0.1556622055471514,0.13075093645594188,0.49728263670207506,-0.9240873800003708,1.3845265371560576
fg:16997,Gleyber Torres,Gleyber Torres,2023,672,3.7,122,0.8,27.0,1996.0,983,60.28506456901377,45.47454635247808,48.31135172409725,41.752186763758246,35.375015911850355,1.3889193276541631,0.40893649588374326,0.8116231429185979,-0.43236521269731376,-0.7513915763892739,Gleyber Torres,2024,665,1.8,105,0.709,28.0,1996.0,1539,54.16941282439379,39.59209923710675,48.81839878766701,39.40515009151062,29.136948449685605,0.570144814172252,-0.3301814686815585,0.8863432946087083,-0.8145361778923366,-1.6628327010618864
fg:17022,Edmundo Sosa,Edmundo Sosa,2023,300,1.0,91,0.719,27.0,1996.0,1144,46.64455768112091,40.7808163317248,25.861649343674507,46.96853312283716,44.16037244106256,-0.43088663574229974,-0.18543751170183992,-2.1704801784291607,0.412872033339814,0.40703032208693496,Edmundo Sosa,2024,274,1.9,102,0.734,28.0,1996.0,1530,45.6381681836329,45.082839872404975,29.60214018445684,50.36649666834898,50.228355048146575,-0.5694094401609938,0.36018707423580487,-1.6930028387165303,0.9702727224529003,1.2802287932025058
fg:17027,Alex Verdugo,Alex Verdugo,2023,602,1.6,100,0.745,27.0,1996.0,1096,62.51218538874348,41.458405146405255,48.51213038424264,44.03847524682131,39.37900460354905,1.6860437514206932,-0.09963343317664333,0.838293550353373,-0.06190358150075122,-0.22343256114703253,Alex Verdugo,2024,621,0.6,85,0.647,28.0,1996.0,1648,58.87062191085855,38.44613550022669,47.4311283234552,48.00927767596115,34.06413388855727,1.1981050990520006,-0.4742671882254859,0.7001337529061796,0.5864525952281548,-0.975301043438751
fg:17040,Jose Herrera,Jose Herrera,2023,120,-0.5,56,0.553,26.0,1997.0,1344,49.60585169770134,26.19208011088768,49.294316140698925,41.57603006471123,38.59415487404132,-0.03581476964276913,-2.0328308587517228,0.942195094467976,-0.46090898508588257,-0.32692148736781135,Jose Herrera,2024,114,0.2,71,0.609,27.0,1997.0,1704,49.84950510291691,30.21041380845937,45.701569207709376,45.65311764030849,38.00508253699528,-0.006883442503899646,-1.5097710595369223,0.46797973636879026,0.20280489530444884,-0.4253873065835932
fg:17128,Ramon Laureano,Ramon Laureano,2023,404,1.1,90,0.676,29.0,1994.0,1137,44.32823916298951,41.27580741494053,41.68432678815052,49.09823787341398,43.274485700908656,-0.7399110940754849,-0.12275605525904994,-0.06867686005048455,0.7579614224132032,0.2902188306065759,Ramon Laureano,2024,309,0.9,108,0.748,30.0,1994.0,1614,43.88186643495448,46.96330248172078,34.0344348317612,42.28311791876453,41.237097650552805,-0.8040060569356486,0.5966237078036233,-1.0980679819191295,-0.3459238083278292,0.02560296688094619
fg:17273,Jorge Mateo,Jorge Mateo,2023,350,0.6,66,0.607,28.0,1995.0,1195,46.306764009793255,38.81020564156679,37.08461545231713,44.76911541355117,59.98069124236366,-0.47595233179977275,-0.4349788717974159,-0.6796789223224297,0.05648661728196631,2.493070163425673,Jorge Mateo,2024,208,0.8,87,0.668,29.0,1995.0,1625,49.00594218155853,39.65677632133618,35.22875448467568,44.31794317397653,54.71985538200204,-0.11956169243226927,-0.3220494101187176,-0.937757702883611,-0.014598254419727523,1.9069656408535411
fg:17338,Willi Castro,Willi Castro,2023,409,2.5,107,0.75,26.0,1997.0,1028,48.10488345991514,39.87519896880587,37.97182040780747,47.57181068295199,59.48878493402744,-0.23606179656347825,-0.3001171841493888,-0.5618271664438685,0.5106248718989272,2.428208249434988,Willi Castro,2024,635,2.9,106,0.717,27.0,1997.0,1475,48.01410590121908,40.48989355869378,38.47169096341261,46.96847922952909,43.08371412601099,-0.2520454389963668,-0.21729889075592038,-0.5024671585706766,0.41698196334587684,0.2832769071288089
fg:17350,Rafael Devers,Rafael Devers,2023,656,3.5,126,0.851,27.0,1996.0,985,54.72697159914236,56.56049937255918,40.23330064284094,39.14951061373221,33.29952158644176,0.6474035749909257,1.8127672009556184,-0.2614237309873394,-0.8540931176217422,-1.0250626640363014,Rafael Devers,2024,601,4.2,136,0.871,28.0,1996.0,1421,50.43296910175928,58.43614166776104,44.00711710016834,40.74384091791312,38.51778142216032,0.0710522995980651,2.0391408103368502,0.24053803806854698,-0.5965604679715888,-0.35384611562330864
fg:17452,Jose Siri,Jose Siri,2023,364,2.6,106,0.761,28.0,1995.0,1024,33.222055898901274,51.93032788458562,32.32328031737703,53.64320381466414,51.62210024283864,-2.221608123421284,1.2264417048262781,-1.3121502611111664,1.4944106976475193,1.3909208286707644,Jose Siri,2024,448,1.8,78,0.62,29.0,1995.0,1543,29.08809732890225,46.396093730777714,35.060350259797985,57.2727310717689,45.95127729655367,-2.7800720628123705,0.5253067207288414,-0.9603621440104264,2.094797756369828,0.683412133302425
fg:17484,Eloy Jimenez,Eloy Jimenez,2023,489,0.6,106,0.758,27.0,1996.0,1187,50.81557100286037,48.23514627971641,34.736203182102635,38.51083572504402,34.14826607988248,0.12557618332234521,0.7585153670242241,-0.9916299634644105,-0.9575816068568013,-0.9131486848888903,Eloy Jimenez,2024,349,-0.9,78,0.626,28.0,1996.0,1829,50.88106822225674,43.70889478824508,37.032875431729686,40.75614817815999,32.6306291689809,0.130906785154152,0.18743652402730449,-0.6955954545020542,-0.5945565072835931,-1.1753300231246928
fg:17548,Taylor Ward,Taylor Ward,2023,409,1.4,108,0.756,30.0,1993.0,1108,55.631517212799125,44.93357132611641,47.37335299045584,45.635420446490095,37.72071604730517,0.7680807254388866,0.34043202438653086,0.6870242020679905,0.19685944336836445,-0.4420916185407644,Taylor Ward,2024,663,2.8,112,0.748,31.0,1993.0,1477,50.867980658678206,47.57497381344441,49.78040269523199,49.15089868798526,36.23321753396991,0.1291586242019371,0.673531118674876,1.0154704629330873,0.7723399156224597,-0.6726305446812901
fg:17678,Alex Bregman,Alex Bregman,2023,724,4.4,125,0.804,29.0,1994.0,961,63.77684129396105,40.693205029819374,61.81927911837332,45.33324704054444,32.558236838607144,1.854763900669853,-0.19653186105578108,2.6059469368109838,0.14789639531028625,-1.1228071872144678,Alex Bregman,2024,634,4.2,117,0.768,30.0,1994.0,1423,63.01554235076036,44.39485252824852,46.79151622533638,53.76510016718063,30.85181774624966,1.7517595680137144,0.27368420479092886,0.6142803604130535,1.5236589082593521,-1.4235425536336814
fg:17696,Kevin Newman,Kevin Newman,2023,253,0.0,79,0.675,30.0,1993.0,1275,61.21851595809579,32.29719309865976,42.92027164639583,41.93853247133447,43.89609528696693,1.5134528525703026,-1.2597313286849026,0.09549971584880909,-0.40217045149085534,0.37218319419253615,Kevin Newman,2024,311,1.4,89,0.686,31.0,1993.0,1571,59.55340570784946,30.34854197810631,38.54148478543628,49.86215751381207,47.81674382112303,1.2893074046257154,-1.4924037589214159,-0.49309892364607644,0.8881524276971351,0.9437163795682919
fg:17766,D.J. Stewart,D.J. Stewart,2023,185,0.8,129,0.84,30.0,1993.0,1162,41.69183983411426,49.594751608674265,40.22283778883745,41.328550305959794,37.096643686284125,-1.0916381420519805,0.9306842102543049,-0.26281356284995594,-0.5010096791996713,-0.5243807193685657,D.J. Stewart,2024,194,-0.2,88,0.622,31.0,1993.0,1758,43.73220794576709,41.01304153970958,57.96304592886378,40.8587289237873,36.22432961182682,-0.8239965712429926,-0.15152180650207192,2.1138044113283403,-0.5778535386732824,-0.6738707512697533
fg:17838,Willie Calhoun,Willie Calhoun,2023,149,-0.1,95,0.712,29.0,1994.0,1284,58.45529235411767,41.782599348985656,50.579892550637794,41.49532304697524,37.091309844481934,1.1448059368768309,-0.058580239539229834,1.1129644711376743,-0.4739864482586096,-0.5250840305120714,Willie Calhoun,2024,254,0.0,97,0.695,30.0,1994.0,1730,60.68551523647186,38.85977472243515,51.12436832662105,42.70410314477374,32.88094019773942,1.4405280393674476,-0.42225899368543995,1.1958673146941414,-0.27737582719905357,-1.1404020183522348
fg:17893,Tyler Nevin,Tyler Nevin,2023,111,-0.5,76,0.622,26.0,1997.0,1341,49.38845001891645,38.317279273045926,46.07160062679266,40.86228351177042,38.9465540052804,-0.06481874103156682,-0.49739887035015184,0.514106094670828,-0.5765618059010079,-0.28045474816673965,Tyler Nevin,2024,278,-0.4,82,0.618,27.0,1997.0,1787,47.17156969005087,40.6642670807902,44.29603080567244,38.95098577140803,36.68617417726186,-0.3645865469232537,-0.19537434498532352,0.27931813905200154,-0.8884866286928945,-0.6094256915947701
fg:17901,Andrew Benintendi,Andrew Benintendi,2023,621,-0.3,88,0.682,29.0,1994.0,1308,59.78752444245501,31.511645799236057,43.95344968405847,30.31054289325268,47.08172486705705,1.322541553222312,-1.3592063505634653,0.2327417872779668,-2.2863263743084015,0.7922347941178578,Andrew Benintendi,2024,522,-0.1,93,0.685,30.0,1994.0,1743,54.20963694584932,41.07368042601105,44.59944196387331,34.65741984935322,35.59168143940119,0.5755177193767825,-0.14389748359908291,0.32004419368484344,-1.5875973281114295,-0.7621494759242986
fg:17907,Brendan Rodgers,Brendan Rodgers,2023,192,0.2,77,0.7,27.0,1996.0,1249,51.21939011010779,41.686220734614,38.862785927868366,45.94161910492387,37.82386461693715,0.17945045834320567,-0.0707848066993229,-0.4434758764554132,0.24647472827834313,-0.4284906267698701,Brendan Rodgers,2024,539,0.8,87,0.721,28.0,1996.0,1621,51.49271316766677,43.70032387869304,37.74514703907823,42.36588578728049,37.47638618965386,0.21260677490163465,0.18635887590441186,-0.5999891736839497,-0.3324469214002656,-0.49916075809594107
fg:17919,Ian Happ,Ian Happ,2023,691,3.2,118,0.791,29.0,1994.0,998,51.91433444516755,45.47967284300495,53.68166186862453,40.87005736880675,43.68932081387519,0.2721643036250726,0.4095856709973166,1.5249875985929897,-0.5753021591942599,0.34491827023880883,Ian Happ,2024,657,3.6,121,0.782,30.0,1994.0,1437,48.45456714028386,50.97976168114083,50.44138557984824,44.12966425977448,44.26927660375966,-0.19321117741078062,1.1016260871484007,1.1041923979794996,-0.04525524345474487,0.44870841882141427
fg:17929,Cedric Mullins,Cedric Mullins,2023,455,1.9,98,0.721,29.0,1994.0,1069,49.13564932768833,41.730584266020855,43.56966752582209,45.21500419068214,50.71096873591879,-0.09854536198698169,-0.06516698679141271,0.1817621337682277,0.12873676634752615,1.2707806059606193,Cedric Mullins,2024,499,2.1,104,0.71,30.0,1994.0,1515,52.883445479777656,38.357804485690494,42.51832945149209,42.32157155296373,54.349531740975706,0.39837274336685535,-0.4853733317952146,0.040702120773286575,-0.3396624983611892,1.8552912661155418
fg:17982,Ty France,Ty France,2023,665,1.3,106,0.703,29.0,1994.0,1118,55.2095729618235,38.66038609279287,35.356818475937104,41.192608791810805,25.825824440414028,0.7117883405255488,-0.45395074389608575,-0.9091906109215045,-0.5230371335004049,-2.0105314276260264,Ty France,2024,535,-0.8,93,0.67,30.0,1994.0,1823,50.02265285303852,41.2175519284346,39.23271558135143,32.47042507409135,30.291149325874738,0.016244631251786018,-0.12580805521542301,-0.40031689372578727,-1.9437002678856208,-1.5017773376132328
fg:17988,Tyler Stephenson,Tyler Stephenson,2023,517,-0.6,85,0.696,27.0,1996.0,1348,48.31039768818433,42.51412711566474,46.39102799075157,31.943954673271293,32.5538537983286,-0.20864375255376164,0.03405420863284471,0.5565371873797409,-2.021654441206298,-1.123385127315553,Tyler Stephenson,2024,515,3.1,113,0.782,28.0,1996.0,1461,53.14568726305991,48.0609314631683,47.88645724026844,48.40916474154714,31.55574370149004,0.4334014821250231,0.7346321425336015,0.7612513151343031,0.651565215177507,-1.3253178399802823
fg:18015,Paul DeJong,Paul DeJong,2023,400,0.5,66,0.612,30.0,1993.0,1213,37.52105564875905,36.525227930108265,32.847349027888235,53.113928667025455,33.42799119088672,-1.6480703915958645,-0.7243289949613757,-1.2425356615166179,1.4086489331114291,-1.0081228844630117,Paul DeJong,2024,482,1.8,96,0.703,31.0,1993.0,1540,37.34402406491776,47.19288889781932,29.074840710701668,48.87387814186135,34.08266929941489,-1.677293179817993,0.625490348951564,-1.7637808130776593,0.7272333465677778,-0.9727146415446544
fg:18030,Harrison Bader,Harrison Bader,2023,344,0.9,69,0.622,29.0,1994.0,1159,50.42238126655145,34.75995574535725,36.348584174662406,51.00567118528352,54.2340698458371,0.0731199928917417,-0.947868034976598,-0.7774495421959505,1.067034779230861,1.7353306174148697,Harrison Bader,2024,437,1.2,85,0.657,30.0,1994.0,1589,50.947422994023405,40.13166088354092,36.59848371789831,51.41948921173957,39.642327785054654,0.13977007130360122,-0.26234064129514223,-0.7539026729130461,1.1417288889253567,-0.19692869602404442
fg:18036,Jake Cronenworth,Jake Cronenworth,2023,522,0.8,91,0.689,29.0,1994.0,1168,55.88331082556361,36.13492404178406,43.98075301139736,42.06374412773548,48.32701667062842,0.8016729901413561,-0.773753756345982,0.23636862124491317,-0.38188162319172614,0.9564368148842666,Jake Cronenworth,2024,656,2.1,105,0.714,30.0,1994.0,1513,58.1103053313377,41.67918184353473,49.22790415116618,42.15486369590831,40.77521982716287,1.0965464133833855,-0.06776583595524657,0.9413100858935155,-0.366807125615172,-0.038846733556423055
fg:18042,Dylan Moore,Dylan Moore,2023,165,0.5,107,0.731,31.0,1992.0,1201,38.71717654635779,46.495476268919205,42.409068181905496,43.721018328081854,42.794059602238505,-1.4884936280427936,0.5382183683425562,0.02759406955077538,-0.1133431127856614,0.2268706771823574,Dylan Moore,2024,441,2.4,106,0.687,32.0,1992.0,1497,44.62443287953628,40.59283335595125,52.72535612591246,45.67586081747862,56.06454013223783,-0.7048183315004501,-0.20435593778087272,1.410763553076015,0.206508110484339,2.0946008225977626
fg:18067,Garrett Stubbs,Garrett Stubbs,2023,125,-0.3,53,0.557,30.0,1993.0,1318,44.583601627164896,29.100019764188104,42.06029961305532,42.11629927137674,45.1564036423095,-0.7058427021195781,-1.6645941391476795,-0.01873455832701781,-0.3733657843615251,0.538365271471565,Garrett Stubbs,2024,187,0.3,61,0.558,31.0,1993.0,1692,44.83084632947946,20.0,41.80366073580717,46.70376594365205,47.04077414635311,-0.6772468182056,-2.7935593445296565,-0.05522591737782751,0.37387935497919184,0.8354387993191457
fg:18126,LaMonte Wade Jr.,LaMonte Wade Jr.,2023,519,1.8,120,0.79,29.0,1994.0,1077,56.65165688085971,43.12209732970339,60.21470202318604,38.71836450017628,36.27464307770972,0.904179498504403,0.11104238030293585,2.3928031452438714,-0.9239544206441849,-0.6327682961694755,LaMonte Wade Jr.,2024,401,1.3,119,0.761,30.0,1994.0,1577,53.89312468528921,43.39595289880681,59.10638906154264,41.01617298394298,36.80545071674911,0.5332398445463478,0.14808933016416337,2.267272250684256,-0.552217312512335,-0.5927820320600081
fg:18171,Seth Brown,Seth Brown,2023,378,-0.4,91,0.692,31.0,1992.0,1325,43.152479893964845,47.49190334185719,38.742938471612106,37.663298608168255,34.64647781070682,-0.8967713740397789,0.6643974093164283,-0.4593957978557316,-1.0949133500481816,-0.8474553488079244,Seth Brown,2024,400,-0.4,91,0.662,32.0,1992.0,1784,44.662392404524766,43.85549626226384,36.029828614584495,35.33667170111015,37.197199232117065,-0.6997479179776185,0.20586920055134708,-0.8302317009624046,-1.476996432309681,-0.5381180642666601
fg:18314,Dansby Swanson,Dansby Swanson,2023,638,4.8,105,0.744,29.0,1994.0,954,48.2020471246134,44.15186533534175,45.72571000092723,63.01144668278236,48.57268350889704,-0.22309900728470994,0.24144343313052505,0.46815975797837117,3.0124057188702698,0.9888300187609121,Dansby Swanson,2024,593,4.2,97,0.701,30.0,1994.0,1424,47.59956995668581,43.74243401078347,44.41520336399464,60.687045027629615,53.14667531298552,-0.3074167498728542,0.191653518733912,0.2953143474635342,2.6507420369630297,1.687446583978285
fg:18345,Kyle Tucker,Kyle Tucker,2023,674,4.9,139,0.886,26.0,1997.0,949,63.83194268286709,49.803773070094266,53.57932249374241,39.07738250353017,57.609587983246286,1.8621150817474155,0.9571529085275947,1.5113933609247538,-0.865780486717341,2.1804205936812133,Kyle Tucker,2024,339,4.2,179,0.993,27.0,1997.0,1419,60.97068883621517,53.96267373160229,64.4821862263153,46.44960173798663,43.41738508666776,1.4786198773694148,1.476677247403373,2.9888508845282433,0.3324944272022197,0.32983682486017535
fg:18360,Austin Riley,Austin Riley,2023,715,5.2,128,0.861,26.0,1997.0,946,53.01450135012077,56.71544275992606,41.66256910425925,45.4855413192637,45.38682881987848,0.418939662548305,1.8323879123495304,-0.0715670391850455,0.17257359039489492,0.568748736362103,Austin Riley,2024,469,2.4,116,0.783,27.0,1997.0,1496,50.355254059102855,55.2629658579563,40.46794452775116,43.37397803634256,37.85643031608098,0.06067157425094662,1.6401671734922212,-0.23451547147935162,-0.16830175858816232,-0.4461300022102417
fg:18363,Victor Robles,Victor Robles,2023,126,0.3,112,0.75,26.0,1997.0,1235,56.634006232166335,31.87756888894817,43.98228498281411,39.566442466270814,48.62026199347756,0.9018246918968471,-1.3128689659378832,0.23657212047054532,-0.7865350402690885,0.9951036353467752,Victor Robles,2024,295,3.1,141,0.814,27.0,1997.0,1458,55.09793797629557,37.59991539000516,39.05050395109232,45.74526246901254,61.33183630014892,0.6941718268369278,-0.5806651740865096,-0.4247746653274461,0.21780860942286628,2.829590993039818
fg:18373,Ryan Mountcastle,Ryan Mountcastle,2023,470,1.6,113,0.779,26.0,1997.0,1094,51.55519108121494,49.92209220513993,34.58713348851892,41.80259095718549,42.43092092309063,0.22425030447484182,0.9721358364250682,-1.0114316169926079,-0.4241979057915878,0.1789878397915402,Ryan Mountcastle,2024,507,1.4,107,0.733,27.0,1997.0,1567,53.648106413015,46.923365397092695,30.73716529648647,43.84689627682136,34.03197681506908,0.5005117226465926,0.5916022892456582,-1.5406515046513445,-0.09129765340589198,-0.9797881905765923
fg:18401,Ronald Acuna Jr.,Ronald Acuna Jr.,2023,735,9.2,171,1.012,26.0,1997.0,932,72.79139202236313,65.55702392606294,53.544010759915935,41.77872853685773,67.75448234883513,3.057412255874795,2.952010474336298,1.5067027313145231,-0.4280644830955491,3.5181087969714486,Ronald Acuna Jr.,2024,222,0.9,106,0.716,27.0,1997.0,1616,50.611621313973615,46.55249193879561,48.932338637456105,43.79496326235177,50.29872344930493,0.09491562752353619,0.5449711722401881,0.9016371307842932,-0.09975377745938555,1.290047888524352
fg:18564,Trent Grisham,Trent Grisham,2023,555,1.7,89,0.666,27.0,1996.0,1088,43.279528206479135,43.3814623068082,53.52036131288787,47.66619111248654,47.798174194583325,-0.8798216170657052,0.14388615277973293,1.5035612600675845,0.525917923557726,0.8867045617812785,Trent Grisham,2024,209,0.5,93,0.675,28.0,1996.0,1660,46.038867669237966,46.08657841943322,53.93941404229899,45.85311775474565,34.048919047389695,-0.5158863233406477,0.48639036158963317,1.5737232455388008,0.23537041832803238,-0.9774240982939407
fg:18568,Luis Arraez,Luis Arraez,2023,617,3.4,131,0.861,26.0,1997.0,989,80.0,34.255218446089046,44.46701137319224,33.844683379880976,35.92110027506433,4.0191263544274305,-1.011783669241353,0.30096068804247444,-1.713667473538345,-0.6793858379017053,Luis Arraez,2024,672,1.1,109,0.739,27.0,1997.0,1595,77.05332016172089,31.054834037125563,41.34133971033348,31.022120781920474,40.66156823746416,3.6268446346679717,-1.4035993785934529,-0.11728201133626934,-2.17952406680982,-0.05470549650059872
fg:18577,Ke'Bryan Hayes,Ke'Bryan Hayes,2023,525,3.2,101,0.762,26.0,1997.0,999,57.4158515988066,47.85189859523162,38.92511894912939,58.96250951081156,39.72727486327721,1.0061321690572969,0.7099841432175842,-0.43519587761256684,2.3563310894205753,-0.17751024779348729,Ke'Bryan Hayes,2024,396,0.1,60,0.573,27.0,1997.0,1725,55.74718857093459,35.535933679928284,41.223344548421096,51.17869122305618,45.926870830156176,0.7808949614325967,-0.8401762565502449,-0.13312018102966358,1.1025203491374187,0.6800064936107241
fg:18795,Ramon Urias,Ramon Urias,2023,396,0.7,98,0.703,29.0,1994.0,1175,47.84997053192397,38.24131130342094,38.90265284117817,37.945634846274274,43.4931747400035,-0.27007021504218826,-0.5070188072349953,-0.4381801601657969,-1.0491646424421643,0.3190547886012026,Ramon Urias,2024,301,0.9,114,0.745,30.0,1994.0,1615,51.64644041455965,43.23692740991666,42.22021897346383,38.24488832239867,38.846659139034806,0.23314077030093808,0.12809454214849303,0.000687562024712772,-1.003458726570532,-0.3079550395428012
fg:18819,Andy Ibanez,Andy Ibanez,2023,383,1.6,103,0.744,30.0,1993.0,1097,55.36695236139777,43.0761101788394,36.31406862127582,47.468851345883486,38.48514915590982,0.7327846255034351,0.10521895905041061,-0.7820344112800969,0.49394172616299914,-0.3412947925971185,Andy Ibanez,2024,244,0.7,86,0.652,31.0,1993.0,1636,44.90375481354381,37.13209406753414,35.66574467134099,48.90130979912553,40.64589052019701,-0.667508125120237,-0.6394858589798599,-0.8791016985307172,0.7316999753430949,-0.056893140354104796
fg:18839,Josh Naylor,Josh Naylor,2023,495,2.7,127,0.842,26.0,1997.0,1014,63.0105233947023,46.42978879392992,33.85354403498096,45.94778286096495,34.47145062746893,1.7525279724605933,0.5299002657706295,-1.1088778774743935,0.247473480244331,-0.8705341300978121,Josh Naylor,2024,633,2.3,118,0.776,27.0,1997.0,1501,54.66906413620319,48.7747451495568,42.88076635081417,41.85521313590261,33.951178101069274,0.6368853429029824,0.8243822413487741,0.08935104011519307,-0.41559848375192676,-0.9910627152437266
fg:18882,Brandon Lowe,Brandon Lowe,2023,436,2.9,116,0.771,29.0,1994.0,1008,43.04921647180152,49.38092575335721,42.37806643660085,48.540005801182936,44.55046795639409,-0.9105479435615711,0.9036071244423228,0.023475956710170644,0.6675075861642081,0.458467641216193,Brandon Lowe,2024,425,2.2,123,0.783,30.0,1994.0,1506,44.5899877145017,51.00800890045885,36.01563411885518,42.67901572755658,44.83628394848918,-0.7094193171724378,1.1051777012087485,-0.8321369895219471,-0.28146074917665725,0.5278277262724559
fg:18900,Leody Taveras,Leody Taveras,2023,554,2.5,101,0.733,25.0,1998.0,1029,54.29250483912221,43.95686469512242,38.69494676715152,46.66903906966324,47.25651003913844,0.5894405383325171,0.216750212281338,-0.4657707697303635,0.3643431375795414,0.8152816642357372,Leody Taveras,2024,529,1.2,84,0.641,26.0,1998.0,1590,49.18336718144627,38.73604722311581,42.06908651167354,45.98254409762539,48.43983132363223,-0.09586228842254929,-0.4378156515386223,-0.019598537313770696,0.2564445890142342,1.0306610234748763
fg:19238,Lourdes Gurriel Jr.,Lourdes Gurriel Jr.,2023,592,2.0,105,0.772,30.0,1993.0,1058,58.33970182801572,46.41138835343507,37.96461543562909,46.53229250501663,39.73518015498379,1.129384784976738,0.5275701906470268,-0.5627842379942735,0.3421852359084277,-0.17646786971852899,Lourdes Gurriel Jr.,2024,553,2.1,108,0.757,31.0,1993.0,1511,58.378999023497165,43.00930208587886,35.761592396222085,45.79426518342335,43.04790484322653,1.1324369607661082,0.09947447543530084,-0.8662363190796529,0.22578759997921802,0.2782801364863119
fg:19251,Pete Alonso,Pete Alonso,2023,658,2.8,120,0.821,29.0,1994.0,1010,48.45377283715055,55.25494846370651,46.5254027301156,41.40871647447701,38.124214154512345,-0.18951580128069195,1.6474433492703386,0.5743868385587326,-0.48801985321066144,-0.3888870568558433,Pete Alonso,2024,695,2.1,121,0.788,30.0,1994.0,1510,50.49821162811532,54.05138732948933,48.20549225599348,34.489539872274285,32.25346430252027,0.07976701844662089,1.4878314944126942,0.8040745176732331,-1.614932808764269,-1.227959011631825
fg:19252,Cavan Biggio,Cavan Biggio,2023,338,0.9,102,0.71,28.0,1995.0,1153,49.42407234549108,38.88001545450412,53.38250491710939,42.782585184940885,41.764784988416125,-0.06006629870201449,-0.42613875144518026,1.4852491235076561,-0.2654033079676583,0.09115230898263146,Cavan Biggio,2024,224,0.1,84,0.617,29.0,1995.0,1721,43.89012292638036,28.75202593251514,51.72736223615056,42.65334225032766,42.10674111190377,-0.8029032026246529,-1.6931388745182765,1.2768055473167905,-0.2856410978536904,0.14695163904715428
fg:19260,Jake Fraley,Jake Fraley,2023,380,1.1,107,0.783,28.0,1995.0,1131,52.84354971362802,40.02126704088566,41.63201541989362,41.77443908309076,44.9224216843474,0.3961326796334685,-0.2816203671193303,-0.07562563390858214,-0.42875953013411144,0.5075128156776119,Jake Fraley,2024,382,1.0,96,0.716,29.0,1995.0,1603,54.789950148253055,32.73298740387907,34.756136242048505,44.91618533725276,45.51637268201331,0.6530325963368633,-1.1925997391004535,-1.0011959642970858,0.08281203455274146,0.6227262317360012
fg:19262,Garrett Hampson,Garrett Hampson,2023,252,0.6,100,0.729,29.0,1994.0,1188,50.24758503346597,33.88145704545034,45.2190493069462,39.87103102370934,45.365379676257845,0.0498000950343877,-1.059113630827592,0.40085755001525847,-0.73718065009987,0.5659204894274354,Garrett Hampson,2024,231,0.5,60,0.576,30.0,1994.0,1667,48.21138195196485,32.229637933375535,40.97048602397538,51.66263144046999,43.7192754588296,-0.2256944465712622,-1.25588749272258,-0.16706069311240695,1.1813191355110095,0.3719621295737784
fg:19287,Adolis Garcia,Adolis Garcia,2023,632,4.7,128,0.836,30.0,1993.0,955,44.96739693464963,57.84182183452548,42.62792911131649,51.9213111598732,46.958288962777104,-0.6546398403033348,1.9750229684073037,0.05666643289216823,1.2154016546659396,0.7759587495315464,Adolis Garcia,2024,637,-0.1,94,0.684,31.0,1993.0,1744,40.190211997752535,50.87928970010036,35.59995003717394,31.634901282202264,35.83741355044143,-1.2971158781383005,1.0889934206718566,-0.8879331333451911,-2.079746536449458,-0.7278604060829535
fg:19290,Randy Arozarena,Randy Arozarena,2023,654,3.1,125,0.789,28.0,1995.0,1001,48.26401090379032,49.92950797984929,49.72473481160539,37.71182849932139,43.915651292045,-0.21483230167123832,0.9730749069966316,0.9993697031255755,-1.08704974806988,0.37476181515729906,Randy Arozarena,2024,648,2.0,114,0.72,29.0,1995.0,1523,44.46144122021978,45.81261869581455,51.31888353466152,36.41240742167087,38.24938978565921,-0.7265898134607169,0.4519445212604086,1.2219765620815766,-1.3018370506573342,-0.39129705978303353
fg:19293,Nick Senzel,Nick Senzel,2023,330,-0.4,83,0.696,28.0,1995.0,1324,51.71051726006067,39.24569053306392,40.90391883685085,34.64959016036583,45.66838397712301,0.24497266537082338,-0.37983277284036865,-0.17234224964631442,-1.5832433905459413,0.605874111831665,Nick Senzel,2024,267,-0.5,73,0.614,29.0,1995.0,1802,47.77326560243921,33.9608081875663,47.03408348368201,40.24243206343498,36.56516068557567,-0.28421549139156055,-1.0382218688458391,0.6468395038344782,-0.6782036292302134,-0.6263117226902071
fg:19296,Alex Call,Alex Call,2023,439,0.6,73,0.614,29.0,1994.0,1192,51.101675161985085,33.02619430358145,55.57688435766154,51.59447028310217,36.91073410808407,0.16374588326141468,-1.1674168227827324,1.7767392335803132,1.1624415819335212,-0.5488944344132901,Alex Call,2024,113,1.2,167,0.95,30.0,1994.0,1586,57.89167831348706,40.62139225142953,50.72307722827988,43.618292385096495,41.84909591455903,1.0673434824167192,-0.20076513567087625,1.1420031018826404,-0.1285206586036517,0.11100023599835074
fg:19318,Matt Thaiss,Matt Thaiss,2023,307,0.5,85,0.659,28.0,1995.0,1209,42.87026974455079,41.19602754053515,48.518169625155984,44.056978961605616,36.35617534144545,-0.9344215667383025,-0.13285869931086766,0.8390957721414808,-0.058905308792397644,-0.6220175930614392,Matt Thaiss,2024,186,-0.1,84,0.622,29.0,1995.0,1747,36.78664263626104,37.46681291859805,51.57122722986462,40.150287234730925,37.1345986541819,-1.7517449632397677,-0.5974005774405297,1.2558479700351712,-0.693207343348632,-0.546853249830487
fg:19326,Bryan Reynolds,Bryan Reynolds,2023,640,2.1,110,0.79,28.0,1995.0,1054,52.490175473049405,50.00817967188771,42.832528529229855,38.930182729075504,47.55940213980436,0.34898835020342023,0.9830372202685205,0.08384437019245651,-0.8896321873930061,0.8552204921159904,Bryan Reynolds,2024,692,2.2,118,0.791,29.0,1995.0,1505,52.23839558205242,48.37646165819532,40.00151186264273,30.4734673930668,45.28242157519447,0.31221071353852553,0.7743047724128675,-0.2971234596442813,-2.2688599385265102,0.5900810645772915
fg:19339,Nicky Lopez,Nicky Lopez,2023,262,1.2,78,0.632,28.0,1995.0,1130,52.869971223633314,29.83705523170861,46.58145905670872,53.6823497477857,44.6521477031032,0.39965762352776374,-1.5712622426334073,0.5818330734745977,1.5007537581783126,0.47187495654001593,Nicky Lopez,2024,445,0.9,77,0.606,29.0,1995.0,1618,54.81894366495086,25.79963321773444,44.509852716493576,49.53273105649516,39.24928511527265,0.6569053823947386,-2.0643527401887476,0.3080188726487374,0.8345127339873486,-0.25177324807600204
fg:19352,Sean Murphy,Sean Murphy,2023,438,5.0,130,0.844,29.0,1994.0,948,52.50540734165119,54.06862081675416,48.040986481281934,61.95557574027672,33.64712533556588,0.3510204627592819,1.497216916409703,0.7757092107463993,2.841316342095894,-0.979228235616819,Sean Murphy,2024,264,0.8,78,0.636,30.0,1994.0,1627,43.47211549458798,44.18760404874661,45.59589291334802,48.63132197314269,37.44698745378943,-0.8587382146656898,0.24762618451297702,0.45379509476537344,0.6877385266815547,-0.5032630111675288
fg:19354,Luke Raley,Luke Raley,2023,406,2.4,129,0.824,29.0,1994.0,1032,38.252953815058895,52.82880643032607,36.115487454351616,42.63377530949098,49.609466398605015,-1.5504264654149702,1.3402173782459672,-0.8084129149861509,-0.28951590338408245,1.1255384152169472,Luke Raley,2024,455,2.3,129,0.783,30.0,1994.0,1500,40.56788665539376,52.82219979082706,36.05652783709901,39.21745723732033,43.88559280520488,-1.2466682844996633,1.3332817776434986,-0.8266479369333286,-0.8450977402279244,0.3951697888477235
fg:19363,Austin Hays,Austin Hays,2023,566,2.7,111,0.769,28.0,1995.0,1018,49.87552507230674,44.05662532840681,39.440832943882015,50.75738637603445,35.2417680113463,0.00016286808796270736,0.22938304952215627,-0.3666910756086679,1.0268036377466911,-0.7689614138064146,Austin Hays,2024,255,0.2,97,0.699,29.0,1995.0,1697,46.98912408535363,40.933211224685145,30.982769530778647,41.09952691247069,38.631166827793,-0.38895657424890334,-0.16155912968389471,-1.5076847162077291,-0.5386449988853442,-0.33802449558240294
fg:19392,Zach McKinstry,Zach McKinstry,2023,518,1.1,81,0.654,28.0,1995.0,1140,52.97388888112913,35.60714809067901,43.154242198872055,49.52187433121244,44.97089107993043,0.41352147582939075,-0.8405868093291309,0.1265791640220447,0.8266058889155619,0.5139039062454898,Zach McKinstry,2024,325,1.0,74,0.614,29.0,1995.0,1609,51.38504270413575,35.425306641097976,42.062144669742175,48.13167129869982,56.30463560191068,0.19822477790712978,-0.854085751220884,-0.0205303218777456,0.6063816455212151,2.1281033644241125
fg:19452,Jake Rogers,Jake Rogers,2023,365,2.5,97,0.73,28.0,1995.0,1030,41.19334107829663,49.405984061033486,42.83257060201993,56.43973532802388,38.411440278858926,-1.1581438090362355,0.9067802951809479,0.0838499589261016,1.9475502002984912,-0.3510139174845301,Jake Rogers,2024,337,2.1,70,0.607,29.0,1995.0,1518,40.15646513179034,41.6222337949154,39.69095086832635,65.22609741846186,41.826597692643865,-1.301623589064077,-0.07492609792328901,-0.3388092173347916,3.3898246897649296,0.1078608697214346
fg:19455,Andruw Monasterio,Andruw Monasterio,2023,315,0.6,89,0.678,26.0,1997.0,1190,53.91297909759329,34.194662169666955,47.46832091112835,44.38971939313888,39.01162485269099,0.5388072874296632,-1.0194520005135643,0.6996392535666665,-0.004989294280653152,-0.2718746189093563,Andruw Monasterio,2024,142,-0.2,69,0.575,27.0,1997.0,1765,46.68966557926598,36.60490496362032,48.95057938761523,41.6656489383887,42.4881292552156,-0.42895650731588286,-0.7057710466594863,0.9040855370720825,-0.44646475228361815,0.2001699369216983
fg:19470,Tommy Edman,Tommy Edman,2023,528,2.4,92,0.705,28.0,1995.0,1035,59.273646087755104,40.79071370428411,42.46635913160178,52.12616058223373,50.283107440760816,1.253984064704544,-0.1841841927067905,0.03520430546737416,1.2485946885807517,1.214363556501861,Tommy Edman,2024,153,0.8,97,0.711,29.0,1995.0,1622,50.19822878268257,39.25772652518248,43.39170541403204,46.18078603202729,49.36797685118341,0.03969704716639331,-0.37222322902960503,0.15793300106235006,0.28872383193953377,1.1601729813643473
fg:19522,TJ Friedl,TJ Friedl,2023,556,4.1,117,0.819,28.0,1995.0,970,59.267584086769205,37.79250555682,48.54053463195029,49.64011718107474,58.64496810433558,1.2531753216252053,-0.5638517458691251,0.8420666249355657,0.845765517878322,2.3169440234963425,TJ Friedl,2024,341,0.3,90,0.69,29.0,1995.0,1685,55.22022048577522,37.47248657493081,47.51364560877812,36.973254907483074,46.53509181539802,0.7105056163103072,-0.5966872103165608,0.7112098237077361,-1.2105156443504645,0.7648766872278457
fg:19556,Yordan Alvarez,Yordan Alvarez,2023,496,4.3,170,0.99,26.0,1997.0,962,60.47418517265548,62.44911211867538,53.29403085874531,39.48412534753957,28.96224325463388,1.4141502670273767,2.5584509836941334,1.4734966833714915,-0.7998733981825756,-1.5969686740708373,Yordan Alvarez,2024,635,5.2,167,0.959,27.0,1997.0,1408,64.58941497290681,60.20873625373447,48.86750116809288,34.9501508525062,33.77371646728648,1.9619883585206108,2.2620148491567913,0.8929341735984082,-1.5399326642699978,-1.0158254307438637
fg:19566,Nathaniel Lowe,Nathaniel Lowe,2023,724,2.8,118,0.775,28.0,1995.0,1012,56.45160164959843,43.04631465047936,52.08597825861291,44.14920844092614,27.050939874198367,0.877489749666618,0.10144590701691406,1.313025171982583,-0.043960789058075045,-1.8489898280406287,Nathaniel Lowe,2024,565,2.9,123,0.762,29.0,1995.0,1471,56.07166427395947,43.249933576028674,53.33459319739366,47.18078660421313,36.5433915238261,0.8242365467908611,0.12972984939465373,1.4925397883490406,0.4515514470574584,-0.629349357065538
fg:19599,Chas McCormick,Chas McCormick,2023,457,3.3,132,0.842,28.0,1995.0,994,48.92650354371858,46.987081840326816,41.14696014488028,45.56731758877618,42.35943456988646,-0.12644789874866105,0.6004711123940875,-0.14005788882862646,0.18582431112466616,0.1695617730498478,Chas McCormick,2024,267,-0.2,65,0.576,29.0,1995.0,1764,41.80398689649155,36.41497458009135,36.03764581298983,46.6892276066465,42.51055689387383,-1.0815571725998512,-0.7296516068319506,-0.8291824196794776,0.37151211359129876,0.20329945412265854
fg:19600,Bryan De La Cruz,Bryan De La Cruz,2023,626,-0.3,91,0.715,27.0,1996.0,1305,50.482437962093606,43.83138721624738,36.67909482689999,33.984373498578165,33.877307266640045,0.08113227085089228,0.20086081266718545,-0.7335462023174663,-1.691032609382764,-0.9488768447878616,Bryan De La Cruz,2024,622,-1.1,78,0.654,28.0,1996.0,1837,45.12666654031138,44.18379233706709,31.75147645955971,37.55578661373025,33.976730066136845,-0.6377328675493676,0.24714692570018723,-1.4045032756706766,-1.1156634501647442,-0.9874972344806444
fg:19610,Keibert Ruiz,Keibert Ruiz,2023,562,-0.5,93,0.717,25.0,1998.0,1338,63.26387997049507,38.42247744916462,37.01416332397719,24.937348600408672,23.70795442593152,1.7863287550328764,-0.484077468979835,-0.6890374217073373,-3.156978672655367,-2.289790100253017,Keibert Ruiz,2024,485,-0.3,70,0.619,26.0,1998.0,1774,60.55926883850482,33.317983203467605,31.733794480808545,39.2237907341613,36.91214823165536,1.4236647766249606,-1.1190463289869963,-1.4068766795919654,-0.8440664726320296,-0.5778936297057904
fg:19611,Vladimir Guerrero Jr.,Vladimir Guerrero Jr.,2023,682,1.2,117,0.788,24.0,1999.0,1120,58.82474083066818,51.58645108417677,44.917961178157576,30.116687529918977,27.42406756873548,1.1940947606954762,1.1828960745767747,0.3608625472457821,-2.3177379720349447,-1.7997898563784094,Vladimir Guerrero Jr.,2024,697,5.3,164,0.94,25.0,1999.0,1406,66.74017363310483,60.32449130669044,49.68791441573116,33.56831791181046,23.468702266379484,2.2492742452202723,2.276569105595494,1.0030560126993393,-1.7649330977528113,-2.4537708020473668
fg:19612,Bo Bichette,Bo Bichette,2023,601,3.9,124,0.814,25.0,1998.0,976,62.221542709498905,48.52479575418708,29.45309323517512,44.391329494134126,37.62514885320152,1.6472685588817513,0.7951941104063501,-1.6934111921330306,-0.004728399539894093,-0.4546929432630423,Bo Bichette,2024,336,0.3,70,0.598,26.0,1998.0,1691,52.27297852301946,38.59526549098306,32.83198225696307,46.506696129273664,41.22306454213289,0.3168301025217059,-0.45551659313055587,-1.2594699209414535,0.34179096545274895,0.02364480914297407
fg:19627,Brent Rooker,Brent Rooker,2023,526,2.1,126,0.817,29.0,1994.0,1052,39.94085413948625,54.96840183309798,42.35733374308504,37.66168850717301,39.52930715831402,-1.3252404733358871,1.6111575236174167,0.020721932039987068,-1.0951742447889408,-0.2036139265523277,Brent Rooker,2024,614,5.1,164,0.927,30.0,1994.0,1409,48.31423669847104,60.37319227916265,41.019256812187336,36.68473948770074,42.535415187263645,-0.21195570516892426,2.2826924360599046,-0.16051432284380993,-1.2574938951980792,0.20676814103773708
fg:19698,Edward Olivares,Edward Olivares,2023,385,0.5,106,0.769,27.0,1996.0,1199,55.84057785991145,42.34590744051779,37.40946902423743,37.13750786379892,42.96086109767249,0.7959719039305168,0.012752301188284952,-0.6365270399785458,-1.1801105149160873,0.24886483352271896,Edward Olivares,2024,196,-0.9,74,0.624,28.0,1996.0,1830,53.34614071581162,38.42887633868286,41.07164999693013,35.990836135649914,39.62569424853601,0.46017689350961866,-0.4764372383149744,-0.1534817281400555,-1.370480458485537,-0.19924971338307834
fg:19709,Fernando Tatis Jr.,Fernando Tatis Jr.,2023,635,4.0,111,0.77,24.0,1999.0,973,49.65689914386853,50.97756280787283,37.43255523695418,56.33194568796963,52.18244640538944,-0.029004432775180715,1.105791647317754,-0.6334603858887351,1.9300843703402837,1.4648071033219496,Fernando Tatis Jr.,2024,438,3.3,135,0.833,25.0,1999.0,1449,54.73215441151409,58.7437809655538,39.38138469773638,46.69157184669353,44.02170170377728,0.6453125765206995,2.0778212922368615,-0.38036144254194737,0.3718938203890134,0.4141622091277633
fg:19734,Josh Rojas,Josh Rojas,2023,350,1.0,78,0.641,29.0,1994.0,1148,50.61056605368268,31.57870488380548,43.68116943856479,49.70393058502168,51.01926266575707,0.09822608320469609,-1.3507145590321425,0.1965734759718815,0.8561056030834556,1.3114317096812755,Josh Rojas,2024,476,1.9,92,0.641,30.0,1994.0,1535,48.78635009411225,36.83258560490883,48.26238225474963,53.56803035280224,37.68760763650775,-0.14889353180676507,-0.6771440247298116,0.8117107074928296,1.4915705187329094,-0.4696872517133056
fg:19755,Shohei Ohtani,Shohei Ohtani,2023,599,6.6,180,1.066,29.0,1994.0,935,54.05204666156171,70.01554424556431,49.81424719044239,38.50828742125494,49.00317966973816,0.5573605555966529,3.516599527921978,1.011260068427894,-0.9579945244678023,1.0455944970458935,Shohei Ohtani,2024,731,9.0,180,1.036,30.0,1994.0,1395,58.75965290589899,74.24800440387313,47.64311324937849,37.41636028539146,72.23253071238679,1.1832825019954567,4.02721734918545,0.7285879130157928,-1.1383658937027807,4.350656638217853
fg:19779,Dairon Blanco,Dairon Blanco,2023,138,1.2,109,0.775,30.0,1993.0,1121,48.49974461728796,39.36153590186558,40.181977135736815,49.44277741447169,53.4264143499851,-0.18338261867028183,-0.36516310163848287,-0.2682412824365687,0.8137893204835951,1.6288345623363274,Dairon Blanco,2024,132,0.5,96,0.699,31.0,1993.0,1654,43.950061897207775,40.70971996839889,38.43744510188019,42.830013127582944,57.0009944624537,-0.7948969020105086,-0.18965940671486953,-0.5070638874318962,-0.2568742167094231,2.2252721776602824
fg:19858,Luis Rengifo,Luis Rengifo,2023,445,1.7,115,0.783,26.0,1997.0,1081,52.72572295460549,42.76884535429001,42.90621504060554,37.95582385480348,39.84831298458575,0.38041318764690574,0.06630955771074988,0.09363250843092065,-1.047513653624276,-0.16155037071758102,Luis Rengifo,2024,304,1.5,118,0.763,27.0,1997.0,1560,57.580676088456826,37.8972777518097,33.44079284776434,39.82320501746105,48.68157140215232,1.0258016062235285,-0.5432768445198701,-1.177750931010272,-0.7464653302607027,1.0643930514167614
fg:19864,Riley Adams,Riley Adams,2023,158,0.4,116,0.807,27.0,1996.0,1215,47.08227913967565,43.37337467552095,36.28499148427754,38.31484185815737,39.014939081246446,-0.3724893835630909,0.14286200401130678,-0.7858968690244578,-0.989339719697431,-0.27143761047123244,Riley Adams,2024,130,-0.3,75,0.629,28.0,1996.0,1772,46.46611471099345,41.200394866532505,39.71647631316266,40.30362887480431,39.829377822155145,-0.4588171377076901,-0.12796526798740276,-0.33538300629135004,-0.6682391040836844,-0.17082802990102966
fg:19890,Emmanuel Rivera,Emmanuel Rivera,2023,283,0.3,82,0.672,27.0,1996.0,1239,53.01422100955009,39.89970012966844,42.72442700705351,45.84294922162235,38.10424897600217,0.4189022617796613,-0.2970145657397241,0.06948471843128402,0.2304866295809797,-0.39151963072080503,Emmanuel Rivera,2024,302,0.3,86,0.656,28.0,1996.0,1688,48.54475775691907,40.58078246456706,42.40256417120001,43.94596066237813,38.64603886961398,-0.1811640371381242,-0.20587113525209835,0.025163262025579638,-0.07516724499215258,-0.3359492744054708
fg:19892,Pavin Smith,Pavin Smith,2023,228,-0.7,81,0.642,27.0,1996.0,1359,50.401550982863455,41.6128985276489,55.96971977414866,38.23842429418835,37.12988709885956,0.0703409851329982,-0.08006970672684278,1.8289214754825867,-1.0017221358315944,-0.5199973005534707,Pavin Smith,2024,158,0.9,142,0.896,28.0,1996.0,1610,57.30081359086968,52.95936228929142,53.28568881694798,43.11512535058309,36.05506626500164,0.9884191944907761,1.3505276613042563,1.4859754863582175,-0.21045009996056135,-0.697489490783686
fg:19896,Connor Wong,Connor Wong,2023,403,0.3,79,0.673,27.0,1996.0,1238,39.56774544306385,42.85267757673464,32.65549951155812,38.99453698224122,43.21569438455132,-1.3750176140481007,0.07692535661671822,-1.2680199672838923,-0.8792044650041553,0.2824667094397087,Connor Wong,2024,487,1.1,112,0.758,28.0,1996.0,1593,49.5615209277771,39.75857680048382,36.43041722054422,28.08870358012644,39.41895225280057,-0.04535070089117591,-0.3092497072870741,-0.7764617817928241,-2.657165120624391,-0.22809816424650864
fg:19901,Gavin Sheets,Gavin Sheets,2023,344,-1.5,62,0.599,27.0,1996.0,1390,49.03235760198223,36.505710249433314,42.04777589408497,37.41313949664509,36.523556157163625,-0.11232570753823927,-0.7268005478692452,-0.020398144921808234,-1.135448196459775,-0.5999470485516044,Gavin Sheets,2024,501,-0.8,88,0.66,28.0,1996.0,1824,52.34736425225076,37.854192520937815,42.725990057941225,34.595636977972134,30.748034879797743,0.3267661174616844,-0.5486940896665566,0.06857583923995325,-1.5976572799573867,-1.43802425055575
fg:19913,Jesus Sanchez,Jesus Sanchez,2023,402,1.4,108,0.777,26.0,1997.0,1103,48.52789583774977,51.09765903767365,41.318253406892495,44.034185793054334,39.856051297844544,-0.1796269108146773,1.1209996113649017,-0.11730417045343018,-0.06259862853931474,-0.16053001013159393,Jesus Sanchez,2024,537,1.6,101,0.731,27.0,1997.0,1554,47.493749100136434,53.50375511845808,35.329945733099784,44.96225775160479,43.06067407906458,-0.3215516870778993,1.41897592888957,-0.924175076799184,0.09031389161195018,0.2800619354446084
fg:19918,Daulton Varsho,Daulton Varsho,2023,581,1.9,84,0.674,27.0,1996.0,1072,48.48876141467971,41.28407795733058,39.94541103887829,55.6257087907863,46.333223179595,-0.18484790861646616,-0.12170874418586385,-0.2996655094131937,1.8156483860452435,0.6935386577778816,Daulton Varsho,2024,513,3.2,99,0.7,28.0,1996.0,1457,43.284449373219374,40.81015783606211,44.3416351440083,59.77520002735388,50.0406390727696,-0.883805568376079,-0.17703102942335755,0.2854394853649521,2.5022685751653415,1.2540352031064064
fg:19921,Blake Perkins,Blake Perkins,2023,168,1.1,89,0.675,27.0,1996.0,1138,47.169045433615125,35.717429480239176,53.737953604714974,52.66481968790399,45.22646890550078,-0.3609137272894214,-0.8266217130868758,1.532465104099082,1.33587699456435,0.5476039557450373,Blake Perkins,2024,434,1.6,84,0.647,28.0,1996.0,1557,48.08636218561231,35.359855487768826,48.83335691998776,50.89357900005604,48.75474990936441,-0.24239386296615809,-0.8623151359901488,0.888351084031195,1.0560962323885592,1.0746042644896425
fg:19950,Andres Gimenez,Andres Gimenez,2023,616,3.8,96,0.712,25.0,1998.0,982,51.73085781386717,34.900574417854415,31.238489471881785,60.24467714451261,52.72411391306645,0.24768633733478151,-0.9300612835136988,-1.456248313214523,2.5640887353025827,1.5362304428870133,Andres Gimenez,2024,633,2.7,83,0.638,26.0,1998.0,1485,55.51597827427989,32.9172188025053,29.84512168346604,60.23170858750351,49.22775903424041,0.7500112289535551,-1.1694357306948167,-1.6603880928973702,2.576600732763615,1.1406072091182768
fg:19953,Josh Lowe,Josh Lowe,2023,501,3.4,130,0.835,25.0,1998.0,990,51.29790375508362,48.40714404715426,33.54055900340368,42.48148103077171,57.261807041931526,0.1899251130249773,0.7802956999099664,-1.150453203791979,-0.31419309846869226,2.134562801006314,Josh Lowe,2024,387,1.0,98,0.693,26.0,1998.0,1605,43.77371609525653,44.809559287540665,37.54736907496477,41.64935242134788,52.281565923965786,-0.8184521530095497,0.32582662421426944,-0.6265363719459348,-0.4491182737697963,1.566730589088861
fg:19956,Mickey Moniak,Mickey Moniak,2023,323,1.8,115,0.802,25.0,1998.0,1076,38.9652451960588,47.14450615403655,22.94859446514884,46.19177821644704,41.743586136628856,-1.455398317746202,0.6204059871775432,-2.557435447648908,0.2870095746899363,0.08835706509568528,Mickey Moniak,2024,418,0.1,80,0.646,26.0,1998.0,1716,42.53255691629001,42.78131009353705,29.486455552788662,42.69589830460915,37.89440956322974,-0.984239008533354,0.07080830633272574,-1.7085308722187762,-0.27871180099105186,-0.4408304381748668
fg:19997,Santiago Espinal,Santiago Espinal,2023,254,-0.1,79,0.644,29.0,1994.0,1288,57.91630664918901,31.298316428153534,44.84973540410942,41.82109467196979,39.36127691804769,1.072898829019629,-1.3862205658390345,0.3517997853461874,-0.4211996330832353,-0.22577010305848313,Santiago Espinal,2024,391,0.0,76,0.65,30.0,1994.0,1732,60.31613885663428,31.84548636772225,41.68680120130847,42.06037462715723,41.67125822347474,1.3911888816221623,-1.3041881090246064,-0.07091165489184381,-0.3821925465313041,0.08618504605756899
fg:20017,Miles Mastrobuoni,Miles Mastrobuoni,2023,149,0.1,72,0.609,28.0,1995.0,1268,53.68568644278045,32.266787998270814,47.180279930205096,44.227236105890405,50.67679160787559,0.5084837421197924,-1.2635815717302663,0.6613773670017661,-0.03131747818315252,1.266274069040846,Miles Mastrobuoni,2024,106,-0.4,35,0.47,29.0,1995.0,1795,54.66161278421774,32.30521820017572,44.53386119411255,44.5808982798183,43.19594956878955,0.6358900344558436,-1.2463845418221653,0.3112414653080176,0.028218073848672406,0.29893806317315746
fg:20036,Isaac Paredes,Isaac Paredes,2023,571,4.2,136,0.84,24.0,1999.0,965,55.0896224604449,42.15740165638677,46.52339101255398,44.53691916759354,33.741051443000785,0.6957855160326472,-0.01111846638284143,0.5741196123157978,0.018862406395010755,-0.9668433017408369,Isaac Paredes,2024,641,3.3,116,0.739,25.0,1999.0,1451,55.47946437790784,35.42598031004621,52.772276035567806,44.62579857414681,32.34942303335673,0.7451339141296138,-0.8540010486495754,1.417061484949458,0.0355290775090244,-1.214569082209865
fg:20043,Luis Robert Jr.,Luis Robert Jr.,2023,595,4.9,129,0.857,26.0,1997.0,950,44.02351834799614,55.04078986267415,27.51554535084825,52.8085350590893,44.26904772237938,-0.7805644774763736,1.620324127373955,-1.950785115546829,1.3591640955718305,0.4213600564900709,Luis Robert Jr.,2024,425,0.6,84,0.657,27.0,1997.0,1646,37.44961502937835,45.59494126967003,33.68809122094119,41.83997557559695,45.81521834023016,-1.6631889502668542,0.42457523585885343,-1.1445567429114107,-0.41807957793706546,0.6644266818847495
fg:20123,Juan Soto,Juan Soto,2023,708,6.2,154,0.93,25.0,1998.0,939,61.256409791303554,59.197549848626124,68.53994951708594,40.629282215315165,34.05125402122487,1.5185083409193934,2.1467008214951813,3.498686322753216,-0.6143164641583435,-0.9259405269492049,Juan Soto,2024,713,8.3,181,0.989,26.0,1998.0,1396,63.79005722305922,66.42719566471308,70.63853246105948,43.713367513859325,28.6751386302668,1.8552147794087326,3.0438818226484097,3.8152004973163467,-0.11303981098809239,-1.7272729123327577
fg:20126,Dylan Carlson,Dylan Carlson,2023,255,0.1,84,0.651,25.0,1998.0,1263,51.300953041556326,37.98124095531527,46.76208657565773,42.14954564973608,41.97568340457405,0.19033192413197994,-0.5399519018898382,0.6058267066665636,-0.3679786656100544,0.11896100892769741,Dylan Carlson,2024,265,-1.1,67,0.563,26.0,1998.0,1839,41.29767580021583,30.979940794379417,42.68705543512641,36.25379124149168,40.18886034702231,-1.149187276772514,-1.4130159477419981,0.06334975070297388,-1.327664130217137,-0.1206664073530719
fg:20178,Miguel Vargas,Miguel Vargas,2023,304,0.0,84,0.672,24.0,1999.0,1276,48.82148791416469,37.01389142490746,51.77026834965504,39.59110993709619,41.67173658286212,-0.14045823359051562,-0.6624488104428032,1.2710878869294553,-0.7825380155947482,0.07888310735676148,Miguel Vargas,2024,237,-1.0,46,0.506,25.0,1999.0,1836,44.59510265458479,34.148385279484955,48.67872653989348,41.44759412687544,41.76945736693086,-0.7087360930969617,-1.0146371956234217,0.8675954686314234,-0.4819700768916672,0.09988759911045753
fg:20202,Brandon Marsh,Brandon Marsh,2023,472,3.5,124,0.829,26.0,1997.0,986,49.14181995730583,47.64803318043276,49.52099191864114,47.45437288358731,48.67081370437941,-0.09772212655532739,0.6841683627900073,0.9723055422064742,0.49159569030654726,1.0017692964066789,Brandon Marsh,2024,476,2.3,107,0.747,27.0,1997.0,1502,47.10539016844493,48.17944470024259,48.96026361566684,45.98840469774295,51.49198807995675,-0.37342642417111427,0.7495331943642811,0.9053854246670064,0.25739885600851786,1.4565541464424583
fg:20308,Jake Meyers,Jake Meyers,2023,341,1.1,87,0.678,27.0,1996.0,1136,44.93076811777137,36.34454400808567,41.15317924942691,47.916350224009705,44.21494082327609,-0.6595265604182867,-0.7472092685101334,-0.13923177487798055,0.5664527699693191,0.41422561447038875,Jake Meyers,2024,513,1.9,85,0.646,28.0,1996.0,1534,46.82614695864805,39.93958057507458,39.59846662555718,52.97564878964357,47.59366220633624,-0.4107261150271625,-0.2864915184694418,-0.3512231257290257,1.3951144967547253,0.9125879241240145
fg:20311,Corey Julks,Corey Julks,2023,323,0.4,79,0.65,27.0,1996.0,1228,50.52781884967157,37.17618321597014,40.75551392282934,47.766735298062166,44.748541340920106,0.0871866213612756,-0.6418975597688914,-0.19205559726707452,0.5422097271825138,0.48458525469918434,Corey Julks,2024,189,-0.6,66,0.581,28.0,1996.0,1812,46.38774617396059,33.01596013327713,41.37455352632046,41.69073635560586,40.184426497308586,-0.4692851530492008,-1.1570206644626877,-0.11282381114194594,-0.4423798303060145,-0.12128509972443696
fg:20321,Stuart Fairchild,Stuart Fairchild,2023,255,0.9,90,0.71,27.0,1996.0,1154,42.79125559033631,37.38861223624048,42.685968952291056,47.797302323649774,48.40012914133926,-0.9449629953093961,-0.6149973572546235,0.06437614768516622,0.547162693636179,0.9660772986644657,Stuart Fairchild,2024,233,0.3,79,0.654,28.0,1996.0,1689,41.57972966788178,40.066550413743954,40.83915549562701,44.9773821486221,47.67526297718791,-1.111512154514947,-0.2705271908242574,-0.1846888327767193,0.09277655969927158,0.9239743665348005
fg:20325,Alex Kirilloff,Alex Kirilloff,2023,319,0.5,118,0.793,26.0,1997.0,1198,51.19536283150929,43.10421717156638,41.11354635701346,37.00049709787346,37.02716971716032,0.17624493341388356,0.10877818930746624,-0.14449640503200153,-1.2023112267738638,-0.5335414366302353,Alex Kirilloff,2024,178,-0.3,82,0.653,27.0,1997.0,1771,43.68555112267767,44.0569928704926,41.294738194823935,40.77068651516554,41.58636461633429,-0.8302287194797443,0.23120401948841446,-0.12353720602940052,-0.5921892658957001,0.07433912648279392
fg:20437,Royce Lewis,Royce Lewis,2023,239,2.3,152,0.921,24.0,1999.0,1036,54.01263906640822,51.53072224105622,41.74661703825414,45.15548024050217,41.26200491747124,0.5521031133877354,1.1758390483572827,-0.06040254270881757,0.11909172818095604,0.02485659948429354,Royce Lewis,2024,325,1.1,106,0.747,25.0,1999.0,1594,48.2838630443333,46.55211817270995,39.40602926820533,45.28582360880414,36.021363406794414,-0.21601284199359533,0.5449241774238077,-0.3770534688692819,0.14299931832745189,-0.7021923342746262
fg:20454,Jazz Chisholm Jr.,Jazz Chisholm Jr.,2023,383,1.9,102,0.761,25.0,1998.0,1067,40.940302703142,49.771567080271154,41.92266864339637,45.711032959961486,52.78007625851966,-1.1919021398562775,0.953074616176994,-0.037016750437421156,0.20911141213214665,1.5436095408493475,Jazz Chisholm Jr.,2024,621,4.0,111,0.76,26.0,1998.0,1425,48.59393413950066,46.985463784548536,43.10165538520556,48.459925635993216,57.51528313213507,-0.17459534073527733,0.5994101199397187,0.11900037448958581,0.6598304858321438,2.29703520463574
fg:20503,William Contreras,William Contreras,2023,611,5.8,126,0.825,26.0,1997.0,941,54.134361278869775,49.16227204557725,48.75854546776999,63.37904359367021,38.6650978391135,0.5683423052253908,0.875918680498594,0.8710260662043591,3.0719697468742426,-0.3175670708442269,William Contreras,2024,679,5.5,132,0.831,27.0,1997.0,1403,54.25946079281943,54.8378783732229,49.22791280244065,49.48607258213138,37.83131136317877,0.5821729003231558,1.5867195519525694,0.9413112471305604,0.8269154502287115,-0.4496350611411208
fg:20529,Nolan Jones,Nolan Jones,2023,424,3.8,137,0.931,25.0,1998.0,979,49.22986338017349,54.67501128517962,49.62539817523609,50.0605334368827,47.94467338620726,-0.085976086082695,1.5740050425452357,0.9861743338405592,0.9138881948991603,0.9060216914984319,Nolan Jones,2024,297,-0.8,69,0.641,26.0,1998.0,1825,46.01260617853194,39.43366152309673,51.31277441653418,39.96025014049361,39.74278116324224,-0.5193941811878137,-0.35010235386434857,1.2211565517692073,-0.7241506124819332,-0.18291159062462356
fg:20538,Jose Miranda,Jose Miranda,2023,152,-0.7,55,0.566,25.0,1998.0,1363,50.481259746798976,37.45365109542925,37.80877502874145,40.29815188477716,37.21774486651808,0.08097508290788154,-0.6067613898653831,-0.5834852783512757,-0.6679715839293255,-0.5084125274519526,Jose Miranda,2024,429,1.0,114,0.763,26.0,1998.0,1601,57.48891472049514,41.9120236181009,33.130287502150125,38.53410296548111,31.64023287545614,1.0135446540849653,-0.038489888079625806,-1.2194292191268286,-0.9563666229256715,-1.3135283543705376
fg:20543,Elehuris Montero,Elehuris Montero,2023,307,-0.9,77,0.716,25.0,1998.0,1376,34.48772832422253,44.14972359741716,29.963838072667265,38.16442188171221,38.8040936832966,-2.0527523582920244,0.24117222167443114,-1.6255664674931727,-1.0137132098546164,-0.29923931952719207,Elehuris Montero,2024,247,-1.9,47,0.571,26.0,1998.0,1845,42.263364357398274,40.80794351994964,35.9070455005248,38.84371654568667,33.14589034220778,-1.0201961916452162,-0.17730944253547906,-0.8467125444516047,-0.9059530108986333,-1.1034312945437281
fg:20572,Kody Clemens,Kody Clemens,2023,148,0.0,72,0.644,27.0,1996.0,1278,46.099526402542566,41.05172898155816,38.560291567117325,46.81462874312265,38.46685219084161,-0.5036002950766769,-0.15113144026715528,-0.4836576758663174,0.3879339435144451,-0.3437073987264428,Kody Clemens,2024,120,0.1,90,0.706,28.0,1996.0,1709,47.87270066712381,43.928065147189706,35.79328722360846,43.81536219947488,39.61957507065233,-0.27093353128343617,0.2149935206886587,-0.8619820085942705,-0.09643226907720884,-0.20010357377981997
fg:2136,David Peralta,David Peralta,2023,422,-0.3,80,0.675,36.0,1987.0,1310,55.64554172240187,40.29393916401138,33.11632135960191,43.66068932740426,32.631458341112925,0.7699517619347112,-0.24709149096699223,-1.2068067565110228,-0.12311859832261161,-1.1131523266905963,David Peralta,2024,260,0.5,115,0.75,37.0,1987.0,1652,52.00487514534551,43.30962353947981,40.82188285303685,38.44781873689462,37.11785460195618,0.28101840592942334,0.13723486116476663,-0.18700729261831442,-0.9704160700498053,-0.5491896883763665
fg:21454,Lars Nootbaar,Lars Nootbaar,2023,503,3.1,118,0.784,26.0,1997.0,1002,58.8771816591092,43.56936124162892,60.92651071199688,47.02644697202187,46.55378721966604,1.2010909913419423,0.16768007412089425,2.487356160651242,0.4222561767656239,0.7226218501543198,Lars Nootbaar,2024,405,1.7,114,0.758,27.0,1997.0,1545,57.87722129026252,49.72156616456168,59.31248161976615,41.97702069862952,42.54777446537371,1.0654123969755853,0.9434291036846701,2.294935494301935,-0.39576486015829604,0.2084927351435328
fg:21479,Nico Hoerner,Nico Hoerner,2023,688,4.5,103,0.729,26.0,1997.0,959,66.31831177233924,33.47538876315768,43.97486828074195,56.27135248601319,63.85063940510345,2.193826310179999,-1.1105346608468998,0.23558692380699797,1.9202660746166704,3.003354826635299,Nico Hoerner,2024,641,3.8,102,0.708,27.0,1997.0,1434,67.03191232844904,32.74849142605584,43.62313291024099,53.194289661168575,55.75647172136913,2.288243010673876,-1.190650368348769,0.18899688450696503,1.4307152480622003,2.051613444141313
fg:21501,Trevor Larnach,Trevor Larnach,2023,212,0.1,97,0.727,26.0,1997.0,1257,38.94004149785924,48.20230541067912,49.23180568969418,40.40030617134803,41.85473035669154,-1.4587607910516418,0.7543566789752771,0.9338915267679977,-0.6514188855637798,0.10301234948642783,Trevor Larnach,2024,400,1.4,119,0.771,27.0,1997.0,1564,51.04785846299302,49.50261648152109,48.0887191261492,42.880774022029016,35.9450835688932,0.15318565962273667,0.9158998533170206,0.7884003780210012,-0.24860894605478742,-0.7128363021232269
fg:21523,Jonathan India,Jonathan India,2023,529,1.6,100,0.746,27.0,1996.0,1095,54.10820223816515,42.88913665216644,52.44591411959118,39.73321520728626,46.98260812172666,0.5648523778596222,0.08154222351819083,1.3608372056704543,-0.7595118093280268,0.7791654317175247,Jonathan India,2024,637,2.9,109,0.75,28.0,1996.0,1472,57.78096916936712,40.76168038533847,59.090213825045154,45.01993820290359,44.266442607078176,1.0525555960662671,-0.18312625577684355,2.2651010926780644,0.09970585656191011,0.4483129674099968
fg:21534,Cal Raleigh,Cal Raleigh,2023,569,4.3,114,0.762,27.0,1996.0,964,43.73777309091405,49.69057469168787,40.52411385803586,58.50294732188203,32.928210237698046,-0.8186862956114307,0.9428184296529875,-0.22279359504037588,2.2818653518689422,-1.0740231354875414,Cal Raleigh,2024,628,5.4,118,0.748,28.0,1996.0,1405,42.80120016573606,53.755113572197416,41.416761413966206,63.49209484327908,33.92293740104353,-0.9483551989961736,1.4505800386051917,-0.10715836116841723,3.1074813473924396,-0.9950033778272697
fg:21538,Nick Fortes,Nick Fortes,2023,323,0.6,52,0.562,27.0,1996.0,1196,51.98458644124298,34.38489909439317,41.28640209263352,56.159814241410736,41.765977801096255,0.2815367560162703,-0.9953620160363296,-0.12153513567655061,1.9021928348036141,0.09130959119705828,Nick Fortes,2024,335,0.6,58,0.577,28.0,1996.0,1651,57.76192354021028,30.06148708255289,36.38683061276788,54.67928940750338,34.01593908232284,1.0500115912174988,-1.5284960974861836,-0.782312293620027,1.6725140768547542,-0.9820260704202349
fg:21558,Matt Vierling,Matt Vierling,2023,530,1.7,99,0.717,27.0,1996.0,1085,57.866152391973415,40.95079436323241,44.29949215689464,46.08291932461631,39.58996924703669,1.0662076541886065,-0.16391294097834666,0.2787082945432045,0.2693704871746845,-0.19561512858095478,Matt Vierling,2024,567,2.3,107,0.735,28.0,1996.0,1503,56.464224507755,44.3159392870545,46.26657599076755,41.79859164133897,47.1073612322548,0.8766724694892225,0.2637621882619064,0.5438190603119107,-0.42481802140084723,0.8447302558949652
fg:21614,Kyle Isbel,Kyle Isbel,2023,313,1.2,76,0.662,26.0,1997.0,1128,54.1451722166054,39.51263690279692,39.605104921327495,51.93391531989528,51.30555842686801,0.5697846129873305,-0.3460289573488331,-0.3448700286636658,1.2174439855949684,1.349182172967433,Kyle Isbel,2024,426,1.5,82,0.654,27.0,1997.0,1563,53.44798216701025,38.3690361719494,40.062667230842905,49.16133460490852,55.43120530074943,0.4737802847928067,-0.4839611356285954,-0.2889147408839679,0.7740391701143531,2.0062262826244095
fg:21618,Alec Bohm,Alec Bohm,2023,611,1.4,104,0.765,27.0,1996.0,1106,62.233551816588346,42.63342607640709,39.69844530294579,39.78094004794177,31.21750395878295,1.6488707166956833,0.0491612133143464,-0.33247117110542357,-0.7517786547201052,-1.2995939030217418,Alec Bohm,2024,606,3.4,113,0.779,28.0,1996.0,1447,63.416387401115706,45.56581696253315,41.72477919885407,50.98220746868955,32.73582116973799,1.8053021285304311,0.4209133427160033,-0.06581397156318988,1.0705273863104054,-1.1606516978319927
fg:21622,Jake McCarthy,Jake McCarthy,2023,312,0.1,78,0.644,26.0,1997.0,1265,53.06408534693437,29.940732011171672,41.011042529092144,40.39521166708343,56.471700095521975,0.4255547578546616,-1.5581334979824448,-0.15811248779849674,-0.6522443799727234,2.0303806672687013,Jake McCarthy,2024,495,3.0,110,0.749,27.0,1997.0,1469,60.84592993162658,32.457229343869514,40.23948240660346,48.22323006739212,54.07268817061955,1.4619553053782872,-1.227271690068718,-0.26518132069388917,0.6212899329402054,1.8166609524830062
fg:21636,Jeremy Pena,Jeremy Pena,2023,634,2.7,96,0.705,26.0,1997.0,1020,51.2816808906684,37.695085271382034,35.245299253614576,49.05292818425134,41.16580362483486,0.18776078983311761,-0.5761882213843063,-0.9240042524409636,0.750619609916422,0.012171663627547668,Jeremy Pena,2024,650,2.7,99,0.701,27.0,1997.0,1482,55.04535144595694,39.85265340355777,30.74830548984218,43.91559870505517,49.6231370182185,0.6871476226449982,-0.29742115232506283,-1.539156186793177,-0.08011100726461154,1.1957776272169314
fg:21693,Miguel Amaya,Miguel Amaya,2023,156,0.7,95,0.688,24.0,1999.0,1176,47.208895753630834,39.388883758672094,41.45740283278252,46.7081850027848,37.6706326918266,-0.3555972203147273,-0.3617000018911403,-0.09882027440534083,0.3706861981103347,-0.4486955230655983,Miguel Amaya,2024,363,0.6,82,0.644,25.0,1999.0,1649,52.9022121839492,38.70747673484265,35.94419322280113,44.50680814819033,35.16983171146286,0.4008794910313547,-0.4414079112481375,-0.8417263067143959,0.01615416131471703,-0.8210137192769351
fg:21707,Oswaldo Cabrera,Oswaldo Cabrera,2023,330,-0.8,59,0.574,24.0,1999.0,1372,47.56233226292572,32.581483672892546,40.38211660829321,43.18503857518331,44.30449269581144,-0.308444583496828,-1.2237311908034254,-0.2416557814027696,-0.20019126647145652,0.4260337693073109,Oswaldo Cabrera,2024,326,1.0,89,0.661,25.0,1999.0,1608,55.31932131812392,36.89938863676418,40.17385749716891,47.80341696140643,41.66764373631742,0.7237429315985545,-0.6687446639098964,-0.27398997381908907,0.5529328052102865,0.08568068624047737
fg:21716,Enmanuel Valdez,Enmanuel Valdez,2023,149,0.3,104,0.764,25.0,1998.0,1234,50.294794424640166,41.4659875050918,39.974263581737496,41.29530392760046,42.77861362257504,0.056098389686720485,-0.09867326782849838,-0.295832885602341,-0.5063967979511409,0.224833997051496,Enmanuel Valdez,2024,223,-0.6,73,0.633,26.0,1998.0,1808,50.13704239900652,42.615755664402606,43.58073701329754,37.8507486936419,37.93679986068896,0.03152412436774612,0.04999261358623066,0.18330619855669972,-1.0676355056234175,-0.4349153631607741
fg:21837,Jonathan Aranda,Jonathan Aranda,2023,103,0.1,101,0.708,25.0,1998.0,1258,44.44353607104845,40.13049851294384,45.59100008165432,43.58320251165877,40.3781217560187,-0.7245291143168691,-0.26778822349056836,0.45026558321939775,-0.13567427201381818,-0.09169070357806915,Jonathan Aranda,2024,143,0.4,113,0.737,26.0,1998.0,1672,53.030731418348914,50.41809337565798,44.2134148777066,44.650299931352215,38.30314621667494,0.4180463461024314,1.0310057181646093,0.2682288277167468,0.03951857278719968,-0.3837959724822457
fg:21840,Freddy Fermin,Freddy Fermin,2023,235,1.9,109,0.781,28.0,1995.0,1065,53.82641397409632,44.42223887298013,35.53472659135261,51.53226698015048,37.53350621164498,0.5272584696872838,0.2756812359868179,-0.8855582093473101,1.1523623914691479,-0.4667767832825459,Freddy Fermin,2024,368,1.9,92,0.685,29.0,1995.0,1533,54.64420304934462,35.8533909194054,37.86881188289282,53.80707016145036,39.68762675766172,0.6335645428919646,-0.8002613331522139,-0.583389978007631,1.5304927784225624,-0.19060774908353476
fg:21853,Will Benson,Will Benson,2023,329,1.9,128,0.863,25.0,1998.0,1061,45.61041891587626,46.8407158543084,50.11773255792557,42.089216649058486,48.860073800140455,-0.5688530549845381,0.5819365700792698,1.0515735080902957,-0.3777541511470057,1.026724804894956,Will Benson,2024,388,-0.6,76,0.65,26.0,1998.0,1807,30.770628813381293,46.24997572715741,45.03481302124087,40.42027506071377,38.84034178105623,-2.555329250722912,0.5069348324985276,0.37848286671535425,-0.6492458946870905,-0.3088365536763148
fg:21865,Bo Naylor,Bo Naylor,2023,230,2.1,123,0.809,23.0,2000.0,1053,50.68469731086782,42.66025197046827,49.66934931839051,47.45088848031796,46.07165380699744,0.10811607519753971,0.05255821614359151,0.9920125782750205,0.4910310906383627,0.6590485732627946,Bo Naylor,2024,389,1.6,74,0.614,24.0,2000.0,1559,40.52373008214676,40.97243918198324,40.87677071482804,56.498990151260905,38.97688582232695,-1.2525664638415115,-0.1566268719940285,-0.17963984419867485,1.9688114396519496,-0.28978341427287546
fg:21897,Christopher Morel,Christopher Morel,2023,429,1.6,120,0.821,24.0,1999.0,1091,40.90892804930117,57.02954556508168,39.62066289998204,36.53342525318647,46.58182114824967,-1.1960878920888232,1.8721632173348517,-0.3428033865749214,-1.2779938008455796,0.726318355431437,Christopher Morel,2024,611,-1.0,81,0.634,25.0,1999.0,1832,39.88310360772732,43.6706584998516,45.44936782825985,31.45412798486469,35.04122294292519,-1.338137638400875,0.1826289520696929,0.434127431071767,-2.1091814044897235,-0.8389595832827814
fg:22184,Mark Vientos,Mark Vientos,2023,233,-0.8,68,0.62,24.0,1999.0,1371,39.804839234283975,49.746772815416506,32.220023045330954,41.98116280772538,35.84758938016868,-1.343386480491794,0.949934881573249,-1.3258664275308347,-0.39526279129187747,-0.6890788572049692,Mark Vientos,2024,454,2.9,132,0.837,25.0,1999.0,1470,44.343190723647375,57.0669883143616,37.38028907469496,41.11640948952327,32.13112445883471,-0.7423850299994948,1.8669927399034607,-0.6489630660048881,-0.5358960506997366,-1.2450301197859661
fg:22186,Brice Turang,Brice Turang,2023,448,-0.1,61,0.585,24.0,1999.0,1296,51.31110713629288,29.88164351956049,43.27316253104569,45.50511428582448,52.81024040835759,0.19168660122032768,-1.5656159614828677,0.14237593101437862,0.17574512066029158,1.5475869334121872,Brice Turang,2024,619,2.6,88,0.665,25.0,1999.0,1490,61.34308201952893,32.981679995970254,44.44116199553147,49.62135952512868,62.24384975607079,1.5283620022526192,-1.1613308167746392,0.29879870397972685,0.848943887909197,2.9568519071872177
fg:22197,MJ Melendez,MJ Melendez,2023,602,0.4,93,0.713,25.0,1998.0,1221,42.34041944852068,48.41567560157286,44.14577728416856,35.67408902678625,38.1689328483091,-1.0051099023219905,0.7813760633242007,0.2582895992425165,-1.4172374275956097,-0.3829905273304723,MJ Melendez,2024,451,-0.2,86,0.674,26.0,1998.0,1753,44.64396298847805,47.88390827124944,38.70859892410101,38.69096096562504,37.23788538657936,-0.7022096126476517,0.712374445223707,-0.4706676472832136,-0.9308258234641525,-0.5324407826691205
fg:22217,Luis Campusano,Luis Campusano,2023,174,1.0,133,0.847,25.0,1998.0,1141,62.51866510813823,42.30875111270922,34.1160324948348,42.52384716588377,35.321911240287115,1.6869082231073107,0.008047140182198419,-1.0740102567513592,-0.3073282484563785,-0.7583938664210662,Luis Campusano,2024,299,-0.5,83,0.642,26.0,1998.0,1797,54.51472844394556,38.8305221008995,40.17490954432368,32.561284619483544,37.56453724459524,0.6162700748953865,-0.42593702021181606,-0.27384876039056644,-1.9289058332638773,-0.48686029941075765
fg:22244,Jack Suwinski,Jack Suwinski,2023,534,2.6,112,0.793,25.0,1998.0,1023,42.53496381818007,52.19597197713363,55.15148394883552,41.943626975599074,48.25558121873855,-0.9791553680102489,1.260080611022646,1.7202312251191834,-0.4013449570819106,0.9470174599017331,Jack Suwinski,2024,277,-1.1,62,0.588,26.0,1998.0,1838,44.02202897805664,42.72315918299384,45.74566937088444,35.418853509614344,43.5952873877025,-0.7852839561149664,0.0634968046524329,0.47389918134054027,-1.4636149720815468,0.3546610303711812
fg:22263,Nolan Gorman,Nolan Gorman,2023,464,2.3,118,0.805,23.0,2000.0,1041,40.52158856856653,54.14387740555774,44.24822461331896,42.48309113176696,41.045055247592806,-1.2477635887981169,1.5067467700839932,0.2718981770020611,-0.31393220372793207,-0.0037500082974962117,Nolan Gorman,2024,402,0.3,87,0.671,24.0,2000.0,1687,32.95195320226546,48.254288339864566,38.29544115605633,40.15145935475444,40.97375736891545,-2.2639605709927153,0.7589435267519169,-0.5261246908973808,-0.6930164899497753,-0.011143119216137172
fg:22275,Jake Burger,Jake Burger,2023,540,2.3,121,0.828,27.0,1996.0,1040,44.5142616880262,60.07727298058292,31.544485126447885,36.928104786392566,37.07386169448094,-0.7150934752604313,2.2581014689962036,-1.415601419891104,-1.2140414060561269,-0.5273847133565117,Jake Burger,2024,579,1.4,107,0.76,28.0,1996.0,1566,46.97469947865308,53.801822478879664,31.73537991093314,37.52952707648957,36.31611969642425,-0.3908833296784875,1.4564529002079023,-1.4066638716179485,-1.1199392255412057,-0.6610625081460494
fg:22277,Nick Allen,Nick Allen,2023,329,-0.3,54,0.55,25.0,1998.0,1320,53.04890291587225,28.344210488701243,38.76891954976901,46.49797687488081,41.65548300558172,0.42352924085497967,-1.7603033908633088,-0.4559446046884021,0.33662485959991384,0.07673993880263642,Nick Allen,2024,105,-0.6,33,0.463,26.0,1998.0,1814,49.247296662913655,29.11556607966964,39.10352514898769,43.35240697919594,35.930668878618164,-0.08732295850632531,-1.647429798392996,-0.417657774126114,-0.1718141203691946,-0.7148477051893132
fg:22458,Taylor Walls,Taylor Walls,2023,349,0.7,84,0.638,27.0,1996.0,1180,44.312936763837016,32.4578638348557,52.1426806128357,40.75074526716797,57.001674085362254,-0.7419526162462411,-1.2393853545977136,1.3205572218953454,-0.594635045714063,2.100262119821298,Taylor Walls,2024,252,-0.2,60,0.529,28.0,1996.0,1766,43.350703588101965,28.107577828744844,50.35154736568416,43.15299292477053,50.17730254832168,-0.8749557140328761,-1.774167414734799,1.0921336588090014,-0.20428421669335092,1.2731050081804316
fg:22514,Triston Casas,Triston Casas,2023,502,1.8,131,0.856,23.0,2000.0,1075,50.68247991576708,52.5127318594426,52.59128130821485,34.30263546781524,31.49483618188368,0.10782024830043904,1.3001923856364115,1.380147037429635,-1.6394626307274736,-1.2630253563355909,Triston Casas,2024,243,0.6,120,0.8,24.0,2000.0,1640,42.413748496217536,52.28704430103563,48.18389834111972,42.02192099295803,32.410311416371506,-1.0001087492623135,1.2659949505538286,0.8011760252047945,-0.388453856497944,-1.2060728136152472
fg:22532,Tyler Freeman,Tyler Freeman,2023,168,0.2,83,0.661,24.0,1999.0,1252,57.07168893941906,36.78708537113608,40.0557594546844,43.03864385122628,45.76427843963702,0.9602167741911628,-0.6911695980741153,-0.28500739182639556,-0.22391251977674032,0.6185185895998082,Tyler Freeman,2024,383,0.4,84,0.626,25.0,1999.0,1676,55.9847238579685,35.61750232422661,44.62092440301196,41.861546632743575,42.469119470398304,0.8126235494982199,-0.8299203676178907,0.3229277230685195,-0.41456721615603204,0.19751734163608523
fg:22542,Lawrence Butler,Lawrence Butler,2023,129,-0.2,59,0.582,23.0,2000.0,1302,45.45074926272572,40.505276674119656,36.34720543426511,45.24905561953909,36.51810130978319,-0.5901548870472965,-0.220329508006571,-0.7776326869988691,0.1342543324693747,-0.6006663152811139,Lawrence Butler,2024,451,3.1,130,0.807,24.0,2000.0,1459,51.23563307764879,53.21670778343574,41.9508097660425,43.71043721380055,52.228331260727714,0.17826750523813648,1.3828845409347783,-0.03547450322394839,-0.11351694448523307,1.5593023084379378
fg:22558,Jarred Kelenic,Jarred Kelenic,2023,416,1.5,110,0.746,24.0,1999.0,1101,45.39152226210104,46.92144561902077,42.87459089494856,42.58524541833784,43.56469209691512,-0.5980564738297162,0.5921595001522342,0.08943171911975827,-0.29737950536238406,0.32848494343807055,Jarred Kelenic,2024,449,0.5,87,0.679,25.0,1999.0,1659,42.43498456217476,45.69959779265801,38.37286465685289,41.27385354967895,44.51531676813026,-0.9972721585506563,0.43773403830119195,-0.5157323449401529,-0.5102598245387904,0.483040473936906
fg:22563,Gabriel Arias,Gabriel Arias,2023,345,0.5,73,0.628,23.0,2000.0,1212,35.987376282276095,46.64828979598641,34.99703709781824,49.11432643670541,37.50145385170922,-1.8526814724011569,0.5575693723616677,-0.9569821238986634,0.7605683530104165,-0.4710031519591006,Gabriel Arias,2024,161,-0.2,70,0.608,24.0,2000.0,1761,36.51837504164959,43.21716650847746,28.17488279618593,43.28769380775607,41.309748865433626,-1.7875785949795746,0.12560994022692146,-1.8845797164903055,-0.18235120571229493,0.0357406024164953
fg:22581,Alejandro Kirk,Alejandro Kirk,2023,422,2.3,95,0.692,25.0,1998.0,1046,62.22080048013993,36.39599879899937,53.69917101802191,60.59431118983492,21.981739108427547,1.6471695366515091,-0.740693471872996,1.5273134241958015,2.6207421277819183,-2.5174058627587845,Alejandro Kirk,2024,386,2.7,93,0.677,26.0,1998.0,1483,60.41337198032395,40.60492926557965,48.16812173339089,63.05539916024081,26.3981117697214,1.4041767192037125,-0.2028350800204943,0.7990583740541406,3.036375271476915,-2.0450056364824074
fg:22664,Gabriel Moreno,Gabriel Moreno,2023,380,2.3,102,0.747,23.0,2000.0,1043,58.36019880823088,40.92715678973453,44.72663843959704,52.94796097650764,31.973437129381416,1.1321193260853437,-0.16690620203669757,0.33544821593561436,1.3817561495407475,-1.199917864184381,Gabriel Moreno,2024,351,2.5,107,0.734,24.0,2000.0,1493,59.175474754907015,41.0179538944901,55.61131209330812,51.414214671633765,38.32510091071767,1.2388255765449576,-0.15090416027957224,1.798137574166955,1.1408700486305015,-0.38073244922437816
fg:22715,Maikel Garcia,Maikel Garcia,2023,515,2.2,85,0.681,23.0,2000.0,1050,57.80637147022748,39.83608529143994,45.88334757215869,56.86524608809644,44.98681422039617,1.0582321677360358,-0.30507020723861705,0.4890995244292832,2.0164983717282743,0.5160035039734464,Maikel Garcia,2024,626,1.3,71,0.614,24.0,2000.0,1585,58.50399699447088,37.48086599650095,46.92584654419522,48.020885712907926,66.15934630287792,1.1491334658605181,-0.5956336385957115,0.6323111537995977,0.5883427031189061,3.5032140980651905
fg:22799,Geraldo Perdomo,Geraldo Perdomo,2023,495,2.3,98,0.712,24.0,1999.0,1044,55.838000665647854,28.312048182558883,58.34052654323632,47.95201175386191,49.18836496370686,0.7956280755428868,-1.7643761514845004,2.1438472869951464,0.572231230831928,1.0700127092261034,Geraldo Perdomo,2024,388,2.0,102,0.718,25.0,1999.0,1524,61.96644673442994,33.806866553073,54.13142644791287,45.25604771149293,50.07707870222456,1.6116274509390514,-1.0575774474386868,1.599496548562934,0.13815098275442128,1.2591199313256225
fg:22896,Lenyn Sosa,Lenyn Sosa,2023,173,-0.6,48,0.571,23.0,2000.0,1354,48.6089391426378,40.16496998266701,30.981953363124944,43.76096931170104,35.5152914021801,-0.16881476939348813,-0.2634230500536354,-1.4903252541470022,-0.10686960488448798,-0.7328950931472863,Lenyn Sosa,2024,369,0.1,81,0.642,24.0,2000.0,1717,56.50249157993963,39.952756065534594,29.946255032531568,41.48897806113342,37.71517687370337,0.881783963385497,-0.28483492152646717,-1.6468132384863858,-0.47523163342788427,-0.4658402839903186
fg:23003,Yainer Diaz,Yainer Diaz,2023,377,2.4,127,0.846,25.0,1998.0,1031,53.42661863235143,52.150143061067176,25.33879107423983,46.91839313068877,32.224568855747805,0.4739210128739125,1.2542772272776748,-2.239933989239366,0.40474753662075214,-1.1668040696266266,Yainer Diaz,2024,619,3.0,116,0.766,26.0,1998.0,1467,59.320435141783,46.26136142179308,25.413025757064904,41.33387824102477,32.95680146660321,1.2581885455524424,0.5083663926354602,-2.255296275928356,-0.500486152791117,-1.1298164569646243
fg:23312,Ryan Noda,Ryan Noda,2023,495,2.1,122,0.77,27.0,1996.0,1055,37.40416495253608,49.20616328602621,54.42790758893644,40.18687784145355,38.83828789739568,-1.6636650016642733,0.881476693500664,1.6241150526399684,-0.6860020135557189,-0.2947305296696777,Ryan Noda,2024,111,-0.6,44,0.465,28.0,1996.0,1813,37.02369134240877,34.317269452766226,49.06264973522141,44.868940802877226,36.26345629445986,-1.7200813698311115,-0.9934028433977019,0.9191284350538018,0.07511932409467599,-0.6684110759030091
fg:23359,Nelson Velazquez,Nelson Velazquez,2023,179,0.8,133,0.888,25.0,1998.0,1160,43.80212929531083,58.826532685551456,39.33301006505239,40.78318659502968,40.44771673072075,-0.81010041199982,2.099718366789716,-0.3810137138168026,-0.5893783743329736,-0.08251403073039577,Nelson Velazquez,2024,230,-0.5,78,0.64,26.0,1998.0,1799,40.97703595059512,42.43035130201623,43.1211545529541,40.5975319979808,44.16232395389464,-1.1920164910466293,0.026681124660974748,0.12161769474811207,-0.620383586843396,0.43378441533886625
fg:23401,Jose Caballero,Jose Caballero,2023,280,1.9,99,0.663,27.0,1996.0,1074,47.74012036610279,29.886958409346395,46.02408257668631,51.58508632507059,54.16170579075204,-0.28472553456106225,-1.5649429290911545,0.5077940406112748,1.160921040486013,1.725788818423066,Jose Caballero,2024,483,1.9,83,0.63,28.0,1996.0,1536,43.63891106982312,33.562140356892606,34.959216295177214,52.1179678805961,48.768957500970245,-0.8364586276456398,-1.0883476620040287,-0.973937081045717,1.2554604397104254,1.0765867693352134
fg:23565,Davis Schneider,Davis Schneider,2023,141,1.9,175,1.008,24.0,1999.0,1060,42.8054033293074,50.76391288905623,52.74362299202853,47.2280761923919,41.43838520335184,-0.9430755185492019,1.0787368406062727,1.400383325358184,0.45492742119891544,0.0481137985455032,Davis Schneider,2024,454,0.4,80,0.625,25.0,1999.0,1677,39.08714449884075,41.84346867231418,48.70721074495651,46.05370392919458,42.176540606500616,-1.4444572467348464,-0.0471095226929056,0.8714188260136924,0.2680313680510477,0.15669135004784562
fg:23697,Julio Rodriguez,Julio Rodriguez,2023,714,5.8,128,0.818,23.0,2000.0,942,50.930549121387486,55.66853299892644,32.67992628422205,48.55019480971214,57.10295645939704,0.14091563276329386,1.6998161735672583,-1.2647752400863312,0.6691585749820965,2.113617038272408,Julio Rodriguez,2024,613,3.9,116,0.734,24.0,2000.0,1433,49.87436044701741,48.90216778976441,32.13847081353276,49.315848365005415,47.02402308151241,-0.003563409577248389,0.8404035011928999,-1.3525580759754383,0.7991982627781574,0.833101382244071
fg:23733,Ezequiel Duran,Ezequiel Duran,2023,439,1.4,111,0.768,24.0,1999.0,1105,49.17621397142498,47.01744173105617,31.335830090670484,41.07839119443663,33.141809746868816,-0.09313355572628235,0.6043156304730732,-1.443318084667486,-0.5415445256112644,-1.0458582740952425,Ezequiel Duran,2024,285,0.2,75,0.609,25.0,1999.0,1705,48.0103491373217,35.56876855272201,31.259415366098416,47.85066149578197,37.18160216662277,-0.25254724576220927,-0.8360478220105114,-1.4705512980764093,0.5606255156683532,-0.5402944540994338
fg:23792,Alek Thomas,Alek Thomas,2023,402,0.3,71,0.647,23.0,2000.0,1242,49.97006525196621,40.9105859440236,35.46991594570763,43.09816780140624,53.82624999723633,0.012775653238753376,-0.16900459285396646,-0.8941673231057676,-0.21426748161017134,1.6815561983936824,Alek Thomas,2024,103,-0.2,65,0.603,24.0,2000.0,1762,51.86531518481876,45.32091063283888,41.48585697776151,42.63001301314577,46.66812263143743,0.2623767945995847,0.3901204793825329,-0.09788385154688434,-0.28943973973300896,0.7834395967430755
fg:23800,Parker Meadows,Parker Meadows,2023,145,0.9,94,0.699,24.0,1999.0,1155,50.66006017701609,39.53872134170369,47.67571567998351,48.27456317686597,51.216939034462094,0.10482918831915226,-0.3427258460876211,0.7271885109489141,0.6244962565257829,1.3374969733456168,Parker Meadows,2024,298,2.2,110,0.743,25.0,1999.0,1508,47.87485514148951,40.76879734048958,44.29379433810615,49.29369124784704,46.76452034774573,-0.27064574907431294,-0.18223141803380935,0.27901794409269565,0.7955904742976967,0.7968907815029715
fg:2396,Carlos Santana,Carlos Santana,2023,619,1.5,101,0.747,37.0,1986.0,1100,53.52908361986955,43.36573740070576,49.60585969153669,44.15939744945534,43.89291703315181,0.4875910617113449,0.1418948845521847,0.9835789418773727,-0.04230980024018666,0.371764115148207,Carlos Santana,2024,594,2.9,113,0.749,38.0,1986.0,1473,53.99035459602947,45.79912674265601,52.76822201301461,53.100499815717605,36.819605389983344,0.5462272529607224,0.45024813444087963,1.4165173245271343,1.4154436799433152,-0.5908069113602527
fg:24064,Ezequiel Tovar,Ezequiel Tovar,2023,615,1.7,72,0.695,22.0,2001.0,1087,44.54137523335382,40.48736731211252,25.04952097331292,60.07442000022781,40.63381389868209,-0.7114762056177752,-0.2225973971315138,-2.278359145801486,2.5365009046933364,-0.05797558042459404,Ezequiel Tovar,2024,695,3.7,94,0.763,23.0,2001.0,1436,42.9303039536885,46.60607587044013,20.745501332196792,58.71341658378696,38.15246216987154,-0.9311102626466967,0.5517084529223961,-2.881805386056249,2.329381008201459,-0.4048221858775806
fg:24336,Johan Rojas,Johan Rojas,2023,164,1.4,108,0.771,23.0,2000.0,1104,50.30410864540336,34.12417847008884,31.542109823011216,48.146936368972085,53.04799702647488,0.05734101759113485,-1.0283774561325427,-1.415916943016875,0.6038160861155145,1.5789371093576827,Johan Rojas,2024,363,1.1,66,0.601,24.0,2000.0,1599,51.75794224183463,32.284934573514434,35.19647193746496,53.151733606887085,54.85427676315437,0.24803453867677958,-1.2489348676731464,-0.9420909014026999,1.4237859511995619,1.9257225876237072
fg:24589,Richie Palacios,Richie Palacios,2023,102,0.4,120,0.823,26.0,1997.0,1214,57.899419112531696,43.19663579549825,45.24150199814329,42.94506847218936,40.55206515837141,1.0706458306399769,0.1204812969934756,0.4038400503556836,-0.239075124065159,-0.0687548277589339,Richie Palacios,2024,316,1.3,101,0.664,27.0,1997.0,1583,50.86371795569504,33.737314778610184,53.41104281306414,44.67128492848708,53.87538081580218,0.12858923702292915,-1.0663224165389444,1.502801412354294,0.04293550786880476,1.7891289964805777
fg:24610,Steven Kwan,Steven Kwan,2023,718,3.0,99,0.71,26.0,1997.0,1005,67.53888002713381,27.816801927506,55.70524678113476,51.89154918478322,50.01627380592289,2.3566646421469057,-1.8270899207162241,1.793790239553094,1.2105791355826558,1.1791793354838016,Steven Kwan,2024,540,4.2,131,0.793,27.0,1997.0,1422,70.8256133618112,34.04216432178934,60.80924520602878,52.30518783806298,43.13632357029529,2.7949836252356803,-1.027992699491184,2.4958420000087003,1.285945001444402,0.29061794571648986
fg:24617,Jarren Duran,Jarren Duran,2023,362,2.5,122,0.828,27.0,1996.0,1025,54.80593915048163,45.61236019337753,37.08705352828261,40.489592096617976,58.39942914395825,0.6579387861838153,0.42638806735334067,-0.6793550608158873,-0.6369513283139246,2.284567681376999,Jarren Duran,2024,735,6.8,131,0.834,28.0,1996.0,1399,56.768065351708834,50.70451726142248,41.31117298636855,54.426883381873225,60.54212637405678,0.9172577698700726,1.0670187178318622,-0.121331208655098,1.631415429176066,2.719396119868592
fg:24618,Ryan Jeffers,Ryan Jeffers,2023,335,2.3,136,0.858,26.0,1997.0,1039,48.43588985484996,51.52217836163818,43.85830976438171,40.56011010582477,36.92862049135634,-0.19190160395660386,1.174757124210054,0.22010388831373626,-0.6255248539590861,-0.5465359668885813,Ryan Jeffers,2024,465,1.6,106,0.732,27.0,1997.0,1553,49.80238240415252,45.31981651169947,38.68977175364421,40.36951416626769,38.179135936700206,-0.013177819715409966,0.3899829120001049,-0.4731947671727792,-0.6575111653417274,-0.4011001706722903
fg:24679,Brendan Donovan,Brendan Donovan,2023,371,1.5,118,0.787,26.0,1997.0,1098,64.50483748478814,41.45612041350535,49.26731353730878,40.78318659502968,43.902764961528135,1.9518872568827323,-0.0999227522989561,0.9386082071279903,-0.5893783743329736,0.3730626459304042,Brendan Donovan,2024,652,3.2,115,0.759,27.0,1997.0,1454,65.01596483413688,39.99687399412808,48.499721875668165,46.29626009791324,33.13380022428643,2.0189644188163838,-0.27928783196193463,0.8435681593590751,0.30752618793727093,-1.1051183304628036
fg:24703,Jonah Bride,Jonah Bride,2023,106,-0.3,49,0.49,28.0,1995.0,1323,53.05790450646375,33.19884507436812,50.25205883450363,46.40788589911324,35.11944477476521,0.42473016017367515,-1.145553799112541,1.0694167217213604,0.3220268549796786,-0.7850907439567444,Jonah Bride,2024,272,1.1,124,0.818,29.0,1995.0,1591,56.636244280756216,40.88197281659846,53.088108666415074,42.2411479244948,33.31714662178042,0.8996498745933262,-0.16800150011836834,1.4594548400751925,-0.35275767849103934,-1.0795344643485345
fg:24729,Logan O'Hoppe,Logan O'Hoppe,2023,199,0.3,113,0.796,23.0,2000.0,1233,45.5290236099649,51.550618916027474,37.3149480382799,36.895663458530855,34.04662050528513,-0.5797121575316319,1.178358593876093,-0.6490827229619791,-1.2192980774372164,-0.9265514943372319,Logan O'Hoppe,2024,522,2.1,102,0.712,24.0,2000.0,1514,43.293325407608805,48.48527022427416,34.169740692786,47.33401508099817,31.82993073447333,-0.8826199591038097,0.7879856246348553,-1.079906244160654,0.4765012602245887,-1.2870582153681145
fg:24770,James Outman,James Outman,2023,567,3.9,117,0.79,26.0,1997.0,978,40.8325708570016,45.92037397675085,47.26689105746679,49.296382690514655,51.969291650126365,-1.2062748503182346,0.4653923104618559,0.6728823449251269,0.7900680671783101,1.436700886409746,James Outman,2024,156,-0.3,53,0.521,27.0,1997.0,1782,36.18211536893487,39.13839696902132,43.06361459594814,45.01935214289183,39.1448736049914,-1.8324942147675667,-0.38722691929396547,0.11389426280021762,0.09961042986248174,-0.2663426649630269
fg:24934,David Fry,David Fry,2023,113,-0.1,105,0.734,28.0,1995.0,1282,46.4719953048365,43.9206731389113,34.83357446991987,38.97683831795454,41.8691163300109,-0.45390851051580716,0.21216722173632338,-0.9786956610009223,-0.8820722903421288,0.1049092590163512,David Fry,2024,392,1.7,129,0.804,29.0,1995.0,1544,52.53254083943629,43.10505904361094,45.34361330706727,40.13867919778416,38.61333106191964,0.35150093361288953,0.1115143068122766,0.41993228929353477,-0.695097451239382,-0.34051327012276217
fg:25479,Brenton Doyle,Brenton Doyle,2023,431,0.4,44,0.593,25.0,1998.0,1231,34.09785620296593,39.79311629765155,33.80324136209363,61.42817489491213,53.383097900104886,-2.1047659393895515,-0.310511434775566,-1.1155598265420479,2.755858282487227,1.623122930265547,Brenton Doyle,2024,603,3.6,97,0.764,26.0,1998.0,1439,48.668801973697775,46.856399048030426,38.635080882761045,56.066982948316685,54.33297366979602,-0.16459492900585487,0.5831823940261668,-0.48053577403855446,1.8984687773318525,1.8529807790704633
fg:25660,Will Brennan,Will Brennan,2023,455,-0.1,80,0.655,25.0,1998.0,1287,61.37087988306122,30.84003841320684,29.29706977896614,43.81298360612352,39.38686392238609,1.5337800135429407,-1.4442529918899298,-1.7141365478230333,-0.0984414032380041,-0.22239624497504076,Will Brennan,2024,353,0.5,98,0.697,26.0,1998.0,1655,59.72974132898129,36.61044363915845,34.88537273927356,41.32051202404273,38.92410253732834,1.3128612957298573,-0.7050746511065136,-0.9838489007356981,-0.5026625407801533,-0.29714871031868456
fg:25764,Bobby Witt Jr.,Bobby Witt Jr.,2023,694,5.9,116,0.813,23.0,2000.0,940,58.83611482925767,51.01777247747183,37.06939974610445,57.33821748754566,61.92491411919637,1.1956121874766743,1.1108834575321418,-0.6817000986954871,2.093136887579315,2.7494320251842175,Bobby Witt Jr.,2024,709,10.5,169,0.977,24.0,2000.0,1394,66.73515870389947,59.714333863229584,41.22875591223333,59.48071084416564,52.57681325078822,2.2486043800186764,2.1998520407820004,-0.13239382838145478,2.4543176312256256,1.6079289337701022
fg:25768,CJ Abrams,CJ Abrams,2023,614,2.3,91,0.712,23.0,2000.0,1045,53.32477661734754,41.25890140447387,33.057901436620654,40.3201400028308,67.90227651262111,0.46033407598428056,-0.12489688848740453,-1.2145669594483772,-0.664408711552792,3.537596679475407,CJ Abrams,2024,602,1.8,106,0.747,24.0,2000.0,1537,50.96715244475973,43.93219238461676,34.72378502208836,31.377107553177947,47.466272913746245,0.1424054170789201,0.2155124515721307,-1.0055383805725737,-2.1217224505208203,0.894812223861778
fg:25807,Jared Triolo,Jared Triolo,2023,209,1.5,118,0.785,25.0,1998.0,1099,47.89989463206923,36.11658195348887,46.33255362870919,48.40218998475985,42.70270318466754,-0.2634097459035981,-0.7760764422438283,0.5487697530367216,0.6451764269360514,0.21482457816194223,Jared Triolo,2024,446,0.4,72,0.611,26.0,1998.0,1678,45.47017564244828,36.70603384127645,44.56542075607431,48.15324235584645,41.62084990183157,-0.5918489109608969,-0.6930557864511449,0.31547761948331043,0.6098940073022497,0.07915114863939832
fg:25816,Shea Langeliers,Shea Langeliers,2023,490,0.7,86,0.681,26.0,1997.0,1179,38.25014633978387,49.051822598221314,36.66828319937474,37.86975813152403,38.10482160780116,-1.5508010160302497,0.8619323028479206,-0.7349823634658804,-1.0614594213926107,-0.3914441244834071,Shea Langeliers,2024,534,2.0,109,0.739,27.0,1997.0,1521,45.29246959393812,53.02898522362126,38.962075918995055,36.8979926558316,34.11016127885833,-0.6155858558180358,1.3592815775642826,-0.43664411959413313,-1.2227704102832755,-0.968878454246127
fg:25845,Michael Toglia,Michael Toglia,2023,152,-1.1,23,0.507,25.0,1998.0,1386,35.44157959000796,41.76378253064393,37.90125655209321,44.76670026205829,39.91201364329775,-1.9254972470314389,-0.060963041208335365,-0.57120050712014,0.05609527517082599,-0.1531509121692607,Michael Toglia,2024,458,0.4,98,0.767,26.0,1998.0,1669,40.58625522544892,56.45302734165801,47.91334806796262,37.77325536523175,47.92753771723128,-1.2442147172848195,1.789797445081365,0.7648607978055716,-1.0802535522561247,0.959176384471877
fg:25878,Corbin Carroll,Corbin Carroll,2023,645,5.4,133,0.868,23.0,2000.0,945,58.50945634664842,49.18684122895401,44.97606579640438,40.89552989012976,78.75471426270222,1.1520320581213657,0.8790299127003148,0.36858086671938606,-0.5711746871495383,4.968580328202882,Corbin Carroll,2024,684,4.3,107,0.749,24.0,2000.0,1416,54.39327055629148,45.68876968622354,52.41065429945401,48.83718268769741,67.79969131378682,0.60004643363005,0.43637258552856145,1.368521982748147,0.7212583166994219,3.732105244626604
fg:25931,Michael Harris II,Michael Harris II,2023,539,3.9,116,0.808,22.0,2001.0,977,58.89129501307356,49.87975044954872,31.503083055128627,49.24275829509691,52.73319141131637,1.2029738807330006,0.9667740369931278,-1.4211010586969843,0.7813789707910638,1.537427386086885,Michael Harris II,2024,470,2.0,99,0.722,23.0,2001.0,1522,54.21986018258268,48.98565930856671,30.271012208199,49.8411725166772,40.19204053707106,0.5768832801364512,0.8509011593432323,-1.6032219659799116,0.8847354926155289,-0.12022264866712501
fg:25961,Kerry Carpenter,Kerry Carpenter,2023,459,1.9,121,0.811,26.0,1997.0,1063,51.75444416841948,47.485801999380925,35.70341714853895,39.66698665184644,41.64091472779916,0.250833037748619,0.6636247872518369,-0.8631502209321011,-0.7702432366443007,0.07481899092188814,Kerry Carpenter,2024,296,2.4,158,0.932,27.0,1997.0,1495,50.09965014000595,55.77054647976456,38.18509293809517,43.228841236433766,34.76818842122695,0.02652948295052042,1.7039869234250686,-0.5409364321002131,-0.19193402406111046,-0.8770583882943737
fg:25976,Riley Greene,Riley Greene,2023,416,2.3,119,0.796,23.0,2000.0,1042,53.17411987892323,49.64069405739811,42.71171488288366,41.525890072562845,46.77888578459921,0.4402346740145659,0.9365019708083946,0.06779610505610907,-0.4690334818049444,0.752302957126712,Riley Greene,2024,584,3.9,134,0.827,24.0,2000.0,1427,50.75943966729122,54.317600513727925,49.49566009755453,45.33482632321495,40.1424380845928,0.11466034713769399,1.5213033373416234,0.9772502384097943,0.1509783088838036,-0.12714409637751634
fg:26121,Francisco Alvarez,Francisco Alvarez,2023,423,3.0,96,0.721,22.0,2001.0,1004,41.72756939972644,51.27025823256983,43.29060539734916,62.29931023083681,34.640547562564564,-1.0868713927584979,1.1428561039034357,0.14469295191095677,2.8970137927959057,-0.8482373010586435,Francisco Alvarez,2024,342,1.9,101,0.71,23.0,2001.0,1532,46.13521682453833,46.01269613442871,43.25140968855439,50.186895491034925,32.99476966464472,-0.5030165611374442,0.47710090342108097,0.1391014873684002,0.9410287078114924,-1.1245184347041872
fg:26123,Brett Baty,Brett Baty,2023,389,-0.5,67,0.598,24.0,1999.0,1343,43.32478195312824,42.183386707802285,41.7787063201118,42.70509836919539,39.01514023180598,-0.8737842286684188,-0.00782794070734041,-0.05613996709040597,-0.2779589816588649,-0.2714110871067817,Brett Baty,2024,171,0.5,83,0.633,25.0,1999.0,1665,47.00890950787095,38.55214577772437,40.89614788974711,46.992394526722734,38.92963642870837,-0.38631375208721397,-0.4609381738590362,-0.17703889870588652,0.42087603192462375,-0.2963765198742974
fg:26149,Dominic Fletcher,Dominic Fletcher,2023,102,0.6,112,0.791,26.0,1997.0,1184,52.431936610534855,40.177913353792746,39.39568035420872,47.10044938449802,37.43163059967443,0.3412185928053668,-0.26178401173365196,-0.37268891403656623,0.434247250788647,-0.48020992506056537,Dominic Fletcher,2024,241,-0.8,43,0.508,27.0,1997.0,1828,49.448219435542704,27.57870518277332,37.15294713506672,46.11783104062269,36.15878710078891,-0.060484858090364975,-1.8406642795914252,-0.6794785563004234,0.2784730266947186,-0.6830164495223833
fg:26197,Andrew Vaughn,Andrew Vaughn,2023,615,0.4,103,0.743,25.0,1998.0,1217,53.11148201114006,46.30790373191137,37.86323394561698,36.35485340264657,27.52023116917919,0.43187803695825383,0.5144657792414788,-0.5762512351492978,-1.306928915345291,-1.787109890548918,Andrew Vaughn,2024,619,-0.1,97,0.699,26.0,1998.0,1742,52.86803510672858,45.28623101110411,36.93332447640808,33.59047502896884,34.90377451271321,0.3963143149770472,0.38576009860401866,-0.7089579085041416,-1.7613253092723493,-0.8581389196876597
fg:26288,Adley Rutschman,Adley Rutschman,2023,687,5.5,126,0.809,25.0,1998.0,943,64.94095500305455,42.5053960621931,57.55936159817101,56.12415271155852,33.334746563217934,2.010070524337941,0.03294858235706006,2.040081342230054,1.8964143739410042,-1.0204179595971419,Adley Rutschman,2024,638,2.7,103,0.709,26.0,1998.0,1481,59.09545108453308,39.82267210301737,47.13753975718585,49.88372857095869,33.53353078479488,1.2281364780766897,-0.3011907980147137,0.6607261580755792,0.8916647894781674,-1.049340560724157
fg:26289,Gunnar Henderson,Gunnar Henderson,2023,622,4.7,122,0.814,22.0,2001.0,956,50.642116361209474,54.38841891940201,43.80570623721882,46.571174236859335,55.47584239335925,0.1024352697295173,1.5377134253798888,0.21311630556502908,0.34848548625255693,1.8990685951728699,Gunnar Henderson,2024,719,7.9,154,0.893,23.0,2001.0,1397,57.366305101502114,58.84217281975832,50.59116472038761,45.14350394566576,53.41622094883303,0.997167171217094,2.0901924176521525,1.1242968446868555,0.11982576025382595,1.7250585553803108
fg:26294,Bryson Stott,Bryson Stott,2023,640,4.1,100,0.747,26.0,1997.0,972,63.08356980533278,38.02700413641015,41.77594029002605,58.85955017374305,56.52356738472267,1.7622732330115811,-0.5341568422620027,-0.05650739234023298,2.339647943684647,2.0372197982049243,Bryson Stott,2024,571,1.8,87,0.671,27.0,1997.0,1542,59.14230377820658,35.45239608240748,47.82038454697822,46.1574567948454,56.52568953793378,1.234394789571769,-0.8506797083265863,0.7523825571999124,0.2849251900602152,2.158948880783018
fg:26299,Josh Jung,Josh Jung,2023,515,2.8,114,0.781,25.0,1998.0,1011,48.06992776199692,50.06310625842757,34.40033032131403,49.54225234827084,30.3952662674968,-0.24072530269628375,0.9899926555450155,-1.03624559162444,0.8299078665513386,-1.4080127411384695,Josh Jung,2024,188,0.3,104,0.719,26.0,1998.0,1684,46.70765294008836,42.10724559496715,33.81750706665945,40.48205793209486,42.52606225848802,-0.42655385982275645,-0.013943998796826838,-1.1271856058895218,-0.6391859428411321,0.20546304815976119
fg:26323,Spencer Steer,Spencer Steer,2023,665,2.0,118,0.82,26.0,1997.0,1057,54.84223880440088,43.5903175802566,48.41018220713663,30.4041182722896,42.533848260728405,0.6627815920424533,0.17033380642321747,0.8247512773912913,-2.2711637700199825,0.19255966029478194,Spencer Steer,2024,656,1.6,98,0.721,27.0,1997.0,1555,51.0501234445587,41.41718942547452,50.004515878621376,40.20749478930632,54.06780279826539,0.15348820274368127,-0.1007069883289099,1.0455525660593457,-0.6838923790002831,1.815979255357044
fg:26368,JJ Bleday,JJ Bleday,2023,303,0.4,91,0.666,26.0,1997.0,1227,44.426884932555495,39.44203570643385,52.70065796466844,42.30612938222232,41.74900681189754,-0.726750574367867,-0.3549692917602957,1.394676071488126,-0.34260642348688103,0.08907182594971422,JJ Bleday,2024,642,3.2,120,0.762,27.0,1997.0,1453,51.5499336589624,45.07206795242944,49.40484492378157,40.85228226365799,31.568596565223643,0.22024995676274692,0.358832685968014,0.9650603646078559,-0.5789032323669933,-1.3235243717178027
fg:26396,Josh Smith,Josh Smith,2023,232,0.1,81,0.633,26.0,1997.0,1266,48.41051298319049,40.16689821680668,48.38823090733426,42.434561240613824,39.47874171358841,-0.19528718066264517,-0.2631788748991014,0.8218353793121423,-0.3217958057062337,-0.2102813985304494,Josh Smith,2024,592,2.9,112,0.731,27.0,1997.0,1474,54.52970696422047,38.0895594868243,43.62751773490117,44.864838382794936,38.81492955315834,0.6182708188924986,-0.5191006413354996,0.18958544759648602,0.07445133719867741,-0.31238253573590885
fg:26438,Dominic Canzone,Dominic Canzone,2023,182,-0.4,81,0.657,26.0,1997.0,1329,50.111177088988974,44.73320113141905,32.23346625030737,42.14364609497385,37.64271308033601,0.031601651761416945,0.3150588488744339,-1.324080701130974,-0.3689346073893792,-0.4523769546887889,Dominic Canzone,2024,188,0.1,88,0.652,27.0,1997.0,1715,40.2285508554636,46.4311975701126,38.40996456358812,43.11571141059485,39.37322326521194,-1.2919947955471174,0.5297204397554942,-0.5107525253529906,-0.210354673261133,-0.23447911479693884
fg:26466,Matt Wallner,Matt Wallner,2023,254,1.6,141,0.877,26.0,1997.0,1089,42.12294253688797,56.81044099210072,44.71111151524566,40.71427868681813,42.75624397260827,-1.0341239106680826,1.8444176796607181,0.3333856989412271,-0.6005439539470531,0.22188437374405384,Matt Wallner,2024,261,2.0,154,0.894,27.0,1997.0,1519,39.34040047215385,59.63402383957509,42.5831263529717,41.86740723286113,42.06672089571797,-1.4106287804351725,2.1897544022857325,0.049399632642478895,-0.41361294916174834,0.1413672814227005
fg:26467,Luis Matos,Luis Matos,2023,253,-0.4,85,0.661,21.0,2002.0,1328,58.81998567802463,32.74455129402956,46.17884056699811,36.66346721257322,39.48031974133175,1.1934603667386592,-1.2030816956142876,0.5283512983019771,-1.256922288324173,-0.2100733225248594,Luis Matos,2024,156,-0.8,60,0.584,22.0,2002.0,1827,55.43739780069388,37.94548846449553,31.878186074297467,39.12355422858101,37.3262446314144,0.7395149043546076,-0.5372151560008465,-1.3874953886736539,-0.860387734444628,-0.5201112734956895
fg:26517,Noelvi Marte,Noelvi Marte,2023,123,0.6,120,0.822,22.0,2001.0,1183,56.28964544624343,47.1349385469147,40.798906212674055,43.19603263421014,41.82651236360426,0.8558828645928623,0.6191944268698827,-0.18629158803995616,-0.198409830283188,0.0992915737826001,Noelvi Marte,2024,242,-1.4,48,0.549,23.0,2001.0,1841,41.70309220769568,37.51934985051268,30.340123040776803,36.40478864151804,43.346340036245394,-1.0950341008440172,-0.5907949394138334,-1.5939454068712273,-1.303077597749904,0.319923310970998
fg:26668,Elly De La Cruz,Elly De La Cruz,2023,427,1.9,85,0.71,21.0,2002.0,1071,44.0960831856269,51.68578086548404,40.21259690151348,49.061507091785295,60.73654250794038,-0.770883464495062,1.195474352391468,-0.2641739097973169,0.7520097039935502,2.592735402408699,Elly De La Cruz,2024,696,6.6,119,0.809,22.0,2002.0,1400,44.23410403993499,54.41497021738316,46.7330742139877,58.494189652250185,63.02973394921099,-0.7569561974844382,1.5335459444690873,0.6064358481638902,2.2936848301945534,3.06651294363752
fg:27465,Spencer Torkelson,Spencer Torkelson,2023,684,1.3,106,0.758,24.0,1999.0,1115,49.62586037429242,52.07463878166027,45.71037945884772,36.17279714883732,41.60018505383875,-0.03314537404923427,1.2447160081742075,0.46612332739774853,-1.3364286295131858,0.06944844664441396,Spencer Torkelson,2024,381,0.1,91,0.669,25.0,1999.0,1713,45.21722518145307,40.67364431356416,44.83626286288208,42.20035005024858,35.02548529467147,-0.6256365686943814,-0.1941953152411136,0.35183201891981564,-0.35940069525539164,-0.841155589811297
fg:27467,Tyler Soderstrom,Tyler Soderstrom,2023,138,-1.0,34,0.472,22.0,2001.0,1382,39.07522233806034,39.50917244250456,39.08246337116869,42.13935664120688,35.890920799210974,-1.4407260580936416,-0.3464676671039721,-0.4142950515968008,-0.36962965442794277,-0.6833652513263987,Tyler Soderstrom,2024,213,0.3,114,0.743,23.0,2001.0,1683,46.16256972817762,51.352872872799935,42.87093307756305,41.29776884687259,34.05414469172062,-0.49936291867106886,1.148538561592364,0.0880311465884706,-0.5063657559600435,-0.9766949201549068
fg:27475,Jordan Walker,Jordan Walker,2023,465,1.0,116,0.787,21.0,2002.0,1142,50.49067761005817,46.04687386851308,37.93645662366845,32.58986256977703,38.87618860045196,0.0822315379547792,0.4814111797392568,-0.5665247101506559,-1.9169939424482079,-0.28973300859673656,Jordan Walker,2024,178,-0.6,72,0.619,22.0,2002.0,1809,41.29944212103005,46.73083682514258,36.92730091687141,38.840200185616126,41.49010742406826,-1.1489513418669852,0.5673950504566526,-0.7097664345195634,-0.9065255710952047,0.06090755022534178
fg:27478,Patrick Bailey,Patrick Bailey,2023,353,2.7,77,0.644,24.0,1999.0,1021,48.01025254298839,39.47569957662282,39.581721219112815,68.26184447071823,37.88050351371172,-0.24868668714564812,-0.3507063858525012,-0.34797619973258,3.863160531029246,-0.4210223199218745,Patrick Bailey,2024,448,4.3,81,0.637,25.0,1999.0,1418,52.06459980118771,40.415589139697786,44.60859077272923,80.0,40.9395557386508,0.28899607958894946,-0.22664142519377203,0.32127221341721235,5.795422636652253,-0.01591556057053671
fg:27479,Masyn Winn,Masyn Winn,2023,137,-0.8,29,0.467,21.0,2002.0,1375,50.04903163686403,31.090581021149205,44.54429518235624,42.862487152179256,39.96112717813085,0.023310708814470935,-1.4125264091305432,0.31122667286886274,-0.25245629216531146,-0.1466748865153145,Masyn Winn,2024,637,3.6,104,0.73,22.0,2002.0,1440,58.97867539628948,39.01611509316052,41.09530997064915,49.90119720802302,43.04018943090493,1.2125382578937998,-0.40260181424356767,-0.15030591421150352,0.8945091643632023,0.2772035400625467
fg:27490,Nick Gonzales,Nick Gonzales,2023,128,-0.1,63,0.616,24.0,1999.0,1293,41.03802364158871,33.77210270181827,36.311525562678746,45.597884614363785,38.97846651354159,-1.1788650036269885,-1.0729613338663477,-0.7823722181409726,0.19077727757833132,-0.2762468200898146,Nick Gonzales,2024,387,1.3,94,0.709,25.0,1999.0,1580,54.01310015478765,40.10262199880363,31.50161239107252,46.55276854362569,40.48966453009012,0.5492654729791979,-0.2659917940039678,-1.4380418500735879,0.3492928225119577,-0.0786926677464821
fg:27506,Ha-seong Kim,Ha-seong Kim,2023,626,4.2,110,0.749,28.0,1995.0,967,57.85311307609536,35.13447270471376,55.51976935804591,52.81362956335391,52.78831198704089,1.064468054261088,-0.9004423958671359,1.7691523699699934,1.3599895899807766,1.544695489750474,Ha-seong Kim,2024,470,2.6,101,0.7,29.0,1995.0,1488,58.20542578799136,37.58409460250893,59.727695503852686,49.09134689336285,48.41098865280884,1.1092520531368053,-0.5826543727642551,2.350668524780753,0.7626432444763974,1.0266363628390016
fg:27534,Edouard Julien,Edouard Julien,2023,408,2.6,134,0.839,24.0,1999.0,1022,47.40559985046276,50.46017947466733,58.840195218457104,43.12631967550097,40.0260088487652,-0.32935455269385083,1.040274626983042,2.210220711047696,-0.2097058572676465,-0.13811970178005242,Edouard Julien,2024,301,0.0,79,0.616,25.0,1999.0,1735,39.95920017727361,41.33856226850656,50.408977518327305,41.44583594684018,42.41588183103753,-1.3279730993191656,-0.11059303456477584,1.0998423520158893,-0.4822563569899512,0.19008864570171072
fg:27577,Casey Schmitt,Casey Schmitt,2023,277,-0.6,58,0.58,24.0,1999.0,1353,45.6742737379137,37.63681530328578,31.35761413671723,43.73201238710868,37.218227312618446,-0.5603340617469409,-0.5835670340356774,-1.4404244037194016,-0.11156167659739291,-0.5083489129446032,Casey Schmitt,2024,113,0.4,109,0.76,25.0,1999.0,1671,49.88717679913325,44.939410785926185,33.47031912914493,42.76119753606078,39.13033067540681,-0.0018514754816230084,0.3421532722368961,-1.1737876985578437,-0.2680792889485232,-0.2683719623393971
fg:27615,Alec Burleson,Alec Burleson,2023,347,-0.6,89,0.691,25.0,1998.0,1350,59.23389306495998,40.97199596961659,38.80682085037952,36.37174701643562,34.446064773690075,1.2486805383370734,-0.16122815005554117,-0.4509099903082766,-1.3041915373776987,-0.8738814648168028,Alec Burleson,2024,595,0.7,106,0.735,26.0,1998.0,1632,60.59130498089464,44.03414605295315,34.85772952482129,35.40783153267933,34.355997738580406,1.4279439790028083,0.22833141537493423,-0.9875593742353753,-1.4654096532728684,-0.9345748237548764
fg:27647,Anthony Volpe,Anthony Volpe,2023,601,1.9,83,0.666,22.0,2001.0,1073,43.35719251262197,42.882987792993056,41.53167006392292,48.66495325630509,52.00588029496472,-0.869460274292789,0.08076358434363122,-0.08895499633180107,0.687753604276672,1.441525401758142,Anthony Volpe,2024,689,3.5,87,0.657,23.0,2001.0,1445,51.51691150134843,36.960153388716535,39.17943178546253,57.59512480894474,51.82106282698452,0.21583904818131078,-0.6611045155123562,-0.4074690327416492,2.147292329686473,1.5024727157987054
fg:27676,Vinnie Pasquantino,Vinnie Pasquantino,2023,260,0.1,104,0.762,26.0,1997.0,1255,59.85657783876464,42.87737701198663,47.063780315143866,40.59094133269123,32.87500164661243,1.331754098139436,0.08005308280695815,0.6459021556549649,-0.6205290773187568,-1.081039128167598,Vinnie Pasquantino,2024,554,1.5,109,0.76,27.0,1997.0,1561,62.9800073641236,47.32948838882033,43.28065228924395,42.73036268201441,34.98194293468006,1.7470130102833072,0.6426654438666959,0.14302664213314717,-0.27310005182259317,-0.8472314218077015
fg:27684,Michael Massey,Michael Massey,2023,461,0.5,74,0.655,25.0,1998.0,1210,51.97953845501957,40.81448671706315,34.641035242067765,47.17445179697416,42.21872753477065,0.2808632945746975,-0.18117378077099863,-1.0042715845092978,0.44623832481166903,0.15100838705966863,Michael Massey,2024,356,1.6,104,0.743,26.0,1998.0,1551,58.17576196924206,43.95300427733382,33.04444786103798,46.55511278367271,42.34743855237426,1.105289732012637,0.21812919801942415,-1.2309512407107621,0.34967452930967113,0.1805381789258349
fg:27735,Brett Wisely,Brett Wisely,2023,131,-0.4,36,0.497,24.0,1999.0,1337,38.89736569382326,34.88528831428782,37.55842167856057,47.60666716230657,38.63776758862444,-1.4644542512225645,-0.9319969855240557,-0.6167409333454371,0.5162728853911559,-0.321170790346343,Brett Wisely,2024,272,0.6,75,0.623,25.0,1999.0,1650,49.82973342142213,34.570130674720524,37.00265123567475,49.79685828236044,36.58841699540029,-0.009524429219372634,-0.9616097857838248,-0.699652366143228,0.8775199156546052,-0.6230665740262716
fg:27815,Jordan Westburg,Jordan Westburg,2023,228,1.0,96,0.715,24.0,1999.0,1145,50.91489297464047,41.98940256525832,40.07236769833643,47.32674607569343,44.80794931807768,0.13882691645324882,-0.03239244094534248,-0.2828012379221166,0.4709155198962789,0.49241868769130925,Jordan Westburg,2024,447,2.7,124,0.792,25.0,1999.0,1480,52.33625178079095,50.87062040878358,35.652496006057895,41.90527480704858,41.87394136642837,0.3252817778768504,1.08790340269213,-0.8808800308416677,-0.4074470658945368,0.11446713102798747
fg:29617,Henry Davis,Henry Davis,2023,255,-0.8,76,0.653,24.0,1999.0,1369,45.04877121194966,40.539863656842,44.055299146478255,39.72222114825943,32.96627615916165,-0.6437835432232665,-0.21594970698689614,0.24627094748743086,-0.7612932455162952,-1.0690038290015165,Henry Davis,2024,122,-0.7,31,0.453,25.0,1999.0,1822,34.26749738129827,34.837454473684964,44.08974733810076,42.75943935602551,37.256339106355625,-2.088237797926572,-0.9279983016806076,0.2516292701916996,-0.26836556904680825,-0.5298657798192185
fg:29622,Sal Frelick,Sal Frelick,2023,223,1.1,93,0.692,23.0,2000.0,1133,57.289915468074994,29.7915781393696,50.58841281847252,50.42035649073422,48.78657100209384,0.9893307903698331,-1.5770210744169488,1.1140962598170139,0.9721925761963853,1.017032853228185,Sal Frelick,2024,524,1.5,87,0.655,24.0,2000.0,1562,61.72579408025168,26.362094658304315,47.57247348134538,50.48431497428195,48.92652750796185,1.5794824630230841,-1.9936326477704072,0.7191061290589117,0.989456785248351,1.0985738387164374
fg:2967,Tommy Pham,Tommy Pham,2023,481,1.9,109,0.774,35.0,1988.0,1066,55.11459899806214,50.83875451053752,50.52828756381935,44.27844534981527,51.91311987343675,0.6991176834128195,1.088214146351885,1.1061095293668828,-0.023019723907046444,1.429294173207248,Tommy Pham,2024,478,-0.1,92,0.674,36.0,1988.0,1745,54.21371931003499,42.760275426762746,48.55954946811639,37.8997514080527,35.97456295653047,0.5760630179435698,0.06816354978415118,0.8515986543911155,-1.059656515067067,-0.7087227950309088
fg:29766,Zack Gelof,Zack Gelof,2023,300,2.7,132,0.84,24.0,1999.0,1015,45.053627116057854,48.6251698822735,40.32784898030015,47.45946738785191,50.34802116661312,-0.6431357078219583,0.807904635405625,-0.248864414770706,0.49242118471549085,1.2229229679826534,Zack Gelof,2024,547,1.4,82,0.632,25.0,1999.0,1572,34.25095360267217,42.196023551477154,36.98979727197948,46.28922737777216,52.70028703656659,-2.0904476200697615,-0.0027816597701053403,-0.7013777187334435,0.30638106754412825,1.6251582704091245
fg:29931,Jacob Young,Jacob Young,2023,121,0.9,83,0.658,24.0,1999.0,1158,52.68674831649916,31.88353105313368,44.25941879698881,48.70677854219838,53.852039912174725,0.37521350706098394,-1.3121139682270737,0.27338515494662174,0.6945308171052699,1.6849568119174632,Jacob Young,2024,521,2.7,84,0.648,25.0,1999.0,1484,57.50523299079824,30.09233863624145,42.9975567308914,58.8726188239779,50.68481759970299,1.0157243541322964,-1.5246170320592385,0.1050274952192816,2.3553035144606906,1.343922855179263
fg:30011,Christian Encarnacion-Strand,Christian Encarnacion-Strand,2023,241,0.7,113,0.805,24.0,1999.0,1170,48.20647815404148,49.86898060662647,34.149047839745386,42.25598939007393,37.74887785378008,-0.22250785522243902,0.9654102357794955,-1.0696246676667056,-0.350730920205944,-0.43837825150634613,Christian Encarnacion-Strand,2024,123,-0.7,35,0.513,25.0,1999.0,1820,44.26490342192927,40.355635750286005,30.572456975103183,45.21993831734076,38.89771612410484,-0.7528421943980979,-0.23417955836019513,-1.5627598547031856,0.13227137958549595,-0.3008306286567196
fg:30116,Seiya Suzuki,Seiya Suzuki,2023,583,3.1,127,0.842,29.0,1994.0,1000,58.995522932151616,51.30199695696609,50.80925511820964,41.44008855056224,32.97331238651755,1.2168791256223237,1.1468752257386607,1.1434318182302272,-0.48293643938661734,-1.0680760442468937,Seiya Suzuki,2024,585,3.5,137,0.848,30.0,1994.0,1441,54.23486739985797,53.04543846698709,52.45821993901311,39.13410330879262,39.49541952895429,0.5788878573126878,1.3613502969599343,1.3749065891904968,-0.8586700538549163,-0.21742804156082207
fg:31347,Zach Neto,Zach Neto,2023,329,1.1,89,0.685,22.0,2001.0,1135,45.66031002756749,41.39706998258158,39.956106648646205,47.249259259947934,40.83107264025263,-0.5621969868983318,-0.1074003961179731,-0.2982447594686175,0.4583598462050723,-0.03196538435100804,Zach Neto,2024,602,3.5,115,0.761,23.0,2001.0,1443,48.65219366301473,46.06914809073052,38.0700318668545,42.90750645599309,45.76302631504167,-0.16681337096750357,0.4841987901007713,-0.5563807667820588,-0.24425617007671716,0.6571438892970266
fg:31837,Masataka Yoshida,Masataka Yoshida,2023,580,0.8,111,0.783,30.0,1993.0,1165,62.36922264469887,43.64792095828541,43.72188263653325,30.933393419928287,37.54943639744926,1.6669708198724658,0.17762820778377028,0.20198160837502302,-2.1854020054838923,-0.4646762565684494,Masataka Yoshida,2024,421,0.9,116,0.765,31.0,1993.0,1613,62.95826230671801,40.64178970482985,45.048082472982905,40.10022556358496,31.79205487978353,1.7441084314415676,-0.19820049801659112,0.380263989136159,-0.701358761206022,-1.2923433521834102
fg:33189,Nolan Schanuel,Nolan Schanuel,2023,132,0.0,113,0.732,21.0,2002.0,1272,59.66713351837892,29.812936302757336,57.06625812265556,41.18135053150513,36.28091185236772,1.3064799710998074,-1.5743164584481337,1.974580005633936,-0.5248613798753363,-0.631941706398611,Nolan Schanuel,2024,607,0.7,105,0.706,22.0,2002.0,1635,60.14173723026357,33.00776632357696,54.62821389275078,37.425188150827,37.43446305982061,1.36789332233837,-1.158050898604014,1.6661789762605461,-1.1369284742498016,-0.5050106452789177
fg:3473,Anthony Rizzo,Anthony Rizzo,2023,421,0.8,99,0.706,34.0,1989.0,1167,50.4058924188956,40.76766130998509,40.0274786333839,48.040756829913086,30.14193086338002,0.07092018436994217,-0.187103351653592,-0.28876407107770735,0.5866111508980671,-1.4414171088283163,Anthony Rizzo,2024,375,-0.2,85,0.637,35.0,1989.0,1755,54.25017975581304,36.32153449001378,39.88906314882331,43.71278145384757,32.15702325974116,0.5809331931466997,-0.7414001309604102,-0.31221714469382883,-0.11313523768752076,-1.2414162420988828
fg:4940,Jason Heyward,Jason Heyward,2023,377,2.2,119,0.813,34.0,1989.0,1048,56.44094477029232,44.42446601390496,44.709365630298734,49.39773192658791,36.53330016601757,0.8760679951327252,0.2759632621517435,0.3331537845393923,0.806490318173478,-0.5986622204176726,Jason Heyward,2024,258,0.8,93,0.7,35.0,1989.0,1623,49.37781374158425,43.478684381093935,41.30026326940551,45.79074882335281,51.01841691673325,-0.0698892429671404,0.15849142647022074,-0.1227955902938617,0.22521503978264665,1.390472775872381
fg:4949,Giancarlo Stanton,Giancarlo Stanton,2023,415,-0.6,88,0.695,34.0,1989.0,1349,38.45901802865163,56.72833326365619,45.91484511343627,38.37463000961618,28.55208551358284,-1.5229350468173595,1.8340202559926448,0.4932834962640311,-0.9796518713441978,-1.6510513635420256,Giancarlo Stanton,2024,459,0.8,117,0.773,35.0,1989.0,1619,42.58130181017557,63.65169725209228,40.67905823587199,39.77768169786158,26.50012144989677,-0.9777279478917554,2.694909448562413,-0.2061782525660685,-0.7538777795820366,-2.030771367166853
fg:5235,Justin Turner,Justin Turner,2023,626,1.2,116,0.8,39.0,1984.0,1119,60.29629659954701,42.51162214134523,45.00598061472848,35.15097763518864,30.03260175377241,1.3904178142070045,0.03373700001227953,0.3725545977546631,-1.5020004401657119,-1.455833055897651,Justin Turner,2024,539,1.2,116,0.737,40.0,1984.0,1587,59.01700222900699,35.828501845882634,50.508821416841165,39.29037524892478,29.87087724212101,1.2176577342559805,-0.8033907167024061,1.1132441269860087,-0.8332246810928269,-1.5604214389933706
fg:5254,Robbie Grossman,Robbie Grossman,2023,420,0.5,106,0.734,34.0,1989.0,1200,52.17109159419039,39.27152556004924,57.52054013383327,36.50875778236109,40.37719808126827,0.306418763138683,-0.3765612449814055,2.0349244980198558,-1.2819908255199208,-0.09181249773114783,Robbie Grossman,2024,245,-0.5,83,0.616,35.0,1989.0,1801,50.06284650917105,32.142054119750505,58.78321800657308,38.734103079918285,40.53720410903557,0.021613467074896003,-1.2668996883099561,2.2238938788455713,-0.9238010999020857,-0.07205907014383968
fg:5361,Freddie Freeman,Freddie Freeman,2023,730,7.7,161,0.976,34.0,1989.0,933,66.80636552421639,51.1961774831584,44.94964731832673,44.49803743575083,53.85122526921925,2.258938489325803,1.1334751485187142,0.36507157158997716,0.012562156050881559,1.6848493945080587,Freddie Freeman,2024,638,3.9,136,0.854,35.0,1989.0,1426,60.89945647391608,48.06056334561166,50.98402693300129,42.18288141318425,38.64046470766409,1.4691050709229676,0.7345858579250069,1.1770296710896708,-0.3622450701404265,-0.3367270841414381
fg:5417,Jose Altuve,Jose Altuve,2023,410,4.1,154,0.915,33.0,1990.0,968,60.002942711717125,43.61591635514391,46.82569833167474,44.370146426578096,44.43991010195413,1.351280914174924,0.17357541732792986,0.6142765660758578,-0.00816082454605097,0.4438896739810634,Jose Altuve,2024,682,3.9,127,0.79,34.0,1990.0,1430,59.046907745918254,39.57962596625933,36.64536920438122,37.93703292222839,40.34444081528712,1.2216523400209403,-0.33174977328603944,-0.747609361568425,-1.0535860584992838,-0.09895695505683702
fg:5517,Kyle Higashioka,Kyle Higashioka,2023,260,1.4,85,0.687,33.0,1990.0,1110,45.79126602890685,45.69549268406538,36.563337469399904,52.17120607011751,35.226390019053014,-0.5447258977270458,0.43691525818711935,-0.7489228159768295,1.2558936908908687,-0.7709891292403768,Kyle Higashioka,2024,263,1.6,104,0.739,34.0,1990.0,1552,45.7242263624128,46.86093527817312,39.29489376654931,47.79755636128886,38.60760630741155,-0.5579142870059367,0.5837527488839104,-0.39197088502144256,0.5519785382160017,-0.34131209330594886
fg:5827,Wilmer Flores,Wilmer Flores,2023,454,2.3,134,0.863,32.0,1991.0,1038,61.43120957469304,42.894995977151474,47.04768266409879,40.585041777929,31.867471389603097,1.5418287124295564,0.08228419854822053,0.6437638262538014,-0.6214850190980816,-1.2138903231323215,Wilmer Flores,2024,242,-0.7,68,0.595,33.0,1991.0,1817,56.34076937013118,32.12941166409317,47.39335362083716,42.96412795055673,32.61405407538747,0.8601820471390818,-1.268489265066677,0.6950633573027885,-0.2350366324277955,-1.1776428854504428
fg:6184,J.D. Martinez,J.D. Martinez,2023,479,2.3,133,0.893,36.0,1987.0,1037,44.644260136508784,61.45442324811211,35.03891692233931,39.69942797970815,34.563001150260895,-0.697750135036699,2.4324920538700043,-0.9514190228078155,-0.7649865652632123,-0.8584624366990852,J.D. Martinez,2024,495,0.6,107,0.725,37.0,1987.0,1642,44.9008019343289,48.52483519044544,43.31051685252678,39.42785630342157,33.06359780563767,-0.6679025536255229,0.7929602555381333,0.14703528124534881,-0.8108389816739976,-1.1149142648479706
fg:6887,Martin Maldonado,Martin Maldonado,2023,407,-0.9,66,0.606,37.0,1986.0,1378,34.32826762173229,41.30246093281316,37.554892168792605,34.613664429234774,32.76566373162583,-2.0740263138498416,-0.11938088068271853,-0.6172097753204183,-1.5890646615952142,-1.095456236298959,Martin Maldonado,2024,147,-1.5,11,0.403,38.0,1986.0,1843,32.358456285185426,37.53155078488447,36.86170691704807,39.228479214255344,33.25472052703117,-2.3432364522118356,-0.5892608765534728,-0.7185709387317107,-0.8433030590366026,-1.0882453028047625
fg:7304,Salvador Perez,Salvador Perez,2023,580,-0.3,87,0.714,33.0,1990.0,1306,47.33882369314932,46.00347850012511,22.444910726305416,34.65039521086346,27.831174933862684,-0.3382632868259781,0.47591595975315487,-2.6243422121601245,-1.5831129431755613,-1.7461093841942497,Salvador Perez,2024,652,3.3,117,0.786,34.0,1990.0,1450,52.65444671061091,50.42648881289485,29.56966604198377,48.13225735871158,21.22295167665688,0.3677844139226108,1.0320613035869315,-1.6973617545466375,0.6064770722206435,-2.7671392848690117
fg:7739,Travis d'Arnaud,Travis d'Arnaud,2023,292,0.7,84,0.685,34.0,1989.0,1177,46.96423011877528,44.97447599160299,38.64896958941448,47.03315157728173,35.395567099129934,-0.3882385279294396,0.3456118429629534,-0.4718781422073991,0.4233425659153289,-0.748681732422761,Travis d'Arnaud,2024,341,1.8,103,0.739,35.0,1989.0,1538,44.78365012889495,47.67826465996979,38.87440577309256,47.7532421269721,36.39280884958185,-0.6835510133645907,0.6865182102074843,-0.44841184485798224,0.544762961255077,-0.6503614250944177
fg:7802,Miguel Rojas,Miguel Rojas,2023,423,0.6,67,0.612,34.0,1989.0,1193,58.17408683862824,32.47510992179553,39.93619903288654,51.301680835188094,40.500714130529495,1.1072897743006551,-1.237201456980196,-0.30088918504143836,1.1149990753229513,-0.07552588536639028,Miguel Rojas,2024,337,2.8,110,0.748,35.0,1989.0,1476,64.84516214327218,35.02488792425724,46.70356136884449,55.73638437097627,42.90639074133652,1.9961495844959043,-0.904431688948311,0.6024744192210654,1.8446382302232103,0.2585334826904343
fg:7859,Charlie Blackmon,Charlie Blackmon,2023,413,0.8,106,0.803,37.0,1986.0,1163,60.70214623235156,37.06276373368401,46.981865685682806,41.405232071207664,39.588831212605086,1.4445629855037927,-0.6562600373563586,0.63502103641145,-0.48858445287884483,-0.19576518783038965,Charlie Blackmon,2024,499,0.0,93,0.741,38.0,1986.0,1728,56.84070619203099,35.86565800683782,43.90266122999255,38.7405497400476,40.05182973274303,0.9269607126542891,-0.7987189526540137,0.226517210684593,-0.9227514062083736,-0.13978744238400156
fg:8090,Matt Carpenter,Matt Carpenter,2023,237,-0.4,85,0.641,38.0,1985.0,1330,40.1519085179928,36.67589302694247,55.79082492891722,41.376275146615306,36.28924024230595,-1.2970833073475716,-0.7052500498553163,1.8051580017805078,-0.4932765245917498,-0.6308435393235,Matt Carpenter,2024,157,-0.2,95,0.686,39.0,1985.0,1752,44.91788207727593,36.35172036495927,46.54297833291005,43.16178382494687,32.657219735605786,-0.6656210870424517,-0.7376047634704886,0.5809197950162307,-0.20285281620192427,-1.171619617544153
fg:8623,Donovan Solano,Donovan Solano,2023,450,1.1,114,0.76,36.0,1987.0,1132,55.79990813271683,39.854189881570974,42.204683634825976,38.8323178962716,31.5313258356444,0.790546078285858,-0.30277759608622945,0.000444674589998255,-0.9054898387199906,-1.2582138937792704,Donovan Solano,2024,309,0.8,117,0.76,37.0,1987.0,1620,55.30222564207443,38.65751753888619,40.94471830195105,40.99108556672582,30.69077702576269,0.7214593901936093,-0.44768944221247736,-0.17051942436391923,-0.5563022344899387,-1.446013920882767
fg:9218,Paul Goldschmidt,Paul Goldschmidt,2023,687,3.4,122,0.81,36.0,1987.0,991,53.14225892456183,49.79880366251248,50.43393757527389,43.888860320873775,43.74228897001694,0.4359840435047981,0.9565236250607889,1.0935765608026358,-0.08614662428755544,0.35190255958352534,Paul Goldschmidt,2024,654,1.2,100,0.716,37.0,1987.0,1588,49.12890861287961,48.75983487305126,40.165406848036326,41.022033584060544,45.40112238922398,-0.10313654863993067,0.8225075241568075,-0.27512428147045354,-0.5512630455180502,0.6066443882929121
fg:9241,Starling Marte,Starling Marte,2023,341,-0.3,75,0.625,35.0,1988.0,1314,50.88757865188361,36.78149132882324,32.756999827134884,39.15728447076854,53.55230386699547,0.13518286071194802,-0.6918779799651449,-1.2545371859503067,-0.8528334709149942,1.64543413604839,Starling Marte,2024,370,0.6,103,0.715,36.0,1988.0,1643,53.57962266231251,42.91572773711357,39.81899108378292,36.584975878843856,52.88414410081501,0.49136405981989856,0.08770907052867775,-0.3216227274218765,-1.2737381564090666,1.6508133941540475
fg:9774,Christian Vazquez,Christian Vazquez,2023,355,0.8,63,0.598,33.0,1990.0,1169,46.92936731258615,32.50848972367184,37.74745121928098,57.78062186140728,31.877498454038324,-0.3928896412000196,-1.2329745230649696,-0.5916312186747089,2.1648224369766913,-1.2125681717796044,Christian Vazquez,2024,315,0.7,59,0.575,34.0,1990.0,1639,51.58967801589872,36.78602934329562,31.98446173435169,56.281521399759406,35.25772165813899,0.22555877780113648,-0.6829976937752895,-1.3732302958432705,1.9334015417433301,-0.8087496952258156
fg:9777,Nolan Arenado,Nolan Arenado,2023,612,2.8,107,0.774,32.0,1991.0,1013,57.914791600141406,44.136309703149614,38.77716851462694,48.72635150875916,35.14554628042193,1.0726967034450938,0.2394736003097857,-0.45484885450500645,0.6977023473706665,-0.7816490446204222,Nolan Arenado,2024,635,3.2,103,0.719,33.0,1991.0,1456,60.87912768504177,35.43747089920727,42.52713698152805,54.66416501048608,33.12007920568916,1.4663896690299685,-0.8525562997853897,0.04188433157776659,1.6700514087674339,-1.1070329396808853
fg:9847,Andrew McCutchen,Andrew McCutchen,2023,473,1.3,115,0.776,37.0,1986.0,1114,51.74318078042877,42.10769530599959,58.92592049994212,41.00626308423458,36.02674050647275,0.24933036773774614,-0.01741285539785713,2.22160801776152,-0.5532318947068633,-0.6654562999237427,Andrew McCutchen,2024,515,0.5,106,0.739,38.0,1986.0,1653,46.37250870961978,44.90569023218429,52.96732746597107,38.61112339716786,33.36383995035796,-0.47132048529508014,0.3379134781727765,1.4432427080063834,-0.9438255768945744,-1.0730189511828245
fg:9874,DJ LeMahieu,DJ LeMahieu,2023,562,1.3,100,0.718,35.0,1988.0,1117,55.35679704486792,42.97331043100757,51.47260374999245,44.73693828696831,28.522811039409085,0.7314297854133202,0.09220127421821249,1.2315476482100527,0.051272756087540935,-1.6549114450124236,DJ LeMahieu,2024,228,-0.5,53,0.527,36.0,1988.0,1805,55.47269690181328,34.97602127783164,45.9093223517444,48.41971382175875,33.556574022643815,0.7442299538636279,-0.9105758501336386,0.49586587590395353,0.6532828957672188,-1.0461251437864676
fg:10155,Mike Trout,Mike Trout,2024,126,0.9,140,0.867,33.0,1991.0,1611,55.26999946736198,53.63653363006378,52.14570417158674,42.58687089885253,46.32220545680858,0.7171548043985887,1.435670599732092,1.332958447621476,-0.2964644632950747,0.735170861696776,Mike Trout,2025,556,1.8,120,0.797,34.0,1991.0,1983,44.980026452564246,53.6532765353439,57.237392586768784,37.74903477869005,38.31175771839489,-0.6566907447955239,1.4611977740262236,2.03651352840688,-1.088268079950144,-0.46582521078468353
fg:10231,Jose Iglesias,Jose Iglesias,2024,291,2.5,136,0.83,34.0,1990.0,1492,65.19512165228691,36.11186997707124,32.25405557807108,46.8821950009426,42.789942031505525,2.042895149080552,-0.7677619269212501,-1.3370434473664428,0.4029325162217442,0.24228441403014947,Jose Iglesias,2025,343,-0.2,73,0.592,35.0,1990.0,2225,54.89597134124196,29.57213540210781,41.44706235087694,42.3910369377499,39.7786135950219,0.6570237101734399,-1.6101449245058073,-0.10355745292648968,-0.33491204981658984,-0.21896503963477204
fg:10243,Randal Grichuk,Randal Grichuk,2024,279,1.6,139,0.875,33.0,1991.0,1549,59.83764986216956,51.04819093074608,42.90398460227328,40.48909065223593,41.70382270625999,1.3272750926905068,1.110229917575066,0.09246756286606986,-0.6380408224479917,0.09072904244389397,Randal Grichuk,2025,293,-0.4,82,0.674,34.0,1991.0,2248,54.02506946215895,48.70169244550662,38.13356270680344,40.42705105526272,38.74989067727082,0.5416422311257536,0.8296657566543627,-0.5526376386481179,-0.6536496455717258,-0.39209092036261795
fg:10324,Marcell Ozuna,Marcell Ozuna,2024,688,4.7,154,0.925,34.0,1990.0,1412,53.95508163699043,60.62742384368335,47.146313638846976,37.285175762476456,29.55164084693581,0.5415156953594066,2.3146577912678046,0.661903852350213,-1.1597263444872665,-1.6049671803051848,Marcell Ozuna,2025,592,1.2,114,0.756,35.0,1990.0,2039,49.39354832211946,46.21433768585333,58.51249277110006,38.48073709889807,32.3336597842833,-0.0719650789664654,0.5124250230258307,2.209328464004461,-0.9695192434991367,-1.471891520829516
fg:10472,Enrique Hernandez,Enrique Hernandez,2024,393,0.6,82,0.654,33.0,1991.0,1647,50.61999448113456,42.3199324907553,41.3500140025273,45.96273122051404,41.67933155159737,0.09603406670354893,0.012797811114744236,-0.11611768468499627,0.2532185073314859,0.08731158548571794,Enrique Hernandez,2025,256,-0.2,70,0.621,34.0,1991.0,2222,43.87902586410274,42.98896545768957,37.538731842746174,46.40086387750172,36.38247008407562,-0.8025568628739684,0.10105650073655748,-0.6332553491046661,0.31584751498848557,-0.7905089668334477
fg:10681,Gio Urshela,Gio Urshela,2024,461,0.7,80,0.647,33.0,1991.0,1637,57.08347058902852,35.206429548515366,32.778138476647214,49.491933182248935,33.75644004692871,0.9593877749468676,-0.8816058745559462,-1.2666972251440582,0.8278697172229952,-1.0182361550962822,Gio Urshela,2025,197,-0.4,68,0.613,34.0,1991.0,2254,47.60791132020391,32.263052231412686,34.21706818466472,43.5841364759723,35.27010332733738,-0.3085352865542881,-1.2669415974576652,-1.0834420075351363,-0.14128251220098398,-0.9777114400452707
fg:10815,Jurickson Profar,Jurickson Profar,2024,668,4.3,139,0.839,31.0,1993.0,1415,63.28434333344765,47.38168120324839,53.95713438103333,37.88169671097661,33.82220328502887,1.7876644466438196,0.6492278148910741,1.5761017984163097,-1.0625963166515302,-1.0090596569387411,Jurickson Profar,2025,371,1.3,122,0.787,32.0,1993.0,2025,56.53485111522413,42.598348732422856,53.4323344399304,36.61362270375962,43.17475710596819,0.8741507790718377,0.051236692761735744,1.5208121845663638,-1.2725354508012885,0.3525788875639048
fg:11442,Gary Sanchez,Gary Sanchez,2024,280,0.4,97,0.699,32.0,1992.0,1673,45.03877926594878,47.948194389591166,47.07647060747879,43.18218276206999,37.16603835908336,-0.649472340699996,0.7204573463835394,0.6525290121891241,-0.1995313078197464,-0.5424662031698213,Gary Sanchez,2025,101,-0.1,100,0.715,33.0,1992.0,2196,49.27595008463465,49.56121547194616,40.13379698945388,39.70163870489793,37.70886025615635,-0.08754508734661122,0.9392905355163468,-0.2815449331619238,-0.7713776753646616,-0.5672880559663692
fg:11445,Mark Canha,Mark Canha,2024,462,0.8,101,0.69,35.0,1989.0,1624,51.82300792074661,35.7199998450576,51.9005625667645,40.75497605813648,44.581808534557545,0.25672563526788855,-0.8170330234855108,1.30005375667348,-0.5947473606824498,0.4923186297841334,Mark Canha,2025,125,-0.7,49,0.537,36.0,1989.0,2279,49.112498485684526,31.191813417272776,40.50966299728204,43.18967627324947,36.55850685307521,-0.10919998061591048,-1.4035689064372951,-0.2306036340119985,-0.2052999258484469,-0.7608833794691033
fg:11477,Christian Yelich,Christian Yelich,2024,315,3.0,154,0.909,33.0,1991.0,1464,60.50234690014736,50.88801376454104,52.01485249907856,41.2989409668961,54.84828582458027,1.4160614737363968,1.0900903254532468,1.3153945834743341,-0.5061749025611879,1.9248866215372533,Christian Yelich,2025,644,2.4,121,0.795,34.0,1991.0,1956,49.40385409787071,51.93411094742774,45.60707309572995,36.37840222651253,43.12956702095402,-0.07059971775015282,1.2419329706350624,0.460250785666192,-1.3107096607376485,0.34497375586785234
fg:11493,Manny Machado,Manny Machado,2024,643,3.5,122,0.797,32.0,1992.0,1442,56.096428409626526,53.94658210278776,38.63596540013429,43.66553691947203,40.9078383518232,0.8275443966231644,1.4746539949724646,-0.4804170476770059,-0.12082794814558621,-0.020341354527674403,Manny Machado,2025,678,3.8,123,0.795,33.0,1992.0,1891,54.86076776628988,52.36721556901106,41.08962686347997,40.69917116798431,41.37309560470545,0.6523597627836217,1.297171744821078,-0.15200085485979953,-0.6094869500763513,0.049373594090469666
fg:11579,Bryce Harper,Bryce Harper,2024,631,5.1,144,0.898,32.0,1992.0,1410,53.78975799519754,54.86961972018653,43.6491405336425,47.44432777006666,35.834697082082,0.5194327206845474,1.5907104939600356,0.1924878170679195,0.4944632020252867,-0.7282394577783304,Bryce Harper,2025,580,3.5,131,0.844,33.0,1992.0,1899,49.41290196712112,52.85529614165114,41.77929358061443,42.41712690275929,43.24967350742883,-0.06940101033957574,1.3594222293300733,-0.0585299960441897,-0.3306778784844122,0.3651867217630187
fg:11609,Willson Contreras,Willson Contreras,2024,358,2.7,141,0.848,32.0,1992.0,1479,45.36127133263122,53.22085711425483,45.88485831306783,42.65217013030415,39.1579210302256,-0.6063957179970378,1.383406249691743,0.4925821345228198,-0.2858319512525471,-0.26452204789669687,Willson Contreras,2025,563,2.8,124,0.791,33.0,1992.0,1937,49.4715757977622,50.9469163192008,39.62226559865924,46.147609339073725,37.93402669091496,-0.061627604949879004,1.1160247756430006,-0.3508730263130341,0.27474653589672626,-0.5293943368168497
fg:11680,Elias Diaz,Elias Diaz,2024,351,0.5,81,0.695,34.0,1990.0,1656,49.58820180801551,37.91328794805864,34.48173105864375,46.835536526578814,30.890006333233707,-0.04178682341897589,-0.5412638308682796,-1.0380286258153488,0.395335232463106,-1.4182137786490243,Elias Diaz,2025,283,0.4,74,0.607,35.0,1990.0,2134,38.60554003283572,39.85679773602761,37.54889724916982,48.29993790598112,34.380659976686545,-1.501214897220238,-0.29842458735967775,-0.6318776267280146,0.6240504890505941,-1.1273976779834556
fg:11737,Nick Castellanos,Nick Castellanos,2024,659,0.2,104,0.742,32.0,1992.0,1694,49.48952604049421,45.13621159784248,30.7026532241998,29.26654714959107,34.60997956688851,-0.05496736100914711,0.3668976735466529,-1.5452839662581421,-2.4653797709633434,-0.8991346014232373,Nick Castellanos,2025,589,-0.6,90,0.694,33.0,1992.0,2269,46.81795711943469,39.80756265018877,27.668728464758708,31.55439642941835,39.57691933654156,-0.4131924083883295,-0.30470409963719214,-1.9709416102115604,-2.0936032769216095,-0.25290857830259494
fg:11739,J.T. Realmuto,J.T. Realmuto,2024,413,2.0,107,0.751,33.0,1991.0,1520,52.89508962715836,46.420801417727965,37.18621190200562,42.22708248421266,35.145116325084174,0.3999281011422461,0.5284132979597975,-0.6750135170983864,-0.35504791927732016,-0.8244624651738678,J.T. Realmuto,2025,550,2.1,94,0.7,34.0,1991.0,1974,52.651015222255175,42.17771889451767,37.61160477373066,44.27207690504841,41.5835173007123,0.35960058636690534,-0.0024110299224593392,-0.6233788460426765,-0.02963584490987812,0.08478589104315448
fg:11899,Joc Pederson,Joc Pederson,2024,449,3.0,152,0.908,32.0,1992.0,1465,54.53842422768464,55.86599582755198,49.88915723500445,39.42785630342157,35.47062055389703,0.6194352204640194,1.7159880780108072,1.0300682890466881,-0.8108389816739976,-0.7790421202780827,Joc Pederson,2025,306,-0.8,76,0.614,33.0,1992.0,2287,46.50666818835935,43.99169236678416,48.2749268573094,41.18213865038621,39.80581673685667,-0.45443353800497893,0.22894570473356932,0.8218262772679854,-0.5311055851483393,-0.2143869673400433
fg:12005,Nick Martini,Nick Martini,2024,163,-0.5,72,0.641,34.0,1990.0,1798,48.20327144885847,39.2798662681892,37.85194558378851,43.051584299166734,41.20675499013388,-0.22677780060796393,-0.36943952767939764,-0.5856538954681785,-0.22079633190480497,0.02136900007102314,Nick Martini,2025,111,-0.5,49,0.582,35.0,1990.0,2263,52.62013927561774,31.71743915309422,45.02346579244792,44.33839255798309,37.56206104247438,0.3555099850309937,-1.3365298588712478,0.3811542097498016,-0.01887339902581457,-0.5919931954361941
fg:12144,Max Kepler,Max Kepler,2024,399,0.9,93,0.682,31.0,1993.0,1617,52.18044341889279,41.740313812531895,35.60396088761153,47.7433922700606,39.25950322278925,0.3044697991869618,-0.06007951617337054,-0.8873947677985383,0.5431591334626131,-0.2503474295258749,Max Kepler,2025,474,0.6,90,0.691,32.0,1993.0,2114,50.02465619405302,46.01142963813371,45.91663027721264,43.16249556782888,40.48363060055585,0.011647279039931905,0.4865458444857027,0.5022052179838028,-0.2097111147342429,-0.10031628795924372
fg:12161,Xander Bogaerts,Xander Bogaerts,2024,463,2.0,95,0.688,32.0,1992.0,1525,59.1495853841076,38.86011503453021,43.17717325403963,48.92112267623688,48.44563288713964,1.235367424319956,-0.42221620514727903,0.12913693265089088,0.7349260570258421,1.031470564464259,Xander Bogaerts,2025,552,3.2,104,0.72,33.0,1992.0,1912,57.730924594651874,40.55508443528653,48.7145390276688,51.660646305655206,48.2136063008515,1.0326126338692967,-0.2093641170362469,0.881407124202311,1.1694638369254111,1.2005771091122777
fg:12533,Marcus Semien,Marcus Semien,2024,718,4.3,101,0.699,34.0,1990.0,1417,55.75182349094127,41.06542963554541,45.72052016966149,60.45093551904027,43.79483728567248,0.7815140672060815,-0.14493488211597255,0.47052347245411824,2.6122969107705187,0.3825059072957336,Marcus Semien,2025,534,2.1,89,0.669,35.0,1990.0,1976,52.30180501739101,38.14003518586098,45.848199279221504,50.593212909884855,46.67865629302837,0.3133354548940033,-0.5173829039275826,0.49293073221708755,0.9962288064547666,0.9422572375587847
fg:12552,Eugenio Suarez,Eugenio Suarez,2024,640,3.9,115,0.788,33.0,1991.0,1431,48.10830239544234,49.84366593536168,41.695084908587226,49.358404419286906,39.67694279792284,-0.2394632167936973,0.9587811019771847,-0.06979975539151702,0.8061275596407959,-0.19209857191542945,Eugenio Suarez,2025,657,3.8,125,0.824,34.0,1991.0,1890,39.90533574650996,57.27828752836298,37.116219295401294,42.957209562638965,35.731011086174384,-1.3290113970262938,1.9235367879420204,-0.6905186759834625,-0.24302722373475447,-0.9001443320261397
fg:12564,Trevor Story,Trevor Story,2024,106,0.7,103,0.733,32.0,1992.0,1633,42.7301815488466,35.990930768216856,39.33185921267146,46.9259231752476,38.924333975378126,-0.9578414545686115,-0.7829680040143165,-0.3870091137167053,0.4100526664832383,-0.2971164158195264,Trevor Story,2025,654,3.0,101,0.741,33.0,1992.0,1926,47.52230866554091,47.753410553695325,31.265977603085723,38.649172545156176,60.28730611197031,-0.319876358542587,0.7087205469381576,-1.4834047203204601,-0.9421836553673807,3.232484707723149
fg:12856,George Springer,George Springer,2024,614,1.1,94,0.674,35.0,1989.0,1596,49.99928567581884,41.96668162852304,46.62652683594572,39.1754872430506,51.11485860198396,0.013123379039040475,-0.03161756000582966,0.5921342833669523,-0.8519316103911345,1.4039300959889085,George Springer,2025,586,5.2,166,0.959,36.0,1989.0,1863,59.81576518131948,55.798190317064055,51.435075793861614,32.52391667397144,49.90645523477518,1.308822843361136,1.734763102430644,1.250122768524042,-1.9362586877673131,1.4854701134067991
fg:12859,James McCann,James McCann,2024,233,0.2,88,0.667,34.0,1990.0,1703,47.484820030199714,41.92975215893822,35.602255354336855,39.95028712029376,36.141919546934666,-0.3227443805314445,-0.03626082141651881,-0.8876236968917673,-0.7257728663722167,-0.6853701212900353,James McCann,2025,137,0.7,110,0.754,35.0,1990.0,2094,46.95613777320964,47.057004705456,38.44022720409255,44.542274764246095,37.75248303531775,-0.3948855375556273,0.619899963006078,-0.5110752531976942,0.014214885783659658,-0.5599466893730942
fg:12916,Francisco Lindor,Francisco Lindor,2024,689,7.7,137,0.844,31.0,1993.0,1398,57.82425966224828,53.937377634452886,43.473619244548814,59.042843041103865,54.38492873238109,1.0583380894083538,1.4734966874588256,0.16892807176638439,2.383020701911245,1.8602305062715587,Francisco Lindor,2025,732,6.3,129,0.811,32.0,1993.0,1856,57.56858063459476,48.62958554744261,44.71999228749685,50.493064446628,50.45785075636263,1.0111044861941862,0.8204691411926044,0.34002430101153536,0.9799755936991649,1.578265591816969
fg:12927,Brandon Nimmo,Brandon Nimmo,2024,663,2.8,108,0.727,31.0,1993.0,1478,50.336386609696405,48.23849238952982,50.34053957421561,43.86495097389744,46.601479233143465,0.05815136962138862,0.7569574509306533,1.090656112896078,-0.0883578518214299,0.7741402824251676,Brandon Nimmo,2025,652,3.0,114,0.76,32.0,1993.0,1925,53.723897778522485,48.67672645480514,43.20787829471381,44.43937253435264,44.746126454281445,0.5017414855425126,0.8264815589941121,0.13508677101184358,-0.0024852390219957648,0.6170278443055291
fg:12976,Austin Hedges,Austin Hedges,2024,146,0.4,20,0.422,32.0,1992.0,1681,32.15358947016573,28.300703230178087,34.84879377113523,56.98586066873349,41.11686464934245,-2.3706013749702315,-1.7498851346484519,-0.9887587961517018,2.048087359522681,0.008825844191184453,Austin Hedges,2025,180,1.2,51,0.527,33.0,1992.0,2043,39.12309539625584,35.395786674294754,41.60588452792856,60.553829532018575,35.48736894710753,-1.4326465489886862,-0.8673882289378462,-0.082032207588189,2.612749079175347,-0.9411473651855238
fg:12979,Javier Baez,Javier Baez,2024,289,-0.7,41,0.516,32.0,1992.0,1819,42.24759478751063,39.35437665778175,30.466337322229737,44.86249414274791,43.98936462254954,-1.0223025994685968,-0.36007109589361586,-1.5770040071139577,0.07406963040096394,0.4096499439948527,Javier Baez,2025,437,1.4,86,0.68,33.0,1992.0,2019,45.45867809583672,39.84799992059747,25.29267235975885,47.84056584925051,44.11860674028856,-0.5932765578752551,-0.29954667314601474,-2.29296962636869,0.5494984537101051,0.5114212700915473
fg:13066,Teoscar Hernandez,Teoscar Hernandez,2024,652,3.4,132,0.84,32.0,1992.0,1446,45.531885655872735,56.30883617482172,39.11917292174863,33.496572020229515,42.93186205463124,-0.5836060447328192,1.771667824259289,-0.4155574161428316,-1.776615303489053,0.2620877094327841,Teoscar Hernandez,2025,546,0.6,102,0.738,33.0,1992.0,2112,46.13963220769018,49.65472385981447,35.2196955336702,35.28737340507088,38.96272795516728,-0.5030603182777663,0.951216727167391,-0.9475554451489608,-1.4877740207958172,-0.3562721002005321
fg:13145,Josh Bell,Josh Bell,2024,603,-0.1,101,0.725,32.0,1992.0,1739,51.249719490831765,43.87698883473259,43.26575129223745,33.02025058296854,28.72459093893972,0.18014908673613478,0.2085715310608981,0.1410265218285108,-1.854173542770073,-1.7203724154513231,Josh Bell,2025,533,0.1,107,0.741,33.0,1992.0,2167,53.75428248916644,48.64972596637755,48.155490558448406,36.09988923618784,28.2891485801438,0.5057670054532368,0.8230378786248949,0.805639018769155,-1.3559098639133673,-2.152550571238384
fg:13152,Jorge Polanco,Jorge Polanco,2024,469,0.3,93,0.651,31.0,1993.0,1690,43.95802787290156,41.88723815622048,46.09290157053141,35.92084842410424,36.28230483444861,-0.7938328531086171,-0.041606244203592456,0.520507215194529,-1.3818763841234927,-0.6657809804655598,Jorge Polanco,2025,524,2.6,132,0.821,32.0,1993.0,1946,56.635000756814414,50.13246122915621,44.58595975100615,37.3859128469513,38.36016835433795,0.8874191093514207,1.0121480249420862,0.32185880747130147,-1.1471995684707221,-0.45767808599566817
fg:13185,Orlando Arcia,Orlando Arcia,2024,602,0.8,72,0.625,30.0,1994.0,1628,46.430116932718114,38.548214330083056,40.22544144601847,49.83472585654789,35.290378484275955,-0.4636255124651331,-0.46143248746078264,-0.26706600064855024,0.883685798921818,-0.8041928133943498,Orlando Arcia,2025,214,-0.8,33,0.529,31.0,1994.0,2291,46.59201958977384,33.465390058905335,34.17215553906864,46.838044307487934,36.89297461630172,-0.4431257533158863,-1.1135937354436958,-1.0895290397947024,0.3867980449324867,-0.7045951165321306
fg:13324,Ildemaro Vargas,Ildemaro Vargas,2024,303,0.0,72,0.611,33.0,1991.0,1736,62.01054790741147,31.857484059362008,44.80715169162724,45.50153418027037,38.67372902915232,1.6175182302342648,-1.3026796005289645,0.3479245055706668,0.17812293613778635,-0.33208543337017127,Ildemaro Vargas,2025,121,0.2,85,0.674,34.0,1991.0,2159,56.20621226240216,40.04631140112423,33.509088464233024,46.98756510290977,37.38193379301031,0.8306110442040486,-0.27425374726758583,-1.1793948364141966,0.41106395197037127,-0.6223071781116509
fg:13419,Christian Walker,Christian Walker,2024,552,3.1,120,0.803,33.0,1991.0,1460,50.34680075568268,53.36333899063143,45.815731700898176,52.6602877726088,35.12249505029334,0.05954243093349844,1.4013209559071291,0.48330345736243413,1.3437650438312196,-0.827619002054293,Christian Walker,2025,640,1.1,99,0.717,34.0,1991.0,2051,43.61169197563396,48.902908708168006,36.07568257237356,43.238789378115946,35.9826616329518,-0.8379746064704976,0.8553291625424662,-0.8315431138955808,-0.19732930187156433,-0.8577935475780513
fg:13510,Jose Ramirez,Jose Ramirez,2024,682,6.4,141,0.872,32.0,1992.0,1401,63.58066383127981,53.135100932567845,43.87775504245921,46.731783660928,57.83073927243319,1.8272452227403615,1.3726238481671111,0.22317412086484728,0.3784414104539396,2.3410534551638214,Jose Ramirez,2025,673,6.3,133,0.863,33.0,1992.0,1855,65.76446390266787,46.038571227943656,49.41980531913209,50.45840012319312,60.89465356958131,2.096936491251013,0.4900075211242017,0.9769922007602707,0.9743498795794084,3.3346964517140267
fg:13611,Mookie Betts,Mookie Betts,2024,516,4.3,140,0.863,32.0,1992.0,1414,66.1589954442929,45.246012320675256,61.82213793331845,43.37456409635432,44.58860321176362,2.1716438283849557,0.380703272839765,2.631799836211603,-0.1682063318887328,0.4932667482871739,Mookie Betts,2025,663,3.4,104,0.732,33.0,1992.0,1905,62.87071627834092,38.888948804405786,54.90670677209225,49.99346670197211,40.96729150585516,1.713558192380965,-0.42186540492608554,1.7206345693172782,0.8988952838067921,-0.018920006454575946
fg:13613,Ketel Marte,Ketel Marte,2024,583,6.3,152,0.932,31.0,1993.0,1402,61.09936938847248,62.8285626338338,48.988262848443455,50.65512525141967,44.28705925754269,1.495808280345712,2.5914140761205338,0.9091436855381612,1.0172693993983335,0.4511897821847515,Ketel Marte,2025,556,4.6,145,0.893,32.0,1993.0,1872,60.69862555429724,55.78300390022726,51.71117346045743,45.404162927528034,34.56902590254828,1.4257886440711112,1.7328262054119148,1.2875424168447909,0.15409173694839237,-1.0956971916316773
fg:13620,Carson Kelly,Carson Kelly,2024,313,1.8,98,0.687,30.0,1994.0,1541,52.69196886783809,39.246556520313625,45.7890972312104,53.03801772103641,30.94732666668625,0.37279640639270134,-0.373627669795959,0.47972838492919456,1.405269875300111,-1.41021539004298,Carson Kelly,2025,421,2.7,115,0.761,31.0,1994.0,1944,54.176749240295976,43.86420488995035,49.5137334649887,48.844750417238494,35.99550120444156,0.5617375341253312,0.21268577215971937,0.9897223271271828,0.7124687569841609,-0.8556327498705484
fg:13624,Corey Seager,Corey Seager,2024,533,4.6,142,0.864,30.0,1994.0,1413,57.40862638067415,56.71583033791175,43.7378439436562,49.97001279954518,25.84882799337808,1.0028202026046709,1.8228405140676598,0.20439423456343442,0.9057142366023012,-2.1216518252528673,Corey Seager,2025,445,4.0,138,0.86,31.0,1994.0,1884,54.35930518443825,54.78202098206546,49.97002977101982,48.55709078267411,37.95368853266924,0.5859234675237762,1.6051594324777878,1.0515643829194794,0.6657841340780432,-0.5260854053138143
fg:13675,Tyrone Taylor,Tyrone Taylor,2024,345,1.0,97,0.701,30.0,1994.0,1604,52.07102794948748,40.15995259418229,36.29131735044322,45.3738660174259,46.145028179447166,0.2898547144131681,-0.258783433197101,-0.7951327790717179,0.15733504554987077,0.7104478248416127,Tyrone Taylor,2025,341,0.8,70,0.598,31.0,1994.0,2088,51.4049773450942,33.121689888003814,36.001203380048864,50.61374151040385,49.17851252956053,0.1945191958345406,-1.1574297399146656,-0.8416373143224298,0.999560417354818,1.3629631489122145
fg:13723,Jacob Stallings,Jacob Stallings,2024,281,0.9,113,0.81,35.0,1989.0,1612,49.693229642772856,41.31174665465837,46.27964416173172,39.818516537367,31.732972409161704,-0.02775781347248983,-0.11396464824850999,0.5455731653612895,-0.7472287438561297,-1.3005876266210286,Jacob Stallings,2025,129,-1.5,-7,0.363,36.0,1989.0,2305,34.98690423585584,26.893188591630462,32.57996273020755,41.72222131026588,36.03482488795013,-1.9806300419321334,-1.9518215784729767,-1.3053196898968877,-0.44345493039868156,-0.8490148868644755
fg:13757,Chris Taylor,Chris Taylor,2024,246,-0.6,73,0.598,34.0,1990.0,1811,40.97877592728045,34.77618570649445,47.203533343637226,40.30773129488661,38.232185405764845,-1.191784075037278,-0.935701821540886,0.669584297714124,-0.6675711171876847,-0.3936977317232113,Chris Taylor,2025,125,-0.4,56,0.557,35.0,1990.0,2257,36.29538651757946,36.063711355961175,36.92744112397631,44.124791421666174,40.48432797687303,-1.8072757013353176,-0.7822001731536385,-0.7161038715139201,-0.05353898050850822,-0.10019892507461468
fg:13770,Rob Refsnyder,Rob Refsnyder,2024,307,1.3,132,0.83,33.0,1991.0,1574,51.13131807084972,48.075554149165015,45.37092822519318,39.763180326115226,34.45801507384237,0.16433371072230146,0.7364707000426179,0.4235986964701322,-0.7562390020083761,-0.920339486260655,Rob Refsnyder,2025,209,1.0,128,0.838,34.0,1991.0,2056,51.66760711705387,51.45588431007603,50.36847642593192,42.97025454514366,41.05659313115957,0.22931371431987121,1.1809392709284272,1.1055660479288987,-0.24091013806866568,-0.0038912535567077783
fg:14161,Byron Buxton,Byron Buxton,2024,388,3.7,140,0.859,31.0,1993.0,1435,47.73891388261623,54.30011979661696,33.01547472420866,46.75101047802759,48.42305953800525,-0.28880399519332794,1.5191054303555487,-1.234840226074361,0.38157206543725725,1.0283207150540798,Byron Buxton,2025,542,5.0,136,0.878,32.0,1993.0,1864,46.163885251277286,59.92591152732524,37.60297403744172,42.84708294202971,63.37482631086041,-0.4998471525840201,2.261218486358201,-0.6245485738446653,-0.26089980346897357,3.7520897874528902
fg:14162,Carlos Correa,Carlos Correa,2024,367,4.2,154,0.905,30.0,1994.0,1420,61.160550591585846,50.591440022956434,51.0631702248108,49.61960134509341,40.07142595400558,1.5039805111547961,1.0528011516523437,1.187652859917562,0.8486576078109107,-0.13705301668500083,Carlos Correa,2025,584,2.6,106,0.734,31.0,1994.0,1950,58.270441848960495,43.54706894520256,42.74259231597517,46.2161064728308,32.93022373738616,1.1040906043146241,0.17223780655235663,0.07202634059370752,0.28586301688802546,-1.3714945548348219
fg:14221,Jorge Soler,Jorge Soler,2024,574,1.1,120,0.78,32.0,1992.0,1592,48.03272900121621,50.89209729069528,49.5865928042731,32.84475182573678,29.532821079656813,-0.24955787314586872,1.0906037603772978,0.9894558883393895,-1.8827495705154822,-1.6075932608442551,Jorge Soler,2025,315,-0.3,88,0.68,33.0,1992.0,2229,41.67851352915452,46.07043020413593,44.47839569642559,38.54128123658652,36.096412956792165,-1.0940918497272967,0.49407085987419974,0.30728059989720213,-0.9596934636623453,-0.8386501049814062
fg:14344,Matt Olson,Matt Olson,2024,685,2.6,117,0.79,30.0,1994.0,1486,49.85657393964397,52.84319679255029,43.49103742200481,43.938455045513656,27.614048463002696,-0.005939228229815088,1.3359217984436276,0.17126606635723496,-0.0763893659869029,-1.8753357548292569,Matt Olson,2025,724,4.7,136,0.85,31.0,1994.0,1869,52.49960859150707,55.05481828920544,49.97235241589586,48.24864332029224,32.62725821164723,0.3395414713128221,1.639952385719825,1.0518791720863245,0.6157258299664747,-1.4224812418898662
fg:14551,Anthony Santander,Anthony Santander,2024,665,3.2,128,0.814,30.0,1994.0,1452,53.10152875557083,54.09545500651928,40.59288063573979,39.83434015768441,34.95167943797264,0.4275030444183183,1.493372265685943,-0.21774563747017842,-0.7446522229715637,-0.8514543422386178,Anthony Santander,2025,221,-0.9,61,0.565,31.0,1994.0,2294,42.84924066792402,38.90210953574883,43.10449590261164,41.36382922990483,35.495061146907645,-0.9389880061407839,-0.42018686669178207,0.1210753061461004,-0.5016188057353507,-0.9398528291718405
fg:14813,Kyle Farmer,Kyle Farmer,2024,242,0.5,84,0.647,34.0,1990.0,1662,50.61285601409024,36.93282708242842,41.30204797435735,49.35957653931042,33.77134832282727,0.09508055161491727,-0.66454034020496,-0.12255603420171582,0.8063184130396527,-1.0161558778735134,Kyle Farmer,2025,300,-1.0,65,0.645,35.0,1990.0,2299,50.43262833531527,36.24420309665064,38.19393042208196,39.86919356150066,34.56472680689546,0.06569748859815852,-0.7591800020228439,-0.5444559734297864,-0.7441849991713801,-1.0964206952188782
fg:14854,Mike Yastrzemski,Mike Yastrzemski,2024,474,1.7,106,0.739,34.0,1990.0,1546,47.23235236178904,46.38455094287751,45.45766990243124,42.94314295342186,43.42288157296751,-0.35646754962735716,0.5238554087486981,0.4352417959101427,-0.23845356750940055,0.33060379585886357,Mike Yastrzemski,2025,558,2.3,106,0.735,35.0,1990.0,1962,54.386252245377385,43.20396253663272,54.29557751920815,47.02280171215885,42.14927639264476,0.5894935502412684,0.1284775313664727,1.6378079304564646,0.4167825430329468,0.17999864404054905
fg:14968,Victor Caratini,Victor Caratini,2024,274,1.9,113,0.744,31.0,1993.0,1529,54.89460733838682,44.55943096967083,44.14667935073098,52.25091058354637,29.237405864365464,0.6670120977209494,0.2943771834521141,0.2592710994193543,1.2771071705931962,-1.6488150324167228,Victor Caratini,2025,386,0.8,104,0.728,32.0,1993.0,2082,56.42882400461277,41.39822093678724,42.746515802714654,39.93826298107193,35.434170454382794,0.8601037720147717,-0.10182929867267665,0.0725580926211429,-0.7329756412372641,-0.9501002481702807
fg:15112,Ryan McMahon,Ryan McMahon,2024,645,1.9,88,0.722,30.0,1994.0,1531,45.68327110233341,49.72951968618265,45.77753709878261,53.08526225541195,34.86346186712148,-0.5633848534737896,0.9444291256302035,0.4781766997914142,1.4129625857581765,-0.8637640824485736,Ryan McMahon,2025,586,1.9,86,0.693,31.0,1994.0,1982,38.453001592108734,49.94761589677179,47.82308749857192,52.37218216040261,38.94594880293267,-1.5214239601760315,0.98857259058723,0.7605882736662358,1.284939833804041,-0.3590958979971578
fg:15161,Mitch Garver,Mitch Garver,2024,430,-0.4,89,0.627,33.0,1991.0,1786,37.76565524170094,42.48314549374501,53.6906406641814,38.386035865513534,33.47370172412369,-1.620974128906337,0.033319108794479975,1.5403310715380476,-0.9804760218957627,-1.0576890131555952,Mitch Garver,2025,290,0.0,86,0.639,34.0,1991.0,2187,42.27208459265952,42.15554494566221,49.56838968412022,40.97851567142169,40.18990292697104,-1.0154525576646523,-0.00523912662842674,0.9971299105510493,-0.5641517996524156,-0.14974831800935703
fg:15194,Jake Bauers,Jake Bauers,2024,346,0.1,88,0.662,29.0,1995.0,1714,39.97819139787985,44.277064847274346,48.54447722337933,41.78346724432167,47.17449375198825,-1.3254363620495038,0.25887437947064407,0.849575547969319,-0.4272806894881675,0.8540978214443805,Jake Bauers,2025,218,0.8,114,0.752,30.0,1995.0,2080,49.17815521429646,47.33510929004369,53.06606881480426,42.64486376199209,44.47000455546931,-0.1005014456389806,0.6553698138979362,1.4711720298588518,-0.2937181937820137,0.5705587260471342
fg:15223,Adam Frazier,Adam Frazier,2024,294,-0.5,65,0.576,33.0,1991.0,1804,51.8548209671829,29.70542377262732,42.7475728850967,42.918055536204704,45.085642552016864,0.2609750377802215,-1.5732650867331686,0.07147284343412072,-0.2425384894870042,0.562622831135657,Adam Frazier,2025,459,0.7,89,0.684,34.0,1991.0,2100,57.12621991846184,28.73603343296373,37.560582753806905,44.68763799410444,35.56368010120254,0.9524983045727261,-1.716782548692757,-0.6302938847161331,0.03780605658045545,-0.9283048052171506
fg:15274,Mike Tauchman,Mike Tauchman,2024,350,1.0,110,0.723,34.0,1990.0,1602,53.64777426006125,40.48115781917544,53.55573263551896,41.47385366411611,42.93676963583304,0.5004673555785413,-0.21839726348250826,1.522222733735658,-0.4776943015152057,0.2627725055461948,Mike Tauchman,2025,385,1.4,115,0.756,35.0,1990.0,2013,52.3017316609676,40.720086945590566,48.682788834350895,43.46652623734875,34.877987076013675,0.31332573626457505,-0.18831946419119083,0.8771040053722232,-0.16036961716916462,-1.0437014847761923
fg:15362,Jeff McNeil,Jeff McNeil,2024,472,1.3,97,0.692,32.0,1992.0,1582,55.93284831821893,36.27511875586957,38.9348909340748,44.5808982798183,34.556796527679424,0.8056943153118024,-0.7472361310336205,-0.44029308618989116,0.028218073848672406,-0.9065556785388642,Jeff McNeil,2025,462,2.1,111,0.746,33.0,1992.0,1973,59.54277620688845,37.30229165583162,47.13161258364874,44.47237383156213,41.2730104748929,1.2726558854178047,-0.6242298951047142,0.6668723489426712,0.002870580601326535,0.032530063196419094
fg:15464,Hunter Renfroe,Hunter Renfroe,2024,424,0.1,93,0.689,32.0,1992.0,1711,50.25685691159329,42.847188803296966,45.88757729594384,41.43071154982287,31.80209595568329,0.0475282531084432,0.07909144915208381,0.49294709619994076,-0.4847190250772726,-1.2909422363449,Hunter Renfroe,2025,108,-0.9,32,0.483,33.0,1992.0,2297,47.21073477484988,35.47426740640886,43.639779669740754,41.086147752692845,36.86268016975893,-0.3611552410481863,-0.8573786856931767,0.19362257018038728,-0.5466840616628512,-0.7096934308093596
fg:15491,J.P. Crawford,J.P. Crawford,2024,451,1.6,90,0.625,29.0,1995.0,1558,50.95754018330595,38.32127584070609,54.28499211344242,46.98770604662869,44.82464969405243,0.1411214668589152,-0.4899661962351239,1.6201092502221939,0.42011261832919683,0.5262043008225017,J.P. Crawford,2025,654,2.8,113,0.722,30.0,1995.0,1939,58.18739769625199,36.15235063060406,51.40271122144421,37.02221862939835,37.640787778459,1.0930884955858453,-0.7708949950696206,1.2457363826018324,-1.2062239339341172,-0.5787441122584212
fg:15518,Amed Rosario,Amed Rosario,2024,346,0.2,96,0.686,29.0,1995.0,1702,53.42738820837193,36.04717846553376,27.55863463503813,37.15227002478537,44.79326290752257,0.47102946305833937,-0.7758957994760994,-1.9672970312624867,-1.181367056408485,0.5218246383076516,Amed Rosario,2025,191,0.4,106,0.745,30.0,1995.0,2127,56.70124776132486,44.13643245243586,31.95928116317922,39.635895337777455,40.347614891382015,0.8961958470603139,0.2474060593650911,-1.3894409584455707,-0.782047244305906,-0.12320664943288613
fg:15640,Aaron Judge,Aaron Judge,2024,704,11.3,220,1.159,32.0,1992.0,1393,58.027261363921966,79.30512385029297,64.83423786487175,36.583803758820345,43.88913312136584,1.0854538811269352,4.66306530039619,3.0361058185604946,-1.2739290098079235,0.39566379896137793,Aaron Judge,2025,679,10.1,204,1.144,33.0,1992.0,1848,56.054514176671,74.01180300771513,59.43018846937761,47.34070887729612,36.08020193465388,0.8105133157219448,4.057752949208064,2.3337041992955556,0.46837607351233207,-0.841378291003863
fg:15653,Dominic Smith,Dominic Smith,2024,307,0.2,94,0.691,29.0,1995.0,1699,48.31747649058392,41.75509510959639,44.70876185780425,44.23810560551935,36.00585804218023,-0.21152295250025183,-0.058221015982842086,0.3347179057496459,-0.027598007850149268,-0.7043559283117289,Dominic Smith,2025,225,0.4,111,0.75,30.0,1995.0,2126,55.15252631074176,38.14139062238496,38.97162686615619,40.777959517609474,40.04549764167992,0.6910134081507706,-0.5172100296419241,-0.43905440377379823,-0.5967002954690194,-0.17405057838130808
fg:15674,Reese McGuire,Reese McGuire,2024,158,0.2,62,0.575,29.0,1995.0,1707,47.93192277995751,32.56285793089669,42.574866951764434,46.94573605235895,39.966500137314526,-0.26302298440873895,-1.2139906668771332,0.0482909956800271,0.41327874816598664,-0.1516941990744309,Reese McGuire,2025,140,0.8,86,0.688,30.0,1995.0,2086,48.195462140388976,40.53657011699631,31.84472559980766,49.510239992271714,36.59255391867326,-0.2306935867292582,-0.21172545929923836,-1.4049667285377327,0.8204718485733798,-0.7551535292673137
fg:15679,Rowdy Tellez,Rowdy Tellez,2024,421,-0.4,90,0.691,29.0,1995.0,1783,52.51739129800134,44.295630895312456,44.585836360655,37.99189623675676,36.12906264670879,0.34947734559961124,0.26120874861738624,0.3182179505655486,-1.0446528009486484,-0.6871641527982582,Rowdy Tellez,2025,312,0.1,101,0.719,30.0,1995.0,2168,46.83822388638735,51.03456428992016,39.17889372263219,39.66780589457574,36.78297591151662,-0.41050736475405153,1.127203521426709,-0.4109634279480849,-0.7768684422362021,-0.723107023204215
fg:15711,Tyler O'Neill,Tyler O'Neill,2024,473,2.5,133,0.847,29.0,1995.0,1491,40.25820044297462,58.779192817141386,47.14941826303216,40.16025025493078,37.34486576984563,-1.2880343753493453,2.082273738638238,0.6623205776115052,-0.6915850894583486,-0.5175129093116557,Tyler O'Neill,2025,209,-0.3,91,0.684,30.0,1995.0,2228,44.89098602981176,46.33161454967652,44.05742277063654,38.97929317968544,42.70702707686666,-0.6684872696612537,0.5273826796176507,0.2502259386615328,-0.8886079864701248,0.2738636457492404
fg:15730,Tyler Wade,Tyler Wade,2024,156,-0.3,56,0.524,30.0,1994.0,1781,53.70292800470056,25.748442902410776,44.914441828365256,42.82766888753592,49.15603590520982,0.5078344733899153,-2.0707890637648942,0.3623257688474269,-0.25725592350713655,1.1305990772133387,Tyler Wade,2025,127,-0.3,69,0.561,31.0,1994.0,2241,44.94415353467283,23.0099985645672,47.75383302485251,42.58494098666052,40.33343828272659,-0.6614433701181677,-2.447089110465985,0.751202181841662,-0.30344313198573064,-0.12559245985555081
fg:15878,Miguel Andujar,Miguel Andujar,2024,319,0.4,103,0.697,29.0,1995.0,1674,61.415295376409816,35.40124049860552,34.87076818566443,41.25345461255584,36.01235880191902,1.5380078442743246,-0.8571116649964048,-0.9858092302492883,-0.513581332920966,-0.7034488225868741,Miguel Andujar,2025,341,1.1,125,0.822,30.0,1995.0,2045,61.5545571033064,41.004066190637495,33.92178640499469,38.52241566229293,35.88908256549333,1.539186778189549,-0.1521003508201163,-1.1234616878425132,-0.9627551800659604,-0.8735421599515907
fg:15905,Luis Torrens,Luis Torrens,2024,130,0.8,89,0.665,28.0,1996.0,1626,53.16234641734575,42.2307324582575,42.01887612325373,49.97177097958045,36.25992817734777,0.43562671548069554,0.001582403111713891,-0.026338141203247428,0.9060005167005862,-0.6689033837806926,Luis Torrens,2025,283,1.6,79,0.629,29.0,1996.0,2003,54.17673820978737,42.672851157116334,39.57571888473864,56.56453119278575,38.29139850032341,0.5617360727478469,0.0607388370679053,-0.3571815246312944,1.9653211252703233,-0.46925150517235026
fg:15986,Willy Adames,Willy Adames,2024,688,4.8,120,0.794,29.0,1995.0,1411,48.394286911468186,49.1416129853537,44.89220640707948,46.69966352356976,45.3184300984434,-0.20126306129075722,0.8705097185080733,0.3593411687178914,0.3732113680831932,0.5951056369188529,Willy Adames,2025,686,4.1,108,0.74,30.0,1995.0,1882,44.1639542876114,46.26764112469576,46.82306495587901,50.79709511614787,42.26887246449196,-0.7648081064218982,0.5192234187824746,0.6250547419208541,1.029317091264243,0.20012571121564635
fg:15998,Cody Bellinger,Cody Bellinger,2024,569,2.1,108,0.751,29.0,1995.0,1512,56.13638300454163,40.27927630454639,41.66193763461389,42.08839234443317,43.10069578331173,0.8328813000332634,-0.24378047794367325,-0.07424902383231065,-0.3776304910565586,0.2856465007107868,Cody Bellinger,2025,656,4.9,125,0.813,30.0,1995.0,1866,60.70714481282796,44.41670284939895,44.48567253047898,53.53228040141552,45.33260427919336,1.4269173184640285,0.2831521410214624,0.30826683268403965,1.4732135517963247,0.7157273951886709
fg:16153,Austin Slater,Austin Slater,2024,212,-0.2,76,0.586,32.0,1992.0,1763,45.28547262635911,33.85178624889881,51.01997631816779,44.03576125103516,38.72564415928726,-0.6165204702275208,-1.0519295490921148,1.1818550592955286,-0.06054523767144743,-0.32484127827996373,Austin Slater,2025,160,0.0,78,0.642,33.0,1992.0,2186,47.1274102360805,47.16944787913593,38.65072403594382,45.142020972158846,42.87143206532129,-0.37219449673827676,0.6342411239407221,-0.48254651727021153,0.11154840843163531,0.30153169701078114
fg:16252,Trea Turner,Trea Turner,2024,539,3.9,123,0.807,31.0,1993.0,1428,55.44547012356011,45.56627130711156,32.97315037851348,43.94010006226057,49.02817885443824,0.7405931584959339,0.42097046892636664,-1.2405213078951551,-0.07612151198643625,1.1127581067147896,Trea Turner,2025,639,6.7,125,0.812,32.0,1993.0,1853,58.543357719012974,43.23346991115345,38.09627059805739,59.580983235014685,59.13798794661557,1.1402478770207034,0.13224094352313337,-0.5576918559170352,2.4548647010281783,3.039063606491595
fg:16376,Michael Conforto,Michael Conforto,2024,488,1.3,112,0.759,31.0,1993.0,1578,51.10656551360197,50.93989840408996,45.2698358006572,39.678654277564,34.53095064514457,0.16102740746819777,1.096613948655353,0.4100293352474535,-0.7700021690342248,-0.9101621720801322,Michael Conforto,2025,486,-0.6,83,0.637,32.0,1993.0,2270,46.31402832471596,42.57934907710797,48.70568987396526,36.54621631041376,36.45484165742579,-0.47995543998333023,0.048813449930213075,0.8802077941840413,-1.2834749142389659,-0.7783294069541962
fg:16426,Thairo Estrada,Thairo Estrada,2024,381,0.4,64,0.59,28.0,1996.0,1679,50.41842294093061,35.93413369839655,30.34657263554159,52.01187077489825,41.589598367226245,0.06910930767197228,-0.7901092829306335,-1.5930796953057462,1.2381849109035432,0.07479035896402819,Thairo Estrada,2025,165,-0.3,66,0.655,29.0,1996.0,2231,52.20577856935143,35.88648489175394,33.10274780146044,44.0615425938838,35.56213444884853,0.3006133861183926,-0.8048038863173095,-1.2344663800706275,-0.063803707705098,-0.9285649262084008
fg:16442,Ryan O'Hearn,Ryan O'Hearn,2024,494,1.6,118,0.761,31.0,1993.0,1550,61.18776365310426,42.80161379495239,48.84835070202861,39.68275669764629,39.61394395383856,1.5076154743204966,0.07336115624733,0.8903636586186611,-0.7693341821382262,-0.20088933090734754,Ryan O'Hearn,2025,544,3.0,127,0.803,32.0,1993.0,1923,57.18752785288766,43.3385640592898,47.03291593809667,45.60445985404175,37.70116805635624,0.9606206893342079,0.1456447993766061,0.6534959455397317,0.18659816245959587,-0.5685825919800512
fg:16472,Rhys Hoskins,Rhys Hoskins,2024,517,0.2,101,0.722,31.0,1993.0,1696,44.781165380946064,47.74161157714284,48.060063245423,37.92952730536391,30.092382894503302,-0.6838829116063276,0.6944830225728547,0.7845539770813406,-1.0548081794940352,-1.5295128908486582,Rhys Hoskins,2025,328,0.9,109,0.748,32.0,1993.0,2071,47.05828711341264,45.81351762634724,51.10113507041104,43.833805734650994,37.222654522746566,-0.38135227710523395,0.4613038674137267,1.2048636231441934,-0.10076339240749771,-0.6491126117908993
fg:16478,Kyle Schwarber,Kyle Schwarber,2024,692,3.3,134,0.851,31.0,1993.0,1448,47.20347536893733,60.82696078461734,58.3224289899918,37.12436547079778,34.289239788087094,-0.3603247711046654,2.3397462149105475,2.1620434222744302,-1.1859106857854143,-0.9438901225053737,Kyle Schwarber,2025,724,4.9,152,0.928,32.0,1993.0,1865,45.47923083069705,68.0545053475645,55.36174607268283,34.661018777551746,40.137890571692346,-0.5905536277684136,3.2979508048556627,1.7823062625632256,-1.5894258553867697,-0.1585015835009419
fg:16505,Matt Chapman,Matt Chapman,2024,647,5.5,121,0.79,31.0,1993.0,1404,52.412353946796166,54.20245112252222,47.82497548924748,56.06639688830493,55.90479463632829,0.3354470645011339,1.5068252327097176,0.7529987868955598,1.898373350632424,2.0723101889361915,Matt Chapman,2025,535,3.7,118,0.77,32.0,1993.0,1893,50.0102612189611,49.57447240996894,53.77964855302413,50.05089493796559,41.61944788007359,0.009740160044265369,0.940981344086251,1.5678838318172834,0.9082153802658556,0.09083272162274632
fg:16512,Isiah Kiner-Falefa,Isiah Kiner-Falefa,2024,496,2.1,93,0.683,29.0,1995.0,1517,61.48225424215736,33.74583986110211,36.59376798178313,49.20389065919001,47.803986276863846,1.5469518217994067,-1.0652505304002389,-0.754535653347252,0.7809684669769916,0.9419362120344049,Isiah Kiner-Falefa,2025,459,0.7,75,0.631,30.0,1995.0,2107,59.89386013149948,28.07941085361672,34.77644619629163,45.84716394930315,45.35141784491082,1.3191692567451692,-1.8005291184093097,-1.0076292390625903,0.225986897629921,0.7188935685850862
fg:16530,Mauricio Dubon,Mauricio Dubon,2024,428,1.1,86,0.657,30.0,1994.0,1597,58.34021302458825,32.13449037045138,27.00157663149865,52.0602874292973,36.48538091271647,1.1272561516431296,-1.267850702923369,-2.042069412147671,1.2460684747604656,-0.637444065923313,Mauricio Dubon,2025,398,2.2,80,0.644,31.0,1994.0,1967,58.68184790314527,31.99464144269384,37.17145165879121,62.84793604903501,40.53564295583455,1.1585957559982931,-1.301175087954553,-0.6830330074537093,2.985062343827738,-0.09156302246765764
fg:16535,Danny Jansen,Danny Jansen,2024,324,0.6,90,0.658,29.0,1995.0,1645,49.9786305955551,36.01964591673519,55.445874690273484,40.805037729282446,36.23437068772657,0.01036439303180807,-0.7793575557052455,1.7759313614678047,-0.5865959428250599,-0.672469635431244,Danny Jansen,2025,337,1.3,103,0.721,30.0,1995.0,2028,46.16852468379548,40.9015120472901,51.7229997305218,41.90141735044641,35.537835650032214,-0.4992324971345967,-0.16518025088097812,1.28914523686211,-0.4143729927303464,-0.9326542206851879
fg:16556,Ozzie Albies,Ozzie Albies,2024,435,1.3,96,0.707,27.0,1997.0,1581,55.13109196280791,41.14784343967207,35.26673671973011,44.09754412241625,42.9429220716716,0.6986003443591815,-0.13457272851042104,-0.9326594507656715,-0.050485285825488925,0.2636310067053226,Ozzie Albies,2025,667,1.3,87,0.671,28.0,1997.0,2031,54.62803148864023,35.669588890173614,39.37746305392199,42.307259509448535,45.21779606412783,0.6215256853884229,-0.8324671082181646,-0.3840512318554311,-0.3485083879132311,0.6964060862093163
fg:16578,Yandy Diaz,Yandy Diaz,2024,621,1.9,120,0.755,33.0,1991.0,1528,64.68189247482296,48.88422495380163,48.98165133502281,38.41288146276596,29.27236771307253,1.9743409676856505,0.8381474905119728,0.9082562400718456,-0.9761048198198738,-1.643936511384106,Yandy Diaz,2025,651,2.9,135,0.848,34.0,1991.0,1928,65.3426330215159,52.09678843490898,48.614905426178495,33.14585450862858,36.29556238716204,2.0410502058447273,1.2626810867906317,0.8679037347145807,-1.8353236597228508,-0.8051348406334445
fg:16622,Luis Urias,Luis Urias,2024,109,0.2,108,0.696,27.0,1997.0,1698,45.72658109554293,41.52698598933581,40.77941233032809,42.14783097576724,37.44537057834346,-0.5575997553907674,-0.086901911956706,-0.1927079953821098,-0.3679522460083124,-0.5034886274081459,Luis Urias,2025,330,0.1,84,0.653,28.0,1997.0,2171,58.182181413418405,33.182569583132626,51.46412980505631,40.61373071345755,36.86337754607612,1.0923974160935104,-1.1496650577474796,1.254060472506177,-0.6233531826694279,-0.7095760679247295
fg:16725,Jose Trevino,Jose Trevino,2024,234,1.7,85,0.642,32.0,1992.0,1548,52.15981812126103,38.915924768925926,47.25054279919935,56.41446410270968,37.74532284208875,0.30171479137123647,-0.4151990671007862,0.6758942490911125,1.955048272626101,-0.4616337632754419,Jose Trevino,2025,302,0.3,66,0.623,33.0,1992.0,2144,56.26231659222492,36.05361482051002,39.101873871210415,49.60233255170007,34.369876472178404,0.8380440291492012,-0.7834878995228668,-0.42140196511304473,0.8354176591522009,-1.1292124559796393
fg:16930,Jonah Heim,Jonah Heim,2024,491,-0.1,72,0.602,29.0,1995.0,1748,51.98089545997481,38.18829228275512,33.95524446765049,42.11805507845603,34.28146898874121,0.2778153384249245,-0.506686648216479,-1.1086974891339976,-0.37280058158134416,-0.9449744475468433,Jonah Heim,2025,433,-0.5,69,0.602,30.0,1995.0,2261,47.94601850529555,37.01870500512829,40.004907759202034,41.63761236885182,36.45126159158892,-0.2637411392117668,-0.6603989364395827,-0.2990133519566993,-0.45718621574353985,-0.7789319035452383
fg:16939,Lane Thomas,Lane Thomas,2024,528,1.4,99,0.709,29.0,1995.0,1568,51.066399062587045,43.25805463582653,45.919877291046205,38.73234489988302,50.97580328506368,0.1556622055471514,0.13075093645594188,0.49728263670207506,-0.9240873800003708,1.3845265371560576,Lane Thomas,2025,142,-0.5,48,0.518,30.0,1995.0,2267,38.418250514542336,36.73706973192654,44.65875830258379,43.38856940083628,41.00458077588088,-1.5260279584270557,-0.6963190963361344,0.33172522985683756,-0.1730213245282796,-0.012644519048292656
fg:16947,Derek Hill,Derek Hill,2024,172,0.2,89,0.69,29.0,1995.0,1701,41.48474421915236,46.20729838301344,30.712532331948665,43.7057487337065,45.53508193358523,-1.1241997606916825,0.5015688722667055,-1.5439579204914349,-0.11428035808066117,0.6253368910882248,Derek Hill,2025,149,0.7,70,0.609,30.0,1995.0,2108,41.10408512868008,44.833038544656034,34.415484225792184,50.004848658251404,48.1850444683523,-1.1701950251200555,0.33625218269686535,-1.0565505869312306,0.9007424749764444,1.1957703799908586
fg:16997,Gleyber Torres,Gleyber Torres,2024,665,1.8,105,0.709,28.0,1996.0,1539,54.16941282439379,39.59209923710675,48.81839878766701,39.40515009151062,29.136948449685605,0.570144814172252,-0.3301814686815585,0.8863432946087083,-0.8145361778923366,-1.6628327010618864,Gleyber Torres,2025,628,2.6,113,0.745,29.0,1996.0,1949,59.53525280638425,41.19929766532548,59.41260814747845,41.589071549799534,34.70588988775893,1.2716591473253844,-0.1272002532296825,2.3313215298911265,-0.4650639627776056,-1.0726640720514162
fg:17022,Edmundo Sosa,Edmundo Sosa,2024,274,1.9,102,0.734,28.0,1996.0,1530,45.6381681836329,45.082839872404975,29.60214018445684,50.36649666834898,50.228355048146575,-0.5694094401609938,0.36018707423580487,-1.6930028387165303,0.9702727224529003,1.2802287932025058,Edmundo Sosa,2025,261,1.6,111,0.777,29.0,1996.0,1998,50.47773062615406,43.53220207548282,27.52732184920769,49.13880292940597,37.47311893207795,0.0716728678577578,0.17034166502355141,-1.9901065162007607,0.7601908875706219,-0.6069614448359817
fg:17027,Alex Verdugo,Alex Verdugo,2024,621,0.6,85,0.647,28.0,1996.0,1648,58.87062191085855,38.44613550022669,47.4311283234552,48.00927767596115,34.06413388855727,1.1981050990520006,-0.4742671882254859,0.7001337529061796,0.5864525952281548,-0.975301043438751,Alex Verdugo,2025,213,-0.9,66,0.585,29.0,1996.0,2293,59.68448722547453,34.23464436499749,48.144616911645706,39.47972243745402,38.27258493460595,1.2914304768092393,-1.0154819564686695,0.8041653082364372,-0.807392729329535,-0.47241767856876554
fg:17040,Jose Herrera,Jose Herrera,2024,114,0.2,71,0.609,27.0,1997.0,1704,49.84950510291691,30.21041380845937,45.701569207709376,45.65311764030849,38.00508253699528,-0.006883442503899646,-1.5097710595369223,0.46797973636879026,0.20280489530444884,-0.4253873065835932,Jose Herrera,2025,204,-0.3,57,0.544,28.0,1997.0,2243,45.80189950779675,27.366322666420764,53.11602291429141,44.60968115759197,36.48049914690655,-0.5478048519300563,-1.8914773913767806,1.4779423327666463,0.025154349221340466,-0.7740114556507164
fg:17128,Ramon Laureano,Ramon Laureano,2024,309,0.9,108,0.748,30.0,1994.0,1614,43.88186643495448,46.96330248172078,34.0344348317612,42.28311791876453,41.237097650552805,-0.8040060569356486,0.5966237078036233,-1.0980679819191295,-0.3459238083278292,0.02560296688094619,Ramon Laureano,2025,488,3.0,138,0.855,31.0,1994.0,1921,52.94980504893991,53.14999555128649,41.3697253054532,38.88886364648247,39.21952587363434,0.3991857715126597,1.3970086076099633,-0.11403897954568629,-0.9032839025525118,-0.31305505405862394
fg:17276,Alex Jackson,Alex Jackson,2024,155,-0.1,29,0.439,29.0,1995.0,1751,28.90395154154048,37.13854085733657,36.3384826006491,48.918192376178105,42.79577685296782,-2.804669190692522,-0.638675283289253,-0.7888019158033849,0.7344489235287015,0.2430985957819174,Alex Jackson,2025,100,1.1,111,0.763,30.0,1995.0,2046,36.65685536522384,46.20576077832504,36.887458288825385,49.48721685241462,39.34012112123799,-1.7593864829600103,0.5113311121448122,-0.721522764214684,0.8167353959286737,-0.29275983355491697
fg:17338,Willi Castro,Willi Castro,2024,635,2.9,106,0.717,27.0,1997.0,1475,48.01410590121908,40.48989355869378,38.47169096341261,46.96847922952909,43.08371412601099,-0.2520454389963668,-0.21729889075592038,-0.5024671585706766,0.41698196334587684,0.2832769071288089,Willi Castro,2025,454,0.6,92,0.679,28.0,1997.0,2115,45.65588224804759,38.97760329118108,38.88927409136437,39.00314783265522,43.15867533005077,-0.5671499558975519,-0.41055828666524824,-0.4502157145843638,-0.8847365865772028,0.3498724526519094
fg:17350,Rafael Devers,Rafael Devers,2024,601,4.2,136,0.871,28.0,1996.0,1421,50.43296910175928,58.43614166776104,44.00711710016834,40.74384091791312,38.51778142216032,0.0710522995980651,2.0391408103368502,0.24053803806854698,-0.5965604679715888,-0.35384611562330864,Rafael Devers,2025,729,3.3,135,0.851,29.0,1996.0,1906,46.4294350615499,57.80582728087011,51.58560038656805,37.373440150260805,29.61998874759699,-0.464665772676621,1.9908199518952412,1.2705234383020467,-1.149223777193993,-1.9285807615621129
fg:17548,Taylor Ward,Taylor Ward,2024,663,2.8,112,0.748,31.0,1993.0,1477,50.867980658678206,47.57497381344441,49.78040269523199,49.15089868798526,36.23321753396991,0.1291586242019371,0.673531118674876,1.0154704629330873,0.7723399156224597,-0.6726305446812901,Taylor Ward,2025,663,2.9,117,0.792,32.0,1993.0,1931,49.13234476923081,50.99630450421894,53.74727123580587,42.89869058623429,38.41817635734312,-0.1065706447467752,1.1223238144057381,1.5634957185861407,-0.2525243377474364,-0.44791580070364
fg:17678,Alex Bregman,Alex Bregman,2024,634,4.2,117,0.768,30.0,1994.0,1423,63.01554235076036,44.39485252824852,46.79151622533638,53.76510016718063,30.85181774624966,1.7517595680137144,0.27368420479092886,0.6142803604130535,1.5236589082593521,-1.4235425536336814,Alex Bregman,2025,495,3.5,125,0.821,31.0,1994.0,1900,62.00450408810798,44.70578677388222,54.4205969225997,48.90051562700657,34.49544653825331,1.5987980269953455,0.32002231240629103,1.654751869772801,0.721518958946788,-1.1080800131156294
fg:17696,Kevin Newman,Kevin Newman,2024,311,1.4,89,0.686,31.0,1993.0,1571,59.55340570784946,30.34854197810631,38.54148478543628,49.86215751381207,47.81674382112303,1.2893074046257154,-1.4924037589214159,-0.49309892364607644,0.8881524276971351,0.9437163795682919,Kevin Newman,2025,116,-0.7,27,0.481,32.0,1993.0,2283,51.13481369785694,32.184882483471725,32.362611874205186,43.45431276795676,42.45535487659048,0.1587265515059118,-1.2769114773423522,-1.334777354983672,-0.1623517555870352,0.23150921718962342
fg:17901,Andrew Benintendi,Andrew Benintendi,2024,522,-0.1,93,0.685,30.0,1994.0,1743,54.20963694584932,41.07368042601105,44.59944196387331,34.65741984935322,35.59168143940119,0.5755177193767825,-0.14389748359908291,0.32004419368484344,-1.5875973281114295,-0.7621494759242986,Andrew Benintendi,2025,470,0.2,103,0.738,31.0,1994.0,2153,51.14741379422711,42.59426833860867,41.89763486041013,31.9216759267206,39.70897381147178,0.16039587590427515,0.05071627358064323,-0.0424911460010812,-2.0339970521599415,-0.23068486102960253
fg:17907,Brendan Rodgers,Brendan Rodgers,2024,539,0.8,87,0.721,28.0,1996.0,1621,51.49271316766677,43.70032387869304,37.74514703907823,42.36588578728049,37.47638618965386,0.21260677490163465,0.18635887590441186,-0.5999891736839497,-0.3324469214002656,-0.49916075809594107,Brendan Rodgers,2025,128,-0.3,55,0.544,29.0,1996.0,2244,38.385770660408745,43.19782120492974,40.816347067223866,44.75504438745031,36.86337754607612,-1.530331053527887,0.12769425726077877,-0.1890385958706261,0.048745520018135105,-0.7095760679247295
fg:17919,Ian Happ,Ian Happ,2024,657,3.6,121,0.782,30.0,1994.0,1437,48.45456714028386,50.97976168114083,50.44138557984824,44.12966425977448,44.26927660375966,-0.19321117741078062,1.1016260871484007,1.1041923979794996,-0.04525524345474487,0.44870841882141427,Ian Happ,2025,663,2.8,116,0.762,31.0,1994.0,1938,52.48017461801611,46.32581210906343,53.75067010438522,45.41554488380733,34.27972657083717,0.3369667603620067,0.5266426281594538,1.563956368864341,0.15593892811804475,-1.1443839669841274
fg:17929,Cedric Mullins,Cedric Mullins,2024,499,2.1,104,0.71,30.0,1994.0,1515,52.883445479777656,38.357804485690494,42.51832945149209,42.32157155296373,54.349531740975706,0.39837274336685535,-0.4853733317952146,0.040702120773286575,-0.3396624983611892,1.8552912661155418,Cedric Mullins,2025,498,1.3,94,0.69,31.0,1994.0,2030,47.08852631499647,39.88478326542634,45.11640353557422,40.15851622229044,49.977281155771344,-0.3773460349696246,-0.29485527347592977,0.39375010636272467,-0.6972304817688271,1.4973895522948018
fg:17982,Ty France,Ty France,2024,535,-0.8,93,0.67,30.0,1994.0,1823,50.02265285303852,41.2175519284346,39.23271558135143,32.47042507409135,30.291149325874738,0.016244631251786018,-0.12580805521542301,-0.40031689372578727,-1.9437002678856208,-1.5017773376132328,Ty France,2025,490,0.9,92,0.681,31.0,1994.0,2075,55.77859350262784,39.64210063933931,34.516136382807495,49.96768979547842,35.08243477779283,0.7739579514087401,-0.3258073578297836,-1.0429091521278304,0.8947119191120323,-1.0092945635124198
fg:17988,Tyler Stephenson,Tyler Stephenson,2024,515,3.1,113,0.782,28.0,1996.0,1461,53.14568726305991,48.0609314631683,47.88645724026844,48.40916474154714,31.55574370149004,0.4334014821250231,0.7346321425336015,0.7612513151343031,0.651565215177507,-1.3253178399802823,Tyler Stephenson,2025,342,1.1,99,0.737,29.0,1996.0,2048,42.78681575314937,47.85909641140467,46.11174377840854,43.67539752228796,35.362136742441834,-0.9472583740996969,0.7221998702649786,0.5286490437770455,-0.12647164887038115,-0.9622229486629826
fg:18015,Paul DeJong,Paul DeJong,2024,482,1.8,96,0.703,31.0,1993.0,1540,37.34402406491776,47.19288889781932,29.074840710701668,48.87387814186135,34.08266929941489,-1.677293179817993,0.625490348951564,-1.7637808130776593,0.7272333465677778,-0.9727146415446544,Paul DeJong,2025,208,0.2,76,0.642,32.0,1993.0,2161,37.629153014933934,41.1036567006387,31.94993343890956,44.60386056580308,42.54944435867655,-1.6305715801649194,-0.13939843673544175,-1.3907078599702476,0.024209718483815323,0.24734372828323195
fg:18030,Harrison Bader,Harrison Bader,2024,437,1.2,85,0.657,30.0,1994.0,1589,50.947422994023405,40.13166088354092,36.59848371789831,51.41948921173957,39.642327785054654,0.13977007130360122,-0.26234064129514223,-0.7539026729130461,1.1417288889253567,-0.19692869602404442,Harrison Bader,2025,501,3.2,122,0.796,31.0,1994.0,1910,47.83095787496544,44.72590262821569,39.032227235920345,48.43948054405056,37.205724470792326,-0.2789849525809895,0.3225879168346702,-0.4308412067821642,0.6466970291098625,-0.6519618048095147
fg:18036,Jake Cronenworth,Jake Cronenworth,2024,656,2.1,105,0.714,30.0,1994.0,1513,58.1103053313377,41.67918184353473,49.22790415116618,42.15486369590831,40.77521982716287,1.0965464133833855,-0.06776583595524657,0.9413100858935155,-0.366807125615172,-0.038846733556423055,Jake Cronenworth,2025,515,2.9,117,0.744,31.0,1994.0,1935,54.45357948430837,38.73453616483281,54.29675048863909,45.58086442837046,36.026622273522406,0.5984134028614436,-0.4415594107246298,1.6379669035623874,0.1827688328720729,-0.8503953215982277
fg:18042,Dylan Moore,Dylan Moore,2024,441,2.4,106,0.687,32.0,1992.0,1497,44.62443287953628,40.59283335595125,52.72535612591246,45.67586081747862,56.06454013223783,-0.7048183315004501,-0.20435593778087272,1.410763553076015,0.206508110484339,2.0946008225977626,Dylan Moore,2025,243,-0.1,83,0.642,33.0,1992.0,2204,37.82619920018114,39.04610148554301,41.57729472510077,40.17571877035863,44.73519205005368,-1.6044659064483058,-0.401821930362524,-0.0859069971891512,-0.6944386598616484,0.615187671087357
fg:18126,LaMonte Wade Jr.,LaMonte Wade Jr.,2024,401,1.3,119,0.761,30.0,1994.0,1577,53.89312468528921,43.39595289880681,59.10638906154264,41.01617298394298,36.80545071674911,0.5332398445463478,0.14808933016416337,2.267272250684256,-0.552217312512335,-0.5927820320600081,LaMonte Wade Jr.,2025,242,-1.6,52,0.524,31.0,1994.0,2307,46.29002398638807,33.74254366121978,52.02074553101251,38.39176044116468,40.09666172092179,-0.48313565594835883,-1.0782451741720098,1.3294988670854777,-0.983959370700231,-0.1654400709963444
fg:18314,Dansby Swanson,Dansby Swanson,2024,593,4.2,97,0.701,30.0,1994.0,1424,47.59956995668581,43.74243401078347,44.41520336399464,60.687045027629615,53.14667531298552,-0.3074167498728542,0.191653518733912,0.2953143474635342,2.6507420369630297,1.687446583978285,Dansby Swanson,2025,645,3.3,99,0.717,31.0,1994.0,1907,47.23087888857098,46.7032536970338,40.175102892245874,47.803666213776026,51.5637114507468,-0.3584864471334321,0.5747820605443742,-0.2759467244732923,0.5435099681510931,1.764373146508282
fg:18345,Kyle Tucker,Kyle Tucker,2024,339,4.2,179,0.993,27.0,1997.0,1419,60.97068883621517,53.96267373160229,64.4821862263153,46.44960173798663,43.41738508666776,1.4786198773694148,1.476677247403373,2.9888508845282433,0.3324944272022197,0.32983682486017535,Kyle Tucker,2025,597,4.5,136,0.841,28.0,1997.0,1874,59.80244915609038,45.512940393961344,59.69634648296103,44.02687827044891,52.92535647937038,1.3070586690920587,0.42296782333152777,2.369776721707057,-0.06942942182485672,1.9935271691818492
fg:18360,Austin Riley,Austin Riley,2024,469,2.4,116,0.783,27.0,1997.0,1496,50.355254059102855,55.2629658579563,40.46794452775116,43.37397803634256,37.85643031608098,0.06067157425094662,1.6401671734922212,-0.23451547147935162,-0.16830175858816232,-0.4461300022102417,Austin Riley,2025,447,1.7,103,0.737,28.0,1997.0,1993,46.739343364061945,50.42284051711822,37.019401567004735,45.14784156394774,37.13780289281461,-0.42360755570429426,1.0491834088116705,-0.703640428848968,0.1124930391691616,-0.6633924658795757
fg:18363,Victor Robles,Victor Robles,2024,295,3.1,141,0.814,27.0,1997.0,1458,55.09793797629557,37.59991539000516,39.05050395109232,45.74526246901254,61.33183630014892,0.6941718268369278,-0.5806651740865096,-0.4247746653274461,0.21780860942286628,2.829590993039818,Victor Robles,2025,114,-0.2,75,0.611,28.0,1997.0,2223,45.25977805984526,34.45502774007885,29.496428401097493,42.08451172889193,45.921476032496095,-0.619627839100525,-0.9873739500337184,-1.72323256689765,-0.38465838912632155,0.8148298251696805
fg:18373,Ryan Mountcastle,Ryan Mountcastle,2024,507,1.4,107,0.733,27.0,1997.0,1567,53.648106413015,46.923365397092695,30.73716529648647,43.84689627682136,34.03197681506908,0.5005117226465926,0.5916022892456582,-1.5406515046513445,-0.09129765340589198,-0.9797881905765923,Ryan Mountcastle,2025,357,-0.4,81,0.653,28.0,1997.0,2249,44.89581784363006,45.8656966004621,28.517939394527,42.03098183116345,39.42772619446876,-0.6678471265656547,0.46795884735333515,-1.855847648231125,-0.3933458196496954,-0.2780165968702899
fg:18401,Ronald Acuna Jr.,Ronald Acuna Jr.,2024,222,0.9,106,0.716,27.0,1997.0,1616,50.611621313973615,46.55249193879561,48.932338637456105,43.79496326235177,50.29872344930493,0.09491562752353619,0.5449711722401881,0.9016371307842932,-0.09975377745938555,1.290047888524352,Ronald Acuna Jr.,2025,412,3.5,161,0.935,28.0,1997.0,1897,51.76901315308409,57.37328130892948,55.11545478894182,35.65797895482393,45.29940548963212,0.24274849807972404,1.935652428672442,1.7489262875142295,-1.4276280070412763,0.7101403030935002
fg:18564,Trent Grisham,Trent Grisham,2024,209,0.5,93,0.675,28.0,1996.0,1660,46.038867669237966,46.08657841943322,53.93941404229899,45.85311775474565,34.048919047389695,-0.5158863233406477,0.48639036158963317,1.5737232455388008,0.23537041832803238,-0.9774240982939407,Trent Grisham,2025,581,3.2,129,0.811,29.0,1996.0,1909,52.53043882091134,51.645348344299165,58.75400795487408,37.07881535227913,34.38014956205893,0.3436260157988094,1.2051037810289271,2.242061131949008,-1.197038784723272,-1.1274835767035258
fg:18568,Luis Arraez,Luis Arraez,2024,672,1.1,109,0.739,27.0,1997.0,1595,77.05332016172089,31.054834037125563,41.34133971033348,31.022120781920474,40.66156823746416,3.6268446346679717,-1.4035993785934529,-0.11728201133626934,-2.17952406680982,-0.05470549650059872,Luis Arraez,2025,675,0.9,104,0.719,28.0,1997.0,2074,75.021590575686,29.628857570217534,50.56051388843771,34.34477463863988,39.81454417438319,3.323367381937858,-1.6029104991974377,1.131592976732667,-1.6407494913697174,-0.2129182090551802
fg:18577,Ke'Bryan Hayes,Ke'Bryan Hayes,2024,396,0.1,60,0.573,27.0,1997.0,1725,55.74718857093459,35.535933679928284,41.223344548421096,51.17869122305618,45.926870830156176,0.7808949614325967,-0.8401762565502449,-0.13312018102966358,1.1025203491374187,0.6800064936107241,Ke'Bryan Hayes,2025,570,1.4,65,0.595,28.0,1997.0,2022,53.89159871789192,35.06568245115306,42.933823847819816,64.28181742899491,41.59790252455608,0.5239593528899859,-0.909490187058989,0.09794404123092502,3.217768651811832,0.08720680974190997
fg:18795,Ramon Urias,Ramon Urias,2024,301,0.9,114,0.745,30.0,1994.0,1615,51.64644041455965,43.23692740991666,42.22021897346383,38.24488832239867,38.846659139034806,0.23314077030093808,0.12809454214849303,0.000687562024712772,-1.003458726570532,-0.3079550395428012,Ramon Urias,2025,391,1.1,87,0.675,31.0,1994.0,2052,48.65984353792797,41.10850761897334,39.128501254665366,49.485553826189225,37.79646532938712,-0.16916999402935806,-0.1387797437704432,-0.4177931431448221,0.8164655014322384,-0.5525448192817423
fg:18819,Andy Ibanez,Andy Ibanez,2024,244,0.7,86,0.652,31.0,1993.0,1636,44.90375481354381,37.13209406753414,35.66574467134099,48.90130979912553,40.64589052019701,-0.667508125120237,-0.6394858589798599,-0.8791016985307172,0.7316999753430949,-0.056893140354104796,Andy Ibanez,2025,193,0.4,84,0.653,32.0,1993.0,2130,56.07502349264908,37.26887714130534,39.65527092913717,46.70738908635969,40.930512650457054,0.813230493475998,-0.6284916294073978,-0.346399798145546,0.3655938542982173,-0.02510959514078776
fg:18839,Josh Naylor,Josh Naylor,2024,633,2.3,118,0.776,27.0,1997.0,1501,54.66906413620319,48.7747451495568,42.88076635081417,41.85521313590261,33.951178101069274,0.6368853429029824,0.8243822413487741,0.08935104011519307,-0.41559848375192676,-0.9910627152437266,Josh Naylor,2025,604,3.1,128,0.816,28.0,1997.0,1916,59.85304673424601,46.98493035211925,37.89950415650724,41.65538720273421,51.49786759324947,1.3137620917669228,0.6107074983447282,-0.584359705504154,-0.4543015168935432,1.753292149261069
fg:18882,Brandon Lowe,Brandon Lowe,2024,425,2.2,123,0.783,30.0,1994.0,1506,44.5899877145017,51.00800890045885,36.01563411885518,42.67901572755658,44.83628394848918,-0.7094193171724378,1.1051777012087485,-0.8321369895219471,-0.28146074917665725,0.5278277262724559,Brandon Lowe,2025,553,1.7,114,0.785,31.0,1994.0,1990,44.727053934702845,52.55649911667127,34.209951569514274,33.64903753303377,35.88702649851171,-0.6902058214882035,1.3213132354108266,-1.0844065257777102,-1.753661490532205,-0.8738881796629112
fg:18900,Leody Taveras,Leody Taveras,2024,529,1.2,84,0.641,26.0,1998.0,1590,49.18336718144627,38.73604722311581,42.06908651167354,45.98254409762539,48.43983132363223,-0.09586228842254929,-0.4378156515386223,-0.019598537313770696,0.2564445890142342,1.0306610234748763,Leody Taveras,2025,180,-0.8,47,0.53,27.0,1998.0,2290,44.98459254396097,37.216976784303,32.99114963091891,41.651488864469215,45.27974364787784,-0.6560858059482501,-0.635111074127579,-1.249591333303268,-0.45493418282923287,0.7068313715904637
fg:19238,Lourdes Gurriel Jr.,Lourdes Gurriel Jr.,2024,553,2.1,108,0.757,31.0,1993.0,1511,58.378999023497165,43.00930208587886,35.761592396222085,45.79426518342335,43.04790484322653,1.1324369607661082,0.09947447543530084,-0.8662363190796529,0.22578759997921802,0.2782801364863119,Lourdes Gurriel Jr.,2025,546,0.7,95,0.713,32.0,1993.0,2097,56.40159685491103,40.66672721820408,36.0010944929568,41.77216592824506,39.63011782926629,0.8564965817235441,-0.1951250390681202,-0.8416520718419042,-0.43534935917358075,-0.24395569531783798
fg:19251,Pete Alonso,Pete Alonso,2024,695,2.1,121,0.788,30.0,1994.0,1510,50.49821162811532,54.05138732948933,48.20549225599348,34.489539872274285,32.25346430252027,0.07976701844662089,1.4878314944126942,0.8040745176732331,-1.614932808764269,-1.227959011631825,Pete Alonso,2025,709,3.6,141,0.871,31.0,1994.0,1894,54.9917077190839,60.47308338384685,43.57916419467029,33.60605807847189,30.00047321837573,0.6697073489843949,2.331005556541948,0.1854073259593909,-1.7606366771341435,-1.864548252933996
fg:19260,Jake Fraley,Jake Fraley,2024,382,1.0,96,0.716,29.0,1995.0,1603,54.789950148253055,32.73298740387907,34.756136242048505,44.91618533725276,45.51637268201331,0.6530325963368633,-1.1925997391004535,-1.0011959642970858,0.08281203455274146,0.6227262317360012,Jake Fraley,2025,217,0.3,97,0.714,30.0,1995.0,2139,50.32686927870044,36.37882107246491,47.26251171403837,42.94972594462467,38.871880677508855,0.051685994688241345,-0.7420106355538403,0.6846131704608854,-0.2442417489687172,-0.3715609740896505
fg:19287,Adolis Garcia,Adolis Garcia,2024,637,-0.1,94,0.684,31.0,1993.0,1744,40.190211997752535,50.87928970010036,35.59995003717394,31.634901282202264,35.83741355044143,-1.2971158781383005,1.0889934206718566,-0.8879331333451911,-2.079746536449458,-0.7278604060829535,Adolis Garcia,2025,547,0.7,83,0.665,32.0,1993.0,2104,44.1596181753984,47.51909018020236,32.66908397355806,46.9135066046623,43.29484193894424,-0.7653825764655039,0.6788349960723129,-1.2932410453172287,0.3990449105469471,0.37278820934754275
fg:19290,Randy Arozarena,Randy Arozarena,2024,648,2.0,114,0.72,29.0,1995.0,1523,44.46144122021978,45.81261869581455,51.31888353466152,36.41240742167087,38.24938978565921,-0.7265898134607169,0.4519445212604086,1.2219765620815766,-1.3018370506573342,-0.39129705978303353,Randy Arozarena,2025,709,2.9,120,0.76,30.0,1995.0,1934,45.34957742653787,49.61419997625848,45.579418240937166,37.171480197521696,47.106049054393694,-0.6077307655088956,0.9460482539132704,0.45650271001793835,-1.1820000972016318,1.0141840382077247
fg:19296,Alex Call,Alex Call,2024,113,1.2,167,0.95,30.0,1994.0,1586,57.89167831348706,40.62139225142953,50.72307722827988,43.618292385096495,41.84909591455903,1.0673434824167192,-0.20076513567087625,1.1420031018826404,-0.1285206586036517,0.11100023599835074,Alex Call,2025,322,0.9,113,0.746,31.0,1994.0,2072,57.81213905945724,36.219610527190525,55.69383775231334,41.99325068257627,38.93228260890485,1.0433723363046337,-0.7623165730113842,1.8273148061530287,-0.39946925245692555,-0.3613958096997534
fg:19318,Matt Thaiss,Matt Thaiss,2024,186,-0.1,84,0.622,29.0,1995.0,1747,36.78664263626104,37.46681291859805,51.57122722986462,40.150287234730925,37.1345986541819,-1.7517449632397677,-0.5974005774405297,1.2558479700351712,-0.693207343348632,-0.546853249830487,Matt Thaiss,2025,190,0.6,89,0.638,30.0,1995.0,2116,44.5661897359365,36.12071899745363,51.064969671944255,45.60638210756565,38.31175771839489,-0.7115179229146297,-0.7749293381674707,1.1999621094563289,0.1869101272614325,-0.46582521078468353
fg:19326,Bryan Reynolds,Bryan Reynolds,2024,692,2.2,118,0.791,29.0,1995.0,1505,52.23839558205242,48.37646165819532,40.00151186264273,30.4734673930668,45.28242157519447,0.31221071353852553,0.7743047724128675,-0.2971234596442813,-2.2688599385265102,0.5900810645772915,Bryan Reynolds,2025,654,1.1,99,0.72,30.0,1995.0,2050,48.06923959572729,46.849051736768125,41.94427048875252,38.622564125549786,38.38052757240943,-0.2474161868774661,0.5933773481314837,-0.0361705970688652,-0.9465019673103587,-0.45425179160800144
fg:19352,Sean Murphy,Sean Murphy,2024,264,0.8,78,0.636,30.0,1994.0,1627,43.47211549458798,44.18760404874661,45.59589291334802,48.63132197314269,37.44698745378943,-0.8587382146656898,0.24762618451297702,0.45379509476537344,0.6877385266815547,-0.5032630111675288,Sean Murphy,2025,337,2.0,97,0.709,31.0,1994.0,1978,38.95539653305857,49.745914816018725,43.86589114163444,53.43961555617297,35.48342936636268,-1.454864141274387,0.9628473503160401,0.22426756571356188,1.4581748642746868,-0.9418103652746453
fg:19354,Luke Raley,Luke Raley,2024,455,2.3,129,0.783,30.0,1994.0,1500,40.56788665539376,52.82219979082706,36.05652783709901,39.21745723732033,43.88559280520488,-1.2466682844996633,1.3332817776434986,-0.8266479369333286,-0.8450977402279244,0.3951697888477235,Luke Raley,2025,219,0.2,91,0.631,31.0,1994.0,2163,35.21471622979274,42.48952100112574,38.56121803041782,42.905342691135886,39.76098616675048,-1.9504483585111274,0.037356650446967996,-0.49467730885086225,-0.2514447597616919,-0.22193159553801647
fg:19363,Austin Hays,Austin Hays,2024,255,0.2,97,0.699,29.0,1995.0,1697,46.98912408535363,40.933211224685145,30.982769530778647,41.09952691247069,38.631166827793,-0.38895657424890334,-0.16155912968389471,-1.5076847162077291,-0.5386449988853442,-0.33802449558240294,Austin Hays,2025,416,1.2,105,0.768,30.0,1995.0,2038,45.763739872421205,44.31779261277745,35.910301864515205,43.68012737366566,47.54640338844206,-0.5528604331330575,0.2705369899629339,-0.8539572400394122,-0.12570403568647212,1.0882921683941411
fg:19392,Zach McKinstry,Zach McKinstry,2024,325,1.0,74,0.614,29.0,1995.0,1609,51.38504270413575,35.425306641097976,42.062144669742175,48.13167129869982,56.30463560191068,0.19822477790712978,-0.854085751220884,-0.0205303218777456,0.6063816455212151,2.1281033644241125,Zach McKinstry,2025,511,3.2,114,0.771,30.0,1995.0,1911,53.588933745476176,38.31024687130602,43.81099379993218,45.31955398611397,51.40512955680023,0.48386076886806884,-0.4956738655392427,0.21682730283278218,0.1403604516035329,1.7376850757136615
fg:19452,Jake Rogers,Jake Rogers,2024,337,2.1,70,0.607,29.0,1995.0,1518,40.15646513179034,41.6222337949154,39.69095086832635,65.22609741846186,41.826597692643865,-1.301623589064077,-0.07492609792328901,-0.3388092173347916,3.3898246897649296,0.1078608697214346,Jake Rogers,2025,142,0.3,70,0.61,30.0,1995.0,2147,44.623841438554415,40.72345337926472,46.35861368870359,46.53817120353156,40.80167872645573,-0.7038799342072489,-0.18789010449316015,0.5621074403586402,0.3381312836084995,-0.04679131932081726
fg:19455,Andruw Monasterio,Andruw Monasterio,2024,142,-0.2,69,0.575,27.0,1997.0,1765,46.68966557926598,36.60490496362032,48.95057938761523,41.6656489383887,42.4881292552156,-0.42895650731588286,-0.7057710466594863,0.9040855370720825,-0.44646475228361815,0.2001699369216983,Andruw Monasterio,2025,135,0.7,111,0.755,28.0,1997.0,2093,49.79093325377205,39.09185813525871,39.91524664244671,46.07963065991365,39.723359035315546,-0.01931751640336973,-0.39598606273332604,-0.3111651658361747,0.26371419551622743,-0.22826394233084946
fg:19470,Tommy Edman,Tommy Edman,2024,153,0.8,97,0.711,29.0,1995.0,1622,50.19822878268257,39.25772652518248,43.39170541403204,46.18078603202729,49.36797685118341,0.03969704716639331,-0.37222322902960503,0.15793300106235006,0.28872383193953377,1.1601729813643473,Tommy Edman,2025,377,1.2,81,0.655,30.0,1995.0,2042,57.1273855046339,39.79063908530064,38.43993980242833,52.50117435530545,40.88568208035086,0.9526527273150804,-0.306862554968055,-0.5111142048822002,1.3058741299418741,-0.03265422333876092
fg:19522,TJ Friedl,TJ Friedl,2024,341,0.3,90,0.69,29.0,1995.0,1685,55.22022048577522,37.47248657493081,47.51364560877812,36.973254907483074,46.53509181539802,0.7105056163103072,-0.5966872103165608,0.7112098237077361,-1.2105156443504645,0.7648766872278457,TJ Friedl,2025,685,2.9,109,0.742,30.0,1995.0,1936,57.877799322323945,34.31423951837954,57.50076560306967,39.898868806259344,42.96910161324424,1.052071339517484,-1.0053302783639688,2.0722085988095618,-0.7393689685409307,0.3179687046954331
fg:19556,Yordan Alvarez,Yordan Alvarez,2024,635,5.2,167,0.959,27.0,1997.0,1408,64.58941497290681,60.20873625373447,48.86750116809288,34.9501508525062,33.77371646728648,1.9619883585206108,2.2620148491567913,0.8929341735984082,-1.5399326642699978,-1.0158254307438637,Yordan Alvarez,2025,199,0.5,118,0.797,28.0,1997.0,2119,56.87374897854988,50.82420621373978,52.49326449849626,41.906147201824105,36.18281023907814,0.9190496794597866,1.1003741557509203,1.3935395879149282,-0.4136053795464385,-0.8241101299014786
fg:19566,Nathaniel Lowe,Nathaniel Lowe,2024,565,2.9,123,0.762,29.0,1995.0,1471,56.07166427395947,43.249933576028674,53.33459319739366,47.18078660421313,36.5433915238261,0.8242365467908611,0.12972984939465373,1.4925397883490406,0.4515514470574584,-0.629349357065538,Nathaniel Lowe,2025,609,-0.3,91,0.689,30.0,1995.0,2227,48.42111480790809,42.28235428476307,47.16949009714028,37.72933769128376,34.49101819637962,-0.2007979817768091,0.010934315302677427,0.6720059063957045,-1.0914647436019773,-1.1088252678132917
fg:19599,Chas McCormick,Chas McCormick,2024,267,-0.2,65,0.576,29.0,1995.0,1764,41.80398689649155,36.41497458009135,36.03764581298983,46.6892276066465,42.51055689387383,-1.0815571725998512,-0.7296516068319506,-0.8291824196794776,0.37151211359129876,0.20329945412265854,Chas McCormick,2025,116,-0.1,62,0.569,30.0,1995.0,2211,41.14232439092551,32.360256727632105,37.16585772986999,46.48963038447928,37.47705851282279,-1.1651288945472116,-1.2545439989353946,-0.683791155306041,0.33025353657443374,-0.6062984447468613
fg:19608,Otto Lopez,Otto Lopez,2024,434,2.5,92,0.69,26.0,1998.0,1494,57.42433136948376,37.90349544529978,36.84177280979494,56.50543681139022,49.41440463816654,1.0049179840616391,-0.5424950738480854,-0.7212466397371112,1.9698611333456617,1.1666514412762592,Otto Lopez,2025,594,2.3,86,0.672,27.0,1998.0,1964,58.8196888419597,39.390151197252266,44.219810277354135,54.24324397034872,40.87729250423356,1.176857619677445,-0.3579413449640253,0.2722343948284263,1.5885966717321367,-0.03406612223707315
fg:19610,Keibert Ruiz,Keibert Ruiz,2024,485,-0.3,70,0.619,26.0,1998.0,1774,60.55926883850482,33.317983203467605,31.733794480808545,39.2237907341613,36.91214823165536,1.4236647766249606,-1.1190463289869963,-1.4068766795919654,-0.8440664726320296,-0.5778936297057904,Keibert Ruiz,2025,267,-1.0,65,0.595,27.0,1998.0,2300,61.588751784712805,32.18963194892109,33.42121799714951,36.02052860074848,33.21267914533397,1.5437170622674632,-1.276305723821407,-1.1913039626903648,-1.3687893954635173,-1.3239595573894352
fg:19611,Vladimir Guerrero Jr.,Vladimir Guerrero Jr.,2024,697,5.3,164,0.94,25.0,1999.0,1406,66.74017363310483,60.32449130669044,49.68791441573116,33.56831791181046,23.468702266379484,2.2492742452202723,2.276569105595494,1.0030560126993393,-1.7649330977528113,-2.4537708020473668,Vladimir Guerrero Jr.,2025,680,3.9,137,0.848,26.0,1999.0,1887,63.4381603909162,54.06036846075159,55.936405406551785,39.311076840440094,34.647033608716946,1.7887360540417703,1.513118852259788,1.860190115921145,-0.8347624230764348,-1.0825691154500632
fg:19612,Bo Bichette,Bo Bichette,2024,336,0.3,70,0.598,26.0,1998.0,1691,52.27297852301946,38.59526549098306,32.83198225696307,46.506696129273664,41.22306454213289,0.3168301025217059,-0.45551659313055587,-1.2594699209414535,0.34179096545274895,0.02364480914297407,Bo Bichette,2025,628,3.8,134,0.84,27.0,1998.0,1889,65.04964604849829,47.95103009530759,36.1548782057308,35.06654787803818,33.42106642785797,2.002233812057553,0.7339252219516835,-0.8208096919680955,-1.523612057207071,-1.2888896360365412
fg:19627,Brent Rooker,Brent Rooker,2024,614,5.1,164,0.927,30.0,1994.0,1409,48.31423669847104,60.37319227916265,41.019256812187336,36.68473948770074,42.535415187263645,-0.21195570516892426,2.2826924360599046,-0.16051432284380993,-1.2574938951980792,0.20676814103773708,Brent Rooker,2025,699,2.4,122,0.814,31.0,1994.0,1954,49.62192664659318,51.3661014765588,42.81970358740149,35.11872780805695,40.75805594729434,-0.04170836521593839,1.1694882417329684,0.08247726795544702,-1.5151437145427171,-0.05413268591408991
fg:19709,Fernando Tatis Jr.,Fernando Tatis Jr.,2024,438,3.3,135,0.833,25.0,1999.0,1449,54.73215441151409,58.7437809655538,39.38138469773638,46.69157184669353,44.02170170377728,0.6453125765206995,2.0778212922368615,-0.38036144254194737,0.3718938203890134,0.4141622091277633,Fernando Tatis Jr.,2025,691,6.1,131,0.814,26.0,1999.0,1857,54.739752221971855,51.47371412881797,52.25041365726548,54.895429335578754,53.610352128242056,0.6363270123366062,1.1832133111537726,1.3606258976787957,1.6944406073498677,2.1088064858562605
fg:19734,Josh Rojas,Josh Rojas,2024,476,1.9,92,0.641,30.0,1994.0,1535,48.78635009411225,36.83258560490883,48.26238225474963,53.56803035280224,37.68760763650775,-0.14889353180676507,-0.6771440247298116,0.8117107074928296,1.4915705187329094,-0.4696872517133056,Josh Rojas,2025,211,-1.3,44,0.512,31.0,1994.0,2304,47.16926971842076,34.231345732394146,46.43542083981476,40.09194134205727,38.69789997549088,-0.3666487411249409,-1.0159026687225188,0.5725171501491471,-0.7080349979582886,-0.4008405417426768
fg:19755,Shohei Ohtani,Shohei Ohtani,2024,731,9.0,180,1.036,30.0,1994.0,1395,58.75965290589899,74.24800440387313,47.64311324937849,37.41636028539146,72.23253071238679,1.1832825019954567,4.02721734918545,0.7285879130157928,-1.1383658937027807,4.350656638217853,Shohei Ohtani,2025,727,7.5,172,1.014,31.0,1994.0,1851,49.94949790550775,72.34879675710782,52.3338794964856,37.479047070248185,49.37490851663159,0.0016899294195850017,3.8456507868912437,1.3719380626417295,-1.1320847050285379,1.3960150306642256
fg:19844,Abraham Toro,Abraham Toro,2024,364,0.7,87,0.643,28.0,1996.0,1638,56.87911649956437,35.55953907274795,38.499766204242775,44.757569157073576,41.4741575494286,0.9320913390989672,-0.8372082743182775,-0.4986986953451995,0.05698495499293855,0.05868192996283298,Abraham Toro,2025,284,-0.7,77,0.659,29.0,1996.0,2277,55.209444817266025,36.3375322038982,36.6510841584911,40.88642311199333,36.89094020281886,0.6985542593369796,-0.7472766760749844,-0.75355866273671,-0.5790976102312366,-0.7049374921319226
fg:19858,Luis Rengifo,Luis Rengifo,2024,304,1.5,118,0.763,27.0,1997.0,1560,57.580676088456826,37.8972777518097,33.44079284776434,39.82320501746105,48.68157140215232,1.0258016062235285,-0.5432768445198701,-1.177750931010272,-0.7464653302607027,1.0643930514167614,Luis Rengifo,2025,541,0.0,73,0.622,28.0,1997.0,2189,53.64229513267148,34.64531491665057,36.89855098194791,43.17413675140667,37.80947020906769,0.49093035492191106,-0.9631044551973125,-0.7200193662298591,-0.2078218532591903,-0.5503562015212079
fg:19864,Riley Adams,Riley Adams,2024,130,-0.3,75,0.629,28.0,1996.0,1772,46.46611471099345,41.200394866532505,39.71647631316266,40.30362887480431,39.829377822155145,-0.4588171377076901,-0.12796526798740276,-0.33538300629135004,-0.6682391040836844,-0.17082802990102966,Riley Adams,2025,286,-0.6,57,0.56,29.0,1996.0,2275,36.20982170033678,47.32676886240408,37.38070747663005,40.94577360151071,39.03200822380943,-1.818611760431091,0.6543060639953955,-0.6546724667467034,-0.5694655489703365,-0.34461278230378095
fg:19890,Emmanuel Rivera,Emmanuel Rivera,2024,302,0.3,86,0.656,28.0,1996.0,1688,48.54475775691907,40.58078246456706,42.40256417120001,43.94596066237813,38.64603886961398,-0.1811640371381242,-0.20587113525209835,0.025163262025579638,-0.07516724499215258,-0.3359492744054708,Emmanuel Rivera,2025,127,-0.3,64,0.575,29.0,1996.0,2238,48.54258107053293,31.730473539671088,35.599538178380215,44.79776461471369,37.36636243172051,-0.18470551789235212,-1.334867434826589,-0.8960751905074773,0.055678636314673374,-0.624927714303575
fg:19892,Pavin Smith,Pavin Smith,2024,158,0.9,142,0.896,28.0,1996.0,1610,57.30081359086968,52.95936228929142,53.28568881694798,43.11512535058309,36.05506626500164,0.9884191944907761,1.3505276613042563,1.4859754863582175,-0.21045009996056135,-0.697489490783686,Pavin Smith,2025,288,0.7,123,0.797,29.0,1996.0,2090,44.31053994346623,46.806820396753,52.200931745424825,40.4902998830451,36.510793593449336,-0.745387698467889,0.5879911034727674,1.353919590587739,-0.643384918375136,-0.7689131413734884
fg:19896,Connor Wong,Connor Wong,2024,487,1.1,112,0.758,28.0,1996.0,1593,49.5615209277771,39.75857680048382,36.43041722054422,28.08870358012644,39.41895225280057,-0.04535070089117591,-0.3092497072870741,-0.7764617817928241,-2.657165120624391,-0.22809816424650864,Connor Wong,2025,188,-0.7,39,0.5,29.0,1996.0,2281,46.36991326330558,31.18735097291052,41.17239690296064,43.93670796454445,38.65306940538469,-0.4725515210966835,-1.4041380528840435,-0.1407829919671178,-0.08406326760184113,-0.4083851699406487
fg:19901,Gavin Sheets,Gavin Sheets,2024,501,-0.8,88,0.66,28.0,1996.0,1824,52.34736425225076,37.854192520937815,42.725990057941225,34.595636977972134,30.748034879797743,0.3267661174616844,-0.5486940896665566,0.06857583923995325,-1.5976572799573867,-1.43802425055575,Gavin Sheets,2025,545,1.3,111,0.746,29.0,1996.0,2027,54.50168418957841,46.02357167483963,43.00462025020634,40.26921512871389,36.21994860938421,0.6047865571472681,0.488094456969459,0.1075391113825174,-0.6792650250917912,-0.8178600377171886
fg:19913,Jesus Sanchez,Jesus Sanchez,2024,537,1.6,101,0.731,27.0,1997.0,1554,47.493749100136434,53.50375511845808,35.329945733099784,44.96225775160479,43.06067407906458,-0.3215516870778993,1.41897592888957,-0.924175076799184,0.09031389161195018,0.2800619354446084,Jesus Sanchez,2025,497,1.0,93,0.699,28.0,1997.0,2060,48.85486374555246,46.68814581212175,41.04641061843535,44.98501655872271,44.95366546076862,-0.1433327320595104,0.5728551795980706,-0.1578579731442517,0.08606797615978808,0.6519550075518019
fg:19918,Daulton Varsho,Daulton Varsho,2024,513,3.2,99,0.7,28.0,1996.0,1457,43.284449373219374,40.81015783606211,44.3416351440083,59.77520002735388,50.0406390727696,-0.883805568376079,-0.17703102942335755,0.2854394853649521,2.5022685751653415,1.2540352031064064,Daulton Varsho,2025,271,2.2,123,0.833,29.0,1996.0,1965,43.33468124003697,54.04018256977834,35.15932536444818,49.46336219944483,43.70767692324739,-0.8746743876432304,1.5105443152596085,-0.9557374429514235,0.8128639960357505,0.4422650519642092
fg:19921,Blake Perkins,Blake Perkins,2024,434,1.6,84,0.647,28.0,1996.0,1557,48.08636218561231,35.359855487768826,48.83335691998776,50.89357900005604,48.75474990936441,-0.24239386296615809,-0.8623151359901488,0.888351084031195,1.0560962323885592,1.0746042644896425,Blake Perkins,2025,171,0.4,83,0.647,29.0,1996.0,2131,47.2099080894019,36.50746940668325,48.19424953650631,45.53648117488168,47.50911411841635,-0.3612647645111462,-0.7256026455921656,0.8108920415349058,0.1755658220790982,1.0820166809878602
fg:19950,Andres Gimenez,Andres Gimenez,2024,633,2.7,83,0.638,26.0,1998.0,1485,55.51597827427989,32.9172188025053,29.84512168346604,60.23170858750351,49.22775903424041,0.7500112289535551,-1.1694357306948167,-1.6603880928973702,2.576600732763615,1.1406072091182768,Andres Gimenez,2025,369,1.0,70,0.598,27.0,1998.0,2069,51.81894896629741,31.4946575944824,36.826580133458926,53.5866418122567,46.33291626416487,0.24936424679307956,-1.36494373301551,-0.7297736096213701,1.4820359295679166,0.8840719420170876
fg:19953,Josh Lowe,Josh Lowe,2024,387,1.0,98,0.693,26.0,1998.0,1605,43.77371609525653,44.809559287540665,37.54736907496477,41.64935242134788,52.281565923965786,-0.8184521530095497,0.32582662421426944,-0.6265363719459348,-0.4491182737697963,1.566730589088861,Josh Lowe,2025,435,-0.1,79,0.65,27.0,1998.0,2203,46.07493104383924,39.84946190047864,34.41847955219079,38.99815875397903,49.67789569586928,-0.5116322552094995,-0.29936021017033726,-1.0561446289170844,-0.8855462700665109,1.4470053618307983
fg:19955,Gavin Lux,Gavin Lux,2024,487,1.4,98,0.703,27.0,1997.0,1570,53.642139633556766,40.19340886634908,46.58159829093687,41.37877853535328,44.32338284673696,0.4997147148004207,-0.2545768681084593,0.5861036469544537,-0.49317514913076616,0.4562583183296547,Gavin Lux,2025,503,0.3,102,0.724,28.0,1997.0,2138,55.3461030660693,34.7313178467225,51.16248882320072,34.19857989566884,38.23254222128143,0.716659434270797,-0.9521355202175573,1.2131789264962816,-1.6644756094147302,-0.47915654857099715
fg:19956,Mickey Moniak,Mickey Moniak,2024,418,0.1,80,0.646,26.0,1998.0,1716,42.53255691629001,42.78131009353705,29.486455552788662,42.69589830460915,37.89440956322974,-0.984239008533354,0.07080830633272574,-1.7085308722187762,-0.27871180099105186,-0.4408304381748668,Mickey Moniak,2025,461,0.6,110,0.824,27.0,1998.0,2110,49.9780525791408,51.654399449610345,30.269202759944083,30.430366310767223,45.39813192878023,0.005472996785307853,1.2062581717638732,-1.6184980897980532,-2.2760234566030997,0.7267551771608592
fg:19997,Santiago Espinal,Santiago Espinal,2024,391,0.0,76,0.65,30.0,1994.0,1732,60.31613885663428,31.84548636772225,41.68680120130847,42.06037462715723,41.67125822347474,1.3911888816221623,-1.3041881090246064,-0.07091165489184381,-0.3821925465313041,0.08618504605756899,Santiago Espinal,2025,328,-0.3,58,0.575,31.0,1994.0,2237,58.59716725809953,27.470192836616363,45.67395344723623,46.42555004358421,38.61148103970616,1.1473768365002932,-1.8782296433958832,0.46931511157589495,0.3198538621296269,-0.4153841609341294
fg:20017,Miles Mastrobuoni,Miles Mastrobuoni,2024,106,-0.4,35,0.47,29.0,1995.0,1795,54.66161278421774,32.30521820017572,44.53386119411255,44.5808982798183,43.19594956878955,0.6358900344558436,-1.2463845418221653,0.3112414653080176,0.028218073848672406,0.29893806317315746,Miles Mastrobuoni,2025,175,0.3,85,0.62,30.0,1995.0,2145,59.112548322041135,32.86776910323471,51.16668203036996,45.7303852237923,39.78255317576675,1.215657122556588,-1.1898151548744973,1.213747233862091,0.2070347399099574,-0.21830203954565044
fg:20036,Isaac Paredes,Isaac Paredes,2024,641,3.3,116,0.739,25.0,1999.0,1451,55.47946437790784,35.42598031004621,52.772276035567806,44.62579857414681,32.34942303335673,0.7451339141296138,-0.8540010486495754,1.417061484949458,0.0355290775090244,-1.214569082209865,Isaac Paredes,2025,438,2.4,128,0.809,26.0,1999.0,1955,57.726454166617934,41.07453262594572,53.16614845390206,41.95635104710178,33.196259508007344,1.0320203689874303,-0.14311296229155546,1.4847358710360734,-0.40545773801593754,-1.3267228516879803
fg:20043,Luis Robert Jr.,Luis Robert Jr.,2024,425,0.6,84,0.657,27.0,1997.0,1646,37.44961502937835,45.59494126967003,33.68809122094119,41.83997557559695,45.81521834023016,-1.6631889502668542,0.42457523585885343,-1.1445567429114107,-0.41807957793706546,0.6644266818847495,Luis Robert Jr.,2025,431,1.3,84,0.661,28.0,1997.0,2032,43.46446821794751,44.482165243522665,38.64776180090897,48.834772259886094,49.9901207272611,-0.8574795533776123,0.2915013070808233,-0.4829479903960593,0.7108493900055436,1.4995503500023046
fg:20123,Juan Soto,Juan Soto,2024,713,8.3,181,0.989,26.0,1998.0,1396,63.79005722305922,66.42719566471308,70.63853246105948,43.713367513859325,28.6751386302668,1.8552147794087326,3.0438818226484097,3.8152004973163467,-0.11303981098809239,-1.7272729123327577,Juan Soto,2025,715,5.8,156,0.921,27.0,1998.0,1858,59.3644262451104,61.70853489225805,68.273822519811,31.03260705801807,54.65003110371968,1.249027181803436,2.4885767841160464,3.532286136349974,-2.17828509221047,2.2837761839138095
fg:20126,Dylan Carlson,Dylan Carlson,2024,265,-1.1,67,0.563,26.0,1998.0,1839,41.29767580021583,30.979940794379417,42.68705543512641,36.25379124149168,40.18886034702231,-1.149187276772514,-1.4130159477419981,0.06334975070297388,-1.327664130217137,-0.1206664073530719,Dylan Carlson,2025,241,-0.4,74,0.614,27.0,1998.0,2253,48.60952481510821,36.65658040897598,46.465177852342585,42.36468774544201,37.46627500831466,-0.17583647254109078,-0.7065848180885311,0.576550132236958,-0.3391882914541676,-0.6081132227430437
fg:20178,Miguel Vargas,Miguel Vargas,2024,237,-1.0,46,0.506,25.0,1999.0,1836,44.59510265458479,34.148385279484955,48.67872653989348,41.44759412687544,41.76945736693086,-0.7087360930969617,-1.0146371956234217,0.8675954686314234,-0.4819700768916672,0.09988759911045753,Miguel Vargas,2025,569,1.4,101,0.717,26.0,1999.0,2017,54.329259091557375,42.55765699979443,48.82983445537807,39.67279497325194,42.70103142914019,0.5819428094043455,0.04604681180022111,0.8970331684607257,-0.776058758746894,0.27285462594879833
fg:20202,Brandon Marsh,Brandon Marsh,2024,476,2.3,107,0.747,27.0,1997.0,1502,47.10539016844493,48.17944470024259,48.96026361566684,45.98840469774295,51.49198807995675,-0.37342642417111427,0.7495331943642811,0.9053854246670064,0.25739885600851786,1.4565541464424583,Brandon Marsh,2025,425,2.4,116,0.785,28.0,1997.0,1958,53.95565468835592,45.7170924148968,42.53950332834648,43.92922434653016,45.59828053490656,0.5324458113435532,0.4490056599698118,0.04450159332372132,-0.08527779283580268,0.7604385948374307
fg:20220,Jo Adell,Jo Adell,2024,451,0.1,91,0.682,25.0,1999.0,1712,42.27807174247093,49.84227683317688,38.968213429428125,41.67209559851801,36.60902554202536,-1.0182316643182676,0.9586064456757897,-0.4358202982597793,-0.4454150585899061,-0.6201908900484462,Jo Adell,2025,573,1.2,112,0.778,26.0,1999.0,2036,46.96518679807499,57.14313025791768,34.52337937524478,27.91850109187038,40.38560153772493,-0.39368667704334714,1.906298639075281,-1.0419275059113493,-2.6836770389792726,-0.11681379914197261
fg:20287,Ben Rortvedt,Ben Rortvedt,2024,328,1.4,87,0.621,27.0,1997.0,1573,45.1169932986555,32.79645846096817,47.186023346107405,49.55019969355949,37.11706709886536,-0.6390249631516304,-1.1846193182227436,0.6672339783644701,0.8373571088723835,-0.5492995753112366,Ben Rortvedt,2025,128,-0.5,31,0.445,28.0,1997.0,2268,45.23338943757398,25.43213778403356,44.0259398161128,45.670462448460725,36.76140890250035,-0.6231239370431504,-2.1381660587976117,0.2459590388325638,0.19730980170624046,-0.7267365791965811
fg:20308,Jake Meyers,Jake Meyers,2024,513,1.9,85,0.646,28.0,1996.0,1534,46.82614695864805,39.93958057507458,39.59846662555718,52.97564878964357,47.59366220633624,-0.4107261150271625,-0.2864915184694418,-0.3512231257290257,1.3951144967547253,0.9125879241240145,Jake Meyers,2025,381,2.3,107,0.727,29.0,1996.0,1963,58.98336305259965,36.38869447058551,45.04335777787921,49.83313623608517,44.63716298722275,1.1985420056676142,-0.7407513684344111,0.3838501800143017,0.8728750625420709,0.5986901599046257
fg:20352,Ernie Clement,Ernie Clement,2024,452,2.1,94,0.692,28.0,1996.0,1516,62.69581103390321,35.612115105013245,26.246251325804288,52.141883177789744,41.883778931398346,1.7090517102848048,-0.8305977200782856,-2.1434546738093765,1.2593545082891724,0.1158398492734637,Ernie Clement,2025,588,3.2,98,0.711,29.0,1996.0,1913,63.53676904966009,33.21561593291063,33.71887316736416,56.38533515260522,39.3779352143625,1.8018002271318063,-1.145450279695964,-1.1509626156314994,1.9362391876019882,-0.286396022597524
fg:20437,Royce Lewis,Royce Lewis,2024,325,1.1,106,0.747,25.0,1999.0,1594,48.2838630443333,46.55211817270995,39.40602926820533,45.28582360880414,36.021363406794414,-0.21601284199359533,0.5449241774238077,-0.3770534688692819,0.14299931832745189,-0.7021923342746262,Royce Lewis,2025,403,1.0,85,0.671,26.0,1999.0,2065,49.838546703865,43.376877438086325,37.29883915346104,46.66466885909631,44.1059397220172,-0.013009446084275027,0.1505313417365271,-0.665768119597977,0.358660738001679,0.5092895117175625
fg:20454,Jazz Chisholm Jr.,Jazz Chisholm Jr.,2024,621,4.0,111,0.76,26.0,1998.0,1425,48.59393413950066,46.985463784548536,43.10165538520556,48.459925635993216,57.51528313213507,-0.17459534073527733,0.5994101199397187,0.11900037448958581,0.6598304858321438,2.29703520463574,Jazz Chisholm Jr.,2025,531,4.4,126,0.813,27.0,1998.0,1875,43.65736710319078,51.50899779908681,45.759511640829146,49.46502522567023,50.004484297606105,-0.8319233349096341,1.1877134402156826,0.4809108543240302,0.8131338905321869,1.5019676245895293
fg:20503,William Contreras,William Contreras,2024,679,5.5,132,0.831,27.0,1997.0,1403,54.25946079281943,54.8378783732229,49.22791280244065,49.48607258213138,37.83131136317877,0.5821729003231558,1.5867195519525694,0.9413112471305604,0.8269154502287115,-0.4496350611411208,William Contreras,2025,659,3.6,113,0.754,28.0,1997.0,1896,54.531469807323006,45.54900479154176,51.10850342602624,47.32626009586453,33.186173379816395,0.6087327062052295,0.4275675274557106,1.2058622598919158,0.4660311636552071,-1.3284202667995337
fg:20529,Nolan Jones,Nolan Jones,2024,297,-0.8,69,0.641,26.0,1998.0,1825,46.01260617853194,39.43366152309673,51.31277441653418,39.96025014049361,39.74278116324224,-0.5193941811878137,-0.35010235386434857,1.2211565517692073,-0.7241506124819332,-0.18291159062462356,Nolan Jones,2025,403,-0.4,72,0.6,27.0,1998.0,2255,44.67052000708003,40.62618180785164,44.528727498755615,43.01380628551974,40.21026214504252,-0.6976957217194023,-0.20029625788021757,0.3141020930512749,-0.2338420745239092,-0.14632202362168914
fg:20572,Kody Clemens,Kody Clemens,2024,120,0.1,90,0.706,28.0,1996.0,1709,47.87270066712381,43.928065147189706,35.79328722360846,43.81536219947488,39.61957507065233,-0.27093353128343617,0.2149935206886587,-0.8619820085942705,-0.09643226907720884,-0.20010357377981997,Kody Clemens,2025,386,1.4,95,0.715,29.0,1996.0,2018,48.43120616281871,48.88442815354169,40.65176218834337,48.52325797235193,44.98205474004942,-0.19946102811630198,0.8529721265447818,-0.21134486293385735,0.6602933672065038,0.6567326973397015
fg:20599,Ivan Herrera,Ivan Herrera,2024,259,2.1,128,0.8,24.0,2000.0,1509,58.37293996855711,43.91531416354196,47.4264954209412,44.62228221407628,49.20387835105175,1.131627627295446,0.2133902983574001,0.6995118910009931,0.034956517312454194,1.1372749363833519,Ivan Herrera,2025,452,2.7,137,0.837,25.0,2000.0,1942,57.83113920841206,50.19401914361978,47.10110253548317,40.14105444692375,40.73409500988723,1.0458895719900616,1.0199992081596283,0.662737307576038,-0.700064373981406,-0.05816512100432728
fg:21454,Lars Nootbaar,Lars Nootbaar,2024,405,1.7,114,0.758,27.0,1997.0,1545,57.87722129026252,49.72156616456168,59.31248161976615,41.97702069862952,42.54777446537371,1.0654123969755853,0.9434291036846701,2.294935494301935,-0.39576486015829604,0.2084927351435328,Lars Nootbaar,2025,583,0.8,96,0.686,28.0,1997.0,2087,52.63895344240727,44.35233974938834,53.18590961069353,40.754104864639686,34.10760772908367,0.35800258085994263,0.27494318048347366,1.487414110032676,-0.6005716953619425,-1.1733501983708785
fg:21479,Nico Hoerner,Nico Hoerner,2024,641,3.8,102,0.708,27.0,1997.0,1434,67.03191232844904,32.74849142605584,43.62313291024099,53.194289661168575,55.75647172136913,2.288243010673876,-1.190650368348769,0.18899688450696503,1.4307152480622003,2.051613444141313,Nico Hoerner,2025,649,4.8,109,0.739,28.0,1997.0,1868,70.52242698510696,32.73077032694486,43.0507596212238,58.01312058147574,52.324342530895066,2.7272954684117297,-1.2072881719934794,0.11379240232300697,2.200414413416942,1.8923813043779647
fg:21501,Trevor Larnach,Trevor Larnach,2024,400,1.4,119,0.771,27.0,1997.0,1564,51.04785846299302,49.50261648152109,48.0887191261492,42.880774022029016,35.9450835688932,0.15318565962273667,0.9158998533170206,0.7884003780210012,-0.24860894605478742,-0.7128363021232269,Trevor Larnach,2025,567,0.2,102,0.727,28.0,1997.0,2154,49.56945220975636,45.19427318363306,45.7742408884307,34.020215368601015,34.14165479468172,-0.048660443607136034,0.3823245579526904,0.48290711627030053,-1.693422599834847,-1.167620348169089
fg:21523,Jonathan India,Jonathan India,2024,637,2.9,109,0.75,28.0,1996.0,1472,57.78096916936712,40.76168038533847,59.090213825045154,45.01993820290359,44.266442607078176,1.0525555960662671,-0.18312625577684355,2.2651010926780644,0.09970585656191011,0.4483129674099968,Jonathan India,2025,567,-0.3,89,0.669,29.0,1996.0,2230,54.5569794582466,36.5543312619956,51.90471435633879,33.64404845435757,31.12754140686819,0.6121123535848559,-0.7196258184826477,1.313773106690371,-1.754471174021513,-1.6748716457483976
fg:21524,Joey Bart,Joey Bart,2024,282,1.3,121,0.799,28.0,1996.0,1575,50.87196895403397,47.38283541303688,43.76951091677091,40.14911511470741,36.477002618019306,0.1296913575991814,0.649372937413303,0.2086448062456815,-0.6933981967474887,-0.6386131599045854,Joey Bart,2025,332,1.3,101,0.696,29.0,1996.0,2029,46.73174076660869,40.5237571007893,50.61440027635139,45.4790529388882,34.75754272812965,-0.42461478620847526,-0.21335964945475658,1.1388962245647363,0.16624572562003473,-1.0639713100579093
fg:21534,Cal Raleigh,Cal Raleigh,2024,628,5.4,118,0.748,28.0,1996.0,1405,42.80120016573606,53.755113572197416,41.416761413966206,63.49209484327908,33.92293740104353,-0.9483551989961736,1.4505800386051917,-0.10715836116841723,3.1074813473924396,-0.9950033778272697,Cal Raleigh,2025,705,9.1,161,0.948,29.0,1996.0,1849,44.5944317215852,63.44416333898221,44.66122583847351,59.25392942563772,38.23256387478019,-0.7077762820321662,2.7099412837349384,0.3320596561718102,2.401786750818395,-0.4791529044594687
fg:21538,Nick Fortes,Nick Fortes,2024,335,0.6,58,0.577,28.0,1996.0,1651,57.76192354021028,30.06148708255289,36.38683061276788,54.67928940750338,34.01593908232284,1.0500115912174988,-1.5284960974861836,-0.782312293620027,1.6725140768547542,-0.9820260704202349,Nick Fortes,2025,242,1.0,80,0.644,29.0,1996.0,2067,52.40516354644928,37.77129451264708,38.953374777690165,49.96878053588962,39.92505329379589,0.3270289147904191,-0.5644126093747307,-0.4415281180211475,0.8948889366656507,-0.19432040366302655
fg:21558,Matt Vierling,Matt Vierling,2024,567,2.3,107,0.735,28.0,1996.0,1503,56.464224507755,44.3159392870545,46.26657599076755,41.79859164133897,47.1073612322548,0.8766724694892225,0.2637621882619064,0.5438190603119107,-0.42481802140084723,0.8447302558949652,Matt Vierling,2025,100,0.0,76,0.617,29.0,1996.0,2191,53.90953656181691,40.42571926250506,42.71456740958705,44.40746197755436,40.55805824088764,0.5263358490403571,-0.22586353359912412,0.06822811167639922,-0.007664041091698499,-0.08779070836867166
fg:21562,Romy Gonzalez,Romy Gonzalez,2024,216,0.2,98,0.723,28.0,1996.0,1695,47.62156521910844,48.54974236723406,32.72141008459224,40.46048687494824,43.47121249777732,-0.3044787500938857,0.7960919152703752,-1.2743117229356473,-0.6426983046221655,0.3373478166109134,Romy Gonzalez,2025,341,1.5,123,0.826,29.0,1996.0,2005,52.00077761517769,51.84088435354488,33.20804938640823,41.86425848767343,38.04711670040808,0.27345382444233063,1.2300427193862977,-1.2201948060839771,-0.4204035485947574,-0.5103621881622646
fg:21614,Kyle Isbel,Kyle Isbel,2024,426,1.5,82,0.654,27.0,1997.0,1563,53.44798216701025,38.3690361719494,40.062667230842905,49.16133460490852,55.43120530074943,0.4737802847928067,-0.4839611356285954,-0.2889147408839679,0.7740391701143531,2.0062262826244095,Kyle Isbel,2025,409,1.1,79,0.654,28.0,1997.0,2053,55.364718001994255,34.303491359707365,41.70939555758027,52.06815149088274,37.351315893529495,0.7191256349886794,-1.0067011136777022,-0.06800330841405733,1.235598336238964,-0.6274599269443892
fg:21618,Alec Bohm,Alec Bohm,2024,606,3.4,113,0.779,28.0,1996.0,1447,63.416387401115706,45.56581696253315,41.72477919885407,50.98220746868955,32.73582116973799,1.8053021285304311,0.4209133427160033,-0.06581397156318988,1.0705273863104054,-1.1606516978319927,Alec Bohm,2025,504,1.7,105,0.741,29.0,1996.0,1991,63.45158427508984,42.23231051087642,40.71010178132269,44.64741230617916,37.00214669854876,1.7905145180085151,0.004551661811160107,-0.20343807009718448,0.0312777820285718,-0.6862223238551375
fg:21622,Jake McCarthy,Jake McCarthy,2024,495,3.0,110,0.749,27.0,1997.0,1469,60.84592993162658,32.457229343869514,40.23948240660346,48.22323006739212,54.07268817061955,1.4619553053782872,-1.227271690068718,-0.26518132069388917,0.6212899329402054,1.8166609524830062,Jake McCarthy,2025,222,-0.1,60,0.591,28.0,1997.0,2208,51.48871008087992,35.04248935513786,37.35553354127065,46.35648062401294,48.63311265569955,0.20561253152677447,-0.9124482672308757,-0.6580843022019336,0.30864450419551087,1.2711766903024866
fg:21636,Jeremy Pena,Jeremy Pena,2024,650,2.7,99,0.701,27.0,1997.0,1482,55.04535144595694,39.85265340355777,30.74830548984218,43.91559870505517,49.6231370182185,0.6871476226449982,-0.29742115232506283,-1.539156186793177,-0.08011100726461154,1.1957776272169314,Jeremy Pena,2025,543,5.7,135,0.84,28.0,1997.0,1859,56.23568154895761,44.7164924166216,36.20113780291193,52.78966550298254,51.44532316984439,0.8345152841085803,0.32138772517800185,-0.8145401067183536,1.35269370009621,1.744449340937884
fg:21693,Miguel Amaya,Miguel Amaya,2024,363,0.6,82,0.644,25.0,1999.0,1649,52.9022121839492,38.70747673484265,35.94419322280113,44.50680814819033,35.16983171146286,0.4008794910313547,-0.4414079112481375,-0.8417263067143959,0.01615416131471703,-0.8210137192769351,Miguel Amaya,2025,103,0.8,124,0.814,26.0,1999.0,2078,50.55247584916222,39.96085505714576,34.218346008123305,45.88572661100304,38.04417629541969,0.08157549246974168,-0.2851529698862047,-1.0832688235128811,0.23224527768536937,-0.5108570349227753
fg:21707,Oswaldo Cabrera,Oswaldo Cabrera,2024,326,1.0,89,0.661,25.0,1999.0,1608,55.31932131812392,36.89938863676418,40.17385749716891,47.80341696140643,41.66764373631742,0.7237429315985545,-0.6687446639098964,-0.27398997381908907,0.5529328052102865,0.08568068624047737,Oswaldo Cabrera,2025,122,0.1,83,0.631,26.0,1999.0,2174,50.67975626465028,34.169232763393474,42.84300662858712,44.08290270751549,38.13211923005967,0.09843824468733856,-1.0238246443784427,0.08563554023178117,-0.060337149556829436,-0.4960569388515974
fg:21711,Oneil Cruz,Oneil Cruz,2024,599,3.6,110,0.773,26.0,1998.0,1438,45.17124973001326,60.31678198648586,41.601696767420094,44.31325469388248,55.8659094015438,-0.6317777032520294,2.2755997878822685,-0.08233499160954094,-0.01536166801515562,2.066884204820082,Oneil Cruz,2025,544,1.6,86,0.676,27.0,1998.0,2001,38.234573406518365,58.74305852986064,48.54021392417568,44.88736263480395,59.95474351600578,-1.5503624292784932,2.110355747042848,0.8577807598558856,0.07021960514883979,3.1765170692755045
fg:21716,Enmanuel Valdez,Enmanuel Valdez,2024,223,-0.6,73,0.633,26.0,1998.0,1808,50.13704239900652,42.615755664402606,43.58073701329754,37.8507486936419,37.93679986068896,0.03152412436774612,0.04999261358623066,0.18330619855669972,-1.0676355056234175,-0.4349153631607741,Enmanuel Valdez,2025,102,0.1,82,0.657,27.0,1998.0,2170,53.98254163315887,40.4341463773162,48.288234845097655,46.46577573150949,38.88796245342627,0.5360079295717327,-0.22478872749248296,0.8236299151944958,0.32638213668151056,-0.36885453917765626
fg:21837,Jonathan Aranda,Jonathan Aranda,2024,143,0.4,113,0.737,26.0,1998.0,1672,53.030731418348914,50.41809337565798,44.2134148777066,44.650299931352215,38.30314621667494,0.4180463461024314,1.0310057181646093,0.2682288277167468,0.03951857278719968,-0.3837959724822457,Jonathan Aranda,2025,422,2.5,146,0.883,27.0,1998.0,1952,57.42469100851482,51.43742622427483,42.82132813849267,43.049874407881525,28.74251503890033,0.9920412618798665,1.1785851006363828,0.08269744413897082,-0.22798853621311543,-2.0762526040109432
fg:21840,Freddy Fermin,Freddy Fermin,2024,368,1.9,92,0.685,29.0,1995.0,1533,54.64420304934462,35.8533909194054,37.86881188289282,53.80707016145036,39.68762675766172,0.6335645428919646,-0.8002613331522139,-0.583389978007631,1.5304927784225624,-0.19060774908353476,Freddy Fermin,2025,347,1.0,77,0.636,30.0,1995.0,2068,51.27722842044698,34.96808416251104,36.06803765527369,50.12329040998765,34.47063732480938,0.17759437315753848,-0.9219380104221504,-0.8325792331531082,0.9199645271928433,-1.1122552063124869
fg:21853,Will Benson,Will Benson,2024,388,-0.6,76,0.65,26.0,1998.0,1807,30.770628813381293,46.24997572715741,45.03481302124087,40.42027506071377,38.84034178105623,-2.555329250722912,0.5069348324985276,0.37848286671535425,-0.6492458946870905,-0.3088365536763148,Will Benson,2025,253,0.0,85,0.708,27.0,1998.0,2180,44.12646944812206,51.30761889244723,37.148049571009714,43.08038116575291,39.70248940261647,-0.7697742872581362,1.1620292904852445,-0.68620470356238,-0.22303755833444774,-0.23177613543858402
fg:21865,Bo Naylor,Bo Naylor,2024,389,1.6,74,0.614,24.0,2000.0,1559,40.52373008214676,40.97243918198324,40.87677071482804,56.498990151260905,38.97688582232695,-1.2525664638415115,-0.1566268719940285,-0.17963984419867485,1.9688114396519496,-0.28978341427287546,Bo Naylor,2025,414,1.5,85,0.661,25.0,2000.0,2010,45.70309526941289,42.68560554947088,45.27422134655043,48.521022660312326,36.8697110552118,-0.5608949363984846,0.06236555025461046,0.4151392294882216,0.6599305957672493,-0.7085101887377377
fg:21897,Christopher Morel,Christopher Morel,2024,611,-1.0,81,0.634,25.0,1999.0,1832,39.88310360772732,43.6706584998516,45.44936782825985,31.45412798486469,35.04122294292519,-1.338137638400875,0.1826289520696929,0.434127431071767,-2.1091814044897235,-0.8389595832827814,Christopher Morel,2025,305,-0.1,90,0.684,26.0,1999.0,2201,34.725503289257496,50.32987406310935,37.135087723591454,38.261105220036434,42.73626463218428,-2.015261759427954,1.0373263361692755,-0.6879614289196013,-1.0051635613345005,0.27878409364375994
fg:22054,Dane Myers,Dane Myers,2024,108,0.7,113,0.775,28.0,1996.0,1631,46.84973685907993,44.44322806230139,41.75237833033172,46.55569884368447,45.58761605693156,-0.4075751127375307,0.27976661683243526,-0.06210941520131202,0.34976995600909955,0.6326674195114355,Dane Myers,2025,333,0.0,72,0.617,29.0,1996.0,2192,51.217381883050486,38.57617950650759,43.11504771403232,43.40909800135528,44.66127482434949,0.16966560165464434,-0.4617564422365551,0.12250539817613136,-0.16968971362822693,0.6027479902168528
fg:22184,Mark Vientos,Mark Vientos,2024,454,2.9,132,0.837,25.0,1999.0,1470,44.343190723647375,57.0669883143616,37.38028907469496,41.11640948952327,32.13112445883471,-0.7423850299994948,1.8669927399034607,-0.6489630660048881,-0.5358960506997366,-1.2450301197859661,Mark Vientos,2025,463,0.4,97,0.702,26.0,1999.0,2128,44.30432997117007,47.848753789495966,35.1666608056549,37.50269157246216,38.42141856177077,-0.7462104269584174,0.7208807576819316,-0.9547432671091668,-1.1282474107507574,-0.4473701634991499
fg:22186,Brice Turang,Brice Turang,2024,619,2.6,88,0.665,25.0,1999.0,1490,61.34308201952893,32.981679995970254,44.44116199553147,49.62135952512868,62.24384975607079,1.5283620022526192,-1.1613308167746392,0.29879870397972685,0.848943887909197,2.9568519071872177,Brice Turang,2025,659,4.4,124,0.794,26.0,1999.0,1876,57.870433402918096,45.83202295282387,47.6881150772912,43.60882264205479,45.84874494423795,1.051095465316262,0.46366406284813244,0.7422953970925332,-0.13727616505984258,0.8025897617923495
fg:22244,Jack Suwinski,Jack Suwinski,2024,277,-1.1,62,0.588,26.0,1998.0,1838,44.02202897805664,42.72315918299384,45.74566937088444,35.418853509614344,43.5952873877025,-0.7852839561149664,0.0634968046524329,0.47389918134054027,-1.4636149720815468,0.3546610303711812,Jack Suwinski,2025,178,-0.5,55,0.534,27.0,1998.0,2266,38.76661605794462,39.05908490600701,51.831459071377,42.49700599279566,44.40157256286398,-1.479874731970215,-0.40016600660777174,1.3038447830116364,-0.31771420632346176,0.559042166257003
fg:22263,Nolan Gorman,Nolan Gorman,2024,402,0.3,87,0.671,24.0,2000.0,1687,32.95195320226546,48.254288339864566,38.29544115605633,40.15145935475444,40.97375736891545,-2.2639605709927153,0.7589435267519169,-0.5261246908973808,-0.6930164899497753,-0.011143119216137172,Nolan Gorman,2025,402,-0.2,88,0.666,25.0,2000.0,2219,37.08915615546001,43.26616327262376,45.01373563996791,38.17899081796047,36.10549990922666,-1.702113091124581,0.13641070094811322,0.37983547754753977,-1.0184900049347054,-0.8371208431984638
fg:22266,Xavier Edwards,Xavier Edwards,2024,303,2.2,129,0.82,25.0,1999.0,1504,61.67206951297901,30.150006030303743,50.33489797968768,36.97091066743605,58.15842241503954,1.5723062464479225,-1.517366324466771,1.0898988570050183,-1.210897351148178,2.3867778422416683,Xavier Edwards,2025,619,2.5,95,0.695,26.0,1999.0,1953,64.82544506989011,30.546319769418123,45.08973901611601,47.03776894818745,50.01799959191429,1.9725305341831405,-1.4858960765376756,0.3901362513342844,0.4192115935008722,1.5042421410701339
fg:22275,Jake Burger,Jake Burger,2024,579,1.4,107,0.76,28.0,1996.0,1566,46.97469947865308,53.801822478879664,31.73537991093314,37.52952707648957,36.31611969642425,-0.3908833296784875,1.4564529002079023,-1.4066638716179485,-1.1199392255412057,-0.6610625081460494,Jake Burger,2025,376,-0.1,89,0.687,29.0,1996.0,2200,45.28174869371257,49.30575578514711,28.06955243780649,41.24954504373208,37.92203539546202,-0.6167170585727636,0.9067088468215094,-1.9166177461423644,-0.5201661217106597,-0.5314123764177338
fg:22277,Nick Allen,Nick Allen,2024,105,-0.6,33,0.463,26.0,1998.0,1814,49.247296662913655,29.11556607966964,39.10352514898769,43.35240697919594,35.930668878618164,-0.08732295850632531,-1.647429798392996,-0.417657774126114,-0.1718141203691946,-0.7148477051893132,Nick Allen,2025,416,0.7,53,0.535,27.0,1998.0,2109,49.28190175610659,22.88073312046987,41.712814219184416,59.81843902430138,35.60045895660065,-0.08675657985371028,-2.463575807491853,-0.06753997557777522,2.493401682403793,-0.9221152165309389
fg:22458,Taylor Walls,Taylor Walls,2024,252,-0.2,60,0.529,28.0,1996.0,1766,43.350703588101965,28.107577828744844,50.35154736568416,43.15299292477053,50.17730254832168,-0.8749557140328761,-1.774167414734799,1.0921336588090014,-0.20428421669335092,1.2731050081804316,Taylor Walls,2025,317,0.3,66,0.599,29.0,1996.0,2148,50.43784599760099,30.432570335005902,46.10797952109575,46.45273074900479,43.61443571719813,0.06638875084727794,-1.5004038398081603,0.5281388721896862,0.3242650510154218,0.4265732989772194
fg:22514,Triston Casas,Triston Casas,2024,243,0.6,120,0.8,24.0,2000.0,1640,42.413748496217536,52.28704430103563,48.18389834111972,42.02192099295803,32.410311416371506,-1.0001087492623135,1.2659949505538286,0.8011760252047945,-0.388453856497944,-1.2060728136152472,Triston Casas,2025,112,-0.6,56,0.58,25.0,2000.0,2274,43.16728284473627,40.665323394041,43.97666608112213,42.12640044304261,35.42747743033914,-0.8968521724246123,-0.19530408478150374,0.23928094604918707,-0.3778602200780015,-0.9512266308553519
fg:22515,Heliot Ramos,Heliot Ramos,2024,518,2.3,120,0.792,25.0,1999.0,1499,48.86246324990564,52.69956136125288,38.503191783770994,39.32296828300642,39.09732104012448,-0.13872677723021984,1.317862052044641,-0.49823888912105585,-0.8279176381204717,-0.27297807460059803,Heliot Ramos,2025,695,1.1,106,0.728,26.0,1999.0,2049,52.10480668934467,47.37503226221631,40.31280354262312,33.115606978055695,34.44173763090097,0.2872361215410416,0.6604616460668378,-0.2572840897100723,-1.8402325672961182,-1.1171187948204566
fg:22532,Tyler Freeman,Tyler Freeman,2024,383,0.4,84,0.626,25.0,1999.0,1676,55.9847238579685,35.61750232422661,44.62092440301196,41.861546632743575,42.469119470398304,0.8126235494982199,-0.8299203676178907,0.3229277230685195,-0.41456721615603204,0.19751734163608523,Tyler Freeman,2025,428,-0.7,91,0.715,26.0,1999.0,2276,65.23009591793179,35.83239609902746,47.32972071651827,32.51087169146675,38.944611765767,2.0261407220427765,-0.8117024472158041,0.6937220385936532,-1.938375773433402,-0.3593209107123196
fg:22542,Lawrence Butler,Lawrence Butler,2024,451,3.1,130,0.807,24.0,2000.0,1459,51.23563307764879,53.21670778343574,41.9508097660425,43.71043721380055,52.228331260727714,0.17826750523813648,1.3828845409347783,-0.03547450322394839,-0.11351694448523307,1.5593023084379378,Lawrence Butler,2025,630,2.0,96,0.71,25.0,2000.0,1977,42.84022341106426,46.94889575759371,43.71801100268977,44.57584834726978,47.36640538519886,-0.9401826578672539,0.6061115953441919,0.2042253000140337,0.01966358234979996,1.0579999368291466
fg:22563,Gabriel Arias,Gabriel Arias,2024,161,-0.2,70,0.608,24.0,2000.0,1761,36.51837504164959,43.21716650847746,28.17488279618593,43.28769380775607,41.309748865433626,-1.7875785949795746,0.12560994022692146,-1.8845797164903055,-0.18235120571229493,0.0357406024164953,Gabriel Arias,2025,471,1.1,77,0.638,25.0,2000.0,2054,32.75386012372814,44.48045074220448,29.344629812040168,49.25308711557872,40.84924108636197,-2.2764750029136267,0.29128263716497127,-1.7438059020081798,0.7787382035459308,-0.03878695263842184
fg:22581,Alejandro Kirk,Alejandro Kirk,2024,386,2.7,93,0.677,26.0,1998.0,1483,60.41337198032395,40.60492926557965,48.16812173339089,63.05539916024081,26.3981117697214,1.4041767192037125,-0.2028350800204943,0.7990583740541406,3.036375271476915,-2.0450056364824074,Alejandro Kirk,2025,506,4.7,116,0.769,27.0,1998.0,1870,62.83454525752321,46.14873669758192,47.93672387938491,66.95900219245488,30.695576648937127,1.708766072877208,0.5040581804734314,0.7759894665082221,3.652252138942031,-1.7475678770365017
fg:22664,Gabriel Moreno,Gabriel Moreno,2024,351,2.5,107,0.734,24.0,2000.0,1493,59.175474754907015,41.0179538944901,55.61131209330812,51.414214671633765,38.32510091071767,1.2388255765449576,-0.15090416027957224,1.798137574166955,1.1408700486305015,-0.38073244922437816,Gabriel Moreno,2025,309,2.7,117,0.786,25.0,2000.0,1943,60.682410043192725,43.15615768204409,47.62651981943597,53.04848140590093,38.01082660613882,1.4236403312706807,0.12238043279947239,0.7339473624438277,1.3946972396200954,-0.5164695222399358
fg:22715,Maikel Garcia,Maikel Garcia,2024,626,1.3,71,0.614,24.0,2000.0,1585,58.50399699447088,37.48086599650095,46.92584654419522,48.020885712907926,66.15934630287792,1.1491334658605181,-0.5956336385957115,0.6323111537995977,0.5883427031189061,3.5032140980651905,Maikel Garcia,2025,666,5.6,121,0.8,25.0,2000.0,1861,65.60108029957203,44.10078784009953,54.23841217872752,59.92108202689634,43.53522022008467,2.075290606415873,0.24285989524290555,1.6300602846204986,2.5100597369040503,0.41324196119090584
fg:22799,Geraldo Perdomo,Geraldo Perdomo,2024,388,2.0,102,0.718,25.0,1999.0,1524,61.96644673442994,33.806866553073,54.13142644791287,45.25604771149293,50.07707870222456,1.6116274509390514,-1.0575774474386868,1.599496548562934,0.13815098275442128,1.2591199313256225,Geraldo Perdomo,2025,720,7.1,138,0.851,26.0,1999.0,1852,68.49211747290333,39.93444594588742,63.05548013477956,49.95157798782142,49.84999288412403,2.458309811050077,-0.28852122517731593,2.825041706244044,0.8920971147584709,1.4759679491060225
fg:22857,Wenceel Perez,Wenceel Perez,2024,425,1.0,94,0.683,25.0,1999.0,1606,53.513288650147786,37.60502076469288,42.02270835320864,44.32263165407058,43.21158884166792,0.48250354661785744,-0.5800232588480531,-0.02582375139822277,-0.013834840824300584,0.3011203425575004,Wenceel Perez,2025,383,1.7,103,0.738,26.0,1999.0,1992,50.03732340203322,43.88747827110831,39.87670403234476,47.1576144988506,44.77675876223345,0.013325494723309591,0.2156540920119288,-0.31638886414975015,0.4386614699083073,0.6221830179693091
fg:22896,Lenyn Sosa,Lenyn Sosa,2024,369,0.1,81,0.642,24.0,2000.0,1717,56.50249157993963,39.952756065534594,29.946255032531568,41.48897806113342,37.71517687370337,0.881783963385497,-0.28483492152646717,-1.6468132384863858,-0.47523163342788427,-0.4658402839903186,Lenyn Sosa,2025,544,1.4,100,0.727,25.0,2000.0,2016,54.12663705321469,46.30298485092977,29.20179560912895,41.40987550961901,37.2982683005244,0.5550984185112491,0.5237312074668706,-1.763164289592587,-0.4941459004459396,-0.6363874147071552
fg:23003,Yainer Diaz,Yainer Diaz,2024,619,3.0,116,0.766,26.0,1998.0,1467,59.320435141783,46.26136142179308,25.413025757064904,41.33387824102477,32.95680146660321,1.2581885455524424,0.5083663926354602,-2.255296275928356,-0.500486152791117,-1.1298164569646243,Yainer Diaz,2025,567,1.6,92,0.701,27.0,1998.0,2000,54.14999020561343,44.7759992437554,24.25706327635851,44.37388839453067,35.23366233334849,0.5581923620758558,0.3289773098251332,-2.433326218933971,-0.013112737657839954,-0.9838441693449316
fg:23401,Jose Caballero,Jose Caballero,2024,483,1.9,83,0.63,28.0,1996.0,1536,43.63891106982312,33.562140356892606,34.959216295177214,52.1179678805961,48.768957500970245,-0.8364586276456398,-1.0883476620040287,-0.973937081045717,1.2554604397104254,1.0765867693352134,Jose Caballero,2025,370,2.1,97,0.686,29.0,1996.0,1975,46.93514269763197,36.45616822997713,48.53377416497203,48.33517451523021,59.3713569958019,-0.39766707119454936,-0.7321456700124235,0.8569079762223184,0.6297690801131709,3.0783377603748656
fg:23565,Davis Schneider,Davis Schneider,2024,454,0.4,80,0.625,25.0,1999.0,1677,39.08714449884075,41.84346867231418,48.70721074495651,46.05370392919458,42.176540606500616,-1.4444572467348464,-0.0471095226929056,0.8714188260136924,0.2680313680510477,0.15669135004784562,Davis Schneider,2025,227,1.3,127,0.797,26.0,1999.0,2024,43.77996693230495,46.33714840700407,53.87399697652757,43.10340430561,40.24634362412343,-0.815680690412092,0.5280884755848622,1.5806709186139427,-0.2193011056897428,-0.14024979782010755
fg:23690,Brayan Rocchio,Brayan Rocchio,2024,442,1.1,79,0.614,23.0,2001.0,1598,48.06836625945956,31.582074082268267,45.74742149529949,50.31866607396169,36.595519725936725,-0.24479765456651292,-1.3373077859086921,0.47413436423583627,0.9624845852954065,-0.6220754702490844,Brayan Rocchio,2025,383,0.4,77,0.63,24.0,2001.0,2133,50.67267181323536,35.227518527053974,37.07586487857245,44.41328256934325,40.21744393021503,0.09749966078698521,-0.888849385722904,-0.695987929326102,-0.0067194103541733585,-0.14511338632807502
fg:23691,Jose Tena,Jose Tena,2024,168,0.0,82,0.652,23.0,2001.0,1731,52.03754356497096,42.671533408498064,35.94171584248394,41.993903275682094,42.218409136182174,0.28538206423886403,0.0570057293890148,-0.8420588387370896,-0.39301591197268954,0.1625336184120737,Jose Tena,2025,169,0.0,88,0.669,24.0,2001.0,2184,52.3181044156899,36.6935511427677,44.60202703730371,41.24148913990359,43.62521922170627,0.3154948814935802,-0.7018695185658739,0.3240364144396492,-0.5214735238874381,0.42838807697340303
fg:23697,Julio Rodriguez,Julio Rodriguez,2024,613,3.9,116,0.734,24.0,2000.0,1433,49.87436044701741,48.90216778976441,32.13847081353276,49.315848365005415,47.02402308151241,-0.003563409577248389,0.8404035011928999,-1.3525580759754383,0.7991982627781574,0.833101382244071,Julio Rodriguez,2025,710,5.7,126,0.798,25.0,2000.0,1860,51.461911819217214,52.733947002266405,32.28693297226566,49.791247521934494,53.01175376165635,0.2020621624888692,1.343945188970551,-1.3450341526263085,0.8660768934937519,2.0080671442617772
fg:23733,Ezequiel Duran,Ezequiel Duran,2024,285,0.2,75,0.609,25.0,1999.0,1705,48.0103491373217,35.56876855272201,31.259415366098416,47.85066149578197,37.18160216662277,-0.25254724576220927,-0.8360478220105114,-1.4705512980764093,0.5606255156683532,-0.5402944540994338,Ezequiel Duran,2025,219,0.0,57,0.559,26.0,1999.0,2195,46.59006786804446,30.60902196135628,32.49343665177128,47.4000593668135,46.19450662660021,-0.4433843272669069,-1.477898950557403,-1.3170466105390617,0.4780081347732322,0.860778701445575
fg:23772,Wilyer Abreu,Wilyer Abreu,2024,447,3.1,116,0.781,25.0,1999.0,1462,46.972815331263554,51.48711074167029,42.533975192259554,54.29921521902875,42.51850814971212,-0.3911350031756072,1.165416722134239,0.042802206007610887,1.6106275385881503,0.20440895977745974,Wilyer Abreu,2025,417,2.4,110,0.786,26.0,1999.0,1957,50.330932159610846,49.53753568089862,41.013219155359394,53.85767118456708,37.94684460890595,0.0522242656690441,0.9362703815737143,-0.1623564279514475,1.5260216075096715,-0.5272371832208764
fg:23789,Blaze Alexander,Blaze Alexander,2024,185,-0.1,89,0.664,25.0,1999.0,1746,45.67481096185777,37.8994499382833,39.64318772969347,40.39518764349661,40.03592506267123,-0.5645149100455124,-0.5430037285032294,-0.3452203335407111,-0.6533308166646942,-0.14200675487265765,Blaze Alexander,2025,266,1.0,99,0.706,26.0,1999.0,2059,42.05046181221113,45.25706773528032,42.16752701171566,47.22917845775997,36.16897149183192,-1.0448142628267993,0.3903334636205051,-0.00591253412469787,0.450275669587078,-0.8264390809375936
fg:23792,Alek Thomas,Alek Thomas,2024,103,-0.2,65,0.603,24.0,2000.0,1762,51.86531518481876,45.32091063283888,41.48585697776151,42.63001301314577,46.66812263143743,0.2623767945995847,0.3901204793825329,-0.09788385154688434,-0.28943973973300896,0.7834395967430755,Alek Thomas,2025,469,0.5,81,0.659,25.0,2000.0,2123,47.33826344088223,40.26502143548378,32.37844973210724,40.787937674961874,42.310439176671736,-0.34425959934480194,-0.24635916106798103,-1.332630842555095,-0.595080928490402,0.2071210580975997
fg:23800,Parker Meadows,Parker Meadows,2024,298,2.2,110,0.743,25.0,1999.0,1508,47.87485514148951,40.76879734048958,44.29379433810615,49.29369124784704,46.76452034774573,-0.27064574907431294,-0.18223141803380935,0.27901794409269565,0.7955904742976967,0.7968907815029715,Parker Meadows,2025,213,0.2,75,0.621,26.0,1999.0,2166,45.766007760957095,35.62615851812606,45.7053172713312,45.233282018474505,44.85803032632853,-0.5525599718068497,-0.8380062791131302,0.4735658656010841,0.12635927176223813,0.6358603754669432
fg:2396,Carlos Santana,Carlos Santana,2024,594,2.9,113,0.749,38.0,1986.0,1473,53.99035459602947,45.79912674265601,52.76822201301461,53.100499815717605,36.819605389983344,0.5462272529607224,0.45024813444087963,1.4165173245271343,1.4154436799433152,-0.5908069113602527,Carlos Santana,2025,474,0.3,82,0.633,39.0,1986.0,2143,48.6407127621527,37.4412435096143,48.83438590232503,48.60038329575169,41.0222082041523,-0.1717045358156315,-0.6065077797281331,0.8976500282343187,0.6728101273173994,-0.009677963145049415
fg:23986,Curtis Mead,Curtis Mead,2024,132,-0.3,67,0.569,24.0,2000.0,1779,51.51181468650258,37.22103044749532,33.95107622947502,42.10410280146223,40.87637688682697,0.2151582451700612,-0.6283036008612678,-1.109256980408687,-0.3750723962698088,-0.024731437557524053,Curtis Mead,2025,264,0.1,76,0.62,25.0,2000.0,2175,51.22967166007871,35.169329612890905,38.646853592360046,44.404967438216254,43.29159973451658,0.17129381337945496,-0.8962708818912722,-0.4830710803334773,-0.008068882836354273,0.3722425721430514
fg:24064,Ezequiel Tovar,Ezequiel Tovar,2024,695,3.7,94,0.763,23.0,2001.0,1436,42.9303039536885,46.60607587044013,20.745501332196792,58.71341658378696,38.15246216987154,-0.9311102626466967,0.5517084529223961,-2.881805386056249,2.329381008201459,-0.4048221858775806,Ezequiel Tovar,2025,390,0.8,78,0.694,24.0,2001.0,2085,46.01772809531106,42.553719013636496,27.16777380904149,48.40590696102687,41.000828156825605,-0.5192107907088376,0.045544555492424935,-2.0388362334175656,0.6412483325437222,-0.013276054972855477
fg:24257,Jhonkensy Noel,Jhonkensy Noel,2024,198,0.6,118,0.774,23.0,2001.0,1641,39.74652051199577,52.50347142079917,31.97041501060884,42.01957675291101,38.25473699480445,-1.3563816173705148,1.293207030898404,-1.375115749370939,-0.3888355632956575,-0.3905509186822172,Jhonkensy Noel,2025,153,-1.1,28,0.48,24.0,2001.0,2302,32.90520850713927,44.63672973949504,25.47610090907673,43.53642717003272,39.04603393274522,-2.256423604760898,0.3112146808586895,-2.268109467671629,-0.1490253119868315,-0.3422523671031072
fg:24262,Ceddanne Rafaela,Ceddanne Rafaela,2024,571,1.0,81,0.664,24.0,2000.0,1607,42.14151902009741,39.293316637084175,20.0,45.19016242002955,42.668139886786896,-1.0364715861906342,-0.36774836938355177,-2.9818720024718597,0.1274230440124642,0.22528833553880917,Ceddanne Rafaela,2025,587,3.8,91,0.708,25.0,2000.0,1892,49.31836053008278,42.59672882835555,27.23861539246621,63.99997838621943,50.74458360646451,-0.08192633735834799,0.0510300879126586,-2.0292350398583356,3.172028659643242,1.6265204487380283
fg:24336,Johan Rojas,Johan Rojas,2024,363,1.1,66,0.601,24.0,2000.0,1599,51.75794224183463,32.284934573514434,35.19647193746496,53.151733606887085,54.85427676315437,0.24803453867677958,-1.2489348676731464,-0.9420909014026999,1.4237859511995619,1.9257225876237072,Johan Rojas,2025,172,0.4,58,0.569,25.0,2000.0,2136,48.860587465902135,35.43117317311767,37.96791481987442,50.02704028499579,51.20464308926469,-0.14257442468245365,-0.8628749849771448,-0.5750879756987131,0.9043439803729313,1.7039447986505392
fg:24488,Max Schuemann,Max Schuemann,2024,459,1.3,85,0.619,27.0,1997.0,1584,45.861766394330616,34.733673274853665,50.10330475545593,45.54115993449308,46.51226229199637,-0.5395424860421915,-0.9410470467913826,1.0588127283386035,0.18457509950328302,0.7616910916658741,Max Schuemann,2025,213,0.6,62,0.568,28.0,1997.0,2117,49.26939773429908,32.20187331159107,49.90016271344956,52.26205553979336,45.35656521660047,-0.08841317580882976,-1.2747444431641277,1.0420952673136898,1.2670672540698231,0.7197598302789083
fg:24598,Addison Barger,Addison Barger,2024,225,-0.3,69,0.601,25.0,1999.0,1777,46.26431181979182,42.24977452836374,38.72255718062899,41.90820510710736,40.6840432112232,-0.48577279926577394,0.003976624049570983,-0.46879406846920935,-0.40696993239739493,-0.051569374234592257,Addison Barger,2025,502,2.2,107,0.756,26.0,1999.0,1966,50.16679861728736,52.62019468340952,38.60962610742682,46.09766472109455,40.13189492396588,0.030479025097787358,1.3294370578139265,-0.48811653910624764,0.2666409646716266,-0.15951060330138278
fg:24610,Steven Kwan,Steven Kwan,2024,540,4.2,131,0.793,27.0,1997.0,1422,70.8256133618112,34.04216432178934,60.80924520602878,52.30518783806298,43.13632357029529,2.7949836252356803,-1.027992699491184,2.4958420000087003,1.285945001444402,0.29061794571648986,Steven Kwan,2025,693,3.2,99,0.705,28.0,1997.0,1914,68.72747396957271,28.672837596223893,53.60519046546519,57.80175475719843,44.07549437575477,2.4894910282932736,-1.7248426348271568,1.5442394440770473,2.1661116033735035,0.5041658022183424
fg:24617,Jarren Duran,Jarren Duran,2024,735,6.8,131,0.834,28.0,1996.0,1399,56.768065351708834,50.70451726142248,41.31117298636855,54.426883381873225,60.54212637405678,0.9172577698700726,1.0670187178318622,-0.121331208655098,1.631415429176066,2.719396119868592,Jarren Duran,2025,696,3.9,111,0.774,29.0,1996.0,1888,49.34787703178882,49.82181588803189,41.27248667962207,46.30710829184795,54.67413569581884,-0.07801584215222615,0.9725278800736873,-0.12721777684106692,0.30063180991322697,2.28783279494555
fg:24618,Ryan Jeffers,Ryan Jeffers,2024,465,1.6,106,0.732,27.0,1997.0,1553,49.80238240415252,45.31981651169947,38.68977175364421,40.36951416626769,38.179135936700206,-0.013177819715409966,0.3899829120001049,-0.4731947671727792,-0.6575111653417274,-0.4011001706722903,Ryan Jeffers,2025,464,2.1,113,0.752,28.0,1997.0,1972,56.0604771318,40.57531047287094,52.19141835406848,42.19962742817738,33.82566273576346,0.8113033181307161,-0.20678445968066722,1.3526302361238596,-0.36597612590279555,-1.220799297096196
fg:24679,Brendan Donovan,Brendan Donovan,2024,652,3.2,115,0.759,27.0,1997.0,1454,65.01596483413688,39.99687399412808,48.499721875668165,46.29626009791324,33.13380022428643,2.0189644188163838,-0.27928783196193463,0.8435681593590751,0.30752618793727093,-1.1051183304628036,Brendan Donovan,2025,515,2.9,119,0.775,28.0,1997.0,1932,65.66797620917762,41.39097565272155,48.60679844829709,44.49539697141922,35.817386714961586,2.084153314348781,-0.10275337241946571,0.8668049921391489,0.006607033246031507,-0.8856080010577417
fg:24703,Jonah Bride,Jonah Bride,2024,272,1.1,124,0.818,29.0,1995.0,1591,56.636244280756216,40.88197281659846,53.088108666415074,42.2411479244948,33.31714662178042,0.8996498745933262,-0.16800150011836834,1.4594548400751925,-0.35275767849103934,-1.0795344643485345,Jonah Bride,2025,125,-0.7,23,0.436,30.0,1995.0,2284,43.66461808936384,28.92538434698797,48.32471716494175,46.90046162215761,36.06442195817573,-0.8309626876435114,-1.6926324661019425,0.8285743813876479,0.3969278248808583,-0.8440339354718766
fg:24729,Logan O'Hoppe,Logan O'Hoppe,2024,522,2.1,102,0.712,24.0,2000.0,1514,43.293325407608805,48.48527022427416,34.169740692786,47.33401508099817,31.82993073447333,-0.8826199591038097,0.7879856246348553,-1.079906244160654,0.4765012602245887,-1.2870582153681145,Logan O'Hoppe,2025,451,-0.8,72,0.629,25.0,2000.0,2286,39.92830159461351,47.2964428435472,33.94502586643054,34.37470911069707,35.22408661978515,-1.3259687654906245,0.6504382407856772,-1.1203120325599638,-1.6358913904338677,-0.9854556857364158
fg:24770,James Outman,James Outman,2024,156,-0.3,53,0.521,27.0,1997.0,1782,36.18211536893487,39.13839696902132,43.06361459594814,45.01935214289183,39.1448736049914,-1.8324942147675667,-0.38722691929396547,0.11389426280021762,0.09961042986248174,-0.2663426649630269,James Outman,2025,148,-0.5,48,0.537,28.0,1997.0,2265,28.93934245579752,44.69836402573712,39.80163359287179,43.213530926219256,45.24330265388895,-2.781841567104283,0.3190756046405607,-0.3265631965843485,-0.2014285259555237,0.7006986422908027
fg:24816,Andy Pages,Andy Pages,2024,443,1.3,98,0.712,24.0,2000.0,1579,50.928863826816304,44.28103959472617,37.50077091759401,43.63927738223136,37.19859616737336,0.13729104522495766,0.2593741372973273,-0.6327911158852296,-0.1251037235220466,-0.537923138132,Andy Pages,2025,624,4.1,113,0.774,25.0,2000.0,1880,55.28092772731861,44.41545989682523,32.93874453381998,54.25545743974072,39.992974871773605,0.7080246762537332,0.28299361309744125,-1.256693821085345,1.5905788101500071,-0.18288974259296564
fg:24934,David Fry,David Fry,2024,392,1.7,129,0.804,29.0,1995.0,1544,52.53254083943629,43.10505904361094,45.34361330706727,40.13867919778416,38.61333106191964,0.35150093361288953,0.1115143068122766,0.41993228929353477,-0.695097451239382,-0.34051327012276217,David Fry,2025,157,-0.6,63,0.592,30.0,1995.0,2273,33.25991898789071,42.32567962279131,34.36214455270605,42.9230146172584,40.48123667216501,-2.209429768961727,0.01646009001070446,-1.0637797382422005,-0.24857676193396802,-0.10071916705711509
fg:25180,Daniel Schneemann,Daniel Schneemann,2024,221,0.3,93,0.671,27.0,1997.0,1686,42.26415146740764,39.91319938552878,44.75688585009124,44.756397037050064,37.690729832384136,-1.0200910540483503,-0.28980851058341606,0.3411774583602088,0.05679410159408181,-0.4692515854423792,Daniel Schneemann,2025,422,1.3,79,0.636,28.0,1997.0,2035,42.19323834924232,42.66280063171068,44.291294809613824,52.97774896010426,43.19835852846733,-1.0258985061708248,0.0594569788847622,0.2819227275496392,1.383217987189543,0.35655081915606407
fg:25479,Brenton Doyle,Brenton Doyle,2024,603,3.6,97,0.764,26.0,1998.0,1439,48.668801973697775,46.856399048030426,38.635080882761045,56.066982948316685,54.33297366979602,-0.16459492900585487,0.5831823940261668,-0.48053577403855446,1.8984687773318525,1.8529807790704633,Brenton Doyle,2025,538,0.5,65,0.651,27.0,1998.0,2124,45.4404825532206,43.66570804457216,36.75449687049269,52.1544234585222,48.43601929231129,-0.5956871952496211,0.1873692045867436,-0.7395430886005508,1.2495995160802587,1.2380074456658454
fg:25493,Joey Ortiz,Joey Ortiz,2024,511,3.2,105,0.726,26.0,1998.0,1455,56.07795312003306,40.93137229541323,53.34136835992468,55.75971360815816,40.5548070931988,0.8250765744304114,-0.16179034419689076,1.4934491999903952,1.8484368721025288,-0.0696027775948773,Joey Ortiz,2025,506,1.4,67,0.593,27.0,1998.0,2023,56.91304382014156,31.54905601385304,38.69935587096126,55.9803245067158,47.09473348175919,0.9242556585151617,-1.358005681898194,-0.47595542149608633,1.8705095300330923,1.0122797173799447
fg:25764,Bobby Witt Jr.,Bobby Witt Jr.,2024,709,10.5,169,0.977,24.0,2000.0,1394,66.73515870389947,59.714333863229584,41.22875591223333,59.48071084416564,52.57681325078822,2.2486043800186764,2.1998520407820004,-0.13239382838145478,2.4543176312256256,1.6079289337701022,Bobby Witt Jr.,2025,687,8.0,130,0.852,25.0,2000.0,1850,59.2493753625257,54.11177383819593,38.50382604392792,65.89406333602263,57.59312436381989,1.2337846598647508,1.519675166589139,-0.5024556721284664,3.4794219502160413,2.779075359160069
fg:25768,CJ Abrams,CJ Abrams,2024,602,1.8,106,0.747,24.0,2000.0,1537,50.96715244475973,43.93219238461676,34.72378502208836,31.377107553177947,47.466272913746245,0.1424054170789201,0.2155124515721307,-1.0055383805725737,-2.1217224505208203,0.894812223861778,CJ Abrams,2025,635,3.1,107,0.748,25.0,2000.0,1919,52.62254823558722,43.62564019988384,35.861771308810354,37.281034532316745,60.600055966460914,0.3558291362131427,0.1822588951728948,-0.8605346093800393,-1.1642203944102318,3.2851180194457648
fg:25782,Pedro Pages,Pedro Pages,2024,218,0.5,84,0.657,26.0,1998.0,1661,47.40483202561398,41.302338025281976,35.621576001679074,43.96225717941895,41.21048532383315,-0.33342871497026716,-0.11514762558888451,-0.8850303389418921,-0.07251372350597443,0.02188952493122232,Pedro Pages,2025,389,1.6,77,0.635,27.0,1998.0,2002,44.13803841807651,39.795275766633736,32.88227790199235,57.13236684390021,34.21983505406878,-0.7682415716945775,-0.30627118609234294,-1.2643467706046185,2.057475845848594,-1.1544632326539552
fg:25807,Jared Triolo,Jared Triolo,2024,446,0.4,72,0.611,26.0,1998.0,1678,45.47017564244828,36.70603384127645,44.56542075607431,48.15324235584645,41.62084990183157,-0.5918489109608969,-0.6930557864511449,0.31547761948331043,0.6098940073022497,0.07915114863939832,Jared Triolo,2025,376,1.5,86,0.667,27.0,1998.0,2009,50.7758096870101,37.959863795511055,47.64846138074933,50.52746954276439,47.85297063351662,0.1111638871571169,-0.540362217124326,0.7369211127042966,0.9855592375135245,1.139884996151756
fg:25816,Shea Langeliers,Shea Langeliers,2024,534,2.0,109,0.739,27.0,1997.0,1521,45.29246959393812,53.02898522362126,38.962075918995055,36.8979926558316,34.11016127885833,-0.6155858558180358,1.3592815775642826,-0.43664411959413313,-1.2227704102832755,-0.968878454246127,Shea Langeliers,2025,523,3.9,132,0.861,28.0,1997.0,1886,53.90750936669504,53.771600684852274,36.53264856451189,40.79542129297617,41.884448412968375,0.5260672759931548,1.4762890029111781,-0.7696102952260531,-0.5938664032564392,0.13543020249840798
fg:25845,Michael Toglia,Michael Toglia,2024,458,0.4,98,0.767,26.0,1998.0,1669,40.58625522544892,56.45302734165801,47.91334806796262,37.77325536523175,47.92753771723128,-1.2442147172848195,1.789797445081365,0.7648607978055716,-1.0802535522561247,0.959176384471877,Michael Toglia,2025,337,-2.2,54,0.611,27.0,1998.0,2308,32.16386637479484,44.2578052048803,39.4122519528057,34.57001695853458,40.36200011522579,-2.354640354276159,0.26288611136754625,-0.3793362758119959,-1.6041946484119736,-0.12078573073413183
fg:25878,Corbin Carroll,Corbin Carroll,2024,684,4.3,107,0.749,24.0,2000.0,1416,54.39327055629148,45.68876968622354,52.41065429945401,48.83718268769741,67.79969131378682,0.60004643363005,0.43637258552856145,1.368521982748147,0.7212583166994219,3.732105244626604,Corbin Carroll,2025,642,6.5,139,0.883,25.0,2000.0,1854,52.66079972846968,57.82784775850134,42.71613690173339,51.75081661155967,62.38288224850743,0.3608968871625462,1.9936284746648503,0.0684408256948932,1.1840976827023966,3.585153495411255
fg:25931,Michael Harris II,Michael Harris II,2024,470,2.0,99,0.722,23.0,2001.0,1522,54.21986018258268,48.98565930856671,30.271012208199,49.8411725166772,40.19204053707106,0.5768832801364512,0.8509011593432323,-1.6032219659799116,0.8847354926155289,-0.12022264866712501,Michael Harris II,2025,641,1.4,83,0.678,24.0,2001.0,2020,52.4889267437081,45.788157511935104,24.36031224008236,46.58089143079494,46.577385025769786,0.33812628617244184,0.45806940265963936,-2.4193328376799235,0.34506439990503773,0.9252140891715632
fg:25961,Kerry Carpenter,Kerry Carpenter,2024,296,2.4,158,0.932,27.0,1997.0,1495,50.09965014000595,55.77054647976456,38.18509293809517,43.228841236433766,34.76818842122695,0.02652948295052042,1.7039869234250686,-0.5409364321002131,-0.19193402406111046,-0.8770583882943737,Kerry Carpenter,2025,464,1.5,115,0.788,28.0,1997.0,2007,50.35994995059,50.9024308266677,31.50140398795428,39.83868680362927,40.71237710115132,0.05606868915954877,1.1103510331934128,-1.4514972701930269,-0.7491359770500479,-0.061820072218684234
fg:25976,Riley Greene,Riley Greene,2024,584,3.9,134,0.827,24.0,2000.0,1427,50.75943966729122,54.317600513727925,49.49566009755453,45.33482632321495,40.1424380845928,0.11466034713769399,1.5213033373416234,0.9772502384097943,0.1509783088838036,-0.12714409637751634,Riley Greene,2025,655,2.9,121,0.806,25.0,2000.0,1930,45.18606502675973,55.34370316091781,36.017730229550466,41.09752970897215,35.759400365455186,-0.6293937139789384,1.6767971696335562,-0.839397422534046,-0.5448368704931976,-0.8953666422382401
fg:26121,Francisco Alvarez,Francisco Alvarez,2024,342,1.9,101,0.71,23.0,2001.0,1532,46.13521682453833,46.01269613442871,43.25140968855439,50.186895491034925,32.99476966464472,-0.5030165611374442,0.47710090342108097,0.1391014873684002,0.9410287078114924,-1.1245184347041872,Francisco Alvarez,2025,277,1.8,124,0.787,24.0,2001.0,1984,44.82133184899338,52.59373197708485,44.121429908858936,43.48315649960274,36.88818675952005,-0.6777154072938666,1.3260619669324771,0.25890085660571743,-0.15767067220480394,-0.705400874727872
fg:26123,Brett Baty,Brett Baty,2024,171,0.5,83,0.633,25.0,1999.0,1665,47.00890950787095,38.55214577772437,40.89614788974711,46.992394526722734,38.92963642870837,-0.38631375208721397,-0.4609381738590362,-0.17703889870588652,0.42087603192462375,-0.2963765198742974,Brett Baty,2025,432,2.3,111,0.748,26.0,1999.0,1961,50.67705449843377,51.54398543398389,43.06307417950806,46.4272130698096,44.82688760374892,0.09808030105489364,1.1921758125088184,0.11546140027544873,0.3201237566260622,0.6306193030830941
fg:26151,Kyle Stowers,Kyle Stowers,2024,209,-0.7,68,0.601,26.0,1998.0,1816,37.36574845726261,43.99189019803177,34.07638232517041,39.69495079460482,39.63274002420857,-1.6743913612953945,0.2230184503435391,-1.0924374839558246,-0.7673486475480467,-0.19826655699745035,Kyle Stowers,2025,457,4.0,149,0.912,27.0,1998.0,1883,48.33878669553868,58.05919963635657,40.58809504006615,44.0523959496441,42.31010131526252,-0.21170522586541818,2.023135419410987,-0.21997370187875917,-0.06528812743549711,0.2070641987110488
fg:26197,Andrew Vaughn,Andrew Vaughn,2024,619,-0.1,97,0.699,26.0,1998.0,1742,52.86803510672858,45.28623101110411,36.93332447640808,33.59047502896884,34.90377451271321,0.3963143149770472,0.38576009860401866,-0.7089579085041416,-1.7613253092723493,-0.8581389196876597,Andrew Vaughn,2025,447,0.6,99,0.719,27.0,1998.0,2113,56.00513446909487,46.47178182094909,41.46558790706733,43.17886660278437,33.124736210694,0.8039712426917718,0.5452598110548313,-0.1010466754681438,-0.20705424007528242,-1.3387596534606108
fg:26208,Tyler Fitzgerald,Tyler Fitzgerald,2024,341,3.0,132,0.831,27.0,1997.0,1466,45.25045915574894,44.09107411333775,40.32864076417883,43.85498795369759,49.91782266587424,-0.6211973668672154,0.23548916415770718,-0.25321383682440973,-0.0899801057117133,1.2368975960762514,Tyler Fitzgerald,2025,243,0.1,72,0.606,28.0,1997.0,2176,39.78785346867648,31.858205268147465,36.738090372533335,44.799427640939086,42.54414608726727,-1.344576042486229,-1.3185763500538104,-0.7417666690870631,0.055948530811108635,0.24645207136742012
fg:26224,Darell Hernaiz,Darell Hernaiz,2024,135,-0.5,50,0.503,23.0,2001.0,1806,49.52480178344931,32.50505199171596,43.85268063608176,43.593791027891086,37.15877264322111,-0.05025543154844587,-1.2212587941945336,0.21980845148713016,-0.13251015388182813,-0.5434800496614064,Darell Hernaiz,2025,197,-0.1,65,0.599,24.0,2001.0,2207,56.69578114038647,31.93918712129468,44.7185838348418,45.92844683826642,36.114227346753175,0.8954716015116327,-1.3082478103055835,0.3398334127520358,0.23917839398190766,-0.8356520849136007
fg:26288,Adley Rutschman,Adley Rutschman,2024,638,2.7,103,0.709,26.0,1998.0,1481,59.09545108453308,39.82267210301737,47.13753975718585,49.88372857095869,33.53353078479488,1.2281364780766897,-0.3011907980147137,0.6607261580755792,0.8916647894781674,-1.049340560724157,Adley Rutschman,2025,365,1.2,91,0.673,27.0,1998.0,2041,56.99935558901531,40.67898800823018,53.34998110689942,47.27605625058685,36.302406310925335,0.9356906775351701,-0.19356128061844627,1.5096507980973792,0.4578835221247061,-0.8039830627263824
fg:26289,Gunnar Henderson,Gunnar Henderson,2024,719,7.9,154,0.893,23.0,2001.0,1397,57.366305101502114,58.84217281975832,50.59116472038761,45.14350394566576,53.41622094883303,0.997167171217094,2.0901924176521525,1.1242968446868555,0.11982576025382595,1.7250585553803108,Gunnar Henderson,2025,651,4.8,120,0.787,24.0,2001.0,1867,55.56577168001802,48.38110965833239,44.28390109759658,43.15859722956388,56.99416648232619,0.7457622415864106,0.7887781759033127,0.28092065423666535,-0.21034378066993256,2.678275514067504
fg:26294,Bryson Stott,Bryson Stott,2024,571,1.8,87,0.671,27.0,1997.0,1542,59.14230377820658,35.45239608240748,47.82038454697822,46.1574567948454,56.52568953793378,1.234394789571769,-0.8506797083265863,0.7523825571999124,0.2849251900602152,2.158948880783018,Bryson Stott,2025,560,3.1,100,0.719,28.0,1997.0,1920,59.54428173100064,37.003084274634325,51.47792709342055,51.57021677245225,50.43098547593708,1.272855344855175,-0.6623912264346011,1.255930425572914,1.1547879208430265,1.5737443789087913
fg:26299,Josh Jung,Josh Jung,2024,188,0.3,104,0.719,26.0,1998.0,1684,46.70765294008836,42.10724559496715,33.81750706665945,40.48205793209486,42.52606225848802,-0.42655385982275645,-0.013943998796826838,-1.1271856058895218,-0.6391859428411321,0.20546304815976119,Josh Jung,2025,511,1.7,91,0.684,27.0,1998.0,1995,50.121390398189874,42.93890386746368,34.51488711237363,50.05006342485289,38.19012723306483,0.024463114917519763,0.0946715749240107,-1.043078466345039,0.9080804330176374,-0.4862946535595717
fg:26319,Michael Busch,Michael Busch,2024,567,2.2,118,0.775,27.0,1997.0,1507,46.46011261745024,47.07795198907183,48.43534547317495,42.68604844769765,36.787477344239015,-0.45961886260482776,0.6110389604249732,0.8349270899252714,-0.2803156287835168,-0.595290008012659,Michael Busch,2025,592,3.5,140,0.866,28.0,1997.0,1898,52.50976374148337,56.36222071329279,45.68254022148096,40.57241428512106,38.44095115730419,0.34088687686579916,1.8067003345419725,0.4704788811810831,-0.6300584747749312,-0.4440829831065747
fg:26323,Spencer Steer,Spencer Steer,2024,656,1.6,98,0.721,27.0,1997.0,1555,51.0501234445587,41.41718942547452,50.004515878621376,40.20749478930632,54.06780279826539,0.15348820274368127,-0.1007069883289099,1.0455525660593457,-0.6838923790002831,1.815979255357044,Spencer Steer,2025,568,1.0,97,0.723,28.0,1997.0,2058,48.14102125041496,39.66589199044608,44.22994382252664,44.25934498105941,41.14299041344554,-0.2379061907627785,-0.32277297535987953,0.27360779903452837,-0.03170212393855027,0.010648721523218737
fg:26368,JJ Bleday,JJ Bleday,2024,642,3.2,120,0.762,27.0,1997.0,1453,51.5499336589624,45.07206795242944,49.40484492378157,40.85228226365799,31.568596565223643,0.22024995676274692,0.358832685968014,0.9650603646078559,-0.5789032323669933,-1.3235243717178027,JJ Bleday,2025,344,-0.1,90,0.698,28.0,1997.0,2198,41.38468552633598,42.68633798694663,46.55124531798203,36.48878807442028,36.32515945738764,-1.13301966738975,0.06245896636312639,0.5882148968682392,-1.2927950106980304,-0.8001538892408456
fg:26396,Josh Smith,Josh Smith,2024,592,2.9,112,0.731,27.0,1997.0,1474,54.52970696422047,38.0895594868243,43.62751773490117,44.864838382794936,38.81492955315834,0.6182708188924986,-0.5191006413354996,0.18958544759648602,0.07445133719867741,-0.31238253573590885,Josh Smith,2025,563,1.8,100,0.7,28.0,1997.0,1986,56.02878289408176,34.70891018258355,47.35506265611273,40.97851567142169,44.467948488487686,0.8071043054600004,-0.9549934253003577,0.6971566437429196,-0.5641517996524156,0.5702127063358137
fg:26438,Dominic Canzone,Dominic Canzone,2024,188,0.1,88,0.652,27.0,1997.0,1715,40.2285508554636,46.4311975701126,38.40996456358812,43.11571141059485,39.37322326521194,-1.2919947955471174,0.5297204397554942,-0.5107525253529906,-0.210354673261133,-0.23447911479693884,Dominic Canzone,2025,268,1.5,141,0.84,28.0,1997.0,2004,55.01293264725202,52.85499439573556,36.77943631409087,40.28002479917899,37.60758898889777,0.6725193346552693,1.3593837442304886,-0.7361630339254586,-0.6775107108649556,-0.5843312043535906
fg:26466,Matt Wallner,Matt Wallner,2024,261,2.0,154,0.894,27.0,1997.0,1519,39.34040047215385,59.63402383957509,42.5831263529717,41.86740723286113,42.06672089571797,-1.4106287804351725,2.1897544022857325,0.049399632642478895,-0.41361294916174834,0.1413672814227005,Matt Wallner,2025,392,1.4,114,0.776,28.0,1997.0,2012,36.85661245432153,52.83918856076372,43.97495527535402,41.839572321590936,38.8982355433068,-1.7329216550110573,1.3573678457493343,0.23904907972819564,-0.4244098957359,-0.36712565990154294
fg:26467,Luis Matos,Luis Matos,2024,156,-0.8,60,0.584,22.0,2002.0,1827,55.43739780069388,37.94548846449553,31.878186074297467,39.12355422858101,37.3262446314144,0.7395149043546076,-0.5372151560008465,-1.3874953886736539,-0.860387734444628,-0.5201112734956895,Luis Matos,2025,184,-0.2,91,0.691,23.0,2002.0,2216,51.96535668078652,42.7589350179919,37.39605443739065,38.46082986073595,45.94473959358602,0.26876108017634354,0.07171809407648273,-0.652592485841632,-0.972750012766115,0.8187448973752889
fg:26477,Spencer Horwitz,Spencer Horwitz,2024,381,1.9,127,0.79,27.0,1997.0,1527,57.42854594705665,42.23329265900313,49.14311811141253,44.65205811138748,32.81715769333785,1.005480942927038,0.0019043054151985745,0.9299294863546433,0.039804852885484784,-1.1493021280644866,Spencer Horwitz,2025,411,1.7,119,0.787,28.0,1997.0,1989,58.15694038078352,39.423529903524944,48.713971167276405,43.37609670414579,35.81344713421674,1.0890533566213103,-0.3536841776965014,0.881330161812731,-0.1750455332515504,-0.8862710011468633
fg:26517,Noelvi Marte,Noelvi Marte,2024,242,-1.4,48,0.549,23.0,2001.0,1841,41.70309220769568,37.51934985051268,30.340123040776803,36.40478864151804,43.346340036245394,-1.0950341008440172,-0.5907949394138334,-1.5939454068712273,-1.303077597749904,0.319923310970998,Noelvi Marte,2025,360,1.1,101,0.748,24.0,2001.0,2047,49.95384960696647,46.51166032902919,33.444088144052856,42.69091004170628,44.97726688326775,0.0022664648051903247,0.5503459722106714,-1.1882043607823929,-0.28624528849260145,0.6559269391439599
fg:26540,Angel Martinez,Angel Martinez,2024,169,0.0,83,0.635,22.0,2002.0,1733,52.6025684986258,33.87012872908888,42.14211578183957,41.66682105841221,40.67731653798825,0.3608548227944441,-1.049623289852532,-0.009796016983884494,-0.44627389888476143,-0.05250800357113577,Angel Martinez,2025,484,-0.1,74,0.628,23.0,2002.0,2205,48.39776712707032,34.0994135626123,30.74116169516533,37.707405291837865,45.38819670030893,-0.2038912004413871,-1.0327294837027154,-1.5545332704080081,-1.095024178693065,0.7250831572712992
fg:26668,Elly De La Cruz,Elly De La Cruz,2024,696,6.6,119,0.809,22.0,2002.0,1400,44.23410403993499,54.41497021738316,46.7330742139877,58.494189652250185,63.02973394921099,-0.7569561974844382,1.5335459444690873,0.6064358481638902,2.2936848301945534,3.06651294363752,Elly De La Cruz,2025,699,4.3,109,0.777,23.0,2002.0,1877,47.94062028142034,50.08498441078515,44.212317571398536,43.57275451969301,60.37353084103788,-0.26445632317210943,1.0060927645768598,0.27121890481981376,-0.14312970337063635,3.2469956434695573
fg:27462,Austin Martin,Austin Martin,2024,257,-0.2,92,0.67,25.0,1999.0,1754,55.90124726178386,33.86030885419452,46.666045306573,35.28766898669934,43.56905260634568,0.8014732291961896,-1.0508579744192859,0.5974387402080135,-1.4849754228660326,0.3510002705038267,Austin Martin,2025,181,1.0,113,0.74,26.0,1999.0,2057,59.29275419825315,34.31602343474288,53.94876151820415,45.38197130078365,44.571124923008256,1.2395317070876481,-1.0051027551553702,1.5908037925744283,0.1504902315519056,0.5875764792123647
fg:27465,Spencer Torkelson,Spencer Torkelson,2024,381,0.1,91,0.669,25.0,1999.0,1713,45.21722518145307,40.67364431356416,44.83626286288208,42.20035005024858,35.02548529467147,-0.6256365686943814,-0.1941953152411136,0.35183201891981564,-0.35940069525539164,-0.841155589811297,Spencer Torkelson,2025,649,2.3,118,0.789,26.0,1999.0,1960,47.99144203318477,49.194914480799774,49.11636974325992,39.22480487280063,37.03617211064805,-0.25772320084546035,0.8925719905604449,0.9358674325681429,-0.8487636029177296,-0.6804961177648764
fg:27467,Tyler Soderstrom,Tyler Soderstrom,2024,213,0.3,114,0.743,23.0,2001.0,1683,46.16256972817762,51.352872872799935,42.87093307756305,41.29776884687259,34.05414469172062,-0.49936291867106886,1.148538561592364,0.0880311465884706,-0.5063657559600435,-0.9766949201549068,Tyler Soderstrom,2025,624,3.4,125,0.82,24.0,2001.0,1903,54.56484650676759,52.361779284261765,41.72262085727312,43.24460996990484,38.74186061606149,0.6131546199019834,1.2964783933980908,-0.06621087724451986,-0.196384671134038,-0.39344231576285205
fg:27475,Jordan Walker,Jordan Walker,2024,178,-0.6,72,0.619,22.0,2002.0,1809,41.29944212103005,46.73083682514258,36.92730091687141,38.840200185616126,41.49010742406826,-1.1489513418669852,0.5673950504566526,-0.7097664345195634,-0.9065255710952047,0.06090755022534178,Jordan Walker,2025,396,-1.2,66,0.584,23.0,2002.0,2303,37.01030060533133,45.21851295245191,37.34427816703982,38.1090898852765,42.338512248042086,-1.7125602726308902,0.38541613224993715,-0.6596097484348886,-1.0298343101170395,0.21184553261047684
fg:27478,Patrick Bailey,Patrick Bailey,2024,448,4.3,81,0.637,25.0,1999.0,1418,52.06459980118771,40.415589139697786,44.60859077272923,80.0,40.9395557386508,0.28899607958894946,-0.22664142519377203,0.32127221341721235,5.795422636652253,-0.01591556057053671,Patrick Bailey,2025,452,3.2,70,0.602,26.0,1999.0,1915,42.54248438730552,35.612117295110394,38.45916692904756,77.35181016589863,37.8927978401444,-0.9796286273347546,-0.8397971164969994,-0.5085083432493182,5.338913258117307,-0.5363328243122533
fg:27479,Masyn Winn,Masyn Winn,2024,637,3.6,104,0.73,22.0,2002.0,1440,58.97867539628948,39.01611509316052,41.09530997064915,49.90119720802302,43.04018943090493,1.2125382578937998,-0.40260181424356767,-0.15030591421150352,0.8945091643632023,0.2772035400625467,Masyn Winn,2025,537,3.5,91,0.673,23.0,2002.0,1901,56.56214888641714,36.20067228960963,42.267337099378445,63.09453848256141,40.65436909814616,0.8777673256548713,-0.7647319825385048,0.007614774618088187,3.0250837449337524,-0.07158235751070997
fg:27490,Nick Gonzales,Nick Gonzales,2024,387,1.3,94,0.709,25.0,1999.0,1580,54.01310015478765,40.10262199880363,31.50161239107252,46.55276854362569,40.48966453009012,0.5492654729791979,-0.2659917940039678,-1.4380418500735879,0.3492928225119577,-0.0786926677464821,Nick Gonzales,2025,408,0.9,82,0.661,26.0,1999.0,2077,52.52621580551945,36.88742654010582,32.70972520194891,48.74933180535933,36.54157680112097,0.34306652939321014,-0.677142376992936,-1.2877329202669172,0.6969831574124671,-0.7637325724877188
fg:27506,Ha-seong Kim,Ha-seong Kim,2024,470,2.6,101,0.7,29.0,1995.0,1488,58.20542578799136,37.58409460250893,59.727695503852686,49.09134689336285,48.41098865280884,1.1092520531368053,-0.5826543727642551,2.350668524780753,0.7626432444763974,1.0266363628390016,Ha-seong Kim,2025,191,0.3,82,0.649,30.0,1995.0,2142,55.39257787667035,39.147742315536334,48.17458971847661,43.47816742092655,41.872816632423415,0.7228166518798081,-0.38885851557476414,0.8082275370289757,-0.15848035569411087,0.1334726663956044
fg:27531,David Hamilton,David Hamilton,2024,317,1.6,94,0.697,27.0,1997.0,1556,49.77014561127047,38.26495047571776,42.89890390068384,44.62228221407628,58.48626153035672,-0.017483823824034177,-0.49704816618036274,0.09178559410878442,0.034956517312454194,2.432523993504719,David Hamilton,2025,194,0.1,60,0.59,28.0,1997.0,2179,46.78639922258201,36.02816373780076,43.533247694590194,46.01388729279318,51.745255106344,-0.4173733579326454,-0.7867339665018495,0.1791842408232455,0.2530446265749842,1.7949254990645243
fg:27534,Edouard Julien,Edouard Julien,2024,301,0.0,79,0.616,25.0,1999.0,1735,39.95920017727361,41.33856226850656,50.408977518327305,41.44583594684018,42.41588183103753,-1.3279730993191656,-0.11059303456477584,1.0998423520158893,-0.4822563569899512,0.19008864570171072,Edouard Julien,2025,208,-0.8,81,0.633,26.0,1999.0,2285,47.62844444862273,41.13641037875365,49.43568922276028,37.52737773854464,32.65050011923839,-0.3058149540078318,-0.13522098644054775,0.9791449537880526,-1.1242410636096183,-1.4185698137957876
fg:27562,Austin Wells,Austin Wells,2024,414,3.5,107,0.718,25.0,1999.0,1444,49.31456111946245,43.3953722035706,47.42747218470007,60.5546883846911,34.78274329742452,-0.07833816193170116,0.1480163174777648,0.6996429993440185,2.629190732779687,-0.8750274239065379,Austin Wells,2025,448,3.0,94,0.712,26.0,1999.0,1927,44.09882637322135,47.91656556109733,37.83778792438412,59.10773468266668,40.6964678784523,-0.7734365814201698,0.7295295666578034,-0.5927241358530331,2.378060632773382,-0.06449746779715906
fg:27577,Casey Schmitt,Casey Schmitt,2024,113,0.4,109,0.76,25.0,1999.0,1671,49.88717679913325,44.939410785926185,33.47031912914493,42.76119753606078,39.13033067540681,-0.0018514754816230084,0.3421532722368961,-1.1737876985578437,-0.2680792889485232,-0.2683719623393971,Casey Schmitt,2025,348,0.7,98,0.706,26.0,1999.0,2098,49.21225570788124,44.00748725027825,38.22287446368104,42.06481464148564,35.21654531970467,-0.09598364003932922,0.23096020644780907,-0.5405331736793486,-0.38785505277815485,-0.9867248265281069
fg:27615,Alec Burleson,Alec Burleson,2024,595,0.7,106,0.735,26.0,1998.0,1632,60.59130498089464,44.03414605295315,34.85772952482129,35.40783153267933,34.355997738580406,1.4279439790028083,0.22833141537493423,-0.9875593742353753,-1.4654096532728684,-0.9345748237548764,Alec Burleson,2025,546,2.1,124,0.801,27.0,1998.0,1969,62.21218193837526,45.74817189325734,41.37660184749691,36.844426388144726,38.778301610050384,1.6263122373843655,0.45296958046713,-0.11310699852566915,-1.235078047411416,-0.3873095864631899
fg:27630,Nick Loftin,Nick Loftin,2024,171,-0.2,51,0.519,26.0,1998.0,1767,54.56709840001193,27.957979910089325,53.0892406599982,46.905524238124485,39.49210005048872,0.6232653503502181,-1.792976843914852,1.4596067844953766,0.4067311581010616,-0.21789123633199264,Nick Loftin,2025,188,0.1,73,0.635,27.0,1998.0,2172,53.31154542242872,36.06914826629361,45.2791873577241,46.07630460746285,39.85577302515375,0.4471109630030592,-0.7815067419428954,0.4158122753490091,0.2631744065233558,-0.2059797215597765
fg:27647,Anthony Volpe,Anthony Volpe,2024,689,3.5,87,0.657,23.0,2001.0,1445,51.51691150134843,36.960153388716535,39.17943178546253,57.59512480894474,51.82106282698452,0.21583904818131078,-0.6611045155123562,-0.4074690327416492,2.147292329686473,1.5024727157987054,Anthony Volpe,2025,596,1.0,83,0.663,24.0,2001.0,2066,46.63867401970078,43.705357200202535,42.51033410676839,40.86116466009664,43.77405284887109,-0.43694473883149365,0.19242611380772026,0.04054827482342452,-0.5831968343151961,0.45343559204301864
fg:27676,Vinnie Pasquantino,Vinnie Pasquantino,2024,554,1.5,109,0.76,27.0,1997.0,1561,62.9800073641236,47.32948838882033,43.28065228924395,42.73036268201441,34.98194293468006,1.7470130102833072,0.6426654438666959,0.14302664213314717,-0.27310005182259317,-0.8472314218077015,Vinnie Pasquantino,2025,682,1.5,116,0.798,28.0,1997.0,2006,59.309157728115885,50.52785523733242,41.70068553213167,34.92814981159714,32.27721908713091,1.2417049295626739,1.0625771343159454,-0.06918378231363767,-1.5460728433807034,-1.4813900410187641
fg:27684,Michael Massey,Michael Massey,2024,356,1.6,104,0.743,26.0,1998.0,1551,58.17576196924206,43.95300427733382,33.04444786103798,46.55511278367271,42.34743855237426,1.105289732012637,0.21812919801942415,-1.2309512407107621,0.34967452930967113,0.1805381789258349,Michael Massey,2025,277,-0.4,57,0.581,27.0,1998.0,2256,55.32352227409579,32.78582584655813,31.69874820323639,46.29489482245596,37.430344428953376,0.7136678169157914,-1.200266313384597,-1.4247511146566922,0.2986496714953564,-0.6141600533226356
fg:27769,Pete Crow-Armstrong,Pete Crow-Armstrong,2024,410,2.6,86,0.67,22.0,2002.0,1489,44.76090110142598,39.80781223973009,27.945172403858955,58.65397795245289,56.77966065525436,-0.6865896967133658,-0.30305917659002624,-1.9154131177505398,2.3197027631532143,2.1943876085204113,Pete Crow-Armstrong,2025,647,5.4,109,0.768,23.0,2002.0,1862,46.16034324810558,50.06238190599011,25.398637615496487,62.32947273008553,57.60151393993719,-0.5003164150515359,1.0032100092420237,-2.2786081047636366,2.9009203175317486,2.7804872580583813
fg:27790,Evan Carter,Evan Carter,2024,162,0.1,81,0.633,22.0,2002.0,1719,46.91383987220404,38.56897200170452,49.23933565353781,43.92614778526678,46.15041162267,-0.39901260346752987,-0.45882255840685066,0.9428445053686695,-0.07839332667489976,0.7111990219882665,Evan Carter,2025,220,1.4,107,0.728,23.0,2002.0,2015,51.96644812429211,38.37797052521346,47.2839796166468,46.4477416703286,51.59521368823438,0.2689056801238189,-0.48703629521831404,0.6875227255313662,0.3234553675261137,1.7696747223902092
fg:27815,Jordan Westburg,Jordan Westburg,2024,447,2.7,124,0.792,25.0,1999.0,1480,52.33625178079095,50.87062040878358,35.652496006057895,41.90527480704858,41.87394136642837,0.3252817778768504,1.08790340269213,-0.8808800308416677,-0.4074470658945368,0.11446713102798747,Jordan Westburg,2025,352,1.9,115,0.77,26.0,1999.0,1981,49.75097062344352,47.62982544822356,36.85937420637666,47.03111684328585,37.36739766944691,-0.02461196748297571,0.692958328310813,-0.7253290132916845,0.41813201551512774,-0.6247534920323949
fg:27899,Colt Keith,Colt Keith,2024,556,1.7,95,0.689,23.0,2001.0,1547,55.28335914106446,38.46091750169716,39.69531710763854,45.69919005466051,41.58291092525267,0.7189393122453603,-0.47240859946772035,-0.33822314890598776,0.21030675236365756,0.07385720389560363,Colt Keith,2025,468,1.6,109,0.746,24.0,2001.0,1999,54.10700230655141,43.52254714241423,46.894326148682325,40.10249178522386,41.53987286805214,0.5524971081166485,0.1691102612449282,0.6347128053391179,-0.7063227540368544,0.07744088033835218
fg:28163,Junior Caminero,Junior Caminero,2024,177,0.7,105,0.724,21.0,2003.0,1634,47.08579701495371,48.65468507610073,38.01423253079869,44.36225740829329,41.18758734770752,-0.3760435641497337,0.8092867007869836,-0.5638705599134665,-0.007382677458803896,0.018694377584490336,Junior Caminero,2025,653,4.6,129,0.846,22.0,2003.0,1873,53.58818942080477,59.830933162731526,37.30458018803185,43.477335907813845,40.6584812321094,0.4837621569767163,2.2491048118026873,-0.6649900344468573,-0.15861530294233023,-0.0708903180880702
fg:28806,Jackson Chourio,Jackson Chourio,2024,573,3.9,118,0.791,20.0,2004.0,1429,54.367888407131936,48.3743793421393,39.18444829405324,51.88947715215958,47.994026427757625,0.5966560331343606,0.7740429560939096,-0.4067956804360099,1.218255860610483,0.9684541139035239,Jackson Chourio,2025,589,2.9,111,0.77,21.0,2004.0,1933,52.34045148018197,47.193510008057295,31.88819768608033,43.29980289385872,48.229005108922905,0.3184555334515064,0.6373100417949417,-1.3990749359697285,-0.18742734611422895,1.203168605970682
fg:29490,Jackson Merrill,Jackson Merrill,2024,593,5.3,130,0.826,21.0,2003.0,1407,61.448404371400606,50.38894757007069,31.34618148712115,51.24340439449605,48.55803145964499,1.5424303520896776,1.0273411219521973,-1.4589049176136573,1.113057434480519,1.0471544833724895,Jackson Merrill,2025,483,3.0,116,0.774,22.0,2003.0,1924,51.08449370330057,46.91310809208632,31.24546396876948,46.27602924816237,40.81159230142829,0.15205990450809098,0.6015471860188408,-1.4861849429545686,0.29558795509174124,-0.045122943542780895
fg:29518,James Wood,James Wood,2024,336,1.3,120,0.781,22.0,2002.0,1576,50.54881621691507,51.28248470016706,53.08196581396588,39.78475138326185,42.072168306419655,0.08652648636528987,1.139688429450485,1.458630301696542,-0.7527266402273427,0.1421274044901085,James Wood,2025,689,3.2,127,0.825,23.0,2002.0,1908,46.00140370916389,61.65390747007629,51.3386731551453,37.06052206379974,37.81237455208613,-0.5213735278247444,2.481609525657268,1.2370572729607001,-1.200007624184069,-0.5498674237032674
fg:29575,Trey Sweeney,Trey Sweeney,2024,119,0.4,80,0.642,24.0,2000.0,1675,41.42432012751892,43.66014722796197,37.406123913115366,47.16672116393099,40.811610381019776,-1.1322708609337417,0.1813073359270547,-0.6454953259020549,0.44926120627117644,-0.0337688532684851,Trey Sweeney,2025,326,-0.9,53,0.548,25.0,2000.0,2295,40.658414924675824,36.08626820112169,38.990074792780014,41.05174265655646,40.82563966386284,-1.2292396644078234,-0.7793232413129773,-0.43655414748760174,-0.5522677054772085,-0.04275888423057988
fg:29576,Ben Rice,Ben Rice,2024,178,-0.3,74,0.613,25.0,1999.0,1776,46.44415250573286,45.914149319974456,47.684516225376456,43.88359173098529,36.95812464039903,-0.4617507219023893,0.46471029435341465,0.7341453218878131,-0.08532262353753829,-0.5714781543989927,Ben Rice,2025,530,3.0,133,0.836,26.0,1999.0,1922,57.44497953023276,56.516409308915,49.44057912114451,41.66370233386121,37.56945144283523,0.9947291876953115,1.826365765459097,0.9798076840462183,-0.4529520444113623,-0.5907494498664928
fg:29591,Colton Cowser,Colton Cowser,2024,561,3.9,119,0.768,24.0,2000.0,1432,44.38715831591853,52.43155270282488,45.95679822495801,54.64904061346877,41.74637419663179,-0.7365120936420022,1.284164458350502,0.5022384332538686,1.6675887406801124,0.09666661006188032,Colton Cowser,2025,360,0.7,83,0.655,25.0,2000.0,2106,36.50988550450733,49.76584063766451,43.88881949145704,45.18640422564763,49.07705430061237,-1.7788577923143527,0.9653887177074536,0.2273750558909156,0.11875141922461,1.3458885363604332
fg:29592,Connor Norby,Connor Norby,2024,194,0.1,101,0.732,24.0,2000.0,1708,40.53956108820166,45.14607751808597,34.20467022598317,40.3502873491681,37.79418955990616,-1.2504518497306891,0.3681381475437758,-1.075217747911133,-0.6606418203250461,-0.4548149788151395,Connor Norby,2025,337,0.5,90,0.689,25.0,2000.0,2121,45.456555979809,39.93368492666767,33.81637081092924,42.45678030487037,43.42522151529957,-0.5935577065234199,-0.28861828664176625,-1.1377487135392081,-0.3242424808753466,0.39473005451882126
fg:29606,Justyn-Henry Malloy,Justyn-Henry Malloy,2024,230,-0.5,88,0.658,24.0,2000.0,1796,35.85068135342341,41.91579296312021,46.42717948980039,38.84430260569842,37.67652437131127,-1.8767652512119222,-0.038015956163774026,0.565376431222794,-0.9058575841992061,-0.4712337929967528,Justyn-Henry Malloy,2025,127,0.0,92,0.654,25.0,2000.0,2185,45.573581718763336,35.22960449971193,53.4117427878064,43.31783695503961,37.89413487731007,-0.5780535456397432,-0.8885833378285408,1.5180213881415932,-0.18450057695883207,-0.5361078115970903
fg:29617,Henry Davis,Henry Davis,2024,122,-0.7,31,0.453,25.0,1999.0,1822,34.26749738129827,34.837454473684964,44.08974733810076,42.75943935602551,37.256339106355625,-2.088237797926572,-0.9279983016806076,0.2516292701916996,-0.26836556904680825,-0.5298657798192185,Henry Davis,2025,283,-0.1,41,0.512,26.0,1999.0,2213,40.50984351685491,38.929894738995976,34.23765536982528,52.00989174177656,38.79472124737701,-1.2489231548104667,-0.41664310268790034,-1.080651816520048,1.2261432925316822,-0.3845462921646448
fg:29622,Sal Frelick,Sal Frelick,2024,524,1.5,87,0.655,24.0,2000.0,1562,61.72579408025168,26.362094658304315,47.57247348134538,50.48431497428195,48.92652750796185,1.5794824630230841,-1.9936326477704072,0.7191061290589117,0.989456785248351,1.0985738387164374,Sal Frelick,2025,594,3.6,114,0.756,25.0,2000.0,1895,65.47294049783737,33.83524036484229,46.67797125118539,51.55691256264905,45.557051684136006,2.0583139983683743,-1.0664225058742829,0.605390122983172,1.1526287648715374,0.7535001073420294
fg:29630,Joey Loperfido,Joey Loperfido,2024,262,0.1,73,0.614,25.0,1999.0,1722,36.81819224319572,38.40655001476661,33.403013118361024,46.579028080866365,42.434771090349,-1.747530749450472,-0.47924439908517674,-1.1828220013453812,0.3535685978884192,0.1927244230490036,Joey Loperfido,2025,104,0.7,148,0.879,26.0,1999.0,2089,50.14636629233363,40.963009131803375,34.83195859832138,43.71146564464975,36.67210727719594,0.027772047503449502,-0.15733682600107585,-1.000105616762536,-0.12061811055958623,-0.7417653320944481
fg:2967,Tommy Pham,Tommy Pham,2024,478,-0.1,92,0.674,36.0,1988.0,1745,54.21371931003499,42.760275426762746,48.55954946811639,37.8997514080527,35.97456295653047,0.5760630179435698,0.06816354978415118,0.8515986543911155,-1.059656515067067,-0.7087227950309088,Tommy Pham,2025,449,0.2,94,0.7,37.0,1988.0,2156,53.165629552789966,43.366875936403055,52.05831925533897,42.01294776998256,33.91002560456657,0.4277792917094158,0.1492557361080683,1.3345912518482048,-0.39627258880509225,-1.2066016976160605
fg:29715,Hunter Goodman,Hunter Goodman,2024,224,-1.2,61,0.645,25.0,1999.0,1840,39.688384013207695,49.40413307984,28.06631935018517,35.945349781309645,38.24959797555288,-1.3641471542078314,0.9035172173420062,-1.8991518926066147,-1.3778868888453173,-0.39126800929478406,Hunter Goodman,2025,579,3.4,118,0.843,26.0,1999.0,1902,46.82025583240642,54.88271637842827,31.532208925297496,47.49298343935456,35.27558856043623,-0.4128878632851963,1.618002265327094,-1.4473222623556252,0.49308889260027144,-0.9767883189649
fg:29766,Zack Gelof,Zack Gelof,2024,547,1.4,82,0.632,25.0,1999.0,1572,34.25095360267217,42.196023551477154,36.98979727197948,46.28922737777216,52.70028703656659,-2.0904476200697615,-0.0027816597701053403,-0.7013777187334435,0.30638106754412825,1.6251582704091245,Zack Gelof,2025,101,-0.3,36,0.502,26.0,1999.0,2245,28.4643461456323,39.912642136348246,38.18686866347844,46.90295616149571,38.89668989095279,-2.8447714770348513,-0.29130211379292614,-0.5454130569384151,0.3973326666255129,-0.36738578089279195
fg:29794,Kyle Manzardo,Kyle Manzardo,2024,156,0.0,98,0.703,24.0,2000.0,1729,44.62073651480709,43.244074572957885,39.51905821633261,42.78921525333672,36.3752303492002,-0.7053120704951786,0.1289931780270561,-0.36188190054654845,-0.26351723347377654,-0.6528143012152502,Kyle Manzardo,2025,531,1.2,113,0.768,25.0,2000.0,2037,46.81395567197799,48.95913191657912,41.903653034710295,37.72684315194566,38.19815729427416,-0.41372254035494227,0.8624999498272591,-0.04167549997037835,-1.0918695853466318,-0.4849432581593376
fg:29931,Jacob Young,Jacob Young,2024,521,2.7,84,0.648,25.0,1999.0,1484,57.50523299079824,30.09233863624145,42.9975567308914,58.8726188239779,50.68481759970299,1.0157243541322964,-1.5246170320592385,0.1050274952192816,2.3553035144606906,1.343922855179263,Jacob Young,2025,364,1.0,66,0.583,26.0,1999.0,2070,57.41685725308244,30.60594360458066,46.67638672426784,57.20866065418728,37.77542314346963,0.9910034063992498,-1.4782915685215587,0.6051753712949726,2.0698576587112725,-0.5560860517229986
fg:30011,Christian Encarnacion-Strand,Christian Encarnacion-Strand,2024,123,-0.7,35,0.513,25.0,1999.0,1820,44.26490342192927,40.355635750286005,30.572456975103183,45.21993831734076,38.89771612410484,-0.7528421943980979,-0.23417955836019513,-1.5627598547031856,0.13227137958549595,-0.3008306286567196,Christian Encarnacion-Strand,2025,137,-0.6,59,0.61,26.0,1999.0,2271,45.48594714315335,42.662774952487645,28.66726359409381,42.58244644732242,36.241156103492514,-0.5896638167764212,0.05945370372044423,-1.8356096683073497,-0.30384797373038525,-0.8142909852229008
fg:30116,Seiya Suzuki,Seiya Suzuki,2024,585,3.5,137,0.848,30.0,1994.0,1441,54.23486739985797,53.04543846698709,52.45821993901311,39.13410330879262,39.49541952895429,0.5788878573126878,1.3613502969599343,1.3749065891904968,-0.8586700538549163,-0.21742804156082207,Seiya Suzuki,2025,651,2.6,123,0.804,31.0,1994.0,1947,51.52511016255154,55.20099509144967,51.276469471761374,39.071126511815294,38.675822551847,0.2104349981692286,1.6585959812115656,1.2286267781101614,-0.8737042461967052,-0.40455599645511187
fg:31166,Heston Kjerstad,Heston Kjerstad,2024,114,0.3,115,0.745,25.0,1999.0,1682,43.89265055247999,43.76885190311166,37.55808849502557,43.55357921365663,38.37678908804797,-0.8025655769678477,0.19497512560718402,-0.6250975333428417,-0.13905774394675086,-0.37351996276932065,Heston Kjerstad,2025,167,-1.1,57,0.566,26.0,1999.0,2301,44.10473653771925,38.84412183840004,30.67744311202491,37.18062684176139,42.96946112815221,-0.7726535729808027,-0.4275826993839077,-1.5631690803444296,-1.1805156774712338,0.31802920819351127
fg:31347,Zach Neto,Zach Neto,2024,602,3.5,115,0.761,23.0,2001.0,1443,48.65219366301473,46.06914809073052,38.0700318668545,42.90750645599309,45.76302631504167,-0.16681337096750357,0.4841987901007713,-0.5563807667820588,-0.24425617007671716,0.6571438892970266,Zach Neto,2025,554,3.1,116,0.793,24.0,2001.0,1918,47.566444159866485,51.23664682784627,37.51184459329066,39.57929861489668,48.08580761457658,-0.31402906536743924,1.1529774132836674,-0.6368993908357771,-0.7912323935167512,1.1790696072034292
fg:31349,Victor Scott II,Victor Scott II,2024,155,-0.4,40,0.502,23.0,2001.0,1794,43.76652272232119,35.792297347756424,36.31528084184266,45.34819254019698,44.18520420641777,-0.8194130021091415,-0.8079428251115641,-0.791916224790346,0.15315469687283875,0.4369770895621579,Victor Scott II,2025,463,1.7,76,0.601,24.0,2001.0,1996,46.153838001045614,29.496106229204365,44.93169258379703,53.760017260648326,58.77718697108988,-0.5011782630339289,-1.6198417924316442,0.36871614304925837,1.5101732364987244,2.978343673478044
fg:31394,Brooks Baldwin,Brooks Baldwin,2024,121,0.1,59,0.566,24.0,2000.0,1726,46.224751015590535,34.95589188811609,33.36358084880135,45.61114764603875,43.95062594383095,-0.49105710239277933,-0.9131067832755907,-1.1881148876515635,0.19597102514123868,0.40424441008021694,Brooks Baldwin,2025,328,-0.2,92,0.697,25.0,2000.0,2215,48.122037550410575,44.33376743573226,35.446732889124526,33.234048729791944,44.34956020758528,-0.24042124720818386,0.2725744414097377,-0.9167849641756074,-1.8210105150797193,0.5502889007654157
fg:31431,Jordan Beck,Jordan Beck,2024,184,-1.0,31,0.521,23.0,2001.0,1835,38.22459731404575,36.89402785517365,34.69357561476126,43.79496326235177,44.497626263980194,-1.5596713046344495,-0.6694186922826375,-1.0095933071630279,-0.09975377745938555,0.48057196898750226,Jordan Beck,2025,588,0.9,90,0.732,24.0,2001.0,2073,45.05051488607066,43.35261109229518,40.73188808727252,44.61357949585697,42.24921062273768,-0.6473520811537739,0.1474363777747558,-0.20048536167011777,0.025787015157030142,0.19681677971260989
fg:31595,Brooks Lee,Brooks Lee,2024,185,-0.3,61,0.585,23.0,2001.0,1778,53.67935938376339,32.86902405048917,37.679288602680174,43.30867880489094,41.38309633127802,0.5046863134919566,-1.1754954124273216,-0.6088291724983808,-0.17893427063068987,0.04597539170950792,Brooks Lee,2025,527,0.3,81,0.654,24.0,2001.0,2141,50.81381511716048,39.267582719972815,37.32950593102281,42.461769383546574,35.83382800578698,0.11619903847314264,-0.3735739013981083,-0.6616118366215911,-0.32343279738603736,-0.8828410626476682
fg:31781,Jackson Holliday,Jackson Holliday,2024,208,0.0,62,0.565,21.0,2003.0,1737,38.93391947723359,41.60048170889393,41.02762268795996,45.32603542303861,46.75666124154041,-1.4649241577888907,-0.0776610579094733,-0.15939139409000996,0.14954690839237808,0.7957941342621038,Jackson Holliday,2025,649,1.2,96,0.69,22.0,2003.0,2040,51.6356784190948,40.3499521236492,45.3610213811603,38.987608310812426,35.033003312594545,0.22508363917241264,-0.23552698133302036,0.42690327954115026,-0.8872585139879462,-1.0176134857415746
fg:31837,Masataka Yoshida,Masataka Yoshida,2024,421,0.9,116,0.765,31.0,1993.0,1613,62.95826230671801,40.64178970482985,45.048082472982905,40.10022556358496,31.79205487978353,1.7441084314415676,-0.19820049801659112,0.380263989136159,-0.701358761206022,-1.2923433521834102,Masataka Yoshida,2025,205,-0.1,88,0.696,32.0,1993.0,2199,60.64558460200179,42.60063991098152,43.04899436062849,42.42544203388629,41.1166355476476,1.4187615108510172,0.0515289129060492,0.11355315571333705,-0.32932840600223134,0.006213407335111182
fg:33189,Nolan Schanuel,Nolan Schanuel,2024,607,0.7,105,0.706,22.0,2002.0,1635,60.14173723026357,33.00776632357696,54.62821389275078,37.425188150827,37.43446305982061,1.36789332233837,-1.158050898604014,1.6661789762605461,-1.1369284742498016,-0.5050106452789177,Nolan Schanuel,2025,564,1.4,109,0.742,23.0,2002.0,2014,62.12043444679093,36.08027471893945,52.11698909980075,40.22649490145051,38.32014729451219,1.6141570663689335,-0.7800876584823032,1.342542803825667,-0.6861981413883295,-0.4644133118863713
fg:33266,Jacob Wilson,Jacob Wilson,2024,103,0.0,86,0.629,22.0,2002.0,1734,60.24381167094968,28.902351793063367,45.490785938391845,42.91395311612241,40.49049793893755,1.381527835008044,-1.674237918854425,0.43968687135743983,-0.24320647638300394,-0.0785763751949914,Jacob Wilson,2025,523,3.4,121,0.8,23.0,2002.0,1904,70.9762657379941,34.363616844606454,40.569425263909466,43.93920250388255,37.87002304018332,2.7874223183071636,-0.9990326245467762,-0.22250402553786117,-0.08365842585718766,-0.5401656419093198
fg:33333,Wyatt Langford,Wyatt Langford,2024,557,3.1,111,0.74,23.0,2001.0,1463,54.8017091633923,45.32370047685259,48.61716247873091,49.08384127649837,50.42257839904044,0.654603297482236,0.39047125547534844,0.8593318921262162,0.7614211234816459,1.3073304121786649,Wyatt Langford,2025,573,4.1,118,0.775,24.0,2001.0,1879,48.66883730449752,50.32229104566485,51.67733852697731,53.96779780517634,45.72317487816304,-0.16797845441516263,1.0363591874310925,1.28295675218709,1.5438941872438905,0.7814573189283399
fg:33541,Dylan Crews,Dylan Crews,2024,132,0.5,80,0.641,22.0,2002.0,1663,51.64458708694619,41.559305683911845,44.73928015150279,47.41103551268492,47.52683148333589,0.23289321353102652,-0.08283825243715974,0.33881429331771634,0.4890423062556859,0.9032624708130658,Dylan Crews,2025,322,0.2,77,0.631,23.0,2002.0,2164,44.59556607425661,42.26010115289967,40.44937654612817,45.16171805956514,48.28461918353724,-0.7076259972617092,0.008096119484216102,-0.2387742854647915,0.1147450720834686,1.212528012164839
fg:33824,Jung Hoo Lee,Jung Hoo Lee,2024,158,0.1,83,0.641,26.0,1998.0,1718,64.49048428249897,37.58165679119538,48.14089854924911,43.44103544782946,36.75074996434199,1.948773769807524,-0.5829608866493988,0.7954042800807604,-0.15738296644734737,-0.6004148884731227,Jung Hoo Lee,2025,617,2.4,107,0.735,27.0,1998.0,1959,64.73127773426663,35.10364369881335,48.7084331671998,37.46911798943847,47.015007570018106,1.960054770009044,-0.9046485560007462,0.8805795940233618,-1.1336961073168976,0.9988624808735584
fg:4949,Giancarlo Stanton,Giancarlo Stanton,2024,459,0.8,117,0.773,35.0,1989.0,1619,42.58130181017557,63.65169725209228,40.67905823587199,39.77768169786158,26.50012144989677,-0.9777279478917554,2.694909448562413,-0.2061782525660685,-0.7538777795820366,-2.030771367166853,Giancarlo Stanton,2025,281,1.9,158,0.944,36.0,1989.0,1979,42.591441035116766,66.16225397337732,46.63524317864913,39.10495932213748,34.756845351812466,-0.9731426033987105,3.056610396203857,0.5995991669514028,-0.8682134793251646,-1.0640886729425385
fg:5235,Justin Turner,Justin Turner,2024,539,1.2,116,0.737,40.0,1984.0,1587,59.01700222900699,35.828501845882634,50.508821416841165,39.29037524892478,29.87087724212101,1.2176577342559805,-0.8033907167024061,1.1132441269860087,-0.8332246810928269,-1.5604214389933706,Justin Turner,2025,191,-0.3,71,0.602,41.0,1984.0,2233,53.53899678284742,34.299811814396065,43.54421952973132,44.74839228254872,39.93429114595002,0.4772448678743523,-1.007170408075474,0.18067125886825944,0.04766594203239176,-0.19276574665809315
fg:5361,Freddie Freeman,Freddie Freeman,2024,638,3.9,136,0.854,35.0,1989.0,1426,60.89945647391608,48.06056334561166,50.98402693300129,42.18288141318425,38.64046470766409,1.4691050709229676,0.7345858579250069,1.1770296710896708,-0.3622450701404265,-0.3367270841414381,Freddie Freeman,2025,627,3.9,139,0.869,36.0,1989.0,1885,54.561674038379856,51.04070573469132,41.7699556616887,40.55022265837668,37.69313799514691,0.6127343152688209,1.1279868099532775,-0.05979556864593149,-0.6336599801714168,-0.5699339873802841
fg:5417,Jose Altuve,Jose Altuve,2024,682,3.9,127,0.79,34.0,1990.0,1430,59.046907745918254,39.57962596625933,36.64536920438122,37.93703292222839,40.34444081528712,1.2216523400209403,-0.33174977328603944,-0.747609361568425,-1.0535860584992838,-0.09895695505683702,Jose Altuve,2025,654,2.1,113,0.771,35.0,1990.0,1971,56.62836488955125,39.75767496961877,39.509867045257344,37.585637487650814,36.06221499147448,0.8865399561448687,-0.3110668447669859,-0.3661064558161416,-1.1147860199023367,-0.8444053504051867
fg:5517,Kyle Higashioka,Kyle Higashioka,2024,263,1.6,104,0.739,34.0,1990.0,1552,45.7242263624128,46.86093527817312,39.29489376654931,47.79755636128886,38.60760630741155,-0.5579142870059367,0.5837527488839104,-0.39197088502144256,0.5519785382160017,-0.34131209330594886,Kyle Higashioka,2025,327,1.0,93,0.693,35.0,1990.0,2062,50.95953019366642,41.29296509463544,41.01921676764809,45.49708700006909,38.73467883088899,0.13550410767853274,-0.11525377720889475,-0.16154356869995765,0.16917249477543048,-0.39465095305646375
fg:5827,Wilmer Flores,Wilmer Flores,2024,242,-0.7,68,0.595,33.0,1991.0,1817,56.34076937013118,32.12941166409317,47.39335362083716,42.96412795055673,32.61405407538747,0.8601820471390818,-1.268489265066677,0.6950633573027885,-0.2350366324277955,-1.1776428854504428,Wilmer Flores,2025,463,-0.2,95,0.686,34.0,1991.0,2218,52.82896358356808,35.145556904275566,41.86081482276202,39.5304985685459,33.74286717281313,0.38317608392354613,-0.8993028866715308,-0.047481383249141036,-0.799152210856216,-1.234733131473552
fg:6887,Martin Maldonado,Martin Maldonado,2024,147,-1.5,11,0.403,38.0,1986.0,1843,32.358456285185426,37.53155078488447,36.86170691704807,39.228479214255344,33.25472052703117,-2.3432364522118356,-0.5892608765534728,-0.7185709387317107,-0.8433030590366026,-1.0882453028047625,Martin Maldonado,2025,161,-0.8,61,0.572,39.0,1986.0,2289,35.72210128236917,36.01020994602365,37.959115065727055,38.73045543411944,34.63760879487324,-1.8832274244208291,-0.7890238184229234,-0.5762806105715953,-0.928992159015394,-1.0841552366195564
fg:7304,Salvador Perez,Salvador Perez,2024,652,3.3,117,0.786,34.0,1990.0,1450,52.65444671061091,50.42648881289485,29.56966604198377,48.13225735871158,21.22295167665688,0.3677844139226108,1.0320613035869315,-1.6973617545466375,0.6064770722206435,-2.7671392848690117,Salvador Perez,2025,641,0.5,95,0.729,35.0,1990.0,2120,50.23139158532835,50.81952671480842,26.85332168366321,35.318711676054974,30.77203870275178,0.039036627702223915,1.0997773258583459,-2.0814540798139016,-1.4826880956689301,-1.7346999218461376
fg:7739,Travis d'Arnaud,Travis d'Arnaud,2024,341,1.8,103,0.739,35.0,1989.0,1538,44.78365012889495,47.67826465996979,38.87440577309256,47.7532421269721,36.39280884958185,-0.6835510133645907,0.6865182102074843,-0.44841184485798224,0.544762961255077,-0.6503614250944177,Travis d'Arnaud,2025,231,-0.3,64,0.598,36.0,1989.0,2235,37.35699395210359,38.99307412775645,34.559523948217524,42.80852028032982,34.93408991175685,-1.6666285872282878,-0.4085851143519828,-1.0370288147126159,-0.26715818352442194,-1.0342598239734948
fg:7802,Miguel Rojas,Miguel Rojas,2024,337,2.8,110,0.748,35.0,1989.0,1476,64.84516214327218,35.02488792425724,46.70356136884449,55.73638437097627,42.90639074133652,1.9961495844959043,-0.904431688948311,0.6024744192210654,1.8446382302232103,0.2585334826904343,Miguel Rojas,2025,317,1.7,100,0.715,36.0,1989.0,1994,58.098478040160224,36.67630884409064,45.77215290387957,49.74686426844571,42.84353154716933,1.0813079704972068,-0.7040686256536444,0.482624130729113,0.8588738827007772,0.2968362618314222
fg:8623,Donovan Solano,Donovan Solano,2024,309,0.8,117,0.76,37.0,1987.0,1620,55.30222564207443,38.65751753888619,40.94471830195105,40.99108556672582,30.69077702576269,0.7214593901936093,-0.44768944221247736,-0.17051942436391923,-0.5563022344899387,-1.446013920882767,Donovan Solano,2025,179,0.0,82,0.628,38.0,1987.0,2188,47.90534412831866,34.88337088735711,33.80004024461486,44.90123913042135,36.84541225639549,-0.26912988608171035,-0.9327424609950372,-1.139962002973694,0.07247163806314795,-0.7125994832145236
fg:9218,Paul Goldschmidt,Paul Goldschmidt,2024,654,1.2,100,0.716,37.0,1987.0,1588,49.12890861287961,48.75983487305126,40.165406848036326,41.022033584060544,45.40112238922398,-0.10313654863993067,0.8225075241568075,-0.27512428147045354,-0.5512630455180502,0.6066443882929121,Paul Goldschmidt,2025,534,0.8,103,0.731,38.0,1987.0,2081,58.29295601933851,41.97665373549455,41.08697229422778,39.620096588636166,38.65582284868351,1.1070733953042156,-0.028055163839457116,-0.15236062989551388,-0.7846112420220485,-0.4079217873446968
fg:9241,Starling Marte,Starling Marte,2024,370,0.6,103,0.715,36.0,1988.0,1643,53.57962266231251,42.91572773711357,39.81899108378292,36.584975878843856,52.88414410081501,0.49136405981989856,0.08770907052867775,-0.3216227274218765,-1.2737381564090666,1.6508133941540475,Starling Marte,2025,329,0.7,112,0.745,37.0,1988.0,2095,52.04173143350256,41.48749635143424,38.91770909207089,42.332517961345225,39.397280848206336,0.2788795931132508,-0.09044298639547144,-0.4463619053886636,-0.3444091638292717,-0.28314030636951
fg:9774,Christian Vazquez,Christian Vazquez,2024,315,0.7,59,0.575,34.0,1990.0,1639,51.58967801589872,36.78602934329562,31.98446173435169,56.281521399759406,35.25772165813899,0.22555877780113648,-0.6829976937752895,-1.3732302958432705,1.9334015417433301,-0.8087496952258156,Christian Vazquez,2025,214,0.3,55,0.545,35.0,1990.0,2151,51.93061763206081,29.634553491548253,46.75589608888213,50.59737047544836,36.09317075236451,0.26415867556687983,-1.6021840333587247,0.6159513133692254,0.9969035426958576,-0.8391957421858977
fg:9777,Nolan Arenado,Nolan Arenado,2024,635,3.2,103,0.719,33.0,1991.0,1456,60.87912768504177,35.43747089920727,42.52713698152805,54.66416501048608,33.12007920568916,1.4663896690299685,-0.8525562997853897,0.04188433157776659,1.6700514087674339,-1.1070329396808853,Nolan Arenado,2025,436,0.9,84,0.666,34.0,1991.0,2076,57.38165813434164,35.56530507058194,40.07357237485956,48.22754243395905,39.04878737604403,0.9863400493908061,-0.8457676136263512,-0.2897072038763341,0.6123013421236064,-0.3417889845071565
fg:9847,Andrew McCutchen,Andrew McCutchen,2024,515,0.5,106,0.739,38.0,1986.0,1653,46.37250870961978,44.90569023218429,52.96732746597107,38.61112339716786,33.36383995035796,-0.47132048529508014,0.3379134781727765,1.4432427080063834,-0.9438255768945744,-1.0730189511828245,Andrew McCutchen,2025,551,-0.1,95,0.7,39.0,1986.0,2197,50.998872407645976,40.79096272370335,51.599267396432985,40.285586163669386,31.29572066787685,0.14071636286708702,-0.17927986750409527,1.272375734661692,-0.6766081504328296,-1.6465684144507668
fg:9874,DJ LeMahieu,DJ LeMahieu,2024,228,-0.5,53,0.527,36.0,1988.0,1805,55.47269690181328,34.97602127783164,45.9093223517444,48.41971382175875,33.556574022643815,0.7442299538636279,-0.9105758501336386,0.49586587590395353,0.6532828957672188,-1.0461251437864676,DJ LeMahieu,2025,142,0.3,95,0.674,37.0,1988.0,2140,52.72318591229491,40.87570560779045,46.8392179863658,44.49539697141922,35.28258338391916,0.36916212384968633,-0.16847164056611874,0.6272439698400271,0.006607033246031507,-0.9756111458358471
