record_id,target,model,y_true,y_pred
Aaron Judge__2024_2025,WAR,lr_basic,-1.200000000000001,-0.6224962342859696
Bobby Witt Jr.__2024_2025,WAR,lr_basic,-2.5,-1.2921568183741532
Shohei Ohtani__2024_2025,WAR,lr_basic,-1.5,-2.3329684652030824
Juan Soto__2024_2025,WAR,lr_basic,-2.500000000000001,-1.6651092428028267
Gunnar Henderson__2024_2025,WAR,lr_basic,-3.1000000000000005,-2.2609697435264002
Francisco Lindor__2024_2025,WAR,lr_basic,-1.4000000000000004,-1.8334510691993668
Jarren Duran__2024_2025,WAR,lr_basic,-2.9,-2.2205085611450692
Elly De La Cruz__2024_2025,WAR,lr_basic,-2.3,-1.7747156223704295
Jose Ramirez__2024_2025,WAR,lr_basic,-0.1000000000000005,-0.1740971798858256
Ketel Marte__2024_2025,WAR,lr_basic,-1.7000000000000002,-2.014101515425448
William Contreras__2024_2025,WAR,lr_basic,-1.9,-1.8234194284195846
Matt Chapman__2024_2025,WAR,lr_basic,-1.7999999999999998,-2.0453381367130934
Cal Raleigh__2024_2025,WAR,lr_basic,3.6999999999999993,1.8089736171384747
Vladimir Guerrero Jr.__2024_2025,WAR,lr_basic,-1.4,-0.2963645580273925
Jackson Merrill__2024_2025,WAR,lr_basic,-2.3,-2.866409715972582
Brent Rooker__2024_2025,WAR,lr_basic,-2.7,-1.454586555981673
Bryce Harper__2024_2025,WAR,lr_basic,-1.5999999999999996,-1.1983731404950524
Willy Adames__2024_2025,WAR,lr_basic,-0.7000000000000002,-0.7385874958350939
Marcell Ozuna__2024_2025,WAR,lr_basic,-3.5,-2.451309166940881
Corey Seager__2024_2025,WAR,lr_basic,-0.5999999999999996,-0.17640222955334586
Mookie Betts__2024_2025,WAR,lr_basic,-0.8999999999999999,-1.2747315156011036
Jurickson Profar__2024_2025,WAR,lr_basic,-3.0,-1.530248612666658
Corbin Carroll__2024_2025,WAR,lr_basic,2.2,1.5512465645162175
Marcus Semien__2024_2025,WAR,lr_basic,-2.2,-1.79087182010582
Patrick Bailey__2024_2025,WAR,lr_basic,-1.0999999999999996,-2.764842148759022
Kyle Tucker__2024_2025,WAR,lr_basic,0.2999999999999998,-1.5800654619413885
Carlos Correa__2024_2025,WAR,lr_basic,-1.6,-2.480312068106315
Rafael Devers__2024_2025,WAR,lr_basic,-0.9000000000000004,-1.0809565857342864
Steven Kwan__2024_2025,WAR,lr_basic,-1.0,-0.8674352499107257
Alex Bregman__2024_2025,WAR,lr_basic,-0.7000000000000002,-0.12009588435996646
Dansby Swanson__2024_2025,WAR,lr_basic,-0.9000000000000004,-0.9648496712963123
Jazz Chisholm Jr.__2024_2025,WAR,lr_basic,0.4000000000000003,-0.04435904564043175
Freddie Freeman__2024_2025,WAR,lr_basic,0.0,-0.9085874335588676
Riley Greene__2024_2025,WAR,lr_basic,-1.0,-1.6600133504746184
Trea Turner__2024_2025,WAR,lr_basic,2.8000000000000003,2.171372616918809
Jackson Chourio__2024_2025,WAR,lr_basic,-1.0,-1.528908724892704
Jose Altuve__2024_2025,WAR,lr_basic,-1.7999999999999998,-0.4003828783954505
Eugenio Suarez__2024_2025,WAR,lr_basic,-0.1,-0.847690935273948
Colton Cowser__2024_2025,WAR,lr_basic,-3.2,-2.256671277408061
Julio Rodriguez__2024_2025,WAR,lr_basic,1.8000000000000005,1.2021179595064022
Nico Hoerner__2024_2025,WAR,lr_basic,1.0,0.8444174097325466
Byron Buxton__2024_2025,WAR,lr_basic,1.2999999999999998,1.1346340017952268
Ezequiel Tovar__2024_2025,WAR,lr_basic,-2.9000000000000004,-0.8480918922530983
Ian Happ__2024_2025,WAR,lr_basic,-0.8000000000000003,-0.3262601326051855
Oneil Cruz__2024_2025,WAR,lr_basic,-2.0,-0.794209241619338
Brenton Doyle__2024_2025,WAR,lr_basic,-3.1,-1.6565496544835336
Masyn Winn__2024_2025,WAR,lr_basic,-0.1,0.40787216237576107
Seiya Suzuki__2024_2025,WAR,lr_basic,-0.8999999999999999,-0.08253193449469509
Manny Machado__2024_2025,WAR,lr_basic,0.2999999999999998,-0.5965984160790887
Zach Neto__2024_2025,WAR,lr_basic,-0.3999999999999999,0.4995239423788628
Austin Wells__2024_2025,WAR,lr_basic,-0.5,-0.20349813102176356
Anthony Volpe__2024_2025,WAR,lr_basic,-2.5,-1.3555079953581148
Teoscar Hernandez__2024_2025,WAR,lr_basic,-2.8,-1.1241937335950987
Alec Bohm__2024_2025,WAR,lr_basic,-1.7,-0.994858879013358
Kyle Schwarber__2024_2025,WAR,lr_basic,1.6000000000000003,0.8946466218567106
Fernando Tatis Jr.__2024_2025,WAR,lr_basic,2.8,0.4198930029205442
Salvador Perez__2024_2025,WAR,lr_basic,-2.8,-1.1933444963455018
Isaac Paredes__2024_2025,WAR,lr_basic,-0.8999999999999999,1.1066984046679895
Anthony Santander__2024_2025,WAR,lr_basic,-4.1000000000000005,-3.7821401809829513
JJ Bleday__2024_2025,WAR,lr_basic,-3.3000000000000003,-2.1884166094463176
Brendan Donovan__2024_2025,WAR,lr_basic,-0.3000000000000002,0.30177336425740786
Joey Ortiz__2024_2025,WAR,lr_basic,-1.8000000000000005,-1.6495715704175562
Nolan Arenado__2024_2025,WAR,lr_basic,-2.3000000000000003,-0.9224903225965653
Daulton Varsho__2024_2025,WAR,lr_basic,-1.0,0.7134018194674496
Lawrence Butler__2024_2025,WAR,lr_basic,-1.1,-2.310224283061069
Christian Walker__2024_2025,WAR,lr_basic,-2.0,-2.9122171905999887
Tyler Stephenson__2024_2025,WAR,lr_basic,-2.0,-1.8848498355468637
Wilyer Abreu__2024_2025,WAR,lr_basic,-0.7000000000000002,-0.0823248948124937
Wyatt Langford__2024_2025,WAR,lr_basic,0.9999999999999996,0.35773489896821187
Christian Yelich__2024_2025,WAR,lr_basic,-0.6000000000000001,-2.584205917998896
Joc Pederson__2024_2025,WAR,lr_basic,-3.8,-2.864715794028454
Tyler Fitzgerald__2024_2025,WAR,lr_basic,-2.9,-3.163731499619247
Yainer Diaz__2024_2025,WAR,lr_basic,-1.4,-0.6361025378251325
Luis Garcia Jr.__2024_2025,WAR,lr_basic,-2.3,-1.4550993520605313
Jake McCarthy__2024_2025,WAR,lr_basic,-3.1,-1.4031203325161534
Mark Vientos__2024_2025,WAR,lr_basic,-2.5,-1.6981982603850099
Nathaniel Lowe__2024_2025,WAR,lr_basic,-3.2,-2.4540618738455477
Jonathan India__2024_2025,WAR,lr_basic,-3.2,-3.0148491941413273
Carlos Santana__2024_2025,WAR,lr_basic,-2.6,-2.561028953873073
Josh Smith__2024_2025,WAR,lr_basic,-1.1,-0.3344239955685966
Willi Castro__2024_2025,WAR,lr_basic,-2.3,-1.3140428535810087
Miguel Rojas__2024_2025,WAR,lr_basic,-1.1,-1.2881155393206007
Taylor Ward__2024_2025,WAR,lr_basic,0.1,-0.01947843657137846
Brandon Nimmo__2024_2025,WAR,lr_basic,0.2000000000000001,0.3374039512531979
Willson Contreras__2024_2025,WAR,lr_basic,0.0999999999999996,0.32076930937134984
Jordan Westburg__2024_2025,WAR,lr_basic,-0.8000000000000003,-0.5440057146457107
Adley Rutschman__2024_2025,WAR,lr_basic,-1.5000000000000002,-0.055675237538333935
Jeremy Pena__2024_2025,WAR,lr_basic,3.0,2.1365589179759823
Alejandro Kirk__2024_2025,WAR,lr_basic,2.0,1.860118534695132
Jacob Young__2024_2025,WAR,lr_basic,-1.7000000000000002,-0.4454569201780094
Andres Gimenez__2024_2025,WAR,lr_basic,-1.7000000000000002,-1.2621688275698992
Matt Olson__2024_2025,WAR,lr_basic,2.1,1.6298369837868076
Will Smith__2024_2025,WAR,lr_basic,1.4999999999999996,1.5571277791944995
Pete Crow-Armstrong__2024_2025,WAR,lr_basic,2.8000000000000003,2.2633531508532125
Brice Turang__2024_2025,WAR,lr_basic,1.8000000000000005,0.5676282433805923
Tyler O'Neill__2024_2025,WAR,lr_basic,-2.8,-1.3917199843973709
Jose Iglesias__2024_2025,WAR,lr_basic,-2.7,-2.817393830426339
Gabriel Moreno__2024_2025,WAR,lr_basic,0.2000000000000001,0.48177095305341
Otto Lopez__2024_2025,WAR,lr_basic,-0.2000000000000001,0.18259194912637813
Kerry Carpenter__2024_2025,WAR,lr_basic,-0.8999999999999999,-1.067243642831947
Austin Riley__2024_2025,WAR,lr_basic,-0.7,-1.294081598705286
Dylan Moore__2024_2025,WAR,lr_basic,-2.5,-2.5932382111830004
Heliot Ramos__2024_2025,WAR,lr_basic,-1.1999999999999995,-1.1083720084407516
Luke Raley__2024_2025,WAR,lr_basic,-2.1,-2.224097604467172
Josh Naylor__2024_2025,WAR,lr_basic,0.8000000000000003,1.004887567622796
Brandon Marsh__2024_2025,WAR,lr_basic,0.1,-0.032703448528570794
Xavier Edwards__2024_2025,WAR,lr_basic,0.2999999999999998,1.0162426782184992
Bryan Reynolds__2024_2025,WAR,lr_basic,-1.1,-0.2693913152056169
Brandon Lowe__2024_2025,WAR,lr_basic,-0.5000000000000002,-0.9722246634551147
Michael Busch__2024_2025,WAR,lr_basic,1.2999999999999998,2.255437511278949
Parker Meadows__2024_2025,WAR,lr_basic,-2.0,-1.5616715708907416
Ivan Herrera__2024_2025,WAR,lr_basic,0.6000000000000001,0.2311574389682611
Pete Alonso__2024_2025,WAR,lr_basic,1.5,1.44015261660675
Lourdes Gurriel Jr.__2024_2025,WAR,lr_basic,-1.4,-1.167545160364122
Cody Bellinger__2024_2025,WAR,lr_basic,2.8000000000000003,2.6820093077785057
Jake Cronenworth__2024_2025,WAR,lr_basic,0.7999999999999998,-0.6904581020422316
Logan O'Hoppe__2024_2025,WAR,lr_basic,-2.9000000000000004,-1.773700096739593
Cedric Mullins__2024_2025,WAR,lr_basic,-0.8,-0.8547840399362021
Ernie Clement__2024_2025,WAR,lr_basic,1.1,0.31373555141594023
Isiah Kiner-Falefa__2024_2025,WAR,lr_basic,-1.4,-1.6396037086832915
Matt Wallner__2024_2025,WAR,lr_basic,-0.6000000000000001,-1.5612047769786193
J.T. Realmuto__2024_2025,WAR,lr_basic,0.1,-0.2511468349271684
Shea Langeliers__2024_2025,WAR,lr_basic,1.9,2.0232456497433255
Michael Harris II__2024_2025,WAR,lr_basic,-0.6000000000000001,-1.0211200622062826
Randy Arozarena__2024_2025,WAR,lr_basic,0.8999999999999999,1.0335521800571366
Geraldo Perdomo__2024_2025,WAR,lr_basic,5.1,2.7712250442710333
Xander Bogaerts__2024_2025,WAR,lr_basic,1.2000000000000002,0.5527362377151214
Spencer Horwitz__2024_2025,WAR,lr_basic,-0.1999999999999999,-0.35181875910995586
Yandy Diaz__2024_2025,WAR,lr_basic,1.0,0.43630600559696386
Victor Caratini__2024_2025,WAR,lr_basic,-1.1,-1.252970245498405
Edmundo Sosa__2024_2025,WAR,lr_basic,-0.2999999999999998,-0.2204139162978017
Ryan McMahon__2024_2025,WAR,lr_basic,0.0,-0.8272122794787966
Francisco Alvarez__2024_2025,WAR,lr_basic,-0.0999999999999998,0.4940319716962418
Freddy Fermin__2024_2025,WAR,lr_basic,-0.8999999999999999,-1.2361296079841646
Jake Meyers__2024_2025,WAR,lr_basic,0.3999999999999999,0.9868165634076942
Josh Rojas__2024_2025,WAR,lr_basic,-3.2,-1.9556303439067388
Jose Caballero__2024_2025,WAR,lr_basic,0.2000000000000001,1.5362177257724288
CJ Abrams__2024_2025,WAR,lr_basic,1.3,1.3542664459428444
Travis d'Arnaud__2024_2025,WAR,lr_basic,-2.1,-3.2043248354644045
Gleyber Torres__2024_2025,WAR,lr_basic,0.8,1.8886806040738497
Paul DeJong__2024_2025,WAR,lr_basic,-1.6,-0.9226544723232736
Carson Kelly__2024_2025,WAR,lr_basic,0.9000000000000001,0.9588005526091072
Bryson Stott__2024_2025,WAR,lr_basic,1.3,0.75109553520485
Lars Nootbaar__2024_2025,WAR,lr_basic,-0.8999999999999999,-2.3106412661281976
Mike Yastrzemski__2024_2025,WAR,lr_basic,0.5999999999999999,1.1896040625804
Colt Keith__2024_2025,WAR,lr_basic,-0.0999999999999998,0.42401340933764353
Jose Trevino__2024_2025,WAR,lr_basic,-1.4,-0.9166487788212967
Randal Grichuk__2024_2025,WAR,lr_basic,-2.0,-1.5070282768697012
Ryan O'Hearn__2024_2025,WAR,lr_basic,1.4,-0.038614446415136186
Michael Massey__2024_2025,WAR,lr_basic,-2.0,-2.5396769329091695
Kyle Higashioka__2024_2025,WAR,lr_basic,-0.6000000000000001,-0.29401789315711724
Ryan Jeffers__2024_2025,WAR,lr_basic,0.5,0.6163319289596917
Jesus Sanchez__2024_2025,WAR,lr_basic,-0.6000000000000001,-0.6427013403691141
Spencer Steer__2024_2025,WAR,lr_basic,-0.6000000000000001,-1.021948331491775
J.P. Crawford__2024_2025,WAR,lr_basic,1.1999999999999995,-0.6131837052960477
Bo Naylor__2024_2025,WAR,lr_basic,-0.1,0.3854855153171348
Luis Rengifo__2024_2025,WAR,lr_basic,-1.5,-1.0923522548031037
Vinnie Pasquantino__2024_2025,WAR,lr_basic,0.0,-0.8772374815504349
Sal Frelick__2024_2025,WAR,lr_basic,2.1,1.7787955786402265
Kyle Isbel__2024_2025,WAR,lr_basic,-0.3999999999999999,-0.7640477388691422
Trevor Larnach__2024_2025,WAR,lr_basic,-1.2,-1.9117092572264962
Jake Burger__2024_2025,WAR,lr_basic,-1.5,-0.6816712945591942
Ryan Mountcastle__2024_2025,WAR,lr_basic,-1.7999999999999998,-1.4657479057938962
Gavin Lux__2024_2025,WAR,lr_basic,-1.1,-1.412590697432409
Rob Refsnyder__2024_2025,WAR,lr_basic,-0.3,1.4245581950069448
Joey Bart__2024_2025,WAR,lr_basic,0.0,-1.0567463783294442
James Wood__2024_2025,WAR,lr_basic,1.9,0.6213339898019599
LaMonte Wade Jr.__2024_2025,WAR,lr_basic,-2.9000000000000004,-3.0764918615863404
Michael Conforto__2024_2025,WAR,lr_basic,-1.9,-2.1861965884661467
Andy Pages__2024_2025,WAR,lr_basic,2.8,1.6633910248759518
Nick Gonzales__2024_2025,WAR,lr_basic,-0.4,-0.6359750949132325
Ozzie Albies__2024_2025,WAR,lr_basic,0.0,-0.9043313723449402
Jeff McNeil__2024_2025,WAR,lr_basic,0.8,1.2771407127928704
Max Schuemann__2024_2025,WAR,lr_basic,-0.7000000000000001,0.6942286647247193
Maikel Garcia__2024_2025,WAR,lr_basic,4.3,2.6719372782460042
Paul Goldschmidt__2024_2025,WAR,lr_basic,-0.3999999999999999,-0.13975849968776335
Harrison Bader__2024_2025,WAR,lr_basic,2.0,0.04992005680051531
Jorge Soler__2024_2025,WAR,lr_basic,-1.4,-1.08285134182542
Royce Lewis__2024_2025,WAR,lr_basic,-0.1,0.10821646975636554
Luis Arraez__2024_2025,WAR,lr_basic,-0.2,0.0943416989863829
George Springer__2024_2025,WAR,lr_basic,4.1,3.2876409464511673
Mauricio Dubon__2024_2025,WAR,lr_basic,1.1,1.6031053819463548
Brayan Rocchio__2024_2025,WAR,lr_basic,-0.7000000000000001,0.3106668513659291
Mike Tauchman__2024_2025,WAR,lr_basic,0.3999999999999999,-0.42703945289855827
Jake Fraley__2024_2025,WAR,lr_basic,-0.7,-0.032476557579322884
Tyrone Taylor__2024_2025,WAR,lr_basic,-0.1999999999999999,-0.6405390297746328
Josh Lowe__2024_2025,WAR,lr_basic,-1.1,-0.9330417816321337
Wenceel Perez__2024_2025,WAR,lr_basic,0.7,0.8406226831830739
Ceddanne Rafaela__2024_2025,WAR,lr_basic,2.8,4.015415504314576
Zach McKinstry__2024_2025,WAR,lr_basic,2.2,0.4365360141801212
Masataka Yoshida__2024_2025,WAR,lr_basic,-1.0,0.550190030116054
Ramon Laureano__2024_2025,WAR,lr_basic,2.1,2.2543636153377236
Ramon Urias__2024_2025,WAR,lr_basic,0.2,0.1598892098267874
Ronald Acuna Jr.__2024_2025,WAR,lr_basic,2.6,1.2611751626507852
Max Kepler__2024_2025,WAR,lr_basic,-0.3,0.4022490145174682
Giancarlo Stanton__2024_2025,WAR,lr_basic,1.1,0.9292742047003286
Sean Murphy__2024_2025,WAR,lr_basic,1.2,0.626925390194087
Orlando Arcia__2024_2025,WAR,lr_basic,-1.6,-1.2329168346030053
Alec Burleson__2024_2025,WAR,lr_basic,1.4,1.0985848978702528
Nolan Schanuel__2024_2025,WAR,lr_basic,0.7,1.0572338318435275
Abraham Toro__2024_2025,WAR,lr_basic,-1.4,-0.7004085896828776
Christian Vazquez__2024_2025,WAR,lr_basic,-0.3999999999999999,-1.1249878058907796
Starling Marte__2024_2025,WAR,lr_basic,0.0999999999999999,-0.45840565501060593
Danny Jansen__2024_2025,WAR,lr_basic,0.7000000000000001,0.24384295215176213
Luis Robert Jr.__2024_2025,WAR,lr_basic,0.7000000000000001,1.7348729687114317
Enrique Hernandez__2024_2025,WAR,lr_basic,-0.8,-1.1479476031465274
Alex Verdugo__2024_2025,WAR,lr_basic,-1.5,-1.181148578750193
Nick Fortes__2024_2025,WAR,lr_basic,0.4,0.42069474300149245
Andrew McCutchen__2024_2025,WAR,lr_basic,-0.6,0.04689164271250516
Elias Diaz__2024_2025,WAR,lr_basic,-0.0999999999999999,-0.8676411632953531
Trent Grisham__2024_2025,WAR,lr_basic,2.7,1.2630288964367367
Pedro Pages__2024_2025,WAR,lr_basic,1.1,0.1815906131816795
Kyle Farmer__2024_2025,WAR,lr_basic,-1.5,-1.0938074659846015
Michael Toglia__2024_2025,WAR,lr_basic,-2.6,-4.165762190550869
Miguel Andujar__2024_2025,WAR,lr_basic,0.7000000000000001,0.6982464313627732
Tyler Freeman__2024_2025,WAR,lr_basic,-1.1,0.4835320051967952
Davis Schneider__2024_2025,WAR,lr_basic,0.9,1.2973792059907512
Jared Triolo__2024_2025,WAR,lr_basic,1.1,1.6059781269258844
Michael A. Taylor__2024_2025,WAR,lr_basic,-0.5,-0.620093394191423
Tyler Soderstrom__2024_2025,WAR,lr_basic,3.1,1.7706290324841412
TJ Friedl__2024_2025,WAR,lr_basic,2.6,0.37021373722639284
Daniel Schneemann__2024_2025,WAR,lr_basic,1.0,1.47617225922509
Nolan Gorman__2024_2025,WAR,lr_basic,-0.5,-0.35450334821960383
Jorge Polanco__2024_2025,WAR,lr_basic,2.3000000000000003,3.455749958514666
Bo Bichette__2024_2025,WAR,lr_basic,3.5,2.193562250777983
Nick Castellanos__2024_2025,WAR,lr_basic,-0.8,-0.9459837538647862
Romy Gonzalez__2024_2025,WAR,lr_basic,1.3,1.1630390986770047
Rhys Hoskins__2024_2025,WAR,lr_basic,0.7,0.9966329426251831
Austin Hays__2024_2025,WAR,lr_basic,1.0,1.1972639417475253
Dominic Smith__2024_2025,WAR,lr_basic,0.2,0.05944998621644662
Ezequiel Duran__2024_2025,WAR,lr_basic,-0.2,-0.6521010878130065
Jo Adell__2024_2025,WAR,lr_basic,1.1,0.6347279392354885
Spencer Torkelson__2024_2025,WAR,lr_basic,2.2,1.8202002394757262
Jake Bauers__2024_2025,WAR,lr_basic,0.7000000000000001,2.0283083776691124
Mickey Moniak__2024_2025,WAR,lr_basic,0.5,1.7773414206149087
Lenyn Sosa__2024_2025,WAR,lr_basic,1.2999999999999998,0.7037361162093584
Ke'Bryan Hayes__2024_2025,WAR,lr_basic,1.2999999999999998,0.81772327899383
Santiago Espinal__2024_2025,WAR,lr_basic,-0.3,-0.5268453027870275
Edouard Julien__2024_2025,WAR,lr_basic,-0.8,0.3234371351610601
Jackson Holliday__2024_2025,WAR,lr_basic,1.2,0.7587563520775424
Josh Bell__2024_2025,WAR,lr_basic,0.2,1.650084542149908
Andrew Vaughn__2024_2025,WAR,lr_basic,0.7,1.6939801883257262
Andrew Benintendi__2024_2025,WAR,lr_basic,0.3,-0.35110578549996796
Adolis Garcia__2024_2025,WAR,lr_basic,0.7999999999999999,1.7071028453135009
Tommy Pham__2024_2025,WAR,lr_basic,0.3,0.41101340272966513
Jonah Heim__2024_2025,WAR,lr_basic,-0.4,-0.5084165439187752
Taylor Walls__2024_2025,WAR,lr_basic,0.5,1.3701822836469009
Keibert Ruiz__2024_2025,WAR,lr_basic,-0.7,-0.4041907470336593
Addison Barger__2024_2025,WAR,lr_basic,2.5,2.7284239294729766
Rowdy Tellez__2024_2025,WAR,lr_basic,0.5,0.3341201001091304
Mitch Garver__2024_2025,WAR,lr_basic,0.4,1.0136308751427083
Adam Frazier__2024_2025,WAR,lr_basic,1.2,0.2501432291053358
Will Benson__2024_2025,WAR,lr_basic,0.6,2.8631824671701818
Kyle Stowers__2024_2025,WAR,lr_basic,4.7,4.764723083852167
Wilmer Flores__2024_2025,WAR,lr_basic,0.4999999999999999,-0.4492818796762872
Javier Baez__2024_2025,WAR,lr_basic,2.1,0.6979410987686813
Ty France__2024_2025,WAR,lr_basic,1.7000000000000002,2.3139867301402512
Gavin Sheets__2024_2025,WAR,lr_basic,2.1,2.4977773014594518
Nolan Jones__2024_2025,WAR,lr_basic,0.4,0.11234303142339745
Christopher Morel__2024_2025,WAR,lr_basic,0.9,1.0703969472616577
Miguel Vargas__2024_2025,WAR,lr_basic,2.4,2.752575196082182
Dylan Carlson__2024_2025,WAR,lr_basic,0.7000000000000001,2.6682325392181854
Hunter Goodman__2024_2025,WAR,lr_basic,4.6,3.107359130765824
Noelvi Marte__2024_2025,WAR,lr_basic,2.5,3.5337356804174496
Aaron Judge__2024_2025,WAR,lr_extended,-1.200000000000001,-1.0212893467152249
Bobby Witt Jr.__2024_2025,WAR,lr_extended,-2.5,-1.304570762938921
Shohei Ohtani__2024_2025,WAR,lr_extended,-1.5,-2.740937703750058
Juan Soto__2024_2025,WAR,lr_extended,-2.500000000000001,-2.2596721362443244
Gunnar Henderson__2024_2025,WAR,lr_extended,-3.1000000000000005,-2.441858722683838
Francisco Lindor__2024_2025,WAR,lr_extended,-1.4000000000000004,-1.9486246704476244
Jarren Duran__2024_2025,WAR,lr_extended,-2.9,-2.2802241672364545
Elly De La Cruz__2024_2025,WAR,lr_extended,-2.3,-2.031935671076137
Jose Ramirez__2024_2025,WAR,lr_extended,-0.1000000000000005,-0.10580423498242056
Ketel Marte__2024_2025,WAR,lr_extended,-1.7000000000000002,-2.091216446550807
William Contreras__2024_2025,WAR,lr_extended,-1.9,-1.7933684210029825
Matt Chapman__2024_2025,WAR,lr_extended,-1.7999999999999998,-2.0816690877708393
Cal Raleigh__2024_2025,WAR,lr_extended,3.6999999999999993,1.995869378544285
Vladimir Guerrero Jr.__2024_2025,WAR,lr_extended,-1.4,-0.7766665714368225
Jackson Merrill__2024_2025,WAR,lr_extended,-2.3,-2.9744225851253914
Brent Rooker__2024_2025,WAR,lr_extended,-2.7,-1.5841450247743416
Bryce Harper__2024_2025,WAR,lr_extended,-1.5999999999999996,-1.165905646289294
Willy Adames__2024_2025,WAR,lr_extended,-0.7000000000000002,-0.531155422494441
Marcell Ozuna__2024_2025,WAR,lr_extended,-3.5,-2.8126385812784935
Corey Seager__2024_2025,WAR,lr_extended,-0.5999999999999996,-0.33676907380389615
Mookie Betts__2024_2025,WAR,lr_extended,-0.8999999999999999,-1.390473608364909
Jurickson Profar__2024_2025,WAR,lr_extended,-3.0,-1.6862679915910868
Corbin Carroll__2024_2025,WAR,lr_extended,2.2,1.5014982022955627
Marcus Semien__2024_2025,WAR,lr_extended,-2.2,-1.8693498091882794
Patrick Bailey__2024_2025,WAR,lr_extended,-1.0999999999999996,-2.5614197232894957
Kyle Tucker__2024_2025,WAR,lr_extended,0.2999999999999998,-1.7541223926819216
Carlos Correa__2024_2025,WAR,lr_extended,-1.6,-2.4831204861190797
Rafael Devers__2024_2025,WAR,lr_extended,-0.9000000000000004,-0.7998357344778237
Steven Kwan__2024_2025,WAR,lr_extended,-1.0,-0.8191066693936782
Alex Bregman__2024_2025,WAR,lr_extended,-0.7000000000000002,-0.13975821899724206
Dansby Swanson__2024_2025,WAR,lr_extended,-0.9000000000000004,-1.1107995972588451
Jazz Chisholm Jr.__2024_2025,WAR,lr_extended,0.4000000000000003,0.1080677267326633
Freddie Freeman__2024_2025,WAR,lr_extended,0.0,-0.9279151526443197
Riley Greene__2024_2025,WAR,lr_extended,-1.0,-1.4655982109138128
Trea Turner__2024_2025,WAR,lr_extended,2.8000000000000003,2.1539480988809823
Jackson Chourio__2024_2025,WAR,lr_extended,-1.0,-1.425418130460592
Jose Altuve__2024_2025,WAR,lr_extended,-1.7999999999999998,-0.3968614065232133
Eugenio Suarez__2024_2025,WAR,lr_extended,-0.1,-0.5090300520672867
Colton Cowser__2024_2025,WAR,lr_extended,-3.2,-2.1122715557762306
Julio Rodriguez__2024_2025,WAR,lr_extended,1.8000000000000005,1.333744227613194
Nico Hoerner__2024_2025,WAR,lr_extended,1.0,0.9930576568226319
Byron Buxton__2024_2025,WAR,lr_extended,1.2999999999999998,1.3327196956948244
Ezequiel Tovar__2024_2025,WAR,lr_extended,-2.9000000000000004,-1.220298070669157
Ian Happ__2024_2025,WAR,lr_extended,-0.8000000000000003,-0.1934200501540821
Oneil Cruz__2024_2025,WAR,lr_extended,-2.0,-0.5189304911053506
Brenton Doyle__2024_2025,WAR,lr_extended,-3.1,-1.5361963236711598
Masyn Winn__2024_2025,WAR,lr_extended,-0.1,0.6100702867319672
Seiya Suzuki__2024_2025,WAR,lr_extended,-0.8999999999999999,0.09792199820152231
Manny Machado__2024_2025,WAR,lr_extended,0.2999999999999998,-0.5153785088595355
Zach Neto__2024_2025,WAR,lr_extended,-0.3999999999999999,0.6294957253025161
Austin Wells__2024_2025,WAR,lr_extended,-0.5,-0.15329603850602708
Anthony Volpe__2024_2025,WAR,lr_extended,-2.5,-1.746921356728173
Teoscar Hernandez__2024_2025,WAR,lr_extended,-2.8,-1.120620865091638
Alec Bohm__2024_2025,WAR,lr_extended,-1.7,-1.0072021655909082
Kyle Schwarber__2024_2025,WAR,lr_extended,1.6000000000000003,1.2979070487270805
Fernando Tatis Jr.__2024_2025,WAR,lr_extended,2.8,0.24878522082314997
Salvador Perez__2024_2025,WAR,lr_extended,-2.8,-1.290450140614479
Isaac Paredes__2024_2025,WAR,lr_extended,-0.8999999999999999,1.0128761646842923
Anthony Santander__2024_2025,WAR,lr_extended,-4.1000000000000005,-3.9389597909453533
JJ Bleday__2024_2025,WAR,lr_extended,-3.3000000000000003,-2.068920595561306
Brendan Donovan__2024_2025,WAR,lr_extended,-0.3000000000000002,0.3066679572387118
Joey Ortiz__2024_2025,WAR,lr_extended,-1.8000000000000005,-1.5929888404535604
Nolan Arenado__2024_2025,WAR,lr_extended,-2.3000000000000003,-1.0767644578757603
Daulton Varsho__2024_2025,WAR,lr_extended,-1.0,0.4699688649752616
Lawrence Butler__2024_2025,WAR,lr_extended,-1.1,-2.2295476871243007
Christian Walker__2024_2025,WAR,lr_extended,-2.0,-2.868571096283013
Tyler Stephenson__2024_2025,WAR,lr_extended,-2.0,-1.8025423909089255
Wilyer Abreu__2024_2025,WAR,lr_extended,-0.7000000000000002,0.06150693059084228
Wyatt Langford__2024_2025,WAR,lr_extended,0.9999999999999996,0.5063040064104328
Christian Yelich__2024_2025,WAR,lr_extended,-0.6000000000000001,-2.66965992000385
Joc Pederson__2024_2025,WAR,lr_extended,-3.8,-3.0599985908602116
Tyler Fitzgerald__2024_2025,WAR,lr_extended,-2.9,-2.849635233520602
Yainer Diaz__2024_2025,WAR,lr_extended,-1.4,-0.6515663187510121
Luis Garcia Jr.__2024_2025,WAR,lr_extended,-2.3,-1.4181966892344096
Jake McCarthy__2024_2025,WAR,lr_extended,-3.1,-1.6014377973107792
Mark Vientos__2024_2025,WAR,lr_extended,-2.5,-1.807145430824466
Nathaniel Lowe__2024_2025,WAR,lr_extended,-3.2,-2.4313598173802218
Jonathan India__2024_2025,WAR,lr_extended,-3.2,-2.9553761569588275
Carlos Santana__2024_2025,WAR,lr_extended,-2.6,-2.527030062205106
Josh Smith__2024_2025,WAR,lr_extended,-1.1,-0.25348335720032245
Willi Castro__2024_2025,WAR,lr_extended,-2.3,-1.1897709386711814
Miguel Rojas__2024_2025,WAR,lr_extended,-1.1,-1.5147716283468735
Taylor Ward__2024_2025,WAR,lr_extended,0.1,0.11816040875417855
Brandon Nimmo__2024_2025,WAR,lr_extended,0.2000000000000001,0.41211541345941916
Willson Contreras__2024_2025,WAR,lr_extended,0.0999999999999996,0.38032228655301725
Jordan Westburg__2024_2025,WAR,lr_extended,-0.8000000000000003,-0.45980451049126664
Adley Rutschman__2024_2025,WAR,lr_extended,-1.5000000000000002,-0.04702612500825258
Jeremy Pena__2024_2025,WAR,lr_extended,3.0,1.9839208660833199
Alejandro Kirk__2024_2025,WAR,lr_extended,2.0,1.9485543272910661
Jacob Young__2024_2025,WAR,lr_extended,-1.7000000000000002,-0.47406924827010016
Andres Gimenez__2024_2025,WAR,lr_extended,-1.7000000000000002,-1.4621272867433281
Matt Olson__2024_2025,WAR,lr_extended,2.1,1.6841947828834982
Will Smith__2024_2025,WAR,lr_extended,1.4999999999999996,1.7114358440119828
Pete Crow-Armstrong__2024_2025,WAR,lr_extended,2.8000000000000003,2.3283316111913965
Brice Turang__2024_2025,WAR,lr_extended,1.8000000000000005,-0.10950639582790223
Tyler O'Neill__2024_2025,WAR,lr_extended,-2.8,-1.7353872723314399
Jose Iglesias__2024_2025,WAR,lr_extended,-2.7,-3.01605521061253
Gabriel Moreno__2024_2025,WAR,lr_extended,0.2000000000000001,0.4811352462252275
Otto Lopez__2024_2025,WAR,lr_extended,-0.2000000000000001,0.11198268541398082
Kerry Carpenter__2024_2025,WAR,lr_extended,-0.8999999999999999,-1.0201394619082378
Austin Riley__2024_2025,WAR,lr_extended,-0.7,-1.1820253348790932
Dylan Moore__2024_2025,WAR,lr_extended,-2.5,-2.489797310450018
Heliot Ramos__2024_2025,WAR,lr_extended,-1.1999999999999995,-1.0117277323453981
Luke Raley__2024_2025,WAR,lr_extended,-2.1,-2.1223021189071583
Josh Naylor__2024_2025,WAR,lr_extended,0.8000000000000003,0.8981253226765797
Brandon Marsh__2024_2025,WAR,lr_extended,0.1,-0.027279764365941372
Xavier Edwards__2024_2025,WAR,lr_extended,0.2999999999999998,0.8155407406668169
Bryan Reynolds__2024_2025,WAR,lr_extended,-1.1,-0.3443512389527453
Brandon Lowe__2024_2025,WAR,lr_extended,-0.5000000000000002,-0.7205330403828614
Michael Busch__2024_2025,WAR,lr_extended,1.2999999999999998,2.296717423208035
Parker Meadows__2024_2025,WAR,lr_extended,-2.0,-1.3644710197163834
Ivan Herrera__2024_2025,WAR,lr_extended,0.6000000000000001,0.2795781327164124
Pete Alonso__2024_2025,WAR,lr_extended,1.5,1.6973211753252315
Lourdes Gurriel Jr.__2024_2025,WAR,lr_extended,-1.4,-1.0833686663441005
Cody Bellinger__2024_2025,WAR,lr_extended,2.8000000000000003,2.618898206910287
Jake Cronenworth__2024_2025,WAR,lr_extended,0.7999999999999998,-0.5563865643041386
Logan O'Hoppe__2024_2025,WAR,lr_extended,-2.9000000000000004,-1.6481322850353624
Cedric Mullins__2024_2025,WAR,lr_extended,-0.8,-0.8222454287528349
Ernie Clement__2024_2025,WAR,lr_extended,1.1,0.27439774976715225
Isiah Kiner-Falefa__2024_2025,WAR,lr_extended,-1.4,-1.4562574368443189
Matt Wallner__2024_2025,WAR,lr_extended,-0.6000000000000001,-1.4717265004118034
J.T. Realmuto__2024_2025,WAR,lr_extended,0.1,-0.24249936048892407
Shea Langeliers__2024_2025,WAR,lr_extended,1.9,1.9004487343503802
Michael Harris II__2024_2025,WAR,lr_extended,-0.6000000000000001,-0.8749791389919952
Randy Arozarena__2024_2025,WAR,lr_extended,0.8999999999999999,1.002109943420243
Geraldo Perdomo__2024_2025,WAR,lr_extended,5.1,2.8215239754458175
Xander Bogaerts__2024_2025,WAR,lr_extended,1.2000000000000002,0.5756058000261727
Spencer Horwitz__2024_2025,WAR,lr_extended,-0.1999999999999999,-0.2723664171162081
Yandy Diaz__2024_2025,WAR,lr_extended,1.0,0.4781689050280842
Victor Caratini__2024_2025,WAR,lr_extended,-1.1,-1.3505203692784251
Edmundo Sosa__2024_2025,WAR,lr_extended,-0.2999999999999998,-0.1495451849743692
Ryan McMahon__2024_2025,WAR,lr_extended,0.0,-0.5698035601942004
Francisco Alvarez__2024_2025,WAR,lr_extended,-0.0999999999999998,0.5518644512710206
Freddy Fermin__2024_2025,WAR,lr_extended,-0.8999999999999999,-1.1305641670174347
Jake Meyers__2024_2025,WAR,lr_extended,0.3999999999999999,0.9091132405577975
Josh Rojas__2024_2025,WAR,lr_extended,-3.2,-1.9493218966135781
Jose Caballero__2024_2025,WAR,lr_extended,0.2000000000000001,1.2248903315748774
CJ Abrams__2024_2025,WAR,lr_extended,1.3,1.2444422902021686
Travis d'Arnaud__2024_2025,WAR,lr_extended,-2.1,-2.903782764450612
Gleyber Torres__2024_2025,WAR,lr_extended,0.8,1.8639063246948184
Paul DeJong__2024_2025,WAR,lr_extended,-1.6,-0.9806993980010663
Carson Kelly__2024_2025,WAR,lr_extended,0.9000000000000001,0.8504909556383291
Bryson Stott__2024_2025,WAR,lr_extended,1.3,0.7461748570372748
Lars Nootbaar__2024_2025,WAR,lr_extended,-0.8999999999999999,-2.3124513336434847
Mike Yastrzemski__2024_2025,WAR,lr_extended,0.5999999999999999,1.2207122530528056
Colt Keith__2024_2025,WAR,lr_extended,-0.0999999999999998,0.3214578951689905
Jose Trevino__2024_2025,WAR,lr_extended,-1.4,-0.864825423576
Randal Grichuk__2024_2025,WAR,lr_extended,-2.0,-1.4549422211346557
Ryan O'Hearn__2024_2025,WAR,lr_extended,1.4,-0.07154502292016539
Michael Massey__2024_2025,WAR,lr_extended,-2.0,-2.3660758757318767
Kyle Higashioka__2024_2025,WAR,lr_extended,-0.6000000000000001,-0.26781578730333155
Ryan Jeffers__2024_2025,WAR,lr_extended,0.5,0.5799081576116054
Jesus Sanchez__2024_2025,WAR,lr_extended,-0.6000000000000001,-0.7083644393926068
Spencer Steer__2024_2025,WAR,lr_extended,-0.6000000000000001,-1.0040762426440706
J.P. Crawford__2024_2025,WAR,lr_extended,1.1999999999999995,-0.5494681073290344
Bo Naylor__2024_2025,WAR,lr_extended,-0.1,0.23635566680269393
Luis Rengifo__2024_2025,WAR,lr_extended,-1.5,-1.100827471985509
Vinnie Pasquantino__2024_2025,WAR,lr_extended,0.0,-0.78799019319856
Sal Frelick__2024_2025,WAR,lr_extended,2.1,1.46578967125592
Kyle Isbel__2024_2025,WAR,lr_extended,-0.3999999999999999,-0.6961051640619277
Trevor Larnach__2024_2025,WAR,lr_extended,-1.2,-1.7519193520872587
Jake Burger__2024_2025,WAR,lr_extended,-1.5,-0.5971306340395621
Ryan Mountcastle__2024_2025,WAR,lr_extended,-1.7999999999999998,-1.385325008583594
Gavin Lux__2024_2025,WAR,lr_extended,-1.1,-1.1797662443230514
Rob Refsnyder__2024_2025,WAR,lr_extended,-0.3,1.4468866164435195
Joey Bart__2024_2025,WAR,lr_extended,0.0,-0.9600179593870128
James Wood__2024_2025,WAR,lr_extended,1.9,0.9626958013699374
LaMonte Wade Jr.__2024_2025,WAR,lr_extended,-2.9000000000000004,-3.0291580814671866
Michael Conforto__2024_2025,WAR,lr_extended,-1.9,-2.1108535823340966
Andy Pages__2024_2025,WAR,lr_extended,2.8,1.728266259067659
Nick Gonzales__2024_2025,WAR,lr_extended,-0.4,-0.5090897027655554
Ozzie Albies__2024_2025,WAR,lr_extended,0.0,-0.8331985286010423
Jeff McNeil__2024_2025,WAR,lr_extended,0.8,1.148441717137225
Max Schuemann__2024_2025,WAR,lr_extended,-0.7000000000000001,0.8127765219266041
Maikel Garcia__2024_2025,WAR,lr_extended,4.3,2.3858189773984453
Paul Goldschmidt__2024_2025,WAR,lr_extended,-0.3999999999999999,-0.12451178010437386
Harrison Bader__2024_2025,WAR,lr_extended,2.0,0.05733181672193016
Jorge Soler__2024_2025,WAR,lr_extended,-1.4,-1.1661183315704917
Royce Lewis__2024_2025,WAR,lr_extended,-0.1,0.14288704621577214
Luis Arraez__2024_2025,WAR,lr_extended,-0.2,-0.14582154428821345
George Springer__2024_2025,WAR,lr_extended,4.1,3.2012517110870657
Mauricio Dubon__2024_2025,WAR,lr_extended,1.1,1.4390183234226053
Brayan Rocchio__2024_2025,WAR,lr_extended,-0.7000000000000001,0.12473154586315105
Mike Tauchman__2024_2025,WAR,lr_extended,0.3999999999999999,-0.3588713212959703
Jake Fraley__2024_2025,WAR,lr_extended,-0.7,-0.29782311521086485
Tyrone Taylor__2024_2025,WAR,lr_extended,-0.1999999999999999,-0.4511071526437593
Josh Lowe__2024_2025,WAR,lr_extended,-1.1,-0.8001858958881582
Wenceel Perez__2024_2025,WAR,lr_extended,0.7,0.7697685877045671
Ceddanne Rafaela__2024_2025,WAR,lr_extended,2.8,3.567290413857271
Zach McKinstry__2024_2025,WAR,lr_extended,2.2,0.3642880148098193
Masataka Yoshida__2024_2025,WAR,lr_extended,-1.0,0.3677869703851049
Ramon Laureano__2024_2025,WAR,lr_extended,2.1,2.114004489894442
Ramon Urias__2024_2025,WAR,lr_extended,0.2,0.18576193194317853
Ronald Acuna Jr.__2024_2025,WAR,lr_extended,2.6,1.427306660564067
Max Kepler__2024_2025,WAR,lr_extended,-0.3,0.28390644145241284
Giancarlo Stanton__2024_2025,WAR,lr_extended,1.1,1.0675532334295597
Sean Murphy__2024_2025,WAR,lr_extended,1.2,0.8894891825117262
Orlando Arcia__2024_2025,WAR,lr_extended,-1.6,-1.0273272058118355
Alec Burleson__2024_2025,WAR,lr_extended,1.4,0.9705716787970136
Nolan Schanuel__2024_2025,WAR,lr_extended,0.7,0.921520132655012
Abraham Toro__2024_2025,WAR,lr_extended,-1.4,-0.6453035428424633
Christian Vazquez__2024_2025,WAR,lr_extended,-0.3999999999999999,-1.243874294869219
Starling Marte__2024_2025,WAR,lr_extended,0.0999999999999999,-0.4855990600211455
Danny Jansen__2024_2025,WAR,lr_extended,0.7000000000000001,0.1800913141536173
Luis Robert Jr.__2024_2025,WAR,lr_extended,0.7000000000000001,1.5539499887354729
Enrique Hernandez__2024_2025,WAR,lr_extended,-0.8,-0.9463858990030112
Alex Verdugo__2024_2025,WAR,lr_extended,-1.5,-1.1095736008497181
Nick Fortes__2024_2025,WAR,lr_extended,0.4,-0.07852835728243748
Andrew McCutchen__2024_2025,WAR,lr_extended,-0.6,0.11843307302037831
Elias Diaz__2024_2025,WAR,lr_extended,-0.0999999999999999,-0.8289693239189561
Trent Grisham__2024_2025,WAR,lr_extended,2.7,1.3524660192741627
Pedro Pages__2024_2025,WAR,lr_extended,1.1,0.40156325559617123
Kyle Farmer__2024_2025,WAR,lr_extended,-1.5,-1.0484923499024443
Michael Toglia__2024_2025,WAR,lr_extended,-2.6,-4.026984115831994
Miguel Andujar__2024_2025,WAR,lr_extended,0.7000000000000001,0.575328473142477
Tyler Freeman__2024_2025,WAR,lr_extended,-1.1,0.607448497720341
Davis Schneider__2024_2025,WAR,lr_extended,0.9,1.2889982501155257
Jared Triolo__2024_2025,WAR,lr_extended,1.1,1.5529182820374103
Michael A. Taylor__2024_2025,WAR,lr_extended,-0.5,-0.6213304671653554
Tyler Soderstrom__2024_2025,WAR,lr_extended,3.1,1.7332747065375302
TJ Friedl__2024_2025,WAR,lr_extended,2.6,0.49518182125022303
Daniel Schneemann__2024_2025,WAR,lr_extended,1.0,1.4969549386541776
Nolan Gorman__2024_2025,WAR,lr_extended,-0.5,-0.3931679417640447
Jorge Polanco__2024_2025,WAR,lr_extended,2.3000000000000003,3.15672967321391
Bo Bichette__2024_2025,WAR,lr_extended,3.5,1.9848315466580095
Nick Castellanos__2024_2025,WAR,lr_extended,-0.8,-0.905828571724797
Romy Gonzalez__2024_2025,WAR,lr_extended,1.3,1.2431276000587346
Rhys Hoskins__2024_2025,WAR,lr_extended,0.7,0.9201595013302832
Austin Hays__2024_2025,WAR,lr_extended,1.0,1.0496326990135707
Dominic Smith__2024_2025,WAR,lr_extended,0.2,0.09107521485354098
Ezequiel Duran__2024_2025,WAR,lr_extended,-0.2,-0.5545713309259845
Jo Adell__2024_2025,WAR,lr_extended,1.1,0.8026589035295256
Spencer Torkelson__2024_2025,WAR,lr_extended,2.2,1.7376619295670004
Jake Bauers__2024_2025,WAR,lr_extended,0.7000000000000001,1.923011413613452
Mickey Moniak__2024_2025,WAR,lr_extended,0.5,1.5731024983983881
Lenyn Sosa__2024_2025,WAR,lr_extended,1.2999999999999998,0.6441838144867217
Ke'Bryan Hayes__2024_2025,WAR,lr_extended,1.2999999999999998,1.014249576968343
Santiago Espinal__2024_2025,WAR,lr_extended,-0.3,-0.4024065047334507
Edouard Julien__2024_2025,WAR,lr_extended,-0.8,0.3167312202067715
Jackson Holliday__2024_2025,WAR,lr_extended,1.2,0.5215705856634162
Josh Bell__2024_2025,WAR,lr_extended,0.2,1.6141854895594143
Andrew Vaughn__2024_2025,WAR,lr_extended,0.7,1.552366796231723
Andrew Benintendi__2024_2025,WAR,lr_extended,0.3,-0.31819759870611486
Adolis Garcia__2024_2025,WAR,lr_extended,0.7999999999999999,1.339854437448409
Tommy Pham__2024_2025,WAR,lr_extended,0.3,0.4831353239238787
Jonah Heim__2024_2025,WAR,lr_extended,-0.4,-0.5336802611965976
Taylor Walls__2024_2025,WAR,lr_extended,0.5,1.1257469129907365
Keibert Ruiz__2024_2025,WAR,lr_extended,-0.7,-0.33865927262471573
Addison Barger__2024_2025,WAR,lr_extended,2.5,2.6405477691707677
Rowdy Tellez__2024_2025,WAR,lr_extended,0.5,0.38710652385294364
Mitch Garver__2024_2025,WAR,lr_extended,0.4,0.8547255826258153
Adam Frazier__2024_2025,WAR,lr_extended,1.2,0.33369032430514955
Will Benson__2024_2025,WAR,lr_extended,0.6,2.401470575076547
Kyle Stowers__2024_2025,WAR,lr_extended,4.7,4.277986672582577
Wilmer Flores__2024_2025,WAR,lr_extended,0.4999999999999999,-0.5624304588579571
Javier Baez__2024_2025,WAR,lr_extended,2.1,0.8076969467177942
Ty France__2024_2025,WAR,lr_extended,1.7000000000000002,1.9731321472820558
Gavin Sheets__2024_2025,WAR,lr_extended,2.1,2.176414744331475
Nolan Jones__2024_2025,WAR,lr_extended,0.4,0.13460386668175456
Christopher Morel__2024_2025,WAR,lr_extended,0.9,1.047829714527378
Miguel Vargas__2024_2025,WAR,lr_extended,2.4,2.388263898221913
Dylan Carlson__2024_2025,WAR,lr_extended,0.7000000000000001,2.2346869734083636
Hunter Goodman__2024_2025,WAR,lr_extended,4.6,2.8546463495814693
Noelvi Marte__2024_2025,WAR,lr_extended,2.5,3.031842525795331
Aaron Judge__2024_2025,WAR,knn_k10,-1.200000000000001,-4.700000000000001
Bobby Witt Jr.__2024_2025,WAR,knn_k10,-2.5,-4.180000000000001
Shohei Ohtani__2024_2025,WAR,knn_k10,-1.5,-2.2200000000000006
Juan Soto__2024_2025,WAR,knn_k10,-2.500000000000001,-2.9700000000000006
Gunnar Henderson__2024_2025,WAR,knn_k10,-3.1000000000000005,-4.34
Francisco Lindor__2024_2025,WAR,knn_k10,-1.4000000000000004,-2.3
Jarren Duran__2024_2025,WAR,knn_k10,-2.9,-4.18
Elly De La Cruz__2024_2025,WAR,knn_k10,-2.3,-3.8199999999999994
Jose Ramirez__2024_2025,WAR,knn_k10,-0.1000000000000005,-0.9100000000000001
Ketel Marte__2024_2025,WAR,knn_k10,-1.7000000000000002,-2.1599999999999993
William Contreras__2024_2025,WAR,knn_k10,-1.9,-3.03
Matt Chapman__2024_2025,WAR,knn_k10,-1.7999999999999998,-2.63
Cal Raleigh__2024_2025,WAR,knn_k10,3.6999999999999993,-1.4999999999999996
Vladimir Guerrero Jr.__2024_2025,WAR,knn_k10,-1.4,-2.01
Jackson Merrill__2024_2025,WAR,knn_k10,-2.3,-4.199999999999999
Brent Rooker__2024_2025,WAR,knn_k10,-2.7,-3.4599999999999995
Bryce Harper__2024_2025,WAR,knn_k10,-1.5999999999999996,-3.11
Willy Adames__2024_2025,WAR,knn_k10,-0.7000000000000002,-2.88
Marcell Ozuna__2024_2025,WAR,knn_k10,-3.5,-4.13
Corey Seager__2024_2025,WAR,knn_k10,-0.5999999999999996,-1.0099999999999998
Mookie Betts__2024_2025,WAR,knn_k10,-0.8999999999999999,-1.9000000000000004
Jurickson Profar__2024_2025,WAR,knn_k10,-3.0,-2.64
Corbin Carroll__2024_2025,WAR,knn_k10,2.2,1.0499999999999998
Marcus Semien__2024_2025,WAR,knn_k10,-2.2,-3.1599999999999997
Patrick Bailey__2024_2025,WAR,knn_k10,-1.0999999999999996,-1.7599999999999998
Kyle Tucker__2024_2025,WAR,knn_k10,0.2999999999999998,-0.6499999999999995
Carlos Correa__2024_2025,WAR,knn_k10,-1.6,-2.19
Rafael Devers__2024_2025,WAR,knn_k10,-0.9000000000000004,-2.2100000000000004
Steven Kwan__2024_2025,WAR,knn_k10,-1.0,-2.3699999999999997
Alex Bregman__2024_2025,WAR,knn_k10,-0.7000000000000002,-1.3700000000000006
Dansby Swanson__2024_2025,WAR,knn_k10,-0.9000000000000004,-2.5700000000000003
Jazz Chisholm Jr.__2024_2025,WAR,knn_k10,0.4000000000000003,-1.17
Freddie Freeman__2024_2025,WAR,knn_k10,0.0,-1.7400000000000002
Riley Greene__2024_2025,WAR,knn_k10,-1.0,-1.9
Trea Turner__2024_2025,WAR,knn_k10,2.8000000000000003,1.23
Jackson Chourio__2024_2025,WAR,knn_k10,-1.0,-2.25
Jose Altuve__2024_2025,WAR,knn_k10,-1.7999999999999998,-2.79
Eugenio Suarez__2024_2025,WAR,knn_k10,-0.1,-2.36
Colton Cowser__2024_2025,WAR,knn_k10,-3.2,-2.44
Julio Rodriguez__2024_2025,WAR,knn_k10,1.8000000000000005,0.3499999999999992
Nico Hoerner__2024_2025,WAR,knn_k10,1.0,-1.0499999999999998
Byron Buxton__2024_2025,WAR,knn_k10,1.2999999999999998,0.7199999999999998
Ezequiel Tovar__2024_2025,WAR,knn_k10,-2.9000000000000004,-3.2600000000000002
Ian Happ__2024_2025,WAR,knn_k10,-0.8000000000000003,-1.4800000000000004
Oneil Cruz__2024_2025,WAR,knn_k10,-2.0,-0.8900000000000001
Brenton Doyle__2024_2025,WAR,knn_k10,-3.1,-1.97
Masyn Winn__2024_2025,WAR,knn_k10,-0.1,-1.3900000000000001
Seiya Suzuki__2024_2025,WAR,knn_k10,-0.8999999999999999,-0.56
Manny Machado__2024_2025,WAR,knn_k10,0.2999999999999998,-1.5400000000000003
Zach Neto__2024_2025,WAR,knn_k10,-0.3999999999999999,-1.75
Austin Wells__2024_2025,WAR,knn_k10,-0.5,-0.69
Anthony Volpe__2024_2025,WAR,knn_k10,-2.5,-2.9
Teoscar Hernandez__2024_2025,WAR,knn_k10,-2.8,-2.94
Alec Bohm__2024_2025,WAR,knn_k10,-1.7,-1.8099999999999998
Kyle Schwarber__2024_2025,WAR,knn_k10,1.6000000000000003,0.8700000000000001
Fernando Tatis Jr.__2024_2025,WAR,knn_k10,2.8,1.790000000000001
Salvador Perez__2024_2025,WAR,knn_k10,-2.8,-2.5999999999999996
Isaac Paredes__2024_2025,WAR,knn_k10,-0.8999999999999999,-2.09
Anthony Santander__2024_2025,WAR,knn_k10,-4.1000000000000005,-3.6500000000000004
JJ Bleday__2024_2025,WAR,knn_k10,-3.3000000000000003,-3.0700000000000003
Brendan Donovan__2024_2025,WAR,knn_k10,-0.3000000000000002,-1.04
Joey Ortiz__2024_2025,WAR,knn_k10,-1.8000000000000005,-1.9200000000000002
Nolan Arenado__2024_2025,WAR,knn_k10,-2.3000000000000003,-2.18
Daulton Varsho__2024_2025,WAR,knn_k10,-1.0,-0.9300000000000002
Lawrence Butler__2024_2025,WAR,knn_k10,-1.1,-1.4600000000000002
Christian Walker__2024_2025,WAR,knn_k10,-2.0,-2.8000000000000003
Tyler Stephenson__2024_2025,WAR,knn_k10,-2.0,-2.17
Wilyer Abreu__2024_2025,WAR,knn_k10,-0.7000000000000002,-0.54
Wyatt Langford__2024_2025,WAR,knn_k10,0.9999999999999996,0.2200000000000002
Christian Yelich__2024_2025,WAR,knn_k10,-0.6000000000000001,-1.28
Joc Pederson__2024_2025,WAR,knn_k10,-3.8,-2.32
Tyler Fitzgerald__2024_2025,WAR,knn_k10,-2.9,-3.49
Yainer Diaz__2024_2025,WAR,knn_k10,-1.4,-1.47
Luis Garcia Jr.__2024_2025,WAR,knn_k10,-2.3,-1.81
Jake McCarthy__2024_2025,WAR,knn_k10,-3.1,-2.25
Mark Vientos__2024_2025,WAR,knn_k10,-2.5,-2.9
Nathaniel Lowe__2024_2025,WAR,knn_k10,-3.2,-2.77
Jonathan India__2024_2025,WAR,knn_k10,-3.2,-2.52
Carlos Santana__2024_2025,WAR,knn_k10,-2.6,-2.3
Josh Smith__2024_2025,WAR,knn_k10,-1.1,-2.27
Willi Castro__2024_2025,WAR,knn_k10,-2.3,-3.12
Miguel Rojas__2024_2025,WAR,knn_k10,-1.1,-0.8200000000000001
Taylor Ward__2024_2025,WAR,knn_k10,0.1,-0.5700000000000003
Brandon Nimmo__2024_2025,WAR,knn_k10,0.2000000000000001,0.3100000000000005
Willson Contreras__2024_2025,WAR,knn_k10,0.0999999999999996,-0.6900000000000004
Jordan Westburg__2024_2025,WAR,knn_k10,-0.8000000000000003,-1.1900000000000004
Adley Rutschman__2024_2025,WAR,knn_k10,-1.5000000000000002,-0.71
Jeremy Pena__2024_2025,WAR,knn_k10,3.0,0.3900000000000001
Alejandro Kirk__2024_2025,WAR,knn_k10,2.0,2.33
Jacob Young__2024_2025,WAR,knn_k10,-1.7000000000000002,-1.1500000000000001
Andres Gimenez__2024_2025,WAR,knn_k10,-1.7000000000000002,-1.61
Matt Olson__2024_2025,WAR,knn_k10,2.1,0.8500000000000001
Will Smith__2024_2025,WAR,knn_k10,1.4999999999999996,-0.1299999999999999
Pete Crow-Armstrong__2024_2025,WAR,knn_k10,2.8000000000000003,1.15
Brice Turang__2024_2025,WAR,knn_k10,1.8000000000000005,0.06000000000000005
Tyler O'Neill__2024_2025,WAR,knn_k10,-2.8,-2.16
Jose Iglesias__2024_2025,WAR,knn_k10,-2.7,-2.78
Gabriel Moreno__2024_2025,WAR,knn_k10,0.2000000000000001,0.33000000000000007
Otto Lopez__2024_2025,WAR,knn_k10,-0.2000000000000001,0.5499999999999998
Kerry Carpenter__2024_2025,WAR,knn_k10,-0.8999999999999999,-1.11
Austin Riley__2024_2025,WAR,knn_k10,-0.7,-1.19
Dylan Moore__2024_2025,WAR,knn_k10,-2.5,-2.4099999999999997
Heliot Ramos__2024_2025,WAR,knn_k10,-1.1999999999999995,-1.43
Luke Raley__2024_2025,WAR,knn_k10,-2.1,-2.5399999999999996
Josh Naylor__2024_2025,WAR,knn_k10,0.8000000000000003,1.2100000000000004
Brandon Marsh__2024_2025,WAR,knn_k10,0.1,0.09999999999999964
Xavier Edwards__2024_2025,WAR,knn_k10,0.2999999999999998,-0.7200000000000002
Bryan Reynolds__2024_2025,WAR,knn_k10,-1.1,-1.28
Brandon Lowe__2024_2025,WAR,knn_k10,-0.5000000000000002,-1.5300000000000002
Michael Busch__2024_2025,WAR,knn_k10,1.2999999999999998,0.8500000000000001
Parker Meadows__2024_2025,WAR,knn_k10,-2.0,-1.4900000000000002
Ivan Herrera__2024_2025,WAR,knn_k10,0.6000000000000001,0.6000000000000001
Pete Alonso__2024_2025,WAR,knn_k10,1.5,0.8599999999999999
Lourdes Gurriel Jr.__2024_2025,WAR,knn_k10,-1.4,-0.95
Cody Bellinger__2024_2025,WAR,knn_k10,2.8000000000000003,2.65
Jake Cronenworth__2024_2025,WAR,knn_k10,0.7999999999999998,-0.050000000000000266
Logan O'Hoppe__2024_2025,WAR,knn_k10,-2.9000000000000004,-2.23
Cedric Mullins__2024_2025,WAR,knn_k10,-0.8,-1.2300000000000002
Ernie Clement__2024_2025,WAR,knn_k10,1.1,-0.8600000000000001
Isiah Kiner-Falefa__2024_2025,WAR,knn_k10,-1.4,-0.9200000000000002
Matt Wallner__2024_2025,WAR,knn_k10,-0.6000000000000001,-1.29
J.T. Realmuto__2024_2025,WAR,knn_k10,0.1,-1.0799999999999998
Shea Langeliers__2024_2025,WAR,knn_k10,1.9,0.6800000000000002
Michael Harris II__2024_2025,WAR,knn_k10,-0.6000000000000001,0.2599999999999998
Randy Arozarena__2024_2025,WAR,knn_k10,0.8999999999999999,-0.4099999999999999
Geraldo Perdomo__2024_2025,WAR,knn_k10,5.1,1.44
Xander Bogaerts__2024_2025,WAR,knn_k10,1.2000000000000002,1.17
Spencer Horwitz__2024_2025,WAR,knn_k10,-0.1999999999999999,-0.55
Yandy Diaz__2024_2025,WAR,knn_k10,1.0,1.4600000000000004
Victor Caratini__2024_2025,WAR,knn_k10,-1.1,-1.21
Edmundo Sosa__2024_2025,WAR,knn_k10,-0.2999999999999998,-0.8499999999999999
Ryan McMahon__2024_2025,WAR,knn_k10,0.0,0.060000000000000275
Francisco Alvarez__2024_2025,WAR,knn_k10,-0.0999999999999998,-0.14000000000000012
Freddy Fermin__2024_2025,WAR,knn_k10,-0.8999999999999999,-1.23
Jake Meyers__2024_2025,WAR,knn_k10,0.3999999999999999,0.13000000000000034
Josh Rojas__2024_2025,WAR,knn_k10,-3.2,-2.26
Jose Caballero__2024_2025,WAR,knn_k10,0.2000000000000001,-0.5399999999999998
CJ Abrams__2024_2025,WAR,knn_k10,1.3,0.6199999999999999
Travis d'Arnaud__2024_2025,WAR,knn_k10,-2.1,-2.59
Gleyber Torres__2024_2025,WAR,knn_k10,0.8,0.6399999999999999
Paul DeJong__2024_2025,WAR,knn_k10,-1.6,-2.08
Carson Kelly__2024_2025,WAR,knn_k10,0.9000000000000001,0.30999999999999983
Bryson Stott__2024_2025,WAR,knn_k10,1.3,1.01
Lars Nootbaar__2024_2025,WAR,knn_k10,-0.8999999999999999,-0.95
Mike Yastrzemski__2024_2025,WAR,knn_k10,0.5999999999999999,0.11999999999999988
Colt Keith__2024_2025,WAR,knn_k10,-0.0999999999999998,-0.31999999999999984
Jose Trevino__2024_2025,WAR,knn_k10,-1.4,-0.6399999999999999
Randal Grichuk__2024_2025,WAR,knn_k10,-2.0,-0.26000000000000023
Ryan O'Hearn__2024_2025,WAR,knn_k10,1.4,0.7999999999999998
Michael Massey__2024_2025,WAR,knn_k10,-2.0,-0.7600000000000002
Kyle Higashioka__2024_2025,WAR,knn_k10,-0.6000000000000001,-0.99
Ryan Jeffers__2024_2025,WAR,knn_k10,0.5,-0.56
Jesus Sanchez__2024_2025,WAR,knn_k10,-0.6000000000000001,1.25
Spencer Steer__2024_2025,WAR,knn_k10,-0.6000000000000001,-0.9900000000000001
J.P. Crawford__2024_2025,WAR,knn_k10,1.1999999999999995,-0.6400000000000001
Bo Naylor__2024_2025,WAR,knn_k10,-0.1,-0.5
Luis Rengifo__2024_2025,WAR,knn_k10,-1.5,-1.0
Vinnie Pasquantino__2024_2025,WAR,knn_k10,0.0,0.9699999999999998
Sal Frelick__2024_2025,WAR,knn_k10,2.1,0.6999999999999997
Kyle Isbel__2024_2025,WAR,knn_k10,-0.3999999999999999,-0.41000000000000014
Trevor Larnach__2024_2025,WAR,knn_k10,-1.2,-1.13
Jake Burger__2024_2025,WAR,knn_k10,-1.5,-0.3699999999999999
Ryan Mountcastle__2024_2025,WAR,knn_k10,-1.7999999999999998,-1.15
Gavin Lux__2024_2025,WAR,knn_k10,-1.1,-1.27
Rob Refsnyder__2024_2025,WAR,knn_k10,-0.3,1.2899999999999998
Joey Bart__2024_2025,WAR,knn_k10,0.0,-0.74
James Wood__2024_2025,WAR,knn_k10,1.9,1.78
LaMonte Wade Jr.__2024_2025,WAR,knn_k10,-2.9000000000000004,-1.51
Michael Conforto__2024_2025,WAR,knn_k10,-1.9,-1.25
Andy Pages__2024_2025,WAR,knn_k10,2.8,0.95
Nick Gonzales__2024_2025,WAR,knn_k10,-0.4,-0.3500000000000001
Ozzie Albies__2024_2025,WAR,knn_k10,0.0,-0.52
Jeff McNeil__2024_2025,WAR,knn_k10,0.8,-0.10000000000000009
Max Schuemann__2024_2025,WAR,knn_k10,-0.7000000000000001,-0.33000000000000007
Maikel Garcia__2024_2025,WAR,knn_k10,4.3,3.2
Paul Goldschmidt__2024_2025,WAR,knn_k10,-0.3999999999999999,-0.040000000000000036
Harrison Bader__2024_2025,WAR,knn_k10,2.0,0.28
Jorge Soler__2024_2025,WAR,knn_k10,-1.4,-0.5300000000000001
Royce Lewis__2024_2025,WAR,knn_k10,-0.1,0.15999999999999992
Luis Arraez__2024_2025,WAR,knn_k10,-0.2,0.96
George Springer__2024_2025,WAR,knn_k10,4.1,2.8699999999999997
Mauricio Dubon__2024_2025,WAR,knn_k10,1.1,0.19999999999999996
Brayan Rocchio__2024_2025,WAR,knn_k10,-0.7000000000000001,-1.0000000000000002
Mike Tauchman__2024_2025,WAR,knn_k10,0.3999999999999999,0.19999999999999996
Jake Fraley__2024_2025,WAR,knn_k10,-0.7,-0.61
Tyrone Taylor__2024_2025,WAR,knn_k10,-0.1999999999999999,-0.040000000000000036
Josh Lowe__2024_2025,WAR,knn_k10,-1.1,-1.11
Wenceel Perez__2024_2025,WAR,knn_k10,0.7,0.81
Ceddanne Rafaela__2024_2025,WAR,knn_k10,2.8,1.77
Zach McKinstry__2024_2025,WAR,knn_k10,2.2,0.49
Masataka Yoshida__2024_2025,WAR,knn_k10,-1.0,1.1899999999999995
Ramon Laureano__2024_2025,WAR,knn_k10,2.1,1.2499999999999996
Ramon Urias__2024_2025,WAR,knn_k10,0.2,0.16000000000000003
Ronald Acuna Jr.__2024_2025,WAR,knn_k10,2.6,2.6200000000000006
Max Kepler__2024_2025,WAR,knn_k10,-0.3,0.2699999999999999
Giancarlo Stanton__2024_2025,WAR,knn_k10,1.1,1.3700000000000003
Sean Murphy__2024_2025,WAR,knn_k10,1.2,1.0299999999999996
Orlando Arcia__2024_2025,WAR,knn_k10,-1.6,-1.02
Alec Burleson__2024_2025,WAR,knn_k10,1.4,1.3800000000000001
Nolan Schanuel__2024_2025,WAR,knn_k10,0.7,0.5900000000000003
Abraham Toro__2024_2025,WAR,knn_k10,-1.4,-0.35999999999999993
Christian Vazquez__2024_2025,WAR,knn_k10,-0.3999999999999999,-0.24
Starling Marte__2024_2025,WAR,knn_k10,0.0999999999999999,0.35
Danny Jansen__2024_2025,WAR,knn_k10,0.7000000000000001,-0.63
Luis Robert Jr.__2024_2025,WAR,knn_k10,0.7000000000000001,1.0499999999999998
Enrique Hernandez__2024_2025,WAR,knn_k10,-0.8,-0.09999999999999998
Alex Verdugo__2024_2025,WAR,knn_k10,-1.5,-0.43999999999999995
Nick Fortes__2024_2025,WAR,knn_k10,0.4,0.6
Andrew McCutchen__2024_2025,WAR,knn_k10,-0.6,0.3400000000000001
Elias Diaz__2024_2025,WAR,knn_k10,-0.0999999999999999,-0.25999999999999995
Trent Grisham__2024_2025,WAR,knn_k10,2.7,1.03
Pedro Pages__2024_2025,WAR,knn_k10,1.1,0.33000000000000007
Kyle Farmer__2024_2025,WAR,knn_k10,-1.5,-1.08
Michael Toglia__2024_2025,WAR,knn_k10,-2.6,-0.77
Miguel Andujar__2024_2025,WAR,knn_k10,0.7000000000000001,0.9400000000000001
Tyler Freeman__2024_2025,WAR,knn_k10,-1.1,0.66
Davis Schneider__2024_2025,WAR,knn_k10,0.9,0.82
Jared Triolo__2024_2025,WAR,knn_k10,1.1,0.7599999999999999
Michael A. Taylor__2024_2025,WAR,knn_k10,-0.5,-0.29
Tyler Soderstrom__2024_2025,WAR,knn_k10,3.1,2.49
TJ Friedl__2024_2025,WAR,knn_k10,2.6,1.0199999999999998
Daniel Schneemann__2024_2025,WAR,knn_k10,1.0,0.9099999999999999
Nolan Gorman__2024_2025,WAR,knn_k10,-0.5,-0.48
Jorge Polanco__2024_2025,WAR,knn_k10,2.3000000000000003,1.9299999999999995
Bo Bichette__2024_2025,WAR,knn_k10,3.5,1.26
Nick Castellanos__2024_2025,WAR,knn_k10,-0.8,-0.5700000000000001
Romy Gonzalez__2024_2025,WAR,knn_k10,1.3,1.9399999999999997
Rhys Hoskins__2024_2025,WAR,knn_k10,0.7,0.9099999999999999
Austin Hays__2024_2025,WAR,knn_k10,1.0,1.1900000000000002
Dominic Smith__2024_2025,WAR,knn_k10,0.2,0.24000000000000005
Ezequiel Duran__2024_2025,WAR,knn_k10,-0.2,0.15999999999999998
Jo Adell__2024_2025,WAR,knn_k10,1.1,2.2399999999999998
Spencer Torkelson__2024_2025,WAR,knn_k10,2.2,1.1900000000000002
Jake Bauers__2024_2025,WAR,knn_k10,0.7000000000000001,1.94
Mickey Moniak__2024_2025,WAR,knn_k10,0.5,1.26
Lenyn Sosa__2024_2025,WAR,knn_k10,1.2999999999999998,1.0499999999999998
Ke'Bryan Hayes__2024_2025,WAR,knn_k10,1.2999999999999998,2.0399999999999996
Santiago Espinal__2024_2025,WAR,knn_k10,-0.3,0.15
Edouard Julien__2024_2025,WAR,knn_k10,-0.8,0.14999999999999997
Jackson Holliday__2024_2025,WAR,knn_k10,1.2,0.57
Josh Bell__2024_2025,WAR,knn_k10,0.2,1.55
Andrew Vaughn__2024_2025,WAR,knn_k10,0.7,2.02
Andrew Benintendi__2024_2025,WAR,knn_k10,0.3,0.32000000000000006
Adolis Garcia__2024_2025,WAR,knn_k10,0.7999999999999999,1.12
Tommy Pham__2024_2025,WAR,knn_k10,0.3,1.33
Jonah Heim__2024_2025,WAR,knn_k10,-0.4,-0.45000000000000007
Taylor Walls__2024_2025,WAR,knn_k10,0.5,0.33000000000000007
Keibert Ruiz__2024_2025,WAR,knn_k10,-0.7,0.38
Addison Barger__2024_2025,WAR,knn_k10,2.5,2.88
Rowdy Tellez__2024_2025,WAR,knn_k10,0.5,1.9
Mitch Garver__2024_2025,WAR,knn_k10,0.4,0.49
Adam Frazier__2024_2025,WAR,knn_k10,1.2,0.78
Will Benson__2024_2025,WAR,knn_k10,0.6,1.63
Kyle Stowers__2024_2025,WAR,knn_k10,4.7,3.8200000000000003
Wilmer Flores__2024_2025,WAR,knn_k10,0.4999999999999999,0.41
Javier Baez__2024_2025,WAR,knn_k10,2.1,1.16
Ty France__2024_2025,WAR,knn_k10,1.7000000000000002,2.17
Gavin Sheets__2024_2025,WAR,knn_k10,2.1,2.0300000000000002
Nolan Jones__2024_2025,WAR,knn_k10,0.4,1.09
Christopher Morel__2024_2025,WAR,knn_k10,0.9,1.7999999999999998
Miguel Vargas__2024_2025,WAR,knn_k10,2.4,2.52
Dylan Carlson__2024_2025,WAR,knn_k10,0.7000000000000001,1.34
Hunter Goodman__2024_2025,WAR,knn_k10,4.6,3.1799999999999997
Noelvi Marte__2024_2025,WAR,knn_k10,2.5,2.88
Aaron Judge__2024_2025,wRC+,lr_basic,-16.0,-22.134495118078263
Bobby Witt Jr.__2024_2025,wRC+,lr_basic,-39.0,-34.07061073991054
Shohei Ohtani__2024_2025,wRC+,lr_basic,-8.0,-20.234393362618473
Juan Soto__2024_2025,wRC+,lr_basic,-25.0,-27.080429945064196
Gunnar Henderson__2024_2025,wRC+,lr_basic,-34.0,-38.60437926568363
Francisco Lindor__2024_2025,wRC+,lr_basic,-8.0,-15.760574993268325
Jarren Duran__2024_2025,wRC+,lr_basic,-20.0,-18.634219893322935
Elly De La Cruz__2024_2025,wRC+,lr_basic,-10.0,-7.195696929136384
Jose Ramirez__2024_2025,wRC+,lr_basic,-8.0,-13.143754122076343
Ketel Marte__2024_2025,wRC+,lr_basic,-7.0,-19.70319088260319
William Contreras__2024_2025,wRC+,lr_basic,-19.0,-25.47064648028541
Matt Chapman__2024_2025,wRC+,lr_basic,-3.0,-14.73557722291887
Cal Raleigh__2024_2025,wRC+,lr_basic,43.0,32.8732506740249
Vladimir Guerrero Jr.__2024_2025,wRC+,lr_basic,-27.0,-22.287195918643178
Jackson Merrill__2024_2025,wRC+,lr_basic,-14.0,-32.11699486914118
Brent Rooker__2024_2025,wRC+,lr_basic,-42.0,-22.677831254374208
Bryce Harper__2024_2025,wRC+,lr_basic,-13.0,-17.30232445934365
Willy Adames__2024_2025,wRC+,lr_basic,-12.0,-16.13911268641723
Marcell Ozuna__2024_2025,wRC+,lr_basic,-40.0,-45.194089132837384
Corey Seager__2024_2025,wRC+,lr_basic,-4.0,-9.604668830185762
Mookie Betts__2024_2025,wRC+,lr_basic,-36.0,-29.342642995360297
Jurickson Profar__2024_2025,wRC+,lr_basic,-17.0,-29.47513980679285
Corbin Carroll__2024_2025,wRC+,lr_basic,32.0,25.8356638856655
Marcus Semien__2024_2025,wRC+,lr_basic,-12.0,-16.740299142792384
Patrick Bailey__2024_2025,wRC+,lr_basic,-11.0,-37.97321686139257
Kyle Tucker__2024_2025,wRC+,lr_basic,-43.0,-30.942510975424437
Carlos Correa__2024_2025,wRC+,lr_basic,-48.0,-31.56717344595268
Rafael Devers__2024_2025,wRC+,lr_basic,-1.0,-5.7807437511056605
Steven Kwan__2024_2025,wRC+,lr_basic,-32.0,-24.490128082625507
Alex Bregman__2024_2025,wRC+,lr_basic,8.0,2.4030902884942233
Dansby Swanson__2024_2025,wRC+,lr_basic,2.0,4.362861633472873
Jazz Chisholm Jr.__2024_2025,wRC+,lr_basic,15.0,4.388537296493107
Freddie Freeman__2024_2025,wRC+,lr_basic,3.0,-10.615704396900776
Riley Greene__2024_2025,wRC+,lr_basic,-13.0,-17.09801821022538
Trea Turner__2024_2025,wRC+,lr_basic,2.0,2.437589619995277
Jackson Chourio__2024_2025,wRC+,lr_basic,-7.0,-12.862630220580112
Jose Altuve__2024_2025,wRC+,lr_basic,-14.0,-3.0527337707764306
Eugenio Suarez__2024_2025,wRC+,lr_basic,10.0,1.088425402182578
Colton Cowser__2024_2025,wRC+,lr_basic,-36.0,-26.87572011348057
Julio Rodriguez__2024_2025,wRC+,lr_basic,10.0,13.738964795202776
Nico Hoerner__2024_2025,wRC+,lr_basic,7.0,6.965280234689363
Byron Buxton__2024_2025,wRC+,lr_basic,-4.0,14.135780364367951
Ezequiel Tovar__2024_2025,wRC+,lr_basic,-16.0,-2.531822814567834
Ian Happ__2024_2025,wRC+,lr_basic,-5.0,-2.7868985404058124
Oneil Cruz__2024_2025,wRC+,lr_basic,-24.0,-15.719212031610182
Brenton Doyle__2024_2025,wRC+,lr_basic,-32.0,-17.3952235790572
Masyn Winn__2024_2025,wRC+,lr_basic,-13.0,-12.223388942714541
Seiya Suzuki__2024_2025,wRC+,lr_basic,-14.0,-0.5420245767442089
Manny Machado__2024_2025,wRC+,lr_basic,1.0,-6.32518844002392
Zach Neto__2024_2025,wRC+,lr_basic,1.0,11.623211292306308
Austin Wells__2024_2025,wRC+,lr_basic,-13.0,-4.441505348822474
Anthony Volpe__2024_2025,wRC+,lr_basic,-4.0,10.563734138190076
Teoscar Hernandez__2024_2025,wRC+,lr_basic,-30.0,-20.415230630450747
Alec Bohm__2024_2025,wRC+,lr_basic,-8.0,-11.18982786485823
Kyle Schwarber__2024_2025,wRC+,lr_basic,18.0,14.639253508038653
Fernando Tatis Jr.__2024_2025,wRC+,lr_basic,-4.0,-14.09507397797544
Salvador Perez__2024_2025,wRC+,lr_basic,-22.0,-7.211032611421613
Isaac Paredes__2024_2025,wRC+,lr_basic,12.0,20.722426317856012
Anthony Santander__2024_2025,wRC+,lr_basic,-67.0,-64.52523199607676
JJ Bleday__2024_2025,wRC+,lr_basic,-30.0,-30.945411577200836
Brendan Donovan__2024_2025,wRC+,lr_basic,4.0,4.786698985427922
Joey Ortiz__2024_2025,wRC+,lr_basic,-38.0,-34.959372449798934
Nolan Arenado__2024_2025,wRC+,lr_basic,-19.0,-9.558539075981095
Daulton Varsho__2024_2025,wRC+,lr_basic,24.0,32.50117111113989
Lawrence Butler__2024_2025,wRC+,lr_basic,-34.0,-34.873135909556794
Christian Walker__2024_2025,wRC+,lr_basic,-21.0,-33.8048188262172
Tyler Stephenson__2024_2025,wRC+,lr_basic,-14.0,-24.33996538732724
Wilyer Abreu__2024_2025,wRC+,lr_basic,-6.0,0.3551400807486418
Wyatt Langford__2024_2025,wRC+,lr_basic,7.0,3.4847056226807487
Christian Yelich__2024_2025,wRC+,lr_basic,-33.0,-24.0398320761518
Joc Pederson__2024_2025,wRC+,lr_basic,-76.0,-52.910387109326734
Tyler Fitzgerald__2024_2025,wRC+,lr_basic,-60.0,-48.999794926013905
Yainer Diaz__2024_2025,wRC+,lr_basic,-24.0,-16.314048987091862
Luis Garcia Jr.__2024_2025,wRC+,lr_basic,-19.0,-8.764864994069688
Jake McCarthy__2024_2025,wRC+,lr_basic,-50.0,-14.085829833244148
Mark Vientos__2024_2025,wRC+,lr_basic,-35.0,-29.11619535107595
Nathaniel Lowe__2024_2025,wRC+,lr_basic,-32.0,-23.303621845769285
Jonathan India__2024_2025,wRC+,lr_basic,-20.0,-23.358430652383884
Carlos Santana__2024_2025,wRC+,lr_basic,-31.0,-38.728812846851476
Josh Smith__2024_2025,wRC+,lr_basic,-12.0,-5.409170823038226
Willi Castro__2024_2025,wRC+,lr_basic,-14.0,-9.906990783538946
Miguel Rojas__2024_2025,wRC+,lr_basic,-10.0,-10.67497106413273
Taylor Ward__2024_2025,wRC+,lr_basic,5.0,7.750783411416279
Brandon Nimmo__2024_2025,wRC+,lr_basic,6.0,3.883152604684573
Willson Contreras__2024_2025,wRC+,lr_basic,-17.0,-1.8456459461328134
Jordan Westburg__2024_2025,wRC+,lr_basic,-9.0,-14.027689208018359
Adley Rutschman__2024_2025,wRC+,lr_basic,-12.0,1.0202533326953627
Jeremy Pena__2024_2025,wRC+,lr_basic,36.0,19.694273053385775
Alejandro Kirk__2024_2025,wRC+,lr_basic,23.0,20.49735806738007
Jacob Young__2024_2025,wRC+,lr_basic,-18.0,3.8002068400152447
Andres Gimenez__2024_2025,wRC+,lr_basic,-13.0,-8.32203674363261
Matt Olson__2024_2025,wRC+,lr_basic,19.0,15.259467988697606
Will Smith__2024_2025,wRC+,lr_basic,44.0,26.322123395745916
Pete Crow-Armstrong__2024_2025,wRC+,lr_basic,23.0,30.83951095032723
Brice Turang__2024_2025,wRC+,lr_basic,36.0,32.198188066309704
Tyler O'Neill__2024_2025,wRC+,lr_basic,-42.0,-28.990723400163816
Jose Iglesias__2024_2025,wRC+,lr_basic,-63.0,-35.63232038371435
Gabriel Moreno__2024_2025,wRC+,lr_basic,10.0,4.296491511410784
Otto Lopez__2024_2025,wRC+,lr_basic,-6.0,11.628773270237614
Kerry Carpenter__2024_2025,wRC+,lr_basic,-43.0,-18.496243978319402
Austin Riley__2024_2025,wRC+,lr_basic,-13.0,-23.990470642614056
Dylan Moore__2024_2025,wRC+,lr_basic,-23.0,-25.364728914210655
Heliot Ramos__2024_2025,wRC+,lr_basic,-14.0,-7.956804918224703
Luke Raley__2024_2025,wRC+,lr_basic,-38.0,-39.72993737413995
Josh Naylor__2024_2025,wRC+,lr_basic,10.0,1.2026392156390833
Brandon Marsh__2024_2025,wRC+,lr_basic,9.0,3.3248296270649247
Xavier Edwards__2024_2025,wRC+,lr_basic,-34.0,5.229754559831653
Bryan Reynolds__2024_2025,wRC+,lr_basic,-19.0,-11.666197685507342
Brandon Lowe__2024_2025,wRC+,lr_basic,-9.0,3.4280116968844587
Michael Busch__2024_2025,wRC+,lr_basic,22.0,37.37274393325807
Parker Meadows__2024_2025,wRC+,lr_basic,-35.0,-19.006967813173567
Ivan Herrera__2024_2025,wRC+,lr_basic,9.0,16.765682943062263
Pete Alonso__2024_2025,wRC+,lr_basic,20.0,24.997102063120092
Lourdes Gurriel Jr.__2024_2025,wRC+,lr_basic,-13.0,-11.211059559552195
Cody Bellinger__2024_2025,wRC+,lr_basic,17.0,23.23851616710054
Jake Cronenworth__2024_2025,wRC+,lr_basic,12.0,-13.19813085902143
Logan O'Hoppe__2024_2025,wRC+,lr_basic,-30.0,-11.913352167509919
Cedric Mullins__2024_2025,wRC+,lr_basic,-10.0,-6.486355764558974
Ernie Clement__2024_2025,wRC+,lr_basic,4.0,-0.8227107007107101
Isiah Kiner-Falefa__2024_2025,wRC+,lr_basic,-18.0,-21.276272658537565
Matt Wallner__2024_2025,wRC+,lr_basic,-40.0,-24.32908084537061
J.T. Realmuto__2024_2025,wRC+,lr_basic,-13.0,-13.312033943530826
Shea Langeliers__2024_2025,wRC+,lr_basic,23.0,18.09378980671247
Michael Harris II__2024_2025,wRC+,lr_basic,-16.0,-17.409871220797587
Randy Arozarena__2024_2025,wRC+,lr_basic,6.0,8.517465403063362
Geraldo Perdomo__2024_2025,wRC+,lr_basic,36.0,36.58412402621512
Xander Bogaerts__2024_2025,wRC+,lr_basic,9.0,4.916319736966257
Spencer Horwitz__2024_2025,wRC+,lr_basic,-8.0,-7.550226386643828
Yandy Diaz__2024_2025,wRC+,lr_basic,15.0,9.356036763092149
Victor Caratini__2024_2025,wRC+,lr_basic,-9.0,-8.163721624123989
Edmundo Sosa__2024_2025,wRC+,lr_basic,9.0,4.789812098882724
Ryan McMahon__2024_2025,wRC+,lr_basic,-2.0,-14.104055091458328
Francisco Alvarez__2024_2025,wRC+,lr_basic,23.0,15.82980453615913
Freddy Fermin__2024_2025,wRC+,lr_basic,-15.0,-10.991140675956478
Jake Meyers__2024_2025,wRC+,lr_basic,22.0,18.13753488042221
Josh Rojas__2024_2025,wRC+,lr_basic,-48.0,-13.14845496886351
Jose Caballero__2024_2025,wRC+,lr_basic,14.0,22.08512580394527
CJ Abrams__2024_2025,wRC+,lr_basic,1.0,2.2670347572070897
Travis d'Arnaud__2024_2025,wRC+,lr_basic,-39.0,-43.93295632376302
Gleyber Torres__2024_2025,wRC+,lr_basic,8.0,21.543700166787087
Paul DeJong__2024_2025,wRC+,lr_basic,-20.0,-16.518371948618963
Carson Kelly__2024_2025,wRC+,lr_basic,17.0,17.764977509642815
Bryson Stott__2024_2025,wRC+,lr_basic,13.0,7.715652167469974
Lars Nootbaar__2024_2025,wRC+,lr_basic,-18.0,-30.170108437428336
Mike Yastrzemski__2024_2025,wRC+,lr_basic,0.0,10.916372337819846
Colt Keith__2024_2025,wRC+,lr_basic,14.0,15.771582576693472
Jose Trevino__2024_2025,wRC+,lr_basic,-19.0,-5.024075529965472
Randal Grichuk__2024_2025,wRC+,lr_basic,-57.0,-22.1124461502275
Ryan O'Hearn__2024_2025,wRC+,lr_basic,9.0,-7.978597900860315
Michael Massey__2024_2025,wRC+,lr_basic,-47.0,-39.298604391186245
Kyle Higashioka__2024_2025,wRC+,lr_basic,-11.0,-4.643861683867335
Ryan Jeffers__2024_2025,wRC+,lr_basic,7.0,7.356579619958605
Jesus Sanchez__2024_2025,wRC+,lr_basic,-8.0,-14.054042385556631
Spencer Steer__2024_2025,wRC+,lr_basic,-1.0,-14.041269445580983
J.P. Crawford__2024_2025,wRC+,lr_basic,23.0,6.78944548339906
Bo Naylor__2024_2025,wRC+,lr_basic,11.0,17.80688086820938
Luis Rengifo__2024_2025,wRC+,lr_basic,-45.0,-15.247648222082516
Vinnie Pasquantino__2024_2025,wRC+,lr_basic,7.0,-0.015730845712692454
Sal Frelick__2024_2025,wRC+,lr_basic,27.0,28.84799054190145
Kyle Isbel__2024_2025,wRC+,lr_basic,-3.0,-5.912622274501608
Trevor Larnach__2024_2025,wRC+,lr_basic,-17.0,-17.69944316187254
Jake Burger__2024_2025,wRC+,lr_basic,-18.0,-19.133391329405843
Ryan Mountcastle__2024_2025,wRC+,lr_basic,-26.0,-23.669142550816147
Gavin Lux__2024_2025,wRC+,lr_basic,4.0,-9.903682214727457
Rob Refsnyder__2024_2025,wRC+,lr_basic,-4.0,13.179657885261095
Joey Bart__2024_2025,wRC+,lr_basic,-20.0,-24.614322864084382
James Wood__2024_2025,wRC+,lr_basic,7.0,19.166324645046664
LaMonte Wade Jr.__2024_2025,wRC+,lr_basic,-67.0,-48.95063389985433
Michael Conforto__2024_2025,wRC+,lr_basic,-29.0,-32.98513216446271
Andy Pages__2024_2025,wRC+,lr_basic,15.0,6.723092066364503
Nick Gonzales__2024_2025,wRC+,lr_basic,-12.0,-11.811867159865576
Ozzie Albies__2024_2025,wRC+,lr_basic,-9.0,-15.162408270056472
Jeff McNeil__2024_2025,wRC+,lr_basic,14.0,14.565449286198374
Max Schuemann__2024_2025,wRC+,lr_basic,-23.0,-0.33486496090719364
Maikel Garcia__2024_2025,wRC+,lr_basic,50.0,40.02790363059499
Paul Goldschmidt__2024_2025,wRC+,lr_basic,3.0,0.11045278206066567
Harrison Bader__2024_2025,wRC+,lr_basic,37.0,7.782269691484148
Jorge Soler__2024_2025,wRC+,lr_basic,-32.0,-30.970765538987063
Royce Lewis__2024_2025,wRC+,lr_basic,-21.0,-8.06861872498959
Luis Arraez__2024_2025,wRC+,lr_basic,-5.0,-3.1703213131691212
George Springer__2024_2025,wRC+,lr_basic,72.0,62.937856355867005
Mauricio Dubon__2024_2025,wRC+,lr_basic,-6.0,6.147852962406077
Brayan Rocchio__2024_2025,wRC+,lr_basic,-2.0,9.966723033689409
Mike Tauchman__2024_2025,wRC+,lr_basic,5.0,-4.855482717694738
Jake Fraley__2024_2025,wRC+,lr_basic,1.0,8.487455554586404
Tyrone Taylor__2024_2025,wRC+,lr_basic,-27.0,-22.359680922795448
Josh Lowe__2024_2025,wRC+,lr_basic,-19.0,-11.776786772798179
Wenceel Perez__2024_2025,wRC+,lr_basic,9.0,9.21539355950608
Ceddanne Rafaela__2024_2025,wRC+,lr_basic,10.0,28.890288479273647
Zach McKinstry__2024_2025,wRC+,lr_basic,40.0,13.787227882531933
Masataka Yoshida__2024_2025,wRC+,lr_basic,-28.0,-1.3010292877575536
Ramon Laureano__2024_2025,wRC+,lr_basic,30.0,40.905832397911496
Ramon Urias__2024_2025,wRC+,lr_basic,-27.0,-14.136009682905094
Ronald Acuna Jr.__2024_2025,wRC+,lr_basic,55.0,36.973944763486706
Max Kepler__2024_2025,wRC+,lr_basic,-3.0,13.230463498601226
Giancarlo Stanton__2024_2025,wRC+,lr_basic,41.0,9.833918292056946
Sean Murphy__2024_2025,wRC+,lr_basic,19.0,5.48998732041175
Orlando Arcia__2024_2025,wRC+,lr_basic,-39.0,-18.65528015152314
Alec Burleson__2024_2025,wRC+,lr_basic,18.0,11.592971562652988
Nolan Schanuel__2024_2025,wRC+,lr_basic,4.0,11.219594809789397
Abraham Toro__2024_2025,wRC+,lr_basic,-10.0,-2.675306133500413
Christian Vazquez__2024_2025,wRC+,lr_basic,-4.0,-12.002442000970795
Starling Marte__2024_2025,wRC+,lr_basic,9.0,-7.214822839066013
Danny Jansen__2024_2025,wRC+,lr_basic,13.0,3.582491281846757
Luis Robert Jr.__2024_2025,wRC+,lr_basic,0.0,11.997804377356644
Enrique Hernandez__2024_2025,wRC+,lr_basic,-12.0,-14.584794416019545
Alex Verdugo__2024_2025,wRC+,lr_basic,-19.0,-11.168536491478243
Nick Fortes__2024_2025,wRC+,lr_basic,22.0,11.559762146237086
Andrew McCutchen__2024_2025,wRC+,lr_basic,-11.0,-3.2226404896119867
Elias Diaz__2024_2025,wRC+,lr_basic,-7.0,-16.257786965488485
Trent Grisham__2024_2025,wRC+,lr_basic,36.0,31.768862217142516
Pedro Pages__2024_2025,wRC+,lr_basic,-7.0,-12.24584125204341
Kyle Farmer__2024_2025,wRC+,lr_basic,-19.0,-5.141976256663913
Michael Toglia__2024_2025,wRC+,lr_basic,-44.0,-58.21182744490984
Miguel Andujar__2024_2025,wRC+,lr_basic,22.0,15.416345630264372
Tyler Freeman__2024_2025,wRC+,lr_basic,7.0,21.049673020106926
Davis Schneider__2024_2025,wRC+,lr_basic,47.0,25.518629004051583
Jared Triolo__2024_2025,wRC+,lr_basic,14.0,15.905851567015574
Michael A. Taylor__2024_2025,wRC+,lr_basic,20.0,10.15678189689674
Tyler Soderstrom__2024_2025,wRC+,lr_basic,11.0,19.285033342052696
TJ Friedl__2024_2025,wRC+,lr_basic,19.0,2.2913752262009504
Daniel Schneemann__2024_2025,wRC+,lr_basic,-14.0,7.136246343844558
Nolan Gorman__2024_2025,wRC+,lr_basic,1.0,-1.9784606044795485
Jorge Polanco__2024_2025,wRC+,lr_basic,39.0,49.188674977032434
Bo Bichette__2024_2025,wRC+,lr_basic,64.0,55.51773986986674
Nick Castellanos__2024_2025,wRC+,lr_basic,-14.0,-23.513559123396043
Romy Gonzalez__2024_2025,wRC+,lr_basic,25.0,19.023768299361468
Rhys Hoskins__2024_2025,wRC+,lr_basic,8.0,0.38940750808452806
Austin Hays__2024_2025,wRC+,lr_basic,8.0,9.264612354539162
Dominic Smith__2024_2025,wRC+,lr_basic,17.0,-0.3406479294424994
Ezequiel Duran__2024_2025,wRC+,lr_basic,-18.0,-17.666104365857358
Jo Adell__2024_2025,wRC+,lr_basic,21.0,27.07867307985907
Spencer Torkelson__2024_2025,wRC+,lr_basic,27.0,32.37347994658161
Jake Bauers__2024_2025,wRC+,lr_basic,26.0,30.688623475163276
Mickey Moniak__2024_2025,wRC+,lr_basic,30.0,40.37094524111564
Lenyn Sosa__2024_2025,wRC+,lr_basic,19.0,12.55089625766543
Ke'Bryan Hayes__2024_2025,wRC+,lr_basic,5.0,-3.8058934138398075
Santiago Espinal__2024_2025,wRC+,lr_basic,-18.0,-13.971790491539876
Edouard Julien__2024_2025,wRC+,lr_basic,2.0,14.99153372337207
Jackson Holliday__2024_2025,wRC+,lr_basic,34.0,25.70642334722853
Josh Bell__2024_2025,wRC+,lr_basic,6.0,21.739767344775178
Andrew Vaughn__2024_2025,wRC+,lr_basic,2.0,12.849676401658087
Andrew Benintendi__2024_2025,wRC+,lr_basic,10.0,-4.465667445567847
Adolis Garcia__2024_2025,wRC+,lr_basic,-11.0,-3.327247237584118
Tommy Pham__2024_2025,wRC+,lr_basic,2.0,1.5143493841933013
Jonah Heim__2024_2025,wRC+,lr_basic,-3.0,-8.892281473346888
Taylor Walls__2024_2025,wRC+,lr_basic,6.0,19.2800197832286
Keibert Ruiz__2024_2025,wRC+,lr_basic,-5.0,-0.44803431593722565
Addison Barger__2024_2025,wRC+,lr_basic,38.0,37.998900424517004
Rowdy Tellez__2024_2025,wRC+,lr_basic,11.0,3.9721648257243367
Mitch Garver__2024_2025,wRC+,lr_basic,-3.0,5.347259694113131
Adam Frazier__2024_2025,wRC+,lr_basic,24.0,5.469510637662788
Will Benson__2024_2025,wRC+,lr_basic,9.0,37.729914827616874
Kyle Stowers__2024_2025,wRC+,lr_basic,81.0,67.32532992897433
Wilmer Flores__2024_2025,wRC+,lr_basic,27.0,-2.59637256416009
Javier Baez__2024_2025,wRC+,lr_basic,45.0,4.81759552289126
Ty France__2024_2025,wRC+,lr_basic,-1.0,4.8209590811312015
Gavin Sheets__2024_2025,wRC+,lr_basic,23.0,27.854181495207122
Nolan Jones__2024_2025,wRC+,lr_basic,3.0,-3.7141895932323834
Christopher Morel__2024_2025,wRC+,lr_basic,9.0,2.9009578846902935
Miguel Vargas__2024_2025,wRC+,lr_basic,55.0,44.376268488427826
Dylan Carlson__2024_2025,wRC+,lr_basic,7.0,34.106630512197356
Hunter Goodman__2024_2025,wRC+,lr_basic,57.0,33.23609361255034
Noelvi Marte__2024_2025,wRC+,lr_basic,53.0,45.02200743936109
Aaron Judge__2024_2025,wRC+,lr_extended,-16.0,-23.162547317309095
Bobby Witt Jr.__2024_2025,wRC+,lr_extended,-39.0,-31.198711806055005
Shohei Ohtani__2024_2025,wRC+,lr_extended,-8.0,-16.300677101879597
Juan Soto__2024_2025,wRC+,lr_extended,-25.0,-22.709310631635894
Gunnar Henderson__2024_2025,wRC+,lr_extended,-34.0,-38.958711668044295
Francisco Lindor__2024_2025,wRC+,lr_extended,-8.0,-18.058544140338142
Jarren Duran__2024_2025,wRC+,lr_extended,-20.0,-20.13757489431291
Elly De La Cruz__2024_2025,wRC+,lr_extended,-10.0,-11.387340099765222
Jose Ramirez__2024_2025,wRC+,lr_extended,-8.0,-13.99034869151022
Ketel Marte__2024_2025,wRC+,lr_extended,-7.0,-17.517648220833948
William Contreras__2024_2025,wRC+,lr_extended,-19.0,-23.789756490267866
Matt Chapman__2024_2025,wRC+,lr_extended,-3.0,-15.12173867935803
Cal Raleigh__2024_2025,wRC+,lr_extended,43.0,31.494505510297515
Vladimir Guerrero Jr.__2024_2025,wRC+,lr_extended,-27.0,-17.084733458980487
Jackson Merrill__2024_2025,wRC+,lr_extended,-14.0,-30.854244421362182
Brent Rooker__2024_2025,wRC+,lr_extended,-42.0,-20.648260094057587
Bryce Harper__2024_2025,wRC+,lr_extended,-13.0,-15.78769947831712
Willy Adames__2024_2025,wRC+,lr_extended,-12.0,-16.468452500639437
Marcell Ozuna__2024_2025,wRC+,lr_extended,-40.0,-41.2723429446168
Corey Seager__2024_2025,wRC+,lr_extended,-4.0,-7.118353654449702
Mookie Betts__2024_2025,wRC+,lr_extended,-36.0,-31.171340566629596
Jurickson Profar__2024_2025,wRC+,lr_extended,-17.0,-25.705948619396374
Corbin Carroll__2024_2025,wRC+,lr_extended,32.0,22.547777166779817
Marcus Semien__2024_2025,wRC+,lr_extended,-12.0,-19.737172709190602
Patrick Bailey__2024_2025,wRC+,lr_extended,-11.0,-42.15838097594441
Kyle Tucker__2024_2025,wRC+,lr_extended,-43.0,-32.13414017489254
Carlos Correa__2024_2025,wRC+,lr_extended,-48.0,-31.403812153337345
Rafael Devers__2024_2025,wRC+,lr_extended,-1.0,-3.682566480606526
Steven Kwan__2024_2025,wRC+,lr_extended,-32.0,-26.605679171989806
Alex Bregman__2024_2025,wRC+,lr_extended,8.0,4.023674284054444
Dansby Swanson__2024_2025,wRC+,lr_extended,2.0,-0.2668152054556512
Jazz Chisholm Jr.__2024_2025,wRC+,lr_extended,15.0,3.0529284923343054
Freddie Freeman__2024_2025,wRC+,lr_extended,3.0,-9.497418097802164
Riley Greene__2024_2025,wRC+,lr_extended,-13.0,-17.706901145832624
Trea Turner__2024_2025,wRC+,lr_extended,2.0,-1.4950189006085273
Jackson Chourio__2024_2025,wRC+,lr_extended,-7.0,-12.505443047690907
Jose Altuve__2024_2025,wRC+,lr_extended,-14.0,-2.3680462348027835
Eugenio Suarez__2024_2025,wRC+,lr_extended,10.0,1.1653570635169586
Colton Cowser__2024_2025,wRC+,lr_extended,-36.0,-29.700266744316476
Julio Rodriguez__2024_2025,wRC+,lr_extended,10.0,13.040087122404866
Nico Hoerner__2024_2025,wRC+,lr_extended,7.0,5.520262836245804
Byron Buxton__2024_2025,wRC+,lr_extended,-4.0,11.477543346836118
Ezequiel Tovar__2024_2025,wRC+,lr_extended,-16.0,-10.118403602671156
Ian Happ__2024_2025,wRC+,lr_extended,-5.0,-0.8601877176651991
Oneil Cruz__2024_2025,wRC+,lr_extended,-24.0,-18.034834219666322
Brenton Doyle__2024_2025,wRC+,lr_extended,-32.0,-19.287568984432628
Masyn Winn__2024_2025,wRC+,lr_extended,-13.0,-11.88748305366619
Seiya Suzuki__2024_2025,wRC+,lr_extended,-14.0,1.2837433043993347
Manny Machado__2024_2025,wRC+,lr_extended,1.0,-5.239718014957038
Zach Neto__2024_2025,wRC+,lr_extended,1.0,11.964004081604216
Austin Wells__2024_2025,wRC+,lr_extended,-13.0,-6.17451310363351
Anthony Volpe__2024_2025,wRC+,lr_extended,-4.0,5.666912735654364
Teoscar Hernandez__2024_2025,wRC+,lr_extended,-30.0,-18.510933065143185
Alec Bohm__2024_2025,wRC+,lr_extended,-8.0,-10.023201436328398
Kyle Schwarber__2024_2025,wRC+,lr_extended,18.0,16.523239999391816
Fernando Tatis Jr.__2024_2025,wRC+,lr_extended,-4.0,-15.9159638140639
Salvador Perez__2024_2025,wRC+,lr_extended,-22.0,-3.7391164969319566
Isaac Paredes__2024_2025,wRC+,lr_extended,12.0,22.400074813403414
Anthony Santander__2024_2025,wRC+,lr_extended,-67.0,-63.37813628955981
JJ Bleday__2024_2025,wRC+,lr_extended,-30.0,-29.421748086844616
Brendan Donovan__2024_2025,wRC+,lr_extended,4.0,6.502204601076828
Joey Ortiz__2024_2025,wRC+,lr_extended,-38.0,-39.20543062968548
Nolan Arenado__2024_2025,wRC+,lr_extended,-19.0,-9.350526670444083
Daulton Varsho__2024_2025,wRC+,lr_extended,24.0,29.141937722111585
Lawrence Butler__2024_2025,wRC+,lr_extended,-34.0,-35.269439096888796
Christian Walker__2024_2025,wRC+,lr_extended,-21.0,-34.28990854409433
Tyler Stephenson__2024_2025,wRC+,lr_extended,-14.0,-23.195216453214172
Wilyer Abreu__2024_2025,wRC+,lr_extended,-6.0,0.762122356753515
Wyatt Langford__2024_2025,wRC+,lr_extended,7.0,4.010252759381036
Christian Yelich__2024_2025,wRC+,lr_extended,-33.0,-22.256192917413987
Joc Pederson__2024_2025,wRC+,lr_extended,-76.0,-51.050191607388015
Tyler Fitzgerald__2024_2025,wRC+,lr_extended,-60.0,-49.96346496710417
Yainer Diaz__2024_2025,wRC+,lr_extended,-24.0,-14.106501266855338
Luis Garcia Jr.__2024_2025,wRC+,lr_extended,-19.0,-7.738709253840804
Jake McCarthy__2024_2025,wRC+,lr_extended,-50.0,-13.448623356468078
Mark Vientos__2024_2025,wRC+,lr_extended,-35.0,-26.46302031048029
Nathaniel Lowe__2024_2025,wRC+,lr_extended,-32.0,-23.225497698837362
Jonathan India__2024_2025,wRC+,lr_extended,-20.0,-24.442141970698508
Carlos Santana__2024_2025,wRC+,lr_extended,-31.0,-39.56550690714711
Josh Smith__2024_2025,wRC+,lr_extended,-12.0,-5.0537116368270425
Willi Castro__2024_2025,wRC+,lr_extended,-14.0,-10.49414541611448
Miguel Rojas__2024_2025,wRC+,lr_extended,-10.0,-10.45266676663121
Taylor Ward__2024_2025,wRC+,lr_extended,5.0,9.165448660389204
Brandon Nimmo__2024_2025,wRC+,lr_extended,6.0,3.3911359919581874
Willson Contreras__2024_2025,wRC+,lr_extended,-17.0,-0.6480676815335427
Jordan Westburg__2024_2025,wRC+,lr_extended,-9.0,-14.081858892561486
Adley Rutschman__2024_2025,wRC+,lr_extended,-12.0,2.6102537146780453
Jeremy Pena__2024_2025,wRC+,lr_extended,36.0,15.915998542331199
Alejandro Kirk__2024_2025,wRC+,lr_extended,23.0,22.178754227086877
Jacob Young__2024_2025,wRC+,lr_extended,-18.0,1.9679098717806118
Andres Gimenez__2024_2025,wRC+,lr_extended,-13.0,-15.121514233885428
Matt Olson__2024_2025,wRC+,lr_extended,19.0,17.064014141650276
Will Smith__2024_2025,wRC+,lr_extended,44.0,28.537269860835423
Pete Crow-Armstrong__2024_2025,wRC+,lr_extended,23.0,30.129462442241877
Brice Turang__2024_2025,wRC+,lr_extended,36.0,32.233584295256136
Tyler O'Neill__2024_2025,wRC+,lr_extended,-42.0,-26.513060724378036
Jose Iglesias__2024_2025,wRC+,lr_extended,-63.0,-37.197682204771
Gabriel Moreno__2024_2025,wRC+,lr_extended,10.0,2.47490921954333
Otto Lopez__2024_2025,wRC+,lr_extended,-6.0,8.417674134639242
Kerry Carpenter__2024_2025,wRC+,lr_extended,-43.0,-15.252927258742368
Austin Riley__2024_2025,wRC+,lr_extended,-13.0,-22.51312026392905
Dylan Moore__2024_2025,wRC+,lr_extended,-23.0,-29.51208860380017
Heliot Ramos__2024_2025,wRC+,lr_extended,-14.0,-5.622986916831522
Luke Raley__2024_2025,wRC+,lr_extended,-38.0,-41.84421961997034
Josh Naylor__2024_2025,wRC+,lr_extended,10.0,2.9935638687987063
Brandon Marsh__2024_2025,wRC+,lr_extended,9.0,3.3326608957867303
Xavier Edwards__2024_2025,wRC+,lr_extended,-34.0,1.9479815917970196
Bryan Reynolds__2024_2025,wRC+,lr_extended,-19.0,-13.001889696347831
Brandon Lowe__2024_2025,wRC+,lr_extended,-9.0,5.360391987049038
Michael Busch__2024_2025,wRC+,lr_extended,22.0,39.29871318714573
Parker Meadows__2024_2025,wRC+,lr_extended,-35.0,-20.109935308292087
Ivan Herrera__2024_2025,wRC+,lr_extended,9.0,17.884111472879233
Pete Alonso__2024_2025,wRC+,lr_extended,20.0,27.89075838200323
Lourdes Gurriel Jr.__2024_2025,wRC+,lr_extended,-13.0,-10.566388363187114
Cody Bellinger__2024_2025,wRC+,lr_extended,17.0,22.033210994130823
Jake Cronenworth__2024_2025,wRC+,lr_extended,12.0,-11.441557699584916
Logan O'Hoppe__2024_2025,wRC+,lr_extended,-30.0,-11.602245910990739
Cedric Mullins__2024_2025,wRC+,lr_extended,-10.0,-7.098931224245463
Ernie Clement__2024_2025,wRC+,lr_extended,4.0,-5.594766775880597
Isiah Kiner-Falefa__2024_2025,wRC+,lr_extended,-18.0,-21.476912113172915
Matt Wallner__2024_2025,wRC+,lr_extended,-40.0,-24.083704577833686
J.T. Realmuto__2024_2025,wRC+,lr_extended,-13.0,-12.586138264889666
Shea Langeliers__2024_2025,wRC+,lr_extended,23.0,20.735003004443378
Michael Harris II__2024_2025,wRC+,lr_extended,-16.0,-14.812893367758667
Randy Arozarena__2024_2025,wRC+,lr_extended,6.0,8.54711476788546
Geraldo Perdomo__2024_2025,wRC+,lr_extended,36.0,38.186910564390196
Xander Bogaerts__2024_2025,wRC+,lr_extended,9.0,4.417490136415866
Spencer Horwitz__2024_2025,wRC+,lr_extended,-8.0,-6.016911447228033
Yandy Diaz__2024_2025,wRC+,lr_extended,15.0,13.381616215023268
Victor Caratini__2024_2025,wRC+,lr_extended,-9.0,-7.830081390594714
Edmundo Sosa__2024_2025,wRC+,lr_extended,9.0,5.593846615971598
Ryan McMahon__2024_2025,wRC+,lr_extended,-2.0,-14.727184958103212
Francisco Alvarez__2024_2025,wRC+,lr_extended,23.0,16.085186616143734
Freddy Fermin__2024_2025,wRC+,lr_extended,-15.0,-11.3802706061738
Jake Meyers__2024_2025,wRC+,lr_extended,22.0,17.207642590205996
Josh Rojas__2024_2025,wRC+,lr_extended,-48.0,-15.11056324001506
Jose Caballero__2024_2025,wRC+,lr_extended,14.0,15.709310940218101
CJ Abrams__2024_2025,wRC+,lr_extended,1.0,0.2736783475217821
Travis d'Arnaud__2024_2025,wRC+,lr_extended,-39.0,-43.97300555575486
Gleyber Torres__2024_2025,wRC+,lr_extended,8.0,24.560804743405164
Paul DeJong__2024_2025,wRC+,lr_extended,-20.0,-18.361654709223313
Carson Kelly__2024_2025,wRC+,lr_extended,17.0,18.26364535973716
Bryson Stott__2024_2025,wRC+,lr_extended,13.0,7.253831584894574
Lars Nootbaar__2024_2025,wRC+,lr_extended,-18.0,-30.481550476142214
Mike Yastrzemski__2024_2025,wRC+,lr_extended,0.0,11.918639592282357
Colt Keith__2024_2025,wRC+,lr_extended,14.0,15.16927766335976
Jose Trevino__2024_2025,wRC+,lr_extended,-19.0,-6.6920572949112955
Randal Grichuk__2024_2025,wRC+,lr_extended,-57.0,-19.551588391043943
Ryan O'Hearn__2024_2025,wRC+,lr_extended,9.0,-6.93115114899936
Michael Massey__2024_2025,wRC+,lr_extended,-47.0,-38.38320770782508
Kyle Higashioka__2024_2025,wRC+,lr_extended,-11.0,-4.051807047691161
Ryan Jeffers__2024_2025,wRC+,lr_extended,7.0,5.9227623579539355
Jesus Sanchez__2024_2025,wRC+,lr_extended,-8.0,-15.332448292641997
Spencer Steer__2024_2025,wRC+,lr_extended,-1.0,-15.310558518362951
J.P. Crawford__2024_2025,wRC+,lr_extended,23.0,6.775831961934458
Bo Naylor__2024_2025,wRC+,lr_extended,11.0,16.341482991937735
Luis Rengifo__2024_2025,wRC+,lr_extended,-45.0,-16.50421902568897
Vinnie Pasquantino__2024_2025,wRC+,lr_extended,7.0,3.5343037016534526
Sal Frelick__2024_2025,wRC+,lr_extended,27.0,27.760269790644088
Kyle Isbel__2024_2025,wRC+,lr_extended,-3.0,-6.589590784187777
Trevor Larnach__2024_2025,wRC+,lr_extended,-17.0,-15.604033892732579
Jake Burger__2024_2025,wRC+,lr_extended,-18.0,-17.164574809420472
Ryan Mountcastle__2024_2025,wRC+,lr_extended,-26.0,-21.641393820315123
Gavin Lux__2024_2025,wRC+,lr_extended,4.0,-8.199826020807826
Rob Refsnyder__2024_2025,wRC+,lr_extended,-4.0,14.498990377566601
Joey Bart__2024_2025,wRC+,lr_extended,-20.0,-24.490356334720687
James Wood__2024_2025,wRC+,lr_extended,7.0,20.58321668927173
LaMonte Wade Jr.__2024_2025,wRC+,lr_extended,-67.0,-50.32796126780723
Michael Conforto__2024_2025,wRC+,lr_extended,-29.0,-30.907065284172422
Andy Pages__2024_2025,wRC+,lr_extended,15.0,7.775935458515939
Nick Gonzales__2024_2025,wRC+,lr_extended,-12.0,-12.427299287007665
Ozzie Albies__2024_2025,wRC+,lr_extended,-9.0,-16.315050436255383
Jeff McNeil__2024_2025,wRC+,lr_extended,14.0,13.595046997733617
Max Schuemann__2024_2025,wRC+,lr_extended,-23.0,-0.9969303580040485
Maikel Garcia__2024_2025,wRC+,lr_extended,50.0,40.041197403834076
Paul Goldschmidt__2024_2025,wRC+,lr_extended,3.0,1.5781364449823387
Harrison Bader__2024_2025,wRC+,lr_extended,37.0,6.629391217323903
Jorge Soler__2024_2025,wRC+,lr_extended,-32.0,-31.17934097749834
Royce Lewis__2024_2025,wRC+,lr_extended,-21.0,-7.09603766006064
Luis Arraez__2024_2025,wRC+,lr_extended,-5.0,-2.2718239626864603
George Springer__2024_2025,wRC+,lr_extended,72.0,65.28051705593522
Mauricio Dubon__2024_2025,wRC+,lr_extended,-6.0,0.5066311566705828
Brayan Rocchio__2024_2025,wRC+,lr_extended,-2.0,9.449039054750017
Mike Tauchman__2024_2025,wRC+,lr_extended,5.0,-5.350681001598339
Jake Fraley__2024_2025,wRC+,lr_extended,1.0,4.398256547386026
Tyrone Taylor__2024_2025,wRC+,lr_extended,-27.0,-23.34349145573258
Josh Lowe__2024_2025,wRC+,lr_extended,-19.0,-11.137484334898819
Wenceel Perez__2024_2025,wRC+,lr_extended,9.0,9.277935463730167
Ceddanne Rafaela__2024_2025,wRC+,lr_extended,10.0,22.22307785111167
Zach McKinstry__2024_2025,wRC+,lr_extended,40.0,12.431466675672521
Masataka Yoshida__2024_2025,wRC+,lr_extended,-28.0,0.8012982610539391
Ramon Laureano__2024_2025,wRC+,lr_extended,30.0,40.689425610093025
Ramon Urias__2024_2025,wRC+,lr_extended,-27.0,-14.92935551265321
Ronald Acuna Jr.__2024_2025,wRC+,lr_extended,55.0,38.94644975335721
Max Kepler__2024_2025,wRC+,lr_extended,-3.0,10.373910601585669
Giancarlo Stanton__2024_2025,wRC+,lr_extended,41.0,11.95869840663153
Sean Murphy__2024_2025,wRC+,lr_extended,19.0,4.935989970520124
Orlando Arcia__2024_2025,wRC+,lr_extended,-39.0,-18.089868832058478
Alec Burleson__2024_2025,wRC+,lr_extended,18.0,11.07688236432197
Nolan Schanuel__2024_2025,wRC+,lr_extended,4.0,11.346283131069438
Abraham Toro__2024_2025,wRC+,lr_extended,-10.0,-1.7238483980800967
Christian Vazquez__2024_2025,wRC+,lr_extended,-4.0,-19.595836406630198
Starling Marte__2024_2025,wRC+,lr_extended,9.0,-7.570845620922341
Danny Jansen__2024_2025,wRC+,lr_extended,13.0,3.1275824015082945
Luis Robert Jr.__2024_2025,wRC+,lr_extended,0.0,10.269323309206683
Enrique Hernandez__2024_2025,wRC+,lr_extended,-12.0,-14.292787924797329
Alex Verdugo__2024_2025,wRC+,lr_extended,-19.0,-10.21276868813183
Nick Fortes__2024_2025,wRC+,lr_extended,22.0,10.515172829439908
Andrew McCutchen__2024_2025,wRC+,lr_extended,-11.0,-1.54919725979186
Elias Diaz__2024_2025,wRC+,lr_extended,-7.0,-17.654332926432755
Trent Grisham__2024_2025,wRC+,lr_extended,36.0,35.73660845332473
Pedro Pages__2024_2025,wRC+,lr_extended,-7.0,-12.7976585202187
Kyle Farmer__2024_2025,wRC+,lr_extended,-19.0,-4.733336201971939
Michael Toglia__2024_2025,wRC+,lr_extended,-44.0,-59.39014867804552
Miguel Andujar__2024_2025,wRC+,lr_extended,22.0,17.1980340999122
Tyler Freeman__2024_2025,wRC+,lr_extended,7.0,22.339981773580828
Davis Schneider__2024_2025,wRC+,lr_extended,47.0,27.275322046735134
Jared Triolo__2024_2025,wRC+,lr_extended,14.0,15.917987948329994
Michael A. Taylor__2024_2025,wRC+,lr_extended,20.0,7.434506675286423
Tyler Soderstrom__2024_2025,wRC+,lr_extended,11.0,21.727978506426965
TJ Friedl__2024_2025,wRC+,lr_extended,19.0,3.0883151774670905
Daniel Schneemann__2024_2025,wRC+,lr_extended,-14.0,6.590915771755691
Nolan Gorman__2024_2025,wRC+,lr_extended,1.0,-1.5676925866041107
Jorge Polanco__2024_2025,wRC+,lr_extended,39.0,52.31675372299084
Bo Bichette__2024_2025,wRC+,lr_extended,64.0,55.32137384382181
Nick Castellanos__2024_2025,wRC+,lr_extended,-14.0,-21.506029490861454
Romy Gonzalez__2024_2025,wRC+,lr_extended,25.0,19.712040820075305
Rhys Hoskins__2024_2025,wRC+,lr_extended,8.0,1.8946960255189818
Austin Hays__2024_2025,wRC+,lr_extended,8.0,6.654835458366453
Dominic Smith__2024_2025,wRC+,lr_extended,17.0,1.184367201529102
Ezequiel Duran__2024_2025,wRC+,lr_extended,-18.0,-19.184141663796517
Jo Adell__2024_2025,wRC+,lr_extended,21.0,31.345387051940953
Spencer Torkelson__2024_2025,wRC+,lr_extended,27.0,34.02273870572759
Jake Bauers__2024_2025,wRC+,lr_extended,26.0,33.22355816540469
Mickey Moniak__2024_2025,wRC+,lr_extended,30.0,42.66085158043921
Lenyn Sosa__2024_2025,wRC+,lr_extended,19.0,13.824450970151574
Ke'Bryan Hayes__2024_2025,wRC+,lr_extended,5.0,-3.977078351617427
Santiago Espinal__2024_2025,wRC+,lr_extended,-18.0,-14.393966349800849
Edouard Julien__2024_2025,wRC+,lr_extended,2.0,17.54183317893902
Jackson Holliday__2024_2025,wRC+,lr_extended,34.0,28.34038989559052
Josh Bell__2024_2025,wRC+,lr_extended,6.0,23.387138046532016
Andrew Vaughn__2024_2025,wRC+,lr_extended,2.0,11.222161566802836
Andrew Benintendi__2024_2025,wRC+,lr_extended,10.0,-2.046556374783732
Adolis Garcia__2024_2025,wRC+,lr_extended,-11.0,-4.705554747112869
Tommy Pham__2024_2025,wRC+,lr_extended,2.0,2.932534681005713
Jonah Heim__2024_2025,wRC+,lr_extended,-3.0,-10.43667882429542
Taylor Walls__2024_2025,wRC+,lr_extended,6.0,18.56326603901721
Keibert Ruiz__2024_2025,wRC+,lr_extended,-5.0,0.10346624265561871
Addison Barger__2024_2025,wRC+,lr_extended,38.0,38.51309045381726
Rowdy Tellez__2024_2025,wRC+,lr_extended,11.0,5.234764131836643
Mitch Garver__2024_2025,wRC+,lr_extended,-3.0,6.04218282550651
Adam Frazier__2024_2025,wRC+,lr_extended,24.0,5.5938917087090285
Will Benson__2024_2025,wRC+,lr_extended,9.0,42.76873403596545
Kyle Stowers__2024_2025,wRC+,lr_extended,81.0,67.74950423903014
Wilmer Flores__2024_2025,wRC+,lr_extended,27.0,-1.4202552422104842
Javier Baez__2024_2025,wRC+,lr_extended,45.0,6.627847364171805
Ty France__2024_2025,wRC+,lr_extended,-1.0,3.114621224467676
Gavin Sheets__2024_2025,wRC+,lr_extended,23.0,28.564836688883478
Nolan Jones__2024_2025,wRC+,lr_extended,3.0,-5.064817263765731
Christopher Morel__2024_2025,wRC+,lr_extended,9.0,0.9142019403635226
Miguel Vargas__2024_2025,wRC+,lr_extended,55.0,46.31563680233136
Dylan Carlson__2024_2025,wRC+,lr_extended,7.0,34.283404419052694
Hunter Goodman__2024_2025,wRC+,lr_extended,57.0,31.414973730512653
Noelvi Marte__2024_2025,wRC+,lr_extended,53.0,43.817735340574245
Aaron Judge__2024_2025,wRC+,knn_k10,-16.0,-44.80000000000001
Bobby Witt Jr.__2024_2025,wRC+,knn_k10,-39.0,-42.0
Shohei Ohtani__2024_2025,wRC+,knn_k10,-8.0,-5.599999999999994
Juan Soto__2024_2025,wRC+,knn_k10,-25.0,-25.30000000000001
Gunnar Henderson__2024_2025,wRC+,knn_k10,-34.0,-33.5
Francisco Lindor__2024_2025,wRC+,knn_k10,-8.0,-8.300000000000011
Jarren Duran__2024_2025,wRC+,knn_k10,-20.0,-18.400000000000006
Elly De La Cruz__2024_2025,wRC+,knn_k10,-10.0,-5.599999999999994
Jose Ramirez__2024_2025,wRC+,knn_k10,-8.0,-8.800000000000011
Ketel Marte__2024_2025,wRC+,knn_k10,-7.0,-17.5
William Contreras__2024_2025,wRC+,knn_k10,-19.0,-16.799999999999997
Matt Chapman__2024_2025,wRC+,knn_k10,-3.0,2.0
Cal Raleigh__2024_2025,wRC+,knn_k10,43.0,-0.09999999999999432
Vladimir Guerrero Jr.__2024_2025,wRC+,knn_k10,-27.0,-26.400000000000006
Jackson Merrill__2024_2025,wRC+,knn_k10,-14.0,-32.0
Brent Rooker__2024_2025,wRC+,knn_k10,-42.0,-50.0
Bryce Harper__2024_2025,wRC+,knn_k10,-13.0,-23.0
Willy Adames__2024_2025,wRC+,knn_k10,-12.0,-19.700000000000003
Marcell Ozuna__2024_2025,wRC+,knn_k10,-40.0,-48.2
Corey Seager__2024_2025,wRC+,knn_k10,-4.0,-6.0
Mookie Betts__2024_2025,wRC+,knn_k10,-36.0,-30.900000000000006
Jurickson Profar__2024_2025,wRC+,knn_k10,-17.0,-28.700000000000003
Corbin Carroll__2024_2025,wRC+,knn_k10,32.0,21.400000000000006
Marcus Semien__2024_2025,wRC+,knn_k10,-12.0,-16.400000000000006
Patrick Bailey__2024_2025,wRC+,knn_k10,-11.0,-7.5
Kyle Tucker__2024_2025,wRC+,knn_k10,-43.0,-54.400000000000006
Carlos Correa__2024_2025,wRC+,knn_k10,-48.0,-41.8
Rafael Devers__2024_2025,wRC+,knn_k10,-1.0,-8.0
Steven Kwan__2024_2025,wRC+,knn_k10,-32.0,-33.8
Alex Bregman__2024_2025,wRC+,knn_k10,8.0,5.799999999999997
Dansby Swanson__2024_2025,wRC+,knn_k10,2.0,2.299999999999997
Jazz Chisholm Jr.__2024_2025,wRC+,knn_k10,15.0,7.099999999999994
Freddie Freeman__2024_2025,wRC+,knn_k10,3.0,-13.599999999999994
Riley Greene__2024_2025,wRC+,knn_k10,-13.0,-12.700000000000003
Trea Turner__2024_2025,wRC+,knn_k10,2.0,-9.400000000000006
Jackson Chourio__2024_2025,wRC+,knn_k10,-7.0,-16.299999999999997
Jose Altuve__2024_2025,wRC+,knn_k10,-14.0,-18.0
Eugenio Suarez__2024_2025,wRC+,knn_k10,10.0,4.799999999999997
Colton Cowser__2024_2025,wRC+,knn_k10,-36.0,-18.400000000000006
Julio Rodriguez__2024_2025,wRC+,knn_k10,10.0,13.900000000000006
Nico Hoerner__2024_2025,wRC+,knn_k10,7.0,-6.700000000000003
Byron Buxton__2024_2025,wRC+,knn_k10,-4.0,-12.299999999999997
Ezequiel Tovar__2024_2025,wRC+,knn_k10,-16.0,-15.5
Ian Happ__2024_2025,wRC+,knn_k10,-5.0,-5.5
Oneil Cruz__2024_2025,wRC+,knn_k10,-24.0,4.400000000000006
Brenton Doyle__2024_2025,wRC+,knn_k10,-32.0,-8.5
Masyn Winn__2024_2025,wRC+,knn_k10,-13.0,-17.799999999999997
Seiya Suzuki__2024_2025,wRC+,knn_k10,-14.0,-1.1999999999999886
Manny Machado__2024_2025,wRC+,knn_k10,1.0,4.5
Zach Neto__2024_2025,wRC+,knn_k10,1.0,-3.9000000000000057
Austin Wells__2024_2025,wRC+,knn_k10,-13.0,-6.700000000000003
Anthony Volpe__2024_2025,wRC+,knn_k10,-4.0,4.5
Teoscar Hernandez__2024_2025,wRC+,knn_k10,-30.0,-32.5
Alec Bohm__2024_2025,wRC+,knn_k10,-8.0,-10.799999999999997
Kyle Schwarber__2024_2025,wRC+,knn_k10,18.0,15.199999999999989
Fernando Tatis Jr.__2024_2025,wRC+,knn_k10,-4.0,-8.200000000000003
Salvador Perez__2024_2025,wRC+,knn_k10,-22.0,-11.5
Isaac Paredes__2024_2025,wRC+,knn_k10,12.0,-7.200000000000003
Anthony Santander__2024_2025,wRC+,knn_k10,-67.0,-52.0
JJ Bleday__2024_2025,wRC+,knn_k10,-30.0,-28.0
Brendan Donovan__2024_2025,wRC+,knn_k10,4.0,-4.400000000000006
Joey Ortiz__2024_2025,wRC+,knn_k10,-38.0,-27.0
Nolan Arenado__2024_2025,wRC+,knn_k10,-19.0,-12.400000000000006
Daulton Varsho__2024_2025,wRC+,knn_k10,24.0,12.099999999999994
Lawrence Butler__2024_2025,wRC+,knn_k10,-34.0,-24.700000000000003
Christian Walker__2024_2025,wRC+,knn_k10,-21.0,-26.5
Tyler Stephenson__2024_2025,wRC+,knn_k10,-14.0,-6.5
Wilyer Abreu__2024_2025,wRC+,knn_k10,-6.0,-11.700000000000003
Wyatt Langford__2024_2025,wRC+,knn_k10,7.0,7.299999999999997
Christian Yelich__2024_2025,wRC+,knn_k10,-33.0,-41.0
Joc Pederson__2024_2025,wRC+,knn_k10,-76.0,-52.900000000000006
Tyler Fitzgerald__2024_2025,wRC+,knn_k10,-60.0,-78.8
Yainer Diaz__2024_2025,wRC+,knn_k10,-24.0,-8.0
Luis Garcia Jr.__2024_2025,wRC+,knn_k10,-19.0,-1.7000000000000028
Jake McCarthy__2024_2025,wRC+,knn_k10,-50.0,-25.200000000000003
Mark Vientos__2024_2025,wRC+,knn_k10,-35.0,-38.3
Nathaniel Lowe__2024_2025,wRC+,knn_k10,-32.0,-30.900000000000006
Jonathan India__2024_2025,wRC+,knn_k10,-20.0,-12.900000000000006
Carlos Santana__2024_2025,wRC+,knn_k10,-31.0,-31.299999999999997
Josh Smith__2024_2025,wRC+,knn_k10,-12.0,-18.599999999999994
Willi Castro__2024_2025,wRC+,knn_k10,-14.0,-28.599999999999994
Miguel Rojas__2024_2025,wRC+,knn_k10,-10.0,-17.700000000000003
Taylor Ward__2024_2025,wRC+,knn_k10,5.0,12.799999999999997
Brandon Nimmo__2024_2025,wRC+,knn_k10,6.0,15.700000000000003
Willson Contreras__2024_2025,wRC+,knn_k10,-17.0,-30.099999999999994
Jordan Westburg__2024_2025,wRC+,knn_k10,-9.0,-21.799999999999997
Adley Rutschman__2024_2025,wRC+,knn_k10,-12.0,10.700000000000003
Jeremy Pena__2024_2025,wRC+,knn_k10,36.0,6.200000000000003
Alejandro Kirk__2024_2025,wRC+,knn_k10,23.0,29.799999999999997
Jacob Young__2024_2025,wRC+,knn_k10,-18.0,-6.5
Andres Gimenez__2024_2025,wRC+,knn_k10,-13.0,-7.799999999999997
Matt Olson__2024_2025,wRC+,knn_k10,19.0,13.0
Will Smith__2024_2025,wRC+,knn_k10,44.0,17.700000000000003
Pete Crow-Armstrong__2024_2025,wRC+,knn_k10,23.0,23.400000000000006
Brice Turang__2024_2025,wRC+,knn_k10,36.0,28.900000000000006
Tyler O'Neill__2024_2025,wRC+,knn_k10,-42.0,-42.0
Jose Iglesias__2024_2025,wRC+,knn_k10,-63.0,-66.4
Gabriel Moreno__2024_2025,wRC+,knn_k10,10.0,0.20000000000000284
Otto Lopez__2024_2025,wRC+,knn_k10,-6.0,10.400000000000006
Kerry Carpenter__2024_2025,wRC+,knn_k10,-43.0,-49.599999999999994
Austin Riley__2024_2025,wRC+,knn_k10,-13.0,-10.400000000000006
Dylan Moore__2024_2025,wRC+,knn_k10,-23.0,-28.900000000000006
Heliot Ramos__2024_2025,wRC+,knn_k10,-14.0,-11.900000000000006
Luke Raley__2024_2025,wRC+,knn_k10,-38.0,-48.0
Josh Naylor__2024_2025,wRC+,knn_k10,10.0,6.400000000000006
Brandon Marsh__2024_2025,wRC+,knn_k10,9.0,3.799999999999997
Xavier Edwards__2024_2025,wRC+,knn_k10,-34.0,-36.400000000000006
Bryan Reynolds__2024_2025,wRC+,knn_k10,-19.0,-15.0
Brandon Lowe__2024_2025,wRC+,knn_k10,-9.0,-20.900000000000006
Michael Busch__2024_2025,wRC+,knn_k10,22.0,21.80000000000001
Parker Meadows__2024_2025,wRC+,knn_k10,-35.0,-26.900000000000006
Ivan Herrera__2024_2025,wRC+,knn_k10,9.0,-5.200000000000003
Pete Alonso__2024_2025,wRC+,knn_k10,20.0,14.199999999999989
Lourdes Gurriel Jr.__2024_2025,wRC+,knn_k10,-13.0,-6.299999999999997
Cody Bellinger__2024_2025,wRC+,knn_k10,17.0,9.099999999999994
Jake Cronenworth__2024_2025,wRC+,knn_k10,12.0,8.0
Logan O'Hoppe__2024_2025,wRC+,knn_k10,-30.0,-12.700000000000003
Cedric Mullins__2024_2025,wRC+,knn_k10,-10.0,-15.099999999999994
Ernie Clement__2024_2025,wRC+,knn_k10,4.0,-13.799999999999997
Isiah Kiner-Falefa__2024_2025,wRC+,knn_k10,-18.0,-4.099999999999994
Matt Wallner__2024_2025,wRC+,knn_k10,-40.0,-48.900000000000006
J.T. Realmuto__2024_2025,wRC+,knn_k10,-13.0,-14.799999999999997
Shea Langeliers__2024_2025,wRC+,knn_k10,23.0,12.599999999999994
Michael Harris II__2024_2025,wRC+,knn_k10,-16.0,7.700000000000003
Randy Arozarena__2024_2025,wRC+,knn_k10,6.0,-2.5999999999999943
Geraldo Perdomo__2024_2025,wRC+,knn_k10,36.0,15.5
Xander Bogaerts__2024_2025,wRC+,knn_k10,9.0,11.0
Spencer Horwitz__2024_2025,wRC+,knn_k10,-8.0,-20.599999999999994
Yandy Diaz__2024_2025,wRC+,knn_k10,15.0,18.900000000000006
Victor Caratini__2024_2025,wRC+,knn_k10,-9.0,-4.200000000000003
Edmundo Sosa__2024_2025,wRC+,knn_k10,9.0,-9.299999999999997
Ryan McMahon__2024_2025,wRC+,knn_k10,-2.0,9.799999999999997
Francisco Alvarez__2024_2025,wRC+,knn_k10,23.0,15.900000000000006
Freddy Fermin__2024_2025,wRC+,knn_k10,-15.0,-10.799999999999997
Jake Meyers__2024_2025,wRC+,knn_k10,22.0,7.299999999999997
Josh Rojas__2024_2025,wRC+,knn_k10,-48.0,-18.5
Jose Caballero__2024_2025,wRC+,knn_k10,14.0,8.200000000000003
CJ Abrams__2024_2025,wRC+,knn_k10,1.0,-1.2000000000000028
Travis d'Arnaud__2024_2025,wRC+,knn_k10,-39.0,-36.5
Gleyber Torres__2024_2025,wRC+,knn_k10,8.0,17.799999999999997
Paul DeJong__2024_2025,wRC+,knn_k10,-20.0,-28.900000000000006
Carson Kelly__2024_2025,wRC+,knn_k10,17.0,11.200000000000003
Bryson Stott__2024_2025,wRC+,knn_k10,13.0,18.200000000000003
Lars Nootbaar__2024_2025,wRC+,knn_k10,-18.0,-10.900000000000006
Mike Yastrzemski__2024_2025,wRC+,knn_k10,0.0,6.200000000000003
Colt Keith__2024_2025,wRC+,knn_k10,14.0,12.700000000000003
Jose Trevino__2024_2025,wRC+,knn_k10,-19.0,7.400000000000006
Randal Grichuk__2024_2025,wRC+,knn_k10,-57.0,-28.5
Ryan O'Hearn__2024_2025,wRC+,knn_k10,9.0,-5.0
Michael Massey__2024_2025,wRC+,knn_k10,-47.0,-20.200000000000003
Kyle Higashioka__2024_2025,wRC+,knn_k10,-11.0,-13.599999999999994
Ryan Jeffers__2024_2025,wRC+,knn_k10,7.0,1.0999999999999943
Jesus Sanchez__2024_2025,wRC+,knn_k10,-8.0,14.5
Spencer Steer__2024_2025,wRC+,knn_k10,-1.0,-14.0
J.P. Crawford__2024_2025,wRC+,knn_k10,23.0,13.0
Bo Naylor__2024_2025,wRC+,knn_k10,11.0,19.5
Luis Rengifo__2024_2025,wRC+,knn_k10,-45.0,-33.400000000000006
Vinnie Pasquantino__2024_2025,wRC+,knn_k10,7.0,23.900000000000006
Sal Frelick__2024_2025,wRC+,knn_k10,27.0,14.099999999999994
Kyle Isbel__2024_2025,wRC+,knn_k10,-3.0,-3.4000000000000057
Trevor Larnach__2024_2025,wRC+,knn_k10,-17.0,-19.5
Jake Burger__2024_2025,wRC+,knn_k10,-18.0,-4.900000000000006
Ryan Mountcastle__2024_2025,wRC+,knn_k10,-26.0,-19.799999999999997
Gavin Lux__2024_2025,wRC+,knn_k10,4.0,-3.700000000000003
Rob Refsnyder__2024_2025,wRC+,knn_k10,-4.0,-6.099999999999994
Joey Bart__2024_2025,wRC+,knn_k10,-20.0,-33.0
James Wood__2024_2025,wRC+,knn_k10,7.0,17.19999999999999
LaMonte Wade Jr.__2024_2025,wRC+,knn_k10,-67.0,-41.099999999999994
Michael Conforto__2024_2025,wRC+,knn_k10,-29.0,-21.700000000000003
Andy Pages__2024_2025,wRC+,knn_k10,15.0,3.4000000000000057
Nick Gonzales__2024_2025,wRC+,knn_k10,-12.0,-11.799999999999997
Ozzie Albies__2024_2025,wRC+,knn_k10,-9.0,-6.0
Jeff McNeil__2024_2025,wRC+,knn_k10,14.0,1.2999999999999972
Max Schuemann__2024_2025,wRC+,knn_k10,-23.0,-3.299999999999997
Maikel Garcia__2024_2025,wRC+,knn_k10,50.0,49.400000000000006
Paul Goldschmidt__2024_2025,wRC+,knn_k10,3.0,1.9000000000000057
Harrison Bader__2024_2025,wRC+,knn_k10,37.0,15.0
Jorge Soler__2024_2025,wRC+,knn_k10,-32.0,-19.900000000000006
Royce Lewis__2024_2025,wRC+,knn_k10,-21.0,-10.900000000000006
Luis Arraez__2024_2025,wRC+,knn_k10,-5.0,5.099999999999994
George Springer__2024_2025,wRC+,knn_k10,72.0,45.400000000000006
Mauricio Dubon__2024_2025,wRC+,knn_k10,-6.0,-13.0
Brayan Rocchio__2024_2025,wRC+,knn_k10,-2.0,-2.0999999999999943
Mike Tauchman__2024_2025,wRC+,knn_k10,5.0,-9.5
Jake Fraley__2024_2025,wRC+,knn_k10,1.0,-11.099999999999994
Tyrone Taylor__2024_2025,wRC+,knn_k10,-27.0,-17.200000000000003
Josh Lowe__2024_2025,wRC+,knn_k10,-19.0,-23.200000000000003
Wenceel Perez__2024_2025,wRC+,knn_k10,9.0,6.799999999999997
Ceddanne Rafaela__2024_2025,wRC+,knn_k10,10.0,6.299999999999997
Zach McKinstry__2024_2025,wRC+,knn_k10,40.0,18.700000000000003
Masataka Yoshida__2024_2025,wRC+,knn_k10,-28.0,-7.0
Ramon Laureano__2024_2025,wRC+,knn_k10,30.0,14.700000000000003
Ramon Urias__2024_2025,wRC+,knn_k10,-27.0,-29.200000000000003
Ronald Acuna Jr.__2024_2025,wRC+,knn_k10,55.0,29.099999999999994
Max Kepler__2024_2025,wRC+,knn_k10,-3.0,11.900000000000006
Giancarlo Stanton__2024_2025,wRC+,knn_k10,41.0,11.699999999999989
Sean Murphy__2024_2025,wRC+,knn_k10,19.0,15.799999999999997
Orlando Arcia__2024_2025,wRC+,knn_k10,-39.0,-9.100000000000001
Alec Burleson__2024_2025,wRC+,knn_k10,18.0,14.900000000000006
Nolan Schanuel__2024_2025,wRC+,knn_k10,4.0,-1.0999999999999943
Abraham Toro__2024_2025,wRC+,knn_k10,-10.0,0.0
Christian Vazquez__2024_2025,wRC+,knn_k10,-4.0,10.299999999999997
Starling Marte__2024_2025,wRC+,knn_k10,9.0,-9.299999999999997
Danny Jansen__2024_2025,wRC+,knn_k10,13.0,-5.299999999999997
Luis Robert Jr.__2024_2025,wRC+,knn_k10,0.0,11.599999999999994
Enrique Hernandez__2024_2025,wRC+,knn_k10,-12.0,0.5
Alex Verdugo__2024_2025,wRC+,knn_k10,-19.0,3.5999999999999943
Nick Fortes__2024_2025,wRC+,knn_k10,22.0,23.599999999999994
Andrew McCutchen__2024_2025,wRC+,knn_k10,-11.0,-4.299999999999997
Elias Diaz__2024_2025,wRC+,knn_k10,-7.0,-14.400000000000006
Trent Grisham__2024_2025,wRC+,knn_k10,36.0,27.799999999999997
Pedro Pages__2024_2025,wRC+,knn_k10,-7.0,-16.400000000000006
Kyle Farmer__2024_2025,wRC+,knn_k10,-19.0,-10.599999999999994
Michael Toglia__2024_2025,wRC+,knn_k10,-44.0,-20.099999999999994
Miguel Andujar__2024_2025,wRC+,knn_k10,22.0,6.299999999999997
Tyler Freeman__2024_2025,wRC+,knn_k10,7.0,22.599999999999994
Davis Schneider__2024_2025,wRC+,knn_k10,47.0,29.099999999999994
Jared Triolo__2024_2025,wRC+,knn_k10,14.0,19.900000000000006
Michael A. Taylor__2024_2025,wRC+,knn_k10,20.0,27.799999999999997
Tyler Soderstrom__2024_2025,wRC+,knn_k10,11.0,16.099999999999994
TJ Friedl__2024_2025,wRC+,knn_k10,19.0,9.900000000000006
Daniel Schneemann__2024_2025,wRC+,knn_k10,-14.0,-10.400000000000006
Nolan Gorman__2024_2025,wRC+,knn_k10,1.0,-1.0999999999999943
Jorge Polanco__2024_2025,wRC+,knn_k10,39.0,31.400000000000006
Bo Bichette__2024_2025,wRC+,knn_k10,64.0,46.099999999999994
Nick Castellanos__2024_2025,wRC+,knn_k10,-14.0,-19.799999999999997
Romy Gonzalez__2024_2025,wRC+,knn_k10,25.0,18.900000000000006
Rhys Hoskins__2024_2025,wRC+,knn_k10,8.0,3.9000000000000057
Austin Hays__2024_2025,wRC+,knn_k10,8.0,-0.5999999999999943
Dominic Smith__2024_2025,wRC+,knn_k10,17.0,-4.0
Ezequiel Duran__2024_2025,wRC+,knn_k10,-18.0,-4.599999999999994
Jo Adell__2024_2025,wRC+,knn_k10,21.0,31.799999999999997
Spencer Torkelson__2024_2025,wRC+,knn_k10,27.0,24.400000000000006
Jake Bauers__2024_2025,wRC+,knn_k10,26.0,21.5
Mickey Moniak__2024_2025,wRC+,knn_k10,30.0,29.900000000000006
Lenyn Sosa__2024_2025,wRC+,knn_k10,19.0,24.0
Ke'Bryan Hayes__2024_2025,wRC+,knn_k10,5.0,20.299999999999997
Santiago Espinal__2024_2025,wRC+,knn_k10,-18.0,-3.200000000000003
Edouard Julien__2024_2025,wRC+,knn_k10,2.0,16.0
Jackson Holliday__2024_2025,wRC+,knn_k10,34.0,38.099999999999994
Josh Bell__2024_2025,wRC+,knn_k10,6.0,14.5
Andrew Vaughn__2024_2025,wRC+,knn_k10,2.0,14.700000000000003
Andrew Benintendi__2024_2025,wRC+,knn_k10,10.0,5.5
Adolis Garcia__2024_2025,wRC+,knn_k10,-11.0,1.7999999999999972
Tommy Pham__2024_2025,wRC+,knn_k10,2.0,10.900000000000006
Jonah Heim__2024_2025,wRC+,knn_k10,-3.0,-1.9000000000000057
Taylor Walls__2024_2025,wRC+,knn_k10,6.0,9.0
Keibert Ruiz__2024_2025,wRC+,knn_k10,-5.0,17.0
Addison Barger__2024_2025,wRC+,knn_k10,38.0,50.900000000000006
Rowdy Tellez__2024_2025,wRC+,knn_k10,11.0,22.099999999999994
Mitch Garver__2024_2025,wRC+,knn_k10,-3.0,-4.299999999999997
Adam Frazier__2024_2025,wRC+,knn_k10,24.0,6.799999999999997
Will Benson__2024_2025,wRC+,knn_k10,9.0,29.5
Kyle Stowers__2024_2025,wRC+,knn_k10,81.0,57.900000000000006
Wilmer Flores__2024_2025,wRC+,knn_k10,27.0,15.700000000000003
Javier Baez__2024_2025,wRC+,knn_k10,45.0,34.599999999999994
Ty France__2024_2025,wRC+,knn_k10,-1.0,2.799999999999997
Gavin Sheets__2024_2025,wRC+,knn_k10,23.0,26.400000000000006
Nolan Jones__2024_2025,wRC+,knn_k10,3.0,17.200000000000003
Christopher Morel__2024_2025,wRC+,knn_k10,9.0,19.599999999999994
Miguel Vargas__2024_2025,wRC+,knn_k10,55.0,61.099999999999994
Dylan Carlson__2024_2025,wRC+,knn_k10,7.0,15.700000000000003
Hunter Goodman__2024_2025,wRC+,knn_k10,57.0,52.7
Noelvi Marte__2024_2025,wRC+,knn_k10,53.0,56.2
Aaron Judge__2024_2025,OPS,lr_basic,-0.0150000000000001,-0.09191764326375584
Bobby Witt Jr.__2024_2025,OPS,lr_basic,-0.125,-0.13739791132014992
Shohei Ohtani__2024_2025,OPS,lr_basic,-0.022,-0.09784032749326975
Juan Soto__2024_2025,OPS,lr_basic,-0.0679999999999999,-0.10483761168337738
Gunnar Henderson__2024_2025,OPS,lr_basic,-0.1059999999999999,-0.152829947732372
Francisco Lindor__2024_2025,OPS,lr_basic,-0.0329999999999999,-0.07472529961869825
Jarren Duran__2024_2025,OPS,lr_basic,-0.0599999999999999,-0.0799656966075502
Elly De La Cruz__2024_2025,OPS,lr_basic,-0.032,-0.03562564844374616
Jose Ramirez__2024_2025,OPS,lr_basic,-0.009,-0.07287119646848529
Ketel Marte__2024_2025,OPS,lr_basic,-0.039,-0.09457410331963241
William Contreras__2024_2025,OPS,lr_basic,-0.0769999999999999,-0.11622940456823433
Matt Chapman__2024_2025,OPS,lr_basic,-0.02,-0.0793257370319331
Cal Raleigh__2024_2025,OPS,lr_basic,0.1999999999999999,0.11786445118589445
Vladimir Guerrero Jr.__2024_2025,OPS,lr_basic,-0.0919999999999999,-0.10577418827156623
Jackson Merrill__2024_2025,OPS,lr_basic,-0.0519999999999999,-0.1330725568423698
Brent Rooker__2024_2025,OPS,lr_basic,-0.1130000000000001,-0.10499748615930375
Bryce Harper__2024_2025,OPS,lr_basic,-0.054,-0.07123175945197971
Willy Adames__2024_2025,OPS,lr_basic,-0.054,-0.0762201718980855
Marcell Ozuna__2024_2025,OPS,lr_basic,-0.169,-0.20670870432373273
Corey Seager__2024_2025,OPS,lr_basic,-0.004,-0.05365952447989621
Mookie Betts__2024_2025,OPS,lr_basic,-0.131,-0.11621410223034576
Jurickson Profar__2024_2025,OPS,lr_basic,-0.0519999999999999,-0.12097824978555552
Corbin Carroll__2024_2025,OPS,lr_basic,0.134,0.1097202394639826
Marcus Semien__2024_2025,OPS,lr_basic,-0.0299999999999999,-0.07313137975708824
Patrick Bailey__2024_2025,OPS,lr_basic,-0.035,-0.14676212169688369
Kyle Tucker__2024_2025,OPS,lr_basic,-0.152,-0.12350853449402452
Carlos Correa__2024_2025,OPS,lr_basic,-0.171,-0.12259237572973473
Rafael Devers__2024_2025,OPS,lr_basic,-0.02,-0.044007473953034434
Steven Kwan__2024_2025,OPS,lr_basic,-0.088,-0.09585901675752652
Alex Bregman__2024_2025,OPS,lr_basic,0.0529999999999999,-0.010217630899513531
Dansby Swanson__2024_2025,OPS,lr_basic,0.016,0.01638341663602713
Jazz Chisholm Jr.__2024_2025,OPS,lr_basic,0.0529999999999999,0.005256141891079138
Freddie Freeman__2024_2025,OPS,lr_basic,0.015,-0.03335392158058972
Riley Greene__2024_2025,OPS,lr_basic,-0.0209999999999999,-0.05347908888433821
Trea Turner__2024_2025,OPS,lr_basic,0.005,-0.010086003914959793
Jackson Chourio__2024_2025,OPS,lr_basic,-0.021,-0.047181632584828506
Jose Altuve__2024_2025,OPS,lr_basic,-0.019,-0.025861788177790432
Eugenio Suarez__2024_2025,OPS,lr_basic,0.0359999999999999,0.00754922209588796
Colton Cowser__2024_2025,OPS,lr_basic,-0.1129999999999999,-0.10660844437856373
Julio Rodriguez__2024_2025,OPS,lr_basic,0.064,0.04562595575454597
Nico Hoerner__2024_2025,OPS,lr_basic,0.031,0.01565408714854677
Byron Buxton__2024_2025,OPS,lr_basic,0.019,0.044631931761496345
Ezequiel Tovar__2024_2025,OPS,lr_basic,-0.069,-0.030310862848133092
Ian Happ__2024_2025,OPS,lr_basic,-0.02,-0.031199759124030682
Oneil Cruz__2024_2025,OPS,lr_basic,-0.0969999999999999,-0.0788436603178506
Brenton Doyle__2024_2025,OPS,lr_basic,-0.1129999999999999,-0.07533037529729436
Masyn Winn__2024_2025,OPS,lr_basic,-0.0569999999999999,-0.06147710526756506
Seiya Suzuki__2024_2025,OPS,lr_basic,-0.0439999999999999,-0.008314501139919002
Manny Machado__2024_2025,OPS,lr_basic,-0.002,-0.03780957060358377
Zach Neto__2024_2025,OPS,lr_basic,0.032,0.03973165473130184
Austin Wells__2024_2025,OPS,lr_basic,-0.006,-0.007170510180588414
Anthony Volpe__2024_2025,OPS,lr_basic,0.006,0.03125303970843248
Teoscar Hernandez__2024_2025,OPS,lr_basic,-0.1019999999999999,-0.08711896279279262
Alec Bohm__2024_2025,OPS,lr_basic,-0.038,-0.051393291002449014
Kyle Schwarber__2024_2025,OPS,lr_basic,0.077,0.05682598860180113
Fernando Tatis Jr.__2024_2025,OPS,lr_basic,-0.019,-0.08630966919210277
Salvador Perez__2024_2025,OPS,lr_basic,-0.057,-0.029001395212071034
Isaac Paredes__2024_2025,OPS,lr_basic,0.07,0.07225847199590865
Anthony Santander__2024_2025,OPS,lr_basic,-0.249,-0.26706515350497184
JJ Bleday__2024_2025,OPS,lr_basic,-0.064,-0.12145187579598905
Brendan Donovan__2024_2025,OPS,lr_basic,0.016,0.009832362708617955
Joey Ortiz__2024_2025,OPS,lr_basic,-0.133,-0.12607708326413408
Nolan Arenado__2024_2025,OPS,lr_basic,-0.0529999999999999,-0.03979265103194629
Daulton Varsho__2024_2025,OPS,lr_basic,0.133,0.1361342208849953
Lawrence Butler__2024_2025,OPS,lr_basic,-0.097,-0.14865735179959988
Christian Walker__2024_2025,OPS,lr_basic,-0.086,-0.12427389551888517
Tyler Stephenson__2024_2025,OPS,lr_basic,-0.045,-0.09660111882516313
Wilyer Abreu__2024_2025,OPS,lr_basic,0.005,-0.008909588081558421
Wyatt Langford__2024_2025,OPS,lr_basic,0.035,0.0018387093144706605
Christian Yelich__2024_2025,OPS,lr_basic,-0.1139999999999999,-0.09069840646355228
Joc Pederson__2024_2025,OPS,lr_basic,-0.294,-0.21428162969202139
Tyler Fitzgerald__2024_2025,OPS,lr_basic,-0.2249999999999999,-0.199412831656818
Yainer Diaz__2024_2025,OPS,lr_basic,-0.065,-0.07004187909395455
Luis Garcia Jr.__2024_2025,OPS,lr_basic,-0.061,-0.03916119547821971
Jake McCarthy__2024_2025,OPS,lr_basic,-0.158,-0.05649665227531571
Mark Vientos__2024_2025,OPS,lr_basic,-0.135,-0.12157835399543755
Nathaniel Lowe__2024_2025,OPS,lr_basic,-0.073,-0.0877427547384757
Jonathan India__2024_2025,OPS,lr_basic,-0.0809999999999999,-0.09134570775125501
Carlos Santana__2024_2025,OPS,lr_basic,-0.1159999999999999,-0.1543546860142833
Josh Smith__2024_2025,OPS,lr_basic,-0.031,-0.03675669703354484
Willi Castro__2024_2025,OPS,lr_basic,-0.0379999999999999,-0.0476327058488722
Miguel Rojas__2024_2025,OPS,lr_basic,-0.033,-0.04593945595199009
Taylor Ward__2024_2025,OPS,lr_basic,0.044,0.01760243565568166
Brandon Nimmo__2024_2025,OPS,lr_basic,0.033,0.014799829220817901
Willson Contreras__2024_2025,OPS,lr_basic,-0.0569999999999999,-0.01042286147148584
Jordan Westburg__2024_2025,OPS,lr_basic,-0.022,-0.06807517787518691
Adley Rutschman__2024_2025,OPS,lr_basic,-0.0359999999999999,-0.013269885769394653
Jeremy Pena__2024_2025,OPS,lr_basic,0.139,0.059316617562946955
Alejandro Kirk__2024_2025,OPS,lr_basic,0.0919999999999999,0.07211011465203913
Jacob Young__2024_2025,OPS,lr_basic,-0.065,-0.0027638131682714215
Andres Gimenez__2024_2025,OPS,lr_basic,-0.04,-0.051774005073498205
Matt Olson__2024_2025,OPS,lr_basic,0.0599999999999999,0.040107690090560116
Will Smith__2024_2025,OPS,lr_basic,0.141,0.07338666739434317
Pete Crow-Armstrong__2024_2025,OPS,lr_basic,0.0979999999999999,0.11749390243498328
Brice Turang__2024_2025,OPS,lr_basic,0.129,0.11444549462836628
Tyler O'Neill__2024_2025,OPS,lr_basic,-0.1629999999999999,-0.1232605346723786
Jose Iglesias__2024_2025,OPS,lr_basic,-0.238,-0.16135298255379268
Gabriel Moreno__2024_2025,OPS,lr_basic,0.052,0.019272700593540297
Otto Lopez__2024_2025,OPS,lr_basic,-0.0179999999999999,0.022837515784063546
Kerry Carpenter__2024_2025,OPS,lr_basic,-0.144,-0.07185944322781013
Austin Riley__2024_2025,OPS,lr_basic,-0.046,-0.09877009296856405
Dylan Moore__2024_2025,OPS,lr_basic,-0.045,-0.09106015941508785
Heliot Ramos__2024_2025,OPS,lr_basic,-0.064,-0.04696399899261984
Luke Raley__2024_2025,OPS,lr_basic,-0.152,-0.1716487764413603
Josh Naylor__2024_2025,OPS,lr_basic,0.0399999999999999,0.003568903063508329
Brandon Marsh__2024_2025,OPS,lr_basic,0.038,0.008600623038953625
Xavier Edwards__2024_2025,OPS,lr_basic,-0.125,0.014734572048091093
Bryan Reynolds__2024_2025,OPS,lr_basic,-0.071,-0.059611935772742056
Brandon Lowe__2024_2025,OPS,lr_basic,0.002,0.006268857664093028
Michael Busch__2024_2025,OPS,lr_basic,0.0909999999999999,0.14202732365572554
Parker Meadows__2024_2025,OPS,lr_basic,-0.122,-0.08701512351379495
Ivan Herrera__2024_2025,OPS,lr_basic,0.0369999999999999,0.05757422394443541
Pete Alonso__2024_2025,OPS,lr_basic,0.0829999999999999,0.0952151293481868
Lourdes Gurriel Jr.__2024_2025,OPS,lr_basic,-0.044,-0.05411844436309072
Cody Bellinger__2024_2025,OPS,lr_basic,0.0619999999999999,0.07536045417786551
Jake Cronenworth__2024_2025,OPS,lr_basic,0.03,-0.07009038932279052
Logan O'Hoppe__2024_2025,OPS,lr_basic,-0.0829999999999999,-0.05264617204999901
Cedric Mullins__2024_2025,OPS,lr_basic,-0.02,-0.03681645895478884
Ernie Clement__2024_2025,OPS,lr_basic,0.019,-0.026705283526764472
Isiah Kiner-Falefa__2024_2025,OPS,lr_basic,-0.052,-0.0914966279996548
Matt Wallner__2024_2025,OPS,lr_basic,-0.118,-0.10898650238133094
J.T. Realmuto__2024_2025,OPS,lr_basic,-0.051,-0.06273620293869016
Shea Langeliers__2024_2025,OPS,lr_basic,0.122,0.06262398152774114
Michael Harris II__2024_2025,OPS,lr_basic,-0.0439999999999999,-0.0673379554000946
Randy Arozarena__2024_2025,OPS,lr_basic,0.04,0.03513283979308188
Geraldo Perdomo__2024_2025,OPS,lr_basic,0.133,0.11836449087822168
Xander Bogaerts__2024_2025,OPS,lr_basic,0.032,0.0017260642247703892
Spencer Horwitz__2024_2025,OPS,lr_basic,-0.003,-0.03907129512506581
Yandy Diaz__2024_2025,OPS,lr_basic,0.0929999999999999,0.03038983672266457
Victor Caratini__2024_2025,OPS,lr_basic,-0.016,-0.03836244035652328
Edmundo Sosa__2024_2025,OPS,lr_basic,0.043,0.007239495678445116
Ryan McMahon__2024_2025,OPS,lr_basic,-0.029,-0.06406556427206436
Francisco Alvarez__2024_2025,OPS,lr_basic,0.077,0.055308890275610076
Freddy Fermin__2024_2025,OPS,lr_basic,-0.049,-0.0494454059681855
Jake Meyers__2024_2025,OPS,lr_basic,0.0809999999999999,0.04638472394875639
Josh Rojas__2024_2025,OPS,lr_basic,-0.129,-0.056628808793057914
Jose Caballero__2024_2025,OPS,lr_basic,0.056,0.05798496169097654
CJ Abrams__2024_2025,OPS,lr_basic,0.001,-0.0014463117635687087
Travis d'Arnaud__2024_2025,OPS,lr_basic,-0.141,-0.1744854554589331
Gleyber Torres__2024_2025,OPS,lr_basic,0.036,0.057388140805416835
Paul DeJong__2024_2025,OPS,lr_basic,-0.0609999999999999,-0.07869610641468969
Carson Kelly__2024_2025,OPS,lr_basic,0.0739999999999999,0.05655888639488019
Bryson Stott__2024_2025,OPS,lr_basic,0.0479999999999999,0.01323852193376931
Lars Nootbaar__2024_2025,OPS,lr_basic,-0.0719999999999999,-0.11952144916498265
Mike Yastrzemski__2024_2025,OPS,lr_basic,-0.004,0.014508816270477029
Colt Keith__2024_2025,OPS,lr_basic,0.057,0.043772164852952614
Jose Trevino__2024_2025,OPS,lr_basic,-0.019,-0.019270722864696506
Randal Grichuk__2024_2025,OPS,lr_basic,-0.2009999999999999,-0.08784713999670345
Ryan O'Hearn__2024_2025,OPS,lr_basic,0.042,-0.037432764322834225
Michael Massey__2024_2025,OPS,lr_basic,-0.162,-0.16498713136763424
Kyle Higashioka__2024_2025,OPS,lr_basic,-0.046,-0.034291671828548864
Ryan Jeffers__2024_2025,OPS,lr_basic,0.02,-0.007138046316079895
Jesus Sanchez__2024_2025,OPS,lr_basic,-0.032,-0.07603611249897772
Spencer Steer__2024_2025,OPS,lr_basic,0.002,-0.058285924225691677
J.P. Crawford__2024_2025,OPS,lr_basic,0.0969999999999999,0.017367905186825468
Bo Naylor__2024_2025,OPS,lr_basic,0.047,0.05217730904281628
Luis Rengifo__2024_2025,OPS,lr_basic,-0.141,-0.07685460157126774
Vinnie Pasquantino__2024_2025,OPS,lr_basic,0.038,-0.004290564569680885
Sal Frelick__2024_2025,OPS,lr_basic,0.1009999999999999,0.10470016354933699
Kyle Isbel__2024_2025,OPS,lr_basic,0.0,-0.0416541427318075
Trevor Larnach__2024_2025,OPS,lr_basic,-0.044,-0.07548385758692042
Jake Burger__2024_2025,OPS,lr_basic,-0.0729999999999999,-0.07987906248222952
Ryan Mountcastle__2024_2025,OPS,lr_basic,-0.0799999999999999,-0.09428947683583923
Gavin Lux__2024_2025,OPS,lr_basic,0.021,-0.058447623544183105
Rob Refsnyder__2024_2025,OPS,lr_basic,0.008,0.03599961217038997
Joey Bart__2024_2025,OPS,lr_basic,-0.103,-0.11825403278327506
James Wood__2024_2025,OPS,lr_basic,0.0439999999999999,0.07284999038286735
LaMonte Wade Jr.__2024_2025,OPS,lr_basic,-0.237,-0.1894087797536033
Michael Conforto__2024_2025,OPS,lr_basic,-0.122,-0.14415060378176042
Andy Pages__2024_2025,OPS,lr_basic,0.062,0.021112582310066318
Nick Gonzales__2024_2025,OPS,lr_basic,-0.0479999999999999,-0.0593661506702708
Ozzie Albies__2024_2025,OPS,lr_basic,-0.0359999999999999,-0.07635474904544619
Jeff McNeil__2024_2025,OPS,lr_basic,0.054,0.034848736148839564
Max Schuemann__2024_2025,OPS,lr_basic,-0.051,-0.014073978291836885
Maikel Garcia__2024_2025,OPS,lr_basic,0.186,0.12874401042073422
Paul Goldschmidt__2024_2025,OPS,lr_basic,0.015,-0.018013837108101637
Harrison Bader__2024_2025,OPS,lr_basic,0.139,0.019700900575086347
Jorge Soler__2024_2025,OPS,lr_basic,-0.0999999999999999,-0.12137820885897305
Royce Lewis__2024_2025,OPS,lr_basic,-0.0759999999999999,-0.03826338089670329
Luis Arraez__2024_2025,OPS,lr_basic,-0.02,-0.03661442175468737
George Springer__2024_2025,OPS,lr_basic,0.2849999999999999,0.23033798239466016
Mauricio Dubon__2024_2025,OPS,lr_basic,-0.013,-0.0021141633678642604
Brayan Rocchio__2024_2025,OPS,lr_basic,0.016,0.04434550448831227
Mike Tauchman__2024_2025,OPS,lr_basic,0.033,-0.022448491279293836
Jake Fraley__2024_2025,OPS,lr_basic,-0.002,0.006127057266234271
Tyrone Taylor__2024_2025,OPS,lr_basic,-0.1029999999999999,-0.09891107213528946
Josh Lowe__2024_2025,OPS,lr_basic,-0.0429999999999999,-0.05379129551793606
Wenceel Perez__2024_2025,OPS,lr_basic,0.0549999999999999,0.03319491039397805
Ceddanne Rafaela__2024_2025,OPS,lr_basic,0.0439999999999999,0.08954925990658202
Zach McKinstry__2024_2025,OPS,lr_basic,0.157,0.04094463078577914
Masataka Yoshida__2024_2025,OPS,lr_basic,-0.069,-0.008471274486790366
Ramon Laureano__2024_2025,OPS,lr_basic,0.1069999999999999,0.13735892952820905
Ramon Urias__2024_2025,OPS,lr_basic,-0.0699999999999999,-0.061375584838557436
Ronald Acuna Jr.__2024_2025,OPS,lr_basic,0.219,0.12859626310355743
Max Kepler__2024_2025,OPS,lr_basic,0.0089999999999998,0.029283130053137256
Giancarlo Stanton__2024_2025,OPS,lr_basic,0.1709999999999999,0.022182806200846103
Sean Murphy__2024_2025,OPS,lr_basic,0.0729999999999999,0.017184346080749334
Orlando Arcia__2024_2025,OPS,lr_basic,-0.0959999999999999,-0.07443065455783694
Alec Burleson__2024_2025,OPS,lr_basic,0.066,0.02620191071988076
Nolan Schanuel__2024_2025,OPS,lr_basic,0.036,0.03811723508957564
Abraham Toro__2024_2025,OPS,lr_basic,0.016,-0.016817719058778755
Christian Vazquez__2024_2025,OPS,lr_basic,-0.0299999999999999,-0.08119360582491829
Starling Marte__2024_2025,OPS,lr_basic,0.03,-0.039900649803635696
Danny Jansen__2024_2025,OPS,lr_basic,0.0629999999999999,0.013012342701613335
Luis Robert Jr.__2024_2025,OPS,lr_basic,0.004,0.026659698595695988
Enrique Hernandez__2024_2025,OPS,lr_basic,-0.033,-0.059012988279801976
Alex Verdugo__2024_2025,OPS,lr_basic,-0.062,-0.0543356841605801
Nick Fortes__2024_2025,OPS,lr_basic,0.067,0.038196286075140154
Andrew McCutchen__2024_2025,OPS,lr_basic,-0.039,-0.02415980207094328
Elias Diaz__2024_2025,OPS,lr_basic,-0.0879999999999999,-0.07233081842222387
Trent Grisham__2024_2025,OPS,lr_basic,0.136,0.10752650865652967
Pedro Pages__2024_2025,OPS,lr_basic,-0.022,-0.055663535921381894
Kyle Farmer__2024_2025,OPS,lr_basic,-0.002,-0.023817446652275212
Michael Toglia__2024_2025,OPS,lr_basic,-0.156,-0.22613739719908368
Miguel Andujar__2024_2025,OPS,lr_basic,0.125,0.0542395174347579
Tyler Freeman__2024_2025,OPS,lr_basic,0.0889999999999999,0.06516735918718879
Davis Schneider__2024_2025,OPS,lr_basic,0.172,0.08170449729558145
Jared Triolo__2024_2025,OPS,lr_basic,0.056,0.04696022564128059
Michael A. Taylor__2024_2025,OPS,lr_basic,0.0819999999999999,0.03250806368906711
Tyler Soderstrom__2024_2025,OPS,lr_basic,0.0769999999999999,0.06509645948573163
TJ Friedl__2024_2025,OPS,lr_basic,0.052,-0.019470090504248812
Daniel Schneemann__2024_2025,OPS,lr_basic,-0.035,0.01997654915286349
Nolan Gorman__2024_2025,OPS,lr_basic,-0.005,-0.032001140928247816
Jorge Polanco__2024_2025,OPS,lr_basic,0.1699999999999999,0.18286815569387738
Bo Bichette__2024_2025,OPS,lr_basic,0.242,0.20011075287591196
Nick Castellanos__2024_2025,OPS,lr_basic,-0.048,-0.09699944900028025
Romy Gonzalez__2024_2025,OPS,lr_basic,0.1029999999999999,0.061978802940196434
Rhys Hoskins__2024_2025,OPS,lr_basic,0.026,-0.013777273901149762
Austin Hays__2024_2025,OPS,lr_basic,0.069,0.02207595920010301
Dominic Smith__2024_2025,OPS,lr_basic,0.059,-0.0049642902127730185
Ezequiel Duran__2024_2025,OPS,lr_basic,-0.0499999999999999,-0.07993292370666914
Jo Adell__2024_2025,OPS,lr_basic,0.0959999999999999,0.10617271829100856
Spencer Torkelson__2024_2025,OPS,lr_basic,0.12,0.11287189592250862
Jake Bauers__2024_2025,OPS,lr_basic,0.0899999999999999,0.0999331532075855
Mickey Moniak__2024_2025,OPS,lr_basic,0.1779999999999999,0.1500665360920223
Lenyn Sosa__2024_2025,OPS,lr_basic,0.0849999999999999,0.04360939190519816
Ke'Bryan Hayes__2024_2025,OPS,lr_basic,0.022,-0.029197935344248263
Santiago Espinal__2024_2025,OPS,lr_basic,-0.075,-0.07250566726717042
Edouard Julien__2024_2025,OPS,lr_basic,0.017,0.04569528605784982
Jackson Holliday__2024_2025,OPS,lr_basic,0.125,0.07687933117714407
Josh Bell__2024_2025,OPS,lr_basic,0.016,0.0678885652914772
Andrew Vaughn__2024_2025,OPS,lr_basic,0.02,0.031073002693431405
Andrew Benintendi__2024_2025,OPS,lr_basic,0.0529999999999999,-0.020031758225321973
Adolis Garcia__2024_2025,OPS,lr_basic,-0.019,-0.0213970841437484
Tommy Pham__2024_2025,OPS,lr_basic,0.0259999999999999,-0.009506874322884086
Jonah Heim__2024_2025,OPS,lr_basic,0.0,-0.0520819191907844
Taylor Walls__2024_2025,OPS,lr_basic,0.0699999999999999,0.06837118966770313
Keibert Ruiz__2024_2025,OPS,lr_basic,-0.024,-0.015239407220968604
Addison Barger__2024_2025,OPS,lr_basic,0.155,0.14039872948610127
Rowdy Tellez__2024_2025,OPS,lr_basic,0.028,0.018749529497490217
Mitch Garver__2024_2025,OPS,lr_basic,0.012,0.016654433695174935
Adam Frazier__2024_2025,OPS,lr_basic,0.1080000000000001,0.015013012102118228
Will Benson__2024_2025,OPS,lr_basic,0.0579999999999999,0.1461328600223848
Kyle Stowers__2024_2025,OPS,lr_basic,0.311,0.24387098010344813
Wilmer Flores__2024_2025,OPS,lr_basic,0.091,-0.008171721521896071
Javier Baez__2024_2025,OPS,lr_basic,0.164,0.015620829748363018
Ty France__2024_2025,OPS,lr_basic,0.011,0.012282283817904345
Gavin Sheets__2024_2025,OPS,lr_basic,0.0859999999999999,0.10112510140511692
Nolan Jones__2024_2025,OPS,lr_basic,-0.041,-0.013088806351135972
Christopher Morel__2024_2025,OPS,lr_basic,0.05,0.019604853567583763
Miguel Vargas__2024_2025,OPS,lr_basic,0.2109999999999999,0.16292553445373137
Dylan Carlson__2024_2025,OPS,lr_basic,0.051,0.11545648753255464
Hunter Goodman__2024_2025,OPS,lr_basic,0.1979999999999999,0.1117974333446073
Noelvi Marte__2024_2025,OPS,lr_basic,0.1989999999999999,0.16081715804937532
Aaron Judge__2024_2025,OPS,lr_extended,-0.0150000000000001,-0.10886077610531603
Bobby Witt Jr.__2024_2025,OPS,lr_extended,-0.125,-0.13618949379064035
Shohei Ohtani__2024_2025,OPS,lr_extended,-0.022,-0.09092772880708205
Juan Soto__2024_2025,OPS,lr_extended,-0.0679999999999999,-0.09745211197319478
Gunnar Henderson__2024_2025,OPS,lr_extended,-0.1059999999999999,-0.16101504462772454
Francisco Lindor__2024_2025,OPS,lr_extended,-0.0329999999999999,-0.08515377378222191
Jarren Duran__2024_2025,OPS,lr_extended,-0.0599999999999999,-0.08713621166206834
Elly De La Cruz__2024_2025,OPS,lr_extended,-0.032,-0.05475310399938079
Jose Ramirez__2024_2025,OPS,lr_extended,-0.009,-0.07745066850131369
Ketel Marte__2024_2025,OPS,lr_extended,-0.039,-0.09353200568535983
William Contreras__2024_2025,OPS,lr_extended,-0.0769999999999999,-0.11381202641599661
Matt Chapman__2024_2025,OPS,lr_extended,-0.02,-0.08272700710754657
Cal Raleigh__2024_2025,OPS,lr_extended,0.1999999999999999,0.11251270228757665
Vladimir Guerrero Jr.__2024_2025,OPS,lr_extended,-0.0919999999999999,-0.09306567161649348
Jackson Merrill__2024_2025,OPS,lr_extended,-0.0519999999999999,-0.1319160769632514
Brent Rooker__2024_2025,OPS,lr_extended,-0.1130000000000001,-0.1041990468530869
Bryce Harper__2024_2025,OPS,lr_extended,-0.054,-0.06770113830195609
Willy Adames__2024_2025,OPS,lr_extended,-0.054,-0.07738741694237408
Marcell Ozuna__2024_2025,OPS,lr_extended,-0.169,-0.2017399931086123
Corey Seager__2024_2025,OPS,lr_extended,-0.004,-0.04661219809518074
Mookie Betts__2024_2025,OPS,lr_extended,-0.131,-0.12300856603608906
Jurickson Profar__2024_2025,OPS,lr_extended,-0.0519999999999999,-0.10980477792722673
Corbin Carroll__2024_2025,OPS,lr_extended,0.134,0.09618367108519177
Marcus Semien__2024_2025,OPS,lr_extended,-0.0299999999999999,-0.08231397044949637
Patrick Bailey__2024_2025,OPS,lr_extended,-0.035,-0.15874963850482876
Kyle Tucker__2024_2025,OPS,lr_extended,-0.152,-0.13156917625810408
Carlos Correa__2024_2025,OPS,lr_extended,-0.171,-0.12361878923989914
Rafael Devers__2024_2025,OPS,lr_extended,-0.02,-0.038722988953720124
Steven Kwan__2024_2025,OPS,lr_extended,-0.088,-0.09890849461373
Alex Bregman__2024_2025,OPS,lr_extended,0.0529999999999999,-0.003939807055655366
Dansby Swanson__2024_2025,OPS,lr_extended,0.016,-0.000519782779452034
Jazz Chisholm Jr.__2024_2025,OPS,lr_extended,0.0529999999999999,0.000757644527231969
Freddie Freeman__2024_2025,OPS,lr_extended,0.015,-0.031508777072911706
Riley Greene__2024_2025,OPS,lr_extended,-0.0209999999999999,-0.05639340489080042
Trea Turner__2024_2025,OPS,lr_extended,0.005,-0.022814387222597696
Jackson Chourio__2024_2025,OPS,lr_extended,-0.021,-0.046199145168485174
Jose Altuve__2024_2025,OPS,lr_extended,-0.019,-0.02177019780938525
Eugenio Suarez__2024_2025,OPS,lr_extended,0.0359999999999999,0.00868857734264606
Colton Cowser__2024_2025,OPS,lr_extended,-0.1129999999999999,-0.11612881677457984
Julio Rodriguez__2024_2025,OPS,lr_extended,0.064,0.0427375193908494
Nico Hoerner__2024_2025,OPS,lr_extended,0.031,0.015757301825868347
Byron Buxton__2024_2025,OPS,lr_extended,0.019,0.034828112405354064
Ezequiel Tovar__2024_2025,OPS,lr_extended,-0.069,-0.056189958833288194
Ian Happ__2024_2025,OPS,lr_extended,-0.02,-0.026380285660540393
Oneil Cruz__2024_2025,OPS,lr_extended,-0.0969999999999999,-0.08932695083440434
Brenton Doyle__2024_2025,OPS,lr_extended,-0.1129999999999999,-0.08110432385444949
Masyn Winn__2024_2025,OPS,lr_extended,-0.0569999999999999,-0.057817488317134284
Seiya Suzuki__2024_2025,OPS,lr_extended,-0.0439999999999999,-0.003187030570275324
Manny Machado__2024_2025,OPS,lr_extended,-0.002,-0.03520997090301761
Zach Neto__2024_2025,OPS,lr_extended,0.032,0.040634097383341644
Austin Wells__2024_2025,OPS,lr_extended,-0.006,-0.012990595564797494
Anthony Volpe__2024_2025,OPS,lr_extended,0.006,0.013036899652293807
Teoscar Hernandez__2024_2025,OPS,lr_extended,-0.1019999999999999,-0.0839115588625032
Alec Bohm__2024_2025,OPS,lr_extended,-0.038,-0.045469911535538914
Kyle Schwarber__2024_2025,OPS,lr_extended,0.077,0.06385584217856724
Fernando Tatis Jr.__2024_2025,OPS,lr_extended,-0.019,-0.09751910192501734
Salvador Perez__2024_2025,OPS,lr_extended,-0.057,-0.015231540003371222
Isaac Paredes__2024_2025,OPS,lr_extended,0.07,0.0776496247461606
Anthony Santander__2024_2025,OPS,lr_extended,-0.249,-0.26687375109082584
JJ Bleday__2024_2025,OPS,lr_extended,-0.064,-0.11470600904812028
Brendan Donovan__2024_2025,OPS,lr_extended,0.016,0.017692590446819582
Joey Ortiz__2024_2025,OPS,lr_extended,-0.133,-0.13640200895510565
Nolan Arenado__2024_2025,OPS,lr_extended,-0.0529999999999999,-0.037235947549635134
Daulton Varsho__2024_2025,OPS,lr_extended,0.133,0.12062010005319657
Lawrence Butler__2024_2025,OPS,lr_extended,-0.097,-0.15178589100290704
Christian Walker__2024_2025,OPS,lr_extended,-0.086,-0.12720626109497202
Tyler Stephenson__2024_2025,OPS,lr_extended,-0.045,-0.09284465838151762
Wilyer Abreu__2024_2025,OPS,lr_extended,0.005,-0.009237128266135368
Wyatt Langford__2024_2025,OPS,lr_extended,0.035,0.00223699550078539
Christian Yelich__2024_2025,OPS,lr_extended,-0.1139999999999999,-0.08806465197800561
Joc Pederson__2024_2025,OPS,lr_extended,-0.294,-0.21293000853627528
Tyler Fitzgerald__2024_2025,OPS,lr_extended,-0.2249999999999999,-0.19805745957647064
Yainer Diaz__2024_2025,OPS,lr_extended,-0.065,-0.06167122975105329
Luis Garcia Jr.__2024_2025,OPS,lr_extended,-0.061,-0.03506919132570373
Jake McCarthy__2024_2025,OPS,lr_extended,-0.158,-0.055731834855956675
Mark Vientos__2024_2025,OPS,lr_extended,-0.135,-0.11614618346366173
Nathaniel Lowe__2024_2025,OPS,lr_extended,-0.073,-0.08755314615804399
Jonathan India__2024_2025,OPS,lr_extended,-0.0809999999999999,-0.09300284489869068
Carlos Santana__2024_2025,OPS,lr_extended,-0.1159999999999999,-0.15632822549761138
Josh Smith__2024_2025,OPS,lr_extended,-0.031,-0.03185912394862741
Willi Castro__2024_2025,OPS,lr_extended,-0.0379999999999999,-0.047321392304088244
Miguel Rojas__2024_2025,OPS,lr_extended,-0.033,-0.04681403567523064
Taylor Ward__2024_2025,OPS,lr_extended,0.044,0.022009755930749123
Brandon Nimmo__2024_2025,OPS,lr_extended,0.033,0.012330501228633602
Willson Contreras__2024_2025,OPS,lr_extended,-0.0569999999999999,-0.008928563345214998
Jordan Westburg__2024_2025,OPS,lr_extended,-0.022,-0.06860084174330655
Adley Rutschman__2024_2025,OPS,lr_extended,-0.0359999999999999,-0.0068581921843187624
Jeremy Pena__2024_2025,OPS,lr_extended,0.139,0.04636944378490293
Alejandro Kirk__2024_2025,OPS,lr_extended,0.0919999999999999,0.07886001668289616
Jacob Young__2024_2025,OPS,lr_extended,-0.065,-0.005752661780572019
Andres Gimenez__2024_2025,OPS,lr_extended,-0.04,-0.07160233012591388
Matt Olson__2024_2025,OPS,lr_extended,0.0599999999999999,0.04596748549146562
Will Smith__2024_2025,OPS,lr_extended,0.141,0.08130324271394668
Pete Crow-Armstrong__2024_2025,OPS,lr_extended,0.0979999999999999,0.11200249905087578
Brice Turang__2024_2025,OPS,lr_extended,0.129,0.1091687899023136
Tyler O'Neill__2024_2025,OPS,lr_extended,-0.1629999999999999,-0.12362643922243599
Jose Iglesias__2024_2025,OPS,lr_extended,-0.238,-0.16500371621584353
Gabriel Moreno__2024_2025,OPS,lr_extended,0.052,0.013823752047264297
Otto Lopez__2024_2025,OPS,lr_extended,-0.0179999999999999,0.013722573908450547
Kerry Carpenter__2024_2025,OPS,lr_extended,-0.144,-0.06268370692144948
Austin Riley__2024_2025,OPS,lr_extended,-0.046,-0.09567874082286601
Dylan Moore__2024_2025,OPS,lr_extended,-0.045,-0.10176845376726792
Heliot Ramos__2024_2025,OPS,lr_extended,-0.064,-0.040380695569321244
Luke Raley__2024_2025,OPS,lr_extended,-0.152,-0.1789923921949644
Josh Naylor__2024_2025,OPS,lr_extended,0.0399999999999999,0.010989928472649329
Brandon Marsh__2024_2025,OPS,lr_extended,0.038,0.007002576110726442
Xavier Edwards__2024_2025,OPS,lr_extended,-0.125,0.0076612273552553265
Bryan Reynolds__2024_2025,OPS,lr_extended,-0.071,-0.06419142568681566
Brandon Lowe__2024_2025,OPS,lr_extended,0.002,0.012803976362092656
Michael Busch__2024_2025,OPS,lr_extended,0.0909999999999999,0.14642747466320316
Parker Meadows__2024_2025,OPS,lr_extended,-0.122,-0.08784124017500222
Ivan Herrera__2024_2025,OPS,lr_extended,0.0369999999999999,0.0608997622749979
Pete Alonso__2024_2025,OPS,lr_extended,0.0829999999999999,0.10508379450454891
Lourdes Gurriel Jr.__2024_2025,OPS,lr_extended,-0.044,-0.050115688000807505
Cody Bellinger__2024_2025,OPS,lr_extended,0.0619999999999999,0.07178549674014287
Jake Cronenworth__2024_2025,OPS,lr_extended,0.03,-0.06288920744518581
Logan O'Hoppe__2024_2025,OPS,lr_extended,-0.0829999999999999,-0.04989459583599256
Cedric Mullins__2024_2025,OPS,lr_extended,-0.02,-0.03804314811610043
Ernie Clement__2024_2025,OPS,lr_extended,0.019,-0.03784650225551093
Isiah Kiner-Falefa__2024_2025,OPS,lr_extended,-0.052,-0.08599720137049705
Matt Wallner__2024_2025,OPS,lr_extended,-0.118,-0.11229951038976815
J.T. Realmuto__2024_2025,OPS,lr_extended,-0.051,-0.058748543041509414
Shea Langeliers__2024_2025,OPS,lr_extended,0.122,0.06907223082807903
Michael Harris II__2024_2025,OPS,lr_extended,-0.0439999999999999,-0.05794451674021406
Randy Arozarena__2024_2025,OPS,lr_extended,0.04,0.03436220403431709
Geraldo Perdomo__2024_2025,OPS,lr_extended,0.133,0.12447386623373324
Xander Bogaerts__2024_2025,OPS,lr_extended,0.032,0.0005235037455118461
Spencer Horwitz__2024_2025,OPS,lr_extended,-0.003,-0.031419079759664154
Yandy Diaz__2024_2025,OPS,lr_extended,0.0929999999999999,0.045524364014206745
Victor Caratini__2024_2025,OPS,lr_extended,-0.016,-0.035140234234775435
Edmundo Sosa__2024_2025,OPS,lr_extended,0.043,0.01043193180120679
Ryan McMahon__2024_2025,OPS,lr_extended,-0.029,-0.06514765208850792
Francisco Alvarez__2024_2025,OPS,lr_extended,0.077,0.05597768561331889
Freddy Fermin__2024_2025,OPS,lr_extended,-0.049,-0.047984893100729835
Jake Meyers__2024_2025,OPS,lr_extended,0.0809999999999999,0.04333604812665533
Josh Rojas__2024_2025,OPS,lr_extended,-0.129,-0.060276952930295356
Jose Caballero__2024_2025,OPS,lr_extended,0.056,0.03496584834044774
CJ Abrams__2024_2025,OPS,lr_extended,0.001,-0.00803248046305216
Travis d'Arnaud__2024_2025,OPS,lr_extended,-0.141,-0.17179579730004418
Gleyber Torres__2024_2025,OPS,lr_extended,0.036,0.06951153461461862
Paul DeJong__2024_2025,OPS,lr_extended,-0.0609999999999999,-0.08397168147749273
Carson Kelly__2024_2025,OPS,lr_extended,0.0739999999999999,0.058362532272454366
Bryson Stott__2024_2025,OPS,lr_extended,0.0479999999999999,0.013096381923175207
Lars Nootbaar__2024_2025,OPS,lr_extended,-0.0719999999999999,-0.12239226173403009
Mike Yastrzemski__2024_2025,OPS,lr_extended,-0.004,0.016811293028405887
Colt Keith__2024_2025,OPS,lr_extended,0.057,0.04146575164671472
Jose Trevino__2024_2025,OPS,lr_extended,-0.019,-0.02231184390869826
Randal Grichuk__2024_2025,OPS,lr_extended,-0.2009999999999999,-0.08093955596606633
Ryan O'Hearn__2024_2025,OPS,lr_extended,0.042,-0.03423897995441541
Michael Massey__2024_2025,OPS,lr_extended,-0.162,-0.15842278851199082
Kyle Higashioka__2024_2025,OPS,lr_extended,-0.046,-0.03268353171547465
Ryan Jeffers__2024_2025,OPS,lr_extended,0.02,-0.01112705327413344
Jesus Sanchez__2024_2025,OPS,lr_extended,-0.032,-0.08268731748848407
Spencer Steer__2024_2025,OPS,lr_extended,0.002,-0.0606565857474616
J.P. Crawford__2024_2025,OPS,lr_extended,0.0969999999999999,0.0193590043994532
Bo Naylor__2024_2025,OPS,lr_extended,0.047,0.04505343577072868
Luis Rengifo__2024_2025,OPS,lr_extended,-0.141,-0.07762239062181261
Vinnie Pasquantino__2024_2025,OPS,lr_extended,0.038,0.007140710958096319
Sal Frelick__2024_2025,OPS,lr_extended,0.1009999999999999,0.0996847573915717
Kyle Isbel__2024_2025,OPS,lr_extended,0.0,-0.03926757186712863
Trevor Larnach__2024_2025,OPS,lr_extended,-0.044,-0.06838666159734133
Jake Burger__2024_2025,OPS,lr_extended,-0.0729999999999999,-0.07399276567598048
Ryan Mountcastle__2024_2025,OPS,lr_extended,-0.0799999999999999,-0.08635811526501927
Gavin Lux__2024_2025,OPS,lr_extended,0.021,-0.04893794265100462
Rob Refsnyder__2024_2025,OPS,lr_extended,0.008,0.04042009168379465
Joey Bart__2024_2025,OPS,lr_extended,-0.103,-0.1170151450955485
James Wood__2024_2025,OPS,lr_extended,0.0439999999999999,0.07759709969832046
LaMonte Wade Jr.__2024_2025,OPS,lr_extended,-0.237,-0.1918169633094672
Michael Conforto__2024_2025,OPS,lr_extended,-0.122,-0.137585901295803
Andy Pages__2024_2025,OPS,lr_extended,0.062,0.02555221383345674
Nick Gonzales__2024_2025,OPS,lr_extended,-0.0479999999999999,-0.05816885886994722
Ozzie Albies__2024_2025,OPS,lr_extended,-0.0359999999999999,-0.07684594765253755
Jeff McNeil__2024_2025,OPS,lr_extended,0.054,0.03442332850306561
Max Schuemann__2024_2025,OPS,lr_extended,-0.051,-0.014067915240684282
Maikel Garcia__2024_2025,OPS,lr_extended,0.186,0.13116454477088918
Paul Goldschmidt__2024_2025,OPS,lr_extended,0.015,-0.01367975717121669
Harrison Bader__2024_2025,OPS,lr_extended,0.139,0.015919355289514988
Jorge Soler__2024_2025,OPS,lr_extended,-0.0999999999999999,-0.12172890746098111
Royce Lewis__2024_2025,OPS,lr_extended,-0.0759999999999999,-0.034177458636351896
Luis Arraez__2024_2025,OPS,lr_extended,-0.02,-0.029996160550107044
George Springer__2024_2025,OPS,lr_extended,0.2849999999999999,0.2343020083582947
Mauricio Dubon__2024_2025,OPS,lr_extended,-0.013,-0.017058443322553563
Brayan Rocchio__2024_2025,OPS,lr_extended,0.016,0.04270825314115267
Mike Tauchman__2024_2025,OPS,lr_extended,0.033,-0.023173002522464528
Jake Fraley__2024_2025,OPS,lr_extended,-0.002,-0.007313884240557204
Tyrone Taylor__2024_2025,OPS,lr_extended,-0.1029999999999999,-0.09825840255682478
Josh Lowe__2024_2025,OPS,lr_extended,-0.0429999999999999,-0.05096925885484007
Wenceel Perez__2024_2025,OPS,lr_extended,0.0549999999999999,0.03226366774359482
Ceddanne Rafaela__2024_2025,OPS,lr_extended,0.0439999999999999,0.06468316203059357
Zach McKinstry__2024_2025,OPS,lr_extended,0.157,0.03680570084207051
Masataka Yoshida__2024_2025,OPS,lr_extended,-0.069,-0.0004143302784034974
Ramon Laureano__2024_2025,OPS,lr_extended,0.1069999999999999,0.1336601554898868
Ramon Urias__2024_2025,OPS,lr_extended,-0.0699999999999999,-0.06270016052663191
Ronald Acuna Jr.__2024_2025,OPS,lr_extended,0.219,0.13386636298407614
Max Kepler__2024_2025,OPS,lr_extended,0.0089999999999998,0.019703856747024084
Giancarlo Stanton__2024_2025,OPS,lr_extended,0.1709999999999999,0.02861413243631344
Sean Murphy__2024_2025,OPS,lr_extended,0.0729999999999999,0.015832640793597058
Orlando Arcia__2024_2025,OPS,lr_extended,-0.0959999999999999,-0.06838381243810021
Alec Burleson__2024_2025,OPS,lr_extended,0.066,0.026541552746501086
Nolan Schanuel__2024_2025,OPS,lr_extended,0.036,0.03999082885757083
Abraham Toro__2024_2025,OPS,lr_extended,0.016,-0.011298862452350117
Christian Vazquez__2024_2025,OPS,lr_extended,-0.0299999999999999,-0.10116259783554207
Starling Marte__2024_2025,OPS,lr_extended,0.03,-0.03922920894282139
Danny Jansen__2024_2025,OPS,lr_extended,0.0629999999999999,0.01099035791566081
Luis Robert Jr.__2024_2025,OPS,lr_extended,0.004,0.017488109327729442
Enrique Hernandez__2024_2025,OPS,lr_extended,-0.033,-0.056650413739606054
Alex Verdugo__2024_2025,OPS,lr_extended,-0.062,-0.04680129086267196
Nick Fortes__2024_2025,OPS,lr_extended,0.067,0.03183294805366685
Andrew McCutchen__2024_2025,OPS,lr_extended,-0.039,-0.018469516789913733
Elias Diaz__2024_2025,OPS,lr_extended,-0.0879999999999999,-0.07429264675462893
Trent Grisham__2024_2025,OPS,lr_extended,0.136,0.11875380202832014
Pedro Pages__2024_2025,OPS,lr_extended,-0.022,-0.0551044253916839
Kyle Farmer__2024_2025,OPS,lr_extended,-0.002,-0.019615434753632113
Michael Toglia__2024_2025,OPS,lr_extended,-0.156,-0.231788498841405
Miguel Andujar__2024_2025,OPS,lr_extended,0.125,0.06094004843217493
Tyler Freeman__2024_2025,OPS,lr_extended,0.0889999999999999,0.07353570559488176
Davis Schneider__2024_2025,OPS,lr_extended,0.172,0.0843593995157641
Jared Triolo__2024_2025,OPS,lr_extended,0.056,0.04662749605426904
Michael A. Taylor__2024_2025,OPS,lr_extended,0.0819999999999999,0.02290997092119694
Tyler Soderstrom__2024_2025,OPS,lr_extended,0.0769999999999999,0.07125332818186178
TJ Friedl__2024_2025,OPS,lr_extended,0.052,-0.01324312239626984
Daniel Schneemann__2024_2025,OPS,lr_extended,-0.035,0.01814553591751738
Nolan Gorman__2024_2025,OPS,lr_extended,-0.005,-0.03373635773994912
Jorge Polanco__2024_2025,OPS,lr_extended,0.1699999999999999,0.18835747402954037
Bo Bichette__2024_2025,OPS,lr_extended,0.242,0.19813913856294293
Nick Castellanos__2024_2025,OPS,lr_extended,-0.048,-0.0873182165417396
Romy Gonzalez__2024_2025,OPS,lr_extended,0.1029999999999999,0.06384381552463197
Rhys Hoskins__2024_2025,OPS,lr_extended,0.026,-0.009035520756614932
Austin Hays__2024_2025,OPS,lr_extended,0.069,0.014014974221337573
Dominic Smith__2024_2025,OPS,lr_extended,0.059,0.0017700300358971836
Ezequiel Duran__2024_2025,OPS,lr_extended,-0.0499999999999999,-0.07928257559075336
Jo Adell__2024_2025,OPS,lr_extended,0.0959999999999999,0.11925624463368328
Spencer Torkelson__2024_2025,OPS,lr_extended,0.12,0.11621409558061249
Jake Bauers__2024_2025,OPS,lr_extended,0.0899999999999999,0.10361588520889592
Mickey Moniak__2024_2025,OPS,lr_extended,0.1779999999999999,0.1546997001429593
Lenyn Sosa__2024_2025,OPS,lr_extended,0.0849999999999999,0.0478685931181
Ke'Bryan Hayes__2024_2025,OPS,lr_extended,0.022,-0.027294244008612946
Santiago Espinal__2024_2025,OPS,lr_extended,-0.075,-0.06803635848848591
Edouard Julien__2024_2025,OPS,lr_extended,0.017,0.05175930375784092
Jackson Holliday__2024_2025,OPS,lr_extended,0.125,0.08120488358206646
Josh Bell__2024_2025,OPS,lr_extended,0.016,0.07364742761181953
Andrew Vaughn__2024_2025,OPS,lr_extended,0.02,0.026241753794424443
Andrew Benintendi__2024_2025,OPS,lr_extended,0.0529999999999999,-0.010563648642970531
Adolis Garcia__2024_2025,OPS,lr_extended,-0.019,-0.02887735842306071
Tommy Pham__2024_2025,OPS,lr_extended,0.0259999999999999,-0.003971362969085539
Jonah Heim__2024_2025,OPS,lr_extended,0.0,-0.05418911441320057
Taylor Walls__2024_2025,OPS,lr_extended,0.0699999999999999,0.06476779961310233
Keibert Ruiz__2024_2025,OPS,lr_extended,-0.024,-0.008180378299668428
Addison Barger__2024_2025,OPS,lr_extended,0.155,0.1394490063946875
Rowdy Tellez__2024_2025,OPS,lr_extended,0.028,0.022574849297742314
Mitch Garver__2024_2025,OPS,lr_extended,0.012,0.017150497677636947
Adam Frazier__2024_2025,OPS,lr_extended,0.1080000000000001,0.019888183213184276
Will Benson__2024_2025,OPS,lr_extended,0.0579999999999999,0.15178851621858042
Kyle Stowers__2024_2025,OPS,lr_extended,0.311,0.23688083797646917
Wilmer Flores__2024_2025,OPS,lr_extended,0.091,-0.0031967302078145313
Javier Baez__2024_2025,OPS,lr_extended,0.164,0.022270399794738212
Ty France__2024_2025,OPS,lr_extended,0.011,0.00801492798376843
Gavin Sheets__2024_2025,OPS,lr_extended,0.0859999999999999,0.10239657832378596
Nolan Jones__2024_2025,OPS,lr_extended,-0.041,-0.01681584855945237
Christopher Morel__2024_2025,OPS,lr_extended,0.05,0.014085101518753019
Miguel Vargas__2024_2025,OPS,lr_extended,0.2109999999999999,0.1639580744991044
Dylan Carlson__2024_2025,OPS,lr_extended,0.051,0.11182769157834083
Hunter Goodman__2024_2025,OPS,lr_extended,0.1979999999999999,0.102088420087841
Noelvi Marte__2024_2025,OPS,lr_extended,0.1989999999999999,0.15134379892469654
Aaron Judge__2024_2025,OPS,knn_k10,-0.0150000000000001,-0.14019999999999988
Bobby Witt Jr.__2024_2025,OPS,knn_k10,-0.125,-0.15559999999999996
Shohei Ohtani__2024_2025,OPS,knn_k10,-0.022,-0.009800000000000031
Juan Soto__2024_2025,OPS,knn_k10,-0.0679999999999999,-0.07330000000000003
Gunnar Henderson__2024_2025,OPS,knn_k10,-0.1059999999999999,-0.07940000000000014
Francisco Lindor__2024_2025,OPS,knn_k10,-0.0329999999999999,-0.013800000000000034
Jarren Duran__2024_2025,OPS,knn_k10,-0.0599999999999999,-0.0502999999999999
Elly De La Cruz__2024_2025,OPS,knn_k10,-0.032,-0.027800000000000047
Jose Ramirez__2024_2025,OPS,knn_k10,-0.009,-0.019199999999999995
Ketel Marte__2024_2025,OPS,knn_k10,-0.039,-0.08510000000000006
William Contreras__2024_2025,OPS,knn_k10,-0.0769999999999999,-0.05819999999999992
Matt Chapman__2024_2025,OPS,knn_k10,-0.02,0.013899999999999912
Cal Raleigh__2024_2025,OPS,knn_k10,0.1999999999999999,0.03849999999999987
Vladimir Guerrero Jr.__2024_2025,OPS,knn_k10,-0.0919999999999999,-0.08649999999999991
Jackson Merrill__2024_2025,OPS,knn_k10,-0.0519999999999999,-0.10029999999999994
Brent Rooker__2024_2025,OPS,knn_k10,-0.1130000000000001,-0.15690000000000015
Bryce Harper__2024_2025,OPS,knn_k10,-0.054,-0.0897
Willy Adames__2024_2025,OPS,knn_k10,-0.054,-0.08270000000000022
Marcell Ozuna__2024_2025,OPS,knn_k10,-0.169,-0.19640000000000002
Corey Seager__2024_2025,OPS,knn_k10,-0.004,-0.0028000000000000247
Mookie Betts__2024_2025,OPS,knn_k10,-0.131,-0.10739999999999994
Jurickson Profar__2024_2025,OPS,knn_k10,-0.0519999999999999,-0.08389999999999997
Corbin Carroll__2024_2025,OPS,knn_k10,0.134,0.08660000000000001
Marcus Semien__2024_2025,OPS,knn_k10,-0.0299999999999999,-0.034299999999999886
Patrick Bailey__2024_2025,OPS,knn_k10,-0.035,-0.009000000000000008
Kyle Tucker__2024_2025,OPS,knn_k10,-0.152,-0.18410000000000015
Carlos Correa__2024_2025,OPS,knn_k10,-0.171,-0.14080000000000004
Rafael Devers__2024_2025,OPS,knn_k10,-0.02,-0.03499999999999992
Steven Kwan__2024_2025,OPS,knn_k10,-0.088,-0.09850000000000014
Alex Bregman__2024_2025,OPS,knn_k10,0.0529999999999999,0.03379999999999983
Dansby Swanson__2024_2025,OPS,knn_k10,0.016,0.01749999999999996
Jazz Chisholm Jr.__2024_2025,OPS,knn_k10,0.0529999999999999,0.028999999999999915
Freddie Freeman__2024_2025,OPS,knn_k10,0.015,-0.04310000000000003
Riley Greene__2024_2025,OPS,knn_k10,-0.0209999999999999,-0.012599999999999945
Trea Turner__2024_2025,OPS,knn_k10,0.005,-0.03480000000000005
Jackson Chourio__2024_2025,OPS,knn_k10,-0.021,-0.0615
Jose Altuve__2024_2025,OPS,knn_k10,-0.019,-0.04959999999999998
Eugenio Suarez__2024_2025,OPS,knn_k10,0.0359999999999999,0.005599999999999938
Colton Cowser__2024_2025,OPS,knn_k10,-0.1129999999999999,-0.028100000000000125
Julio Rodriguez__2024_2025,OPS,knn_k10,0.064,0.09099999999999997
Nico Hoerner__2024_2025,OPS,knn_k10,0.031,-0.0038000000000000256
Byron Buxton__2024_2025,OPS,knn_k10,0.019,-0.026599999999999957
Ezequiel Tovar__2024_2025,OPS,knn_k10,-0.069,-0.10360000000000003
Ian Happ__2024_2025,OPS,knn_k10,-0.02,-0.009899999999999909
Oneil Cruz__2024_2025,OPS,knn_k10,-0.0969999999999999,0.023799999999999932
Brenton Doyle__2024_2025,OPS,knn_k10,-0.1129999999999999,-0.07930000000000004
Masyn Winn__2024_2025,OPS,knn_k10,-0.0569999999999999,-0.05779999999999985
Seiya Suzuki__2024_2025,OPS,knn_k10,-0.0439999999999999,0.013000000000000012
Manny Machado__2024_2025,OPS,knn_k10,-0.002,0.036900000000000044
Zach Neto__2024_2025,OPS,knn_k10,0.032,0.0045999999999999375
Austin Wells__2024_2025,OPS,knn_k10,-0.006,0.018100000000000005
Anthony Volpe__2024_2025,OPS,knn_k10,0.006,0.023599999999999954
Teoscar Hernandez__2024_2025,OPS,knn_k10,-0.1019999999999999,-0.11409999999999998
Alec Bohm__2024_2025,OPS,knn_k10,-0.038,-0.04290000000000005
Kyle Schwarber__2024_2025,OPS,knn_k10,0.077,0.08130000000000004
Fernando Tatis Jr.__2024_2025,OPS,knn_k10,-0.019,-0.0033999999999998476
Salvador Perez__2024_2025,OPS,knn_k10,-0.057,-0.03380000000000005
Isaac Paredes__2024_2025,OPS,knn_k10,0.07,0.006799999999999917
Anthony Santander__2024_2025,OPS,knn_k10,-0.249,-0.17659999999999998
JJ Bleday__2024_2025,OPS,knn_k10,-0.064,-0.09060000000000001
Brendan Donovan__2024_2025,OPS,knn_k10,0.016,0.0015000000000000568
Joey Ortiz__2024_2025,OPS,knn_k10,-0.133,-0.0808000000000001
Nolan Arenado__2024_2025,OPS,knn_k10,-0.0529999999999999,-0.037899999999999934
Daulton Varsho__2024_2025,OPS,knn_k10,0.133,0.07250000000000001
Lawrence Butler__2024_2025,OPS,knn_k10,-0.097,-0.07400000000000007
Christian Walker__2024_2025,OPS,knn_k10,-0.086,-0.08819999999999995
Tyler Stephenson__2024_2025,OPS,knn_k10,-0.045,-0.03310000000000002
Wilyer Abreu__2024_2025,OPS,knn_k10,0.005,-0.033299999999999996
Wyatt Langford__2024_2025,OPS,knn_k10,0.035,0.059699999999999975
Christian Yelich__2024_2025,OPS,knn_k10,-0.1139999999999999,-0.14029999999999998
Joc Pederson__2024_2025,OPS,knn_k10,-0.294,-0.20079999999999998
Tyler Fitzgerald__2024_2025,OPS,knn_k10,-0.2249999999999999,-0.2761
Yainer Diaz__2024_2025,OPS,knn_k10,-0.065,-0.02210000000000012
Luis Garcia Jr.__2024_2025,OPS,knn_k10,-0.061,0.008399999999999963
Jake McCarthy__2024_2025,OPS,knn_k10,-0.158,-0.08289999999999997
Mark Vientos__2024_2025,OPS,knn_k10,-0.135,-0.13769999999999982
Nathaniel Lowe__2024_2025,OPS,knn_k10,-0.073,-0.0746
Jonathan India__2024_2025,OPS,knn_k10,-0.0809999999999999,-0.047900000000000054
Carlos Santana__2024_2025,OPS,knn_k10,-0.1159999999999999,-0.10189999999999999
Josh Smith__2024_2025,OPS,knn_k10,-0.031,-0.03710000000000002
Willi Castro__2024_2025,OPS,knn_k10,-0.0379999999999999,-0.07650000000000001
Miguel Rojas__2024_2025,OPS,knn_k10,-0.033,-0.05500000000000016
Taylor Ward__2024_2025,OPS,knn_k10,0.044,0.05879999999999996
Brandon Nimmo__2024_2025,OPS,knn_k10,0.033,0.09050000000000014
Willson Contreras__2024_2025,OPS,knn_k10,-0.0569999999999999,-0.0857
Jordan Westburg__2024_2025,OPS,knn_k10,-0.022,-0.05840000000000001
Adley Rutschman__2024_2025,OPS,knn_k10,-0.0359999999999999,0.05900000000000005
Jeremy Pena__2024_2025,OPS,knn_k10,0.139,0.0475000000000001
Alejandro Kirk__2024_2025,OPS,knn_k10,0.0919999999999999,0.12459999999999993
Jacob Young__2024_2025,OPS,knn_k10,-0.065,-0.010599999999999943
Andres Gimenez__2024_2025,OPS,knn_k10,-0.04,-0.006400000000000072
Matt Olson__2024_2025,OPS,knn_k10,0.0599999999999999,0.05439999999999989
Will Smith__2024_2025,OPS,knn_k10,0.141,0.04600000000000004
Pete Crow-Armstrong__2024_2025,OPS,knn_k10,0.0979999999999999,0.09079999999999988
Brice Turang__2024_2025,OPS,knn_k10,0.129,0.12050000000000005
Tyler O'Neill__2024_2025,OPS,knn_k10,-0.1629999999999999,-0.1674
Jose Iglesias__2024_2025,OPS,knn_k10,-0.238,-0.2228
Gabriel Moreno__2024_2025,OPS,knn_k10,0.052,0.015700000000000047
Otto Lopez__2024_2025,OPS,knn_k10,-0.0179999999999999,0.03930000000000011
Kerry Carpenter__2024_2025,OPS,knn_k10,-0.144,-0.16800000000000004
Austin Riley__2024_2025,OPS,knn_k10,-0.046,-0.022800000000000042
Dylan Moore__2024_2025,OPS,knn_k10,-0.045,-0.05930000000000002
Heliot Ramos__2024_2025,OPS,knn_k10,-0.064,-0.029799999999999938
Luke Raley__2024_2025,OPS,knn_k10,-0.152,-0.136
Josh Naylor__2024_2025,OPS,knn_k10,0.0399999999999999,0.048799999999999955
Brandon Marsh__2024_2025,OPS,knn_k10,0.038,0.021700000000000053
Xavier Edwards__2024_2025,OPS,knn_k10,-0.125,-0.13370000000000004
Bryan Reynolds__2024_2025,OPS,knn_k10,-0.071,-0.05790000000000006
Brandon Lowe__2024_2025,OPS,knn_k10,0.002,-0.04849999999999999
Michael Busch__2024_2025,OPS,knn_k10,0.0909999999999999,0.10839999999999994
Parker Meadows__2024_2025,OPS,knn_k10,-0.122,-0.0847
Ivan Herrera__2024_2025,OPS,knn_k10,0.0369999999999999,0.015499999999999847
Pete Alonso__2024_2025,OPS,knn_k10,0.0829999999999999,0.07109999999999994
Lourdes Gurriel Jr.__2024_2025,OPS,knn_k10,-0.044,-0.02169999999999994
Cody Bellinger__2024_2025,OPS,knn_k10,0.0619999999999999,0.045499999999999985
Jake Cronenworth__2024_2025,OPS,knn_k10,0.03,0.03849999999999998
Logan O'Hoppe__2024_2025,OPS,knn_k10,-0.0829999999999999,-0.021500000000000075
Cedric Mullins__2024_2025,OPS,knn_k10,-0.02,-0.033399999999999985
Ernie Clement__2024_2025,OPS,knn_k10,0.019,-0.03969999999999996
Isiah Kiner-Falefa__2024_2025,OPS,knn_k10,-0.052,0.009100000000000108
Matt Wallner__2024_2025,OPS,knn_k10,-0.118,-0.14849999999999997
J.T. Realmuto__2024_2025,OPS,knn_k10,-0.051,-0.048900000000000055
Shea Langeliers__2024_2025,OPS,knn_k10,0.122,0.07240000000000013
Michael Harris II__2024_2025,OPS,knn_k10,-0.0439999999999999,0.025600000000000067
Randy Arozarena__2024_2025,OPS,knn_k10,0.04,0.05010000000000003
Geraldo Perdomo__2024_2025,OPS,knn_k10,0.133,0.05410000000000004
Xander Bogaerts__2024_2025,OPS,knn_k10,0.032,0.04610000000000003
Spencer Horwitz__2024_2025,OPS,knn_k10,-0.003,-0.05920000000000003
Yandy Diaz__2024_2025,OPS,knn_k10,0.0929999999999999,0.10959999999999992
Victor Caratini__2024_2025,OPS,knn_k10,-0.016,-9.999999999998899e-05
Edmundo Sosa__2024_2025,OPS,knn_k10,0.043,-0.023600000000000065
Ryan McMahon__2024_2025,OPS,knn_k10,-0.029,0.0032000000000000917
Francisco Alvarez__2024_2025,OPS,knn_k10,0.077,0.06750000000000012
Freddy Fermin__2024_2025,OPS,knn_k10,-0.049,-0.029400000000000093
Jake Meyers__2024_2025,OPS,knn_k10,0.0809999999999999,0.04299999999999993
Josh Rojas__2024_2025,OPS,knn_k10,-0.129,-0.0253000000000001
Jose Caballero__2024_2025,OPS,knn_k10,0.056,0.04910000000000003
CJ Abrams__2024_2025,OPS,knn_k10,0.001,0.006599999999999939
Travis d'Arnaud__2024_2025,OPS,knn_k10,-0.141,-0.136
Gleyber Torres__2024_2025,OPS,knn_k10,0.036,0.07930000000000004
Paul DeJong__2024_2025,OPS,knn_k10,-0.0609999999999999,-0.09249999999999992
Carson Kelly__2024_2025,OPS,knn_k10,0.0739999999999999,0.0663999999999999
Bryson Stott__2024_2025,OPS,knn_k10,0.0479999999999999,0.05909999999999993
Lars Nootbaar__2024_2025,OPS,knn_k10,-0.0719999999999999,-0.034500000000000086
Mike Yastrzemski__2024_2025,OPS,knn_k10,-0.004,0.023399999999999976
Colt Keith__2024_2025,OPS,knn_k10,0.057,0.058800000000000074
Jose Trevino__2024_2025,OPS,knn_k10,-0.019,0.05479999999999996
Randal Grichuk__2024_2025,OPS,knn_k10,-0.2009999999999999,-0.09139999999999993
Ryan O'Hearn__2024_2025,OPS,knn_k10,0.042,0.009099999999999997
Michael Massey__2024_2025,OPS,knn_k10,-0.162,-0.08340000000000003
Kyle Higashioka__2024_2025,OPS,knn_k10,-0.046,-0.04819999999999991
Ryan Jeffers__2024_2025,OPS,knn_k10,0.02,0.006000000000000005
Jesus Sanchez__2024_2025,OPS,knn_k10,-0.032,0.05069999999999997
Spencer Steer__2024_2025,OPS,knn_k10,0.002,-0.057700000000000085
J.P. Crawford__2024_2025,OPS,knn_k10,0.0969999999999999,0.08969999999999989
Bo Naylor__2024_2025,OPS,knn_k10,0.047,0.07399999999999995
Luis Rengifo__2024_2025,OPS,knn_k10,-0.141,-0.10160000000000002
Vinnie Pasquantino__2024_2025,OPS,knn_k10,0.038,0.08529999999999993
Sal Frelick__2024_2025,OPS,knn_k10,0.1009999999999999,0.06330000000000002
Kyle Isbel__2024_2025,OPS,knn_k10,0.0,-0.008399999999999852
Trevor Larnach__2024_2025,OPS,knn_k10,-0.044,-0.04820000000000002
Jake Burger__2024_2025,OPS,knn_k10,-0.0729999999999999,-0.014699999999999935
Ryan Mountcastle__2024_2025,OPS,knn_k10,-0.0799999999999999,-0.05059999999999998
Gavin Lux__2024_2025,OPS,knn_k10,0.021,-0.012599999999999945
Rob Refsnyder__2024_2025,OPS,knn_k10,0.008,-0.01200000000000001
Joey Bart__2024_2025,OPS,knn_k10,-0.103,-0.1260000000000001
James Wood__2024_2025,OPS,knn_k10,0.0439999999999999,0.09700000000000009
LaMonte Wade Jr.__2024_2025,OPS,knn_k10,-0.237,-0.12419999999999998
Michael Conforto__2024_2025,OPS,knn_k10,-0.122,-0.08760000000000001
Andy Pages__2024_2025,OPS,knn_k10,0.062,0.025399999999999978
Nick Gonzales__2024_2025,OPS,knn_k10,-0.0479999999999999,-0.05369999999999997
Ozzie Albies__2024_2025,OPS,knn_k10,-0.0359999999999999,-0.02629999999999988
Jeff McNeil__2024_2025,OPS,knn_k10,0.054,0.02520000000000011
Max Schuemann__2024_2025,OPS,knn_k10,-0.051,0.024800000000000044
Maikel Garcia__2024_2025,OPS,knn_k10,0.186,0.1756000000000001
Paul Goldschmidt__2024_2025,OPS,knn_k10,0.015,0.007900000000000018
Harrison Bader__2024_2025,OPS,knn_k10,0.139,0.07289999999999996
Jorge Soler__2024_2025,OPS,knn_k10,-0.0999999999999999,-0.0636000000000001
Royce Lewis__2024_2025,OPS,knn_k10,-0.0759999999999999,-0.03939999999999999
Luis Arraez__2024_2025,OPS,knn_k10,-0.02,0.019199999999999995
George Springer__2024_2025,OPS,knn_k10,0.2849999999999999,0.1974999999999999
Mauricio Dubon__2024_2025,OPS,knn_k10,-0.013,-0.027100000000000013
Brayan Rocchio__2024_2025,OPS,knn_k10,0.016,0.027000000000000024
Mike Tauchman__2024_2025,OPS,knn_k10,0.033,-0.006700000000000039
Jake Fraley__2024_2025,OPS,knn_k10,-0.002,-0.05380000000000007
Tyrone Taylor__2024_2025,OPS,knn_k10,-0.1029999999999999,-0.0502999999999999
Josh Lowe__2024_2025,OPS,knn_k10,-0.0429999999999999,-0.05930000000000002
Wenceel Perez__2024_2025,OPS,knn_k10,0.0549999999999999,0.045599999999999974
Ceddanne Rafaela__2024_2025,OPS,knn_k10,0.0439999999999999,0.01649999999999996
Zach McKinstry__2024_2025,OPS,knn_k10,0.157,0.0776
Masataka Yoshida__2024_2025,OPS,knn_k10,-0.069,-0.0038999999999999035
Ramon Laureano__2024_2025,OPS,knn_k10,0.1069999999999999,0.06769999999999998
Ramon Urias__2024_2025,OPS,knn_k10,-0.0699999999999999,-0.07719999999999994
Ronald Acuna Jr.__2024_2025,OPS,knn_k10,0.219,0.1442000000000001
Max Kepler__2024_2025,OPS,knn_k10,0.0089999999999998,0.04859999999999998
Giancarlo Stanton__2024_2025,OPS,knn_k10,0.1709999999999999,0.05930000000000002
Sean Murphy__2024_2025,OPS,knn_k10,0.0729999999999999,0.07809999999999995
Orlando Arcia__2024_2025,OPS,knn_k10,-0.0959999999999999,-0.03210000000000002
Alec Burleson__2024_2025,OPS,knn_k10,0.066,0.06550000000000011
Nolan Schanuel__2024_2025,OPS,knn_k10,0.036,0.018399999999999972
Abraham Toro__2024_2025,OPS,knn_k10,0.016,0.031200000000000117
Christian Vazquez__2024_2025,OPS,knn_k10,-0.0299999999999999,0.00880000000000003
Starling Marte__2024_2025,OPS,knn_k10,0.03,-0.0014999999999999458
Danny Jansen__2024_2025,OPS,knn_k10,0.0629999999999999,0.0008999999999999009
Luis Robert Jr.__2024_2025,OPS,knn_k10,0.004,0.048699999999999966
Enrique Hernandez__2024_2025,OPS,knn_k10,-0.033,0.013499999999999956
Alex Verdugo__2024_2025,OPS,knn_k10,-0.062,0.03369999999999995
Nick Fortes__2024_2025,OPS,knn_k10,0.067,0.07999999999999996
Andrew McCutchen__2024_2025,OPS,knn_k10,-0.039,-0.014800000000000035
Elias Diaz__2024_2025,OPS,knn_k10,-0.0879999999999999,-0.09889999999999988
Trent Grisham__2024_2025,OPS,knn_k10,0.136,0.10870000000000002
Pedro Pages__2024_2025,OPS,knn_k10,-0.022,-0.040000000000000036
Kyle Farmer__2024_2025,OPS,knn_k10,-0.002,-0.032399999999999984
Michael Toglia__2024_2025,OPS,knn_k10,-0.156,-0.1291
Miguel Andujar__2024_2025,OPS,knn_k10,0.125,0.04390000000000016
Tyler Freeman__2024_2025,OPS,knn_k10,0.0889999999999999,0.1252000000000001
Davis Schneider__2024_2025,OPS,knn_k10,0.172,0.11769999999999992
Jared Triolo__2024_2025,OPS,knn_k10,0.056,0.0776
Michael A. Taylor__2024_2025,OPS,knn_k10,0.0819999999999999,0.10019999999999984
Tyler Soderstrom__2024_2025,OPS,knn_k10,0.0769999999999999,0.09429999999999994
TJ Friedl__2024_2025,OPS,knn_k10,0.052,0.005199999999999982
Daniel Schneemann__2024_2025,OPS,knn_k10,-0.035,-0.016700000000000048
Nolan Gorman__2024_2025,OPS,knn_k10,-0.005,-0.0052000000000000934
Jorge Polanco__2024_2025,OPS,knn_k10,0.1699999999999999,0.16669999999999996
Bo Bichette__2024_2025,OPS,knn_k10,0.242,0.18200000000000005
Nick Castellanos__2024_2025,OPS,knn_k10,-0.048,-0.06370000000000009
Romy Gonzalez__2024_2025,OPS,knn_k10,0.1029999999999999,0.07590000000000008
Rhys Hoskins__2024_2025,OPS,knn_k10,0.026,0.008099999999999996
Austin Hays__2024_2025,OPS,knn_k10,0.069,0.008099999999999996
Dominic Smith__2024_2025,OPS,knn_k10,0.059,0.0022000000000000908
Ezequiel Duran__2024_2025,OPS,knn_k10,-0.0499999999999999,0.0040999999999999925
Jo Adell__2024_2025,OPS,knn_k10,0.0959999999999999,0.1439999999999999
Spencer Torkelson__2024_2025,OPS,knn_k10,0.12,0.0945999999999999
Jake Bauers__2024_2025,OPS,knn_k10,0.0899999999999999,0.0917
Mickey Moniak__2024_2025,OPS,knn_k10,0.1779999999999999,0.13329999999999986
Lenyn Sosa__2024_2025,OPS,knn_k10,0.0849999999999999,0.10429999999999995
Ke'Bryan Hayes__2024_2025,OPS,knn_k10,0.022,0.07800000000000007
Santiago Espinal__2024_2025,OPS,knn_k10,-0.075,-0.041200000000000014
Edouard Julien__2024_2025,OPS,knn_k10,0.017,0.08320000000000005
Jackson Holliday__2024_2025,OPS,knn_k10,0.125,0.15560000000000007
Josh Bell__2024_2025,OPS,knn_k10,0.016,0.05740000000000012
Andrew Vaughn__2024_2025,OPS,knn_k10,0.02,0.07120000000000004
Andrew Benintendi__2024_2025,OPS,knn_k10,0.0529999999999999,0.03359999999999996
Adolis Garcia__2024_2025,OPS,knn_k10,-0.019,0.02949999999999997
Tommy Pham__2024_2025,OPS,knn_k10,0.0259999999999999,0.05489999999999995
Jonah Heim__2024_2025,OPS,knn_k10,0.0,0.005700000000000038
Taylor Walls__2024_2025,OPS,knn_k10,0.0699999999999999,0.08129999999999993
Keibert Ruiz__2024_2025,OPS,knn_k10,-0.024,0.05940000000000001
Addison Barger__2024_2025,OPS,knn_k10,0.155,0.20109999999999995
Rowdy Tellez__2024_2025,OPS,knn_k10,0.028,0.0737000000000001
Mitch Garver__2024_2025,OPS,knn_k10,0.012,0.03060000000000007
Adam Frazier__2024_2025,OPS,knn_k10,0.1080000000000001,0.05169999999999986
Will Benson__2024_2025,OPS,knn_k10,0.0579999999999999,0.10670000000000002
Kyle Stowers__2024_2025,OPS,knn_k10,0.311,0.22150000000000003
Wilmer Flores__2024_2025,OPS,knn_k10,0.091,0.06150000000000011
Javier Baez__2024_2025,OPS,knn_k10,0.164,0.127
Ty France__2024_2025,OPS,knn_k10,0.011,0.045299999999999896
Gavin Sheets__2024_2025,OPS,knn_k10,0.0859999999999999,0.10689999999999988
Nolan Jones__2024_2025,OPS,knn_k10,-0.041,0.025800000000000045
Christopher Morel__2024_2025,OPS,knn_k10,0.05,0.08500000000000008
Miguel Vargas__2024_2025,OPS,knn_k10,0.2109999999999999,0.2447999999999999
Dylan Carlson__2024_2025,OPS,knn_k10,0.051,0.09160000000000001
Hunter Goodman__2024_2025,OPS,knn_k10,0.1979999999999999,0.14549999999999996
Noelvi Marte__2024_2025,OPS,knn_k10,0.1989999999999999,0.19879999999999998
