record_id,player_id,player_name,season_t,season_t1,pentagon_area_t,pentagon_area_t1,delta_area,war_t,wrc_t,ops_t,delta_war,delta_wrc,delta_ops,vec_t_power,vec_t_contact,vec_t_discipline,vec_t_defense,vec_t_speed,delta_vec_power,delta_vec_contact,delta_vec_discipline,delta_vec_defense,delta_vec_speed,is_elite,is_strength_up,is_weakness_up,is_decliner,stratum
Trea Turner__2021_2022,Trea Turner,Trea Turner,2021,2022,6717.832693532323,5889.901893301747,-827.9308002305761,7.1,143,0.911,-0.7999999999999998,-15,-0.1019999999999999,49.17343200499132,63.55818760633483,39.40405479434854,49.10352276161188,66.77447629919808,-2.398925948787486,-6.333716575581704,-1.824836446098999,-2.1516025028832004,-4.950877591923465,True,False,False,False,elite
Juan Soto__2021_2022,Juan Soto,Juan Soto,2021,2022,7639.303530407557,5981.192757764959,-1658.110772642598,6.8,164,0.999,-3.1,-18,-0.146,57.71272698374173,66.39865038740825,80.0,44.26214903492213,33.14509573048857,-4.612395745984735,-6.630278849504002,-3.7886968431667896,-17.827530086622808,2.4950084947600857,True,False,True,False,elite
Bryce Harper__2021_2022,Bryce Harper,Bryce Harper,2021,2022,6008.649136305459,5208.337586034995,-800.3115502704641,6.6,170,1.044,-4.0,-31,-0.167,62.59028254529977,54.44406770694315,53.784231147694,40.49349240460997,39.98613666143103,-6.8506638057302,-0.5124128708329323,-13.492995091301474,-0.0022722563669361,3.058237364494474,True,False,True,False,elite
Jose Ramirez__2021_2022,Jose Ramirez,Jose Ramirez,2021,2022,7568.035611896392,6459.921448163212,-1108.1141637331802,6.4,140,0.893,-0.5,0,-0.024,51.770547272160506,63.690377575079005,53.39955777249021,51.23352692593079,62.91824653324135,-3.1466129472664264,0.0989136832817436,-2.7952566705140214,-4.895648090694401,-11.211862656623689,True,True,False,False,elite
Vladimir Guerrero Jr.__2021_2022,Vladimir Guerrero Jr.,Vladimir Guerrero Jr.,2021,2022,5950.446319258977,5088.150611555375,-862.2957077036026,6.3,166,1.002,-3.0,-34,-0.184,64.1911837105101,60.25342236072228,51.133042986606696,35.24709384735986,37.83621993524834,-6.480551521826484,-2.068365687699142,-8.57266198628534,1.63812124648841,-2.994596116497945,True,False,True,False,elite
Bryan Reynolds__2021_2022,Bryan Reynolds,Bryan Reynolds,2021,2022,6198.751430406913,4503.803387827646,-1694.9480425792672,6.3,140,0.912,-3.4,-17,-0.1049999999999999,48.93717633941213,59.67281453671621,47.92777155378673,53.40869374226755,45.87915649042896,1.6305876713798568,-8.773883150959925,-6.599563356406136,-17.390698332352912,-7.7066870185104435,True,False,False,False,elite
Carlos Correa__2021_2022,Carlos Correa,Carlos Correa,2021,2022,6331.505618492805,5087.667385110236,-1243.8382333825691,6.3,133,0.85,-1.7000000000000002,6,-0.016,49.95222353195653,60.27245274627805,52.174318724596766,58.57619858764778,37.80657115964652,0.9725709283319616,-1.3480911335264452,-3.906806277672892,-14.852102594515436,-8.81855653275976,True,False,False,False,elite
Brandon Crawford__2021_2022,Brandon Crawford,Brandon Crawford,2021,2022,5578.600451768902,4646.839412236455,-931.7610395324464,6.2,140,0.895,-4.2,-53,-0.243,48.06717904531523,52.84969374040321,42.708830412395855,60.43148051592514,40.11969497290878,-9.745193597698131,-8.078489111305274,0.0666174982204736,-6.813121937637682,1.7288880480326796,False,False,True,False,weakness_up
Cedric Mullins__2021_2022,Cedric Mullins,Cedric Mullins,2021,2022,6087.715246909326,5331.416056252065,-756.2991906572615,6.0,136,0.878,-2.3,-29,-0.157,46.922413113516654,60.40422289961885,44.89241960805749,49.07054096654673,52.6403874101493,-6.289106527543737,-5.301438699708115,-5.33364239230621,2.3924572797183288,-0.9885344111405914,True,False,False,False,elite
Marcus Semien__2021_2022,Marcus Semien,Marcus Semien,2021,2022,6102.0649641624495,6032.271450848792,-69.79351331365797,5.9,131,0.873,-1.5,-24,-0.14,50.2726739950031,55.797543719069374,46.730068982675625,48.41234410284413,52.26076588961172,-7.695936129541394,0.1874440101259793,-2.296688397105996,2.6050140362195577,7.008752661094448,True,False,False,False,elite
Aaron Judge__2021_2022,Aaron Judge,Aaron Judge,2021,2022,6062.13915790373,7794.737701672888,1732.598543769158,5.5,150,0.916,5.6,56,0.1949999999999999,64.31789113226536,55.58196493488981,49.88601615539669,42.55797063927603,40.02302665146456,15.68210886773464,1.9795229469665256,7.4522598728544835,4.168686102777613,5.800978953460444,True,True,True,False,elite
Nicky Lopez__2021_2022,Nicky Lopez,Nicky Lopez,2021,2022,7155.21323149893,5195.590706583935,-1959.622524914996,5.5,104,0.744,-4.6,-49,-0.1899999999999999,30.431959441947896,63.25275757720191,48.18595348622495,70.96975188675265,65.62342785316669,-3.885188162540363,-5.574927286819055,-6.971230622778748,-14.132991191884798,-9.556152810105928,True,False,False,False,elite
Tyler O'Neill__2021_2022,Tyler O'Neill,Tyler O'Neill,2021,2022,5949.272432419012,5245.366974220318,-703.9054581986939,5.3,143,0.912,-3.8,-44,-0.212,59.568592163179645,46.82047282022473,37.575276493496176,52.34384746226282,53.5750455054778,-12.80298980083763,-0.7603876166811929,8.146083149849616,-5.673042604734725,-3.949844950903113,True,False,True,False,elite
Jose Altuve__2021_2022,Jose Altuve,Jose Altuve,2021,2022,5646.76134038069,6158.887733843247,512.1263934625567,5.3,128,0.839,1.6000000000000003,36,0.082,43.33806118788758,62.27981975929167,45.93753117796835,48.54264669736295,44.45672463613744,2.955011562924774,2.076572933785755,5.852720560544114,-2.5050568676475464,1.6285969439734984,False,True,True,False,strength_up
Starling Marte__2021_2022,Starling Marte,Starling Marte,2021,2022,6655.982024749683,4994.712433594636,-1661.2695911550472,5.2,132,0.841,-1.7000000000000002,1,-0.027,43.372267821395184,58.72251748035277,40.49611999167147,46.493472434965135,80.0,1.7299789094697573,-0.6771343513535228,-3.590565634081564,-2.315159848329806,-33.93282064070908,True,False,True,False,elite
Austin Riley__2021_2022,Austin Riley,Austin Riley,2021,2022,4506.407494910554,5078.198514387053,571.7910194764991,5.1,136,0.898,0.8000000000000007,8,-0.02,53.26289250410188,54.20745715698719,37.926178341685045,41.36563327575857,31.32952178554001,7.859967314225571,-1.3726956832025865,1.777869486461512,-0.4437407080559055,5.195016004067,False,False,True,False,weakness_up
Shohei Ohtani__2021_2022,Shohei Ohtani,Shohei Ohtani,2021,2022,5955.411668101733,5242.792933372055,-712.6187347296782,5.0,150,0.965,-1.4,-8,-0.0899999999999999,68.00420753736421,45.36400492121956,50.03531648380714,38.20526315607385,49.50050858282125,-5.820312398429728,7.903923750577007,-4.674416456195743,-0.5429238184430858,-13.564137329126346,True,False,False,False,elite
Matt Olson__2021_2022,Matt Olson,Matt Olson,2021,2022,5758.007875080552,4899.529090103921,-858.4787849766308,5.0,147,0.911,-1.9,-26,-0.1089999999999999,55.972934885394864,56.7377591437717,51.96116376631934,39.12094209349854,41.55837461953981,2.427170839150911,-8.12544381747498,-7.207611752412419,3.435128853753426,-8.036245023490828,False,False,True,False,weakness_up
Kyle Tucker__2021_2022,Kyle Tucker,Kyle Tucker,2021,2022,5991.420001527716,6420.522223719202,429.1022221914864,4.9,146,0.917,0.0,-16,-0.1089999999999999,52.78031838838011,62.285254906911454,42.83827675030694,43.07056093619156,50.06533539274835,-2.64604988731098,-4.418621562160418,2.648968319395003,10.121331139214924,3.638638790187599,True,False,True,False,elite
Bo Bichette__2021_2022,Bo Bichette,Bo Bichette,2021,2022,5638.526184330319,4700.642992388859,-937.8831919414596,4.9,122,0.828,-0.1000000000000005,7,-0.0259999999999999,51.22078233542544,58.93853471047646,28.81751657078236,42.966993906106815,62.66049252645959,0.8442904289865467,-1.3643045340588813,4.138142544494855,-1.5732154158721912,-23.86336862485399,False,False,True,False,weakness_up
Paul Goldschmidt__2021_2022,Paul Goldschmidt,Paul Goldschmidt,2021,2022,6135.271438644671,5942.72554806972,-192.54589057495195,4.8,136,0.879,2.0,39,0.1019999999999999,53.44183084927253,59.0294959161009,47.340890988204144,44.50507640116287,49.47526374188941,3.852564429456813,-0.3949777088537587,5.840877327931516,-8.543778538488084,-5.436120712365522,True,False,False,False,elite
Freddie Freeman__2021_2022,Freddie Freeman,Freddie Freeman,2021,2022,6030.44103455815,6539.076514750256,508.6354801921061,4.7,136,0.896,2.1,21,0.022,51.722271678501,63.60768932089271,48.66656245421505,41.10221657571485,46.27826777902248,0.0749243421153167,4.366843752458159,2.158176762196369,2.217617466432735,1.8076162251143089,True,True,True,False,elite
Will Smith__2021_2022,Will Smith,Will Smith,2021,2022,5721.317454241776,5390.871222153492,-330.446232088284,4.6,130,0.86,-0.2999999999999998,-3,-0.0529999999999999,48.09764624803576,55.001550001985294,51.86750608383692,52.49776250590016,37.87779242232364,-0.0335721859765811,4.27040178209095,-0.2245676077012817,-5.21291622487977,-6.573429102080159,False,False,False,False,baseline
J.T. Realmuto__2021_2022,J.T. Realmuto,J.T. Realmuto,2021,2022,6004.088536000357,6840.552464185521,836.4639281851641,4.6,109,0.782,2.1000000000000005,20,0.0379999999999999,45.30557291579528,50.875864011701935,40.4100468454769,61.82795488046455,53.82831989260155,5.6293055231670905,4.733679963082956,-0.3796261922221902,0.7017015665589383,6.309746807735884,True,True,False,False,elite
Max Muncy__2021_2022,Max Muncy,Max Muncy,2021,2022,6244.034945287296,5231.568179770859,-1012.4667655164368,4.5,139,0.895,-2.5,-33,-0.182,55.67104314863175,55.20853923148533,59.80773745128741,45.772435096447786,39.60602734826089,-7.063460083074666,-10.24785472520186,1.421094868875528,-4.120426766478836,-0.6853063311923933,True,False,False,False,elite
Brandon Lowe__2021_2022,Brandon Lowe,Brandon Lowe,2021,2022,4747.336888791127,4355.470167744059,-391.8667210470685,4.5,136,0.863,-3.9,-33,-0.172,53.01015446097869,44.183936446070376,40.89109691559129,37.07888938268668,47.932215084756336,-8.08170778984315,-1.1394914388967976,1.1687591828901915,4.23178109183322,-5.291001309063219,False,False,True,False,weakness_up
Manny Machado__2021_2022,Manny Machado,Manny Machado,2021,2022,5819.663062620701,5994.757618100823,175.09455548012193,4.5,123,0.836,2.6,29,0.062,55.66484758049399,59.35895627345485,44.92913241542734,48.56344763547538,39.19515807584985,-0.6923512612000096,-2.6053221848102908,-1.835373253681141,4.060503445659876,5.166363322594471,False,False,True,False,weakness_up
Ronald Acuna Jr.__2021_2022,Ronald Acuna Jr.,Ronald Acuna Jr.,2021,2022,7071.600633573586,5716.699726216557,-1354.9009073570287,4.4,157,0.99,-2.0000000000000004,-42,-0.2259999999999999,63.19552689358635,55.12910642144796,52.816044928736815,49.79426375990218,51.73468742040628,-11.759977017543193,-0.7363223976691557,-6.610784294746274,-10.21013717651796,1.900278171928072,True,False,False,False,elite
Joey Gallo__2021_2022,Joey Gallo,Joey Gallo,2021,2022,5924.140383363729,4041.47060466119,-1882.669778702539,4.4,123,0.808,-4.4,-39,-0.17,56.38222345298087,34.238206782093954,58.54455782326642,54.48603248353444,48.10459064141268,-4.224422624162848,-6.685393232778424,-11.143734782608805,-11.782589802884884,-8.767041671433212,True,False,False,False,elite
Nolan Arenado__2021_2022,Nolan Arenado,Nolan Arenado,2021,2022,5567.453134941571,5976.145606414667,408.6924714730958,4.3,112,0.807,2.9000000000000004,37,0.0839999999999999,45.596309621858815,58.22400867007927,42.59916622314368,54.29257780989143,42.64759299735843,4.127979081435072,4.504203548777447,2.50291546961136,3.4070319991871045,-5.256271721432228,False,False,True,False,weakness_up
Tim Anderson__2021_2022,Tim Anderson,Tim Anderson,2021,2022,5069.456494677524,4826.23218557022,-243.22430910730327,4.3,118,0.806,-2.1,-8,-0.072,45.16651720870522,55.54570126381663,27.26531752995455,49.68401283870891,55.69559347650763,-5.060728129088119,4.696539492087176,2.1327974935402203,-4.758925476636904,-1.1105057868940875,False,False,True,False,weakness_up
Rafael Devers__2021_2022,Rafael Devers,Rafael Devers,2021,2022,4828.720938246456,5176.0317682318055,347.3108299853493,4.2,133,0.89,0.7999999999999998,7,-0.011,57.83315419497072,53.99530914460779,38.16953058843254,35.79860056566217,38.49468486644378,-1.2493483972665302,1.9714801344335344,-1.1009464952500423,9.587940254067275,0.3496018043638713,False,False,True,False,weakness_up
Javier Baez__2021_2022,Javier Baez,Javier Baez,2021,2022,4704.098628236121,4089.7094615913616,-614.3891666447594,4.2,117,0.813,-2.2,-28,-0.1419999999999999,54.57397324650857,37.47979470356347,25.851520862811995,49.58431818872659,53.72786834323392,-11.008873009116314,3.995790530790828,1.1714436058229154,-2.3279030078982714,-5.328981018844551,False,False,True,False,weakness_up
Byron Buxton__2021_2022,Byron Buxton,Byron Buxton,2021,2022,6093.003411342873,5845.253305137511,-247.7501062053616,4.1,171,1.005,-0.6999999999999997,-36,-0.1719999999999999,61.538943340398745,52.7005795603152,34.300445563397254,52.27950845787429,52.44425635894521,-0.876724577054425,-9.62114176075211,8.953799868949908,-3.0687712780852223,-0.6854784636354339,True,False,True,False,elite
Xander Bogaerts__2021_2022,Xander Bogaerts,Xander Bogaerts,2021,2022,5283.905518548435,5939.9642602534295,656.0587417049946,4.1,129,0.863,1.9000000000000004,4,-0.03,48.133267687375096,59.47338135637909,45.147843586561,39.5641340806588,43.07625517954191,-3.360359848951184,-1.135673614508022,0.7453309774232295,12.60778569183494,6.515969033903559,False,False,True,False,weakness_up
Teoscar Hernandez__2021_2022,Teoscar Hernandez,Teoscar Hernandez,2021,2022,5013.832798093774,4880.626491596617,-133.20630649715713,4.0,132,0.87,-1.0,-2,-0.0629999999999999,55.49043219621692,51.22502142035972,34.929613353726324,43.9587550443953,44.00720212784242,2.671789795885097,-4.264209364717857,3.593995447093967,-1.9590176575371745,-3.021959652797761,False,False,True,False,weakness_up
Justin Turner__2021_2022,Justin Turner,Justin Turner,2021,2022,5341.976033841871,4740.684757097009,-601.2912767448615,4.0,126,0.832,-1.7000000000000002,-3,-0.0439999999999999,45.91165148514408,61.315927927724914,48.81025551630182,46.054278884075295,34.5550710916023,-2.2509661571217023,-1.748891741566716,-2.7283150418619044,-4.874156476638312,-2.42501760845699,False,False,False,False,baseline
Jorge Polanco__2021_2022,Jorge Polanco,Jorge Polanco,2021,2022,4985.729025757639,4916.841720863844,-68.88730489379486,4.0,124,0.826,-2.3,-6,-0.0749999999999999,47.15341416555804,57.82247901587873,38.94141174501636,40.72274038432422,44.61499500684271,-2.0450672640414496,-5.6271036385007775,16.30240411952964,-2.8074498289772336,-8.393472789633634,False,False,True,False,weakness_up
Mookie Betts__2021_2022,Mookie Betts,Mookie Betts,2021,2022,5928.739478317859,6587.103656447527,658.3641781296683,3.9,131,0.854,2.1,13,0.019,45.50587139314614,60.63660119876609,56.704207668552186,45.30931749212997,40.75078730855336,7.193456212405955,0.1121132551060313,-7.49074350954362,3.506415232545997,11.05156504923751,True,True,True,False,elite
Randy Arozarena__2021_2022,Randy Arozarena,Randy Arozarena,2021,2022,4959.304456818603,4509.771354144651,-449.5331026739522,3.9,127,0.815,-1.1999999999999995,-3,-0.0419999999999999,46.608477298654535,45.3920575463433,44.69562503932357,45.31244060744551,46.33650059373594,1.9005746038048412,4.059060760545648,-3.3470993466978385,-6.283472615452254,-7.19510288331734,False,False,False,False,baseline
Jeimer Candelario__2021_2022,Jeimer Candelario,Jeimer Candelario,2021,2022,4943.489251960009,3820.295210815261,-1123.1940411447476,3.9,119,0.795,-3.9,-39,-0.162,43.200949994106566,55.75595639942949,44.224745080855534,45.56798649111639,39.49634543728506,-2.302646429784204,-8.003172711287775,-8.319540199465905,-3.943398945480908,-4.697861145610979,False,False,False,False,baseline
Francisco Lindor__2021_2022,Francisco Lindor,Francisco Lindor,2021,2022,6082.122324316097,5904.197186353499,-177.92513796259755,3.9,101,0.734,2.5000000000000004,23,0.054,45.6783141041512,52.05275328212737,47.31348680204309,65.73672111171958,43.43696493469398,1.1076081801020905,4.403643389009943,-4.114624978293506,-9.043290886814916,3.7876472101157783,True,False,True,False,elite
Corey Seager__2021_2022,Corey Seager,Corey Seager,2021,2022,5241.362007365235,5455.804717175895,214.44270981066077,3.8,146,0.915,0.5,-29,-0.143,52.391527012618496,56.31175382624342,45.50028947342882,42.21890939884595,37.93192351983993,-0.9592400147215868,-2.527371015760877,-4.507813047925438,7.433097318421552,6.256717363187079,False,False,True,False,weakness_up
Nick Castellanos__2021_2022,Nick Castellanos,Nick Castellanos,2021,2022,4434.139739020921,3307.375849492957,-1126.7638895279642,3.7,140,0.939,-3.9,-45,-0.245,53.706003547894895,54.04700118782186,32.923100838969646,33.78197043785206,40.3530928577944,-13.935364895488206,-6.634650055711404,-3.21248770943523,-2.0947149590169403,-2.296496424199354,False,False,False,False,baseline
Jake Cronenworth__2021_2022,Jake Cronenworth,Jake Cronenworth,2021,2022,5588.537225857119,5492.267131676281,-96.270094180838,3.7,117,0.8,-0.1,-8,-0.078,42.84605286544434,63.51571242093616,48.94225128967028,45.36428715057188,41.96834170667815,-3.704720902191752,-8.274803356641662,3.185975874939068,1.3886154068123489,5.425566746530528,False,False,True,False,weakness_up
Ozzie Albies__2021_2022,Ozzie Albies,Ozzie Albies,2021,2022,5345.478899743038,4014.3039781891503,-1331.1749215538875,3.7,108,0.799,-2.6,-14,-0.096,46.44512875467752,52.327037467024745,32.876341028326415,44.77399006705078,61.59318190901866,-8.878247907242368,-0.5187547462032214,-0.7515946505225628,3.3410683114095576,-23.247989968765992,False,False,True,False,weakness_up
Yoan Moncada__2021_2022,Yoan Moncada,Yoan Moncada,2021,2022,5069.652025258916,4573.772379763216,-495.87964549570006,3.7,120,0.787,-2.9000000000000004,-44,-0.161,44.21456107244229,51.19503226334032,52.00656992739143,46.1900784444383,36.866069667135534,-1.703822071595873,-6.148100114680446,-10.235441775306114,3.3397920389036173,3.9065812516864113,False,False,True,False,weakness_up
Matt Chapman__2021_2022,Matt Chapman,Matt Chapman,2021,2022,5229.644667122789,5546.445733639451,316.8010665166621,3.7,101,0.716,0.1999999999999997,17,0.041,47.19478079387555,39.51636115805618,49.02288473708335,60.75879855987995,39.061271086234335,6.038564851196732,7.66688137935828,3.171752394608042,-12.980872120289987,2.474397496345553,False,False,True,False,weakness_up
Brandon Belt__2021_2022,Brandon Belt,Brandon Belt,2021,2022,5264.584034404741,4379.941764600996,-884.642269803745,3.6,159,0.975,-3.5,-62,-0.2989999999999999,55.61777110623843,50.0642367484226,49.00715484781407,43.11216281241644,37.681084427261936,-13.673792093795534,-6.679177085395381,0.9546274022604068,-3.298402142634238,1.877044935939395,False,False,True,False,weakness_up
Yasmani Grandal__2021_2022,Yasmani Grandal,Yasmani Grandal,2021,2022,6108.685829154561,4359.695413380039,-1748.9904157745225,3.6,157,0.939,-4.1,-89,-0.369,56.82874311267139,53.52098669694727,72.51876250190267,42.81470344821123,28.285145057061527,-19.66643908450699,-3.425752016108476,-18.08509953391102,1.7480164755183978,-1.9299795422783284,True,False,True,False,elite
Enrique Hernandez__2021_2022,Enrique Hernandez,Enrique Hernandez,2021,2022,5731.843467103885,4508.223433478472,-1223.6200336254133,3.6,109,0.786,-3.3000000000000003,-35,-0.157,45.762858178596105,53.71623150707821,48.37242253595432,51.87760674262947,45.96040914060208,-7.195007871134337,-3.1339573070237208,-3.5100342517241288,-7.664636507506216,-6.375604193388,False,False,False,False,baseline
Joey Votto__2021_2022,Joey Votto,Joey Votto,2021,2022,5634.203933481241,3899.8395213983545,-1734.3644120828862,3.5,140,0.938,-4.3,-48,-0.249,60.557482568134816,52.07150877462233,53.63511407044242,41.38049958754938,36.12663805982859,-14.615643251639028,-7.795860438566791,-5.408734636164233,-6.940501366369965,-6.632506206971343,False,False,False,False,baseline
Yordan Alvarez__2021_2022,Yordan Alvarez,Yordan Alvarez,2021,2022,5486.630982619269,6902.139810088106,1415.508827468837,3.5,137,0.877,2.9000000000000004,48,0.1419999999999999,58.8741685170852,56.217221145937856,43.987877335548525,38.63464970053963,41.59516950473562,11.456468661909971,7.13592983053816,12.17521323985396,3.2187262687795126,-4.599814645236442,False,False,True,False,weakness_up
Pete Alonso__2021_2022,Pete Alonso,Pete Alonso,2021,2022,4826.724532171272,4849.576676805158,22.852144633886383,3.5,131,0.863,0.2999999999999998,10,0.006,56.486602075755634,54.02383332631433,41.30550748235679,41.61480687263038,32.091401280183376,-0.0596680034400662,2.3174024997758167,2.06233141483164,-7.2653181844644195,1.9049750348734875,False,False,True,False,weakness_up
Jean Segura__2021_2022,Jean Segura,Jean Segura,2021,2022,5393.075581694381,5012.592567592125,-380.48301410225577,3.5,110,0.784,-1.4,-5,-0.061,41.05281891693849,62.11270184510199,40.590625037995984,51.8305079005604,44.85522894450557,-0.5179922320671224,-2.7261352176262648,-0.8032368057362618,-3.646979887838533,-1.4149941645312225,False,False,False,False,baseline
Luis Robert Jr.__2021_2022,Luis Robert Jr.,Luis Robert Jr.,2021,2022,4898.01371644209,4656.956347721929,-241.0573687201613,3.4,155,0.946,-1.2999999999999998,-44,-0.1999999999999999,53.08926705656057,55.78575113418594,26.825307611593736,48.36955530135493,44.79186642656824,-4.975270993255421,-1.7591411392111027,-1.0489558968730748,-3.011445581817547,4.763193120624841,False,False,True,False,weakness_up
Jonathan India__2021_2022,Jonathan India,Jonathan India,2021,2022,5130.900798100759,4153.618092342521,-977.282705758238,3.4,122,0.835,-3.2,-27,-0.13,44.13712181908036,54.45082289287631,52.404432433103615,38.124870914630186,42.97510088556268,-6.792898757220186,-0.8649390414350933,-6.273015309574284,-1.7170872820397065,-7.964712164592207,False,False,False,False,baseline
Josh Donaldson__2021_2022,Josh Donaldson,Josh Donaldson,2021,2022,5455.862880884535,4168.98209871141,-1286.8807821731252,3.4,126,0.827,-1.7999999999999998,-30,-0.1449999999999999,56.338116432399296,51.71317663516764,52.29419083656605,45.09031417931721,34.48327288506757,-10.481792744406263,-10.14082598949338,-8.122134979250568,4.96106756278634,-5.1478761569658005,False,False,False,False,baseline
Yuli Gurriel__2021_2022,Yuli Gurriel,Yuli Gurriel,2021,2022,5345.34018676533,4222.485428954315,-1122.8547578110156,3.3,133,0.846,-4.0,-48,-0.1989999999999999,40.84037957234295,68.28122231497422,51.76117332397144,39.27323255139412,36.01224149781753,-4.340418762703699,-8.170590036829836,-13.79529713807586,-5.710721825878586,8.650030638818592,False,False,True,False,weakness_up
Dansby Swanson__2021_2022,Dansby Swanson,Dansby Swanson,2021,2022,5147.828547120144,6038.217713701521,890.3891665813762,3.3,99,0.76,3.3,18,0.016,46.21497214903516,47.74241037498769,41.258543355050776,51.242584667567954,46.5341404111738,2.115867160555915,2.555429574583158,-1.118267365726048,12.833606920422897,3.960687162262389,False,False,False,False,baseline
Sean Murphy__2021_2022,Sean Murphy,Sean Murphy,2021,2022,4767.98157115102,5496.904787438612,728.9232162875924,3.3,100,0.71,1.9000000000000004,21,0.049,45.775030763257526,46.35888236258833,41.68850516544527,63.50583537215402,30.42188458368232,1.7343621066455768,6.99529715633691,1.4597031964730505,-3.3970059610417067,7.945458364718505,False,False,True,False,weakness_up
Jesse Winker__2021_2022,Jesse Winker,Jesse Winker,2021,2022,5170.472907444404,4510.302906301028,-660.1700011433759,3.2,148,0.949,-2.4000000000000004,-38,-0.261,53.341033100102,63.06478150086824,50.31527996764226,36.55293130355411,27.775837864478817,-14.087369986893016,-9.0562513430376,9.744299265928618,-1.1121343837823616,-1.1004370950844553,False,False,False,False,baseline
A.J. Pollock__2021_2022,A.J. Pollock,A.J. Pollock,2021,2022,5043.997957328296,4249.189795053867,-794.8081622744294,3.2,137,0.892,-2.6,-45,-0.2109999999999999,50.789450449567454,56.37361113520214,35.99027479990937,43.4846435083891,44.02095733007477,-7.043308771615351,-2.8212801304317026,-0.3560300755821828,-0.5757919249549559,-7.60417692999372,False,False,False,False,baseline
Brandon Nimmo__2021_2022,Brandon Nimmo,Brandon Nimmo,2021,2022,5529.111700575605,5743.000984164987,213.8892835893821,3.2,135,0.838,2.3,-3,-0.0379999999999999,41.53011672289561,58.26156405528066,56.21734807815015,46.23168032066317,37.981919687352764,3.572484429198397,1.5188334672877488,-4.19438688461382,-1.536227044989154,5.957814246265087,False,False,True,False,weakness_up
Ty France__2021_2022,Ty France,Ty France,2021,2022,4323.228543841819,4304.147588163283,-19.08095567853616,3.2,129,0.813,-0.6000000000000001,-2,-0.0389999999999999,42.17840704570684,60.87543436805117,38.829608522162445,36.88455938808879,34.5017647034646,0.9617821961582392,-1.2990276715792175,-1.816083897623045,1.4364973935343812,0.5778553383572387,False,False,True,False,weakness_up
Adam Frazier__2021_2022,Adam Frazier,Adam Frazier,2021,2022,4969.5565828074095,4760.079970276399,-209.4766125310107,3.2,113,0.779,-1.9,-31,-0.167,31.35255488763273,68.75398649361183,45.49642586208444,45.134289906070734,40.7060767823207,-3.588053146763013,-7.443274007702783,-0.8364589724242819,3.8404219858802193,3.3715675066312656,False,False,True,False,weakness_up
Willy Adames__2021_2022,Willy Adames,Willy Adames,2021,2022,4394.700476033671,5372.233865526251,977.5333894925798,3.1,120,0.818,1.3000000000000005,-11,-0.0619999999999999,49.33276162253796,45.16136444399839,42.44412657153461,40.51042096261998,37.59354964422688,1.2487590242197086,1.955646698294416,-2.1400943454064745,15.3065320824794,7.1956084302681305,False,False,True,False,weakness_up
Joey Wendle__2021_2022,Joey Wendle,Joey Wendle,2021,2022,4648.546655533572,4394.645210632198,-253.9014449013739,3.1,105,0.741,-2.0,-23,-0.0829999999999999,38.63456356838306,51.95015056714273,36.129928044612846,53.37808579773106,43.069832720876136,-3.562378658208992,7.032298813638889,-3.546715817585955,-5.254615586113388,1.2006110954410047,False,False,True,False,weakness_up
J.P. Crawford__2021_2022,J.P. Crawford,J.P. Crawford,2021,2022,4639.989249407713,5030.737931212955,390.7486818052421,3.1,103,0.715,-0.8999999999999999,2,-0.0399999999999999,33.57053273349236,61.86958525160736,47.533508396722375,48.46181679544185,29.69698277222035,-1.1826293764186318,-0.2444684944179229,9.792178372434002,-9.957720316074573,10.4115986706075,False,False,True,True,decliner
Jacob Stallings__2021_2022,Jacob Stallings,Jacob Stallings,2021,2022,5335.804590398017,3847.5839989011465,-1488.2205914968708,3.1,92,0.704,-3.3000000000000003,-26,-0.12,35.77069467343098,52.96094321272597,50.76798763142452,64.1071263873635,33.87172297852467,-2.493441675161378,-2.52358342175377,-6.187419206294038,-20.623261598647936,-4.876573327929673,False,False,False,False,baseline
Myles Straw__2021_2022,Myles Straw,Myles Straw,2021,2022,6039.729193595349,6158.512653060454,118.7834594651049,3.1,98,0.696,-1.6,-33,-0.132,30.68263293956784,62.23152275085008,53.03060040616133,50.17892531282755,59.73757821651789,-3.727072556573077,-2.690854181333698,0.4306060405401268,6.866439885544949,1.132045326896872,True,False,False,True,decliner
Giancarlo Stanton__2021_2022,Giancarlo Stanton,Giancarlo Stanton,2021,2022,4645.437656554729,4730.0072699523935,84.5696133976644,3.0,138,0.87,-1.9,-25,-0.1109999999999999,62.86550436252742,48.883925829666175,45.479976601373735,37.82416237894145,27.335575094611297,2.154870000457976,-8.01237964574296,2.27644827796852,3.0052000240305574,4.668485527364023,False,True,True,True,decliner
Tony Kemp__2021_2022,Tony Kemp,Tony Kemp,2021,2022,5655.370299247597,4744.16886485591,-911.2014343916871,3.0,128,0.8,-1.6,-38,-0.159,30.17352341590706,62.27651662980851,58.66164793024767,45.519700723783,48.75219447999915,-3.370657415114117,-3.164491708474472,-13.369421553426626,-0.4881258250971854,2.412142095019476,False,False,False,False,baseline
Tommy Edman__2021_2022,Tommy Edman,Tommy Edman,2021,2022,6219.116702966633,6963.140366934341,744.0236639677078,3.0,89,0.695,2.4000000000000004,17,0.03,37.553999299477525,62.672449358413104,39.84616497481384,55.771069001616254,64.34724967089491,4.929826808274356,-4.739392553957032,2.3748238742995724,5.739954764641631,4.297428593547139,True,True,True,False,elite
Darin Ruf__2021_2022,Darin Ruf,Darin Ruf,2021,2022,6049.674157952582,4436.968859066261,-1612.7052988863215,2.9,144,0.904,-3.6,-55,-0.259,55.753711091169606,52.51481402453494,54.78517830473717,48.93667759623494,40.462872650782096,-12.572703298024678,-6.445177180392122,-3.298876025818771,-15.368950638282136,1.7664040710460824,True,False,True,False,elite
Harrison Bader__2021_2022,Harrison Bader,Harrison Bader,2021,2022,5019.618512521796,4841.160411905587,-178.45810061620887,2.9,108,0.785,-1.5,-24,-0.135,41.23120925998785,51.737030334616485,38.89623837448246,56.127058800056346,43.41891992321471,-8.230821657884462,1.02845567368977,-1.844796022503012,-7.597987015306771,14.05973460865301,False,False,True,False,weakness_up
Max Stassi__2021_2022,Max Stassi,Max Stassi,2021,2022,5019.703892296317,4024.928330532139,-994.7755617641774,2.9,105,0.752,-3.0,-42,-0.181,46.16509416277446,44.30948803704994,43.87160780523232,60.43148051592514,36.73055790013193,-6.361649916457616,-7.025667487095369,4.198867667009075,-16.389261535098548,-0.1071451870096993,False,False,True,False,weakness_up
Mark Canha__2021_2022,Mark Canha,Mark Canha,2021,2022,5211.181961003036,4541.53962192775,-669.6423390752861,2.9,116,0.746,-0.3999999999999999,10,0.024,38.31889857768802,52.34668735423111,53.834818963201286,42.45946291455803,47.648683882992536,1.290754683064506,4.473148424757582,-4.95591939870139,-4.012063982430604,-13.784439210082226,False,False,True,False,weakness_up
Jose Abreu__2021_2022,Jose Abreu,Jose Abreu,2021,2022,4592.788070617744,5219.363136630142,626.5750660123986,2.8,125,0.831,1.0,12,-0.007,52.979721529384165,51.37802311867432,40.87494160942365,38.59304782431476,35.58624157031871,-3.272265468613952,11.15200520858962,4.569505980526365,2.178442062414525,-0.5146871189251172,False,False,True,False,weakness_up
Chris Taylor__2021_2022,Chris Taylor,Chris Taylor,2021,2022,4998.986415370892,4520.139280050781,-478.8471353201112,2.8,113,0.782,-1.1,-20,-0.1049999999999999,43.75786226972589,44.95848857065789,47.36489932435104,37.5596848098014,57.02014622534264,-2.3827862669677278,-11.08850863011638,-3.4652795982679336,10.212015081492702,-6.316128446372453,False,False,True,False,weakness_up
Omar Narvaez__2021_2022,Omar Narvaez,Omar Narvaez,2021,2022,4409.666523437479,4371.099681030752,-38.56684240672712,2.8,100,0.743,-1.4999999999999998,-29,-0.146,33.77054112162595,53.34505281451362,40.37749859419483,55.61802927893379,34.36734175570629,-4.112420136606282,-4.242750796564735,4.221284081825132,-0.3235978084546502,1.8863440267521057,False,False,True,False,weakness_up
Adolis Garcia__2021_2022,Adolis Garcia,Adolis Garcia,2021,2022,4406.143183837782,5234.56386330821,828.4206794704278,2.8,99,0.741,0.4000000000000003,13,0.015,49.96654486543176,40.111776873031445,29.85028083294112,54.74470148252086,42.30726844339369,3.5752620072239054,4.007514965708758,3.414079221243174,-10.329353292188811,15.8877411545701,False,False,True,False,weakness_up
Amed Rosario__2021_2022,Amed Rosario,Amed Rosario,2021,2022,4890.581170373278,4830.322175408394,-60.25899496488364,2.8,102,0.731,0.2000000000000001,2,-0.016,39.86438712584412,55.41199462916385,34.948205256401934,43.14989230853889,55.78554053014616,0.5135739801908557,4.859480133631543,-4.387986389279284,-2.158519790716099,1.1099549928507957,False,False,True,False,weakness_up
Kevin Kiermaier__2021_2022,Kevin Kiermaier,Kevin Kiermaier,2021,2022,4875.534968946298,4717.88583204442,-157.6491369018786,2.8,101,0.716,-1.7999999999999998,-12,-0.0669999999999999,35.60693766743028,46.29725811349402,39.19087521156128,55.27496960223329,50.87562243486684,7.091093812787797,-0.3560526535238537,-0.9493462544247606,-8.530478878006399,-1.5107836423563512,False,False,True,False,weakness_up
Kyle Schwarber__2021_2022,Kyle Schwarber,Kyle Schwarber,2021,2022,5038.3705978063335,4915.776533208993,-122.59406459734056,2.7,145,0.928,-0.5,-16,-0.101,60.82659133158219,50.89949887097826,53.24921294986431,33.32197594884978,32.01899437506192,3.1150394839733906,-5.693819006354936,0.9288866205309816,-8.760426962369412,9.41596761183451,False,True,True,False,strength_up
J.D. Martinez__2021_2022,J.D. Martinez,J.D. Martinez,2021,2022,4407.932937313559,4019.3484795888985,-388.5844577246603,2.7,126,0.867,-1.3000000000000005,-7,-0.0769999999999999,53.103818070160216,52.63880717359132,36.26917454274411,38.963154669758765,34.23486908703535,-5.5412749153347605,-2.518376950216222,3.8288381569546246,-0.6813930230541771,-4.835378313779728,False,False,True,False,weakness_up
Salvador Perez__2021_2022,Salvador Perez,Salvador Perez,2021,2022,3501.9694745351467,3493.2516663419965,-8.717808193150177,2.7,125,0.859,-1.9,-18,-0.1019999999999999,60.40139409706545,46.85110764207863,23.100972109870124,27.31618734834097,32.16194917506817,-8.178976357187878,-0.5337966536040923,4.194398526393844,7.018333652083246,-0.6703002807873659,False,False,True,True,decliner
Willson Contreras__2021_2022,Willson Contreras,Willson Contreras,2021,2022,4489.410333754206,4844.732243511342,355.3219097571364,2.7,111,0.778,0.7999999999999998,23,0.0369999999999999,51.71650595558628,43.20860555602874,45.10453541450674,45.61864610897843,32.87384523634246,2.94079339429608,5.66136473760497,-3.1763408045910424,-2.993259864750613,4.961974656394361,False,False,True,False,weakness_up
George Springer__2021_2022,George Springer,George Springer,2021,2022,5359.3387430886505,5614.587205514635,255.24846242598412,2.6,140,0.907,1.4,-7,-0.093,54.412232419473725,51.01895104963602,46.95029155951121,43.7672365608035,41.18977568401584,-4.955022226807593,2.542455860290474,-1.8660268882548152,-3.285603214720666,13.49397865301465,False,False,True,False,weakness_up
Hunter Renfroe__2021_2022,Hunter Renfroe,Hunter Renfroe,2021,2022,4632.058016992082,4576.680439812631,-55.37757717945169,2.6,113,0.816,-0.2000000000000001,11,-0.0089999999999998,53.206477018437376,52.48772326368164,38.93212263955722,49.097588135290245,29.258362342249114,-0.4975006737566687,-2.044916075451461,1.9040249465066807,-8.572720654417886,5.60939529988628,False,False,True,False,weakness_up
Kolten Wong__2021_2022,Kolten Wong,Kolten Wong,2021,2022,4865.804344908469,5180.627917688689,314.8235727802203,2.6,109,0.783,-0.3000000000000002,8,-0.013,39.563977770916175,57.634460794273366,39.78630005960782,45.47928577282244,45.26702964002844,2.4549735457698176,-2.235977185500083,10.865134973431772,-8.817642870220574,4.347560112409781,False,False,True,True,decliner
Robbie Grossman__2021_2022,Robbie Grossman,Robbie Grossman,2021,2022,5337.317797818127,4297.358925967657,-1039.9588718504692,2.6,114,0.772,-2.6,-32,-0.15,41.00600364772289,52.88889200954367,59.43856563864759,35.92965242496787,49.07954643014709,-8.350863589964646,-6.509127496514331,-6.743749284078703,6.098516062082332,-10.73304430868628,False,False,True,False,weakness_up
Trent Grisham__2021_2022,Trent Grisham,Trent Grisham,2021,2022,5494.214998451782,5499.088849156003,4.873850704220786,2.6,104,0.74,-0.9000000000000001,-21,-0.1139999999999999,40.44129136094896,52.98800217877928,51.81374093756343,45.91847932371228,49.63307529751707,1.693216766072254,-9.641307632858016,1.6044651176936071,5.460235937835179,0.3888906057351704,False,False,True,False,weakness_up
Whit Merrifield__2021_2022,Whit Merrifield,Whit Merrifield,2021,2022,5632.996377048478,4853.432297776868,-779.5640792716104,2.6,89,0.711,-1.3,-2,-0.0379999999999999,33.48055794405088,61.0766569205456,37.94331960849983,48.5579506696312,68.7602003960665,2.672940263714331,-4.5286659864989005,2.29008494095838,-2.08733848245042,-20.139953903425983,False,False,True,False,weakness_up
Eduardo Escobar__2021_2022,Eduardo Escobar,Eduardo Escobar,2021,2022,4445.341093358616,4270.563594238678,-174.7774991199376,2.5,108,0.786,-0.6000000000000001,-4,-0.06,43.723386463954384,52.69279801650744,39.67879018112568,44.36540446069744,36.24929812896956,1.7874340643535334,-3.355858728347407,-2.71281227451626,-3.648920795779368,3.255533783755723,False,False,True,False,weakness_up
Ryan McMahon__2021_2022,Ryan McMahon,Ryan McMahon,2021,2022,5095.063532255093,5705.108990278582,610.0454580234882,2.5,93,0.779,0.6000000000000001,4,-0.038,46.317549742469325,48.266061535560446,43.49970084583951,55.48966287446618,38.95229903323013,4.221578402606596,1.1903141827734205,3.7812352935130704,-0.8557025629889239,4.561137754370513,False,False,True,False,weakness_up
Ketel Marte__2021_2022,Ketel Marte,Ketel Marte,2021,2022,5376.245443749634,5165.668248319848,-210.5771954297861,2.4,141,0.909,-0.5999999999999999,-39,-0.182,51.360135470673214,65.06305728845453,44.46327954153642,35.97600200225005,39.75058562007428,-5.623383251446164,-9.76985356221357,3.1576438239072786,5.012339567996953,3.478683326083001,False,False,True,False,weakness_up
Jared Walsh__2021_2022,Jared Walsh,Jared Walsh,2021,2022,4352.599281114921,4005.2392729616654,-347.3600081532545,2.4,126,0.85,-3.2,-49,-0.2079999999999999,52.12180280677158,52.43326554489583,38.96448818829914,35.80796991160879,33.913388452812015,-5.861507128114731,-8.502506749226782,-0.9877497045992598,4.937109506645626,2.575777079312857,False,False,True,False,weakness_up
Patrick Wisdom__2021_2022,Patrick Wisdom,Patrick Wisdom,2021,2022,4417.504285626132,3992.8919250893646,-424.612360536767,2.4,117,0.823,-1.2,-11,-0.0979999999999999,57.840200224997865,33.58224346560106,38.023323113972026,48.37936230777898,39.83090644787126,-5.207527982835224,1.802790837906926,6.077557034753632,-15.291087442801157,1.1696663899660535,False,False,True,False,weakness_up
Wander Franco__2021_2022,Wander Franco,Wander Franco,2021,2022,5323.915227315486,5781.238980400245,457.3237530847591,2.4,126,0.81,-0.1,-11,-0.064,40.37378005081886,62.24360252585692,43.40791606652626,42.87160929670436,49.49162608730609,0.2336413282333964,3.423366042034907,1.215263278181986,3.1902057166244404,2.490474723414934,False,True,True,True,decliner
Luis Urias__2021_2022,Luis Urias,Luis Urias,2021,2022,4739.146794824238,4989.8831174809975,250.7363226567595,2.4,112,0.789,0.0,-2,-0.05,44.81310221664051,53.320018078443326,47.44786204135123,36.67267762686198,40.57973348489387,-2.618177860841392,-0.1449272494861659,3.2081931467824987,8.155509000756432,-2.8292003326347483,False,False,True,False,weakness_up
Dylan Carlson__2021_2022,Dylan Carlson,Dylan Carlson,2021,2022,4410.90839870018,4974.943996056953,564.035597356773,2.4,111,0.78,-0.5,-13,-0.085,40.10877736834711,50.616085158475286,45.30263785945199,39.86278037012833,39.348071123643855,-3.837766811481906,0.8998681973568239,2.097063471282248,5.7998242715087045,9.31524046833345,False,False,True,True,decliner
C.J. Cron__2021_2022,C.J. Cron,C.J. Cron,2021,2022,4676.926238970234,4726.069301073527,49.14306210329232,2.3,125,0.905,-0.8999999999999999,-22,-0.122,51.31176023348614,53.9392266019511,44.66895758058438,39.58212350776514,31.79536982235281,0.303165004093799,-2.711658536023819,-5.703542480541394,1.459038999431591,8.128290728151963,False,False,True,True,decliner
Avisail Garcia__2021_2022,Avisail Garcia,Avisail Garcia,2021,2022,4302.224730284444,3554.912972210101,-747.3117580743424,2.3,115,0.82,-3.3,-54,-0.238,54.00239930089225,46.64718586098429,31.035400768600763,44.11654246813507,37.82455110265587,-10.449143291807552,-7.934698602261356,-3.0333838522903385,-2.256939950520064,3.544834879612452,False,False,True,False,weakness_up
Adam Duvall__2021_2022,Adam Duvall,Adam Duvall,2021,2022,4526.303922137009,4249.02100528731,-277.2829168496992,2.3,101,0.772,-1.4999999999999998,-13,-0.0949999999999999,53.320123684919736,43.34489025100467,34.23746353788416,53.41612689816296,36.48683977557997,-7.548199889966625,-1.8575597924168503,1.947309724659988,-5.751924859341258,4.294894296467916,False,False,True,False,weakness_up
Josh Harrison__2021_2022,Josh Harrison,Josh Harrison,2021,2022,4147.275866777668,4089.677735360476,-57.59813141719224,2.3,104,0.741,-0.7999999999999998,-7,-0.0539999999999999,35.11048461254138,60.68886044566217,33.1224871637522,47.75296031387721,36.18881281769592,0.1350722512607163,-5.816449406092765,0.4653796697036938,-0.8515110540925193,3.348936626061459,False,False,True,False,weakness_up
Josh Bell__2021_2022,Josh Bell,Josh Bell,2021,2022,5017.148928330062,4841.449938865757,-175.69898946430476,2.2,119,0.823,-0.1,5,-0.0389999999999999,54.09889860914595,55.47367533614909,49.26358131600093,42.300488565553934,28.349920177582085,-9.059333524944982,3.604309041131472,4.515895168577131,-5.648103158823723,0.6863255626422387,False,False,True,False,weakness_up
Trevor Story__2021_2022,Trevor Story,Trevor Story,2021,2022,5161.909181054287,5369.910066531636,208.0008854773496,2.2,98,0.801,0.2999999999999998,2,-0.064,47.59673180682029,49.077549079701576,39.70223511003592,41.98460211376494,54.74134984873698,0.9486606178677944,-4.98438802722464,-0.8967300790146595,11.407317978844596,-2.0713567021555197,False,False,True,False,weakness_up
Michael Brantley__2021_2022,Michael Brantley,Michael Brantley,2021,2022,5164.193538510518,5712.292921836233,548.0993833257153,2.2,121,0.799,-1.1,7,-0.014,40.46553179978231,70.61545230416453,45.22798199050111,39.70380602112423,37.58169483721032,1.6076262289424506,-3.5294460231758933,11.95088520467666,2.565603986201353,-2.757269380607127,False,False,True,True,decliner
Anthony Rizzo__2021_2022,Anthony Rizzo,Anthony Rizzo,2021,2022,5135.9297488409575,4792.126002084061,-343.80374675689654,2.2,114,0.783,0.2999999999999998,17,0.0339999999999999,46.49564453997044,57.20256593261391,44.8435089495858,44.86656316544715,39.00588927780379,5.876951435750726,-5.212988034779436,3.195306929796473,-5.588952135879772,-6.596992624821148,False,False,True,False,weakness_up
Wil Myers__2021_2022,Wil Myers,Wil Myers,2021,2022,4520.6381907023215,4463.859556078154,-56.77863462416735,2.2,111,0.768,-1.0000000000000002,-8,-0.055,41.53666923993704,44.46470152735007,45.159119870992086,46.09231998450719,40.741877953108926,0.1313892506061762,0.7175159044439425,-3.4923556499822794,0.5300345057941129,0.930876080463257,False,False,True,False,weakness_up
Jonathan Schoop__2021_2022,Jonathan Schoop,Jonathan Schoop,2021,2022,4326.77541259199,4588.866029085868,262.09061649387786,2.2,105,0.755,-0.9000000000000001,-48,-0.1939999999999999,44.73594692030628,54.58547177647147,32.518608713116485,44.67385775659102,38.35344171005507,-6.246144584776147,-8.784493698342175,-2.5688754141475165,22.19730039267506,4.477105006179102,False,False,True,True,decliner
Brett Phillips__2021_2022,Brett Phillips,Brett Phillips,2021,2022,5597.485887275686,4432.145254394364,-1165.3406328813217,2.2,102,0.727,-2.1,-65,-0.2609999999999999,46.06575901240907,35.550653041151925,48.72552449531638,55.15328708887421,56.45009778379245,-10.033674881233845,-5.049940127423124,-4.975866268701083,-0.8500675148271952,-6.510383040541832,False,False,False,False,baseline
Yan Gomes__2021_2022,Yan Gomes,Yan Gomes,2021,2022,4763.175990535999,4052.948347680114,-710.2276428558848,2.2,94,0.723,-1.3000000000000005,-19,-0.0979999999999999,42.09436328302955,55.675293642749786,34.17448051326871,54.404453316826455,40.52966841292411,-6.526554560642666,-0.5864578130923377,-3.773031099222916,-4.809308799943082,-0.8280125678631123,False,False,False,False,baseline
Max Kepler__2021_2022,Max Kepler,Max Kepler,2021,2022,6080.76424399372,5620.2038439140615,-460.5604000796584,2.2,97,0.719,-0.7000000000000002,-3,-0.0529999999999999,45.27233093282514,51.64294834856955,49.72209693777904,52.292438579613886,54.13332895078497,-3.06845118387156,5.562102476018886,2.1689791195425343,0.8520134444244007,-15.55442076068698,True,False,False,False,elite
Mitch Garver__2021_2022,Mitch Garver,Mitch Garver,2021,2022,5247.919563816473,4753.240412163447,-494.67915165302566,2.1,139,0.875,-1.9,-39,-0.173,54.53589326508811,48.47195931638315,51.320622531009015,44.53418581612559,36.53356816625993,-8.954839837639952,0.1943248279230545,-2.565235615112897,-2.657759632195912,1.919404809920408,False,False,True,False,weakness_up
Mitch Haniger__2021_2022,Mitch Haniger,Mitch Haniger,2021,2022,4051.834840842066,4725.419225574608,673.5843847325414,2.1,120,0.804,-1.2000000000000002,-6,-0.068,49.94287463903727,48.653560631728574,40.37684901561606,30.962723804816616,35.549445626310074,-0.1327166310385124,-0.6198890664329824,3.18276877128963,13.469448051830096,1.7677350465105022,False,False,True,True,decliner
Alex Bregman__2021_2022,Alex Bregman,Alex Bregman,2021,2022,5524.399491740269,6214.130095609807,689.7306038695378,2.1,114,0.777,3.3000000000000003,23,0.0429999999999999,39.66558914349132,62.35720568374008,55.79434446128696,46.07507982218773,36.08615611035992,5.0540492930988,0.4181073096181791,7.912446762729751,4.785319781318165,-4.477148118578803,False,True,True,False,strength_up
Mike Yastrzemski__2021_2022,Mike Yastrzemski,Mike Yastrzemski,2021,2022,5054.886164347267,5070.572549203127,15.686384855859616,2.1,106,0.768,-0.6000000000000001,-7,-0.071,46.142125356237166,47.88784190021868,45.31569915595436,44.38383154828122,46.8268068697081,-0.4065494007831489,0.9256332633458796,5.800485540220166,-3.672564115800412,-2.240386451939898,False,False,False,True,decliner
Chas McCormick__2021_2022,Chas McCormick,Chas McCormick,2021,2022,4655.466043067337,4762.123802849619,106.65775978228248,2.1,108,0.766,0.2999999999999998,7,-0.028,46.46782371365186,41.42311339978065,41.341911842722006,55.23649084132396,38.04320996143574,-1.5923776479091671,4.5914329222898616,4.377295057700735,-4.301230402116403,-1.335464720957532,False,False,True,False,weakness_up
Kyle Farmer__2021_2022,Kyle Farmer,Kyle Farmer,2021,2022,4304.6481449862695,4086.8148590129063,-217.8332859733628,2.1,91,0.732,-0.6000000000000001,1,-0.031,37.18886175380153,56.17604448248762,32.67702968841955,52.004786221832745,38.43545516088423,-0.6633989230723571,1.315981602948618,3.779217832132325,-6.557177285140504,-4.9909696924734135,False,False,True,False,weakness_up
DJ LeMahieu__2021_2022,DJ LeMahieu,DJ LeMahieu,2021,2022,5414.983897239783,5918.336005899588,503.3521086598048,2.1,101,0.711,1.0,14,0.023,38.550043047546914,64.64029223698876,53.986414153224175,43.93052095038746,36.78523696395088,3.0409858396764164,-0.7620405490567421,4.579973253898878,7.828560384819916,-4.47043392687236,False,False,True,False,weakness_up
Manuel Margot__2021_2022,Manuel Margot,Manuel Margot,2021,2022,5185.588517758637,4685.499053769709,-500.0894639889284,2.1,94,0.696,-0.8,10,0.004,38.12950990410658,58.06550255654034,41.10185124117407,56.75658390927367,41.85535774725032,0.7866702716036613,-2.68573807755574,-3.4118967228396784,-13.02391142983972,6.088905874934547,False,False,True,False,weakness_up
Frank Schwindel__2021_2022,Frank Schwindel,Frank Schwindel,2021,2022,4590.638118229625,3826.869150661367,-763.7689675682586,2.0,154,0.962,-2.4,-74,-0.3269999999999999,47.528299000591545,57.9094981113572,36.09772157814126,40.604180986280674,37.9576954207578,-8.192704488267275,-8.547002815106595,-0.7222734502006745,1.331292682894599,-2.5674009655340058,False,False,True,False,weakness_up
Evan Longoria__2021_2022,Evan Longoria,Evan Longoria,2021,2022,5473.679250169993,4633.706152030568,-839.973098139425,2.0,123,0.833,-0.6000000000000001,-8,-0.0659999999999999,53.49571329942655,51.87970629701759,51.158373759034255,46.46167756516432,37.05985841100591,-2.968243698611637,-4.876213381147714,-5.863350685389193,-0.8591307246314912,-4.034027305126926,False,False,False,False,baseline
Nathaniel Lowe__2021_2022,Nathaniel Lowe,Nathaniel Lowe,2021,2022,4966.463771468409,4259.634041633466,-706.8297298349426,2.0,114,0.771,1.1,29,0.0799999999999999,46.74286112430506,52.44371539104239,49.639517264446745,36.29307537930337,43.208729566574185,5.480135512133863,5.66043697366019,-11.17727411558893,-4.366599011910058,-13.968669073759692,False,False,False,False,baseline
Jonathan Villar__2021_2022,Jonathan Villar,Jonathan Villar,2021,2022,4592.747110197528,3900.2995719418655,-692.4475382556616,2.0,103,0.738,-3.2,-44,-0.1759999999999999,43.80083869029647,46.51735548540394,40.63324264810222,43.78610130886472,45.113788972909504,-4.939070685533352,-4.617546612929239,-1.82819494212481,-11.1034280170188,6.316592329555334,False,False,False,False,baseline
Michael A. Taylor__2021_2022,Michael A. Taylor,Michael A. Taylor,2021,2022,4757.013035152028,4479.094874287675,-277.918160864353,2.0,75,0.653,-0.1999999999999999,13,0.017,39.66043167333542,45.17632870049263,35.40819564642924,64.08826163930227,41.86138817766973,-2.7013990153056757,2.306121929915385,3.930391432643255,-11.3231653730653,-0.3932138280876174,False,False,True,False,weakness_up
Rhys Hoskins__2021_2022,Rhys Hoskins,Rhys Hoskins,2021,2022,4777.08240374952,4677.443523593678,-99.63888015584234,1.9,127,0.864,0.5,-4,-0.0699999999999999,54.57957813489337,49.89241702747357,46.24943197242905,39.4683118107789,33.917330395965884,-3.070096018816315,0.8193768599851481,4.955582898650832,-3.981085155497553,-1.6132350716741684,False,False,False,False,baseline
Nelson Cruz__2021_2022,Nelson Cruz,Nelson Cruz,2021,2022,4537.227823493409,4182.371599834797,-354.8562236586122,1.9,123,0.832,-2.4,-36,-0.1809999999999999,56.55770801052104,50.19615125920785,39.09832162528145,37.943471041771886,34.458371674977464,-11.765640989001511,-4.4077560358996095,2.8870429281483965,1.0904462659509235,3.5126576406377765,False,False,True,False,weakness_up
LaMonte Wade Jr.__2021_2022,LaMonte Wade Jr.,LaMonte Wade Jr.,2021,2022,5210.779212034649,4761.314824495657,-449.464387538992,1.9,118,0.808,-1.7999999999999998,-25,-0.143,47.07850223155846,54.52085600567573,44.63106745862569,45.23042378026008,42.6731068429568,-6.274880081805868,-2.472419761614084,4.251495587689291,-3.362409429487741,-2.7798139597506197,False,False,True,False,weakness_up
Wilmer Flores__2021_2022,Wilmer Flores,Wilmer Flores,2021,2022,4850.507944846044,4424.201904237789,-426.306040608255,1.9,114,0.782,-0.5999999999999999,-11,-0.072,41.64249570325874,59.11979223883274,48.13538006917424,44.25471587902673,32.159190756732976,-1.1039243840602708,-4.368298450516647,-0.0262932347723392,-3.5402528458258544,-1.496520407873717,False,False,False,False,baseline
Santiago Espinal__2021_2022,Santiago Espinal,Santiago Espinal,2021,2022,5184.047606431924,4977.440245510461,-206.6073609214627,1.9,115,0.781,0.5,-15,-0.089,29.416831219082336,62.56006721768523,47.15340195782355,49.05405006901416,48.40465808842198,5.024163028310159,-0.7356349519254408,-1.4097211971812484,3.518255044174232,-12.720940137294242,False,False,True,False,weakness_up
Alex Verdugo__2021_2022,Alex Verdugo,Alex Verdugo,2021,2022,5217.606355978177,4767.953954299738,-449.6524016784388,1.9,106,0.777,-0.7999999999999998,-4,-0.045,42.459914001783616,62.70674628340557,45.66385177487516,40.01388390275958,43.88168575835439,-1.1761677697071846,1.8900561579531328,-0.4163815064263048,-1.1450700470441788,-10.466763762444266,False,True,False,False,strength_up
Austin Hays__2021_2022,Austin Hays,Austin Hays,2021,2022,4534.495751041807,4246.3934983845165,-288.1022526572906,1.9,106,0.769,0.0,0,-0.05,44.92624634532103,52.19462589852421,37.86146565228193,44.92153282388906,39.10873791317653,-3.631787338594222,0.5043901779968465,-2.3483587365724503,-0.5788601843972074,-0.4874597794273967,False,False,False,False,baseline
Miguel Rojas__2021_2022,Miguel Rojas,Miguel Rojas,2021,2022,5000.286500905439,4650.8655515022,-349.4209494032384,1.9,93,0.713,-0.7999999999999998,-25,-0.1079999999999999,34.849118910496195,58.003516995816746,43.73831629101482,44.55617367950235,50.476044491851766,-2.6881254290926293,1.883646655636305,-3.6113927474988823,11.517834236328484,-14.195395329641286,False,False,True,False,weakness_up
Ke'Bryan Hayes__2021_2022,Ke'Bryan Hayes,Ke'Bryan Hayes,2021,2022,5576.230434264774,6099.659564481925,523.4291302171514,1.9,85,0.689,1.2000000000000002,1,-0.0299999999999999,40.70124392612815,53.90015225419906,43.609415658300925,56.14785973816878,48.874572810329816,1.2614017500661063,0.7272827216638049,2.76621641868725,5.297889994547639,0.9457942790138888,False,False,True,False,weakness_up
Ramon Laureano__2021_2022,Ramon Laureano,Ramon Laureano,2021,2022,4495.072422672608,4414.0440804267,-81.02834224590788,1.8,112,0.76,-1.2000000000000002,-18,-0.0969999999999999,45.358646301102304,48.600842806669625,38.13207128148606,45.32699531492687,40.43270988216693,-0.7252922439373464,-5.129709552292589,2.4124189812294574,-3.7318491853420497,4.716745193283678,False,False,True,False,weakness_up
Daulton Varsho__2021_2022,Daulton Varsho,Daulton Varsho,2021,2022,5249.563763546976,5695.093574652568,445.5298111055927,1.8,100,0.755,2.5,6,-0.01,42.4677511987645,51.37115083223158,40.59037349836685,47.92605170988522,53.40308777818426,3.968030751730496,-3.711173722575566,-0.7211132590586331,13.59455885853287,-3.28772341471354,False,False,True,False,weakness_up
Jazz Chisholm Jr.__2021_2022,Jazz Chisholm Jr.,Jazz Chisholm Jr.,2021,2022,4986.833485679711,5722.471907282698,735.6384216029874,1.8,94,0.728,0.7,40,0.132,46.05361859799096,46.71806521991368,38.2354969775265,43.122407479317935,54.95090097022413,8.806000212126449,0.2417597324186005,5.23726352571628,4.2531129878601845,-2.5549230048797966,False,False,True,False,weakness_up
Jose Iglesias__2021_2022,Jose Iglesias,Jose Iglesias,2021,2022,4046.209224830078,3949.785739644235,-96.42348518584276,1.8,89,0.701,-0.5,-2,0.007,34.012411985274326,59.552674020021215,27.539407841043328,48.48692777413415,42.52149862519995,-2.1619908001024584,5.379901420078909,4.577798084994136,-2.1628416576366334,-8.434708649062898,False,False,True,False,weakness_up
Franmil Reyes__2021_2022,Franmil Reyes,Franmil Reyes,2021,2022,4402.453039001177,3704.191095432057,-698.2619435691199,1.7,128,0.846,-2.6,-47,-0.2079999999999999,58.3159368886088,43.99791502005033,43.03179102892617,37.8143553725174,32.9939491049835,-10.278480499203134,-6.670148717024127,-4.150337385572094,1.169357852969128,1.8182906084153745,False,False,True,False,weakness_up
Lourdes Gurriel Jr.__2021_2022,Lourdes Gurriel Jr.,Lourdes Gurriel Jr.,2021,2022,4266.647075953363,4314.029684372959,47.38260841959618,1.7,107,0.785,-0.1999999999999999,8,-0.042,46.22563731431031,55.68362063301588,34.99287700774922,45.4537371336527,31.18845970877556,-5.256040540774393,3.9647598553310734,5.388847014795992,-3.2369834101325807,-0.9573142668892024,False,False,True,False,weakness_up
Elias Diaz__2021_2022,Elias Diaz,Elias Diaz,2021,2022,4650.776788794317,3526.8141678384145,-1123.9626209559028,1.7,91,0.774,-2.9,-23,-0.126,43.30304547108992,52.76733382691351,40.6482084860321,52.20417552179739,33.802074092474086,-1.659243844574256,-3.166136995669873,-3.472957675920803,-19.94510243840092,-2.573718211846,False,False,False,False,baseline
Akil Baddoo__2021_2022,Akil Baddoo,Akil Baddoo,2021,2022,4826.0716128100685,4243.031144634722,-583.0404681753462,1.7,108,0.766,-1.9,-43,-0.2079999999999999,40.65530101984467,46.780280228616654,44.92676119905429,39.23088141038235,54.86298828472824,-9.032667056990586,-3.413901657288129,0.4018667458545124,4.582878453049126,-7.145188268486194,False,False,True,False,weakness_up
Carson Kelly__2021_2022,Carson Kelly,Carson Kelly,2021,2022,4947.009419458421,4722.311741823403,-224.6976776350175,1.7,104,0.754,-1.1,-31,-0.137,40.64384698559338,52.04119975665931,51.55440392980496,46.17165135685451,37.14460619741514,-2.5600102089819217,-0.1526641383545737,-5.254119776747018,0.4263132966891163,2.9418975021592786,False,False,True,False,weakness_up
Josh Rojas__2021_2022,Josh Rojas,Josh Rojas,2021,2022,4783.696530010796,5785.7256036484405,1002.0290736376446,1.7,103,0.752,0.8,6,-0.013,36.1561271978824,52.332401265049846,49.44712090707605,39.16416855546517,48.37173624192312,3.066497287780152,3.8462538781095432,4.714318895991674,2.5931523421147062,9.162459865082836,False,False,True,False,weakness_up
Yandy Diaz__2021_2022,Yandy Diaz,Yandy Diaz,2021,2022,5111.520585947826,5947.741854112983,836.2212681651572,1.7,110,0.74,2.2,35,0.0839999999999999,42.130333355693686,57.86575366881025,56.18327454181611,41.33577459600897,32.80099536029025,4.380938069558681,9.781949623114803,8.74252197719806,-1.8981740833080067,-4.776515575627762,False,False,True,False,weakness_up
Rafael Ortega__2021_2022,Rafael Ortega,Rafael Ortega,2021,2022,4759.270924134871,4655.139609689715,-104.13131444515602,1.6,122,0.823,-0.9000000000000001,-24,-0.135,40.83859062373604,56.41915321728539,45.48095415895019,38.42707797989269,42.77528277008573,-4.0197208827487,-1.4713473563688029,5.179865832600441,5.880772357966961,-9.026625666095256,False,False,True,False,weakness_up
Luis Arraez__2021_2022,Luis Arraez,Luis Arraez,2021,2022,5218.417485587037,5489.0235859386885,270.60610035165155,1.6,105,0.733,1.1,25,0.062,31.18961907127089,69.052951492734,52.02380744041761,41.04574838769916,42.81073117998107,5.516220343495675,5.601798610529926,3.695152674019468,-3.575933286409274,-8.361794146865826,False,True,True,False,strength_up
Isiah Kiner-Falefa__2021_2022,Isiah Kiner-Falefa,Isiah Kiner-Falefa,2021,2022,4692.356865339756,5118.453685217746,426.0968198779901,1.6,84,0.67,-0.2000000000000001,0,-0.028,30.653624433904582,63.297921771508186,37.06085256174679,43.14558226795902,53.96364568518107,1.5052187703036497,0.8202168609684577,6.856273954041747,1.5192546226614638,-2.881472551117845,False,True,True,True,decliner
Elvis Andrus__2021_2022,Elvis Andrus,Elvis Andrus,2021,2022,5223.2954782408015,5668.51416162151,445.21868338070817,1.6,73,0.614,1.7999999999999998,31,0.0929999999999999,32.439616437126496,57.853206655339896,37.82260273538009,52.45497370441096,58.13465188788507,8.297477694579143,-1.5809979876058264,5.2630405792203945,-2.975738873157312,-1.9173147471365013,False,False,True,False,weakness_up
Andrew McCutchen__2021_2022,Andrew McCutchen,Andrew McCutchen,2021,2022,5005.441417944375,4493.660560893189,-511.7808570511861,1.5,108,0.778,-0.9,-10,-0.078,46.02649540399226,48.71418783660507,55.60485906204882,34.10616536649133,45.90771962322397,-2.438478969772348,3.3668690570822903,-6.126448043348809,6.420887399242496,-15.02601668727462,False,False,True,False,weakness_up
Danny Jansen__2021_2022,Danny Jansen,Danny Jansen,2021,2022,4858.083108894811,5719.342080056552,861.2589711617411,1.5,105,0.772,1.2000000000000002,36,0.0829999999999999,47.31045514655112,49.27394666597907,42.36008996071413,50.221714114316754,37.63234002947619,4.311220181432077,6.674925030974585,6.974063974760462,-1.775914998426174,2.230233318047567,False,False,True,False,weakness_up
Ian Happ__2021_2022,Ian Happ,Ian Happ,2021,2022,4644.694484301861,5043.464555250284,398.7700709484234,1.5,105,0.757,2.2,17,0.024,48.35538377546763,42.72253193132609,48.35441891927896,37.41170439248568,44.617729342422784,-1.682945292236738,9.358948660409204,-4.583673936985299,8.18040998317263,-2.347875085713696,False,False,True,False,weakness_up
Austin Slater__2021_2022,Austin Slater,Austin Slater,2021,2022,5272.755685239908,5429.561440433057,156.8057551931488,1.5,103,0.744,0.6000000000000001,21,0.03,44.71813959286207,47.22024901358145,44.301362757532736,45.41019906737662,54.06679124396247,-0.211082571251822,1.614234306598597,5.143478218770113,-2.857488373989,0.2160676770417495,False,False,True,False,weakness_up
David Peralta__2021_2022,David Peralta,David Peralta,2021,2022,5156.031151897613,4630.575092739334,-525.4560591582795,1.5,95,0.728,0.1999999999999999,9,0.003,41.569658101186896,55.62533561093251,44.27932907113185,47.03310990062418,44.97343347674365,4.945032564400094,-4.957498329535348,-3.9823784234333672,-1.1028532702369065,-7.239168119911724,False,False,True,False,weakness_up
Aledmys Diaz__2021_2022,Aledmys Diaz,Aledmys Diaz,2021,2022,4191.370691418924,4238.473590876224,47.10289945729983,1.5,97,0.721,-0.7,0,-0.03,41.30917627630266,54.144077887754925,33.120898934192184,51.43172930063111,33.21859952609364,1.0149800151199742,0.565145853046495,3.7402730229149057,-4.744100776788351,-1.0873350987262214,False,False,True,False,weakness_up
Leury Garcia__2021_2022,Leury Garcia,Leury Garcia,2021,2022,4445.356661821695,3779.157486773673,-666.1991750480215,1.5,96,0.711,-2.6,-58,-0.2109999999999999,34.28821785234804,52.88620368275591,38.10962720333632,42.60863025713808,50.660112963855696,-0.4617982958442539,-4.563731639268767,-9.54871141577198,2.6367653774896382,-4.621932832880795,False,False,True,False,weakness_up
Cesar Hernandez__2021_2022,Cesar Hernandez,Cesar Hernandez,2021,2022,4598.608136274476,4251.103202687111,-347.5049335873655,1.5,91,0.694,-1.0,-10,-0.0649999999999999,39.1521322630045,52.401867904137056,44.80492524796077,43.613009912856704,40.076547991581286,-8.039949953888183,3.2636840020647853,-0.7988221138789697,-2.1770076036911448,0.3767185490626232,False,False,True,False,weakness_up
Tucker Barnhart__2021_2022,Tucker Barnhart,Tucker Barnhart,2021,2022,4160.623603514385,3891.509033768716,-269.11456974566863,1.5,81,0.685,-1.2,-18,-0.131,34.28066758616042,46.75760097790157,38.54833353411413,54.326746530220895,36.67821942528537,-6.705141872846362,2.249052731210128,5.220744116412512,-6.229686787078094,-2.557206388933352,False,False,True,False,weakness_up
Yadier Molina__2021_2022,Yadier Molina,Yadier Molina,2021,2022,3822.459130372344,3488.1299658769267,-334.329164495417,1.5,81,0.667,-1.3,-32,-0.132,35.59604287816891,52.943728330755874,29.312158980155665,52.45616062967529,34.80046053360549,-3.748923068815692,-0.9014459322129512,-2.8939709513205223,1.7489832409152584,-1.4368699146756114,False,False,False,False,baseline
Tyler Naquin__2021_2022,Tyler Naquin,Tyler Naquin,2021,2022,4242.819226270317,4326.767016717269,83.94779044695224,1.4,110,0.809,-0.8999999999999999,-18,-0.104,48.71106894169141,53.28062063763736,32.80666682470463,36.23660719128768,39.90939578490936,-1.036191085116165,-8.073192260077612,-1.6487324572644084,5.558731608644472,7.399967765142499,False,False,True,True,decliner
Andrew Benintendi__2021_2022,Andrew Benintendi,Andrew Benintendi,2021,2022,4218.045991422016,5011.178329487399,793.1323380653839,1.4,104,0.766,0.6000000000000001,17,0.006,42.664897044784986,56.36135915278882,36.77558604044786,43.3739549267184,32.51735426835472,-3.603296592368139,5.913202427044936,12.58161973046554,-3.0819171329640938,5.832300501453744,False,False,True,False,weakness_up
Donovan Solano__2021_2022,Donovan Solano,Donovan Solano,2021,2022,4555.965602807147,4193.554954912727,-362.4106478944195,1.4,105,0.748,-0.8999999999999999,-6,-0.024,38.32942352849475,58.59731738724648,39.50644774082075,44.37090142654163,39.50336958211206,0.4078493270075825,-1.2016965158689956,-0.9794769510879816,0.2698749336097279,-7.549802141468465,False,False,True,False,weakness_up
Christian Yelich__2021_2022,Christian Yelich,Christian Yelich,2021,2022,5535.250138751548,5658.085065275402,122.83492652385394,1.4,102,0.736,0.8000000000000003,9,0.002,45.06551117407599,51.65068705689801,55.73598560881904,43.40574979651922,45.37613672477233,4.30630957051671,1.2331217475599558,-1.9795609912197207,-7.680477221682551,7.789581476190328,False,False,False,False,baseline
Gleyber Torres__2021_2022,Gleyber Torres,Gleyber Torres,2021,2022,4504.281189085647,4686.79259918913,182.51141010348329,1.4,96,0.697,1.2000000000000002,18,0.064,37.43372451026686,53.21201475737214,45.92058767124554,39.14574146788139,42.29745730194088,11.975639877312595,-2.5232377529028653,-5.577968479610007,4.628990177339219,-4.302077380106759,False,False,True,False,weakness_up
Reese McGuire__2021_2022,Reese McGuire,Reese McGuire,2021,2022,4566.981289626337,4164.531534897789,-402.4497547285473,1.4,78,0.654,0.0,11,0.023,33.164727831901544,53.723096541888985,38.94206946709496,56.45793761980413,39.40551455941067,2.146433395156869,0.6404814854498113,-4.697444814192409,-4.487220833516304,-2.7807744447168545,False,False,True,False,weakness_up
J.D. Davis__2021_2022,J.D. Davis,J.D. Davis,2021,2022,4214.758882965177,4374.816896426343,160.0580134611664,1.3,128,0.82,-0.1999999999999999,-10,-0.0619999999999999,45.35352009393175,40.85664152450869,42.87057502128362,43.46621642080532,38.22751240600406,8.806428783768226,-0.3177743410702902,0.7872240517821822,-3.966372822138688,-0.7513191677836986,False,False,True,True,decliner
Jesus Aguilar__2021_2022,Jesus Aguilar,Jesus Aguilar,2021,2022,4462.213936837971,3603.445294339044,-858.768642498927,1.3,107,0.788,-2.0,-25,-0.127,44.86674591849019,53.537656846308735,44.79403520118583,42.468082995717765,30.699709138364632,-4.978132583220798,-4.811449479023416,-8.977306544455985,-1.5069975566599538,-0.7447808014756987,False,False,False,False,baseline
Tyrone Taylor__2021_2022,Tyrone Taylor,Tyrone Taylor,2021,2022,4900.303594936782,4733.261058508041,-167.0425364287412,1.3,107,0.778,0.8,-5,-0.049,43.74341246294049,51.28220442179297,38.645894929475496,45.55580563416368,48.36904672804484,1.9241641976497876,-3.4946434196073284,-2.758421982178241,3.0691565691808904,-2.64595422153468,False,False,True,False,weakness_up
Nick Madrigal__2021_2022,Nick Madrigal,Nick Madrigal,2021,2022,4937.620105934063,4627.454764870367,-310.1653410636964,1.3,112,0.774,-1.0,-39,-0.186,31.66472737129068,66.14003689520897,43.540913291906605,45.10249503626992,44.88288433767955,-3.317989811641958,-3.365016402131588,0.867884167895312,1.4492045349083824,-3.5381957381124,False,False,True,False,weakness_up
Paul DeJong__2021_2022,Paul DeJong,Paul DeJong,2021,2022,4425.335829180022,3926.738469104456,-498.597360075566,1.3,84,0.674,-1.3,-31,-0.144,41.39803229388908,42.79137920906534,40.106258219191886,50.75510534934472,41.04980732129651,-1.2614887326383553,-7.912246118296807,1.8356129256320344,-0.8028096265562326,-4.422433113003464,False,False,True,False,weakness_up
Rougned Odor__2021_2022,Rougned Odor,Rougned Odor,2021,2022,4320.176475986158,4147.672665300343,-172.50381068581464,1.3,84,0.665,-1.0,-3,-0.033,43.13641527715576,41.75866767908139,37.58382642069774,52.12290795939885,39.42140813278013,-3.7754526523534366,3.2569567418368166,1.052266945007453,-11.40221837790211,6.005573066031253,False,False,True,False,weakness_up
Brendan Rodgers__2021_2022,Brendan Rodgers,Brendan Rodgers,2021,2022,4323.6471315108365,5131.080287307366,807.4331557965297,1.2,98,0.798,0.6000000000000001,-4,-0.065,44.70971246225356,55.52042290171389,33.14244290969486,42.33272109583219,38.681235572320944,0.9862535854695338,1.5341084412937889,9.988592790129452,4.508670362848285,1.3239428819465928,False,False,True,False,weakness_up
Matt Duffy__2021_2022,Matt Duffy,Matt Duffy,2021,2022,5023.510642103406,4028.818574273679,-994.6920678297274,1.2,104,0.738,-1.2,-26,-0.119,35.45847255681748,61.152541832676704,46.07073201759847,42.044631077573605,46.98287102363216,-3.9839359254776663,-7.2505230058242915,-3.2904412844359925,1.697463550876286,-12.43577144305079,False,False,True,False,weakness_up
Francisco Mejia__2021_2022,Francisco Mejia,Francisco Mejia,2021,2022,3752.954396708276,3100.181005877781,-652.7733908304945,1.2,107,0.738,-0.8999999999999999,-23,-0.0929999999999999,34.97934097191764,53.06972398227634,31.45196432736544,42.24520730280258,39.33974148923119,1.1534071288510432,-3.315383472827911,-8.796652610066012,-1.5393207559033044,-4.561914557645366,False,False,True,False,weakness_up
Gio Urshela__2021_2022,Gio Urshela,Gio Urshela,2021,2022,3726.072043281018,4353.062179110489,626.9901358294705,1.2,97,0.72,1.4,21,0.047,42.94426906184287,51.03437069501028,30.184610271888296,43.27900797779338,32.44137508393197,-0.2084665302043475,8.214102376720348,7.166470457011982,-0.4766439309730401,0.4143768388162101,False,False,True,False,weakness_up
Ryan Jeffers__2021_2022,Ryan Jeffers,Ryan Jeffers,2021,2022,4129.878503602968,4788.550990276979,658.6724866740115,1.2,83,0.67,-0.3999999999999999,3,-0.022,48.12633168426345,37.757164166943056,39.10538403804277,51.66528732092522,33.77848154840814,-2.6187771039527306,10.678095399689838,6.317560301891028,-5.265330052867448,4.935393787619375,False,False,True,True,decliner
Ramon Urias__2021_2022,Ramon Urias,Ramon Urias,2021,2022,4580.274496768619,4936.095076166467,355.8205793978477,1.1,115,0.774,1.5,-10,-0.054,44.222359687833176,53.833879715398126,46.34924600740098,38.33406722101889,36.08919732631824,2.582923179754907,-3.3320082295591646,-7.030664295875027,13.040442123949909,4.762853191203696,False,False,True,False,weakness_up
Ji-Man Choi__2021_2022,Ji-Man Choi,Ji-Man Choi,2021,2022,4742.690986738955,4569.263277139227,-173.42770959972768,1.1,117,0.758,-0.1,-3,-0.029,47.629715944190814,44.844442220329526,53.11693366257037,41.26237784998328,36.717129657676,1.2513350360410982,-0.0302861111209153,1.5778632691136352,2.5009110145042115,-8.938562220512054,False,False,True,False,weakness_up
Seth Brown__2021_2022,Seth Brown,Seth Brown,2021,2022,4621.426452377244,4681.456614682933,60.03016230568937,1.1,104,0.754,0.3999999999999999,11,-0.005,50.2563080737328,42.03769024264552,41.60518697469252,48.24668586273152,39.08057064461487,0.2883768742100869,5.064509472447604,1.4084721170142132,-12.790075592503705,6.416735028429898,False,False,True,False,weakness_up
Gary Sanchez__2021_2022,Gary Sanchez,Gary Sanchez,2021,2022,4210.3699644113785,4605.552136966814,395.1821725554355,1.1,101,0.73,0.2999999999999998,-13,-0.0709999999999999,48.74675410342804,43.879128876720046,47.5885341259378,38.13274173100303,32.370124843699905,1.7239822575949688,-1.1715031924254689,-3.861624643261969,11.232768699482364,2.723033152144339,False,False,True,False,weakness_up
Tommy Pham__2021_2022,Tommy Pham,Tommy Pham,2021,2022,5282.930424441831,5167.449875736258,-115.4805487055728,1.1,103,0.724,-0.5000000000000001,-13,-0.0379999999999999,45.573143598896685,51.989143186550805,58.27729721942237,35.79503978986919,44.54406854994858,1.6839760006704267,-2.49268861539003,-9.628666751242264,6.220510947445007,1.1111477833861088,False,False,True,False,weakness_up
Jake Fraley__2021_2022,Jake Fraley,Jake Fraley,2021,2022,5081.55484087986,4801.241262893101,-280.3135779867589,1.1,109,0.721,-0.3,12,0.091,38.45909873693956,46.589687115675325,57.62088631032076,43.3182360034896,45.41300263205073,4.485324145007141,5.552035691611906,-9.75485971235296,-2.876641191476238,-4.328705866341657,False,False,True,False,weakness_up
Jeff McNeil__2021_2022,Jeff McNeil,Jeff McNeil,2021,2022,4391.7877685160365,5317.026913205802,925.2391446897656,1.1,91,0.679,4.4,49,0.1569999999999999,35.16663040764018,58.34656741707962,37.20197677477008,49.29935128578354,37.63769351640046,2.836751175106869,9.855269491992097,4.432658549976125,1.2303075802921128,3.545382425018282,False,False,True,False,weakness_up
Dylan Moore__2021_2022,Dylan Moore,Dylan Moore,2021,2022,5297.662793893206,5566.853015437069,269.1902215438631,1.1,74,0.61,0.8999999999999999,53,0.143,37.95042891511584,42.87759967043903,48.65984605174366,53.89379920996213,52.311179886487366,4.907299586966083,2.868950400118486,6.102173916582423,-8.094255299802043,1.072247429050556,False,False,True,False,weakness_up
Jesus Sanchez__2021_2022,Jesus Sanchez,Jesus Sanchez,2021,2022,4272.476091671108,4392.066675544657,119.5905838735489,1.0,111,0.808,-0.5,-23,-0.126,51.65591964099504,45.83166283678926,37.71150217750589,45.29401351986172,32.80798129657661,-3.3229719540000104,-1.1732765144026305,2.11580580409602,-3.0868465985018005,7.153220597810893,False,False,True,True,decliner
Eric Haase__2021_2022,Eric Haase,Eric Haase,2021,2022,4278.669699090193,3890.534459265481,-388.1352398247122,1.0,100,0.745,0.1999999999999999,11,0.003,51.92177130182283,41.27258574351918,37.89493935035949,40.085344458734056,40.99378072336426,-6.216707325072051,3.521271137036827,-1.6793708014206885,-1.6707471965216385,-3.894814599206498,False,False,True,False,weakness_up
Brian Anderson__2021_2022,Brian Anderson,Brian Anderson,2021,2022,4497.18723576435,4261.6505572562,-235.53667850814963,1.0,95,0.715,-0.8,-10,-0.0579999999999999,39.73895320527674,45.9225299980485,41.70750959340929,46.116681698412606,44.18586405261202,3.4228492229455867,-1.2424699777841255,1.001701729772428,-4.734345988911102,-4.46932956065033,False,False,True,False,weakness_up
Gavin Lux__2021_2022,Gavin Lux,Gavin Lux,2021,2022,4987.310390185055,5382.709640482305,395.3992502972496,1.0,90,0.692,1.7000000000000002,23,0.053,38.66194727403456,52.6534474089764,47.17302280888666,42.406117841857885,48.94658702765641,0.8422081570322035,2.914607504145472,2.959778490593358,3.598834971086788,-1.792274547833529,False,False,True,False,weakness_up
Christian Vazquez__2021_2022,Christian Vazquez,Christian Vazquez,2021,2022,4249.043652407016,4036.62118140077,-212.4224710062449,1.0,76,0.659,0.8999999999999999,23,0.0549999999999999,32.6439412359909,57.019028481740186,40.05459607577817,50.31828564898353,33.44581392061224,7.017056070115665,3.383182472897189,-2.137173024958244,1.645029620005559,-13.445813920612236,False,False,True,False,weakness_up
Sergio Alcantara__2021_2022,Sergio Alcantara,Sergio Alcantara,2021,2022,4930.302232240984,4216.022696559743,-714.2795356812412,1.0,73,0.63,-1.0,-3,-0.013,35.275382770517005,43.24900868549358,49.214349757492016,53.05389086909179,46.45054823084112,-0.0286633773838147,5.181792112018343,-6.932761609779405,-8.80088209989907,-5.694035358790195,False,False,True,False,weakness_up
Jose Trevino__2021_2022,Jose Trevino,Jose Trevino,2021,2022,4182.896599616125,5073.708995505949,890.8123958898241,1.0,63,0.607,2.8,27,0.064,36.14979267626794,52.79407973791074,34.374823629163295,56.615725043543904,33.70732813137511,3.6802370662416735,1.3330764142104172,-0.5215007982406945,17.26624022830579,3.054020909172536,False,False,True,False,weakness_up
Connor Joe__2021_2022,Connor Joe,Connor Joe,2021,2022,5337.051249415896,4977.45798702924,-359.5932623866556,0.9,114,0.848,-0.6000000000000001,-25,-0.151,44.88376142186647,56.770327288792856,52.34282658578665,44.7453183125655,37.50717853850671,-8.407458542263583,-2.475621567725838,1.4810359471570322,-4.031865595223223,6.190872791823615,False,False,True,False,weakness_up
Taylor Ward__2021_2022,Taylor Ward,Taylor Ward,2021,2022,4619.334748472995,5654.469035535965,1035.1342870629703,0.9,110,0.769,2.8000000000000003,26,0.0639999999999999,44.2102459214731,51.06594649783416,42.50707202102855,43.34453390744623,39.32807371545155,6.350654427984793,7.099592541952099,10.250390141112431,2.023162614251355,-2.969068049553812,False,False,True,False,weakness_up
Trey Mancini__2021_2022,Trey Mancini,Trey Mancini,2021,2022,4125.249167087925,4248.647758235124,123.3985911471982,0.9,105,0.758,0.0999999999999999,0,-0.048,46.31000720676908,50.73870674395697,40.626399818338186,38.81205113712751,31.569402962309987,-1.1550463678652676,-1.2361605984135622,2.4804971536173497,2.5988803257103257,0.5483483202815336,False,False,True,False,weakness_up
Lane Thomas__2021_2022,Lane Thomas,Lane Thomas,2021,2022,5315.243740681259,4567.622373679385,-747.6213670018733,0.9,104,0.752,0.4999999999999999,-6,-0.047,43.56034552419716,52.24063110049482,53.89693269576253,42.655729099207136,43.928157812076165,-2.4318272154301184,-0.0769742589257305,-9.552523146983477,-0.5222480445460178,-4.553653614787372,False,False,False,False,baseline
Eddie Rosario__2021_2022,Eddie Rosario,Eddie Rosario,2021,2022,4515.666114092769,3537.8733315824347,-977.7927825103344,0.9,100,0.74,-2.2,-37,-0.153,40.23022828373308,57.15535683717006,35.44324851110746,41.95786654933088,44.82202707755774,-3.729785124175265,-15.263491567079043,-0.8562874469847657,-4.819967154474114,-1.6731840446260051,False,False,False,False,baseline
Eric Hosmer__2021_2022,Eric Hosmer,Eric Hosmer,2021,2022,4190.624395443106,4430.706301289756,240.08190584665044,0.9,104,0.732,-0.3,0,-0.016,42.976618350878056,56.55449992617152,41.55508882050335,40.61711110802027,28.04122299631297,-1.1151021670423304,2.46298520389135,1.7397753833528498,0.59043208375018,2.1463128193968792,False,False,True,True,decliner
Travis d'Arnaud__2021_2022,Travis d'Arnaud,Travis d'Arnaud,2021,2022,4553.364607256365,4561.36891377152,8.004306515154894,0.9,79,0.671,3.0,42,0.12,43.253093042074944,49.84765776396674,38.80017766626376,51.04750540818318,37.16377390049449,4.734309457322475,1.5049442827715538,-5.787925190931567,5.256136594045636,-2.894665450472558,False,False,True,False,weakness_up
Garrett Cooper__2021_2022,Garrett Cooper,Garrett Cooper,2021,2022,4601.396141720142,4613.779523518319,12.383381798177652,0.8,129,0.845,0.3999999999999999,-19,-0.0929999999999999,50.788999411896455,52.53637889689808,45.82302427374584,38.52989574519056,31.74228933554118,-4.170816929680946,0.8461248276876319,-1.7392423564237092,3.480438759686379,2.2034144310347656,False,False,True,False,weakness_up
Ryan Mountcastle__2021_2022,Ryan Mountcastle,Ryan Mountcastle,2021,2022,3652.5866602903857,4524.814096057402,872.2274357670162,0.8,111,0.796,0.8999999999999999,-4,-0.067,50.19962234829124,45.08184564950471,31.30204842206791,30.36574283018701,37.93637733838148,0.5974418557018808,3.91376952374997,1.958014250962382,12.869808227242991,4.1649127033227344,False,False,True,False,weakness_up
Bryan De La Cruz__2021_2022,Bryan De La Cruz,Bryan De La Cruz,2021,2022,4308.689222050879,4578.681835295154,269.9926132442752,0.8,111,0.783,-0.3,-12,-0.058,39.8777237653573,52.54299274470638,39.18150804944075,43.219728278771605,38.67056151294889,10.09375415182992,-0.9006681516542869,-1.7663321817348605,-5.205351704109553,3.3072935600781577,False,False,True,True,decliner
Corey Dickerson__2021_2022,Corey Dickerson,Corey Dickerson,2021,2022,4076.628214366292,3974.751904465529,-101.87630990076286,0.8,97,0.734,-0.2,-1,-0.036,37.33531435200293,53.91239854415532,34.22742461741714,43.443041632164224,39.95846118885887,2.4204703617550365,1.5151183696017014,-4.866811219935663,0.6309687027187749,-1.3849128340623196,False,False,True,False,weakness_up
Jace Peterson__2021_2022,Jace Peterson,Jace Peterson,2021,2022,5120.884241037538,5912.449914299662,791.5656732621237,0.8,98,0.714,1.3,-2,-0.016,37.5969740904024,50.24668171780823,52.75194779775824,41.583449663307,50.96576892916649,3.866942722466504,-0.6373499085215499,-3.117460071784599,9.975439001553047,6.600818565240076,False,False,True,False,weakness_up
David Fletcher__2021_2022,David Fletcher,David Fletcher,2021,2022,4912.984702964256,4210.13940463717,-702.8452983270863,0.8,69,0.622,0.0,6,-0.001,23.67620843510372,67.07290813621954,40.54224205510638,51.449407123428,52.42476976732776,-1.0782906786371598,-2.4328146189321984,-1.745294276834592,0.1863630088509111,-13.605130860728272,False,False,False,False,baseline
Brad Miller__2021_2022,Brad Miller,Brad Miller,2021,2022,4851.070780181982,3624.2170544433534,-1226.8537257386274,0.7,106,0.774,-1.8,-38,-0.184,52.92163909831406,44.86130106566307,46.54453168809357,38.26260666504441,43.410332233482535,-10.335863840314872,-5.754431067631749,-7.18140760621781,-0.2966804576091562,-7.132610223157982,False,False,False,False,baseline
Pavin Smith__2021_2022,Pavin Smith,Pavin Smith,2021,2022,4511.354829861611,4723.913495024877,212.5586651632666,0.7,98,0.732,-0.7999999999999999,-11,-0.0649999999999999,39.45933650926336,58.50295309962413,45.20009833361952,38.805804906496434,35.522649974616826,2.2237405915465587,-8.089328007832343,5.016920838622475,2.8810257251047204,2.951997484573205,False,False,True,True,decliner
Austin Barnes__2021_2022,Austin Barnes,Austin Barnes,2021,2022,4443.585480629786,5278.145392555635,834.5599119258495,0.7,78,0.644,0.6000000000000001,26,0.0599999999999999,35.17336267585515,46.69508988443482,45.14892421477005,48.308339412281946,40.88079782274926,4.93699294572172,6.52429014106049,10.750918340659943,1.2825991880227647,-5.008270748376248,False,False,True,False,weakness_up
Kyle Higashioka__2021_2022,Kyle Higashioka,Kyle Higashioka,2021,2022,4351.705243630765,4776.1496652409005,424.4444216101356,0.7,72,0.635,0.9000000000000001,10,0.018,46.91314872163,42.858454751942,41.32774821811401,50.75510534934472,33.49957135091902,-0.6881204552542783,7.089349975756107,-3.6386218716652223,5.294677382872713,3.0694206865512896,False,False,True,False,weakness_up
Andres Gimenez__2021_2022,Andres Gimenez,Andres Gimenez,2021,2022,4053.126171070033,5515.333895016478,1462.2077239464452,0.7,76,0.633,5.4,65,0.2039999999999999,36.06753798359586,42.5471964593207,29.92734947486156,47.73765634160896,51.15266644232388,8.241413491073864,12.622725331079351,4.6895513208529245,7.551558896432922,2.362938204796862,False,False,True,False,weakness_up
Jonah Heim__2021_2022,Jonah Heim,Jonah Heim,2021,2022,4499.926937963106,5041.332395400636,541.4054574375295,0.7,59,0.598,2.0,40,0.0989999999999999,38.66098828942706,50.02130643341683,37.03912653495368,54.3518575089132,39.384263263865606,6.132358700643543,1.6499020724645206,6.064204404260764,2.1688008299775987,-3.6183795454467713,False,False,True,False,weakness_up
Luke Voit__2021_2022,Luke Voit,Luke Voit,2021,2022,3995.766130517226,3393.7569472315,-602.0091832857261,0.6,113,0.764,-0.1999999999999999,-10,-0.054,50.00836128634474,39.13086304603879,38.55545442751856,40.6304788902373,37.18813214001631,-0.524128134533079,-1.7136717655430471,1.992341816938378,-0.7712988008040895,-13.102787732131496,False,False,True,False,weakness_up
Randal Grichuk__2021_2022,Randal Grichuk,Randal Grichuk,2021,2022,3972.70563457778,4261.2109882744335,288.50535369665386,0.6,85,0.703,-0.0999999999999999,4,0.021,45.21575678680037,51.20404366014154,33.43909479424399,44.04002260679384,31.97770362679692,1.2370573014495392,-0.3018169885023098,1.0443328695539975,-5.161786602062513,9.045054220039166,False,False,True,True,decliner
Brandon Marsh__2021_2022,Brandon Marsh,Brandon Marsh,2021,2022,4800.365246055446,4586.1343597222985,-214.23088633314728,0.6,85,0.673,0.7999999999999999,5,0.006,44.18922928482863,44.72790487571232,40.63891337737735,43.816709253401214,51.35968055126639,-1.961424541494175,-0.4405668258533666,-2.2040351766167774,4.530168496318588,-4.837273982188293,False,False,True,False,weakness_up
Bobby Dalbec__2021_2022,Bobby Dalbec,Bobby Dalbec,2021,2022,3997.501210192218,4453.696685410861,456.1954752186434,0.5,106,0.792,-0.7,-26,-0.14,57.24109546329702,38.39468111166447,35.70375102742994,34.03158169520131,39.69205548268784,-9.003437105401524,0.7025549922695902,6.471493411497036,8.47486391582099,4.808613187403999,False,False,True,True,decliner
Raimel Tapia__2021_2022,Raimel Tapia,Raimel Tapia,2021,2022,5148.317619369778,4282.9106676982665,-865.4069516715117,0.5,75,0.699,0.0,16,-0.0269999999999999,33.64524713785739,61.26740169028934,39.56025535850019,46.74070984178573,55.884607395672674,6.29391025068913,-5.512992911993727,-10.249514843712902,-6.560375817082488,-6.359391698482391,False,False,True,False,weakness_up
Sam Hilliard__2021_2022,Sam Hilliard,Sam Hilliard,2021,2022,4635.033120675364,4799.391919661817,164.3587989864527,0.4,83,0.757,-1.1,-37,-0.2129999999999999,51.36377145502263,34.60341907057606,41.73891286797036,44.00941466225734,49.1600242548132,-7.221181119662681,5.939979850960036,7.5149279756012035,-0.1714296152124603,-2.0250665427535,False,False,True,True,decliner
Josh Naylor__2021_2022,Josh Naylor,Josh Naylor,2021,2022,4375.916322594421,4855.833121940147,479.91679934572585,0.4,93,0.7,1.5,25,0.071,43.933787776054025,54.6551280842821,34.21093262618172,44.45722829430692,38.5818449234565,5.0517573619692655,2.3727852412577093,5.789294922458815,-0.7708208972382948,-2.008632333379296,False,False,True,False,weakness_up
Abraham Toro__2021_2022,Abraham Toro,Abraham Toro,2021,2022,4340.084333050784,4207.574983213439,-132.50934983734533,0.4,94,0.688,-1.0,-31,-0.125,37.16782385820846,57.23908786042821,42.96939123469542,39.5409592920177,37.03405647372025,-0.1999343578540049,-7.297473572764446,-2.1095896649907004,4.691019894281673,1.809132944002812,False,False,True,False,weakness_up
Jorge Mateo__2021_2022,Jorge Mateo,Jorge Mateo,2021,2022,4063.193330589712,5220.08231951153,1156.888988921818,0.4,83,0.67,2.4,0,-0.024,35.73534137566236,47.14320451575024,34.02361034595043,43.85831112962609,47.28655940763157,4.214403578070076,-4.626115220569027,-1.29305631165645,12.875157629348031,15.085861557161335,False,False,True,False,weakness_up
Ha-seong Kim__2021_2022,Ha-seong Kim,Ha-seong Kim,2021,2022,4727.693822920251,5568.153253091358,840.4594301711077,0.4,71,0.622,3.2,34,0.0859999999999999,37.57083038482917,48.36690281254344,43.6633419001643,48.0355533662916,45.73893496718995,-0.2817723260252407,9.77183035580795,5.35279103245508,3.658089282230037,0.9882226242680688,False,False,True,False,weakness_up
Eloy Jimenez__2021_2022,Eloy Jimenez,Eloy Jimenez,2021,2022,3983.550167065309,4783.312584842102,799.7624177767939,0.3,100,0.74,1.3,43,0.118,47.86465611477396,45.10585934508991,34.9561192255146,42.50225171604723,34.920847599133985,9.070649081741363,6.791981321528887,6.279788125252523,-3.2836881717254585,-0.1135327856317687,False,False,True,False,weakness_up
Joc Pederson__2021_2022,Joc Pederson,Joc Pederson,2021,2022,4135.856708713495,5146.160680703451,1010.3039719899562,0.3,96,0.732,2.1,48,0.142,47.65553424477553,48.962098670893305,39.04612095762951,36.17732749226591,36.2592284580152,10.28337290642316,5.799399976775135,6.651751248804018,-3.786366719639368,4.3307099182822455,False,False,True,False,weakness_up
Victor Reyes__2021_2022,Victor Reyes,Victor Reyes,2021,2022,4275.911268654014,3738.91005368366,-537.0012149703539,0.3,88,0.701,-0.3,-4,-0.0499999999999999,41.38889589639215,50.418600005495335,29.41151731174837,42.45084283339831,49.78208421143352,-3.1221740717354933,0.10718469541127,-0.2052276312212484,-0.2330787940195904,-9.768232730098312,False,False,False,False,baseline
Christian Walker__2021_2022,Christian Walker,Christian Walker,2021,2022,4234.980663976668,5653.640784823326,1418.6601208466573,0.3,88,0.696,3.6,34,0.1080000000000001,40.18456347567063,48.67777023019767,38.38709309501315,43.95325807855111,40.33754926814365,12.614583529437065,4.813316482484424,11.616607351904662,7.826007176835283,-3.9917255881819,False,False,True,False,weakness_up
Yonathan Daza__2021_2022,Yonathan Daza,Yonathan Daza,2021,2022,4149.34430691823,4169.660849518155,20.31654259992501,0.3,74,0.688,0.6000000000000001,21,0.045,29.80504756781892,56.75289111700728,37.055170201891926,48.21726484345936,40.30318861868077,0.984906110420571,5.972635254377657,1.4175320545082857,-7.227912957353773,-0.6403075452815372,False,False,True,False,weakness_up
Nick Gordon__2021_2022,Nick Gordon,Nick Gordon,2021,2022,4352.639347475303,4093.3590658940793,-259.2802815812238,0.3,79,0.647,1.4,31,0.0959999999999999,41.82391817063368,48.45607506151423,31.47286710806865,42.47832766261926,50.58800470050423,4.10119169136518,2.14338727770614,-3.072049558948692,0.0859904646457749,-9.472229170782583,False,False,True,False,weakness_up
Martin Maldonado__2021_2022,Martin Maldonado,Martin Maldonado,2021,2022,3888.3315301473,3657.273107830977,-231.0584223163228,0.3,61,0.573,0.5,10,0.027,35.831730511765066,38.62588297576654,47.38331465769494,53.95114271893269,26.80053315083852,7.452066376746991,-1.260355710455627,-10.647021283946174,-2.650483893806957,2.9758195767891777,False,False,True,False,weakness_up
Austin Hedges__2021_2022,Austin Hedges,Austin Hedges,2021,2022,3835.1502523850154,3925.417248478106,90.26699609309162,0.3,42,0.527,-0.3,1,-0.038,34.76824440969888,38.86583348475045,32.060496092749844,57.51491308343602,39.26740242975383,-5.127359825340335,2.6153839179862644,10.081884667588362,-5.137584408157693,-1.8379923462473895,False,False,True,True,decliner
Yadiel Hernandez__2021_2022,Yadiel Hernandez,Yadiel Hernandez,2021,2022,4212.359003657765,3795.487116982257,-416.8718866755085,0.2,99,0.742,0.0,4,-0.02,40.77656151703634,50.50488922072103,39.8397251138118,38.237495686352105,41.30131912211832,2.6921428834419032,-0.8349643729271108,-2.61665478884364,1.9344265051938123,-11.670431814263893,False,False,True,False,weakness_up
Chad Pinder__2021_2022,Chad Pinder,Chad Pinder,2021,2022,4576.683578342967,3655.441661916436,-921.2419164265308,0.2,98,0.712,-0.7,-13,-0.0639999999999999,49.76007076702507,48.817004782489775,39.41497433798934,39.04798300795028,42.02418338899915,-7.004653935603059,-6.781706486617203,-6.442142660078581,-2.396772570222943,-0.5243231621509779,False,False,False,False,baseline
Garrett Hampson__2021_2022,Garrett Hampson,Garrett Hampson,2021,2022,4989.322089933289,4569.306145878425,-420.0159440548641,0.2,64,0.669,-0.4,-8,-0.075,35.55096755880081,49.92081824604829,42.51024391179099,48.51634879340632,53.91924269887515,-2.119905198174884,-4.222929078821004,3.312415369737309,-5.693965479551245,-1.1354989187355713,False,False,True,False,weakness_up
Jon Berti__2021_2022,Jon Berti,Jon Berti,2021,2022,5053.51262002214,6203.439698321887,1149.9270782997464,0.2,74,0.624,2.0,14,0.038,35.6341108604184,50.93709621037543,50.55987166504418,44.98749641401935,49.14466663958654,1.618559702314286,1.129280181201601,-1.1864803294538788,3.404636102207178,22.61422525931173,False,False,True,False,weakness_up
Albert Pujols__2021_2022,Albert Pujols,Albert Pujols,2021,2022,4532.293649463863,4759.071609620477,226.77796015661443,0.1,89,0.717,1.9,59,0.178,46.6285136362644,54.71515391250675,37.15284533976679,41.86916583103694,38.32193736093927,9.131179411671418,3.128122477035504,5.150117128053694,-0.5857514877062258,-11.640062722671704,False,False,True,False,weakness_up
Jorge Alfaro__2021_2022,Jorge Alfaro,Jorge Alfaro,2021,2022,3809.6148462851215,3366.0901547395624,-443.52469154556,0.1,68,0.625,0.3,22,0.042,43.81732841074909,41.36542584124822,24.87621861789699,46.00287000142636,44.81638867538469,2.909403493506097,-3.398026293255896,-0.010949954205099,-5.333826387876485,-6.493889943784197,False,False,True,False,weakness_up
Willi Castro__2021_2022,Willi Castro,Willi Castro,2021,2022,3929.957995494913,3996.688008954408,66.73001345949524,0.1,69,0.624,0.7000000000000001,16,0.027,37.02719606824056,44.81828982762169,28.86475351458413,44.85169685365634,49.05546397582291,-0.2903510349663705,4.133482002292645,-0.0224213472816856,1.5420338661055766,-2.6656419276281085,False,False,True,False,weakness_up
Jorge Soler__2021_2022,Jorge Soler,Jorge Soler,2021,2022,3951.4259934611273,4573.698930707118,622.2729372459908,0.0,100,0.749,0.4,-7,-0.054,51.47623438112439,47.33149916303723,48.33183372300312,31.17192011120532,25.153480911804643,0.643320883814809,-4.046292396053147,-2.7950540556494445,12.777768704890622,10.130874534754732,False,False,True,False,weakness_up
Eugenio Suarez__2021_2022,Eugenio Suarez,Eugenio Suarez,2021,2022,3806.030044526157,4819.172556439331,1013.1425119131744,0.0,85,0.713,4.3,47,0.078,48.63993163860879,41.17495567140008,46.22754973053583,38.77875773775292,26.36715737643265,4.089134310418714,1.846075182755925,5.443304783568593,6.353923811965153,7.465463166166522,False,False,True,False,weakness_up
Alec Bohm__2021_2022,Alec Bohm,Alec Bohm,2021,2022,4325.853525193276,4426.981852201402,101.12832700812578,0.0,76,0.647,1.4,22,0.0659999999999999,42.47768951138765,49.95565637455692,39.391003397264186,42.82882049521516,38.91928803550622,0.630622350494086,10.69695840708605,-3.37264692797644,-3.073096994819956,-1.7688740770187366,False,False,True,False,weakness_up
Victor Caratini__2021_2022,Victor Caratini,Victor Caratini,2021,2022,4233.035363363961,5047.6905616913045,814.6551983273439,0.0,74,0.632,1.5,10,0.01,40.402065378407634,48.69633562649584,45.24831399546556,43.16638320607146,33.23847602833179,3.826143870706879,2.743866337730488,4.287876946848343,9.849376729456829,-0.6868080221170345,False,False,True,False,weakness_up
Charlie Blackmon__2021_2022,Charlie Blackmon,Charlie Blackmon,2021,2022,4609.200625906374,4297.129051323632,-312.071574582742,-0.1,93,0.761,0.3,-2,-0.028,39.556574820742775,60.16362897235697,46.017633103235134,34.42486332928641,40.01267253944344,-0.2855351183348276,-3.1696042287124016,-9.597101633247943,3.413710411785992,3.360252637229685,False,False,True,False,weakness_up
Ben Gamel__2021_2022,Ben Gamel,Ben Gamel,2021,2022,4006.533924314172,4671.255956934079,664.7220326199076,-0.1,99,0.735,0.2,-4,-0.042,39.12537284115254,48.090529370046,49.5073823459184,31.049488333059344,37.41885758135327,1.4445440800837162,3.3610103676539325,1.107013681803508,5.243560582904287,5.446705424276637,False,False,True,False,weakness_up
Daniel Vogelbach__2021_2022,Daniel Vogelbach,Daniel Vogelbach,2021,2022,5123.74131090567,5248.979625973879,125.23831506820898,-0.1,102,0.73,1.5,24,0.063,46.881974675585816,53.56542088456512,61.38700369770301,40.63597585608149,28.346718128767627,0.8853705632996522,0.3304399799682969,1.3906889008855927,-1.9019159840276745,2.273046941204882,False,True,True,False,strength_up
Anthony Santander__2021_2022,Anthony Santander,Anthony Santander,2021,2022,4066.474807155908,4691.400917893538,624.9261107376301,-0.2,92,0.72,2.5,29,0.053,46.21729586169673,51.72397897901272,33.7573853587965,35.66904723593024,39.21028423540212,4.415199957394414,3.469679281470931,9.153932950129509,1.925089384146709,-4.193392736609347,False,False,True,False,weakness_up
Aristides Aquino__2021_2022,Aristides Aquino,Aristides Aquino,2021,2022,4082.258146885493,3631.036503168591,-451.2216437169013,-0.2,83,0.707,0.4,-20,-0.0979999999999999,47.47785275716407,34.534449644800134,45.94075111940134,41.28005567278017,39.0059171965459,-5.00860296506697,-1.8682924024061125,-14.2937419881833,10.337880477325475,-0.9438927553023362,False,False,True,False,weakness_up
Harold Ramirez__2021_2022,Harold Ramirez,Harold Ramirez,2021,2022,3997.36202168728,3739.2769194937055,-258.0851021935746,-0.2,93,0.703,1.5,25,0.044,44.19876500224439,55.23741956003136,28.443660256744053,33.2607600597768,44.50727578237843,-2.57403056709596,1.8543576504621055,1.3839869224106494,7.721354962174331,-13.49685291006627,False,False,True,False,weakness_up
Marcell Ozuna__2021_2022,Marcell Ozuna,Marcell Ozuna,2021,2022,4413.788959117799,4089.8989310902416,-323.8900280275575,-0.2,74,0.645,-0.0999999999999999,16,0.042,43.70780865798989,49.45095395291115,42.720472742705205,43.736628616267005,35.90227573040574,6.110442164534192,-1.867308885311573,-5.294627515763906,-6.086640111664522,-1.143673817926924,False,False,True,False,weakness_up
Rowdy Tellez__2021_2022,Rowdy Tellez,Rowdy Tellez,2021,2022,4493.462509361284,4672.805511372251,179.3430020109672,-0.3,89,0.719,1.3,21,0.048,48.49180214533651,53.26047575252738,38.730211515684914,37.78062431266537,38.72239128884627,7.494793709605801,-1.2901043045430782,10.193728221648849,-0.0948031905720938,-11.707196320681888,False,False,True,False,weakness_up
Andrew Vaughn__2021_2022,Andrew Vaughn,Andrew Vaughn,2021,2022,4174.878899699381,3764.5117583703577,-410.3671413290231,-0.3,93,0.705,-0.3,20,0.045,47.178037931917565,51.26143185984473,43.1631260035352,35.09405412467739,32.011686373798966,0.6720162004084855,6.41872909100271,-4.050128391450315,-15.094054124677392,-0.793125582569651,False,False,False,False,baseline
Cavan Biggio__2021_2022,Cavan Biggio,Cavan Biggio,2021,2022,4283.263592228731,5118.288173248164,835.0245810194328,-0.3,84,0.678,1.6,13,-0.01,37.71865912604496,47.10457336082023,51.64523099436321,37.52239297415638,38.01221642889478,0.7532173949201066,-2.478337015882012,2.4626471622641546,12.38784358284544,6.46907266418738,False,False,True,False,weakness_up
Jurickson Profar__2021_2022,Jurickson Profar,Jurickson Profar,2021,2022,4403.427332550706,5190.683207738206,787.2558751875004,-0.3,87,0.649,2.8,23,0.0739999999999999,30.62288615623088,55.269996347748446,52.8812552704033,35.72282996910782,41.5359645414797,8.579815693315581,2.5795538655025467,0.6048532340017587,7.33355800086818,-2.018265021171139,False,False,True,False,weakness_up
Victor Robles__2021_2022,Victor Robles,Victor Robles,2021,2022,3755.787274085079,4083.0590968569422,327.2718227718633,-0.3,69,0.605,0.7,-4,-0.021,29.14966597360298,46.31605140531821,43.88320581966335,44.99299337986354,34.27319536314288,2.7449262523185425,-1.94729539607102,-9.807598526497806,3.299042801189316,15.782140949878196,False,False,True,False,weakness_up
Mike Moustakas__2021_2022,Mike Moustakas,Mike Moustakas,2021,2022,3824.302742285154,3783.532576257087,-40.77016602806725,-0.4,70,0.653,-0.0999999999999999,6,-0.013,38.160864850243726,44.62236416521575,39.18252918291048,41.024947449586726,37.67737367949829,1.342890227907553,-2.543159259435648,-2.5686383037893705,0.8588802516416791,1.8861952092913723,False,False,True,False,weakness_up
Kevin Newman__2021_2022,Kevin Newman,Kevin Newman,2021,2022,5135.665242652252,4776.711794729977,-358.9534479222757,-0.4,52,0.574,1.6,40,0.1130000000000001,29.16117103246691,62.22258131017787,44.237621629357065,50.40030247616896,50.31661639744428,3.735480497148856,-1.3062066681014244,-5.534796239168863,-5.3835306120806266,0.267827508188752,False,False,True,False,weakness_up
Miguel Cabrera__2021_2022,Miguel Cabrera,Miguel Cabrera,2021,2022,3731.1212470505225,3620.693743492808,-110.42750355771432,-0.5,92,0.701,-0.8,-14,-0.0789999999999999,44.87160818144369,50.29136499514541,39.0526410284677,37.99175680910528,25.84884890000629,-6.907515811724522,-0.2254521927111668,-0.6242778641987243,1.7058272583394825,3.301618907013083,False,False,True,False,weakness_up
Harold Castro__2021_2022,Harold Castro,Harold Castro,2021,2022,3261.569288088697,3556.1766480241417,294.60735993544495,-0.5,83,0.669,0.2,10,0.012,34.66948367138554,54.06116764841835,27.287146064819066,34.64311737731228,36.99290181600776,2.2003108619659955,4.382968833838255,3.7855517863260033,-0.7362378487718999,-2.3211356129831984,False,False,True,False,weakness_up
Maikel Franco__2021_2022,Maikel Franco,Maikel Franco,2021,2022,3870.247446582831,3628.3668016060983,-241.88064497673213,-0.6,62,0.609,0.1999999999999999,4,-0.012,39.48746745516284,49.27037738971122,34.409837070364155,43.01171889764723,36.58052629425294,-1.1020545244865405,-0.2676517725561709,-4.428264456194835,0.8272764652562543,-0.5127617465518739,False,False,True,False,weakness_up
Marwin Gonzalez__2021_2022,Marwin Gonzalez,Marwin Gonzalez,2021,2022,3900.4005734631,4398.86895107358,498.4683776104803,-0.6,57,0.579,0.8999999999999999,7,-0.003,35.87924141122847,46.62398196191102,37.96990542019682,46.2151894231306,36.59590587460906,3.029402934520327,-0.3049579881917736,0.0398683208509709,4.507260595993635,5.35107903388964,False,False,True,False,weakness_up
Luis Garcia Jr.__2021_2022,Luis Garcia Jr.,Luis Garcia Jr.,2021,2022,3676.502896108312,3495.027445173576,-181.47545093473627,-0.7,80,0.686,0.8999999999999999,15,0.0179999999999999,38.54435917509903,51.633773624381,33.38698255328294,34.08892520417187,39.64015786114638,3.8938390453424887,0.2462607763722459,-4.149035232157765,0.9577129232010932,-6.000982383105011,False,False,True,False,weakness_up
Owen Miller__2021_2022,Owen Miller,Owen Miller,2021,2022,3762.190337389354,4546.4542727526805,784.2639353633263,-0.7,51,0.551,1.4,35,0.1009999999999999,35.53779148214588,46.25821507778026,34.88530277582275,43.35552783913461,39.81940056576058,-0.8943322201139594,10.084320399278802,4.369595218252727,3.060407432523512,4.286236354326817,False,False,True,False,weakness_up
Carlos Santana__2021_2022,Carlos Santana,Carlos Santana,2021,2022,4692.1699610579935,5390.371881374794,698.2019203168002,-0.8,81,0.66,1.7000000000000002,21,0.0319999999999999,40.26181235089732,52.63565340280165,55.16116366453913,39.303840495930615,33.63992578827204,6.394352374335959,0.642836523282952,2.4036818005820138,3.8274083097470495,3.1131442938475544,False,False,True,False,weakness_up
Hunter Dozier__2021_2022,Hunter Dozier,Hunter Dozier,2021,2022,3667.937329905397,3342.1000841321247,-325.8372457732721,-0.9,80,0.68,-0.0999999999999999,8,-0.001,44.25378180379829,41.21253181176223,38.49288398509019,30.39560150993661,41.97196264366825,-1.794950170745949,5.6090354180826765,-0.8388147769487944,4.265618964483451,-16.40096839521468,False,False,True,False,weakness_up
Didi Gregorius__2021_2022,Didi Gregorius,Didi Gregorius,2021,2022,3518.739215604274,3650.384878607401,131.64566300312708,-1.0,69,0.639,0.6,-10,-0.072,33.969963045775835,49.00369752324358,34.95199687509111,32.031130860614326,43.97896595482384,-3.900575370257563,2.064993804479421,-3.0865184337779823,9.847315955032542,0.206857367752157,False,False,True,False,weakness_up
Cody Bellinger__2021_2022,Cody Bellinger,Cody Bellinger,2021,2022,3987.3709589309474,4853.679255181311,866.3082962503631,-1.0,47,0.542,2.5,36,0.1119999999999999,36.90683066630157,39.82275912958161,38.45684666068067,44.29750468051593,45.32280135907968,5.884836141255228,4.8986306845567285,0.0415147194597906,2.351095625115967,8.07175138428638,False,False,True,False,weakness_up
Jackie Bradley Jr.__2021_2022,Jackie Bradley Jr.,Jackie Bradley Jr.,2021,2022,3979.053995721079,4179.250276265596,200.1962805445173,-1.7,36,0.497,1.5,20,0.0689999999999999,35.5843697426417,34.81874386624851,38.24706235503277,45.90198842617971,49.595000723852046,0.2448623421382336,10.6788920698771,1.846445383514805,7.130759828807513,-13.493245038436015,False,False,True,False,weakness_up
Aaron Judge__2022_2023,Aaron Judge,Aaron Judge,2022,2023,7794.737701672888,6268.528098529364,-1526.209603143524,11.1,206,1.111,-6.3,-33,-0.092,80.0,57.56148788185634,57.33827602825117,46.72665674205364,45.824005604925006,-6.343002832945714,-9.511441014040344,2.883026062445694,-4.3532295526150335,-9.647291572138116,True,False,False,False,elite
Nolan Arenado__2022_2023,Nolan Arenado,Nolan Arenado,2022,2023,5976.145606414667,4733.9293239668,-1242.2162824478671,7.2,149,0.891,-4.4,-42,-0.1169999999999999,49.72428870329389,62.72821221885672,45.10208169275504,57.69960980907853,37.3913212759262,-5.587979000144273,-4.813420618715313,-6.324913178128099,-8.973258300319372,-2.24577499550427,True,False,False,False,elite
Manny Machado__2022_2023,Manny Machado,Manny Machado,2022,2023,5994.757618100823,5083.195099251205,-911.5625188496178,7.1,152,0.898,-3.7,-39,-0.1159999999999999,54.97249631929398,56.75363408864456,43.0937591617462,52.62395108113525,44.36152139844432,-4.609084527244491,-3.019544619099974,-0.9684274293860468,0.4237490304503879,-10.659873653534431,True,False,False,False,elite
Jose Altuve__2022_2023,Jose Altuve,Jose Altuve,2022,2023,6158.887733843247,5427.926259940262,-730.9614739029848,6.9,164,0.921,-2.8000000000000007,-10,-0.006,46.29307275081236,64.35639269307742,51.79025173851247,46.0375898297154,46.085321580110936,-2.6771563956684474,-4.353449981360299,-4.96455340683773,-1.667443403137305,-1.6454114781568023,True,False,False,False,elite
Paul Goldschmidt__2022_2023,Paul Goldschmidt,Paul Goldschmidt,2022,2023,5942.72554806972,5534.290691502656,-408.4348565670634,6.8,175,0.981,-3.4,-53,-0.1709999999999999,57.29439527872934,58.63451820724714,53.18176831613566,35.96129786267478,44.039143029523885,-7.495591616216856,-5.492259282685311,-2.7478307408617724,7.927562458198992,-0.2968540595069413,True,False,True,False,elite
Freddie Freeman__2022_2023,Freddie Freeman,Freddie Freeman,2022,2023,6539.076514750256,6456.045027582807,-83.03148716744909,6.8,157,0.918,0.9000000000000004,4,0.0579999999999999,51.79719602061632,67.97453307335087,50.824739216411416,43.31983404214758,48.08588400413679,-0.601018537457918,-1.1681675491344805,-5.875091898084683,1.1782033936032477,5.765341265082462,True,False,True,False,elite
J.T. Realmuto__2022_2023,J.T. Realmuto,J.T. Realmuto,2022,2023,6840.552464185521,4361.340960832975,-2479.211503352546,6.7,129,0.82,-4.7,-28,-0.0579999999999999,50.93487843896237,55.60954397478489,40.03042065325471,62.52965644702349,60.13806670033743,-4.10929172436559,-6.109996551951383,-3.0146634726329324,-21.982414702499653,-19.844360248677177,True,False,False,False,elite
Dansby Swanson__2022_2023,Dansby Swanson,Dansby Swanson,2022,2023,6038.217713701521,5905.459849962234,-132.75786373928622,6.6,117,0.776,-1.7999999999999998,-12,-0.032,48.33083930959108,50.29783994957085,40.14027598932473,64.07619158799085,50.49482757343619,-4.178973974249324,-2.0957928249574493,5.585434011602501,-1.0647449052084852,-1.9221440645391468,True,False,True,False,elite
Yordan Alvarez__2022_2023,Yordan Alvarez,Yordan Alvarez,2022,2023,6902.139810088106,5732.94760234817,-1169.1922077399358,6.4,185,1.019,-2.1000000000000005,-15,-0.0289999999999999,70.33063717899518,63.353150976476016,56.163090575402485,41.853375969319146,36.99535485949918,-7.881525060319795,-2.8789658038205346,-2.8690597166571763,-2.369250621779578,-8.0331116048653,True,False,False,False,elite
Francisco Lindor__2022_2023,Francisco Lindor,Francisco Lindor,2022,2023,5904.197186353499,6257.376499161479,353.17931280797984,6.4,124,0.788,-0.9000000000000004,-4,0.018,46.78592228425329,56.45639667113731,43.19886182374958,56.69343022490466,47.22461214480976,2.8701606429100863,-2.3472108276268315,1.4381411232765586,-4.354646363274078,8.860773784021085,True,False,True,True,decliner
Trea Turner__2022_2023,Trea Turner,Trea Turner,2022,2023,5889.901893301747,5397.472828449795,-492.4290648519518,6.3,128,0.809,-2.2,-21,-0.031,46.77450605620383,57.22447103075313,37.57921834824954,46.95192025872868,61.82359870727462,-0.6600797947224564,-7.177156711898817,-3.176864205788021,-3.670086102517935,3.4121498608518337,True,True,False,False,elite
Andres Gimenez__2022_2023,Andres Gimenez,Andres Gimenez,2022,2023,5515.333895016478,4907.371880086233,-607.9620149302445,6.1,141,0.837,-2.3,-45,-0.125,44.308951474669726,55.16992179040005,34.616900795714486,55.28921523804188,53.51560464712074,-9.408377056815311,-3.4390639765328856,-3.378411323832701,4.955461906470724,-0.7914907340542925,False,False,False,False,baseline
Mike Trout__2022_2023,Mike Trout,Mike Trout,2022,2023,5868.095285272218,5689.620778046044,-178.47450722617396,6.0,176,0.999,-3.1,-41,-0.141,65.61118495899872,51.73640933235509,49.51948089825788,43.252210070600384,38.9652260462696,-10.437728568819203,-0.5344372664580703,0.6942029099099329,2.8663707838681347,3.022569906462792,False,False,True,False,weakness_up
Mookie Betts__2022_2023,Mookie Betts,Mookie Betts,2022,2023,6587.103656447527,7063.747748198602,476.6440917510745,6.0,144,0.873,1.5999999999999996,21,0.1139999999999999,52.69932760555209,60.74871445387212,49.213464159008566,48.81573272467597,51.80235235779087,2.88006966783842,5.7804552975752514,12.873538720345708,-6.706138058559077,-6.640442966786651,True,True,False,False,elite
Xander Bogaerts__2022_2023,Xander Bogaerts,Xander Bogaerts,2022,2023,5939.9642602534295,5526.519535428639,-413.4447248247907,6.0,133,0.833,-1.4000000000000004,-14,-0.0429999999999999,44.77290783842391,58.33770774187107,45.89317456398423,52.171919772493744,49.59222421344547,-3.83492491498064,0.9647237932108652,1.5297156879134874,-3.217661471543927,-4.423854395288629,True,False,False,False,elite
Austin Riley__2022_2023,Austin Riley,Austin Riley,2022,2023,5078.198514387053,5587.021601936988,508.8230875499348,5.9,144,0.878,-0.7000000000000002,-16,-0.017,61.12285981832745,52.8347614737846,39.70404782814656,40.92189256770266,36.52453778960701,-4.407417058401386,0.1797398763361641,1.9585212761126911,4.56364875156104,8.862291030271471,False,False,True,True,decliner
Jose Ramirez__2022_2023,Jose Ramirez,Jose Ramirez,2022,2023,6459.921448163212,6577.9546273741125,118.03317921090093,5.9,140,0.869,-1.3000000000000007,-18,-0.038,48.62393432489408,63.78929125836075,50.60430110197619,46.33787883523639,51.706383876617664,-3.167471736145401,2.4880380010588823,1.404167192838436,1.7886795166772913,0.3355106713459577,True,True,False,True,decliner
Julio Rodriguez__2022_2023,Julio Rodriguez,Julio Rodriguez,2022,2023,5885.455414446554,5724.147540258182,-161.3078741883719,5.7,148,0.853,0.0999999999999996,-20,-0.035,58.644157914038445,49.90394428635267,37.78524721861146,47.38393230033545,54.45770844612901,-2.9756249151120078,1.0266048350348171,-5.105320934389411,1.1662625093766863,2.6452480132680307,False,False,False,False,baseline
Adley Rutschman__2022_2023,Adley Rutschman,Adley Rutschman,2022,2023,7036.759703421189,6189.743215157465,-847.0164882637246,5.6,134,0.806,-0.0999999999999996,-8,0.003,44.45289715033275,58.127144618821845,57.7753201048557,63.00591293927839,48.53350653099181,-1.9475010881396528,6.81381038423271,-0.2159585066846929,-6.881760227719866,-15.198759967773874,True,False,False,False,elite
Jeff McNeil__2022_2023,Jeff McNeil,Jeff McNeil,2022,2023,5317.026913205802,4698.654750766167,-618.3721624396348,5.5,140,0.836,-3.1,-41,-0.125,38.003381582747046,68.20183690907172,41.634635324746206,50.52965886607565,41.18307594141874,-6.048119098249835,-4.884653063210067,-2.0778627207028464,-2.766407971282838,2.264989961280058,False,False,True,False,weakness_up
Brandon Nimmo__2022_2023,Brandon Nimmo,Brandon Nimmo,2022,2023,5743.000984164987,5167.922313192377,-575.0786709726099,5.5,132,0.8,-1.2999999999999998,-3,0.0289999999999999,45.10260115209401,59.78039752256841,52.02296119353633,44.69545327567402,43.93973393361785,4.272804031864503,-2.624305252059429,-0.5831242864594657,-3.395054843808957,-11.063718253530858,False,False,False,False,baseline
Alex Bregman__2022_2023,Alex Bregman,Alex Bregman,2022,2023,6214.130095609807,5773.5125453500295,-440.6175502597771,5.4,137,0.82,-1.0,-12,-0.0159999999999999,44.71963843659012,62.775312993358256,63.70679122401671,50.8603996035059,31.60900799178112,-4.026433406770742,1.0015283006027929,-1.8875121056433883,-5.527152562961454,0.9492288468260242,True,True,True,False,elite
Tommy Edman__2022_2023,Tommy Edman,Tommy Edman,2022,2023,6963.140366934341,5621.080541616982,-1342.0598253173584,5.4,106,0.725,-3.0000000000000004,-14,-0.02,42.48382610775188,57.93305680445607,42.22098884911341,61.511023766257885,68.64467826444205,-1.6931124034677725,1.3405892832990318,0.2453702824883663,-9.384863184024155,-18.361570823681237,True,False,True,False,elite
Sean Murphy__2022_2023,Sean Murphy,Sean Murphy,2022,2023,5496.904787438612,5821.223959633586,324.31917219497336,5.2,121,0.759,-0.2000000000000001,9,0.0849999999999999,47.5093928699031,53.35417951892524,43.14820836191832,60.10882941111231,38.367342948400825,6.55922794685106,-0.84877217727405,4.892778119363612,1.8467463291644108,-4.720217612834944,False,True,True,True,decliner
Rafael Devers__2022_2023,Rafael Devers,Rafael Devers,2022,2023,5176.0317682318055,4783.549464091726,-392.4823041400796,5.0,140,0.879,-1.5,-14,-0.028,56.58380579770419,55.96678927904132,37.0685840931825,45.38654081972945,38.84428667080765,-0.0233064251450088,-1.2398176798989624,3.1647165496584364,-6.237030205997236,-5.544765084365885,False,False,True,False,weakness_up
Kyle Tucker__2022_2023,Kyle Tucker,Kyle Tucker,2022,2023,6420.522223719202,6568.609857503217,148.08763378401545,4.9,130,0.808,0.0,9,0.0779999999999999,50.13426850106913,57.86663334475104,45.48724506970194,53.191892075406486,53.70397418293595,-0.3304954309748638,5.96530933811605,8.092077424040468,-14.11450957187632,3.9056138003103342,True,False,False,False,elite
Bo Bichette__2022_2023,Bo Bichette,Bo Bichette,2022,2023,4700.642992388859,4591.391558026682,-109.25143436217697,4.8,129,0.802,-0.8999999999999999,-5,0.0119999999999999,52.06507276441199,57.57423017641758,32.955659115277214,41.393778490234624,38.7971239016056,-3.540277010224905,4.647312533081326,-3.5025658801020967,2.9975510038995026,-1.1719750484040787,False,False,True,False,weakness_up
Michael Harris II__2022_2023,Michael Harris II,Michael Harris II,2022,2023,5899.497203174669,5502.378079508194,-397.1191236664754,4.7,137,0.853,-0.8000000000000003,-21,-0.0449999999999999,53.08115496862286,52.88093866096614,32.49290812729127,50.05239205796215,60.64576003022054,-3.2014045190741385,6.010356352107422,-0.9898250721626454,-0.8096337628652392,-7.912568618904174,True,False,False,False,elite
Steven Kwan__2022_2023,Steven Kwan,Steven Kwan,2022,2023,6623.2923255265005,5952.820560656313,-670.4717648701871,4.7,125,0.772,-1.7000000000000002,-26,-0.062,31.130206722297416,70.45570944951794,60.04659115055219,49.41833136743513,56.32572793900525,-3.313404794791417,-2.916829422384126,-4.341344369417428,2.473217817348093,-6.309454133082355,True,False,False,False,elite
Carlos Correa__2022_2023,Carlos Correa,Carlos Correa,2022,2023,5087.667385110236,4639.313244363173,-448.35414074706296,4.6,139,0.834,-2.8999999999999995,-45,-0.123,50.92479446028849,58.9243616127516,48.267512446923874,43.724095993132345,28.988014626886763,-4.066540334965872,-8.549096742536143,-1.257961696754748,2.1212683799828724,1.996102020233696,False,False,True,False,weakness_up
Willy Adames__2022_2023,Willy Adames,Willy Adames,2022,2023,5372.233865526251,4838.8480555249,-533.3858100013513,4.4,109,0.756,-1.0000000000000004,-14,-0.039,50.58152064675767,47.1170111422928,40.304032226128136,55.81695304509938,44.78915807449501,-7.439998644542172,-3.9272495073980096,2.0000799243208647,3.864397522917578,-6.270600287602413,False,False,True,False,weakness_up
Marcus Semien__2022_2023,Marcus Semien,Marcus Semien,2022,2023,6032.271450848792,6151.273750704761,119.0022998559698,4.4,107,0.733,2.1,21,0.0929999999999999,42.57673786546171,55.98498772919535,44.43338058556963,51.01735813906369,59.26951855070617,0.3575660292657687,4.853971634307044,4.734828030515722,5.921890361508893,-13.885710863084526,True,False,True,False,elite
Will Smith__2022_2023,Will Smith,Will Smith,2022,2023,5390.871222153492,5598.8838135987935,208.01259144530195,4.3,127,0.807,-0.5,-10,-0.01,48.06407406205918,59.27195178407624,51.64293847613564,47.28484628102039,31.30436332024348,-4.4864146424041,-0.9283578310901603,-1.06300987456477,2.6963260378427094,8.804019561986127,False,False,True,True,decliner
Eugenio Suarez__2022_2023,Eugenio Suarez,Eugenio Suarez,2022,2023,4819.172556439331,4488.17019889754,-331.00235754179084,4.3,132,0.791,-0.7999999999999998,-27,-0.077,52.72906594902751,43.021030854156,51.67085451410442,45.13268154971807,33.83262054259917,-7.190817581619129,-1.2112056033776994,-4.9948180459755065,8.86444576403536,-3.0651893558721923,False,False,False,False,baseline
Alejandro Kirk__2022_2023,Alejandro Kirk,Alejandro Kirk,2022,2023,5966.434413951818,5226.851379703339,-739.5830342484787,4.3,129,0.786,-2.0,-34,-0.094,44.53826972138436,65.55398731052317,59.34409502525932,56.87578891307872,23.28883577730598,-8.142270922384988,-3.333186830383241,-5.644924007237414,3.7185222767561967,-1.3070966688784331,True,False,False,False,elite
Corey Seager__2022_2023,Corey Seager,Corey Seager,2022,2023,5455.804717175895,5311.140064767324,-144.66465240857178,4.3,117,0.772,2.1000000000000005,56,0.2409999999999998,51.43228699789691,53.78438281048254,40.99247642550338,49.652006717267504,44.188640883027006,10.112673053817176,7.780930132454515,-0.4569950964939764,-5.423160510381848,-14.961419964607243,False,False,False,False,baseline
Daulton Varsho__2022_2023,Daulton Varsho,Daulton Varsho,2022,2023,5695.093574652568,5064.781047723281,-630.3125269292877,4.3,106,0.745,-2.4,-22,-0.0709999999999999,46.435781950495,47.65997710965601,39.86926023930822,61.52061056841809,50.11536436347072,-5.151703993164418,0.8287843050236958,0.0761507995700725,-5.8949017776317945,-3.782141183875716,False,False,True,False,weakness_up
Nico Hoerner__2022_2023,Nico Hoerner,Nico Hoerner,2022,2023,5938.625897347869,6344.156790789997,405.5308934421282,4.3,108,0.736,0.2000000000000001,-5,-0.007,37.92604085599139,64.86648719478293,39.64406135695247,57.20333404978889,54.546863870829775,-4.450652092833707,1.4518245775563088,4.330806923789481,-0.9319815637757004,9.303775534273676,True,True,True,False,elite
Cal Raleigh__2022_2023,Cal Raleigh,Cal Raleigh,2022,2023,4994.906017440903,4697.833401449467,-297.0726159914366,4.2,122,0.774,0.0999999999999996,-8,-0.012,55.98437530506386,41.068697123549,39.40138572743043,56.76610577574485,38.57968303607053,-6.293800613375986,2.669075967365046,1.1227281306054309,1.736841546137185,-5.651472798372481,False,False,True,False,weakness_up
George Springer__2022_2023,George Springer,George Springer,2022,2023,5614.587205514635,4935.191092949725,-679.3961125649093,4.0,133,0.814,-2.2,-30,-0.0819999999999999,49.45721019266613,53.5614069099265,45.08426467125639,40.48163334608283,54.68375433703049,-5.656918685114135,2.203824139200904,-0.4972001984351948,1.5472543022980645,-13.026033838439956,False,False,True,False,weakness_up
Yandy Diaz__2022_2023,Yandy Diaz,Yandy Diaz,2022,2023,5947.741854112983,5702.690764051544,-245.05109006143903,3.9,145,0.824,1.1,18,0.1080000000000001,46.51127142525237,67.64770329192505,64.92579651901417,39.43760051270096,28.02447978466249,7.985861795213594,-0.2587807200928012,-11.298417846783655,-0.8621463332123724,0.3107481778065022,True,False,True,False,elite
Christian Walker__2022_2023,Christian Walker,Christian Walker,2022,2023,5653.640784823326,5605.591239822935,-48.049545000390935,3.9,122,0.804,0.0,-2,0.0259999999999999,52.79914700510769,53.4910867126821,50.00370044691781,51.77926525538639,36.34582367996175,-3.039763328562138,-1.4551718496974573,-5.626813502820838,-0.2134876955977347,9.065791418951235,False,False,True,False,weakness_up
Travis d'Arnaud__2022_2023,Travis d'Arnaud,Travis d'Arnaud,2022,2023,4561.36891377152,4280.5892281884,-280.7796855831202,3.9,121,0.791,-3.2,-37,-0.1059999999999999,47.98740249939742,51.35260204673829,33.01225247533219,56.30364200222881,34.26910845002193,-3.0129265077944254,-4.388371927963007,5.636717114082288,-9.270490424947084,1.1264586491080024,False,False,True,False,weakness_up
Matt Chapman__2022_2023,Matt Chapman,Matt Chapman,2022,2023,5546.445733639451,5269.793452234007,-276.6522814054442,3.9,118,0.757,-0.8999999999999999,-9,-0.002,53.23334564507228,47.18324253741446,52.194637131691394,47.77792643958996,41.53566858257989,0.0020641038497686,-1.899024271756467,-2.498090132772738,0.403866408736711,-1.83514976178013,False,False,False,False,baseline
Pete Alonso__2022_2023,Pete Alonso,Pete Alonso,2022,2023,4849.576676805158,5013.696757981299,164.12008117614096,3.8,141,0.869,-1.0,-21,-0.048,56.42693407231557,56.34123582609015,43.36783889718843,34.34948868816596,33.996376315056864,-1.171985608609056,-7.887462988939596,3.157563832927174,7.059227786311048,4.127837839455481,False,False,True,True,decliner
Jose Abreu__2022_2023,Jose Abreu,Jose Abreu,2022,2023,5219.363136630142,3772.387939264389,-1446.9751973657535,3.8,137,0.824,-4.3,-51,-0.1439999999999999,49.70745606077021,62.53002832726394,45.444447589950016,40.771489886729285,35.071554451393595,-6.499858911302276,-13.143653929642404,-9.02092425341968,-2.898788201154673,-2.746843016083062,False,False,False,False,baseline
Juan Soto__2022_2023,Juan Soto,Juan Soto,2022,2023,5981.192757764959,6661.531937444358,680.3391796793985,3.7,146,0.853,2.5,8,0.077,53.100331237757,59.76837153790425,76.21130315683321,26.434618948299324,35.640104225248656,6.097218610869128,1.4880382533993028,-7.671353639747267,14.19466326701584,-1.5888502040237853,True,False,True,False,elite
Taylor Ward__2022_2023,Taylor Ward,Taylor Ward,2022,2023,5654.469035535965,5094.526510338457,-559.9425251975081,3.7,136,0.833,-2.3000000000000003,-28,-0.0769999999999999,50.560900349457896,58.16553903978626,52.75746216214098,45.36769652169758,36.35900566589774,-5.627329023341488,-2.534021826987136,-5.38410917168514,0.2677239247925129,1.361710381407427,False,False,True,False,weakness_up
Ian Happ__2022_2023,Ian Happ,Ian Happ,2022,2023,5043.464555250284,5285.224758283434,241.76020303315,3.7,122,0.781,-0.5,-4,0.01,46.67243848323089,52.08148059173529,43.770744982293664,45.59211437565831,42.26985425670909,-1.192765640225943,-0.1671461465677453,9.910916886330869,-4.722057006851564,1.4194665571661034,False,False,True,True,decliner
Cedric Mullins__2022_2023,Cedric Mullins,Cedric Mullins,2022,2023,5331.416056252065,5026.514854105118,-304.90120214694707,3.7,107,0.721,-1.8000000000000005,-9,0.0,40.63330658597292,55.10278419991074,39.55877721575128,51.46299824626506,51.65185299900871,1.097277680047938,-5.96713487222241,4.010890310070813,-6.247994055582922,-0.94088426308992,False,False,True,False,weakness_up
Shohei Ohtani__2022_2023,Shohei Ohtani,Shohei Ohtani,2022,2023,5242.792933372055,6521.071005750791,1278.2780723787364,3.6,142,0.875,3.0,38,0.191,62.18389513893448,53.26792867179657,45.36090002761139,37.66233933763076,35.9363712536949,7.831649106629833,0.7841179897651429,4.453347162830994,0.8459480836241795,13.066808416043258,False,True,True,False,strength_up
Jake Cronenworth__2022_2023,Jake Cronenworth,Jake Cronenworth,2022,2023,5492.267131676281,4805.799262807916,-686.4678688683653,3.6,109,0.722,-2.8,-18,-0.033,39.14133196325259,55.2409090642945,52.12822716460935,46.75290255738423,47.39390845320868,-3.0064079214685293,0.6424017612691131,-8.147474153211988,-4.689158429648749,0.9331082174197364,False,False,False,False,baseline
Ha-seong Kim__2022_2023,Ha-seong Kim,Ha-seong Kim,2022,2023,5568.153253091358,6096.016677957806,527.8634248664475,3.6,105,0.708,0.6000000000000001,5,0.041,37.28905805880393,58.138733168351386,49.01613293261938,51.69364264852164,46.72715759145802,-2.154585354090173,-0.2856200922560248,6.503636425426535,1.1199869148322747,6.061154395582875,False,False,False,False,baseline
Willson Contreras__2022_2023,Willson Contreras,Willson Contreras,2022,2023,4844.732243511342,4591.4351255385445,-253.29711797279745,3.5,134,0.815,-0.7000000000000002,-7,0.011,54.65729934988236,48.86997029363371,41.9281946099157,42.62538624422782,37.83581989273682,-1.454813965132942,2.771725818863409,1.1855919334350418,-4.521557564472055,-4.555479661729393,False,False,True,False,weakness_up
Starling Marte__2022_2023,Starling Marte,Starling Marte,2022,2023,4994.712433594636,4226.503240294001,-768.2091933006341,3.5,133,0.814,-3.8,-58,-0.1889999999999999,45.10224673086494,58.04538312899925,36.90555435758991,44.17831258663533,46.06717935929092,-8.320755402041698,-7.15780447711564,-4.148554530455023,-5.021028115866791,7.485124507704555,False,False,False,False,baseline
Byron Buxton__2022_2023,Byron Buxton,Byron Buxton,2022,2023,5845.253305137511,4938.821056341416,-906.4322487960952,3.4,135,0.833,-2.9,-39,-0.1019999999999999,60.66221876334432,43.07943779956309,43.25424543234716,49.21073717978907,51.75877789530978,-8.073031087769849,-2.969463904714246,-1.456247793727762,-8.092263952750613,0.3333361667005832,False,False,False,False,baseline
Elvis Andrus__2022_2023,Elvis Andrus,Elvis Andrus,2022,2023,5668.51416162151,4788.920381346085,-879.5937802754243,3.4,104,0.707,-2.2,-22,-0.0449999999999999,40.73709413170564,56.27220866773407,43.08564331460048,49.47923483125365,56.21733714074857,-6.237021828477907,-1.5981495846974312,-1.5324583117360009,0.8738238522642732,-11.195221150827052,False,False,False,False,baseline
Vladimir Guerrero Jr.__2022_2023,Vladimir Guerrero Jr.,Vladimir Guerrero Jr.,2022,2023,5088.150611555375,4408.270417074635,-679.8801944807401,3.3,132,0.818,-2.1,-15,-0.0299999999999999,57.71063218868362,58.18505667302314,42.56038100032136,36.88521509384827,34.84162381875039,-6.124181104506846,0.6396841576450427,2.357580177836219,-6.76852756392929,-7.417556250014911,False,False,True,False,weakness_up
Jeremy Pena__2022_2023,Jeremy Pena,Jeremy Pena,2022,2023,4720.117865611832,4298.985800313472,-421.1320652983595,3.3,102,0.715,-0.5999999999999996,-6,-0.01,45.61311557085441,47.59645705723542,30.041637771842467,51.95490343583176,48.83098682999586,-7.9180302994723775,3.6852238334329774,5.203661481772109,-2.901975251580417,-7.665183205161,False,False,True,False,weakness_up
Adolis Garcia__2022_2023,Adolis Garcia,Adolis Garcia,2022,2023,5234.56386330821,5651.8673637647225,417.3035004565127,3.2,112,0.756,1.5,16,0.0799999999999999,53.54180687265566,44.1192918387402,33.264360054184294,44.41534819033205,58.19500959796379,4.30001496186982,0.8481050959094247,9.363569057132196,7.505962969541152,-11.236720635186686,False,False,True,False,weakness_up
Nathaniel Lowe__2022_2023,Nathaniel Lowe,Nathaniel Lowe,2022,2023,4259.634041633466,4768.904500594964,509.27045896149775,3.1,143,0.851,-0.3000000000000002,-25,-0.0759999999999999,52.22299663643892,58.10415236470258,38.462243148857816,31.92647636739331,29.240060492814493,-9.17668198595956,-1.652550715104148,13.623735109755096,12.222732073532828,-2.1891206186161263,False,False,True,True,decliner
Brandon Drury__2022_2023,Brandon Drury,Brandon Drury,2022,2023,4738.506436575564,4230.883548322028,-507.6228882535361,3.1,123,0.813,-0.3999999999999999,-8,-0.0099999999999998,51.50006954958563,55.27478328140069,41.56333005670695,44.71345191099156,30.787999288982263,-0.1826757611681344,-7.794680612685482,-8.931688077365052,4.896098244495576,1.834394763002365,False,False,True,False,weakness_up
Matt Olson__2022_2023,Matt Olson,Matt Olson,2022,2023,4899.529090103921,5961.5168437259,1061.9877536219792,3.1,121,0.802,3.4,41,0.1909999999999999,58.400105724545774,48.61231532629672,44.75355201390692,42.55607094725197,33.522129596048984,8.578737937644426,4.855500281565902,6.434455203636169,-4.934333423698149,7.516976557305234,False,False,True,False,weakness_up
Ryan McMahon__2022_2023,Ryan McMahon,Ryan McMahon,2022,2023,5705.108990278582,4577.107097760697,-1128.0018925178847,3.1,97,0.741,-1.3,-7,0.012,50.53912814507592,49.45637571833387,47.28093613935258,54.63396031147725,43.51343678760065,-1.066370890267585,-6.393508246455205,-2.776579729363661,-2.714523453878151,-11.284670716118413,False,False,False,False,baseline
DJ LeMahieu__2022_2023,DJ LeMahieu,DJ LeMahieu,2022,2023,5918.336005899588,4770.828955903864,-1147.5070499957235,3.1,115,0.734,-1.8,-15,-0.016,41.59102888722333,63.878251687932014,58.56638740712305,51.75908133520738,32.31480303707852,1.382281543784238,-8.521454643064097,-7.093783657130601,-7.022143048239066,-3.7919919976694345,True,False,True,False,elite
Ke'Bryan Hayes__2022_2023,Ke'Bryan Hayes,Ke'Bryan Hayes,2022,2023,6099.659564481925,5478.534626526874,-621.1249379550518,3.1,86,0.659,0.1,15,0.1029999999999999,41.962645676194256,54.62743497586286,46.375632076988175,61.44574973271642,49.820367089343705,5.889252919037361,2.7884166229437355,-7.450513127858784,-2.4832402219048646,-10.093092226066496,True,False,True,False,elite
Teoscar Hernandez__2022_2023,Teoscar Hernandez,Teoscar Hernandez,2022,2023,4880.626491596617,3713.668067673055,-1166.958423923562,3.0,130,0.807,-1.1,-23,-0.066,58.16222199210202,46.96081205564186,38.52360880082029,41.99973738685813,40.98524247504466,-7.664378675401124,-4.720602652842203,-6.550000333916067,2.872601565040391,-10.6694633234553,False,False,True,False,weakness_up
Amed Rosario__2022_2023,Amed Rosario,Amed Rosario,2022,2023,4830.322175408394,3859.5326875723554,-970.7894878360388,3.0,104,0.715,-2.6,-17,-0.0319999999999999,40.377961106034974,60.27147476279539,30.56021886712265,40.99137251782279,56.89549552299695,-3.318249023306564,-5.092708471788924,1.1005342424650344,-6.079824136409336,-12.168347139085109,False,False,True,False,weakness_up
Bryan Reynolds__2022_2023,Bryan Reynolds,Bryan Reynolds,2022,2023,4503.803387827646,5121.704956065303,617.9015682376576,2.9,123,0.807,-0.7999999999999998,-13,-0.017,50.56776401079199,50.898931385756285,41.32820819738059,36.01799540991464,38.17246947191852,-0.5595843389042798,1.59124408729312,1.5043203318492644,2.9121873191608643,9.386932667885844,False,False,True,True,decliner
Thairo Estrada__2022_2023,Thairo Estrada,Thairo Estrada,2022,2023,4948.451171337515,5019.987177318205,71.53600598068988,2.8,106,0.722,0.7000000000000002,-6,0.009,38.58002962341107,56.92939464264333,39.31126971295083,46.13028464759033,49.09053171647757,-0.6002814580849005,-3.0671983125294133,-7.528016107687709,14.0897250260969,0.6557969528241117,False,False,False,False,baseline
Jorge Mateo__2022_2023,Jorge Mateo,Jorge Mateo,2022,2023,5220.08231951153,4844.603170145228,-375.4791493663015,2.8,83,0.646,-2.2,-17,-0.039,39.949744953732434,42.517089295181215,32.73055403429398,56.73346875897412,62.37242096479291,-1.1395393121656454,3.78967471461204,4.35406141802315,-11.96435334542295,-2.391729722429247,False,False,True,False,weakness_up
Danny Jansen__2022_2023,Danny Jansen,Danny Jansen,2022,2023,5719.342080056552,4687.300701890147,-1032.041378166405,2.7,141,0.855,-0.8000000000000003,-26,-0.0689999999999999,51.6216753279832,55.94887169695365,49.33415393547459,48.44579911589058,39.86257334752376,-6.12131144112346,-5.93558198047262,-6.498617269553918,-0.9557647024510628,-3.2479420683299907,False,False,False,False,baseline
Luis Arraez__2022_2023,Luis Arraez,Luis Arraez,2022,2023,5489.0235859386885,4873.676615417803,-615.3469705208854,2.7,130,0.795,0.6999999999999997,1,0.0659999999999999,36.705839414766565,74.65475010326392,55.71896011443708,37.46981510128989,34.44893703311524,-2.4506209686775198,5.345249896736078,-11.251948741244838,-3.6251317214089127,1.4721632419490902,False,True,True,False,strength_up
Randy Arozarena__2022_2023,Randy Arozarena,Randy Arozarena,2022,2023,4509.771354144651,5009.096028772914,499.324674628263,2.7,124,0.773,0.3999999999999999,1,0.016,48.509051902459376,49.45111830688895,41.348525692625735,39.028967991993255,39.1413977104186,1.4204560773899146,-1.1871074030986293,8.376209118979652,-1.3171394926718634,4.774253581626397,False,False,True,False,weakness_up
Jonah Heim__2022_2023,Jonah Heim,Jonah Heim,2022,2023,5041.332395400636,5257.36847108991,216.03607568927416,2.7,99,0.697,1.2999999999999998,8,0.058,44.7933469900706,51.67120850588135,43.103330939214445,56.5206583388908,35.765883718418834,-1.533052071426276,2.617392225200497,-3.637605380109491,4.924410169810393,3.771676254472297,False,False,True,False,weakness_up
Bryce Harper__2022_2023,Bryce Harper,Bryce Harper,2022,2023,5208.337586034995,5083.702273633628,-124.63531240136764,2.6,139,0.877,0.8999999999999999,2,0.023,55.73961873956957,53.93165483611022,40.29123605639253,40.49122014824303,43.04437402592551,-0.8537055610358948,-2.528605661948987,6.59726613432472,-0.3204308700809122,-5.429158174526336,False,False,True,False,weakness_up
Lars Nootbaar__2022_2023,Lars Nootbaar,Lars Nootbaar,2022,2023,6400.91263101534,6293.691506125614,-107.22112488972562,2.6,123,0.788,0.5,-5,-0.004,52.28869557294546,52.60791127809857,58.417327323194414,51.32824426260347,44.76260537322389,-8.719334331316539,6.269270381010628,2.509183388802469,-4.301797290581597,1.79118184644215,True,False,True,False,elite
Ty France__2022_2023,Ty France,Ty France,2022,2023,4304.147588163283,3616.471947011925,-687.6756411513579,2.6,127,0.774,-1.3,-21,-0.071,43.14018924186508,59.57640669647195,37.0135246245394,38.32105678162317,35.07962004182184,-4.479803149072211,-4.366833734648452,-1.6567061486022965,2.871552010187635,-9.253795601407813,False,False,True,False,weakness_up
Brendan Donovan__2022_2023,Brendan Donovan,Brendan Donovan,2022,2023,5391.928193747792,5455.218031533456,63.28983778566453,2.6,127,0.773,-1.1,-9,0.014,36.54032588753681,63.19502465195261,60.160744600985296,42.3989477585499,33.91263560669792,4.915794525968543,1.309812832835533,-10.893431063676516,-1.6157611635202187,9.990129354830216,False,True,True,True,decliner
Gio Urshela__2022_2023,Gio Urshela,Gio Urshela,2022,2023,4353.062179110489,4009.3169986700377,-343.7451804404509,2.6,118,0.767,-2.1,-25,-0.064,42.73580253163852,59.24847307173063,37.35108072890028,42.80236404682034,32.85575192274818,-9.279348955610269,-0.9565601190634752,-4.955927128425309,2.1565814775764096,7.139232160354048,False,False,True,False,weakness_up
Gleyber Torres__2022_2023,Gleyber Torres,Gleyber Torres,2022,2023,4686.79259918913,5115.086555259583,428.29395607045353,2.6,114,0.761,1.1,8,0.039,49.40936438757946,50.68877700446927,40.342619191635535,43.77473164522061,37.99537992183412,-3.93481803510138,9.596287564544497,7.968732532461715,-2.022544881462366,-2.620364009983767,False,False,True,False,weakness_up
Ramon Urias__2022_2023,Ramon Urias,Ramon Urias,2022,2023,4936.095076166467,4033.0190836088686,-903.0759925575984,2.6,105,0.72,-1.9,-7,-0.017,46.80528286758808,50.50187148583896,39.31858171152595,51.3745093449688,40.85205051752194,-8.56397156416714,-2.651900953914989,-0.4159288703477841,-13.428874498694526,2.641124222481558,False,False,True,False,weakness_up
Jazz Chisholm Jr.__2022_2023,Jazz Chisholm Jr.,Jazz Chisholm Jr.,2022,2023,5722.471907282698,5092.858744417587,-629.613162865111,2.5,134,0.86,-0.6000000000000001,-32,-0.0989999999999999,54.85961881011741,46.95982495233228,43.47276050324278,47.37552046717812,52.395977965344336,-5.088051729846256,-6.019522249190281,-1.550091859846411,-1.6644875072166343,0.3840982931753203,False,False,False,False,baseline
Anthony Rizzo__2022_2023,Anthony Rizzo,Anthony Rizzo,2022,2023,4792.126002084061,4123.951626240145,-668.1743758439161,2.5,131,0.817,-1.7,-32,-0.1109999999999999,52.37259597572117,51.98957789783447,48.03881587938227,39.277611029567375,32.40889665298264,-11.60493466573608,-1.5836854789388752,-8.01133724599837,8.763145800345711,-2.2669657896026223,False,False,True,False,weakness_up
Mark Canha__2022_2023,Mark Canha,Mark Canha,2022,2023,4541.53962192775,5168.738371342764,627.1987494150135,2.5,126,0.77,-0.8,-15,-0.015,39.60965326075252,56.81983577898869,48.878899564499896,38.44739893212743,33.86424467291031,-1.604955776455526,1.4714686951545275,1.912779504016875,3.365381033587262,10.858646604745983,False,False,True,True,decliner
Josh Rojas__2022_2023,Josh Rojas,Josh Rojas,2022,2023,5785.7256036484405,4815.698819192861,-970.0267844555792,2.5,109,0.739,-1.5,-31,-0.0979999999999999,39.22262448566255,56.17865514315939,54.16143980306772,41.75732089757987,57.534196107005954,-7.643919601857071,-5.568089089476707,-10.480270364502935,7.946609687441807,-6.5149334412488855,False,False,True,False,weakness_up
Jurickson Profar__2022_2023,Jurickson Profar,Jurickson Profar,2022,2023,5190.683207738206,3893.907978367812,-1296.7752293703943,2.5,110,0.723,-4.1,-32,-0.034,39.20270184954646,57.84955021325099,53.48610850440506,43.056387969976,39.51769952030856,-4.655069630785157,-2.6316634587350123,-6.4855796347010966,-12.4412565192848,-5.0386555435279945,False,False,False,False,baseline
Joc Pederson__2022_2023,Joc Pederson,Joc Pederson,2022,2023,5146.160680703451,5140.916281238815,-5.2443994646364445,2.4,144,0.874,-1.7,-35,-0.1099999999999999,57.93890715119869,54.76149864766844,45.69787220643353,32.39096077262654,40.58993837629745,-6.641202066823524,-2.696853304950473,4.767280527852456,5.624651233635753,-0.346804598529161,False,False,True,True,decliner
Hunter Renfroe__2022_2023,Hunter Renfroe,Hunter Renfroe,2022,2023,4576.680439812631,3978.954519462611,-597.7259203500194,2.4,124,0.807,-1.9,-31,-0.094,52.70897634468071,50.44280718823018,40.8361475860639,40.52486748087236,34.867757642135395,-9.32301113253957,-3.2827181392875886,-2.6334835096457354,0.0507903390250632,0.5009665810505908,False,False,True,False,weakness_up
Ronald Acuna Jr.__2022_2023,Ronald Acuna Jr.,Ronald Acuna Jr.,2022,2023,5716.699726216557,8644.632552171319,2927.932825954762,2.4,115,0.764,6.799999999999999,56,0.248,51.435549876043154,54.3927840237788,46.20526063399054,39.58412658338422,53.63496559233435,14.121474050019785,18.398607998584325,7.338750125925394,2.1946019534735086,14.119516756500772,False,False,True,False,weakness_up
Chas McCormick__2022_2023,Chas McCormick,Chas McCormick,2022,2023,4762.123802849619,4806.449015484431,44.32521263481158,2.4,115,0.738,0.8999999999999999,17,0.1039999999999999,44.87544606574269,46.01454632207051,45.71920690042274,50.93526043920756,36.70774524047821,2.1116357745841228,2.9119572216480734,-4.572246755542459,-5.367942850431383,5.651689329408249,False,False,True,False,weakness_up
Santiago Espinal__2022_2023,Santiago Espinal,Santiago Espinal,2022,2023,4977.440245510461,4357.718293702416,-619.7219518080447,2.4,100,0.692,-2.5,-21,-0.0479999999999999,34.440994247392496,61.82443226575979,45.7436807606423,52.57230511318839,35.68371795112774,-3.142677819238962,-3.9081256165707785,-0.8939453565328819,-10.751210441218603,3.677558966919953,False,False,True,False,weakness_up
Justin Turner__2022_2023,Justin Turner,Justin Turner,2022,2023,4740.684757097009,4370.7711365520445,-369.91362054496494,2.3,123,0.788,-1.1,-7,0.012,43.660685328022375,59.5670361861582,46.08194047443992,41.18012240743698,32.13005348314531,-1.1490631866771466,0.7292604133888148,-1.075959859711439,-6.029144772248344,-2.0974517293729,False,False,False,False,baseline
Anthony Santander__2022_2023,Anthony Santander,Anthony Santander,2022,2023,4691.400917893538,4559.015362290351,-132.38555560318673,2.3,121,0.773,0.2000000000000001,-3,0.024,50.63249581909115,55.19365826048365,42.911318308926006,37.59413662007695,35.01689149879277,-1.152095658588301,-3.597300012093484,-4.031124113929266,1.8457482900764572,4.285159746560552,False,False,True,False,weakness_up
Kolten Wong__2022_2023,Kolten Wong,Kolten Wong,2022,2023,5180.627917688689,3867.835662272684,-1312.792255416005,2.3,117,0.77,-3.0,-67,-0.251,42.01895131668599,55.39848360877328,50.65143503303959,36.66164290260187,49.61458975243822,-11.838490462856516,-7.361150549197873,-9.022784422243014,6.991272567766067,-10.783424915864927,False,False,True,False,weakness_up
Wander Franco__2022_2023,Wander Franco,Wander Franco,2022,2023,5781.238980400245,6559.808159784485,778.5691793842398,2.3,115,0.746,2.5,12,0.0729999999999999,40.607421379052255,65.66696856789183,44.62317934470825,46.0618150133288,51.98210081072102,5.733908617666465,-0.3262384769547566,2.1844835254206245,9.6700733165165,-2.021117911202566,False,False,True,False,weakness_up
Isaac Paredes__2022_2023,Isaac Paredes,Isaac Paredes,2022,2023,5519.195203956887,4699.435321345358,-819.7598826115291,2.3,115,0.74,1.9000000000000004,21,0.0999999999999999,45.65688257108105,53.587573163554296,54.78610296483897,49.16750304499954,37.22944036873761,-3.4994809146942814,1.502049296890604,-8.262711952284988,-4.630583877406004,-3.488388925736828,False,False,False,False,baseline
Bobby Witt Jr.__2022_2023,Bobby Witt Jr.,Bobby Witt Jr.,2022,2023,5209.437628173665,6666.0196317302325,1456.5820035565675,2.3,98,0.722,3.6000000000000005,18,0.0909999999999999,46.33510295079096,52.93790156800554,34.11242597338437,38.03322087269391,63.99232208606161,4.682669526680868,5.898213261252124,2.956973772720083,19.304996614851756,-2.06740796686524,False,False,True,False,weakness_up
Kyle Schwarber__2022_2023,Kyle Schwarber,Kyle Schwarber,2022,2023,4915.776533208993,4034.884222917776,-880.8923102912167,2.2,129,0.827,-1.3000000000000005,-11,-0.01,63.941630815555584,45.20567986462333,54.17809957039529,24.56154898648037,41.43496198689643,-5.30118621064296,-5.174974160975829,5.986462877128119,-2.700388784765732,-11.448711732912656,False,False,False,False,baseline
Jake McCarthy__2022_2023,Jake McCarthy,Jake McCarthy,2022,2023,5240.403094463743,4466.9370254887735,-773.4660689749699,2.2,116,0.769,-2.1,-38,-0.125,39.9345270360876,52.26347434778965,38.028792337423646,42.58332707844116,64.54536899588938,-9.99379502491593,0.8006109991447161,2.9822501916684985,-2.188115411357728,-8.073668900367402,False,False,True,False,weakness_up
Christian Yelich__2022_2023,Christian Yelich,Christian Yelich,2022,2023,5658.085065275402,6292.112048229378,634.0269829539766,2.2,111,0.738,1.5999999999999996,12,0.0799999999999999,49.3718207445927,52.88380880445796,53.75642461759932,35.725272574836666,53.16571820096266,1.1107337844235516,1.954905108781979,-3.59460174413546,4.255686592479883,9.92170803498948,False,False,True,False,weakness_up
Tim Anderson__2022_2023,Tim Anderson,Tim Anderson,2022,2023,4826.23218557022,3924.2636474418896,-901.9685381283308,2.2,110,0.734,-2.4000000000000004,-49,-0.152,40.105789079617104,60.24224075590381,29.39811502349477,44.925087362072006,54.585087689613545,-7.962783772647889,-10.129243168788529,2.7621528501068404,0.39448626667388,-8.465908416243671,False,False,True,False,weakness_up
J.P. Crawford__2022_2023,J.P. Crawford,J.P. Crawford,2022,2023,5030.737931212955,5513.908197337597,483.1702661246418,2.2,105,0.675,2.6,31,0.1429999999999999,32.387903357073725,61.62511675718944,57.32568676915638,38.50409647936728,40.10858144282785,8.84508515080293,-2.619068264283221,2.5614532956138163,1.231533879411856,0.0178271496464859,False,False,True,False,weakness_up
Jon Berti__2022_2023,Jon Berti,Jon Berti,2022,2023,6203.439698321887,5215.380428714318,-988.0592696075682,2.2,88,0.662,0.0,14,0.0859999999999999,37.25267056273269,52.06637639157703,49.3733913355903,48.392132516226525,71.75889189889827,-1.476383397306627,8.717866861234391,-5.16527012709691,0.0746759229778888,-24.714885430434293,True,False,False,False,elite
Josh Bell__2022_2023,Josh Bell,Josh Bell,2022,2023,4841.449938865757,4146.090166168704,-695.3597726970529,2.1,124,0.784,-1.7000000000000002,-20,-0.04,45.039565084200966,59.077984377280565,53.77947648457806,36.65238540673021,29.036245740224324,2.0557360749461253,-6.998065767975206,-8.84269657487966,0.6937204839774367,-2.41805660593176,False,False,True,False,weakness_up
Austin Slater__2022_2023,Austin Slater,Austin Slater,2022,2023,5429.561440433057,4696.45092368051,-733.1105167525475,2.1,124,0.774,-1.4,-15,-0.026,44.50705702161025,48.83448332018005,49.44484097630285,42.55271069338762,54.28285892100422,0.4821877863831076,-0.0498158231707464,-2.7116096735669477,1.7281498079205306,-16.955208619973128,False,False,True,False,weakness_up
Luis Robert Jr.__2022_2023,Luis Robert Jr.,Luis Robert Jr.,2022,2023,4656.956347721929,4689.594482711177,32.6381349892481,2.1,111,0.746,2.8000000000000003,18,0.1109999999999999,48.11399606330515,54.026609994974834,25.77635171472066,45.35810971953738,49.55505954719308,6.926793799369001,-10.003091646978696,1.739193636127588,7.45042533955192,-5.2860118248136985,False,False,True,False,weakness_up
Tyrone Taylor__2022_2023,Tyrone Taylor,Tyrone Taylor,2022,2023,4733.261058508041,4775.1867566138535,41.92569810581245,2.1,102,0.729,-1.1,-13,-0.016,45.66757666059028,47.78756100218564,35.887472947297255,48.62496220334457,45.72309250651016,-3.35592881016472,1.831214508146033,-3.889167289385714,-0.2533392441723308,7.284237904929725,False,False,False,True,decliner
Jean Segura__2022_2023,Jean Segura,Jean Segura,2022,2023,5012.592567592125,4055.488978389225,-957.1035892029004,2.1,105,0.723,-3.3,-54,-0.1669999999999999,40.53482668487137,59.38656662747572,39.78738823225972,48.183528012721865,43.44023477997435,-4.904056101108793,-5.628990353928451,-1.909005775500852,-6.426246744699014,-4.738979483955234,False,False,False,False,baseline
Jace Peterson__2022_2023,Jace Peterson,Jace Peterson,2022,2023,5912.449914299662,4666.722796885349,-1245.7271174143125,2.1,96,0.698,-1.7000000000000002,-22,-0.0869999999999999,41.4639168128689,49.60933180928668,49.63448772597364,51.55888866486005,57.56658749440656,-9.226867825679562,-2.798027600780351,0.701879759224461,-6.884153680843426,-9.464306188148733,True,False,False,False,elite
William Contreras__2022_2023,William Contreras,William Contreras,2022,2023,4592.29811953642,6059.45300608445,1467.15488654803,2.0,139,0.86,3.8,-13,-0.035,56.67993113101856,47.12982484347989,46.6075819053535,37.99957354006458,31.878761583000355,-7.517659085441316,7.004536435389888,2.150963562416493,25.37947005360563,6.786336256113145,False,False,True,False,weakness_up
Andrew Benintendi__2022_2023,Andrew Benintendi,Andrew Benintendi,2022,2023,5011.178329487399,4163.164039372041,-848.0142901153586,2.0,121,0.772,-2.3,-33,-0.0899999999999999,39.06160045241685,62.27456157983376,49.3572057709134,40.292037793754304,38.34965476980847,-7.549954653180791,-2.487037137378749,-5.4037560868549335,-9.981494900501628,8.732070097248581,False,False,True,False,weakness_up
Seiya Suzuki__2022_2023,Seiya Suzuki,Seiya Suzuki,2022,2023,5212.46359377845,5320.048711041532,107.5851172630828,2.0,118,0.77,1.1,9,0.0719999999999999,46.86625667938492,54.19827374815174,50.39208430525756,41.686830631601154,40.53496907410322,4.435740277581175,4.797249183999874,0.4171708129520795,-0.2467420810389171,-7.561656687585675,False,False,False,False,baseline
Max Muncy__2022_2023,Max Muncy,Max Muncy,2022,2023,5231.568179770859,4993.411287206741,-238.1568925641186,2.0,106,0.713,0.5,11,0.095,48.60758306555709,44.96068450628347,61.22883232016294,41.65200832996895,38.920721017068495,5.105802103410554,-0.589139227881887,-5.671650920150704,-3.2937310849230386,-0.6767605450053651,False,False,False,False,baseline
Javier Baez__2022_2023,Javier Baez,Javier Baez,2022,2023,4089.7094615913616,4166.465524896447,76.75606330508572,2.0,89,0.671,-1.3,-28,-0.078,43.56510023739226,41.4755852343543,27.02296446863491,47.25641518082832,48.39888732438937,-5.963041049465616,1.0687559585383823,0.9520559308590072,6.447117634513411,0.5517962377367382,False,False,True,True,decliner
Brandon Crawford__2022_2023,Brandon Crawford,Brandon Crawford,2022,2023,4646.839412236455,4364.2975461207925,-282.54186611566274,2.0,87,0.652,-1.6,-25,-0.065,38.321985447617095,44.77120462909794,42.77544791061633,53.618358578287456,41.84858302094146,2.440536074514455,-3.3671254693242645,-3.6396755510675263,-2.6510282756278727,0.3953191763311778,False,False,True,False,weakness_up
Josh Naylor__2022_2023,Josh Naylor,Josh Naylor,2022,2023,4855.833121940147,4659.5012099935175,-196.3319119466296,1.9,118,0.771,0.8000000000000003,9,0.0709999999999999,48.98554513802329,57.02791332553981,40.00022754864054,43.68640739706863,36.573212590077205,-2.555756344093368,5.98261006916249,-6.146683513659575,2.261375463896321,-2.101761962608272,False,False,True,False,weakness_up
Eduardo Escobar__2022_2023,Eduardo Escobar,Eduardo Escobar,2022,2023,4270.563594238678,3482.185400069376,-788.3781941693023,1.9,104,0.726,-2.8,-38,-0.1129999999999999,45.51082052830792,49.33693928816003,36.96597790660942,40.71648366491807,39.50483191272529,-11.288237858360034,-5.6852067282547125,-1.6940207233374949,-1.778791280085095,0.3502277229986603,False,False,True,False,weakness_up
Austin Hays__2022_2023,Austin Hays,Austin Hays,2022,2023,4246.3934983845165,4521.230699400354,274.8372010158373,1.9,106,0.719,0.8000000000000003,5,0.05,41.29445900672681,52.699016076521055,35.51310691570948,44.34267263949185,38.621278133749136,2.7621663216799988,-2.8234910042143118,3.927726028172536,6.414713736542595,-3.3795101224028343,False,False,True,False,weakness_up
Christian Vazquez__2022_2023,Christian Vazquez,Christian Vazquez,2022,2023,4036.62118140077,3973.670611210017,-62.9505701907533,1.9,99,0.714,-1.1,-36,-0.1159999999999999,39.660997306106566,60.402210954637376,37.91742305081993,51.96331526898909,20.000000000000004,-7.152507582434723,-13.472843642051224,-0.1699718315389446,5.817306592418191,11.87749845403832,False,False,True,False,weakness_up
Dylan Carlson__2022_2023,Dylan Carlson,Dylan Carlson,2022,2023,4974.943996056953,4604.044955374641,-370.89904068231226,1.9,98,0.695,-1.7999999999999998,-14,-0.0439999999999999,36.27101055686521,51.51595335583211,47.39970133073424,45.66260464163703,48.663311591977305,1.710230398450065,-0.2150003142757839,-0.6376147550765054,-3.513058991900948,-6.687628187403256,False,False,True,False,weakness_up
Ketel Marte__2022_2023,Ketel Marte,Ketel Marte,2022,2023,5165.668248319848,5690.731048211125,525.0627998912769,1.8,102,0.727,2.5,24,0.1169999999999999,45.73675221922705,55.29320372624096,47.6209233654437,40.988341570247,43.22926894615728,5.066055433812032,3.702384852594896,2.403956612304299,3.278845519262589,-3.2131948592349104,False,False,True,False,weakness_up
Michael A. Taylor__2022_2023,Michael A. Taylor,Michael A. Taylor,2022,2023,4479.094874287675,4888.117248898221,409.02237461054574,1.8,88,0.67,0.0999999999999998,5,0.0499999999999999,36.95903265802974,47.48245063040802,39.3385870790725,52.765096266236974,41.468174349582114,12.627447392103711,-8.391340701492517,-1.5043328896535255,-2.5549479034067346,8.25599269262537,False,False,True,False,weakness_up
Jose Siri__2022_2023,Jose Siri,Jose Siri,2022,2023,4934.976292348226,4747.165234107494,-187.81105824073163,1.8,75,0.607,0.8,31,0.154,39.488248296625855,37.38614263009563,34.909467330262025,57.7280409092706,57.409962645954536,12.442079587959768,-4.164086731194352,-2.586187012884998,-4.084837094606456,-5.787862403115895,False,False,True,False,weakness_up
Joey Meneses__2022_2023,Joey Meneses,Joey Meneses,2022,2023,4995.239124093875,3785.220719541697,-1210.0184045521778,1.7,158,0.93,-2.0,-62,-0.208,54.100299824694304,57.17807676712505,39.94208808676888,39.93909250442786,37.56082176072084,-13.616362889367489,-2.2078273245215456,-1.8855417756794357,-3.3450740492849533,-8.369579346975602,False,False,False,False,baseline
Jorge Polanco__2022_2023,Jorge Polanco,Jorge Polanco,2022,2023,4916.841720863844,4705.719075358045,-211.12264550579857,1.7,118,0.751,-0.3999999999999999,-2,0.038,45.10834690151659,52.19537537737795,55.243815864546,37.915290555346985,36.22152221720908,1.3389890476735005,-1.3675764768454357,-10.61288869924379,2.18123210906014,3.953703645395443,False,False,True,False,weakness_up
Christopher Morel__2022_2023,Christopher Morel,Christopher Morel,2022,2023,4357.805600605797,4640.998173002037,283.1925723962404,1.7,110,0.741,-0.0999999999999998,10,0.0799999999999999,50.642053435694855,38.841038180185976,41.17677152194904,37.74672458591179,45.74686164818091,6.387492129386828,2.0678898691151915,-1.556108621967006,-1.2132993327253203,0.8349595000687557,False,False,True,True,decliner
David Peralta__2022_2023,David Peralta,David Peralta,2022,2023,4630.575092739334,3932.8075250254064,-697.7675677139273,1.7,104,0.731,-2.0,-24,-0.0559999999999999,46.51469066558699,50.66783728139716,40.29695064769848,45.93025663038728,37.734265356831926,-6.220751501575613,4.977704441004711,-7.1806292880965685,-2.269567302983013,-5.1028070157190015,False,False,False,False,baseline
Ryan Mountcastle__2022_2023,Ryan Mountcastle,Ryan Mountcastle,2022,2023,4524.814096057402,4610.096124634304,85.28202857690212,1.7,107,0.729,-0.0999999999999998,6,0.05,50.79706420399312,48.99561517325468,33.26006267303029,43.23555105743,42.10129004170422,-0.8749719988531908,2.559575907960266,1.327070815488632,-1.4329601002445145,0.3296308813864144,False,False,True,True,decliner
Luis Rengifo__2022_2023,Luis Rengifo,Luis Rengifo,2022,2023,4259.196176151486,4452.162858186239,192.9666820347529,1.7,102,0.724,0.0,13,0.059,41.09946289381773,56.25705643025333,30.32126359087448,39.11729224014524,46.78277243084488,1.6693824604722778,-3.531333475647841,12.584951449731058,-1.161468385341763,-6.934459446259126,False,False,True,False,weakness_up
Christian Bethancourt__2022_2023,Christian Bethancourt,Christian Bethancourt,2022,2023,4092.387990726976,3380.6269713145234,-711.7610194124522,1.7,99,0.692,-1.2999999999999998,-26,-0.0569999999999999,48.179415926932585,44.25676413929894,25.183898163478485,51.603133115508186,40.6843867974432,-6.776919029348129,-6.555574110446891,0.4174777309153654,-5.747579733863759,-1.6150734392042168,False,False,True,False,weakness_up
Chris Taylor__2022_2023,Chris Taylor,Chris Taylor,2022,2023,4520.139280050781,4441.248490986908,-78.89078906387294,1.7,93,0.677,-0.5,10,0.0689999999999999,41.37507600275816,33.86997994054151,43.89961972608311,47.7716998912941,50.70401777897019,1.19104091584083,5.844203522936638,1.1080982859416082,-5.951410269821928,-3.546530606357095,False,False,True,False,weakness_up
Trent Grisham__2022_2023,Trent Grisham,Trent Grisham,2022,2023,5499.088849156003,5276.884096116718,-222.2047530392847,1.7,83,0.626,0.0,6,0.04,42.13450812702121,43.34669454592127,53.41820605525704,51.37871526154746,50.02196590325224,1.2469541797869894,-0.0671663394421315,0.1021552576308337,-3.7125241490609255,-2.2237917086689123,False,False,True,False,weakness_up
Eloy Jimenez__2022_2023,Eloy Jimenez,Eloy Jimenez,2022,2023,4783.312584842102,4049.684997131839,-733.6275877102635,1.6,143,0.858,-1.0,-37,-0.0999999999999999,56.93530519651532,51.8978406666188,41.23590735076712,39.218563544321775,34.80731481350222,-8.700158916798912,-1.0822696637584244,-6.499704168664486,-0.707727819277757,-0.6590487336197342,False,False,False,False,baseline
Kyle Higashioka__2022_2023,Kyle Higashioka,Kyle Higashioka,2022,2023,4776.1496652409005,4337.664101680687,-438.4855635602135,1.6,82,0.653,-0.2000000000000001,3,0.034,46.22502826637572,49.947804727698106,37.68912634644879,56.04978273221743,36.56899203747031,-0.5295355823103449,-4.156538698791259,-1.1257888770488833,-3.878576662099917,-1.3426020184172955,False,False,False,False,baseline
Seth Brown__2022_2023,Seth Brown,Seth Brown,2022,2023,4681.456614682933,3866.4070689022337,-815.0495457806992,1.5,115,0.749,-1.9,-24,-0.057,50.54468494794288,47.10219971509312,43.013659091706735,35.45661027022781,45.49730567304477,-3.052781606085695,-3.949719821128277,-4.270720620094629,2.2066883379404416,-10.850827862337953,False,False,True,False,weakness_up
Lourdes Gurriel Jr.__2022_2023,Lourdes Gurriel Jr.,Lourdes Gurriel Jr.,2022,2023,4314.029684372959,4937.0225371072975,622.9928527343382,1.5,115,0.743,0.5,-10,0.029,40.96959677353592,59.64838048834695,40.381724022545214,42.21675372352012,30.23114544188636,5.441791579899153,-1.308678660331232,-2.4171085869161217,4.315538781496507,9.504034713097427,False,False,True,False,weakness_up
Kyle Farmer__2022_2023,Kyle Farmer,Kyle Farmer,2022,2023,4086.8148590129063,4289.467502888512,202.65264387560543,1.5,92,0.701,-0.1,7,0.024,36.525462830729175,57.49202608543624,36.45624752055188,45.44760893669224,33.44448546841082,0.3980955532313359,-4.208949418555385,1.34129421624052,1.57025912779568,5.414708184473518,False,False,True,True,decliner
Tyler O'Neill__2022_2023,Tyler O'Neill,Tyler O'Neill,2022,2023,5245.366974220318,4805.249427562165,-440.1175466581535,1.5,99,0.7,-0.8,-2,0.015,46.765602362342015,46.06008520354354,45.72135964334579,46.6708048575281,49.62520055457469,-1.488989474592188,2.1986556684390663,0.4869721831796099,-1.5995160380312754,-9.696667364471132,False,False,False,False,baseline
Mike Yastrzemski__2022_2023,Mike Yastrzemski,Mike Yastrzemski,2022,2023,5070.572549203127,5147.597006079168,77.02445687604086,1.5,99,0.697,0.1999999999999999,12,0.078,45.73557595545402,48.81347516356456,51.11618469617453,40.71126743248081,44.5864204177682,0.8590938096888436,0.7099101138654902,0.2108978948993538,4.861144660559965,-5.130989114952868,False,False,True,False,weakness_up
Keibert Ruiz__2022_2023,Keibert Ruiz,Keibert Ruiz,2022,2023,4722.3200411712105,3422.6534171707426,-1299.666624000468,1.5,92,0.673,-2.0,1,0.0439999999999999,36.62349357309916,62.209185641763234,41.26049094569824,44.39196866943297,40.16453779614962,1.7989838760654564,1.0546943287318342,-4.246327621721044,-19.454620069024298,-16.456583370218098,False,True,True,False,strength_up
Max Kepler__2022_2023,Max Kepler,Max Kepler,2022,2023,5620.2038439140615,5125.201674330969,-495.0021695830928,1.5,94,0.666,1.2000000000000002,28,0.1499999999999999,42.20387974895358,57.20505082458843,51.89107605732158,53.14445202403829,38.57890819009799,9.357031342183554,-1.2355118092507098,-7.036780395745559,-4.537953466136685,-6.6185432157775566,False,False,True,False,weakness_up
Cody Bellinger__2022_2023,Cody Bellinger,Cody Bellinger,2022,2023,4853.679255181311,5272.2625930774775,418.583337896167,1.5,83,0.654,2.9000000000000004,52,0.2269999999999999,42.7916668075568,44.72138981413834,38.49836138014046,46.648600305631895,53.39455274336606,0.8570786997168653,16.499079912557747,1.2104900238499423,-1.950807951785144,-5.751704762995409,False,False,True,False,weakness_up
Victor Caratini__2022_2023,Victor Caratini,Victor Caratini,2022,2023,5047.6905616913045,4911.382531496487,-136.30803019481755,1.5,84,0.642,-0.3,11,0.0689999999999999,44.228209249114514,51.440201964226326,49.5361909423139,53.01575993552829,32.551668006214754,-0.090503487377461,3.2879774574202685,-4.466422654511938,-2.284110282095689,0.7535025328284277,False,False,True,False,weakness_up
Myles Straw__2022_2023,Myles Straw,Myles Straw,2022,2023,6158.512653060454,4680.481220437204,-1478.03143262325,1.5,65,0.564,-1.3,3,0.033,26.95556038299476,59.540668569516384,53.46120644670145,57.0453651983725,60.86962354341476,-0.7366064773437522,-1.4298837442109118,-7.333151765457757,-12.98919128726451,-9.552301851299404,True,False,False,False,elite
Vinnie Pasquantino__2022_2023,Vinnie Pasquantino,Vinnie Pasquantino,2022,2023,5698.113586386875,4773.330844301087,-924.7827420857884,1.4,136,0.832,-1.2999999999999998,-32,-0.0699999999999999,47.99221290427631,64.66895697141518,54.70981767929461,42.67080566387882,33.16189140519052,-5.114835892289676,-4.812379132650541,-7.646037364150743,-2.0798643311875864,-0.2868897585780843,False,False,False,False,baseline
Daniel Vogelbach__2022_2023,Daniel Vogelbach,Daniel Vogelbach,2022,2023,5248.979625973879,4844.612662484327,-404.3669634895514,1.4,126,0.793,-1.2,-18,-0.051,47.76734523888547,53.89586086453342,62.7776925985886,38.73405987205381,30.61976506997251,0.5470064390539733,-2.8702918781342035,-7.985847306908184,2.1189707306676766,-0.4698487699046225,False,False,True,False,weakness_up
J.D. Martinez__2022_2023,J.D. Martinez,J.D. Martinez,2022,2023,4019.3484795888985,4372.520097836852,353.1716182479536,1.4,119,0.79,0.8999999999999999,14,0.1029999999999999,47.562543154825455,50.120430223375095,40.098012699698735,38.28176164670459,29.39949077325562,13.891880093286652,-5.476170086866311,-5.059095777359424,1.4176663330035597,5.163510377005274,False,False,True,False,weakness_up
C.J. Cron__2022_2023,C.J. Cron,C.J. Cron,2022,2023,4726.069301073527,4112.577264346723,-613.4920367268041,1.4,103,0.783,-1.7,-19,-0.054,51.61492523757994,51.22756806592728,38.96541510004299,41.04116250719673,39.92366055050478,-4.8823794876929725,-2.2515342445277824,-0.7992798401686869,3.631157325327017,-9.44969415858067,False,False,True,False,weakness_up
Evan Longoria__2022_2023,Evan Longoria,Evan Longoria,2022,2023,4633.706152030568,4465.149231857481,-168.55692017308684,1.4,115,0.767,-1.1,-24,-0.05,50.52746960081491,47.00349291586988,45.29502307364506,45.60254684053283,33.025831105878986,-1.5733207904641375,-1.7701375252940394,-0.6097378800633209,-1.0272867903153582,0.785859992152524,False,False,True,False,weakness_up
Alec Bohm__2022_2023,Alec Bohm,Alec Bohm,2022,2023,4426.981852201402,4410.913128003219,-16.06872419818319,1.4,98,0.713,0.0,6,0.052,43.10831186188174,60.652614781642974,36.018356469287745,39.755723500395206,37.15041395848748,-0.4748857854746475,1.5809370349453715,3.680088833658047,0.0252165475465631,-5.932909999704535,False,True,True,False,strength_up
Lane Thomas__2022_2023,Lane Thomas,Lane Thomas,2022,2023,4567.622373679385,5294.110748980191,726.4883753008053,1.4,98,0.705,1.5,11,0.078,41.12851830876704,52.163656841569086,44.344409548779055,42.13348105466112,39.37450419728879,5.588859042832809,1.6119626677252228,-4.302817869974014,3.584520711839069,10.790011862580876,False,False,True,False,weakness_up
Ildemaro Vargas__2022_2023,Ildemaro Vargas,Ildemaro Vargas,2022,2023,5015.225093535435,5135.363789141513,120.13869560607782,1.4,94,0.691,-0.7999999999999999,-13,-0.0249999999999999,36.71390983805142,60.65791984921951,39.953613401820775,51.17751227534154,43.82020851592891,-1.380234534095791,2.9603669289958248,8.822812244378177,-4.5382351807682895,-5.106898618404287,False,True,True,True,decliner
Brandon Marsh__2022_2023,Brandon Marsh,Brandon Marsh,2022,2023,4586.1343597222985,5589.245895073937,1003.1115353516388,1.4,90,0.679,2.1,34,0.1499999999999999,42.22780474333445,44.28733804985895,38.43487820076057,48.3468777497198,46.5224065690781,5.420228437098309,4.854481907446875,11.086113717880565,-0.8925048661324908,2.148407135301312,False,False,True,False,weakness_up
Reese McGuire__2022_2023,Reese McGuire,Reese McGuire,2022,2023,4164.531534897789,3520.744525086428,-643.7870098113613,1.4,89,0.677,-0.8999999999999999,-9,-0.009,35.31116122705841,54.3635780273388,34.24462465290255,51.970716786287824,36.624740114693815,-4.841404278424292,-5.89910990371299,-1.5241113452782216,-4.441536439726747,-0.903769821064948,False,False,False,False,baseline
Gary Sanchez__2022_2023,Gary Sanchez,Gary Sanchez,2022,2023,4605.552136966814,4832.456364716176,226.90422774936175,1.4,88,0.659,0.2000000000000001,22,0.121,50.47073636102301,42.70762568429458,43.72690948267583,49.365510430485394,35.093157995844244,3.5871017405083947,3.9502234626028567,0.6469252262935328,-1.6397953678188912,-1.1789607073903596,False,False,True,False,weakness_up
Harrison Bader__2022_2023,Harrison Bader,Harrison Bader,2022,2023,4841.160411905587,4798.491382920185,-42.66902898540229,1.4,84,0.65,-0.4999999999999999,-15,-0.028,33.00038760210339,52.765486008306254,37.051442351979446,48.529071784749576,57.47865453186772,1.7595681432538657,-2.343104741754807,-0.7028581773170401,2.4765994005339422,-3.2445846860306204,False,False,True,False,weakness_up
Isiah Kiner-Falefa__2022_2023,Isiah Kiner-Falefa,Isiah Kiner-Falefa,2022,2023,5118.453685217746,4739.134791959039,-379.3188932587073,1.4,84,0.642,-0.8999999999999999,-3,0.004,32.15884320420823,64.11813863247664,43.91712651578854,44.664836890620485,51.082173134063225,4.7947873210556295,-8.92653000388897,-0.0867080339563699,1.9149162537728015,-9.59180632441766,False,False,True,False,weakness_up
Tony Kemp__2022_2023,Tony Kemp,Tony Kemp,2022,2023,4744.16886485591,4775.768874467245,31.600009611334823,1.4,90,0.641,-1.5,-14,-0.034,26.802866000792942,59.11202492133404,45.29222637682104,45.03157489868581,51.16433657501862,0.3178743719839083,-0.7311400258826097,9.478866234088429,-2.248989713744926,-9.407889474605652,False,False,True,False,weakness_up
Harold Ramirez__2022_2023,Harold Ramirez,Harold Ramirez,2022,2023,3739.2769194937055,3915.87666121258,176.5997417188746,1.3,118,0.747,0.0999999999999998,9,0.0659999999999999,41.62473443514843,57.09177721049347,29.827647179154702,40.98211502195113,31.01042287231216,1.662072376157667,-2.646835135033584,-1.2319479773785709,-3.364666952164285,9.104360546548945,False,False,True,False,weakness_up
Wilmer Flores__2022_2023,Wilmer Flores,Wilmer Flores,2022,2023,4424.201904237789,4800.466050919455,376.2641466816658,1.3,103,0.71,0.9999999999999998,31,0.153,40.53857131919847,54.75149378831609,48.1090868344019,40.71446303320088,30.66267034885926,2.3564246579530064,6.679715786376953,-1.0614041703031134,-0.1294212552718789,1.2048010407438383,False,False,True,False,weakness_up
Austin Barnes__2022_2023,Austin Barnes,Austin Barnes,2022,2023,5278.145392555635,4042.7966183564895,-1235.3487741991455,1.3,104,0.704,-2.0,-65,-0.2059999999999999,40.11035562157687,53.21938002549531,55.89984255542999,49.59093860030471,35.87252707437301,-11.673518609587912,-4.368219182598182,-9.364063668885343,-4.35046188829957,1.2338164079359757,False,False,True,False,weakness_up
Manuel Margot__2022_2023,Manuel Margot,Manuel Margot,2022,2023,4685.499053769709,4268.722551795172,-416.7765019745366,1.3,104,0.7,-0.8,-12,-0.0139999999999999,38.91618017571024,55.3797644789846,37.68995451833439,43.73267247943395,47.94426362218487,-1.6067187617777705,-0.6522565238300544,0.5741260891253646,0.229121002139486,-9.07822432708472,False,False,True,False,weakness_up
Nick Fortes__2022_2023,Nick Fortes,Nick Fortes,2022,2023,5119.827847774272,4771.482144475429,-348.34570329884264,1.3,95,0.696,-0.7000000000000001,-43,-0.1339999999999999,42.32981508821677,53.42272756116397,44.58683063292553,49.27702152918913,42.8590354185611,-7.944915993823599,-1.438141119920985,-3.3004285402920104,6.882792712221608,-1.0930576174648436,False,False,False,False,baseline
Whit Merrifield__2022_2023,Whit Merrifield,Whit Merrifield,2022,2023,4853.432297776868,4141.951567751326,-711.4807300255416,1.3,87,0.673,-0.1,5,0.0269999999999999,36.15349820776521,56.5479909340467,40.23340454945821,46.47061218718078,48.62024649264051,-5.653646572868311,0.5298285080641705,-3.50082899826446,-4.208723242344618,-2.9871593565980987,False,False,False,False,baseline
Cavan Biggio__2022_2023,Cavan Biggio,Cavan Biggio,2022,2023,5118.288173248164,4876.281699209826,-242.00647403833773,1.3,97,0.668,-0.4,5,0.0419999999999999,38.47187652096507,44.62623634493822,54.107878156627365,49.910236557001824,44.48128909308216,0.4081389335390497,4.797836000552863,-0.7253732395179782,-7.127651372060939,-2.7165041046660363,False,False,True,False,weakness_up
Bryson Stott__2022_2023,Bryson Stott,Bryson Stott,2022,2023,5127.166765186349,6167.383407222069,1040.2166420357198,1.3,84,0.653,2.8,16,0.0939999999999999,38.1968192519663,56.2392082684854,44.43998082545679,44.60376877365769,50.14971030642731,-0.1698151155561547,6.84436153684738,-2.6640405354307437,14.25578140008536,6.373857078295359,False,False,True,False,weakness_up
Adam Frazier__2022_2023,Adam Frazier,Adam Frazier,2022,2023,4760.079970276399,4190.2750003266565,-569.8049699497424,1.3,82,0.612,-0.9,10,0.0839999999999999,27.76450174086972,61.31071248590905,44.65996688966016,48.97471189195095,44.077644288951966,5.8385387118253504,-4.653151752107057,-2.786547046970121,-14.113303502685888,0.8471783467711163,False,False,True,False,weakness_up
Garrett Cooper__2022_2023,Garrett Cooper,Garrett Cooper,2022,2023,4613.779523518319,3773.141773409879,-840.6377501084407,1.2,110,0.752,-0.7999999999999999,-15,-0.028,46.61818248221551,53.38250372458571,44.08378191732213,42.01033450487694,33.945703766575946,-1.4032293552425017,-7.836488067839902,-10.790023865013126,2.208586894758369,-1.668683016045172,False,False,True,False,weakness_up
Eric Haase__2022_2023,Eric Haase,Eric Haase,2022,2023,3890.534459265481,3364.420527332484,-526.1139319329968,1.2,111,0.748,-2.3,-69,-0.2199999999999999,45.70506397675078,44.79385688055601,36.215568548938805,38.41459726221242,37.09896612415776,-11.574510962684016,-4.729712820143547,-3.511209428257338,4.546559773268363,1.7174192433560904,False,False,True,False,weakness_up
Patrick Wisdom__2022_2023,Patrick Wisdom,Patrick Wisdom,2022,2023,3992.8919250893646,4563.914333774011,571.022408684646,1.2,106,0.725,-0.6,4,0.064,52.63267224216264,35.385034303507986,44.10088014872566,33.088274864977826,41.00057283783731,7.708415269306087,2.7362692726557825,-0.4772688079250002,4.601301315011057,-0.297576306289578,False,False,True,True,decliner
Emmanuel Rivera__2022_2023,Emmanuel Rivera,Emmanuel Rivera,2022,2023,4632.918323232641,4567.937160204369,-64.98116302827202,1.2,95,0.702,-0.8999999999999999,-13,-0.0299999999999999,46.0034917647784,49.28473310563475,39.51927350094715,48.36790733261312,38.31930039381657,-6.103791635109964,3.7294879039153415,3.205153506106356,-2.5249581109907737,-0.2150514178144007,False,False,True,False,weakness_up
Kevin Newman__2022_2023,Kevin Newman,Kevin Newman,2022,2023,4776.711794729977,4595.207051904216,-181.50474282576036,1.2,92,0.687,-1.2,-13,-0.012,32.89665152961577,60.91637464207645,38.7028253901882,45.016771864088334,50.58444390563303,-0.5994584309560054,0.3021413160193447,4.21744625620763,-3.078239392753865,-6.688348618666097,False,True,True,False,strength_up
Leody Taveras__2022_2023,Leody Taveras,Leody Taveras,2022,2023,4577.142817488455,5029.136351037605,451.99353354915,1.2,93,0.675,1.3,8,0.0579999999999999,40.06919713933106,47.84854097460007,39.271580147201135,47.18272931412953,45.57039515237833,3.88766755579136,6.443963864522139,-0.5766333800496142,-0.5136902444662894,1.6861148867601088,False,False,True,False,weakness_up
Giancarlo Stanton__2022_2023,Giancarlo Stanton,Giancarlo Stanton,2022,2023,4730.0072699523935,4006.282292726536,-723.7249772258579,1.1,113,0.759,-1.7000000000000002,-25,-0.064,65.0203743629854,40.871546183923215,47.756424879342255,40.82936240297201,32.00406062197532,-8.292041099329204,-2.412528155271588,-1.8415797659059836,-2.454732393355826,-3.4519751083924817,False,False,False,False,baseline
J.D. Davis__2022_2023,J.D. Davis,J.D. Davis,2022,2023,4374.816896426343,4358.458327947244,-16.35856847909963,1.1,118,0.758,1.0,-15,-0.02,54.159948877699975,40.5388671834384,43.6577990730658,39.49984359866663,37.47619323822036,-6.883667851633135,2.602833546018047,-3.090441099576232,9.368613180282594,-2.182317686557326,False,False,True,False,weakness_up
Alex Verdugo__2022_2023,Alex Verdugo,Alex Verdugo,2022,2023,4767.953954299738,5291.410780053779,523.4568257540404,1.1,102,0.732,0.5,-2,0.013,41.28374623207643,64.5968024413587,45.24747026844886,38.8688138557154,33.41492199591012,0.1746589143288233,-2.084617052615222,3.264660115793781,5.169661391105905,5.964082607638929,False,False,True,False,weakness_up
Jack Suwinski__2022_2023,Jack Suwinski,Jack Suwinski,2022,2023,4866.566854425202,5431.500164032638,564.9333096074361,1.1,97,0.709,1.5,15,0.084,49.2589560726441,42.437605538240085,48.65792489277291,46.622354490301305,39.73785300688496,2.9370159044895345,0.0973582799399821,6.493559056062608,-4.678727514702231,8.517728211853587,False,False,True,False,weakness_up
Ozzie Albies__2022_2023,Ozzie Albies,Ozzie Albies,2022,2023,4014.3039781891503,5052.844384820636,1038.540406631486,1.1,94,0.703,3.0,31,0.146,37.56688084743515,51.80828272082152,32.12474637780385,48.11505837846034,38.34519194025267,9.928249163127688,7.083423520004217,3.29160443253064,-9.957605303286831,12.926509581643955,False,False,True,False,weakness_up
Joey Wendle__2022_2023,Joey Wendle,Joey Wendle,2022,2023,4394.645210632198,4109.31769173335,-285.3275188988473,1.1,82,0.658,-1.9,-36,-0.1039999999999999,35.072184910174066,58.98244938078162,32.58321222702689,48.12347021161767,44.27044381631714,-0.7997189243122307,-9.94702002564938,2.877706149653932,-4.611854960942175,3.029933106172038,False,False,True,False,weakness_up
Miguel Rojas__2022_2023,Miguel Rojas,Miguel Rojas,2022,2023,4650.8655515022,4590.880938209612,-59.98461329258771,1.1,68,0.605,-0.5000000000000001,-1,0.007,32.160993481403565,59.88716365145305,40.126923543515936,56.07400791583083,36.28064916221048,0.3141164403919632,-1.7130768128248093,-0.1907245106293942,-4.772327080642739,4.220064968319015,False,False,True,False,weakness_up
Rowdy Tellez__2022_2023,Rowdy Tellez,Rowdy Tellez,2022,2023,4672.805511372251,4539.819761936095,-132.98574943615586,1.0,110,0.767,-1.7,-31,-0.0999999999999999,55.98659585494231,51.9703714479843,48.92393973733376,37.68582112209327,27.01519496816438,-11.2379997575783,-1.4928646620901844,0.4114618954841518,3.316957558871969,5.344446939259882,False,False,True,False,weakness_up
Trey Mancini__2022_2023,Trey Mancini,Trey Mancini,2022,2023,4248.647758235124,3572.7585372623544,-675.8892209727692,1.0,105,0.71,-1.8,-30,-0.0749999999999999,45.15496083890381,49.502546145543405,43.106896971955535,41.41093146283784,32.11775128259152,-8.091251642040213,-7.117271849886677,-3.843036090120776,0.0393460962536096,1.641562953365728,False,False,True,False,weakness_up
Riley Greene__2022_2023,Riley Greene,Riley Greene,2022,2023,4590.849294503933,5206.592788178729,615.7434936747959,1.0,98,0.682,1.2999999999999998,21,0.1139999999999999,43.38430496631128,51.19741284235819,43.80411473899357,42.43259509117923,38.82295253824199,6.256389091086831,1.9767070365650383,-1.0923998561099069,-0.9067050186163854,7.955933246357219,False,False,True,False,weakness_up
Kevin Kiermaier__2022_2023,Kevin Kiermaier,Kevin Kiermaier,2022,2023,4717.88583204442,4833.75402374799,115.86819170357012,1.0,89,0.649,1.7000000000000002,14,0.0919999999999999,42.69803148021808,45.94120545997016,38.24152895713652,46.74449072422689,49.36483879251049,-5.524129610980211,4.189597453139278,1.764058992387831,5.779028743984661,-2.599665598313578,False,False,True,False,weakness_up
Mitch Haniger__2022_2023,Mitch Haniger,Mitch Haniger,2022,2023,4725.419225574608,4241.613935113992,-483.80529046061565,0.9,114,0.736,-1.6,-42,-0.1049999999999999,49.81015800799876,48.03367156529559,43.55961778690569,44.43217185664671,37.31718067282058,-6.396137354681031,-2.683236073019465,-2.765503176334107,-3.9042388774048007,3.7542591360102335,False,False,True,False,weakness_up
Rodolfo Castro__2022_2023,Rodolfo Castro,Rodolfo Castro,2022,2023,4430.196445126762,3474.114927807706,-956.0815173190564,0.9,100,0.725,-1.6,-31,-0.1069999999999999,44.781890000254855,43.18908962324925,42.41569966708319,42.10707058618625,43.32406574650638,-6.117495476375332,-4.101287382468222,0.1636211750206442,-2.142464183439984,-12.43855134339798,False,False,True,False,weakness_up
Carlos Santana__2022_2023,Carlos Santana,Carlos Santana,2022,2023,5390.371881374794,5235.082391682196,-155.28948969259818,0.9,102,0.692,0.6,-1,0.055,46.65616472523328,53.2784899260846,57.564845465121145,43.131248805677664,36.75307008211959,-3.2904273245275206,0.2505936937849498,-7.958985773584452,1.0281486437776763,7.139846951032219,False,False,True,False,weakness_up
Aaron Hicks__2022_2023,Aaron Hicks,Aaron Hicks,2022,2023,5078.902380335058,4786.218555112162,-292.6838252228963,0.9,89,0.642,0.0,20,0.0929999999999999,36.58326285131396,47.67967022845539,55.97659911296315,44.6017481419405,46.44539762418366,-2.473735009292213,2.424313912232911,-1.990867094903784,-4.844670514326481,1.002533027147642,False,False,False,False,baseline
Yan Gomes__2022_2023,Yan Gomes,Yan Gomes,2022,2023,4052.948347680114,3886.7173729540937,-166.23097472602012,0.9,75,0.625,0.0999999999999999,21,0.0979999999999999,35.567808722386886,55.08883582965745,30.4014494140458,49.59514451688337,39.701655845061,3.581712282537268,-1.119578371728288,2.858913745768465,-9.457060767861812,-2.740543525159275,False,False,True,False,weakness_up
Nicky Lopez__2022_2023,Nicky Lopez,Nicky Lopez,2022,2023,5195.590706583935,4883.754926567019,-311.83578001691603,0.9,55,0.554,0.2999999999999999,23,0.0779999999999999,26.546771279407533,57.67783029038286,41.214722863446205,56.83676069486785,56.06727504306076,3.290283952301081,-4.807859066749543,5.366736193262511,-3.154410947082148,-11.415127339957555,False,False,True,False,weakness_up
Jake Fraley__2022_2023,Jake Fraley,Jake Fraley,2022,2023,4801.241262893101,4626.159818808404,-175.08144408469616,0.8,121,0.812,0.3,-14,-0.029,42.9444228819467,52.14172280728723,47.8660265979678,40.44159481201336,41.08429676570907,-2.923155841061039,0.7018269063407914,-6.234011178074184,1.3328442710773984,3.8381249186383286,False,False,True,False,weakness_up
Salvador Perez__2022_2023,Salvador Perez,Salvador Perez,2022,2023,3493.2516663419965,2978.082892940013,-515.1687734019833,0.8,107,0.757,-1.1,-20,-0.043,52.22241773987757,46.31731098847454,27.295370636263968,34.33452100042422,31.491648894280807,-6.2189392397524585,1.0215127046747838,-4.850459909958552,0.3158742104392402,-3.6604739604181233,False,False,True,False,weakness_up
Aledmys Diaz__2022_2023,Aledmys Diaz,Aledmys Diaz,2022,2023,4238.473590876224,3700.9919343316287,-537.4816565445954,0.8,97,0.691,-1.2000000000000002,-26,-0.0749999999999999,42.32415629142263,54.70922374080142,36.86117195710709,46.68762852384276,32.13126442736742,-7.564884937069905,-3.613849252669752,-2.784038259515519,-3.854903346753488,4.033135906701588,False,False,True,False,weakness_up
Adam Duvall__2022_2023,Adam Duvall,Adam Duvall,2022,2023,4249.02100528731,4335.020198778458,85.99919349114771,0.8,88,0.677,0.8,29,0.1569999999999999,45.77192379495311,41.48733045858782,36.18477326254415,47.6642020388217,40.78173407204789,3.9084836107066474,1.094061303732758,-0.107764360021676,-7.160131479907541,3.608211919965463,False,False,True,False,weakness_up
Willi Castro__2022_2023,Willi Castro,Willi Castro,2022,2023,3996.688008954408,5113.510570780853,1116.822561826445,0.8,85,0.651,1.7,22,0.0989999999999999,36.73684503327419,48.951771829914335,28.842332167302445,46.39373071976192,46.3898220481948,3.138353935531676,-0.846888369999192,9.129488240505026,1.178079963190072,13.09896288583264,False,False,True,False,weakness_up
Ryan Jeffers__2022_2023,Ryan Jeffers,Ryan Jeffers,2022,2023,4788.550990276979,4659.800584924485,-128.75040535249445,0.8,86,0.648,1.4999999999999998,50,0.2099999999999999,45.50755458031072,48.435259566632894,45.4229443399338,46.399957268057776,38.71387533602751,6.014623781327465,0.0006302882170672,-1.5646345755520912,-5.839847162233006,-1.7852548446711722,False,False,False,False,baseline
Yoan Moncada__2022_2023,Yoan Moncada,Yoan Moncada,2022,2023,4573.772379763216,4338.215891716087,-235.55648804712928,0.8,76,0.626,0.3999999999999999,23,0.1039999999999999,42.510739000846414,45.04693214865988,41.77112815208532,49.52987048334192,40.772650918821945,2.6787605122261127,2.18695749552532,-3.624760400156916,-4.963189340658396,-1.9273472323583647,False,False,True,False,weakness_up
Alek Thomas__2022_2023,Alek Thomas,Alek Thomas,2022,2023,4581.7350704823375,4692.181519380702,110.4464488983649,0.8,71,0.619,-0.5,0,0.028,38.41582973100439,51.02431220958732,37.5564290756325,49.14008226066608,44.692406718589936,2.494756213019208,-1.0542469576211104,-2.086513129924868,-6.041914459259836,9.133843278646395,False,False,True,True,decliner
Martin Maldonado__2022_2023,Martin Maldonado,Martin Maldonado,2022,2023,3657.273107830977,3088.266436079398,-569.0066717515792,0.8,71,0.6,-1.7000000000000002,-5,0.006,43.28379688851206,37.36552726531091,36.736293373748765,51.30065882512573,29.776352727627696,-1.981335955698896,-3.037259643578622,0.8185987950438403,-16.686994395890956,2.9893110039981323,False,False,True,False,weakness_up
TJ Friedl__2022_2023,TJ Friedl,TJ Friedl,2022,2023,5034.398544325508,6017.235629613651,982.8370852881436,0.7,102,0.75,3.3999999999999995,15,0.0689999999999999,39.34894547559339,53.86611003616086,47.71677420467304,42.25460697272811,47.55693213227231,-1.5564399187733926,5.401474050608343,0.8237604272772501,7.385510208346631,11.088035972063274,False,False,True,False,weakness_up
Orlando Arcia__2022_2023,Orlando Arcia,Orlando Arcia,2022,2023,4656.91858165982,4747.067852164684,90.14927050486403,0.7,105,0.733,1.7,-5,0.008,45.03928720532606,50.95703312128224,45.21902664525974,42.05020838580212,37.80458866822052,-2.936216431092376,2.5620651024726517,-1.9889434980904568,7.709761746130177,-2.266423155472665,False,False,True,False,weakness_up
Owen Miller__2022_2023,Owen Miller,Owen Miller,2022,2023,4546.4542727526805,4627.7932181542765,81.33894540159599,0.7,86,0.652,0.2,-4,0.022,34.64345926203192,56.34253547705906,39.25489799407548,46.41593527165812,44.1056369200874,-1.230924441165115,-0.1495907868916006,-1.837331654199488,4.451115046704686,1.556978858896386,False,False,True,False,weakness_up
Andrew McCutchen__2022_2023,Andrew McCutchen,Andrew McCutchen,2022,2023,4493.660560893189,5058.887144113202,565.2265832200137,0.6,98,0.7,0.7000000000000001,17,0.076,43.58801643421991,52.08105689368736,49.47841101870001,40.52705276573383,30.88170293594935,-1.480321128220318,-0.3378761132585879,9.447509481242117,0.4792103185007548,5.1450375705234,False,False,True,False,weakness_up
Brandon Lowe__2022_2023,Brandon Lowe,Brandon Lowe,2022,2023,4355.470167744059,4931.041455002552,575.5712872584927,0.6,103,0.691,2.3,13,0.08,44.92844667113554,43.04444500717358,42.05985609848148,41.3106704745199,42.64121377569312,4.452479082221672,0.004771464627943,0.3182103381193641,7.229335326663033,1.9092541807009693,False,False,True,False,weakness_up
Tommy Pham__2022_2023,Tommy Pham,Tommy Pham,2022,2023,5167.449875736258,6068.667137653823,901.2172619175644,0.6,90,0.686,1.2999999999999998,19,0.0879999999999999,47.25711959956711,49.496454571160776,48.64863046818011,42.0155507373142,45.655216333334685,3.581634910970408,5.618144426901367,1.8796570956392389,2.2628946125010714,6.257903540102063,False,False,True,False,weakness_up
Ramon Laureano__2022_2023,Ramon Laureano,Ramon Laureano,2022,2023,4414.0440804267,4581.711910634884,167.66783020818366,0.6,94,0.663,0.5000000000000001,-4,0.013,44.63335405716496,43.47113325437704,40.54449026271552,41.59514612958482,45.14945507545061,-3.357546642224428,0.8571059086124748,1.1398365254350011,7.503091743829159,-1.874969374541955,False,False,True,False,weakness_up
Bryan De La Cruz__2022_2023,Bryan De La Cruz,Bryan De La Cruz,2022,2023,4578.681835295154,3779.0563112760974,-799.6255240190558,0.5,99,0.725,-0.8,-8,-0.01,49.97147791718722,51.642324593052095,37.41517586770589,38.01437657466205,41.97785507302705,-6.140090700939844,-1.1598866309584892,-0.7360810408058995,-4.030003076083887,-8.100547806387006,False,False,False,False,baseline
Donovan Solano__2022_2023,Donovan Solano,Donovan Solano,2022,2023,4193.554954912727,4136.560025835613,-56.99492907711465,0.5,99,0.724,0.6000000000000001,15,0.036,38.73727285550233,57.39562087137748,38.526970789732765,44.64077636015136,31.953567440643592,1.1169170260686414,-1.5957127386606516,3.677712845093211,-5.808458463879759,-0.4222416049991935,False,False,True,False,weakness_up
Randal Grichuk__2022_2023,Randal Grichuk,Randal Grichuk,2022,2023,4261.2109882744335,4153.671730963711,-107.53925731072286,0.5,89,0.724,0.0999999999999999,12,0.055,46.45281408824991,50.90222667163923,34.48342766379799,38.87823600473133,41.022757846836086,-0.4369666189942123,1.1971295888534144,1.8573508079354253,-0.7921059892622395,-4.637751019907412,False,False,True,False,weakness_up
Jesus Sanchez__2022_2023,Jesus Sanchez,Jesus Sanchez,2022,2023,4392.066675544657,4800.812085745671,408.7454102010133,0.5,88,0.682,0.8999999999999999,20,0.0949999999999999,48.33294768699503,44.65838632238663,39.82730798160191,42.20716692135992,39.9612018943875,2.764711350678624,3.8695095153631343,1.4909454252905832,1.8270188716944131,-0.1051505965429555,False,False,True,False,weakness_up
Kyle Isbel__2022_2023,Kyle Isbel,Kyle Isbel,2022,2023,4921.375846673325,5246.221925692737,324.8460790194122,0.5,66,0.603,0.7,10,0.059,41.662498727841495,49.06020962702618,40.1701031278164,53.53525056257273,43.95104382049672,-2.1498618250445745,5.08496258957922,-0.5649982064889016,-1.6013352426774503,7.354514606371289,False,False,True,False,weakness_up
Nick Allen__2022_2023,Nick Allen,Nick Allen,2022,2023,3981.3961609264734,4032.737226697984,51.34106577150988,0.5,59,0.547,-0.8,-5,0.003,28.169757144718524,48.269559452509625,36.70991214673111,52.624961396993854,40.955703811790464,0.1744533439827194,4.779343463362622,2.059007403037903,-6.126984522113041,0.6997791937912581,False,False,True,True,decliner
Jorge Soler__2022_2023,Jorge Soler,Jorge Soler,2022,2023,4573.698930707118,4777.453753021882,203.75482231476417,0.4,93,0.695,1.5,33,0.158,52.1195552649392,43.28520676698408,45.53677966735368,43.94968881609594,35.284355446559374,4.284249241839213,7.456977908148573,2.7605687555406035,-9.289645445922057,-1.682976399063051,False,False,True,False,weakness_up
Christian Arroyo__2022_2023,Christian Arroyo,Christian Arroyo,2022,2023,4150.044514851674,3454.745613859257,-695.2989009924167,0.3,102,0.736,-0.6,-35,-0.0979999999999999,43.20466897308582,59.90060663852898,30.9297578803584,38.87924632058993,37.57139562514889,-7.461597261793592,-11.799516193218588,-2.4193277186889404,4.105773135218612,-0.114827445684206,False,False,True,False,weakness_up
Connor Joe__2022_2023,Connor Joe,Connor Joe,2022,2023,4977.45798702924,5054.469398914254,77.01141188501424,0.3,89,0.697,1.1,17,0.063,36.47630287960288,54.29470572106702,53.823862532943686,40.71345271734228,43.69805133033032,6.728667023431882,-1.9947587686414248,-2.3649225937119525,5.4418589187549244,-6.733682555500479,False,False,True,False,weakness_up
Enrique Hernandez__2022_2023,Enrique Hernandez,Enrique Hernandez,2022,2023,4508.223433478472,3673.263475402323,-834.9599580761487,0.3,74,0.629,-1.4,-1,0.017,38.56785030746177,50.58227420005449,44.86238828423019,44.21297023512325,39.58480494721408,-2.880702859005993,0.0251145446953131,-3.496879638178676,-13.3096029915638,-1.338692055568174,False,False,False,False,baseline
Nick Madrigal__2022_2023,Nick Madrigal,Nick Madrigal,2022,2023,4627.454764870367,4832.354796242062,204.90003137169515,0.3,73,0.588,0.8999999999999999,11,0.075,28.346737559648723,62.77502049307738,44.40879745980192,46.551699571178304,41.34468859956715,2.2618901144087644,3.645472408311037,-4.5871517848405645,6.826061619168868,-1.3563842317434478,False,True,True,False,strength_up
Geraldo Perdomo__2022_2023,Geraldo Perdomo,Geraldo Perdomo,2022,2023,4977.6955645505,5415.009826797665,437.31426224716506,0.3,59,0.547,2.0,39,0.1649999999999999,27.613469393530792,50.840305857059015,52.41368134696128,48.74390283655009,50.345701745538136,0.6985787890280903,4.99769480858884,5.926845196275039,-0.7918910826881813,-1.157336781831276,False,False,True,False,weakness_up
Charlie Blackmon__2022_2023,Charlie Blackmon,Charlie Blackmon,2022,2023,4297.129051323632,4828.24796001546,531.1189086918284,0.2,91,0.733,0.6000000000000001,15,0.07,39.27103970240795,56.994024743644566,36.42053146998719,37.8385737410724,43.37292517667313,-2.208275968723939,3.708121488706993,10.561334215695616,3.5666583301352617,-3.7840939640680418,False,False,True,False,weakness_up
Gavin Sheets__2022_2023,Gavin Sheets,Gavin Sheets,2022,2023,4011.4328248372194,3863.467940648135,-147.96488418908484,0.2,99,0.706,-1.7,-37,-0.1069999999999999,42.60139100145737,52.045404981116405,39.026207717923015,38.31466558018303,33.270561418104506,-6.095680752024059,-3.0130473791341785,3.0215681761619564,-0.901526083537945,3.252994739059119,False,False,True,False,weakness_up
Jonathan India__2022_2023,Jonathan India,Jonathan India,2022,2023,4153.618092342521,5289.808004071422,1136.1899117289013,0.2,95,0.705,1.4,5,0.041,37.34422306186018,53.58588385144122,46.13141712352933,36.40778363259048,35.010388720970475,5.544913590306265,0.5223183867239314,6.314496996061848,3.325431574695777,11.972219400756188,False,False,True,False,weakness_up
Luis Garcia Jr.__2022_2023,Luis Garcia Jr.,Luis Garcia Jr.,2022,2023,3495.027445173576,4473.234421510118,978.2069763365424,0.2,95,0.704,0.3,-11,-0.016,42.43819822044152,51.880034400753246,29.237947321125176,35.046638127372965,33.639175478041366,-4.360319352152324,8.866204917053366,9.109566966053327,6.995658731527634,5.702990188835962,False,False,True,False,weakness_up
Mitch Garver__2022_2023,Mitch Garver,Mitch Garver,2022,2023,4753.240412163447,5311.662410917035,558.421998753588,0.2,100,0.702,2.0,42,0.168,45.58105342744816,48.6662841443062,48.75538691589612,41.87642618392968,38.45297297618034,4.922004205500961,5.80407019330481,5.792696313500628,0.4731385851811751,-4.660020071867116,False,False,True,False,weakness_up
Brian Anderson__2022_2023,Brian Anderson,Brian Anderson,2022,2023,4261.6505572562,4004.914571011236,-256.73598624496435,0.2,85,0.657,0.2,2,0.021,43.16180242822232,44.68006002026438,42.70921132318172,41.382335709501504,39.71653449196169,-2.4486260603060046,-2.836978547672935,-0.7030408625123172,2.8789518252458635,-3.2167077758927576,False,False,True,False,weakness_up
Matt Vierling__2022_2023,Matt Vierling,Matt Vierling,2022,2023,4931.379165901402,4955.108135400195,23.72896949879305,0.2,82,0.648,1.5,17,0.0689999999999999,42.624778651317406,57.26249427230599,42.695542399220784,43.36811975623011,42.24811686389968,-1.6739842880849949,0.603658119667422,1.6039497576738526,2.714799568386205,-2.6581476168629905,False,False,True,False,weakness_up
Ezequiel Duran__2022_2023,Ezequiel Duran,Ezequiel Duran,2022,2023,3880.448248929678,3832.756848436048,-47.69140049362977,0.2,82,0.643,1.2,29,0.125,37.94363941519149,45.6852380340901,33.31765354176849,44.51006363992417,41.4987969746142,9.073802315864675,3.4909759373348805,-1.981823451098009,-3.4316724454875427,-8.356987227745385,False,False,True,False,weakness_up
Mauricio Dubon__2022_2023,Mauricio Dubon,Mauricio Dubon,2022,2023,4247.744035498395,4153.672196769914,-94.07183872848054,0.2,59,0.565,1.6,38,0.155,32.524050925264696,57.24279989843943,35.45803437697278,50.39372991341119,39.24776129939277,2.644538873470161,3.352616354740107,-7.753657261165799,-3.882079626731823,5.273029881708489,False,False,True,False,weakness_up
Nolan Gorman__2022_2023,Nolan Gorman,Nolan Gorman,2022,2023,3898.270330707707,4675.805117115453,777.5347864077457,0.1,105,0.721,2.2,13,0.084,48.72035728946876,41.69151969249504,40.14848935205307,35.057235245391766,36.82602455024962,5.42352011608898,-1.1699311239285135,4.099735261265892,7.425855886375196,4.219030697343186,False,False,True,False,weakness_up
Brandon Belt__2022_2023,Brandon Belt,Brandon Belt,2022,2023,4379.941764600996,4632.834284129414,252.89251952841823,0.1,97,0.676,2.0,40,0.1819999999999999,41.943979012442895,43.38505966302722,49.96178225007448,39.813760669782205,39.55812936320133,7.415521717913201,-0.7221535347774619,4.50484283512565,2.091789624471786,-6.352402837898893,False,False,True,False,weakness_up
LaMonte Wade Jr.__2022_2023,LaMonte Wade Jr.,LaMonte Wade Jr.,2022,2023,4761.314824495657,5304.208257022237,542.89343252658,0.1,93,0.665,1.7,27,0.125,40.80362214975259,52.04843624406165,48.88256304631498,41.86801435077234,39.89329288320618,2.318475179950795,4.603220636798064,11.332138976871065,-3.149649850596063,-3.61864980549646,False,False,True,False,weakness_up
Joey Gallo__2022_2023,Joey Gallo,Joey Gallo,2022,2023,4041.47060466119,4102.475445943307,61.00484128211701,0.0,84,0.638,0.7,18,0.1029999999999999,52.15780082881802,27.55281354931553,47.40082304065762,42.70344268064955,39.337548969979466,5.059024992513962,-2.9802472412036387,-0.2187713486741032,0.0094295455821793,1.156585487859623,False,False,True,False,weakness_up
Jeimer Candelario__2022_2023,Jeimer Candelario,Jeimer Candelario,2022,2023,3820.295210815261,4982.915572647513,1162.6203618322515,0.0,80,0.633,3.2,38,0.174,40.89830356432236,47.75278368814172,35.90520488138963,41.624587545635485,34.79848429167408,4.229338697010668,3.646585497767667,7.437993799360669,3.4866522574805217,9.26327762469954,False,False,True,False,weakness_up
Robbie Grossman__2022_2023,Robbie Grossman,Robbie Grossman,2022,2023,4297.358925967657,4854.927960312882,557.5690343452243,0.0,82,0.622,0.5,24,0.1119999999999999,32.655140057758246,46.379764513029336,52.694816354568886,42.0281684870502,38.34650212146081,6.616385502290996,5.791327081161057,4.825723779264386,-5.519410704689115,2.03069595980746,False,False,True,False,weakness_up
Matt Duffy__2022_2023,Matt Duffy,Matt Duffy,2022,2023,4028.818574273679,3991.9473484314367,-36.871225842241984,0.0,78,0.619,-0.2,-5,0.012,31.474536631339816,53.90201882685241,42.78029073316248,43.74209462844989,34.54709958058137,-0.0058807015151067,0.1411418612523078,-3.4216423071714743,0.0035911704573408,3.281606391340283,False,False,True,False,weakness_up
Andrew Knizner__2022_2023,Andrew Knizner,Andrew Knizner,2022,2023,3864.2828365299792,3705.7851165848,-158.49771994517914,0.0,77,0.601,0.0,15,0.1109999999999999,34.64631149169415,49.64953460716652,42.18275662605292,38.36715721084422,36.88819294879658,9.350081371884848,-3.900369027434593,-9.887619302450702,-0.960181470240208,1.1280330411397443,False,False,True,False,weakness_up
Paul DeJong__2022_2023,Paul DeJong,Paul DeJong,2022,2023,3926.738469104456,3492.2990296274543,-434.439439477002,0.0,53,0.53,0.5,13,0.0819999999999999,40.136543561250726,34.87913309076853,41.94187114482392,49.952295722788485,36.62737420829305,-3.61131563114246,2.641922557990519,-9.094522116935686,3.1616329442369704,-3.1993830174063262,False,False,True,False,weakness_up
Austin Hedges__2022_2023,Austin Hedges,Austin Hedges,2022,2023,3925.417248478106,4337.750655577867,412.3334070997612,0.0,43,0.489,1.0,-19,-0.0279999999999999,29.640884584358545,41.48121740273672,42.142380760338206,52.37732867527833,37.42941008350644,0.2962042528266764,3.0512576167907284,-6.48799731362142,14.916320677208953,1.6703416747727715,False,False,True,False,weakness_up
Pavin Smith__2022_2023,Pavin Smith,Pavin Smith,2022,2023,4723.913495024877,4766.400339327895,42.48684430301728,-0.1,87,0.667,-0.6,-6,-0.025,41.68307710080992,50.413625091791786,50.217019172242,41.686830631601154,38.47464745919003,-0.0701785731610158,-0.0120741089283313,5.75270060190666,-3.4484063374128056,-1.3447603603304683,False,False,False,True,decliner
Jarren Duran__2022_2023,Jarren Duran,Jarren Duran,2022,2023,4340.786261093994,5260.466478272967,919.6802171789732,-0.1,77,0.645,2.6,45,0.1829999999999999,41.4009856338194,46.13313863307856,38.35897287396132,39.38595454475409,48.74505161546773,4.211374559558131,8.672800517403068,-1.271919345678711,1.1036375518638837,9.65437752849052,False,False,True,False,weakness_up
Josh Smith__2022_2023,Josh Smith,Josh Smith,2022,2023,4579.9052941611935,4565.705756093719,-14.19953806747435,-0.1,68,0.556,0.2,13,0.0769999999999999,30.29146291486824,50.697419881147496,52.697928758642114,45.79954391016009,39.56191149122296,9.875435301938442,-2.286906897957003,-4.3096978513078525,-3.364982669546265,-0.083169777634545,False,False,True,False,weakness_up
Nick Castellanos__2022_2023,Nick Castellanos,Nick Castellanos,2022,2023,3307.375849492957,3461.45894097579,154.08309148283297,-0.2,95,0.694,1.5,13,0.094,39.77063865240669,47.41235113211046,29.710613129534416,31.68725547883512,38.05659643359505,8.302743082196237,-3.2474785279971385,-0.7611997209405352,3.259413583211767,-3.5372351246904827,False,False,True,False,weakness_up
Garrett Hampson__2022_2023,Garrett Hampson,Garrett Hampson,2022,2023,4569.306145878425,4338.410334640257,-230.89581123816788,-0.2,56,0.594,0.8,44,0.135,33.43106236062592,45.69788916722729,45.822659281528296,42.82238331385508,52.78374378013958,0.4503946848244169,4.549695866238679,-0.6036099745820991,-2.951352290145735,-7.418364103881736,False,False,True,False,weakness_up
Jacob Stallings__2022_2023,Jacob Stallings,Jacob Stallings,2022,2023,3847.5839989011465,4072.601698048851,225.01769914770463,-0.2,66,0.584,-0.2,-10,-0.019,33.2772529982696,50.4373597909722,44.58056842513048,43.48386478871556,28.995149650595,2.4442361164522737,-4.25805806920544,4.064746128082312,3.1127819694667807,0.1802566399788254,False,False,True,True,decliner
Akil Baddoo__2022_2023,Akil Baddoo,Akil Baddoo,2022,2023,4243.031144634722,4905.305984499852,662.2748398651293,-0.2,65,0.558,0.8999999999999999,23,0.124,31.622633962854085,43.366378571328525,45.3286279449088,43.81375986343148,47.717800016242045,8.970003464082343,3.695073529231138,1.8461706253164465,-0.4278971183757605,1.5603551380502338,False,False,True,False,weakness_up
Marcell Ozuna__2022_2023,Marcell Ozuna,Marcell Ozuna,2022,2023,4089.8989310902416,5006.988327682979,917.0893965927372,-0.3,90,0.687,3.5,50,0.2179999999999999,49.81825082252408,47.583645067599576,37.4258452269413,37.64998850460248,34.75860191247882,10.240473663627434,6.061553012577235,5.577066317535248,0.2211030799768778,-0.3258905893905464,False,False,True,False,weakness_up
Harold Castro__2022_2023,Harold Castro,Harold Castro,2022,2023,3556.1766480241417,3055.123066293145,-501.05358173099694,-0.3,93,0.681,-1.2,-48,-0.092,36.86979453335154,58.4441364822566,31.07269785114507,33.90687952854038,34.67176620302456,-7.052209697524791,-11.54888895118728,-3.2669165971069063,5.87567062039664,2.9179035046331663,False,False,True,False,weakness_up
CJ Abrams__2022_2023,CJ Abrams,CJ Abrams,2022,2023,3593.157416333848,5152.457454980901,1559.300038647053,-0.3,72,0.604,2.6,19,0.1079999999999999,33.39890219742134,53.34441140441232,27.123897319033627,38.51889951396475,45.64659525044961,7.859999207052525,-0.0196347870647812,5.934004117587026,1.8012404888660498,22.255681262171507,False,False,True,False,weakness_up
JJ Bleday__2022_2023,JJ Bleday,JJ Bleday,2022,2023,4384.95417408915,4629.780404941805,244.8262308526546,-0.3,66,0.586,0.7,25,0.08,37.50556312411359,41.56805966394786,48.52401083103352,42.72127666282282,44.52546296344335,1.936472582320256,2.8588252686076387,4.176647133634916,-0.4151472806004932,-2.7764561515458155,False,False,True,False,weakness_up
Mike Moustakas__2022_2023,Mike Moustakas,Mike Moustakas,2022,2023,3783.532576257087,3644.356924340096,-139.17565191699077,-0.5,76,0.64,0.0999999999999999,2,0.045,39.50375507815128,42.0792049057801,36.61389087912111,41.883827701228405,39.56356888878966,1.7024865629117372,3.9223037859421694,-2.431671577837172,-0.5850393703585937,-5.818473647703989,False,False,True,False,weakness_up
Yasmani Grandal__2022_2023,Yasmani Grandal,Yasmani Grandal,2022,2023,4359.695413380039,3814.655049884124,-545.0403634959148,-0.5,68,0.57,0.6,12,0.077,37.1623040281644,50.09523468083879,54.43366296799165,44.56271992372963,26.3551655147832,-1.0034101433416325,-0.4058925329626959,-9.599545876236128,-1.9793488076658927,0.1649515545076596,False,False,True,False,weakness_up
Taylor Walls__2022_2023,Taylor Walls,Taylor Walls,2022,2023,4329.382700758797,4777.520635633069,448.1379348742721,-0.5,65,0.553,1.2,19,0.0849999999999999,32.99054810715805,42.840295222310296,51.49908466933006,37.31370222844642,50.682318486714,-0.5326842723023475,1.4726415415267198,0.6435959435056375,3.437043038721555,6.319355598648251,False,False,True,False,weakness_up
Andrew Vaughn__2022_2023,Andrew Vaughn,Andrew Vaughn,2022,2023,3764.5117583703577,3862.176016532073,97.66425816171522,-0.6,113,0.75,1.0,-10,-0.007,47.85005413232605,57.68016095084744,39.11299761208488,20.0,31.218560791229315,-1.542150400414684,-4.568678939707375,-1.2497636664678993,16.35485340264657,-3.698329622050125,False,False,True,False,weakness_up
MJ Melendez__2022_2023,MJ Melendez,MJ Melendez,2022,2023,3918.930402124928,4138.792391982578,219.86198985765031,-0.6,97,0.706,1.0,-4,0.007,47.12686804452449,47.44959725780657,51.044607589051246,22.679902538359823,34.74349018023335,1.288807557048365,-5.109177809285896,-6.8988303048826864,12.994186488426426,3.425442668075746,False,False,True,False,weakness_up
Yuli Gurriel__2022_2023,Yuli Gurriel,Yuli Gurriel,2022,2023,4222.485428954315,4672.852474115785,450.36704516147074,-0.7,85,0.647,0.2999999999999999,-9,0.016,36.49996080963925,60.11063227814438,37.96587618589558,33.56251072551554,44.66227213663612,-1.846629980070681,-2.474846695360469,6.107383354513566,7.730378050592044,1.0184035247041408,False,False,True,False,weakness_up
Nick Senzel__2022_2023,Nick Senzel,Nick Senzel,2022,2023,4153.537385665146,4249.586732247457,96.04934658231105,-0.7,67,0.601,0.2999999999999999,16,0.0949999999999999,34.17373437314468,54.2855520715932,42.733432197415645,41.126291154628646,37.21326422141338,5.071956159919239,-2.5750348115325323,-1.829513360564796,-6.4767009942628135,8.455119755709624,False,False,True,False,weakness_up
Joey Votto__2022_2023,Joey Votto,Joey Votto,2022,2023,3899.8395213983545,4230.10198986631,330.2624684679554,-0.8,92,0.689,0.9,7,0.058,45.94183931649579,44.27564833605554,48.226379434278186,34.439998221179415,29.49413185285725,1.945240386481736,-3.130610256436597,-2.21131559473622,6.303237390231075,6.127709537830107,False,False,True,False,weakness_up
Spencer Torkelson__2022_2023,Spencer Torkelson,Spencer Torkelson,2022,2023,4235.832609694125,4839.56882914684,603.736219452715,-0.8,76,0.604,2.1,30,0.154,42.04740378222499,47.126463191421664,46.09363908709935,41.24758172583992,34.24706997016651,10.02723499943528,2.499397182870758,-0.3832596282516292,-5.074784577002603,7.353115083672243,False,False,True,False,weakness_up
Elias Diaz__2022_2023,Elias Diaz,Elias Diaz,2022,2023,3526.8141678384145,3578.806040777168,51.99187293875366,-1.2,68,0.648,1.1,14,0.0769999999999999,41.64380162651567,49.601196831243634,37.175250810111294,32.25907308339647,31.228355880628087,-0.8746767907350872,0.0853801283716961,-4.008007019023623,2.064481250695948,4.912263754178603,False,False,True,False,weakness_up
Miguel Cabrera__2022_2023,Miguel Cabrera,Miguel Cabrera,2022,2023,3620.693743492808,3828.6425128788833,207.94876938607516,-1.3,78,0.622,0.6000000000000001,10,0.053,37.96409236971917,50.06591280243424,38.42836316426897,39.697584067444765,29.15046780701937,-0.6031669821243781,1.7440973697219206,3.8208883752485647,0.7096909104419638,-0.6096923562505197,False,False,True,False,weakness_up
Eddie Rosario__2022_2023,Eddie Rosario,Eddie Rosario,2022,2023,3537.8733315824347,3899.7166669641015,361.8433353816668,-1.3,63,0.587,2.6,38,0.168,36.50044315955781,41.89186527009102,34.5869610641227,37.13789939485677,43.14884303293174,7.903640076645992,5.486177856614361,-4.855543989121856,8.58010237164342,-6.2083571168461305,False,False,True,False,weakness_up
Ronald Acuna Jr.__2023_2024,Ronald Acuna Jr.,Ronald Acuna Jr.,2023,2024,8644.632552171319,5478.082548890036,-3166.550003281284,9.2,171,1.012,-8.299999999999999,-65,-0.296,65.55702392606294,72.79139202236313,53.544010759915935,41.77872853685773,67.75448234883513,-19.004531987267328,-22.179770708389512,-4.611672122459829,2.0162347254940443,-17.455758899530196,True,False,True,False,elite
Freddie Freeman__2023_2024,Freddie Freeman,Freddie Freeman,2023,2024,6456.045027582807,5549.1596607214615,-906.8853668613456,7.7,161,0.976,-3.8,-25,-0.122,51.1961774831584,66.80636552421639,44.94964731832673,44.49803743575083,53.85122526921925,-3.135614137546739,-5.906909050300307,6.034379614674556,-2.3151560225665837,-15.210760561555162,True,False,True,False,elite
Mookie Betts__2023_2024,Mookie Betts,Mookie Betts,2023,2024,7063.747748198602,6522.582053501186,-541.1656946974153,7.6,165,0.987,-3.3,-25,-0.124,55.57939727339051,66.52916975144737,62.08700287935427,42.10959466611689,45.16190939100422,-10.333384952715257,-0.3701743071544712,-0.2648649460358214,1.2649694302374286,-0.5733061792406033,True,False,True,False,elite
Shohei Ohtani__2023_2024,Shohei Ohtani,Shohei Ohtani,2023,2024,6521.071005750791,8089.0739181303,1568.0029123795084,6.6,180,1.066,2.4000000000000004,0,-0.03,70.01554424556431,54.05204666156171,49.81424719044239,38.50828742125494,49.00317966973816,4.232460158308811,4.707606244337278,-2.1711339410639,-1.0919271358634788,23.22935104264863,True,True,False,False,elite
Matt Olson__2023_2024,Matt Olson,Matt Olson,2023,2024,5961.5168437259,4463.478036347033,-1498.0388073788672,6.5,162,0.993,-3.9,-45,-0.2029999999999999,66.9788436621902,53.46781560786262,51.18800721754309,37.62173752355382,41.03910615335422,-14.135646869639912,-3.6112416682186463,-7.69696979553828,6.316717521959838,-13.425057690351522,True,False,True,False,elite
Marcus Semien__2023_2024,Marcus Semien,Marcus Semien,2023,2024,6151.273750704761,5729.267104299968,-422.0066464047932,6.5,128,0.826,-2.2,-27,-0.127,42.93430389472748,60.8389593635024,49.16820861608535,56.93924850057258,45.38380768762164,-1.8688742591820715,-5.087135872561127,-3.447688446423861,3.51168701846769,-1.5889704019491615,True,False,False,False,elite
Corey Seager__2023_2024,Corey Seager,Corey Seager,2023,2024,5311.140064767324,5092.998986926576,-218.14107784074716,6.4,173,1.013,-1.8000000000000007,-31,-0.1489999999999999,61.544960051714085,61.565312942937055,40.53548132900941,44.228846206885656,29.22722091841976,-4.829129713802338,-4.156686562262905,3.2023626146467947,5.741166592659525,-3.378392925041684,False,False,True,False,weakness_up
Juan Soto__2023_2024,Juan Soto,Juan Soto,2023,2024,6661.531937444358,7127.96634201182,466.4344045674616,6.2,154,0.93,2.1000000000000005,27,0.0589999999999999,59.197549848626124,61.256409791303554,68.53994951708594,40.629282215315165,34.05125402122487,7.229645816086958,2.533647431755668,2.09858294397354,3.08408529854416,-5.37611539095807,True,True,True,False,elite
Bobby Witt Jr.__2023_2024,Bobby Witt Jr.,Bobby Witt Jr.,2023,2024,6666.0196317302325,7349.605185438148,683.585553707916,5.9,116,0.813,4.6,53,0.164,51.01777247747183,58.83611482925767,37.06939974610445,57.33821748754566,61.92491411919637,8.696561385757754,7.899043874641805,4.15935616612888,2.14249335661998,-9.348100868408151,True,False,True,False,elite
William Contreras__2023_2024,William Contreras,William Contreras,2023,2024,6059.45300608445,5720.301393671914,-339.15161241253554,5.8,126,0.825,-0.2999999999999998,6,0.006,49.16227204557725,54.134361278869775,48.75854546776999,63.37904359367021,38.6650978391135,5.675606327645653,0.1250995139496566,0.4693673346706575,-13.892971011538831,-0.8337864759347298,True,False,False,False,elite
Julio Rodriguez__2023_2024,Julio Rodriguez,Julio Rodriguez,2023,2024,5724.147540258182,4871.973522389351,-852.1740178688306,5.8,128,0.818,-1.9,-12,-0.0839999999999999,55.66853299892644,50.930549121387486,32.67992628422205,48.55019480971214,57.10295645939704,-6.766365209162025,-1.0561886743700768,-0.5414554706892858,0.7656535552932766,-10.078933377884631,False,False,False,False,baseline
Adley Rutschman__2023_2024,Adley Rutschman,Adley Rutschman,2023,2024,6189.743215157465,4992.343658011627,-1197.399557145838,5.5,126,0.809,-2.8,-23,-0.1,42.5053960621931,64.94095500305455,57.55936159817101,56.12415271155852,33.334746563217934,-2.682723959175732,-5.845503918521473,-10.42182184098516,-6.240424140599835,0.1987842215769433,True,False,True,False,elite
Francisco Lindor__2023_2024,Francisco Lindor,Francisco Lindor,2023,2024,6257.376499161479,6820.951706075216,563.575206913737,5.5,120,0.806,2.2,17,0.0379999999999999,49.656082927163375,54.10918584351048,44.63700294702614,52.33878386163058,56.085385928830846,4.281294707289511,3.7150738187378,-1.1633837024773257,6.704059179473283,-1.7004571964497543,True,False,False,False,elite
Corbin Carroll__2023_2024,Corbin Carroll,Corbin Carroll,2023,2024,6868.126883609401,6802.131009285599,-65.99587432380213,5.4,133,0.868,-1.1000000000000003,-26,-0.119,49.18684122895401,58.50945634664842,44.97606579640438,40.89552989012976,78.75471426270222,-3.498071542730472,-4.116185790356937,7.434588503049632,7.941652797567649,-10.9550229489154,True,False,True,False,elite
Austin Riley__2023_2024,Austin Riley,Austin Riley,2023,2024,5587.021601936988,4902.626269573694,-684.3953323632941,5.2,128,0.861,-2.8000000000000003,-12,-0.0779999999999999,56.71544275992606,53.01450135012077,41.66256910425925,45.4855413192637,45.38682881987848,-1.45247690196976,-2.659247291017913,-1.1946245765080905,-2.1115632829211464,-7.5303985037975,False,False,False,False,baseline
Yandy Diaz__2023_2024,Yandy Diaz,Yandy Diaz,2023,2024,5702.690764051544,5120.0457823218685,-582.6449817296752,5.0,163,0.932,-3.1,-43,-0.177,54.49713322046596,67.38892257183225,53.62737867223051,38.57545417948859,28.33522796246899,-5.612908266664334,-2.7070300970092944,-4.645727337207703,-0.1625727167226287,0.9371397506035386,False,False,True,False,weakness_up
Sean Murphy__2023_2024,Sean Murphy,Sean Murphy,2023,2024,5821.223959633586,4563.291022430237,-1257.932937203349,5.0,130,0.844,-4.2,-52,-0.2079999999999999,54.06862081675416,52.50540734165119,48.040986481281934,61.95557574027672,33.64712533556588,-9.881016768007555,-9.03329184706321,-2.4450935679339167,-13.324253767134032,3.799862118223551,False,False,True,False,weakness_up
Kyle Tucker__2023_2024,Kyle Tucker,Kyle Tucker,2023,2024,6568.609857503217,6931.525767462522,362.9159099593044,4.9,139,0.886,-0.7000000000000002,40,0.1069999999999999,49.803773070094266,63.83194268286709,53.57932249374241,39.07738250353017,57.609587983246286,4.158900661508021,-2.86125384665192,10.902863732572897,7.372219234456466,-14.192202896578529,True,False,True,True,decliner
Luis Robert Jr.__2023_2024,Luis Robert Jr.,Luis Robert Jr.,2023,2024,4689.594482711177,3987.056106988372,-702.5383757228051,4.9,129,0.857,-4.300000000000001,-45,-0.1999999999999999,55.04078986267415,44.02351834799614,27.51554535084825,52.8085350590893,44.26904772237938,-9.445848593004122,-6.573903318617788,6.172545870092939,-10.96855948349235,1.5461706178507768,False,False,True,False,weakness_up
Aaron Judge__2023_2024,Aaron Judge,Aaron Judge,2023,2024,6268.528098529364,7523.884194968097,1255.3560964387334,4.8,173,1.019,6.500000000000001,47,0.1400000000000001,73.65699716705429,48.05004686781599,60.22130209069687,42.37342718943861,36.17671403278689,5.648126683238687,9.977214496105972,4.612935774174886,-5.789623430618264,7.712419088578947,True,True,True,False,elite
J.P. Crawford__2023_2024,J.P. Crawford,J.P. Crawford,2023,2024,5513.908197337597,5275.348864559717,-238.5593327778797,4.8,136,0.818,-3.2,-46,-0.1929999999999999,41.232988507876655,59.00604849290622,59.88714006477019,39.73563035877913,40.126408592474334,-2.911712667170562,-8.048508309600265,-5.6021479513277725,7.252075687849555,4.698241101578098,False,False,True,False,weakness_up
Dansby Swanson__2023_2024,Dansby Swanson,Dansby Swanson,2023,2024,5905.459849962234,5916.414495285924,10.954645323689874,4.8,105,0.744,-0.5999999999999996,-8,-0.043,44.15186533534175,48.2020471246134,45.72571000092723,63.01144668278236,48.57268350889704,-0.4094313245582839,-0.6024771679275887,-1.3105066369325868,-2.324401655152748,4.573991804088479,True,False,False,False,elite
Adolis Garcia__2023_2024,Adolis Garcia,Adolis Garcia,2023,2024,5651.8673637647225,3594.4777165017967,-2057.389647262926,4.7,128,0.836,-4.8,-34,-0.1519999999999999,57.84182183452548,44.96739693464963,42.62792911131649,51.9213111598732,46.958288962777104,-6.962532134425125,-4.777184936897093,-7.02797907414255,-20.28640987767093,-11.120875412335671,False,False,False,False,baseline
Gunnar Henderson__2023_2024,Gunnar Henderson,Gunnar Henderson,2023,2024,5998.151753422884,6712.637997820901,714.4862443980164,4.7,122,0.814,3.2,32,0.079,54.38841891940201,50.642116361209474,43.80570623721882,46.571174236859335,55.47584239335925,4.453753900356311,6.72418874029264,6.785458483168789,-1.4276702911935717,-2.059621444526222,True,False,True,False,elite
Jose Ramirez__2023_2024,Jose Ramirez,Jose Ramirez,2023,2024,6577.9546273741125,6654.544015714191,76.58938834007859,4.6,122,0.831,1.8000000000000007,19,0.041,45.45646258874868,66.27732925941963,52.00846829481463,48.12655835191368,52.04189454796362,7.678638343819166,-2.6966654281398235,-8.130713252355413,-1.3947746909856775,5.78884472446957,True,False,False,False,elite
Xander Bogaerts__2023_2024,Xander Bogaerts,Xander Bogaerts,2023,2024,5526.519535428639,5334.174036789772,-192.34549863886696,4.6,119,0.79,-2.6,-24,-0.102,40.93798292344327,59.302431535081936,47.42289025189772,48.95425830094982,45.16836981815684,-2.0778678889130617,-0.1528461509743337,-4.245716997858089,-0.0331356247129406,3.2772630689827977,False,False,False,False,baseline
Nico Hoerner__2023_2024,Nico Hoerner,Nico Hoerner,2023,2024,6344.156790789997,5816.520820352735,-527.6359704372626,4.5,103,0.729,-0.7000000000000002,-1,-0.021,33.47538876315768,66.31831177233924,43.97486828074195,56.27135248601319,63.85063940510345,-0.726897337101839,0.713600556109796,-0.3517353705009611,-3.077062824844617,-8.09416768373432,True,True,False,False,elite
Cody Bellinger__2023_2024,Cody Bellinger,Cody Bellinger,2023,2024,5272.2625930774775,4709.380397634157,-562.8821954433206,4.4,135,0.881,-2.3000000000000003,-27,-0.13,43.64874550727367,61.22046972669609,39.7088514039904,44.69779235384675,47.642847980370654,-3.3694692027272737,-5.08408672215446,1.9530862306234908,-2.609400009413584,-4.542152197058925,False,False,True,False,weakness_up
Alex Bregman__2023_2024,Alex Bregman,Alex Bregman,2023,2024,5773.5125453500295,5368.867159042353,-404.6453863076768,4.4,125,0.804,-0.2000000000000001,-8,-0.036,40.693205029819374,63.77684129396105,61.81927911837332,45.33324704054444,32.558236838607144,3.7016474984291454,-0.7612989432006856,-15.027762893036943,8.431853126636184,-1.706419092357482,False,False,True,False,weakness_up
Yordan Alvarez__2023_2024,Yordan Alvarez,Yordan Alvarez,2023,2024,5732.94760234817,5690.630579367584,-42.31702298058645,4.3,170,0.99,0.9000000000000004,-3,-0.031,62.44911211867538,60.47418517265548,53.29403085874531,39.48412534753957,28.96224325463388,-2.2403758649409085,4.115229800251328,-4.42652969065243,-4.53397449503337,4.811473212652597,False,True,True,False,strength_up
Ketel Marte__2023_2024,Ketel Marte,Ketel Marte,2023,2024,5690.731048211125,6818.743742768415,1128.0126945572902,4.3,126,0.844,2.0,26,0.088,50.80280765303908,58.99558857883586,50.024879977748,44.26718708950959,40.01607408692237,12.025754980794716,2.103780809636625,-1.0366171293045454,6.387938161910078,4.270985170620314,False,False,True,False,weakness_up
Cal Raleigh__2023_2024,Cal Raleigh,Cal Raleigh,2023,2024,4697.833401449467,5078.868684270135,381.0352828206678,4.3,114,0.762,1.1000000000000003,4,-0.014,49.69057469168787,43.73777309091405,40.52411385803586,58.50294732188203,32.928210237698046,4.064538880509545,-0.936572925177984,0.8926475559303455,4.989147521397044,0.9947271633454804,False,False,True,False,weakness_up
Isaac Paredes__2023_2024,Isaac Paredes,Isaac Paredes,2023,2024,4699.435321345358,4678.164186358247,-21.2711349871106,4.2,136,0.84,-0.9000000000000004,-20,-0.1009999999999999,42.15740165638677,55.0896224604449,46.52339101255398,44.53691916759354,33.741051443000785,-6.731421346340561,0.3898419174629381,6.248885023013827,0.0888794065532749,-1.3916284096440563,False,False,True,False,weakness_up
Brandon Nimmo__2023_2024,Brandon Nimmo,Brandon Nimmo,2023,2024,5167.922313192377,5450.720912234849,282.7985990424713,4.2,129,0.829,-1.4000000000000004,-21,-0.1019999999999999,49.37540518395851,57.15609227050898,51.43983690707687,41.30039843186506,32.876015680086994,-1.136912794428696,-6.8197056608125735,-1.099297332861255,2.5645525420323807,13.725463553056471,False,False,True,True,decliner
Ha-seong Kim__2023_2024,Ha-seong Kim,Ha-seong Kim,2023,2024,6096.016677957806,6083.067330571192,-12.949347386614136,4.2,110,0.749,-1.6,-9,-0.049,35.13447270471376,57.85311307609536,55.51976935804591,52.81362956335391,52.78831198704089,2.4496218977951685,0.3523127118959976,4.207926145806773,-3.722282669991067,-4.377323334232052,True,False,True,False,elite
Jose Altuve__2023_2024,Jose Altuve,Jose Altuve,2023,2024,5427.926259940262,4288.519779674683,-1139.4064802655785,4.1,154,0.915,-0.1999999999999997,-27,-0.125,43.61591635514391,60.002942711717125,46.82569833167474,44.370146426578096,44.43991010195413,-4.036290388884581,-0.9560349657988708,-10.180329127293518,-6.433113504349706,-4.095469286667012,False,False,False,False,baseline
Ozzie Albies__2023_2024,Ozzie Albies,Ozzie Albies,2023,2024,5052.844384820636,4483.604613802514,-569.2397710181222,4.1,125,0.849,-2.8,-29,-0.142,47.49513001056284,58.89170624082574,35.41635081033449,38.15745307517351,51.271701521896624,-6.347286570890766,-3.760614278017833,-0.1496140906043805,5.9400910472427455,-8.32877945022502,False,False,True,False,weakness_up
TJ Friedl__2023_2024,TJ Friedl,TJ Friedl,2023,2024,6017.235629613651,4714.399754316686,-1302.8358752969652,4.1,117,0.819,-3.8,-27,-0.129,37.79250555682,59.267584086769205,48.54053463195029,49.64011718107474,58.64496810433558,-0.3200189818891843,-4.047363600993982,-1.026889023172167,-12.666862273591668,-12.109876288937564,True,False,False,False,elite
Trea Turner__2023_2024,Trea Turner,Trea Turner,2023,2024,5397.472828449795,4846.504626965885,-550.96820148391,4.1,107,0.778,-0.1999999999999997,16,0.029,46.11442626148138,50.04731431885431,34.40235414246152,43.28183415621074,65.23574856812645,-0.5481549543698137,5.398155804705802,-1.4292037639480384,0.6582659060498273,-16.207569713688216,False,False,True,False,weakness_up
Bryson Stott__2023_2024,Bryson Stott,Bryson Stott,2023,2024,6167.383407222069,5585.205230536951,-582.1781766851182,4.1,100,0.747,-2.3,-13,-0.0759999999999999,38.02700413641015,63.08356980533278,41.77594029002605,58.85955017374305,56.52356738472267,-2.574608054002667,-3.941266027126197,6.044444256952168,-12.70209337889765,0.0021221532111113,True,False,True,False,elite
Fernando Tatis Jr.__2023_2024,Fernando Tatis Jr.,Fernando Tatis Jr.,2023,2024,5753.175616107967,5635.401752494647,-117.77386361331992,4.0,111,0.77,-0.7000000000000002,24,0.0629999999999999,50.97756280787283,49.65689914386853,37.43255523695418,56.33194568796963,52.18244640538944,7.766218157680974,5.075255267645559,1.9488294607822,-9.640373841276102,-8.16074470161216,False,False,True,False,weakness_up
Jonah Heim__2023_2024,Jonah Heim,Jonah Heim,2023,2024,5257.36847108991,3772.476971788646,-1484.8914993012636,4.0,107,0.755,-4.1,-35,-0.153,43.26029491864433,54.28860073108185,39.46572555910495,61.44506850870119,39.53755997289113,-5.072002635889206,-2.3077052711070394,-5.510481091454466,-19.32701343024516,-5.256090984149921,False,False,False,False,baseline
Christian Walker__2023_2024,Christian Walker,Christian Walker,2023,2024,5605.591239822935,5292.550020706267,-313.0412191166679,3.9,120,0.83,-0.7999999999999998,0,-0.0269999999999999,49.75938367654555,52.03591486298464,44.376886944096974,51.56577755978866,45.41161509891298,3.60395531408588,-1.689114107301961,1.4388447568012026,1.0945102128201398,-10.289120048619644,False,False,True,False,weakness_up
Bo Bichette__2023_2024,Bo Bichette,Bo Bichette,2023,2024,4591.391558026682,4169.805373901843,-421.5861841248389,3.9,124,0.814,-3.6,-54,-0.2159999999999999,48.52479575418708,62.221542709498905,29.45309323517512,44.391329494134126,37.62514885320152,-9.929530263204022,-9.948564186479445,3.3788890217879555,2.1153666351395373,3.5979156889313657,False,False,True,False,weakness_up
Michael Harris II__2023_2024,Michael Harris II,Michael Harris II,2023,2024,5502.378079508194,4649.7535505155465,-852.6245289926474,3.9,116,0.808,-1.9,-17,-0.086,49.87975044954872,58.89129501307356,31.503083055128627,49.24275829509691,52.73319141131637,-0.8940911409820131,-4.671434830490881,-1.2320708469296306,0.5984142215802848,-12.54115087424531,False,False,False,False,baseline
Nolan Jones__2023_2024,Nolan Jones,Nolan Jones,2023,2024,6010.905577556832,4461.066674943639,-1549.8389026131936,3.8,137,0.931,-4.6,-68,-0.29,54.67501128517962,49.22986338017349,49.62539817523609,50.0605334368827,47.94467338620726,-15.24134976208289,-3.2172572016415515,1.6873762412980895,-10.100283296389089,-8.201892222965022,True,False,False,False,elite
Christian Yelich__2023_2024,Christian Yelich,Christian Yelich,2023,2024,6292.112048229378,6386.496522306994,94.38447407761578,3.8,123,0.818,-0.7999999999999998,31,0.091,50.482554529016255,54.83871391323994,50.16182287346386,39.98095916731655,63.08742623595214,0.4054592355247877,5.663632986907416,1.8530296256146956,1.3179817995795489,-8.239140411371864,True,False,True,True,decliner
Will Smith__2023_2024,Will Smith,Will Smith,2023,2024,5598.8838135987935,4865.213997666645,-733.6698159321486,3.8,117,0.797,-1.1999999999999995,-8,-0.037,43.57765941965508,58.34359395298608,50.57992860157087,49.9811723188631,40.108382882229606,1.97963739358201,-3.421193008445784,-3.9703171881511,-8.32548640067425,-3.1001973984978832,False,False,True,False,weakness_up
Andres Gimenez__2023_2024,Andres Gimenez,Andres Gimenez,2023,2024,4907.371880086233,4692.250528477636,-215.12135160859725,3.8,96,0.712,-1.0999999999999996,-13,-0.0739999999999999,34.900574417854415,51.73085781386717,31.238489471881785,60.24467714451261,52.72411391306645,-1.983355615349112,3.78512046041272,-1.3933677884157485,-0.0129685570090956,-3.49635487882604,False,False,False,False,baseline
Gleyber Torres__2023_2024,Gleyber Torres,Gleyber Torres,2023,2024,5115.086555259583,4286.68746747177,-828.3990877878132,3.7,122,0.8,-1.9,-17,-0.091,45.47454635247808,60.28506456901377,48.31135172409725,41.752186763758246,35.375015911850355,-5.882447115371328,-6.115651744619981,0.5070470635697575,-2.3470366722476257,-6.23806746216475,False,False,False,False,baseline
Bryce Harper__2023_2024,Bryce Harper,Bryce Harper,2023,2024,5083.702273633628,5248.212186596111,164.5099129624832,3.5,141,0.9,1.5999999999999996,3,-0.002,54.88591317853368,51.40304917416123,46.88850219071725,40.17078927816212,37.61521585139917,-0.0162934583471496,2.386708821036308,-3.239361657074745,7.273538491904539,-1.780518769317169,False,False,True,False,weakness_up
Rafael Devers__2023_2024,Rafael Devers,Rafael Devers,2023,2024,4783.549464091726,5126.066027245912,342.51656315418586,3.5,126,0.851,0.7000000000000002,10,0.02,56.56049937255918,54.72697159914236,40.23330064284094,39.14951061373221,33.29952158644176,1.875642295201864,-4.294002497383083,3.773816457327399,1.5943303041809074,5.218259835718556,False,False,True,False,weakness_up
Brandon Marsh__2023_2024,Brandon Marsh,Brandon Marsh,2023,2024,5589.245895073937,5552.4096766816565,-36.8362183922809,3.5,124,0.829,-1.2000000000000002,-17,-0.0819999999999999,47.64803318043276,49.14181995730583,49.52099191864114,47.45437288358731,48.67081370437941,0.5314115198098293,-2.0364297888609,-0.5607283029742973,-1.4659681858443605,2.8211743755773355,False,False,False,False,baseline
Thairo Estrada__2023_2024,Thairo Estrada,Thairo Estrada,2023,2024,5019.987177318205,4078.981396316812,-941.0057810013928,3.5,100,0.731,-3.1,-36,-0.141,37.97974816532617,53.86219633011392,31.783253605263123,60.22000967368723,49.74632866930168,-2.045614466929621,-3.443773389183306,-1.4366809697215324,-8.208138898788981,-8.156730302075438,False,False,False,False,baseline
Eugenio Suarez__2023_2024,Eugenio Suarez,Eugenio Suarez,2023,2024,4488.17019889754,4944.453258007397,456.2830591098573,3.5,105,0.714,0.3999999999999999,10,0.074,45.53824836740838,41.8098252507783,46.67603646812891,53.99712731375343,30.76743118672698,4.305417567953299,6.298477144664034,-4.980951559541687,-4.638722894466525,8.90951161119586,False,False,True,False,weakness_up
Luis Arraez__2023_2024,Luis Arraez,Luis Arraez,2023,2024,4873.676615417803,4462.836470028442,-410.8401453893612,3.4,131,0.861,-2.3,-22,-0.122,34.255218446089046,80.0,44.46701137319224,33.844683379880976,35.92110027506433,-3.200384408963483,-2.9466798382791097,-3.125671662858764,-2.822562597960502,4.740467962399826,False,False,True,False,weakness_up
Josh Lowe__2023_2024,Josh Lowe,Josh Lowe,2023,2024,5151.418979635208,4607.440703329685,-543.9782763055227,3.4,130,0.835,-2.4,-32,-0.142,48.40714404715426,51.29790375508362,33.54055900340368,42.48148103077171,57.261807041931526,-3.5975847596135964,-7.524187659827085,4.006810071561091,-0.8321286094238332,-4.98024111796574,False,False,True,False,weakness_up
Paul Goldschmidt__2023_2024,Paul Goldschmidt,Paul Goldschmidt,2023,2024,5534.290691502656,4799.3470939944245,-734.9435975082315,3.4,122,0.81,-2.2,-22,-0.094,49.79880366251248,53.14225892456183,50.43393757527389,43.888860320873775,43.74228897001694,-1.0389687894612225,-4.013350311682217,-10.26853072723756,-2.8668267368132305,1.6588334192070349,False,False,True,False,weakness_up
Manny Machado__2023_2024,Manny Machado,Manny Machado,2023,2024,5083.195099251205,5170.756950206424,87.5618509552196,3.4,113,0.782,0.1,9,0.015,50.36341179204949,53.734089469544585,42.12533173236015,53.04770011158564,33.701647744909884,3.583170310738268,2.362338940081941,-3.4893663322258632,-9.382163192113609,7.206190606913317,False,False,True,False,weakness_up
Willy Adames__2023_2024,Willy Adames,Willy Adames,2023,2024,4838.8480555249,5226.306045886326,387.4579903614258,3.4,95,0.717,1.4,25,0.077,43.141522002215495,43.18976163489479,42.304112150449,59.68135056801696,38.5185577868926,6.000090983138207,5.204525276573392,2.5880942566304768,-12.9816870444472,6.7998723115508,False,False,True,False,weakness_up
Chas McCormick__2023_2024,Chas McCormick,Chas McCormick,2023,2024,4806.449015484431,3920.342531778094,-886.1064837063368,3.3,132,0.842,-3.5,-67,-0.266,46.987081840326816,48.92650354371858,41.14696014488028,45.56731758877618,42.35943456988646,-10.57210726023547,-7.12251664722703,-5.109314331890452,1.12191001787032,0.1511223239873729,False,False,True,False,weakness_up
Marcell Ozuna__2023_2024,Marcell Ozuna,Marcell Ozuna,2023,2024,5006.988327682979,4977.010648339799,-29.97767934317926,3.2,140,0.905,1.5,14,0.02,60.05872448615151,53.64519808017681,43.00291154447655,37.87109158457936,34.43271132308827,0.5686993575318411,0.3098835568136167,4.14340209437043,-0.5859158221029048,-4.881070476152459,False,True,True,False,strength_up
Jeimer Candelario__2023_2024,Jeimer Candelario,Jeimer Candelario,2023,2024,4982.915572647513,3572.573245666976,-1410.342326980537,3.2,118,0.807,-3.5,-29,-0.1,45.12764226133303,51.399369185909386,43.3431986807503,45.11123980311601,44.06176191637362,-2.163385277276596,-6.424907961235647,-8.571653405079694,-9.205515776029074,-8.963131821197798,False,False,False,False,baseline
Ian Happ__2023_2024,Ian Happ,Ian Happ,2023,2024,5285.224758283434,5397.580827340204,112.35606905677014,3.2,118,0.791,0.3999999999999999,3,-0.009,45.47967284300495,51.91433444516755,53.68166186862453,40.87005736880675,43.68932081387519,5.500088838135881,-3.459767304883691,-3.2402762887762933,3.259606890967732,0.5799557898844654,False,False,True,False,weakness_up
Ke'Bryan Hayes__2023_2024,Ke'Bryan Hayes,Ke'Bryan Hayes,2023,2024,5478.534626526874,4931.894802168622,-546.6398243582516,3.2,101,0.762,-3.1,-41,-0.189,47.85189859523162,57.4158515988066,38.92511894912939,58.96250951081156,39.72727486327721,-12.315964915303333,-1.6686630278720074,2.2982255992917047,-7.783818287755379,6.199595966878967,False,False,True,False,weakness_up
Seiya Suzuki__2023_2024,Seiya Suzuki,Seiya Suzuki,2023,2024,5320.048711041532,5428.417556812005,108.36884577047294,3.1,127,0.842,0.3999999999999999,10,0.006,51.30199695696609,58.995522932151616,50.80925511820964,41.44008855056224,32.97331238651755,1.7434415100210003,-4.760655532293647,1.6489648208034708,-2.305985241769619,6.522107142436738,False,False,True,False,weakness_up
Randy Arozarena__2023_2024,Randy Arozarena,Randy Arozarena,2023,2024,5009.096028772914,4437.776047354359,-571.3199814185555,3.1,125,0.789,-1.1,-11,-0.069,49.92950797984929,48.26401090379032,49.72473481160539,37.71182849932139,43.915651292045,-4.116889284034741,-3.802569683570539,1.5941487230561364,-1.2994210776505213,-5.666261506385787,False,False,False,False,baseline
Lars Nootbaar__2023_2024,Lars Nootbaar,Lars Nootbaar,2023,2024,6293.691506125614,6040.121784820687,-253.56972130492704,3.1,118,0.784,-1.4,-4,-0.026,43.56936124162892,58.8771816591092,60.92651071199688,47.02644697202187,46.55378721966604,6.152204922932761,-0.9999603688466792,-1.61402909223073,-5.049426273392356,-4.006012754292328,True,False,True,False,elite
Matt Chapman__2023_2024,Matt Chapman,Matt Chapman,2023,2024,5269.793452234007,6749.376548416982,1479.5830961829752,3.0,109,0.755,2.5,12,0.035,53.23540974892205,45.28421826565799,49.696546998918656,48.18179284832667,39.70051882079976,0.9670413736001676,7.128135681138176,-1.8715715096711776,7.884604039978257,16.204275815528533,False,False,True,False,weakness_up
Francisco Alvarez__2023_2024,Francisco Alvarez,Francisco Alvarez,2023,2024,5029.606223383207,4499.90308926304,-529.7031341201673,3.0,96,0.721,-1.1,5,-0.011,51.27025823256983,41.72756939972644,43.29060539734916,62.29931023083681,34.640547562564564,-5.257562098141122,4.407647424811891,-0.0391957087947716,-12.112414739801885,-1.6457778979198423,False,False,True,False,weakness_up
Steven Kwan__2023_2024,Steven Kwan,Steven Kwan,2023,2024,5952.820560656313,6478.242992945958,525.4224322896443,3.0,99,0.71,1.2000000000000002,32,0.083,27.816801927506,67.53888002713381,55.70524678113476,51.89154918478322,50.01627380592289,6.225362394283344,3.286733334677379,5.103998424894016,0.4136386532797544,-6.879950235627604,True,True,True,False,elite
Lane Thomas__2023_2024,Lane Thomas,Lane Thomas,2023,2024,5294.110748980191,4998.803865713114,-295.30688326707696,2.9,109,0.783,-1.5,-10,-0.074,46.71737735159985,53.77561950929431,40.04159167880504,45.71800176650019,50.16451605986967,-3.459322715773318,-2.709220446707264,5.878285612241164,-6.98565686661717,0.8112872251940075,False,False,True,False,weakness_up
Brandon Lowe__2023_2024,Brandon Lowe,Brandon Lowe,2023,2024,4931.041455002552,4573.66551307992,-357.3759419226317,2.9,116,0.771,-0.6999999999999997,7,0.012,49.38092575335721,43.04921647180152,42.37806643660085,48.540005801182936,44.55046795639409,1.6270831471016365,1.5407712427001812,-6.3624323177456645,-5.860990073626354,0.2858159920950953,False,False,True,False,weakness_up
Willson Contreras__2023_2024,Willson Contreras,Willson Contreras,2023,2024,4591.4351255385445,4853.640114580745,262.2049890422004,2.8,127,0.826,-0.0999999999999996,14,0.022,53.202485384749416,51.64169611249712,43.11378654335074,38.103828679755765,33.28034023100743,0.0183717295054108,-6.280424779865903,2.771071769717089,4.548341450548385,5.877580799218173,False,False,True,True,decliner
Pete Alonso__2023_2024,Pete Alonso,Pete Alonso,2023,2024,5013.696757981299,4604.124715366006,-409.57204261529296,2.8,120,0.821,-0.6999999999999997,1,-0.0329999999999999,55.25494846370651,48.45377283715055,46.5254027301156,41.40871647447701,38.124214154512345,-1.203561134217182,2.0444387909647688,1.6800895258778752,-6.919176602202725,-5.870749851992073,False,False,False,False,baseline
Nathaniel Lowe__2023_2024,Nathaniel Lowe,Nathaniel Lowe,2023,2024,4768.904500594964,5343.353367276645,574.4488666816815,2.8,118,0.775,0.1,5,-0.013,43.04631465047936,56.45160164959843,52.08597825861291,44.14920844092614,27.050939874198367,0.2036189255493141,-0.3799373756389599,1.2486149387807473,3.0315781632869943,9.492451649627736,False,False,True,False,weakness_up
Nolan Arenado__2023_2024,Nolan Arenado,Nolan Arenado,2023,2024,4733.9293239668,4781.579802661516,47.650478694716185,2.8,107,0.774,0.4000000000000003,-4,-0.055,44.136309703149614,57.914791600141406,38.77716851462694,48.72635150875916,35.14554628042193,-8.698838803942344,2.964336084900367,3.749968466901109,5.937813501726922,-2.0254670747327737,False,False,True,False,weakness_up
Josh Naylor__2023_2024,Josh Naylor,Josh Naylor,2023,2024,4659.5012099935175,4699.407301054469,39.90609106095144,2.7,127,0.842,-0.4000000000000003,-9,-0.0659999999999999,46.42978879392992,63.0105233947023,33.85354403498096,45.94778286096495,34.47145062746893,2.344956355626877,-8.341459258499107,9.027222315833209,-4.09256972506234,-0.5202725263996584,False,False,True,False,weakness_up
Zack Gelof__2023_2024,Zack Gelof,Zack Gelof,2023,2024,5116.334890224898,4321.418746475496,-794.9161437494022,2.7,132,0.84,-1.3000000000000005,-50,-0.2079999999999999,48.6251698822735,45.053627116057854,40.32784898030015,47.45946738785191,50.34802116661312,-6.429146330796343,-10.802673513385685,-3.338051708320677,-1.170240010079752,2.35226586995347,False,False,False,False,baseline
Max Kepler__2023_2024,Max Kepler,Max Kepler,2023,2024,5125.201674330969,4398.064930401201,-727.1367439297674,2.7,122,0.816,-1.8000000000000005,-29,-0.1339999999999999,51.560911091137136,55.96953901533772,44.85429566157602,48.6064985579016,31.960364974320434,-9.82059727860524,-3.7890955964449295,-9.25033477396449,-0.8631062878409992,7.2991382484688145,False,False,True,False,weakness_up
Brandon Drury__2023_2024,Brandon Drury,Brandon Drury,2023,2024,4230.883548322028,3791.983406777381,-438.9001415446469,2.7,115,0.803,-4.800000000000001,-80,-0.3340000000000001,51.3173937884175,47.480102668715205,32.6316419793419,49.609550155487135,32.62239405198463,-16.58936843369169,-3.153512908379412,10.131400627922012,-7.0868063680627245,2.599752737542396,False,False,True,False,weakness_up
Austin Hays__2023_2024,Austin Hays,Austin Hays,2023,2024,4521.230699400354,3719.423449365974,-801.8072500343796,2.7,111,0.769,-2.5,-14,-0.07,44.05662532840681,49.87552507230674,39.440832943882015,50.75738637603445,35.2417680113463,-3.1234141037216645,-2.886400986953113,-8.458063413103368,-9.65785946356376,3.3893988164467004,False,False,True,False,weakness_up
Kevin Kiermaier__2023_2024,Kevin Kiermaier,Kevin Kiermaier,2023,2024,4833.75402374799,3923.2044799270498,-910.54954382094,2.7,103,0.741,-2.4000000000000004,-49,-0.1909999999999999,37.173901869237866,50.13080291310944,40.00558794952435,52.52351946821155,46.76517319419691,-3.2431307469126054,-13.55849917085851,-7.084533223991244,0.8258700130656749,-0.3748006525898546,False,False,False,False,baseline
Jeremy Pena__2023_2024,Jeremy Pena,Jeremy Pena,2023,2024,4298.985800313472,4466.840593549883,167.85479323641084,2.7,96,0.705,0.0,3,-0.004,37.695085271382034,51.2816808906684,35.245299253614576,49.05292818425134,41.16580362483486,2.157568132175733,3.7636705552885417,-4.4969937637723945,-5.137329479196175,8.457333393383642,False,False,True,False,weakness_up
Patrick Bailey__2023_2024,Patrick Bailey,Patrick Bailey,2023,2024,5030.442467417532,6146.296836833029,1115.8543694154978,2.7,77,0.644,1.5999999999999996,4,-0.007,39.47569957662282,48.01025254298839,39.581721219112815,68.26184447071823,37.88050351371172,0.9398895630749636,4.054347258199321,5.026869553616415,11.73815552928177,3.05905222493908,False,True,True,False,strength_up
Edouard Julien__2023_2024,Edouard Julien,Edouard Julien,2023,2024,5451.886275031574,4406.6127907999935,-1045.2734842315804,2.6,134,0.839,-2.6,-55,-0.2229999999999999,50.46017947466733,47.40559985046276,58.840195218457104,43.12631967550097,40.0260088487652,-9.12161720616077,-7.446399673189148,-8.4312177001298,-1.6804837286607963,2.3898729822723297,False,False,True,False,weakness_up
Jack Suwinski__2023_2024,Jack Suwinski,Jack Suwinski,2023,2024,5431.500164032638,4242.406332405842,-1189.0938316267966,2.6,112,0.793,-3.7,-50,-0.205,52.19597197713363,42.53496381818007,55.15148394883552,41.943626975599074,48.25558121873855,-9.472812794139791,1.4870651598765718,-9.405814577951077,-6.52477346598473,-4.66029383103605,False,False,True,False,weakness_up
Jose Siri__2023_2024,Jose Siri,Jose Siri,2023,2024,4747.165234107494,4346.865577937208,-400.29965617028665,2.6,106,0.761,-0.8,-28,-0.141,51.93032788458562,33.222055898901274,32.32328031737703,53.64320381466414,51.62210024283864,-5.534234153807908,-4.133958569999024,2.737069942420959,3.629527257104762,-5.670822946284972,False,False,True,False,weakness_up
Jarren Duran__2023_2024,Jarren Duran,Jarren Duran,2023,2024,5260.466478272967,6579.822525492442,1319.356047219475,2.5,122,0.828,4.3,9,0.006,45.61236019337753,54.80593915048163,37.08705352828261,40.489592096617976,58.39942914395825,5.092157068044948,1.962126201227207,4.224119458085937,13.937291285255249,2.142697230098527,False,False,True,False,weakness_up
Max Muncy__2023_2024,Max Muncy,Max Muncy,2023,2024,4993.411287206741,5322.665844517379,329.2545573106381,2.5,117,0.808,-0.2000000000000001,16,0.0439999999999999,53.71338516896764,44.371545278401584,55.55718140001223,38.35827724504591,38.24396047206313,-3.5687280672087454,1.3390996792165597,0.8372249281801842,7.384054923907847,0.7976571100547787,False,False,True,True,decliner
Anthony Santander__2023_2024,Anthony Santander,Anthony Santander,2023,2024,4559.015362290351,4721.08738409266,162.07202180230888,2.5,118,0.797,0.7000000000000002,10,0.0169999999999999,49.480400160502846,51.59635824839017,38.88019419499674,39.43988491015341,39.302051245353326,4.6150548460164345,1.5051705071806651,1.7126864407430489,0.394455247530999,-4.350371807380682,False,False,True,False,weakness_up
Willi Castro__2023_2024,Willi Castro,Willi Castro,2023,2024,5113.510570780853,4453.920461684523,-659.5901090963307,2.5,107,0.75,0.3999999999999999,-1,-0.033,39.87519896880587,48.10488345991514,37.97182040780747,47.57181068295199,59.48878493402744,0.614694589887911,-0.090777558696061,0.4998705556051419,-0.6033314534229035,-16.405070808016454,False,False,True,False,weakness_up
Leody Taveras__2023_2024,Leody Taveras,Leody Taveras,2023,2024,5029.136351037605,4761.210736362801,-267.9256146748039,2.5,101,0.733,-1.3,-17,-0.0919999999999999,43.95686469512242,54.29250483912221,38.69494676715152,46.66903906966324,47.25651003913844,-5.220817472006608,-5.109137657675937,3.3741397445220187,-0.686494972037849,1.1833212844937862,False,False,True,False,weakness_up
Jake Rogers__2023_2024,Jake Rogers,Jake Rogers,2023,2024,4889.742818642942,4908.99141142427,19.24859278132772,2.5,97,0.73,-0.3999999999999999,-27,-0.123,49.405984061033486,41.19334107829663,42.83257060201993,56.43973532802388,38.411440278858926,-7.7837502661180835,-1.0368759465062922,-3.141619733693581,8.786362090437983,3.4151574137849394,False,False,True,True,decliner
Yainer Diaz__2023_2024,Yainer Diaz,Yainer Diaz,2023,2024,4052.103709895351,3894.116917642288,-157.9867922530634,2.4,127,0.846,0.6000000000000001,-11,-0.0799999999999999,52.150143061067176,53.42661863235143,25.33879107423983,46.91839313068877,32.224568855747805,-5.888781639274093,5.8938165094315735,0.0742346828250752,-5.584514889664,0.7322326108554051,False,False,True,False,weakness_up
Luke Raley__2023_2024,Luke Raley,Luke Raley,2023,2024,4602.147876288147,4307.75456716655,-294.3933091215968,2.4,129,0.824,-0.1,0,-0.0409999999999999,52.82880643032607,38.252953815058895,36.115487454351616,42.63377530949098,49.609466398605015,-0.0066066394990116,2.314932840334862,-0.0589596172526043,-3.4163180721706468,-5.723873593400136,False,False,True,False,weakness_up
Orlando Arcia__2023_2024,Orlando Arcia,Orlando Arcia,2023,2024,4747.067852164684,4175.690340622497,-571.3775115421868,2.4,100,0.741,-1.6,-28,-0.1159999999999999,42.103070774233686,53.51909822375489,43.23008314716928,49.7599701319323,35.53816551274785,-3.55485644415063,-7.088981291036774,-3.0046417011508098,0.0747557246155921,-0.2477870284718974,False,False,False,False,baseline
Jeff McNeil__2023_2024,Jeff McNeil,Jeff McNeil,2023,2024,4698.654750766167,4154.494190857555,-544.1605599086124,2.4,99,0.711,-1.1,-2,-0.019,31.95526248449721,63.31718384586165,39.55677260404336,47.76325089479281,43.4480659026988,4.319856271372359,-7.384335527642719,-0.621881669968559,-3.182352614974512,-8.891269375019377,False,False,True,False,weakness_up
Royce Lewis__2023_2024,Royce Lewis,Royce Lewis,2023,2024,5189.302150392703,4395.333266149989,-793.968884242714,2.3,152,0.921,-1.1999999999999995,-46,-0.174,51.53072224105622,54.01263906640822,41.74661703825414,45.15548024050217,41.26200491747124,-4.9786040683462645,-5.728776022074918,-2.3405877700488134,0.1303433683019648,-5.240641510676824,False,False,False,False,baseline
J.D. Martinez__2023_2024,J.D. Martinez,J.D. Martinez,2023,2024,4372.520097836852,4155.714776794213,-216.80532104263875,2.3,133,0.893,-1.6999999999999995,-26,-0.168,61.45442324811211,44.644260136508784,35.03891692233931,39.69942797970815,34.563001150260895,-12.92958805766667,0.2565417978201196,8.27159993018747,-0.2715716762865767,-1.499403344623225,False,False,True,False,weakness_up
Wilmer Flores__2023_2024,Wilmer Flores,Wilmer Flores,2023,2024,4800.466050919455,4263.440208593613,-537.025842325842,2.3,134,0.863,-3.0,-66,-0.268,42.894995977151474,61.43120957469304,47.04768266409879,40.585041777929,31.867471389603097,-10.765584313058303,-5.090440204561865,0.345670956738374,2.37908617262773,0.7465826857843751,False,False,True,False,weakness_up
Ryan Jeffers__2023_2024,Ryan Jeffers,Ryan Jeffers,2023,2024,4659.800584924485,4287.98549568246,-371.8150892420245,2.3,136,0.858,-0.6999999999999997,-30,-0.126,51.52217836163818,48.43588985484996,43.85830976438171,40.56011010582477,36.92862049135634,-6.202361849938711,1.3664925493025564,-5.1685380107375,-0.1905959395570775,1.250515445343865,False,False,True,False,weakness_up
Jake Burger__2023_2024,Jake Burger,Jake Burger,2023,2024,4203.535193208363,4054.305614650864,-149.22957855749974,2.3,121,0.828,-0.8999999999999999,-14,-0.0679999999999999,60.07727298058292,44.5142616880262,31.544485126447885,36.928104786392566,37.07386169448094,-6.275450501703254,2.4604377906268766,0.1908947844852555,0.6014222900970054,-0.7577419980566873,False,False,True,False,weakness_up
Nolan Gorman__2023_2024,Nolan Gorman,Nolan Gorman,2023,2024,4675.805117115453,3809.892527013617,-865.912590101836,2.3,118,0.805,-2.0,-31,-0.134,54.14387740555774,40.52158856856653,44.24822461331896,42.48309113176696,41.045055247592806,-5.889589065693173,-7.569635366301071,-5.952783457262633,-2.331631777012525,-0.0712978786773561,False,False,False,False,baseline
Riley Greene__2023_2024,Riley Greene,Riley Greene,2023,2024,5206.592788178729,5475.076137690618,268.4833495118892,2.3,119,0.796,1.6,15,0.0309999999999999,49.64069405739811,53.17411987892323,42.71171488288366,41.525890072562845,46.77888578459921,4.676906456329817,-2.4146802116320103,6.783945214670865,3.808936250652103,-6.636447700006414,False,False,True,False,weakness_up
Gabriel Moreno__2023_2024,Gabriel Moreno,Gabriel Moreno,2023,2024,4930.499052591787,5763.291603108259,832.7925505164712,2.3,102,0.747,0.2000000000000001,5,-0.013,40.92715678973453,58.36019880823088,44.72663843959704,52.94796097650764,31.973437129381416,0.0907971047555662,0.8152759466761381,10.884673653711085,-1.5337463048738726,6.351663781336256,False,False,True,False,weakness_up
Geraldo Perdomo__2023_2024,Geraldo Perdomo,Geraldo Perdomo,2023,2024,5415.009826797665,5638.927140642077,223.9173138444121,2.3,98,0.712,-0.2999999999999998,4,0.006,28.312048182558883,55.838000665647854,58.34052654323632,47.95201175386191,49.18836496370686,5.494818370514118,6.1284460687820825,-4.20910009532345,-2.6959640423689777,0.8887137385177013,False,False,True,True,decliner
CJ Abrams__2023_2024,CJ Abrams,CJ Abrams,2023,2024,5152.457454980901,4124.282695245829,-1028.1747597350725,2.3,91,0.712,-0.4999999999999998,15,0.035,41.25890140447387,53.32477661734754,33.057901436620654,40.3201400028308,67.90227651262111,2.6732909801428946,-2.357624172587805,1.6658835854677037,-8.94303244965285,-20.43600359887487,False,False,True,False,weakness_up
Alejandro Kirk__2023_2024,Alejandro Kirk,Alejandro Kirk,2023,2024,5226.851379703339,5295.851897326123,69.00051762278417,2.3,95,0.692,0.4000000000000003,-2,-0.0149999999999999,36.39599879899937,62.22080048013993,53.69917101802191,60.59431118983492,21.981739108427547,4.208930466580277,-1.8074284998159769,-5.531049284631017,2.461087970405892,4.416372661293849,False,True,True,False,strength_up
Mitch Garver__2023_2024,Mitch Garver,Mitch Garver,2023,2024,5311.662410917035,3994.450571482146,-1317.211839434889,2.2,142,0.87,-2.6,-53,-0.243,50.50305763294912,54.47035433761101,54.548083229396745,42.349564769110856,33.792952904313225,-8.01991213920411,-16.704699095910073,-0.8574425652153437,-3.9635289035973216,-0.3192511801895321,False,False,False,False,baseline
Jason Heyward__2023_2024,Jason Heyward,Jason Heyward,2023,2024,5072.447302769995,5055.699569639172,-16.74773313082278,2.2,119,0.813,-1.4,-26,-0.1129999999999999,44.42446601390496,56.44094477029232,44.709365630298734,49.39773192658791,36.53330016601757,-0.9457816328110268,-7.063131028708071,-3.409102360893222,-3.606983103235102,14.485116750715685,False,False,True,False,weakness_up
Maikel Garcia__2023_2024,Maikel Garcia,Maikel Garcia,2023,2024,5665.7204530740855,6109.725330754385,444.0048776802996,2.2,85,0.681,-0.9000000000000001,-14,-0.067,39.83608529143994,57.80637147022748,45.88334757215869,56.86524608809644,44.98681422039617,-2.3552192949389905,0.6976255242433993,1.042498972036526,-8.844360375188515,21.17253208248175,False,False,True,True,decliner
Brent Rooker__2023_2024,Brent Rooker,Brent Rooker,2023,2024,4348.289838886218,5008.206056818548,659.9162179323303,2.1,126,0.817,3.0,38,0.1100000000000001,54.96840183309798,39.94085413948625,42.35733374308504,37.66168850717301,39.52930715831402,5.404790446064673,8.373382558984794,-1.3380769308977063,-0.976949019472272,3.006108028949626,False,False,True,False,weakness_up
Bo Naylor__2023_2024,Bo Naylor,Bo Naylor,2023,2024,5320.268126923635,4482.074633835242,-838.1934930883926,2.1,123,0.809,-0.5,-49,-0.195,42.66025197046827,50.68469731086782,49.66934931839051,47.45088848031796,46.07165380699744,-1.687812788485033,-10.160967228721056,-8.792578603562468,9.048101670942948,-7.09476798467049,False,False,False,False,baseline
Bryan Reynolds__2023_2024,Bryan Reynolds,Bryan Reynolds,2023,2024,5121.704956065303,4472.925332257696,-648.7796238076071,2.1,110,0.79,0.1,8,0.001,50.00817967188771,52.490175473049405,42.832528529229855,38.930182729075504,47.55940213980436,-1.6317180136923923,-0.2517798909969855,-2.831016666587125,-8.456715336008703,-2.276980564609893,False,False,False,False,baseline
Spencer Steer__2023_2024,Spencer Steer,Spencer Steer,2023,2024,4595.814366305594,5274.042531840787,678.2281655351926,2.0,118,0.82,-0.3999999999999999,-20,-0.0989999999999999,43.5903175802566,54.84223880440088,48.41018220713663,30.4041182722896,42.533848260728405,-2.173128154782084,-3.792115359842178,1.5943336714847476,9.803376517016716,11.533954537536983,False,False,True,True,decliner
Lourdes Gurriel Jr.__2023_2024,Lourdes Gurriel Jr.,Lourdes Gurriel Jr.,2023,2024,4937.0225371072975,4783.362207073076,-153.66033003422126,2.0,105,0.772,0.1,3,-0.015,46.41138835343507,58.33970182801572,37.96461543562909,46.53229250501663,39.73518015498379,-3.4020862675562142,0.0392971954814456,-2.2030230394070074,-0.7380273215932789,3.3127246882427457,False,False,True,False,weakness_up
J.T. Realmuto__2023_2024,J.T. Realmuto,J.T. Realmuto,2023,2024,4361.340960832975,4331.209282659888,-30.131678173086584,2.0,101,0.762,0.0,6,-0.011,46.82558671459678,49.49954742283351,37.015757180621776,40.54724174452384,40.293706451660256,-0.4047852968688161,3.3955422043248547,0.170454721383841,1.6798407396888209,-5.148590126576082,False,False,True,False,weakness_up
Will Benson__2023_2024,Will Benson,Will Benson,2023,2024,5172.25173074631,3802.09191497792,-1370.1598157683902,1.9,128,0.863,-2.5,-52,-0.2129999999999999,46.8407158543084,45.61041891587626,50.11773255792557,42.089216649058486,48.860073800140455,-0.5907401271509869,-14.839790102494966,-5.082919536684699,-1.6689415883447154,-10.019732019084223,False,False,False,False,baseline
Jorge Soler__2023_2024,Jorge Soler,Jorge Soler,2023,2024,4777.453753021882,4245.473685688831,-531.980067333051,1.9,126,0.853,-0.7999999999999998,-6,-0.0729999999999999,56.403804506778414,50.742184675132656,48.29734842289428,34.66004337017389,33.60137904749632,-5.511707216083131,-2.7094556739164446,1.289244381378822,-1.815291544437109,-4.06855796783951,False,False,False,False,baseline
Kerry Carpenter__2023_2024,Kerry Carpenter,Kerry Carpenter,2023,2024,4446.560415687627,4660.115752868402,213.5553371807746,1.9,121,0.811,0.5,37,0.121,47.485801999380925,51.75444416841948,35.70341714853895,39.66698665184644,41.64091472779916,8.284744480383637,-1.6547940284135336,2.4816757895562134,3.561854584587323,-6.872726306572204,False,False,True,False,weakness_up
Danny Jansen__2023_2024,Danny Jansen,Danny Jansen,2023,2024,4687.300701890147,4573.386622368684,-113.91407952146346,1.9,115,0.786,-1.2999999999999998,-25,-0.128,45.50036388685974,50.01328971648103,42.83553666592067,47.49003441343952,36.614631279193766,-9.480717970124545,-0.0346591209259301,12.610338024352814,-6.684996684157071,-0.3802605914671986,False,False,True,False,weakness_up
Freddy Fermin__2023_2024,Freddy Fermin,Freddy Fermin,2023,2024,4629.976502244455,4576.727308656605,-53.24919358785064,1.9,109,0.781,0.0,-17,-0.0959999999999999,44.42223887298013,53.82641397409632,35.53472659135261,51.53226698015048,37.53350621164498,-8.568847953574732,0.8177890752482995,2.3340852915402124,2.2748031812998804,2.1541205460167347,False,False,True,False,weakness_up
Tommy Pham__2023_2024,Tommy Pham,Tommy Pham,2023,2024,6068.667137653823,4609.243773872951,-1459.4233637808711,1.9,109,0.774,-2.0,-17,-0.0999999999999999,50.83875451053752,55.11459899806214,50.52828756381935,44.27844534981527,51.91311987343675,-8.078479083774774,-0.9008796880271532,-1.9687380957029603,-6.37869394176257,-15.93855691690628,True,False,False,False,elite
Jazz Chisholm Jr.__2023_2024,Jazz Chisholm Jr.,Jazz Chisholm Jr.,2023,2024,5092.858744417587,5685.396427507654,592.5376830900668,1.9,102,0.761,2.1,9,-0.001,49.771567080271154,40.940302703142,41.92266864339637,45.711032959961486,52.78007625851966,-2.7861032957226186,7.653631436358658,1.1789867418091902,2.74889267603173,4.735206873615411,False,False,True,False,weakness_up
Teoscar Hernandez__2023_2024,Teoscar Hernandez,Teoscar Hernandez,2023,2024,3713.668067673055,4522.696378834604,809.028311161549,1.9,107,0.741,1.5,25,0.0989999999999999,50.497843316700894,42.24020940279966,31.973608466904224,44.87233895189852,30.31577915158936,5.8109928581208266,3.291676253073078,7.145564454844404,-11.375766931669006,12.616082903041882,False,False,True,False,weakness_up
Cedric Mullins__2023_2024,Cedric Mullins,Cedric Mullins,2023,2024,5026.514854105118,4974.6615758401,-51.85327826501725,1.9,98,0.721,0.2000000000000001,6,-0.011,41.730584266020855,49.13564932768833,43.56966752582209,45.21500419068214,50.71096873591879,-3.3727797803303616,3.747796152089329,-1.0513380743299976,-2.893432637718405,3.638563005056916,False,False,False,False,baseline
Michael A. Taylor__2023_2024,Michael A. Taylor,Michael A. Taylor,2023,2024,4888.117248898221,4728.02235364073,-160.09489525749086,1.9,93,0.72,-1.5,-43,-0.1769999999999999,49.58648005013345,39.0911099289155,37.83425418941897,50.21014836283024,49.72416704220748,-8.46411391718425,-5.44291417507884,1.69120797847917,4.082034136057445,3.5496402978762944,False,False,True,False,weakness_up
Elly De La Cruz__2023_2024,Elly De La Cruz,Elly De La Cruz,2023,2024,5774.953572428499,6811.676351144321,1036.7227787158226,1.9,85,0.71,4.699999999999999,34,0.099,51.68578086548404,44.0960831856269,40.21259690151348,49.061507091785295,60.73654250794038,2.729189351899116,0.1380208543080883,6.52047731247422,9.43268256046489,2.293191441270615,False,True,True,False,strength_up
Daulton Varsho__2023_2024,Daulton Varsho,Daulton Varsho,2023,2024,5064.781047723281,5406.582333304016,341.8012855807356,1.9,84,0.674,1.3000000000000005,15,0.0259999999999999,41.28407795733058,48.48876141467971,39.94541103887829,55.6257087907863,46.333223179595,-0.4739201212684705,-5.204312041460334,4.39622410513001,4.1494912365675845,3.7074158931745984,False,False,True,False,weakness_up
Anthony Volpe__2023_2024,Anthony Volpe,Anthony Volpe,2023,2024,4965.537694391081,5268.3659438763925,302.828249485312,1.9,83,0.666,1.6,4,-0.009,42.882987792993056,43.35719251262197,41.53167006392292,48.66495325630509,52.00588029496472,-5.9228344042765215,8.15971898872646,-2.3522382784603835,8.93017155263965,-0.1848174679801957,False,False,True,False,weakness_up
Jose Caballero__2023_2024,Jose Caballero,Jose Caballero,2023,2024,4950.640728514291,4275.346299365213,-675.2944291490785,1.9,99,0.663,0.0,-16,-0.033,29.886958409346395,47.74012036610279,46.02408257668631,51.58508632507059,54.16170579075204,3.67518194754621,-4.10120929627967,-11.064866281509095,0.5328815555255062,-5.392748289781792,False,False,True,False,weakness_up
Triston Casas__2023_2024,Triston Casas,Triston Casas,2023,2024,4691.175361590486,4442.723657013913,-248.4517045765733,1.8,131,0.856,-1.2000000000000002,-11,-0.0559999999999999,52.5127318594426,50.68247991576708,52.59128130821485,34.30263546781524,31.49483618188368,-0.2256875584069746,-8.268731419549546,-4.407382967095131,7.719285525142787,0.9154752344878254,False,False,True,False,weakness_up
Mickey Moniak__2023_2024,Mickey Moniak,Mickey Moniak,2023,2024,3655.5866141331167,3600.601016387908,-54.98559774520845,1.8,115,0.802,-1.7,-35,-0.156,47.14450615403655,38.9652451960588,22.94859446514884,46.19177821644704,41.743586136628856,-4.363196060499497,3.56731172023121,6.5378610876398255,-3.495879911837889,-3.849176573399113,False,False,True,False,weakness_up
LaMonte Wade Jr.__2023_2024,LaMonte Wade Jr.,LaMonte Wade Jr.,2023,2024,5304.208257022237,5257.115024313087,-47.09323270915047,1.8,120,0.79,-0.5,-1,-0.029,43.12209732970339,56.65165688085971,60.21470202318604,38.71836450017628,36.27464307770972,0.273855569103425,-2.7585321955705027,-1.108312961643399,2.297808483766701,0.5308076390393879,False,False,True,False,weakness_up
Ryan McMahon__2023_2024,Ryan McMahon,Ryan McMahon,2023,2024,4577.107097760697,4934.873702526284,357.76660476558664,1.8,90,0.753,0.0999999999999998,-2,-0.031,49.472757254808336,43.06286747187866,44.50435640998892,51.9194368575991,32.228766071482234,0.2567624313743124,2.620403630454746,1.273180688793687,1.1658253978128457,2.634695795639246,False,False,True,False,weakness_up
George Springer__2023_2024,George Springer,George Springer,2023,2024,4935.191092949725,4947.293537943085,12.102444993359311,1.8,103,0.732,-0.7,-9,-0.0579999999999999,43.800291507552,55.7652310491274,44.5870644728212,42.028887648380895,41.657720498590535,-1.8336098790289557,-5.765945373308561,2.039462363124521,-2.853400405330298,9.457138103393426,False,False,True,True,decliner
Mauricio Dubon__2023_2024,Mauricio Dubon,Mauricio Dubon,2023,2024,4153.672196769914,3769.797403534215,-383.8747932356992,1.8,97,0.72,-0.7,-11,-0.0629999999999999,35.16858979873486,60.595416253179536,27.704377115806984,46.51165028667937,44.52079118110126,-3.034099428283476,-2.2552032285912844,-0.7028004843083302,5.548637142617928,-8.035410268384787,False,False,False,False,baseline
Luis Rengifo__2023_2024,Luis Rengifo,Luis Rengifo,2023,2024,4452.162858186239,4385.782439077208,-66.38041910903121,1.7,115,0.783,-0.1999999999999999,3,-0.02,42.76884535429001,52.72572295460549,42.90621504060554,37.95582385480348,39.84831298458575,-4.8715676024803045,4.854953133851339,-9.465422192841196,1.8673811626575727,8.833258417566569,False,False,True,True,decliner
Mike Yastrzemski__2023_2024,Mike Yastrzemski,Mike Yastrzemski,2023,2024,5147.597006079168,4835.592279226482,-312.004726852686,1.7,111,0.775,0.0,-5,-0.036,46.59466976514286,49.52338527743005,51.32708259107388,45.572412093040775,39.455431302815335,-0.2101188222653505,-2.2910329156410114,-5.86941268864264,-2.6292691396189127,3.9674502701521774,False,False,True,False,weakness_up
Mark Canha__2023_2024,Mark Canha,Mark Canha,2023,2024,5168.738371342764,4786.363117036083,-382.3752543066803,1.7,111,0.755,-0.8999999999999999,-10,-0.065,38.004697484297,58.29130447414322,50.79167906851677,41.81277996571469,44.722891277656295,-2.284697639239397,-6.4682965533966055,1.108883498247728,-1.0578039075782115,-0.1410827430987495,False,False,False,False,baseline
Mike Tauchman__2023_2024,Mike Tauchman,Mike Tauchman,2023,2024,5305.879631689052,5128.532290261249,-177.34734142780326,1.7,108,0.739,-0.7,2,-0.016,39.12253083003917,54.21852621546844,55.261316287605545,44.06984732290654,43.33513739206065,1.358626989136276,-0.5707519554071894,-1.705583652086588,-2.5959936587904267,-0.3983677562276142,False,False,True,False,weakness_up
Matt Vierling__2023_2024,Matt Vierling,Matt Vierling,2023,2024,4955.108135400195,5280.825718413387,325.71758301319187,1.7,99,0.717,0.5999999999999999,8,0.018,40.95079436323241,57.866152391973415,44.29949215689464,46.08291932461631,39.58996924703669,3.3651449238220863,-1.4019278842184164,1.9670838338729129,-4.28432768327734,7.517391985218111,False,False,True,False,weakness_up
Carlos Correa__2023_2024,Carlos Correa,Carlos Correa,2023,2024,4639.313244363173,6070.87212101254,1431.5588766493663,1.7,94,0.711,2.5,60,0.194,46.85825412532262,50.37526487021546,47.009550750169126,45.84536437311522,30.98411664712046,3.733185897633817,10.785285721370386,4.053619474641671,3.7742369719781914,9.087309306885125,False,False,True,False,weakness_up
Ezequiel Tovar__2023_2024,Ezequiel Tovar,Ezequiel Tovar,2023,2024,4046.815630317348,3864.93242804056,-181.88320227678787,1.7,72,0.695,2.0,22,0.068,40.48736731211252,44.54137523335382,25.04952097331292,60.07442000022781,40.63381389868209,6.118708558327612,-1.6110712796653175,-4.304019641116128,-1.3610034164408518,-2.4813517288105515,False,False,True,False,weakness_up
Trent Grisham__2023_2024,Trent Grisham,Trent Grisham,2023,2024,5276.884096116718,4854.582870918359,-422.30122519835913,1.7,89,0.666,-1.2,4,0.009,43.3814623068082,43.279528206479135,53.52036131288787,47.66619111248654,47.798174194583325,2.7051161126250207,2.759339462758831,0.4190527294111206,-1.8130733577408904,-13.74925514719363,False,False,True,False,weakness_up
Matt Wallner__2023_2024,Matt Wallner,Matt Wallner,2023,2024,4882.038388274683,4790.443657975227,-91.59473029945548,1.6,141,0.877,0.3999999999999999,13,0.017,56.81044099210072,42.12294253688797,44.71111151524566,40.71427868681813,42.75624397260827,2.82358284747437,-2.782542064734116,-2.1279851622739585,1.153128546043,-0.6895230768902962,False,False,True,False,weakness_up
Adam Duvall__2023_2024,Adam Duvall,Adam Duvall,2023,2024,4335.020198778458,3686.37398406403,-648.6462147144275,1.6,117,0.834,-2.6,-58,-0.265,49.68040740565976,42.58139176232058,36.07700890252247,40.50407055891416,44.38994599201335,-8.209612983136843,-2.1156143278759387,0.450054346923423,2.284558634410807,-8.394220726612986,False,False,True,False,weakness_up
Christopher Morel__2023_2024,Christopher Morel,Christopher Morel,2023,2024,4640.998173002037,3621.821922008206,-1019.1762509938312,1.6,120,0.821,-2.6,-39,-0.1869999999999999,57.02954556508168,40.90892804930117,39.62066289998204,36.53342525318647,46.58182114824967,-13.358887065230086,-1.025824441573846,5.828704928277816,-5.079297268321781,-11.540598205324478,False,False,True,False,weakness_up
Ryan O'Hearn__2023_2024,Ryan O'Hearn,Ryan O'Hearn,2023,2024,4677.58602154659,5142.279276862331,464.6932553157412,1.6,118,0.801,0.0,0,-0.04,49.02322456223762,55.43190596302946,34.52819225336181,45.13349212244852,38.73136149920422,-6.2216107672852345,5.755857690074805,14.320158448666804,-5.450735424802232,0.8825824546343384,False,False,True,False,weakness_up
Gary Sanchez__2023_2024,Gary Sanchez,Gary Sanchez,2023,2024,4832.456364716176,4612.44091251704,-220.01545219913623,1.6,110,0.78,-1.2000000000000002,-13,-0.081,54.0578381015314,46.65784914689743,44.37383470896936,47.7257150626665,33.914197288453884,-6.109643711940237,-1.6190698809486506,2.702635898509428,-4.54353230059651,3.2518410706294745,False,False,True,False,weakness_up
Ryan Mountcastle__2023_2024,Ryan Mountcastle,Ryan Mountcastle,2023,2024,4610.096124634304,4091.046238183152,-519.0498864511524,1.6,113,0.779,-0.2000000000000001,-6,-0.046,49.92209220513993,51.55519108121494,34.58713348851892,41.80259095718549,42.43092092309063,-2.9987268080472376,2.0929153318000573,-3.8499681920324527,2.0443053196358747,-8.398944108021553,False,False,True,False,weakness_up
Jonathan India__2023_2024,Jonathan India,Jonathan India,2023,2024,5289.808004071422,5814.2954686315725,524.4874645601503,1.6,100,0.746,1.2999999999999998,9,0.004,42.88913665216644,54.10820223816515,52.44591411959118,39.73321520728626,46.98260812172666,-2.12745626682797,3.67276693120197,6.644299705453975,5.286722995617332,-2.7161655146484875,False,False,True,False,weakness_up
Alex Verdugo__2023_2024,Alex Verdugo,Alex Verdugo,2023,2024,5291.410780053779,4887.389519265851,-404.02126078792753,1.6,100,0.745,-1.0,-15,-0.0979999999999999,41.458405146405255,62.51218538874348,48.51213038424264,44.03847524682131,39.37900460354905,-3.0122696461785665,-3.6415634778849295,-1.0810020607874409,3.970802429139845,-5.314870714991777,False,False,True,False,weakness_up
Andy Ibanez__2023_2024,Andy Ibanez,Andy Ibanez,2023,2024,4566.9808676622215,4046.698991913502,-520.2818757487194,1.6,103,0.744,-0.9000000000000001,-17,-0.0919999999999999,43.0761101788394,55.36695236139777,36.31406862127582,47.468851345883486,38.48514915590982,-5.94401611130526,-10.46319754785396,-0.6483239499348343,1.4324584532420417,2.1607413642871838,False,False,True,False,weakness_up
Brendan Donovan__2023_2024,Brendan Donovan,Brendan Donovan,2023,2024,5455.218031533456,5163.412683343627,-291.8053481898296,1.5,118,0.787,1.7000000000000002,-3,-0.028,41.45612041350535,64.50483748478814,49.26731353730878,40.78318659502968,43.902764961528135,-1.4592464193772727,0.5111273493487403,-0.7675916616406155,5.513073502883557,-10.768964737241705,False,True,True,False,strength_up
Jared Triolo__2023_2024,Jared Triolo,Jared Triolo,2023,2024,4660.691452239466,4457.274737466361,-203.416714773105,1.5,118,0.785,-1.1,-46,-0.174,36.11658195348887,47.89989463206923,46.33255362870919,48.40218998475985,42.70270318466754,0.5894518877875825,-2.429718989620945,-1.7671328726348818,-0.2489476289133989,-1.0818532828359722,False,False,True,False,weakness_up
Carlos Santana__2023_2024,Carlos Santana,Carlos Santana,2023,2024,5235.082391682196,5594.66142771144,359.5790360292449,1.5,101,0.747,1.4,12,0.002,43.36573740070576,53.52908361986955,49.60585969153669,44.15939744945534,43.89291703315181,2.433389341950246,0.4612709761599163,3.1623623214779144,8.941102366262264,-7.073311643168466,False,False,True,False,weakness_up
Jarred Kelenic__2023_2024,Jarred Kelenic,Jarred Kelenic,2023,2024,4660.716750286096,4290.720185281059,-369.9965650050372,1.5,110,0.746,-1.0,-23,-0.0669999999999999,46.92144561902077,45.39152226210104,42.87459089494856,42.58524541833784,43.56469209691512,-1.2218478263627617,-2.95653769992628,-4.501726238095671,-1.3113918686588946,0.9506246712151452,False,False,True,False,weakness_up
Harold Ramirez__2023_2024,Harold Ramirez,Harold Ramirez,2023,2024,3915.87666121258,3462.5877342870763,-453.2889269255038,1.4,127,0.813,-2.0,-55,-0.2089999999999999,43.2868068113061,54.444942075459885,28.59569920177613,37.617448069786846,40.1147834188611,-8.215997089252937,-7.405889365297938,-3.345892078621372,4.31936081460821,3.845014997253074,False,False,True,False,weakness_up
Jesus Sanchez__2023_2024,Jesus Sanchez,Jesus Sanchez,2023,2024,4800.812085745671,4777.904656357976,-22.90742938769472,1.4,108,0.777,0.2000000000000001,-7,-0.046,51.09765903767365,48.52789583774977,41.318253406892495,44.034185793054334,39.856051297844544,2.4060960807844296,-1.0341467376133338,-5.988307673792711,0.9280719585504542,3.2046227812200385,False,False,True,False,weakness_up
Ezequiel Duran__2023_2024,Ezequiel Duran,Ezequiel Duran,2023,2024,3832.756848436048,3711.924226321976,-120.83262211407192,1.4,111,0.768,-1.2,-36,-0.159,47.01744173105617,49.17621397142498,31.335830090670484,41.07839119443663,33.141809746868816,-11.448673178334154,-1.1658648341032816,-0.0764147245720678,6.772270301345344,4.039792419753951,False,False,True,False,weakness_up
Alec Bohm__2023_2024,Alec Bohm,Alec Bohm,2023,2024,4410.913128003219,5146.858453359642,735.9453253564234,1.4,104,0.765,2.0,9,0.014,42.63342607640709,62.233551816588346,39.69844530294579,39.78094004794177,31.21750395878295,2.9323908861260577,1.1828355845273606,2.02633389590828,11.201267420747785,1.5183172109550398,False,True,True,False,strength_up
Connor Joe__2023_2024,Connor Joe,Connor Joe,2023,2024,5054.469398914254,4497.428726361958,-557.0406725522962,1.4,106,0.76,-0.8999999999999999,-13,-0.072,43.204969903034765,52.29994695242559,51.45893993923173,46.1553116360972,36.96436877482984,-6.838284828182502,-4.291598973897912,-0.6174436379420101,-2.640772116651533,1.326078340511124,False,False,True,False,weakness_up
Taylor Ward__2023_2024,Taylor Ward,Taylor Ward,2023,2024,5094.526510338457,5185.0234211641255,90.49691082566824,1.4,108,0.756,1.4,4,-0.008,44.93357132611641,55.631517212799125,47.37335299045584,45.635420446490095,37.72071604730517,2.6414024873280013,-4.763536554120918,2.407049704776149,3.515478241495167,-1.4874985133352538,False,False,True,False,weakness_up
Kyle Farmer__2023_2024,Kyle Farmer,Kyle Farmer,2023,2024,4289.467502888512,4238.170749087278,-51.296753801234445,1.4,99,0.725,-0.8999999999999999,-15,-0.0779999999999999,36.92355838396051,53.28307666688085,37.7975417367924,47.01786806448792,38.859193652884336,0.0092686984679062,-2.6702206527906114,3.5045062375649536,2.341708474822497,-5.087845330057064,False,False,True,False,weakness_up
Kyle Higashioka__2023_2024,Kyle Higashioka,Kyle Higashioka,2023,2024,4337.664101680687,4504.2732347952815,166.60913311459444,1.4,85,0.687,0.2000000000000001,19,0.0519999999999999,45.69549268406538,45.79126602890685,36.563337469399904,52.17120607011751,35.226390019053014,1.1654425941077449,-0.0670396664940469,2.731556297149403,-4.373649708828651,3.3812162883585373,False,False,True,False,weakness_up
Jorge Polanco__2023_2024,Jorge Polanco,Jorge Polanco,2023,2024,4705.719075358045,3968.8474243815376,-736.8716509765077,1.3,116,0.789,-1.0,-23,-0.138,46.44733594919009,50.827798900532514,44.63092716530221,40.096522664407125,40.17522586260452,-4.560097792969614,-6.869771027630954,1.4619744052291992,-4.175674240302882,-3.892921028155911,False,False,True,False,weakness_up
Nick Castellanos__2023_2024,Nick Castellanos,Nick Castellanos,2023,2024,3461.45894097579,3436.579991687238,-24.87894928855212,1.3,108,0.788,-1.1,-4,-0.046,48.073381734602926,44.16487260411332,28.94941340859388,34.94666906204689,34.519361308904564,-2.937170136760443,5.324653436380892,1.753239815605916,-5.680121912455817,0.090618257983948,False,False,True,False,weakness_up
Andrew McCutchen__2023_2024,Andrew McCutchen,Andrew McCutchen,2023,2024,5058.887144113202,4455.788695753244,-603.0984483599586,1.3,115,0.776,-0.8,-9,-0.037,42.10769530599959,51.74318078042877,58.92592049994212,41.00626308423458,36.02674050647275,2.7979949261847,-5.370672070808993,-5.958593033971056,-2.395139687066724,-2.662900556114785,False,False,True,False,weakness_up
Spencer Torkelson__2023_2024,Spencer Torkelson,Spencer Torkelson,2023,2024,4839.56882914684,4118.706496077984,-720.8623330688561,1.3,106,0.758,-1.2,-15,-0.0889999999999999,52.07463878166027,49.62586037429242,45.71037945884772,36.17279714883732,41.60018505383875,-11.400994468096108,-4.408635192839356,-0.8741165959656385,6.027552901411262,-6.574699759167281,False,False,True,False,weakness_up
Eddie Rosario__2023_2024,Eddie Rosario,Eddie Rosario,2023,2024,3899.7166669641015,3793.930168030665,-105.78649893343618,1.3,101,0.755,-3.3,-57,-0.2239999999999999,44.4040832362038,47.37804312670538,29.73141707500084,45.71800176650019,36.940485916085606,-2.7366239087679034,-5.028952485926084,4.337680828814193,-9.81286379942501,8.793686230272563,False,False,True,False,weakness_up
DJ LeMahieu__2023_2024,DJ LeMahieu,DJ LeMahieu,2023,2024,4770.828955903864,4521.474637814656,-249.3543180892084,1.3,100,0.718,-1.8,-47,-0.1909999999999999,42.97331043100757,55.35679704486792,51.47260374999245,44.73693828696831,28.522811039409085,-7.997289153175927,0.1158998569453615,-5.563281398248051,3.682775534790437,5.03376298323473,False,False,True,False,weakness_up
Ty France__2023_2024,Ty France,Ty France,2023,2024,3616.471947011925,3580.8857877295645,-35.58615928236077,1.3,106,0.703,-2.1,-13,-0.0329999999999999,38.66038609279287,55.2095729618235,35.356818475937104,41.192608791810805,25.825824440414028,2.557165835641733,-5.186920108784975,3.875897105414325,-8.722183717719453,4.46532488546071,False,False,True,False,weakness_up
Justin Turner__2023_2024,Justin Turner,Justin Turner,2023,2024,4370.7711365520445,4433.705314192743,62.93417764069818,1.2,116,0.8,0.0,0,-0.063,42.51162214134523,60.29629659954701,45.00598061472848,35.15097763518864,30.03260175377241,-6.683120295462594,-1.279294370540022,5.5028408021126864,4.139397613736144,-0.1617245116513999,False,False,True,False,weakness_up
Vladimir Guerrero Jr.__2023_2024,Vladimir Guerrero Jr.,Vladimir Guerrero Jr.,2023,2024,4408.270417074635,5332.445090844253,924.1746737696184,1.2,117,0.788,4.1,47,0.1519999999999999,51.58645108417677,58.82474083066818,44.917961178157576,30.116687529918977,27.42406756873548,8.738040222513668,7.915432802436648,4.769953237573581,3.4516303818914835,-3.9553653023559967,False,False,True,False,weakness_up
Chris Taylor__2023_2024,Chris Taylor,Chris Taylor,2023,2024,4441.248490986908,3867.337277571201,-573.9112134157072,1.2,103,0.746,-1.7999999999999998,-30,-0.148,42.56611691859899,39.71418346347815,45.00771801202472,41.82028962147217,47.157487172613095,-7.789931212104541,1.2645924638023018,2.195815331612508,-1.5125583265855624,-8.92530176684825,False,False,True,False,weakness_up
Victor Caratini__2023_2024,Victor Caratini,Victor Caratini,2023,2024,4911.382531496487,4758.456512775919,-152.9260187205682,1.2,95,0.711,0.7,18,0.033,44.13770576173705,54.728179421646594,45.06976828780196,50.7316496534326,33.30517053904318,0.4217252079337754,0.1664279167402256,-0.923088937070986,1.5192609301137736,-4.067764674677719,False,False,True,False,weakness_up
Whit Merrifield__2023_2024,Whit Merrifield,Whit Merrifield,2023,2024,4141.951567751326,4842.8741499712905,700.9225822199642,1.2,92,0.7,-0.7,-13,-0.0749999999999999,30.4998516348969,57.07781944211087,36.73257555119375,42.26188894483616,45.63308713604241,-2.308661301388504,-1.9490926828527928,14.026039470468303,1.158161505858445,5.027319512017947,False,False,True,True,decliner
Kyle Isbel__2023_2024,Kyle Isbel,Kyle Isbel,2023,2024,5246.221925692737,5237.213554801123,-9.008370891614504,1.2,76,0.662,0.3,6,-0.008,39.51263690279692,54.1451722166054,39.605104921327495,51.93391531989528,51.30555842686801,-1.143600730847517,-0.6971900495951502,0.45756230951541,-2.772580714986759,4.125646873881422,False,False,True,False,weakness_up
Nicky Lopez__2023_2024,Nicky Lopez,Nicky Lopez,2023,2024,4883.754926567019,4287.23331589428,-596.5216106727385,1.2,78,0.632,-0.2999999999999999,-1,-0.026,29.83705523170861,52.869971223633314,46.58145905670872,53.6823497477857,44.6521477031032,-4.037422013974176,1.948972441317544,-2.071606340215141,-4.1496186912905415,-5.402862587830555,False,False,False,False,baseline
Jake Fraley__2023_2024,Jake Fraley,Jake Fraley,2023,2024,4626.159818808404,4181.390096287057,-444.76972252134783,1.1,107,0.783,-0.1,-11,-0.067,40.02126704088566,52.84354971362802,41.63201541989362,41.77443908309076,44.9224216843474,-7.288279637006589,1.9464004346250332,-6.875879177845114,3.141746254162001,0.5939509976659139,False,False,True,False,weakness_up
Donovan Solano__2023_2024,Donovan Solano,Donovan Solano,2023,2024,4136.560025835613,4053.8911343239824,-82.66889151163014,1.1,114,0.76,-0.3,3,0.0,39.854189881570974,55.79990813271683,42.204683634825976,38.8323178962716,31.5313258356444,-1.196672342684785,-0.4976824906423971,-1.259965332874927,2.1587676704542247,-0.8405488098817102,False,False,True,False,weakness_up
Sal Frelick__2023_2024,Sal Frelick,Sal Frelick,2023,2024,5263.5813654518,5100.117432314299,-163.46393313750104,1.1,93,0.692,0.3999999999999999,-6,-0.0369999999999999,29.7915781393696,57.289915468074994,50.58841281847252,50.42035649073422,48.78657100209384,-3.4294834810652866,4.435878612176687,-3.0159393371271435,0.0639584835477293,0.1399565058680139,False,False,False,False,baseline
Travis Jankowski__2023_2024,Travis Jankowski,Travis Jankowski,2023,2024,5512.705294714262,4392.301906987827,-1120.4033877264346,1.1,99,0.689,-1.3,-49,-0.1809999999999999,29.19908691009647,61.7738733653574,58.30945242505032,45.56222308451157,47.221658303642165,-1.5492939098516416,-12.713596617319446,-15.074544485085523,2.816692863000952,1.015357601234598,False,False,False,False,baseline
Zach Neto__2023_2024,Zach Neto,Zach Neto,2023,2024,4385.337012009022,4659.64757154994,274.3105595409179,1.1,89,0.685,2.4,26,0.0759999999999999,41.39706998258158,45.66031002756749,39.956106648646205,47.249259259947934,40.83107264025263,4.672078108148945,2.9918836354472376,-1.8860747817917056,-4.341752803954847,4.9319536747890425,False,False,True,False,weakness_up
Jake Meyers__2023_2024,Jake Meyers,Jake Meyers,2023,2024,4365.127259766297,4871.49730710241,506.3700473361123,1.1,87,0.678,0.7999999999999998,-2,-0.032,36.34454400808567,44.93076811777137,41.15317924942691,47.916350224009705,44.21494082327609,3.595036566988909,1.8953788408766807,-1.554712623869733,5.059298565633867,3.378721383060153,False,False,True,False,weakness_up
Ramon Laureano__2023_2024,Ramon Laureano,Ramon Laureano,2023,2024,4581.711910634884,4124.578641384081,-457.1332692508031,1.1,90,0.676,-0.2,18,0.0719999999999999,41.27580741494053,44.32823916298951,41.68432678815052,49.09823787341398,43.274485700908656,5.687495066780251,-0.4463727280350298,-7.649891956389318,-6.815119954649447,-2.037388050355851,False,False,True,False,weakness_up
Zach McKinstry__2023_2024,Zach McKinstry,Zach McKinstry,2023,2024,4820.764768212796,5093.317793067292,272.5530248544956,1.1,81,0.654,-0.1,-7,-0.04,35.60714809067901,52.97388888112913,43.154242198872055,49.52187433121244,44.97089107993043,-0.1818414495810358,-1.5888461769933784,-1.0920975291298802,-1.3902030325126162,11.33374452198025,False,False,True,True,decliner
Edmundo Sosa__2023_2024,Edmundo Sosa,Edmundo Sosa,2023,2024,3898.492895135384,4609.630625343867,711.1377302084829,1.0,91,0.719,0.8999999999999999,11,0.015,40.7808163317248,46.64455768112091,25.861649343674507,46.96853312283716,44.16037244106256,4.302023540680175,-1.0063894974880083,3.740490840782332,3.3979635455118213,6.067982607084012,False,False,True,False,weakness_up
Jordan Westburg__2023_2024,Jordan Westburg,Jordan Westburg,2023,2024,4791.771996317417,4711.160998627334,-80.61099769008251,1.0,96,0.715,1.7000000000000002,28,0.077,41.98940256525832,50.91489297464047,40.07236769833643,47.32674607569343,44.80794931807768,8.881217843525263,1.4213588061504794,-4.419871692278534,-5.421471268644851,-2.9340079516493134,False,False,True,False,weakness_up
Tyrone Taylor__2023_2024,Tyrone Taylor,Tyrone Taylor,2023,2024,4775.1867566138535,4552.961501864684,-222.22525474916984,1.0,89,0.713,0.0,8,-0.012,42.31164785042556,49.61877551033167,31.99830565791154,48.37162295917224,53.00733041143989,-2.151695256243265,2.4522524391558065,4.293011692531682,-2.9977569417463457,-6.862302231992722,False,False,True,False,weakness_up
Josh Rojas__2023_2024,Josh Rojas,Josh Rojas,2023,2024,4815.698819192861,4823.65241529766,7.953596104798635,1.0,78,0.641,0.8999999999999999,14,0.0,31.57870488380548,50.61056605368268,43.68116943856479,49.70393058502168,51.01926266575707,5.25388072110335,-1.8242159595704308,4.581212816184845,3.864099767780559,-13.33165502924932,False,False,True,False,weakness_up
Kyle Schwarber__2023_2024,Kyle Schwarber,Kyle Schwarber,2023,2024,4034.884222917776,5301.24844762166,1266.364224703883,0.9,118,0.817,2.4,16,0.034,58.640444604912624,40.0307057036475,60.16456244752341,21.86116020171464,29.986250253983776,2.186516179704718,7.1727696652898345,-1.8421334575316093,15.263205269083135,4.302989534103318,False,False,True,False,weakness_up
Cavan Biggio__2023_2024,Cavan Biggio,Cavan Biggio,2023,2024,4876.281699209826,4158.609922167415,-717.6717770424111,0.9,102,0.71,-0.8,-18,-0.0929999999999999,38.88001545450412,49.42407234549108,53.38250491710939,42.782585184940885,41.764784988416125,-10.12798952198898,-5.533949419110726,-1.655142680958825,-0.1292429346132237,0.3419561234876482,False,False,True,False,weakness_up
Stuart Fairchild__2023_2024,Stuart Fairchild,Stuart Fairchild,2023,2024,4560.209143788914,4401.18880156855,-159.020342220364,0.9,90,0.71,-0.6000000000000001,-11,-0.0559999999999999,37.38861223624048,42.79125559033631,42.685968952291056,47.797302323649774,48.40012914133926,2.6779381775034707,-1.211525922454534,-1.8468134566640444,-2.819920175027676,-0.7248661641513436,False,False,True,False,weakness_up
Harrison Bader__2023_2024,Harrison Bader,Harrison Bader,2023,2024,4798.491382920185,4479.65649935786,-318.83488356232465,0.9,69,0.622,0.2999999999999999,16,0.035,34.75995574535725,50.42238126655145,36.348584174662406,51.00567118528352,54.2340698458371,5.371705138183664,0.5250417274719581,0.2498995432359052,0.4138180264560489,-14.591742060782444,False,False,True,False,weakness_up
Charlie Blackmon__2023_2024,Charlie Blackmon,Charlie Blackmon,2023,2024,4828.24796001546,4385.804713354931,-442.44324666052944,0.8,106,0.803,-0.8,-13,-0.062,37.06276373368401,60.70214623235156,46.981865685682806,41.405232071207664,39.588831212605086,-1.197105726846189,-3.8614400403205664,-3.0792044556902525,-2.6646823311600656,0.462998520137944,False,False,True,False,weakness_up
Masataka Yoshida__2023_2024,Masataka Yoshida,Masataka Yoshida,2023,2024,4566.088552122666,4645.09236438231,79.00381225964338,0.8,111,0.783,0.0999999999999999,5,-0.018,43.64792095828541,62.36922264469887,43.72188263653325,30.933393419928287,37.54943639744926,-3.006131253455564,0.5890396620191396,1.3261998364496534,9.16683214365667,-5.757381517665731,False,True,True,False,strength_up
Michael Conforto__2023_2024,Michael Conforto,Michael Conforto,2023,2024,4706.95261290865,4680.310804999403,-26.64180790924638,0.8,99,0.718,0.5,13,0.041,41.29728667301201,50.4242888897267,48.04727313181896,41.92163885754542,40.603857587888896,9.642611731077947,0.6822766238752749,-2.777437331161764,-2.242984579981417,-6.072906942744325,False,False,True,False,weakness_up
Anthony Rizzo__2023_2024,Anthony Rizzo,Anthony Rizzo,2023,2024,4123.951626240145,4019.053507383588,-104.89811885655672,0.8,99,0.706,-1.0,-14,-0.0689999999999999,40.76766130998509,50.4058924188956,40.0274786333839,48.040756829913086,30.14193086338002,-4.446126819971305,3.8442873369174464,-0.1384154845605891,-4.327975376065517,2.0150923963611405,False,False,True,False,weakness_up
Jake Cronenworth__2023_2024,Jake Cronenworth,Jake Cronenworth,2023,2024,4805.799262807916,5124.380838855092,318.581576047176,0.8,91,0.689,1.3,14,0.025,36.13492404178406,55.88331082556361,43.98075301139736,42.06374412773548,48.32701667062842,5.544257801750668,2.226994505774087,5.2471511397688175,0.0911195681728287,-7.551796843465546,False,False,True,False,weakness_up
Christian Vazquez__2023_2024,Christian Vazquez,Christian Vazquez,2023,2024,3973.670611210017,4103.490957560387,129.82034635036962,0.8,63,0.598,-0.1,-4,-0.023,32.50848972367184,46.92936731258615,37.74745121928098,57.78062186140728,31.877498454038324,4.277539619623774,4.660310703312568,-5.762989484929292,-1.4991004616478776,3.380223204100666,False,False,True,True,decliner
Joc Pederson__2023_2024,Joc Pederson,Joc Pederson,2023,2024,5140.916281238815,5285.436670185227,144.5203889464119,0.7,109,0.764,2.3,43,0.144,51.29770508437517,52.06464534271797,50.46515273428599,38.015612006262295,40.243133777768286,4.56829074317681,2.47377888496667,-0.5759954992815395,1.412244297159276,-4.7725132238712575,False,False,True,False,weakness_up
Austin Slater__2023_2024,Austin Slater,Austin Slater,2023,2024,4696.45092368051,4330.353775753199,-366.0971479273103,0.7,109,0.748,-0.8999999999999999,-33,-0.162,44.98924480799336,48.7846674970093,46.7332313027359,44.28086050130815,37.32765030103109,-11.137458559094547,-3.499194870650193,4.28674501543189,-0.245099250272986,1.3979938582561715,False,False,True,False,weakness_up
Joey Gallo__2023_2024,Joey Gallo,Joey Gallo,2023,2024,4102.475445943307,4037.905893452795,-64.5695524905118,0.7,102,0.741,-0.8999999999999999,-27,-0.128,57.21682582133198,24.57256630811189,47.18205169198352,42.71287222623173,40.49413445783909,-11.42297845187496,6.0362521550527255,0.9059780224939332,3.29944776870488,-3.40342499948747,False,False,True,False,weakness_up
Tyler O'Neill__2023_2024,Tyler O'Neill,Tyler O'Neill,2023,2024,4805.249427562165,4685.336138603111,-119.91328895905372,0.7,97,0.715,1.8,36,0.132,45.27661288774983,48.2587408719826,46.2083318265254,45.07128881949682,39.92853319010356,13.502579929391558,-8.000540429007984,0.9410864365067582,-4.9110385645660415,-2.5836674202579246,False,False,False,False,baseline
Ramon Urias__2023_2024,Ramon Urias,Ramon Urias,2023,2024,4033.0190836088686,4371.798191189458,338.77910758058897,0.7,98,0.703,0.2,16,0.042,38.24131130342094,47.84997053192397,38.90265284117817,37.945634846274274,43.4931747400035,4.995616106495717,3.7964698826356766,3.3175661322856627,0.2992534761243988,-4.646515600968691,False,False,True,False,weakness_up
Travis d'Arnaud__2023_2024,Travis d'Arnaud,Travis d'Arnaud,2023,2024,4280.5892281884,4377.496306733311,96.9070785449112,0.7,84,0.685,1.1,19,0.0539999999999999,44.97447599160299,46.96423011877528,38.64896958941448,47.03315157728173,35.395567099129934,2.7037886683667978,-2.180579989880336,0.2254361836780845,0.7200905496903687,0.9972417504519128,False,False,True,False,weakness_up
Shea Langeliers__2023_2024,Shea Langeliers,Shea Langeliers,2023,2024,3794.504809830036,4123.566329689903,329.0615198598671,0.7,86,0.681,1.3,23,0.0579999999999999,49.051822598221314,38.25014633978387,36.66828319937474,37.86975813152403,38.10482160780116,3.9771626253999486,7.042323254154255,2.2937927196203134,-0.971765475692429,-3.9946603289428353,False,False,True,False,weakness_up
Taylor Walls__2023_2024,Taylor Walls,Taylor Walls,2023,2024,4777.520635633069,4350.960621719841,-426.5600139132284,0.7,84,0.638,-0.8999999999999999,-24,-0.1089999999999999,32.4578638348557,44.312936763837016,52.1426806128357,40.75074526716797,57.001674085362254,-4.350286006110856,-0.9622331757350508,-1.791133247151535,2.402247657602558,-6.824371537040577,False,False,True,False,weakness_up
Javier Baez__2023_2024,Javier Baez,Javier Baez,2023,2024,4166.465524896447,3814.307144746606,-352.1583801498414,0.7,61,0.593,-1.4,-20,-0.0769999999999999,37.60205918792664,42.54434119289268,27.97502039949392,53.70353281534173,48.95068356212611,1.7523174698551074,-0.2967464053820521,2.49131692273582,-8.841038672593818,-4.961318939576572,False,False,True,False,weakness_up
Randal Grichuk__2023_2024,Randal Grichuk,Randal Grichuk,2023,2024,4153.671730963711,5314.72981613009,1161.058085166379,0.6,101,0.779,1.0,38,0.0959999999999999,46.0158474692557,52.09935626049264,36.340778471733415,38.08613001546909,36.385006826928674,5.032343461490385,7.738293601676922,6.563206130539868,2.402960636766842,5.318815879331318,False,False,True,False,weakness_up
Eloy Jimenez__2023_2024,Eloy Jimenez,Eloy Jimenez,2023,2024,4049.684997131839,3981.9273480568254,-67.75764907501252,0.6,106,0.758,-1.5,-28,-0.132,48.23514627971641,50.81557100286037,34.736203182102635,38.51083572504402,34.14826607988248,-4.526251491471328,0.065497219396363,2.29667224962705,2.245312453115972,-1.5176369109015797,False,False,True,False,weakness_up
Garrett Hampson__2023_2024,Garrett Hampson,Garrett Hampson,2023,2024,4338.410334640257,4428.799852891147,90.38951825088952,0.6,100,0.729,-0.0999999999999999,-40,-0.153,33.88145704545034,50.24758503346597,45.2190493069462,39.87103102370934,45.365379676257845,-1.6518191120748045,-2.036203081501114,-4.248563282970814,11.791600416760645,-1.6461042174282454,False,False,True,True,decliner
Ildemaro Vargas__2023_2024,Ildemaro Vargas,Ildemaro Vargas,2023,2024,5135.363789141513,4652.840442607124,-482.523346534389,0.6,81,0.666,-0.6,-9,-0.055,35.33367530395563,63.618286778215335,48.77642564619895,46.63927709457325,38.713309897524624,-3.476191244593622,-1.607738870803864,-3.969273954571712,-1.1377429143028834,-0.0395808683723046,False,False,False,False,baseline
Miguel Rojas__2023_2024,Miguel Rojas,Miguel Rojas,2023,2024,4590.880938209612,5609.816755853149,1018.9358176435362,0.6,67,0.612,2.2,43,0.136,32.47510992179553,58.17408683862824,39.93619903288654,51.301680835188094,40.500714130529495,2.5497780024617143,6.671075304643935,6.767362335957948,4.434703535788174,2.405676610807028,False,False,True,False,weakness_up
Jorge Mateo__2023_2024,Jorge Mateo,Jorge Mateo,2023,2024,4844.603170145228,4672.629321468422,-171.97384867680648,0.6,66,0.607,0.2,21,0.061,38.81020564156679,46.306764009793255,37.08461545231713,44.76911541355117,59.98069124236366,0.8465706797693926,2.699178171765276,-1.855860967641448,-0.4511722395746389,-5.260835860361624,False,False,True,False,weakness_up
Nick Fortes__2023_2024,Nick Fortes,Nick Fortes,2023,2024,4771.482144475429,4142.006045426288,-629.4760990491413,0.6,52,0.562,0.0,6,0.0149999999999999,34.38489909439317,51.98458644124298,41.28640209263352,56.159814241410736,41.765977801096255,-4.323412011840279,5.777337098967301,-4.899571479865642,-1.480524833907353,-7.750038718773418,False,False,False,False,baseline
Robbie Grossman__2023_2024,Robbie Grossman,Robbie Grossman,2023,2024,4854.927960312882,4613.582017079289,-241.34594323359303,0.5,106,0.734,-1.0,-23,-0.118,39.27152556004924,52.17109159419039,57.52054013383327,36.50875778236109,40.37719808126827,-7.129471440298737,-2.108245085019341,1.2626778727398076,2.225345297557197,0.1600060277673023,False,False,True,False,weakness_up
Byron Buxton__2023_2024,Byron Buxton,Byron Buxton,2023,2024,4938.821056341416,5043.007302312906,104.18624597149028,0.5,96,0.731,3.2,44,0.128,52.58918767557447,40.10997389484884,41.7979976386194,41.11847322703846,52.09211406201036,1.7109321210424897,7.628939987767389,-8.782522914410741,5.632537250989131,-3.669054524005112,False,False,True,False,weakness_up
Hunter Renfroe__2023_2024,Hunter Renfroe,Hunter Renfroe,2023,2024,3978.954519462611,4299.203094112494,320.2485746498828,0.5,93,0.713,-0.4,0,-0.024,43.38596521214114,47.16008904894259,38.202664076418166,40.57565781989742,35.368724223185986,-0.5387764088441713,3.096767862650701,7.684913219525676,0.8550537299254444,-3.566628267502697,False,False,True,True,decliner
Gio Urshela__2023_2024,Gio Urshela,Gio Urshela,2023,2024,4009.3169986700377,3976.445153961164,-32.8718447088736,0.5,93,0.703,0.1999999999999999,-13,-0.0559999999999999,33.45645357602825,58.291912952667154,32.39515360047497,44.958945524396746,39.99498408310223,1.749975972487114,-1.208442363638632,0.3829848761722445,4.532987657852189,-6.238544036173522,False,False,True,False,weakness_up
Luis Garcia Jr.__2023_2024,Luis Garcia Jr.,Luis Garcia Jr.,2023,2024,4473.234421510118,5017.860723965614,544.6263024554955,0.5,84,0.688,2.5,26,0.074,38.0778788682892,60.74623931780661,38.347514287178505,42.0422968589006,39.34216566687733,7.143479070436122,-1.005845870637593,-3.825485053909823,7.075895631714673,4.039650075732091,False,False,True,False,weakness_up
Manuel Margot__2023_2024,Manuel Margot,Manuel Margot,2023,2024,4268.722551795172,4420.786961010712,152.06440921553985,0.5,92,0.686,-0.7,-14,-0.06,37.30946141393247,54.72750795515454,38.26408060745975,43.96179348157344,38.86603929510015,-0.7378683838765099,1.1051175300949936,1.658377501201059,-2.883837626249367,4.737360203233486,False,False,True,True,decliner
Michael Massey__2023_2024,Michael Massey,Michael Massey,2023,2024,4408.668167064542,4684.219814817008,275.5516477524661,0.5,74,0.655,1.1,30,0.0879999999999999,40.81448671706315,51.97953845501957,34.641035242067765,47.17445179697416,42.21872753477065,3.138517560270671,6.196223514222488,-1.596587381029785,-0.6193390133014489,0.1287110176036066,False,False,True,False,weakness_up
Isiah Kiner-Falefa__2023_2024,Isiah Kiner-Falefa,Isiah Kiner-Falefa,2023,2024,4739.134791959039,4798.327965631399,59.19317367235999,0.5,81,0.646,1.6,12,0.037,36.95363052526386,55.19160862858767,43.83041848183217,46.57975314439329,41.490366809645565,-3.207790664161749,6.290645613569687,-7.236650500049038,2.624137514796722,6.313619467218281,False,False,True,False,weakness_up
Paul DeJong__2023_2024,Paul DeJong,Paul DeJong,2023,2024,3492.2990296274543,3587.078940904543,94.77991127708856,0.5,66,0.612,1.3,30,0.0909999999999999,36.525227930108265,37.52105564875905,32.847349027888235,53.113928667025455,33.42799119088672,10.667660967711058,-0.1770315838412912,-3.772508317186567,-4.240050525164108,0.6546781085281665,False,False,True,False,weakness_up
Josh Bell__2023_2024,Josh Bell,Josh Bell,2023,2024,4146.090166168704,3853.456879526759,-292.63328664194523,0.4,104,0.744,-0.5,-3,-0.019,47.09530115914709,52.07991860930536,44.9367799096984,37.34610589070765,26.618189134292564,-3.218312324414498,-0.830199118473594,-1.671028617460955,-4.325855307739104,2.106401804647156,False,False,True,False,weakness_up
Andrew Vaughn__2023_2024,Andrew Vaughn,Andrew Vaughn,2023,2024,3862.176016532073,3966.138216475417,103.96219994334388,0.4,103,0.743,-0.5,-6,-0.044,46.30790373191137,53.11148201114006,37.86323394561698,36.35485340264657,27.52023116917919,-1.0216727208072598,-0.2434469044114848,-0.9299094692089014,-2.764378373677729,7.383543343534022,False,False,True,True,decliner
MJ Melendez__2023_2024,MJ Melendez,MJ Melendez,2023,2024,4138.792391982578,4083.537399803939,-55.254992178638986,0.4,93,0.713,-0.6000000000000001,-7,-0.0389999999999999,48.41567560157286,42.34041944852068,44.14577728416856,35.67408902678625,38.1689328483091,-0.5317673303234187,2.3035435399573743,-5.4371783600675485,3.01687193883879,-0.9310474617297402,False,False,True,False,weakness_up
Adam Frazier__2023_2024,Adam Frazier,Adam Frazier,2023,2024,4190.2750003266565,4216.012664062878,25.737663736221293,0.4,92,0.696,-0.9,-27,-0.12,33.60304045269507,56.65756073380199,41.87341984269004,34.861408389265065,44.92482263572308,-3.897616680067753,-4.802739766619091,0.874153042406661,8.056647146939639,0.1608199162937822,False,False,True,True,decliner
Amed Rosario__2023_2024,Amed Rosario,Amed Rosario,2023,2024,3859.5326875723554,3662.043327709781,-197.48935986257493,0.4,87,0.683,-0.2,9,0.003,37.05971208272841,55.17876629100647,31.660753109587684,34.91154838141345,44.727148383911846,-1.0125336171946486,-1.7513780826345382,-4.102118474549556,2.24072164337192,0.0661145236107216,False,False,True,False,weakness_up
Rob Refsnyder__2023_2024,Rob Refsnyder,Rob Refsnyder,2023,2024,4976.45085516642,4569.295229338627,-407.1556258277933,0.4,95,0.682,0.9,37,0.1479999999999999,32.58404135094935,54.79222585154536,55.61804494209413,43.16546560862253,42.66077576958224,15.491512798215666,-3.660907780695638,-10.247116716900948,-3.4022852825073078,-8.202760695739869,False,False,True,False,weakness_up
JJ Bleday__2023_2024,JJ Bleday,JJ Bleday,2023,2024,4629.780404941805,4565.589798124699,-64.19060681710562,0.4,91,0.666,2.8000000000000003,29,0.0959999999999999,39.44203570643385,44.426884932555495,52.70065796466844,42.30612938222232,41.74900681189754,5.630032245995594,7.123048726406907,-3.2958130408868698,-1.4538471185643331,-10.180410246673894,False,False,True,False,weakness_up
Brenton Doyle__2023_2024,Brenton Doyle,Brenton Doyle,2023,2024,4750.268392901218,5667.846860071127,917.5784671699084,0.4,44,0.593,3.2,53,0.171,39.79311629765155,34.09785620296593,33.80324136209363,61.42817489491213,53.383097900104886,7.063282750378875,14.570945770731846,4.831839520667415,-5.361191946595447,0.9498757696911326,False,False,True,False,weakness_up
Connor Wong__2023_2024,Connor Wong,Connor Wong,2023,2024,3708.244787174,3554.00039381715,-154.2443933568502,0.3,79,0.673,0.8,33,0.0849999999999999,42.85267757673464,39.56774544306385,32.65549951155812,38.99453698224122,43.21569438455132,-3.0941007762508197,9.993775484713254,3.774917708986102,-10.90583340211478,-3.7967421317507473,False,False,True,False,weakness_up
Emmanuel Rivera__2023_2024,Emmanuel Rivera,Emmanuel Rivera,2023,2024,4567.937160204369,4355.102573648771,-212.83458655559843,0.3,82,0.672,0.0,4,-0.016,39.89970012966844,53.01422100955009,42.72442700705351,45.84294922162235,38.10424897600217,0.681082334898619,-4.469463252631023,-0.3218628358534943,-1.896988559244221,0.5417898936118135,False,False,True,False,weakness_up
Kevin Pillar__2023_2024,Kevin Pillar,Kevin Pillar,2023,2024,4177.976761820915,4156.783510450218,-21.193251370697,0.3,72,0.664,0.3,17,0.003,42.59830834404498,47.7347736577269,28.98198162359823,48.40138493426223,43.58621821711275,-7.17899473886677,0.9654316565153352,4.597187432581336,-4.0589404030803,5.211339018770985,False,False,True,False,weakness_up
James McCann__2023_2024,James McCann,James McCann,2023,2024,3893.45262976098,3834.2868403356047,-59.16578942537535,0.3,76,0.646,-0.0999999999999999,12,0.021,42.98642785649295,44.72096528898146,31.212759277956344,44.63129959712808,39.675891423364,-1.056675697554731,2.7638547412182533,4.38949607638051,-4.681012476834319,-3.5339718764293337,False,False,True,False,weakness_up
Vinnie Pasquantino__2023_2024,Vinnie Pasquantino,Vinnie Pasquantino,2023,2024,4773.330844301087,5091.24037966479,317.909535363704,0.1,104,0.762,1.4,5,-0.002,42.87737701198663,59.85657783876464,47.063780315143866,40.59094133269123,32.87500164661243,4.452111376833699,3.123429525358958,-3.783128025899913,2.139421349323179,2.106941288067631,False,False,True,False,weakness_up
Trevor Larnach__2023_2024,Trevor Larnach,Trevor Larnach,2023,2024,4513.479681273417,4928.678671603493,415.1989903300764,0.1,97,0.727,1.2999999999999998,22,0.044,48.20230541067912,38.94004149785924,49.23180568969418,40.40030617134803,41.85473035669154,1.3003110708419712,12.10781696513378,-1.1430865635449765,2.480467850680988,-5.909646787798337,False,False,True,False,weakness_up
Dylan Carlson__2023_2024,Dylan Carlson,Dylan Carlson,2023,2024,4604.044955374641,3467.4999363872867,-1136.5450189873543,0.1,84,0.651,-1.2000000000000002,-17,-0.088,37.98124095531527,51.300953041556326,46.76208657565773,42.14954564973608,41.97568340457405,-7.001300160935855,-10.003277241340498,-4.075031140531323,-5.8957544082444,-1.786823057551736,False,False,False,False,baseline
Yasmani Grandal__2023_2024,Yasmani Grandal,Yasmani Grandal,2023,2024,3814.655049884124,5275.056125704326,1460.401075820202,0.1,80,0.647,1.2999999999999998,15,0.0569999999999999,36.15889388482277,49.6893421478761,44.83411709175552,42.58337111606374,26.52011706929086,8.99463413137677,4.363406806695998,4.355557943745325,7.341741389152929,10.688397314825334,False,False,True,False,weakness_up
Jake McCarthy__2023_2024,Jake McCarthy,Jake McCarthy,2023,2024,4466.9370254887735,5100.699731886977,633.7627063982036,0.1,78,0.644,2.9,32,0.1049999999999999,29.940732011171672,53.06408534693437,41.011042529092144,40.39521166708343,56.471700095521975,2.516497332697842,7.781844584692209,-0.7715601224886868,7.828018400308693,-2.3990119249024247,False,False,True,False,weakness_up
Josh Smith__2023_2024,Josh Smith,Josh Smith,2023,2024,4565.705756093719,4580.867811729927,15.162055636207697,0.1,81,0.633,2.8,31,0.0979999999999999,40.16689821680668,48.41051298319049,48.38823090733426,42.434561240613824,39.47874171358841,-2.07733872998238,6.11919398102998,-4.760713172433093,2.430277142181112,-0.6638121604300693,False,False,True,False,weakness_up
Nick Ahmed__2023_2024,Nick Ahmed,Nick Ahmed,2023,2024,4004.6585948365,3758.831703644074,-245.8268911924256,0.1,50,0.56,0.4,9,0.002,31.94932650826594,45.66428707061596,37.33502251897056,50.32329670842794,41.06897915076184,-3.4000947077696573,2.2222995911508434,-4.2763558279584615,2.4541101468137327,-1.6034796766967716,False,False,False,False,baseline
Kevin Newman__2023_2024,Kevin Newman,Kevin Newman,2023,2024,4595.207051904216,4688.619115500116,93.41206359589978,0.0,79,0.675,1.4,10,0.011,32.29719309865976,61.21851595809579,42.92027164639583,41.93853247133447,43.89609528696693,-1.9486511205534496,-1.665110250246336,-4.378786860959551,7.923625042477603,3.9206485341561006,False,False,True,False,weakness_up
Miguel Vargas__2023_2024,Miguel Vargas,Miguel Vargas,2023,2024,4553.887142133011,4217.413849440505,-336.4732926925062,0.0,84,0.672,-1.0,-38,-0.166,37.01389142490746,48.82148791416469,51.77026834965504,39.59110993709619,41.67173658286212,-2.865506145422508,-4.226385259579899,-3.0915418097615586,1.8564841897792448,0.0977207840687413,False,False,True,False,weakness_up
Elias Diaz__2023_2024,Elias Diaz,Elias Diaz,2023,2024,3578.806040777168,3719.962891353112,141.15685057594328,-0.1,82,0.725,0.6,-1,-0.03,40.76912483578058,49.68657695961533,33.16724379108767,34.32355433409242,36.14061963480669,-2.855836887721942,-0.0983751515998179,1.314487267556082,12.511982192486393,-5.250613301572983,False,False,True,False,weakness_up
Dominic Smith__2023_2024,Dominic Smith,Dominic Smith,2023,2024,3965.2778207811934,4399.494850663227,434.2170298820338,-0.1,91,0.692,0.3,3,-0.001,34.56828482063687,56.99477072118771,41.991301087332566,43.1035265069497,27.87639984830089,7.186810288959521,-8.677294230603792,2.717460770471682,1.1345790985696524,8.12945819387934,False,False,True,False,weakness_up
Will Brennan__2023_2024,Will Brennan,Will Brennan,2023,2024,3763.619613968446,4158.637557105974,395.01794313752816,-0.1,80,0.655,0.6,18,0.0419999999999999,30.84003841320684,61.37087988306122,29.29706977896614,43.81298360612352,39.38686392238609,5.77040522595161,-1.64113855407993,5.588302960307424,-2.492471582080789,-0.4627613850577532,False,False,True,False,weakness_up
Santiago Espinal__2023_2024,Santiago Espinal,Santiago Espinal,2023,2024,4357.718293702416,4407.336824418377,49.61853071596033,-0.1,79,0.644,0.1,-3,0.006,31.298316428153534,57.91630664918901,44.84973540410942,41.82109467196979,39.36127691804769,0.5471699395687146,2.399832207445272,-3.1629342028009475,0.2392799551874418,2.309981305427044,False,False,True,False,weakness_up
Jake Cave__2023_2024,Jake Cave,Jake Cave,2023,2024,4306.100488421562,3992.022936359722,-314.0775520618404,-0.1,65,0.62,-0.1999999999999999,10,0.066,38.32692811840704,44.95717166792637,39.61296870115445,45.49840968056464,44.72537413405372,0.4540682648971312,1.806985101949785,-6.676144432643831,-3.389618399008363,0.4492946403831794,False,False,True,False,weakness_up
Brice Turang__2023_2024,Brice Turang,Brice Turang,2023,2024,4614.524838313022,5752.045830116995,1137.5209918039727,-0.1,61,0.585,2.7,27,0.08,29.88164351956049,51.31110713629288,43.27316253104569,45.50511428582448,52.81024040835759,3.1000364764097625,10.031974883236046,1.1679994644857814,4.116245239304199,9.433609347713194,False,False,True,False,weakness_up
Tim Anderson__2023_2024,Tim Anderson,Tim Anderson,2023,2024,3924.2636474418896,3015.56276899206,-908.7008784498298,-0.2,61,0.582,-1.2,-33,-0.1189999999999999,32.143005306969215,50.11299758711528,32.16026787360161,45.319573628745886,46.11917927336987,-3.1575868527847746,-8.410119191595236,-3.0774332984112505,-1.6400844322800625,-9.656406455804031,False,False,False,False,baseline
Joey Meneses__2023_2024,Joey Meneses,Joey Meneses,2023,2024,3785.220719541697,3986.0190651378152,200.798345596118,-0.3,96,0.722,-0.7,-29,-0.129,40.48393693532682,54.9702494426035,38.05654631108944,36.59401845514291,29.19124241374524,-2.4990576159561897,-4.934966413489036,-0.3112082264689775,4.1586133629465465,9.607192697592527,False,False,True,True,decliner
Bryan De La Cruz__2023_2024,Bryan De La Cruz,Bryan De La Cruz,2023,2024,3779.0563112760974,3517.197607032266,-261.8587042438321,-0.3,91,0.715,-0.8,-13,-0.0609999999999999,43.83138721624738,50.482437962093606,36.67909482689999,33.984373498578165,33.877307266640045,0.3524051208197107,-5.355771421782222,-4.92761836734028,3.571413115152083,0.0994227994968,False,False,True,False,weakness_up
Salvador Perez__2023_2024,Salvador Perez,Salvador Perez,2023,2024,2978.082892940013,3674.461800904789,696.3789079647759,-0.3,87,0.714,3.6,30,0.072,46.00347850012511,47.33882369314932,22.444910726305416,34.65039521086346,27.831174933862684,4.42301031276974,5.31562301746159,7.124755315678353,13.48186214784812,-6.608223257205804,False,False,True,False,weakness_up
Jake Bauers__2023_2024,Jake Bauers,Jake Bauers,2023,2024,4123.091733428565,4659.728022682629,536.6362892540637,-0.3,88,0.693,0.4,0,-0.0309999999999999,50.97478661837508,40.057076404944965,44.17364086682751,40.49817100415193,33.56435604632094,-6.697721771100731,-0.0788850070651179,4.37083635655182,1.2852962401697423,13.610137705667311,False,False,True,False,weakness_up
Andrew Benintendi__2023_2024,Andrew Benintendi,Andrew Benintendi,2023,2024,4163.164039372041,4225.262418939929,62.098379567888514,-0.3,88,0.682,0.1999999999999999,5,0.003,31.511645799236057,59.78752444245501,43.95344968405847,30.31054289325268,47.08172486705705,9.562034626774995,-5.57788749660569,0.6459922798148412,4.346876956100541,-11.490043427655856,False,False,True,False,weakness_up
David Peralta__2023_2024,David Peralta,David Peralta,2023,2024,3932.8075250254064,4269.968756943415,337.161231918009,-0.3,80,0.675,0.8,35,0.0749999999999999,40.29393916401138,55.64554172240187,33.11632135960191,43.66068932740426,32.631458341112925,3.015684375468432,-3.640666577056365,7.705561493434935,-5.212870590509645,4.486396260843257,False,False,True,False,weakness_up
Starling Marte__2023_2024,Starling Marte,Starling Marte,2023,2024,4226.503240294001,4799.981529184912,573.4782888909103,-0.3,75,0.625,0.8999999999999999,28,0.0899999999999999,36.78149132882324,50.88757865188361,32.756999827134884,39.15728447076854,53.55230386699547,6.134236408290327,2.6920440104289014,7.061991256648035,-2.5723085919246813,-0.6681597661804659,False,False,True,False,weakness_up
Nick Senzel__2023_2024,Nick Senzel,Nick Senzel,2023,2024,4249.586732247457,4030.296851994657,-219.28988025279975,-0.4,83,0.696,-0.0999999999999999,-10,-0.0819999999999999,39.24569053306392,51.71051726006067,40.90391883685085,34.64959016036583,45.66838397712301,-5.284882345497621,-3.9372516576214593,6.130164646831162,5.59284190306915,-9.103223291547335,False,False,True,False,weakness_up
Seth Brown__2023_2024,Seth Brown,Seth Brown,2023,2024,3866.4070689022337,3702.8295558652217,-163.57751303701207,-0.4,91,0.692,0.0,0,-0.0299999999999999,47.49190334185719,43.152479893964845,38.742938471612106,37.663298608168255,34.64647781070682,-3.636407079593347,1.5099125105599214,-2.713109857027611,-2.326626907058106,2.5507214214102447,False,False,True,False,weakness_up
Jacob Stallings__2023_2024,Jacob Stallings,Jacob Stallings,2023,2024,4072.601698048851,4170.3782010524,97.7765030035489,-0.4,56,0.565,1.3,57,0.2450000000000001,35.72148911472188,46.17930172176676,48.64531455321279,46.59664675818234,29.175406290573825,5.590257539936495,3.5139279210060934,-2.365670391481075,-6.778130220815335,2.557566118587878,False,False,True,False,weakness_up
Keibert Ruiz__2023_2024,Keibert Ruiz,Keibert Ruiz,2023,2024,3422.6534171707426,3738.546349294376,315.8929321236328,-0.5,93,0.717,0.2,-23,-0.0979999999999999,38.42247744916462,63.26387997049507,37.01416332397719,24.937348600408672,23.70795442593152,-5.104494245697012,-2.704611131990248,-5.280368843168649,14.286442133752626,13.20419380572384,False,False,True,False,weakness_up
Tyler Stephenson__2023_2024,Tyler Stephenson,Tyler Stephenson,2023,2024,3899.737724627171,4974.747880004081,1075.01015537691,-0.6,85,0.696,3.7,28,0.086,42.51412711566474,48.31039768818433,46.39102799075157,31.943954673271293,32.5538537983286,5.54680434750356,4.835289574875581,1.4954292495168744,16.465210068275844,-0.9981100968385626,False,False,True,False,weakness_up
Giancarlo Stanton__2023_2024,Giancarlo Stanton,Giancarlo Stanton,2023,2024,4006.282292726536,4185.385322724928,179.10302999839269,-0.6,88,0.695,1.4,29,0.078,56.72833326365619,38.45901802865163,45.91484511343627,38.37463000961618,28.55208551358284,6.923363988436094,4.12228378152394,-5.23578687756428,1.403051688245398,-2.051964063686068,False,False,True,False,weakness_up
Alec Burleson__2023_2024,Alec Burleson,Alec Burleson,2023,2024,4185.252286148512,4157.879621823327,-27.37266432518481,-0.6,89,0.691,1.2999999999999998,17,0.044,40.97199596961659,59.23389306495998,38.80682085037952,36.37174701643562,34.446064773690075,3.0621500833365545,1.3574119159346625,-3.949091325558236,-0.9639154837562884,-0.0900670351096692,False,False,True,False,weakness_up
Rowdy Tellez__2023_2024,Rowdy Tellez,Rowdy Tellez,2023,2024,4539.819761936095,4438.911009487271,-100.90875244882407,-0.7,79,0.667,0.2999999999999999,11,0.0239999999999999,44.74859609736401,50.477506785894114,49.33540163281791,41.00277868096524,32.35964190742426,-0.4529652020515513,2.0398845121072284,-4.749565272162911,-3.010882444208484,3.769420739284527,False,False,True,False,weakness_up
Mitch Haniger__2023_2024,Mitch Haniger,Mitch Haniger,2023,2024,4241.613935113992,3920.729472622544,-320.8844624914477,-0.7,72,0.631,0.1999999999999999,13,-0.011,43.41402065331773,45.35043549227613,40.79411461057158,40.52793297924191,41.07143980883081,0.8363644062891638,-4.445603130457727,5.809466457349281,-2.9103634941305785,-7.169064009347245,False,False,True,False,weakness_up
Mark Vientos__2023_2024,Mark Vientos,Mark Vientos,2023,2024,3758.354011032488,4222.58625985586,464.2322488233722,-0.8,68,0.62,3.7,64,0.2169999999999999,49.746772815416506,39.804839234283975,32.220023045330954,41.98116280772538,35.84758938016868,7.320215498945096,4.5383514893634,5.160266029364003,-0.8647533182021121,-3.7164649213339658,False,False,True,False,weakness_up
Oswaldo Cabrera__2023_2024,Oswaldo Cabrera,Oswaldo Cabrera,2023,2024,4075.762018405343,4619.021697601753,543.2596791964102,-0.8,59,0.574,1.8,30,0.087,32.581483672892546,47.56233226292572,40.38211660829321,43.18503857518331,44.30449269581144,4.317904963871634,7.756989055198197,-0.208259111124299,4.618378386223114,-2.636848959494017,False,False,True,False,weakness_up
Elehuris Montero__2023_2024,Elehuris Montero,Elehuris Montero,2023,2024,3278.1428524670705,3460.4770634741008,182.33421100703023,-0.9,77,0.716,-1.0,-30,-0.145,44.14972359741716,34.48772832422253,29.963838072667265,38.16442188171221,38.8040936832966,-3.3417800774675186,7.775636033175743,5.943207427857537,0.6792946639744599,-5.6582033410888215,False,False,True,True,decliner
Enrique Hernandez__2023_2024,Enrique Hernandez,Enrique Hernandez,2023,2024,3673.263475402323,4667.544869469968,994.2813940676452,-1.1,73,0.646,1.7000000000000002,9,0.008,35.687147448455775,50.607388744749805,41.36550864605152,30.90336724355945,38.24611289164591,6.632785042299524,0.0126057363847564,-0.0154946435242138,15.059363976954586,3.433218659951464,False,False,True,False,weakness_up
Gavin Sheets__2023_2024,Gavin Sheets,Gavin Sheets,2023,2024,3863.467940648135,3768.077783653546,-95.39015699458832,-1.5,62,0.599,0.7,26,0.061,36.505710249433314,49.03235760198223,42.04777589408497,37.41313949664509,36.523556157163625,1.3484822715045013,3.315006650268536,0.6782141638562535,-2.8175025186729528,-5.775521277365883,False,False,True,False,weakness_up
Jurickson Profar__2023_2024,Jurickson Profar,Jurickson Profar,2023,2024,3893.907978367812,5392.939107848334,1499.0311294805224,-1.6,78,0.689,5.9,61,0.15,34.5476322187613,55.21788675451598,47.00052886970396,30.6151314506912,34.47904397678057,12.83404898448709,8.066456578931671,6.956605511329364,7.266565260285411,-0.6568406917516967,False,False,True,False,weakness_up
Aaron Judge__2024_2025,Aaron Judge,Aaron Judge,2024,2025,7523.884194968097,6976.910843651718,-546.9733513163792,11.3,220,1.159,-1.200000000000001,-16,-0.0150000000000001,79.30512385029297,58.027261363921966,64.83423786487175,36.583803758820345,43.88913312136584,-5.293320842577842,-1.9727471872509668,-5.404049395494141,10.756905118475778,-7.808931186711959,True,False,True,False,elite
Bobby Witt Jr.__2024_2025,Bobby Witt Jr.,Bobby Witt Jr.,2024,2025,7349.605185438148,7102.538138942077,-247.06704649607127,10.5,169,0.977,-2.5,-39,-0.125,59.714333863229584,66.73515870389947,41.22875591223333,59.48071084416564,52.57681325078822,-5.602560025033654,-7.485783341373775,-2.7249298683054093,6.413352491856983,5.016311113031669,True,False,False,False,elite
Shohei Ohtani__2024_2025,Shohei Ohtani,Shohei Ohtani,2024,2025,8089.0739181303,6472.891007004686,-1616.1829111256138,9.0,180,1.036,-1.5,-8,-0.022,74.24800440387313,58.75965290589899,47.64311324937849,37.41636028539146,72.23253071238679,-1.899207646765305,-8.81015500039124,4.690766247107113,0.0626867848567229,-22.8576221957552,True,False,True,False,elite
Juan Soto__2024_2025,Juan Soto,Juan Soto,2024,2025,7127.96634201182,7086.963623126988,-41.00271888483167,8.3,181,0.989,-2.500000000000001,-25,-0.0679999999999999,66.42719566471308,63.79005722305922,70.63853246105948,43.713367513859325,28.6751386302668,-4.718660772455031,-4.4256309779488205,-2.3647099412484778,-12.680760455841256,25.97489247345288,True,False,True,True,decliner
Gunnar Henderson__2024_2025,Gunnar Henderson,Gunnar Henderson,2024,2025,6712.637997820901,5838.280678424704,-874.3573193961965,7.9,154,0.893,-3.1000000000000005,-34,-0.1059999999999999,58.84217281975832,57.366305101502114,50.59116472038761,45.14350394566576,53.41622094883303,-10.461063161425926,-1.8005334214840971,-6.307263622791027,-1.9849067161018823,3.577945533493164,True,False,False,False,elite
Francisco Lindor__2024_2025,Francisco Lindor,Francisco Lindor,2024,2025,6820.951706075216,6007.618600159299,-813.3331059159173,7.7,137,0.844,-1.4000000000000004,-8,-0.0329999999999999,53.937377634452886,57.82425966224828,43.473619244548814,59.042843041103865,54.38492873238109,-5.307792087010277,-0.255679027653521,1.2463730429480364,-8.549778594475868,-3.92707797601846,True,False,True,False,elite
Jarren Duran__2024_2025,Jarren Duran,Jarren Duran,2024,2025,6579.822525492442,5545.746450807992,-1034.0760746844498,6.8,131,0.834,-2.9,-20,-0.0599999999999999,50.70451726142248,56.768065351708834,41.31117298636855,54.426883381873225,60.54212637405678,-0.8827013733905886,-7.420188319920015,-0.0386863067464773,-8.119775090025271,-5.867990678237938,True,False,False,False,elite
Elly De La Cruz__2024_2025,Elly De La Cruz,Elly De La Cruz,2024,2025,6811.676351144321,5754.639453054837,-1057.0368980894846,6.6,119,0.809,-2.3,-10,-0.032,54.41497021738316,44.23410403993499,46.7330742139877,58.494189652250185,63.02973394921099,-4.32998580659801,3.706516241485346,-2.5207566425891628,-14.921435132557178,-2.656203108173109,True,False,True,False,elite
Jose Ramirez__2024_2025,Jose Ramirez,Jose Ramirez,2024,2025,6654.544015714191,6965.330076880908,310.78606116671654,6.4,141,0.872,-0.1000000000000005,-8,-0.009,53.135100932567845,63.58066383127981,43.87775504245921,46.731783660928,57.83073927243319,-7.096529704624189,2.183800071388063,5.5420502766728745,3.72661646226512,3.0639142971481164,True,True,True,True,decliner
Ketel Marte__2024_2025,Ketel Marte,Ketel Marte,2024,2025,6818.743742768415,5882.566616167177,-936.1771266012385,6.3,152,0.932,-1.7000000000000002,-7,-0.039,62.8285626338338,61.09936938847248,48.988262848443455,50.65512525141967,44.28705925754269,-7.045558733606541,-0.4007438341752447,2.722910612013976,-5.250962323891635,-9.718033354994404,True,False,False,False,elite
William Contreras__2024_2025,William Contreras,William Contreras,2024,2025,5720.301393671914,5122.307160545583,-597.994233126331,5.5,132,0.831,-1.9,-19,-0.0769999999999999,54.8378783732229,54.25946079281943,49.22791280244065,49.48607258213138,37.83131136317877,-9.288873581681138,0.272009014503574,1.88059062358559,-2.1598124862668517,-4.645137983362375,False,False,False,False,baseline
Matt Chapman__2024_2025,Matt Chapman,Matt Chapman,2024,2025,6749.376548416982,5709.591193117956,-1039.7853552990257,5.5,121,0.79,-1.7999999999999998,-3,-0.02,54.20245112252222,52.412353946796166,47.82497548924748,56.06639688830493,55.90479463632829,-4.627978712553279,-2.4020927278350683,5.954673063776653,-6.015501950339342,-14.285346756254704,True,False,False,False,elite
Cal Raleigh__2024_2025,Cal Raleigh,Cal Raleigh,2024,2025,5078.868684270135,5781.621968421148,702.7532841510138,5.4,118,0.748,3.6999999999999993,43,0.1999999999999999,53.755113572197416,42.80120016573606,41.416761413966206,63.49209484327908,33.92293740104353,9.689049766784793,1.7932315558491396,3.2444644245073064,-4.238165417641355,4.309626473736664,False,False,True,False,weakness_up
Vladimir Guerrero Jr.__2024_2025,Vladimir Guerrero Jr.,Vladimir Guerrero Jr.,2024,2025,5332.445090844253,5902.236253246765,569.7911624025119,5.3,164,0.94,-1.4,-27,-0.0919999999999999,60.32449130669044,66.74017363310483,49.68791441573116,33.56831791181046,23.468702266379484,-6.26412284593885,-3.302013242188629,6.248490990820628,5.742758928629634,11.178331342337462,False,False,True,True,decliner
Jackson Merrill__2024_2025,Jackson Merrill,Jackson Merrill,2024,2025,5498.935193897877,4394.739037600805,-1104.196156297072,5.3,130,0.826,-2.3,-14,-0.0519999999999999,50.38894757007069,61.448404371400606,31.34618148712115,51.24340439449605,48.55803145964499,-3.4758394779843726,-10.363910668100033,-0.1007175183516686,-4.96737514633368,-7.746439158216695,False,False,False,False,baseline
Brent Rooker__2024_2025,Brent Rooker,Brent Rooker,2024,2025,5008.206056818548,4613.76924061408,-394.4368162044675,5.1,164,0.927,-2.7,-42,-0.1130000000000001,60.37319227916265,48.31423669847104,41.019256812187336,36.68473948770074,42.535415187263645,-9.007090802603848,1.307689948122139,1.800446775214155,-1.5660116796437862,-1.7773592399693072,False,False,True,False,weakness_up
Bryce Harper__2024_2025,Bryce Harper,Bryce Harper,2024,2025,5248.212186596111,5025.776604076567,-222.43558251954343,5.1,144,0.898,-1.5999999999999996,-13,-0.054,54.86961972018653,53.78975799519754,43.6491405336425,47.44432777006666,35.834697082082,-2.014323578535389,-4.376856028076418,-1.8698469530280728,-5.027200867307364,7.414976425346829,False,False,True,False,weakness_up
Willy Adames__2024_2025,Willy Adames,Willy Adames,2024,2025,5226.306045886326,5037.055105224954,-189.2509406613717,4.8,120,0.794,-0.7000000000000002,-12,-0.054,49.1416129853537,48.394286911468186,44.89220640707948,46.69966352356976,45.3184300984434,-2.873971860657946,-4.230332623856782,1.9308585487995344,4.097431592578111,-3.049557633951437,False,False,True,False,weakness_up
Marcell Ozuna__2024_2025,Marcell Ozuna,Marcell Ozuna,2024,2025,4977.010648339799,4832.762942568357,-144.24770577144227,4.7,154,0.925,-3.5,-40,-0.169,60.62742384368335,53.95508163699043,47.146313638846976,37.285175762476456,29.55164084693581,-14.413086157830024,-4.561533314870971,11.36617913225308,1.195561336421612,2.7820189373474875,False,False,True,False,weakness_up
Corey Seager__2024_2025,Corey Seager,Corey Seager,2024,2025,5092.998986926576,5726.667183632329,633.668196705753,4.6,142,0.864,-0.5999999999999996,-4,-0.004,56.71583033791175,57.40862638067415,43.7378439436562,49.97001279954518,25.84882799337808,-1.9338093558462857,-3.0493211962359013,6.232185827363615,-1.4129220168710717,12.104860539291163,False,False,True,True,decliner
Mookie Betts__2024_2025,Mookie Betts,Mookie Betts,2024,2025,6522.582053501186,5841.031759989984,-681.5502935112027,4.3,140,0.863,-0.8999999999999999,-36,-0.131,45.246012320675256,66.1589954442929,61.82213793331845,43.37456409635432,44.58860321176362,-6.35706351626947,-3.288279165951977,-6.915431161226202,6.618902605617791,-3.621311705908461,True,False,True,False,elite
Jurickson Profar__2024_2025,Jurickson Profar,Jurickson Profar,2024,2025,5392.939107848334,5138.267969387585,-254.6711384607488,4.3,139,0.839,-3.0,-17,-0.0519999999999999,47.38168120324839,63.28434333344765,53.95713438103333,37.88169671097661,33.82220328502887,-4.783332470825535,-6.749492218223523,-0.5247999411029269,-1.2680740072169954,9.35255382093932,False,False,True,False,weakness_up
Corbin Carroll__2024_2025,Corbin Carroll,Corbin Carroll,2024,2025,6802.131009285599,6819.624230431353,17.493221145753523,4.3,107,0.749,2.2,32,0.134,45.68876968622354,54.39327055629148,52.41065429945401,48.83718268769741,67.79969131378682,12.139078072277805,-1.7324708278218068,-9.694517397720617,2.913633923862264,-5.416809065279395,True,False,False,False,elite
Marcus Semien__2024_2025,Marcus Semien,Marcus Semien,2024,2025,5729.267104299968,5161.522929606379,-567.7441746935892,4.3,101,0.699,-2.2,-12,-0.0299999999999999,41.06542963554541,55.75182349094127,45.72052016966149,60.45093551904027,43.79483728567248,-2.925394449684425,-3.4500184735502586,0.1276791095600131,-9.857722609155417,2.883819007355889,False,False,True,False,weakness_up
Patrick Bailey__2024_2025,Patrick Bailey,Patrick Bailey,2024,2025,6146.296836833029,4948.623763509912,-1197.673073323117,4.3,81,0.637,-1.0999999999999996,-11,-0.035,40.415589139697786,52.06459980118771,44.60859077272923,80.0,40.9395557386508,-4.803471844587392,-9.52211541388219,-6.149423843681667,-2.648189834101373,-3.0467578985064065,True,False,False,False,elite
Kyle Tucker__2024_2025,Kyle Tucker,Kyle Tucker,2024,2025,6931.525767462522,6495.2136729443,-436.3120945182218,4.2,179,0.993,0.2999999999999998,-43,-0.152,53.96267373160229,60.97068883621517,64.4821862263153,46.44960173798663,43.41738508666776,-8.449733337640943,-1.1682396801247847,-4.785839743354273,-2.422723467537722,9.507971392702622,True,False,True,False,elite
Carlos Correa__2024_2025,Carlos Correa,Carlos Correa,2024,2025,6070.87212101254,4736.001972488873,-1334.870148523666,4.2,154,0.905,-1.6,-48,-0.171,50.591440022956434,61.160550591585846,51.0631702248108,49.61960134509341,40.07142595400558,-7.044371077753873,-2.890108742625351,-8.320577908835624,-3.403494872262605,-7.141202216619426,True,False,False,False,elite
Rafael Devers__2024_2025,Rafael Devers,Rafael Devers,2024,2025,5126.066027245912,4672.598853121609,-453.4671741243028,4.2,136,0.871,-0.9000000000000004,-1,-0.02,58.43614166776104,50.43296910175928,44.00711710016834,40.74384091791312,38.51778142216032,-0.6303143868909302,-4.003534040209374,7.578483286399717,-3.3704007676523133,-8.897792674563327,False,False,True,False,weakness_up
Steven Kwan__2024_2025,Steven Kwan,Steven Kwan,2024,2025,6478.242992945958,5974.843995416318,-503.3989975296399,4.2,131,0.793,-1.0,-32,-0.088,34.04216432178934,70.8256133618112,60.80924520602878,52.30518783806298,43.13632357029529,-5.36932672556545,-2.09813939223848,-7.204054740563585,5.496566919135454,0.939170805459483,True,False,True,False,elite
Alex Bregman__2024_2025,Alex Bregman,Alex Bregman,2024,2025,5368.867159042353,5723.6810015812725,354.81384253891974,4.2,117,0.768,-0.7000000000000002,8,0.0529999999999999,44.39485252824852,63.01554235076036,46.79151622533638,53.76510016718063,30.85181774624966,0.3109342456336961,-1.0110382626523844,7.629080697263319,-4.864584540174057,3.64362879200365,False,False,True,True,decliner
Dansby Swanson__2024_2025,Dansby Swanson,Dansby Swanson,2024,2025,5916.414495285924,5181.824721827523,-734.5897734584014,4.2,97,0.701,-0.9000000000000004,2,0.016,43.74243401078347,47.59956995668581,44.41520336399464,60.687045027629615,53.14667531298552,2.960819686250332,-0.3686910681148347,-4.240100471748768,-12.88337881385359,-1.5829638622387208,True,False,True,False,elite
Jazz Chisholm Jr.__2024_2025,Jazz Chisholm Jr.,Jazz Chisholm Jr.,2024,2025,5685.396427507654,5496.695984017952,-188.7004434897026,4.0,111,0.76,0.4000000000000003,15,0.0529999999999999,46.985463784548536,48.59393413950066,43.10165538520556,48.459925635993216,57.51528313213507,4.523534014538278,-4.9365670363098815,2.657856255623585,1.005099589677016,-7.510798834528963,False,False,True,False,weakness_up
Freddie Freeman__2024_2025,Freddie Freeman,Freddie Freeman,2024,2025,5549.1596607214615,4855.160425438931,-693.9992352825302,3.9,136,0.854,0.0,3,0.015,48.06056334561166,60.89945647391608,50.98402693300129,42.18288141318425,38.64046470766409,2.98014238907966,-6.337782435536226,-9.21407127131259,-1.632658754807565,-0.9473267125171744,False,False,False,False,baseline
Riley Greene__2024_2025,Riley Greene,Riley Greene,2024,2025,5475.076137690618,4306.946962727238,-1168.12917496338,3.9,134,0.827,-1.0,-13,-0.0209999999999999,54.317600513727925,50.75943966729122,49.49566009755453,45.33482632321495,40.1424380845928,1.0261026471898873,-5.57337464053149,-13.47792986800406,-4.237296614242801,-4.383037719137612,False,False,False,False,baseline
Trea Turner__2024_2025,Trea Turner,Trea Turner,2024,2025,4846.504626965885,6234.82657783506,1388.3219508691743,3.9,123,0.807,2.8000000000000003,2,0.005,45.56627130711156,55.44547012356011,32.97315037851348,43.94010006226057,49.02817885443824,-2.332801395958114,3.0978875954528604,5.123120219543907,15.640883172754116,10.10980909217733,False,False,True,False,weakness_up
Jackson Chourio__2024_2025,Jackson Chourio,Jackson Chourio,2024,2025,5518.845572983908,4700.276995882187,-818.5685771017206,3.9,118,0.791,-1.0,-7,-0.021,48.3743793421393,54.367888407131936,39.18444829405324,51.88947715215958,47.994026427757625,-1.1808693340820042,-2.0274369269499672,-7.296250607972912,-8.58967425830086,0.2349786811652805,False,False,False,False,baseline
Jose Altuve__2024_2025,Jose Altuve,Jose Altuve,2024,2025,4288.519779674683,4167.0379558332415,-121.48182384144184,3.9,127,0.79,-1.7999999999999998,-14,-0.019,39.57962596625933,59.046907745918254,36.64536920438122,37.93703292222839,40.34444081528712,0.1780490033594404,-2.4185428563670044,2.864497840876126,-0.3513954345775758,-4.282225823812645,False,False,True,False,weakness_up
Eugenio Suarez__2024_2025,Eugenio Suarez,Eugenio Suarez,2024,2025,4944.453258007397,4252.539534712882,-691.913723294515,3.9,115,0.788,-0.1,10,0.0359999999999999,49.84366593536168,48.10830239544234,41.695084908587226,49.358404419286906,39.67694279792284,7.434621593001303,-8.202966648932374,-4.578865613185933,-6.40119485664794,-3.945931711748458,False,False,False,False,baseline
Colton Cowser__2024_2025,Colton Cowser,Colton Cowser,2024,2025,5396.723010061266,4784.991368195285,-611.7316418659811,3.9,119,0.768,-3.2,-36,-0.1129999999999999,52.43155270282488,44.38715831591853,45.95679822495801,54.64904061346877,41.74637419663179,-2.6657120651603705,-7.877272811411203,-2.067978733500965,-9.462636387821142,7.330680103980576,False,False,True,False,weakness_up
Julio Rodriguez__2024_2025,Julio Rodriguez,Julio Rodriguez,2024,2025,4871.973522389351,5429.574074400263,557.600552010912,3.9,116,0.734,1.8000000000000005,10,0.064,48.90216778976441,49.87436044701741,32.13847081353276,49.315848365005415,47.02402308151241,3.831779212501992,1.5875513721998047,0.1484621587328973,0.4753991569290789,5.98773068014394,False,False,True,False,weakness_up
Nico Hoerner__2024_2025,Nico Hoerner,Nico Hoerner,2024,2025,5816.520820352735,5986.863085461181,170.34226510844655,3.8,102,0.708,1.0,7,0.031,32.74849142605584,67.03191232844904,43.62313291024099,53.194289661168575,55.75647172136913,-0.0177210991109859,3.490514656657922,-0.5723732890171931,4.818830920307164,-3.4321291904740647,False,True,False,False,strength_up
Byron Buxton__2024_2025,Byron Buxton,Byron Buxton,2024,2025,5043.007302312906,6004.357746868143,961.3504445552372,3.7,140,0.859,1.2999999999999998,-4,0.019,54.30011979661696,47.73891388261623,33.01547472420866,46.75101047802759,48.42305953800525,5.625791730708279,-1.5750286313389452,4.58749931323306,-3.90392753599788,14.951766772855166,False,False,True,False,weakness_up
Ezequiel Tovar__2024_2025,Ezequiel Tovar,Ezequiel Tovar,2024,2025,3864.93242804056,3924.4992516145808,59.56682357402087,3.7,94,0.763,-2.9000000000000004,-16,-0.069,46.60607587044013,42.9303039536885,20.745501332196792,58.71341658378696,38.15246216987154,-4.052356856803634,3.087424141622556,6.422272476844697,-10.307509622760088,2.8483659869540645,False,False,True,False,weakness_up
Ian Happ__2024_2025,Ian Happ,Ian Happ,2024,2025,5397.580827340204,5153.782806217207,-243.79802112299785,3.6,121,0.782,-0.8000000000000003,-5,-0.02,50.97976168114083,48.45456714028386,50.44138557984824,44.12966425977448,44.26927660375966,-4.653949572077401,4.025607477732251,3.3092845245369844,1.285880624032849,-9.989550032922487,False,False,True,False,weakness_up
Oneil Cruz__2024_2025,Oneil Cruz,Oneil Cruz,2024,2025,5845.451936810709,5941.20614801694,95.75421120623014,3.6,110,0.773,-2.0,-24,-0.0969999999999999,60.31678198648586,45.17124973001326,41.601696767420094,44.31325469388248,55.8659094015438,-1.573723456625217,-6.936676323494893,6.938517156755587,0.574107940921472,4.088834114461974,False,False,True,True,decliner
Brenton Doyle__2024_2025,Brenton Doyle,Brenton Doyle,2024,2025,5667.846860071127,4856.279196160419,-811.5676639107078,3.6,97,0.764,-3.1,-32,-0.1129999999999999,46.856399048030426,48.668801973697775,38.635080882761045,56.066982948316685,54.33297366979602,-3.1906910034582623,-3.228319420477177,-1.8805840122683577,-3.912559489794482,-5.896954377484725,False,False,False,False,baseline
Masyn Winn__2024_2025,Masyn Winn,Masyn Winn,2024,2025,5041.830615623745,5298.308036474967,256.4774208512217,3.6,104,0.73,-0.1,-13,-0.0569999999999999,39.01611509316052,58.97867539628948,41.09530997064915,49.90119720802302,43.04018943090493,-2.8154428035508943,-2.416526509872341,1.1720271287292974,13.19334127453839,-2.385820332758769,False,False,True,True,decliner
Seiya Suzuki__2024_2025,Seiya Suzuki,Seiya Suzuki,2024,2025,5428.417556812005,5295.361120576808,-133.056436235197,3.5,137,0.848,-0.8999999999999999,-14,-0.0439999999999999,53.04543846698709,54.23486739985797,52.45821993901311,39.13410330879262,39.49541952895429,2.155556624462577,-2.7097572373064267,-1.1817504672517387,-0.062976796977324,-0.8195969771072882,False,False,False,False,baseline
Manny Machado__2024_2025,Manny Machado,Manny Machado,2024,2025,5170.756950206424,5064.315272750062,-106.4416774563624,3.5,122,0.797,0.2999999999999998,1,-0.002,53.94658210278776,56.096428409626526,38.63596540013429,43.66553691947203,40.9078383518232,-1.5793665337766996,-1.2356606433366435,2.453661463345682,-2.966365751487721,0.465257252882246,False,False,True,False,weakness_up
Zach Neto__2024_2025,Zach Neto,Zach Neto,2024,2025,4659.64757154994,4790.04404956271,130.39647801276988,3.5,115,0.761,-0.3999999999999999,1,0.032,46.06914809073052,48.65219366301473,38.0700318668545,42.90750645599309,45.76302631504167,5.16749873711575,-1.085749503148243,-0.5581872735638385,-3.3282078410964075,2.3227812995349097,False,False,False,True,decliner
Austin Wells__2024_2025,Austin Wells,Austin Wells,2024,2025,5214.886721577112,4932.979536814555,-281.90718476255734,3.5,107,0.718,-0.5,-13,-0.006,43.3953722035706,49.31456111946245,47.42747218470007,60.5546883846911,34.78274329742452,4.521193357526727,-5.215734746241097,-9.589684260315948,-1.446953702024416,5.913724581027786,False,False,True,False,weakness_up
Anthony Volpe__2024_2025,Anthony Volpe,Anthony Volpe,2024,2025,5268.3659438763925,4498.414904041122,-769.9510398352704,3.5,87,0.657,-2.5,-4,0.006,36.960153388716535,51.51691150134843,39.17943178546253,57.59512480894474,51.82106282698452,6.745203811486,-4.878237481647652,3.3309023213058566,-16.733960148848098,-8.047009978113437,False,False,True,False,weakness_up
Teoscar Hernandez__2024_2025,Teoscar Hernandez,Teoscar Hernandez,2024,2025,4522.696378834604,4026.992446625568,-495.7039322090359,3.4,132,0.84,-2.8,-30,-0.1019999999999999,56.30883617482172,45.531885655872735,39.11917292174863,33.496572020229515,42.93186205463124,-6.654112315007254,0.6077465518174421,-3.899477388078431,1.790801384841366,-3.9691340994639575,False,False,True,False,weakness_up
Alec Bohm__2024_2025,Alec Bohm,Alec Bohm,2024,2025,5146.858453359642,4895.641599991496,-251.21685336814608,3.4,113,0.779,-1.7,-8,-0.038,45.56581696253315,63.416387401115706,41.72477919885407,50.98220746868955,32.73582116973799,-3.3335064516567314,0.0351968739741366,-1.0146774175313809,-6.334795162510389,4.266325528810775,False,True,True,False,strength_up
Kyle Schwarber__2024_2025,Kyle Schwarber,Kyle Schwarber,2024,2025,5301.24844762166,5542.070321439829,240.82187381816948,3.3,134,0.851,1.6000000000000003,18,0.077,60.82696078461734,47.20347536893733,58.3224289899918,37.12436547079778,34.289239788087094,7.227544562947159,-1.724244538240285,-2.960682917308972,-2.463346693246031,5.848650783605251,False,True,True,False,strength_up
Fernando Tatis Jr.__2024_2025,Fernando Tatis Jr.,Fernando Tatis Jr.,2024,2025,5635.401752494647,6775.625815827938,1140.2240633332913,3.3,135,0.833,2.8,-4,-0.019,58.7437809655538,54.73215441151409,39.38138469773638,46.69157184669353,44.02170170377728,-7.270066836735836,0.0075978104577671,12.869028959529103,8.203857488885227,9.588650424464774,False,False,True,False,weakness_up
Salvador Perez__2024_2025,Salvador Perez,Salvador Perez,2024,2025,3674.461800904789,3566.7896678482757,-107.67213305651376,3.3,117,0.786,-2.8,-22,-0.057,50.42648881289485,52.65444671061091,29.56966604198377,48.13225735871158,21.22295167665688,0.3930379019135657,-2.423055125282559,-2.7163443583205584,-12.813545682656605,9.5490870260949,False,False,True,False,weakness_up
Isaac Paredes__2024_2025,Isaac Paredes,Isaac Paredes,2024,2025,4678.164186358247,4958.405764165493,280.24157780724545,3.3,116,0.739,-0.8999999999999999,12,0.07,35.42598031004621,55.47946437790784,52.772276035567806,44.62579857414681,32.34942303335673,5.648552315899515,2.246989788710096,0.3938724183342543,-2.6694475270450297,0.8468364746506154,False,False,True,True,decliner
Anthony Santander__2024_2025,Anthony Santander,Anthony Santander,2024,2025,4721.08738409266,3873.6209428478064,-847.4664412448533,3.2,128,0.814,-4.1000000000000005,-67,-0.249,54.09545500651928,53.10152875557083,40.59288063573979,39.83434015768441,34.95167943797264,-15.193345470770453,-10.25228808764681,2.51161526687185,1.5294890722204215,0.5433817089350015,False,False,True,False,weakness_up
JJ Bleday__2024_2025,JJ Bleday,JJ Bleday,2024,2025,4565.589798124699,3931.5330288923856,-634.0567692323134,3.2,120,0.762,-3.3000000000000003,-30,-0.064,45.07206795242944,51.5499336589624,49.40484492378157,40.85228226365799,31.568596565223643,-2.3857299654828097,-10.165248132626424,-2.8535996057995376,-4.363494189237713,4.756562892163998,False,False,True,False,weakness_up
Brendan Donovan__2024_2025,Brendan Donovan,Brendan Donovan,2024,2025,5163.412683343627,5301.653091204681,138.24040786105434,3.2,115,0.759,-0.3000000000000002,4,0.016,39.99687399412808,65.01596483413688,48.499721875668165,46.29626009791324,33.13380022428643,1.3941016585934705,0.6520113750407432,0.1070765726289266,-1.800863126494022,2.683586490675154,False,True,True,True,decliner
Joey Ortiz__2024_2025,Joey Ortiz,Joey Ortiz,2024,2025,5792.985144787493,4891.581482465957,-901.4036623215352,3.2,105,0.726,-1.8000000000000005,-38,-0.133,40.93137229541323,56.07795312003306,53.34136835992468,55.75971360815816,40.5548070931988,-9.382316281560191,0.835090700108502,-14.642012488963417,0.2206108985576449,6.539926388560396,False,False,True,False,weakness_up
Nolan Arenado__2024_2025,Nolan Arenado,Nolan Arenado,2024,2025,4781.579802661516,4538.890216518003,-242.68958614351232,3.2,103,0.719,-2.3000000000000003,-19,-0.0529999999999999,35.43747089920727,60.87912768504177,42.52713698152805,54.66416501048608,33.12007920568916,0.1278341713746726,-3.4974695507001314,-2.4535646066684933,-6.436622576527029,5.928708170354874,False,False,True,False,weakness_up
Daulton Varsho__2024_2025,Daulton Varsho,Daulton Varsho,2024,2025,5406.582333304016,4816.354762915668,-590.2275703883479,3.2,99,0.7,-1.0,24,0.133,40.81015783606211,43.284449373219374,44.3416351440083,59.77520002735388,50.0406390727696,13.230024733716228,0.0502318668175973,-9.18230977956012,-10.311837827909052,-6.33296214952221,False,False,True,False,weakness_up
Lawrence Butler__2024_2025,Lawrence Butler,Lawrence Butler,2024,2025,5597.918314194759,4835.245559827283,-762.672754367476,3.1,130,0.807,-1.1,-34,-0.097,53.21670778343574,51.23563307764879,41.9508097660425,43.71043721380055,52.228331260727714,-6.2678120258420265,-8.395409666584534,1.7672012366472742,0.8654111334692303,-4.861925875528854,False,False,True,False,weakness_up
Christian Walker__2024_2025,Christian Walker,Christian Walker,2024,2025,5292.550020706267,4080.713664539915,-1211.8363561663518,3.1,120,0.803,-2.0,-21,-0.086,53.36333899063143,50.34680075568268,45.815731700898176,52.6602877726088,35.12249505029334,-4.460430282463427,-6.735108780048719,-9.740049128524618,-9.42149839449285,0.860166582658465,False,False,True,False,weakness_up
Tyler Stephenson__2024_2025,Tyler Stephenson,Tyler Stephenson,2024,2025,4974.747880004081,4408.868356249447,-565.8795237546337,3.1,113,0.782,-2.0,-14,-0.045,48.0609314631683,53.14568726305991,47.88645724026844,48.40916474154714,31.55574370149004,-0.2018350517636307,-10.358871509910545,-1.7747134618599034,-4.733767219259178,3.806393040951793,False,False,True,False,weakness_up
Wilyer Abreu__2024_2025,Wilyer Abreu,Wilyer Abreu,2024,2025,5337.268940177051,5083.3505816763945,-253.91835850065672,3.1,116,0.781,-0.7000000000000002,-6,0.005,51.48711074167029,46.972815331263554,42.533975192259554,54.29921521902875,42.51850814971212,-1.9495750607716715,3.358116828347292,-1.5207560369001598,-0.4415440344616712,-4.5716635408061705,False,False,False,False,baseline
Wyatt Langford__2024_2025,Wyatt Langford,Wyatt Langford,2024,2025,5846.481370786134,5954.369646128251,107.88827534211669,3.1,111,0.74,0.9999999999999996,7,0.035,45.32370047685259,54.8017091633923,48.61716247873091,49.08384127649837,50.42257839904044,4.998590568812254,-6.132871858894781,3.0601760482463973,4.88395652867797,-4.6994035208773965,False,False,False,False,baseline
Christian Yelich__2024_2025,Christian Yelich,Christian Yelich,2024,2025,6386.496522306994,4891.713222331329,-1494.7832999756647,3.0,154,0.909,-0.6000000000000001,-33,-0.1139999999999999,50.88801376454104,60.50234690014736,52.01485249907856,41.2989409668961,54.84828582458027,1.0460971828866974,-11.098492802276644,-6.407779403348606,-4.92053874038357,-11.718718803626253,True,False,False,False,elite
Joc Pederson__2024_2025,Joc Pederson,Joc Pederson,2024,2025,5285.436670185227,4598.11653792039,-687.3201322648365,3.0,152,0.908,-3.8,-76,-0.294,55.86599582755198,54.53842422768464,49.88915723500445,39.42785630342157,35.47062055389703,-11.87430346076782,-8.031756039325288,-1.6142303776950442,1.7542823469646365,4.335196182959642,False,False,True,False,weakness_up
Tyler Fitzgerald__2024_2025,Tyler Fitzgerald,Tyler Fitzgerald,2024,2025,4745.162791064808,3631.361231011673,-1113.8015600531344,3.0,132,0.831,-2.9,-60,-0.2249999999999999,44.09107411333775,45.25045915574894,40.32864076417883,43.85498795369759,49.91782266587424,-12.232868845190282,-5.462605687072461,-3.5905503916454933,0.9444396872414984,-7.373676578606968,False,False,True,False,weakness_up
Yainer Diaz__2024_2025,Yainer Diaz,Yainer Diaz,2024,2025,3894.116917642288,3783.111144006452,-111.0057736358358,3.0,116,0.766,-1.4,-24,-0.065,46.26136142179308,59.320435141783,25.413025757064904,41.33387824102477,32.95680146660321,-1.485362178037683,-5.170444936169574,-1.1559624807063926,3.0400101535058965,2.276860866745281,False,False,True,False,weakness_up
Luis Garcia Jr.__2024_2025,Luis Garcia Jr.,Luis Garcia Jr.,2024,2025,5017.860723965614,4396.100955190752,-621.7597687748621,3.0,110,0.762,-2.3,-19,-0.061,45.22135793872532,59.74039344716902,34.52202923326868,49.11819249061527,43.38181574260942,-0.4300752441403475,-2.656004729035658,-1.9642352911258527,-9.32861879185247,-1.6018808013272905,False,False,False,False,baseline
Jake McCarthy__2024_2025,Jake McCarthy,Jake McCarthy,2024,2025,5100.699731886977,4478.542803582181,-622.1569283047966,3.0,110,0.749,-3.1,-50,-0.158,32.457229343869514,60.84592993162658,40.23948240660346,48.22323006739212,54.07268817061955,2.585260011268346,-9.35721985074666,-2.8839488653328047,-1.8667494433791845,-5.439575514920001,False,False,True,False,weakness_up
Mark Vientos__2024_2025,Mark Vientos,Mark Vientos,2024,2025,4222.58625985586,3935.524344607082,-287.0619152487775,2.9,132,0.837,-2.5,-35,-0.135,57.0669883143616,44.343190723647375,37.38028907469496,41.11640948952327,32.13112445883471,-9.218234524865636,-0.038860752477305,-2.2136282690400577,-3.613717917061109,6.290294102936059,False,False,True,False,weakness_up
Nathaniel Lowe__2024_2025,Nathaniel Lowe,Nathaniel Lowe,2024,2025,5343.353367276645,4218.276304453682,-1125.077062822963,2.9,123,0.762,-3.2,-32,-0.073,43.249933576028674,56.07166427395947,53.33459319739366,47.18078660421313,36.5433915238261,-0.9675792912656008,-7.65054946605138,-6.165103100253376,-9.451448912929372,-2.0523733274464817,False,False,False,False,baseline
Jonathan India__2024_2025,Jonathan India,Jonathan India,2024,2025,5814.2954686315725,4164.413056859936,-1649.8824117716367,2.9,109,0.75,-3.2,-20,-0.0809999999999999,40.76168038533847,57.78096916936712,59.090213825045154,45.01993820290359,44.266442607078176,-4.207349123342873,-3.2239897111205167,-7.185499468706361,-11.375889748546015,-13.138901200209986,False,False,False,False,baseline
Carlos Santana__2024_2025,Carlos Santana,Carlos Santana,2024,2025,5594.66142771144,4802.59550827706,-792.0659194343807,2.9,113,0.749,-2.6,-31,-0.1159999999999999,45.79912674265601,53.99035459602947,52.76822201301461,53.100499815717605,36.819605389983344,-8.357883233041704,-5.349641833876767,-3.933836110689576,-4.500116519965914,4.202602814168955,False,False,True,False,weakness_up
Josh Smith__2024_2025,Josh Smith,Josh Smith,2024,2025,4580.867811729927,4709.702840754461,128.83502902453438,2.9,112,0.731,-1.1,-12,-0.031,38.0895594868243,54.52970696422047,43.62751773490117,44.864838382794936,38.81492955315834,-3.380649304240748,1.4990759298612844,3.72754492121156,-3.8863227113732464,5.653018935329342,False,False,True,True,decliner
Willi Castro__2024_2025,Willi Castro,Willi Castro,2024,2025,4453.920461684523,4012.236871919215,-441.6835897653077,2.9,106,0.717,-2.3,-14,-0.0379999999999999,40.48989355869378,48.01410590121908,38.47169096341261,46.96847922952909,43.08371412601099,-1.5122902675126966,-2.3582236531714926,0.4175831279517581,-7.965331396873864,0.0749612040397806,False,False,True,False,weakness_up
Miguel Rojas__2024_2025,Miguel Rojas,Miguel Rojas,2024,2025,5609.816755853149,5121.356201621468,-488.4605542316804,2.8,110,0.748,-1.1,-10,-0.033,35.02488792425724,64.84516214327218,46.70356136884449,55.73638437097627,42.90639074133652,1.651420919833399,-6.746684103111953,-0.9314084649649176,-5.989520102530555,-0.0628591941671956,False,False,True,False,weakness_up
Taylor Ward__2024_2025,Taylor Ward,Taylor Ward,2024,2025,5185.0234211641255,5258.990413416409,73.96699225228349,2.8,112,0.748,0.1,5,0.044,47.57497381344441,50.867980658678206,49.78040269523199,49.15089868798526,36.23321753396991,3.421330690774532,-1.7356358894473942,3.966868540573877,-6.252208101750973,2.184958823373208,False,False,True,False,weakness_up
Brandon Nimmo__2024_2025,Brandon Nimmo,Brandon Nimmo,2024,2025,5450.720912234849,5241.802605521469,-208.91830671337996,2.8,108,0.727,0.2000000000000001,6,0.033,48.23849238952982,50.336386609696405,50.34053957421561,43.86495097389744,46.601479233143465,0.4382340652753242,3.38751116882608,-7.132661279501804,0.5744215604551997,-1.85535277886202,False,False,True,False,weakness_up
Willson Contreras__2024_2025,Willson Contreras,Willson Contreras,2024,2025,4853.640114580745,4751.601664657182,-102.03844992356336,2.7,141,0.848,0.0999999999999996,-17,-0.0569999999999999,53.22085711425483,45.36127133263122,45.88485831306783,42.65217013030415,39.1579210302256,-2.273940795054024,4.11030446513098,-6.262592714408591,3.495439208769575,-1.2238943393106396,False,False,True,False,weakness_up
Jordan Westburg__2024_2025,Jordan Westburg,Jordan Westburg,2024,2025,4711.160998627334,4505.245210459058,-205.91578816827587,2.7,124,0.792,-0.8000000000000003,-9,-0.022,50.87062040878358,52.33625178079095,35.652496006057895,41.90527480704858,41.87394136642837,-3.2407949605600166,-2.5852811573474312,1.206878200318762,5.125842036237273,-4.50654369698146,False,False,True,False,weakness_up
Adley Rutschman__2024_2025,Adley Rutschman,Adley Rutschman,2024,2025,4992.343658011627,5266.355201605763,274.0115435941361,2.7,103,0.709,-1.5000000000000002,-12,-0.0359999999999999,39.82267210301737,59.09545108453308,47.13753975718585,49.88372857095869,33.53353078479488,0.85631590521281,-2.0960954955177726,6.212441349713572,-2.60767232037184,2.768875526130458,False,False,True,True,decliner
Jeremy Pena__2024_2025,Jeremy Pena,Jeremy Pena,2024,2025,4466.840593549883,5457.989636148873,991.1490425989896,2.7,99,0.701,3.0,36,0.139,39.85265340355777,55.04535144595694,30.74830548984218,43.91559870505517,49.6231370182185,4.863839013063831,1.1903301030006688,5.452832313069749,8.87406679792737,1.8221861516258928,False,False,True,False,weakness_up
Alejandro Kirk__2024_2025,Alejandro Kirk,Alejandro Kirk,2024,2025,5295.851897326123,5988.57443872872,692.7225414025961,2.7,93,0.677,2.0,23,0.0919999999999999,40.60492926557965,60.41337198032395,48.16812173339089,63.05539916024081,26.3981117697214,5.543807432002268,2.4211732771992587,-0.2313978540059835,3.9036030322140647,4.297464879215731,False,True,True,False,strength_up
Jacob Young__2024_2025,Jacob Young,Jacob Young,2024,2025,5346.650888919079,4957.3040719331975,-389.3468169858816,2.7,84,0.648,-1.7000000000000002,-18,-0.065,30.09233863624145,57.50523299079824,42.9975567308914,58.8726188239779,50.68481759970299,0.5136049683392088,-0.0883757377158005,3.6788299933764463,-1.6639581697906252,-12.909394456233358,False,False,True,False,weakness_up
Andres Gimenez__2024_2025,Andres Gimenez,Andres Gimenez,2024,2025,4692.250528477636,4496.505910057564,-195.74461842007256,2.7,83,0.638,-1.7000000000000002,-13,-0.04,32.9172188025053,55.51597827427989,29.84512168346604,60.23170858750351,49.22775903424041,-1.422561208022902,-3.697029307982476,6.981458449992889,-6.645066775246811,-2.8948427700755346,False,False,True,False,weakness_up
Matt Olson__2024_2025,Matt Olson,Matt Olson,2024,2025,4463.478036347033,5371.325767482906,907.8477311358728,2.6,117,0.79,2.1,19,0.0599999999999999,52.84319679255029,49.85657393964397,43.49103742200481,43.938455045513656,27.614048463002696,2.2116214966551557,2.643034651863097,6.481314993891054,4.310188274778582,5.013209748644535,False,False,True,False,weakness_up
Will Smith__2024_2025,Will Smith,Will Smith,2024,2025,4865.213997666645,5649.199387512976,783.9853898463307,2.6,109,0.76,1.4999999999999996,44,0.141,45.55729681323709,54.9224009445403,46.60961141341977,41.65568591818885,37.00818548373172,3.602669598087296,4.250472919710731,12.024835573793233,0.2260343448512713,-3.5551280572573134,False,False,True,False,weakness_up
Pete Crow-Armstrong__2024_2025,Pete Crow-Armstrong,Pete Crow-Armstrong,2024,2025,4880.064622895593,5487.753610699584,607.688987803991,2.6,86,0.67,2.8000000000000003,23,0.0979999999999999,39.80781223973009,44.76090110142598,27.945172403858955,58.65397795245289,56.77966065525436,10.254569666260018,1.399442146679604,-2.546534788362468,3.675494777632636,0.821853284682831,False,False,True,False,weakness_up
Brice Turang__2024_2025,Brice Turang,Brice Turang,2024,2025,5752.045830116995,5512.525187444407,-239.5206426725881,2.6,88,0.665,1.8000000000000005,36,0.129,32.981679995970254,61.34308201952893,44.44116199553147,49.62135952512868,62.24384975607079,12.850342956853616,-3.472648616610833,3.2469530817597274,-6.012536883073892,-16.395104811832837,False,False,True,False,weakness_up
Tyler O'Neill__2024_2025,Tyler O'Neill,Tyler O'Neill,2024,2025,4685.336138603111,4478.694165016423,-206.64197358668844,2.5,133,0.847,-2.8,-42,-0.1629999999999999,58.779192817141386,40.25820044297462,47.14941826303216,40.16025025493078,37.34486576984563,-12.447578267464865,4.632785586837137,-3.0919954923956183,-1.1809570752453382,5.362161307021026,False,False,True,False,weakness_up
Jose Iglesias__2024_2025,Jose Iglesias,Jose Iglesias,2024,2025,4527.303390707388,4050.6671684535854,-476.6362222538023,2.5,136,0.83,-2.7,-63,-0.238,36.11186997707124,65.19512165228691,32.25405557807108,46.8821950009426,42.789942031505525,-6.5397345749634255,-10.299150311044954,9.19300677280586,-4.4911580631927,-3.0113284364836232,False,False,True,False,weakness_up
Gabriel Moreno__2024_2025,Gabriel Moreno,Gabriel Moreno,2024,2025,5763.291603108259,5559.992455069588,-203.2991480386709,2.5,107,0.734,0.2000000000000001,10,0.052,41.0179538944901,59.175474754907015,55.61131209330812,51.414214671633765,38.32510091071767,2.1382037875539908,1.5069352882857103,-7.984792273872152,1.6342667342671646,-0.3142743045788521,False,False,True,False,weakness_up
Otto Lopez__2024_2025,Otto Lopez,Otto Lopez,2024,2025,5249.4128859891325,5299.295257956343,49.88237196721002,2.5,92,0.69,-0.2000000000000001,-6,-0.0179999999999999,37.90349544529978,57.42433136948376,36.84177280979494,56.50543681139022,49.41440463816654,1.4866557519524832,1.3953574724759434,7.378037467559196,-2.2621928410414966,-8.537112133932979,False,False,True,False,weakness_up
Kerry Carpenter__2024_2025,Kerry Carpenter,Kerry Carpenter,2024,2025,4660.115752868402,4326.88590904357,-333.22984382483173,2.4,158,0.932,-0.8999999999999999,-43,-0.144,55.77054647976456,50.09965014000595,38.18509293809517,43.228841236433766,34.76818842122695,-4.868115653096865,0.2602998105840512,-6.683688950140887,-3.390154432804493,5.944188679924366,False,False,True,False,weakness_up
Austin Riley__2024_2025,Austin Riley,Austin Riley,2024,2025,4902.626269573694,4426.038326880423,-476.58794269327154,2.4,116,0.783,-0.7,-13,-0.046,55.2629658579563,50.355254059102855,40.46794452775116,43.37397803634256,37.85643031608098,-4.840125340838085,-3.6159106950409097,-3.448542960746422,1.7738635276051866,-0.7186274232663692,False,False,True,False,weakness_up
Dylan Moore__2024_2025,Dylan Moore,Dylan Moore,2024,2025,5425.378922119544,3929.802468679469,-1495.576453440075,2.4,106,0.687,-2.5,-23,-0.045,40.59283335595125,44.62443287953628,52.72535612591246,45.67586081747862,56.06454013223783,-1.5467318704082371,-6.798233679355143,-11.148061400811692,-5.5001420471199935,-11.329348082184149,False,False,False,False,baseline
Heliot Ramos__2024_2025,Heliot Ramos,Heliot Ramos,2024,2025,4549.9900647902095,4125.767892737016,-424.2221720531934,2.3,120,0.792,-1.1999999999999995,-14,-0.064,52.69956136125288,48.86246324990564,38.503191783770994,39.32296828300642,39.09732104012448,-5.324529099036575,3.2423434394390327,1.809611758852128,-6.207361304950723,-4.65558340922351,False,False,True,False,weakness_up
Luke Raley__2024_2025,Luke Raley,Luke Raley,2024,2025,4307.75456716655,3758.596771795167,-549.1577953713831,2.3,129,0.783,-2.1,-38,-0.152,52.82219979082706,40.56788665539376,36.05652783709901,39.21745723732033,43.88559280520488,-10.33267878970132,-5.353170425601014,2.504690193318808,3.6878854538155537,-4.124606638454402,False,False,True,False,weakness_up
Josh Naylor__2024_2025,Josh Naylor,Josh Naylor,2024,2025,4699.407301054469,5337.375715556756,637.9684145022875,2.3,118,0.776,0.8000000000000003,10,0.0399999999999999,48.7747451495568,54.66906413620319,42.88076635081417,41.85521313590261,33.951178101069274,-1.7898147974375505,5.183982598042817,-4.981262194306929,-0.1998259331683982,17.546689492180192,False,False,True,False,weakness_up
Brandon Marsh__2024_2025,Brandon Marsh,Brandon Marsh,2024,2025,5552.4096766816565,5096.896228281879,-455.5134483997772,2.3,107,0.747,0.1,9,0.038,48.17944470024259,47.10539016844493,48.96026361566684,45.98840469774295,51.49198807995675,-2.462352285345794,6.8502645199109935,-6.420760287320363,-2.059180351212788,-5.893707545050191,False,False,False,False,baseline
Xavier Edwards__2024_2025,Xavier Edwards,Xavier Edwards,2024,2025,5101.583295336688,5185.475315385149,83.89202004846084,2.2,129,0.82,0.2999999999999998,-34,-0.125,30.150006030303743,61.67206951297901,50.33489797968768,36.97091066743605,58.15842241503954,0.3963137391143796,3.153375556911101,-5.245158963571669,10.066858280751395,-8.140422823125249,False,True,True,False,strength_up
Bryan Reynolds__2024_2025,Bryan Reynolds,Bryan Reynolds,2024,2025,4472.925332257696,4359.960945394281,-112.9643868634148,2.2,118,0.791,-1.1,-19,-0.071,48.37646165819532,52.23839558205242,40.00151186264273,30.4734673930668,45.28242157519447,-1.5274099214271928,-4.16915598632513,1.9427586261097929,8.149096732482985,-6.901894002785042,False,False,True,False,weakness_up
Brandon Lowe__2024_2025,Brandon Lowe,Brandon Lowe,2024,2025,4573.66551307992,3863.952434374233,-709.7130787056872,2.2,123,0.783,-0.5000000000000002,-9,0.002,51.00800890045885,44.5899877145017,36.01563411885518,42.67901572755658,44.83628394848918,1.5484902162124214,0.1370662202011416,-1.805682549340908,-9.029978194522812,-8.949257449977473,False,False,True,False,weakness_up
Michael Busch__2024_2025,Michael Busch,Michael Busch,2024,2025,4663.63078307912,5201.355099824425,537.7243167453053,2.2,118,0.775,1.2999999999999998,22,0.0909999999999999,47.07795198907183,46.46011261745024,48.43534547317495,42.68604844769765,36.787477344239015,9.284268724220963,6.049651124033126,-2.752805251693985,-2.113634162576588,1.653473813065176,False,False,True,False,weakness_up
Parker Meadows__2024_2025,Parker Meadows,Parker Meadows,2024,2025,4977.588693027823,4477.961013126828,-499.62767990099474,2.2,110,0.743,-2.0,-35,-0.122,40.76879734048958,47.87485514148951,44.29379433810615,49.29369124784704,46.76452034774573,-5.142638822363516,-2.108847380532417,1.4115229332250436,-4.060409229372539,-1.9064900214171985,False,False,True,False,weakness_up
Ivan Herrera__2024_2025,Ivan Herrera,Ivan Herrera,2024,2025,5613.402593137816,5324.534186658328,-288.86840647948884,2.1,128,0.8,0.6000000000000001,9,0.0369999999999999,43.91531416354196,58.37293996855711,47.4264954209412,44.62228221407628,49.20387835105175,6.278704980077819,-0.5418007601450512,-0.3253928854580294,-4.481227767152532,-8.469783341164522,False,False,True,False,weakness_up
Pete Alonso__2024_2025,Pete Alonso,Pete Alonso,2024,2025,4604.124715366006,4759.540210960976,155.4154955949698,2.1,121,0.788,1.5,20,0.0829999999999999,54.05138732948933,50.49821162811532,48.20549225599348,34.489539872274285,32.25346430252027,6.421696054357518,4.493496090968577,-4.626328061323186,-0.883481793802396,-2.25299108414454,False,False,False,False,baseline
Lourdes Gurriel Jr.__2024_2025,Lourdes Gurriel Jr.,Lourdes Gurriel Jr.,2024,2025,4783.362207073076,4324.974356711832,-458.3878503612441,2.1,108,0.757,-1.4,-13,-0.044,43.00930208587886,58.378999023497165,35.761592396222085,45.79426518342335,43.04790484322653,-2.3425748676747773,-1.9774021685861385,0.2395020967347179,-4.02209925517829,-3.4177870139602438,False,False,True,False,weakness_up
Cody Bellinger__2024_2025,Cody Bellinger,Cody Bellinger,2024,2025,4709.380397634157,5810.342534297015,1100.962136662858,2.1,108,0.751,2.8000000000000003,17,0.0619999999999999,40.27927630454639,56.13638300454163,41.66193763461389,42.08839234443317,43.10069578331173,4.137426544852559,4.570761808286335,2.823734895865087,11.443888056982352,2.2319084958816333,False,False,True,False,weakness_up
Jake Cronenworth__2024_2025,Jake Cronenworth,Jake Cronenworth,2024,2025,5124.380838855092,5030.317889885013,-94.06294897007864,2.1,105,0.714,0.7999999999999998,12,0.03,41.67918184353473,58.1103053313377,49.22790415116618,42.15486369590831,40.77521982716287,-2.9446456787019173,-3.656725847029328,5.0688463374729125,3.4260007324621498,-4.748597553640465,False,False,True,False,weakness_up
Logan O'Hoppe__2024_2025,Logan O'Hoppe,Logan O'Hoppe,2024,2025,3921.0740669904,3465.400761595757,-455.6733053946432,2.1,102,0.712,-2.9000000000000004,-30,-0.0829999999999999,48.48527022427416,43.293325407608805,34.169740692786,47.33401508099817,31.82993073447333,-1.1888273807269627,-3.3650238129952967,-0.2247148263554592,-12.959305970301102,3.394155885311818,False,False,True,False,weakness_up
Cedric Mullins__2024_2025,Cedric Mullins,Cedric Mullins,2024,2025,4974.6615758401,4667.1838044410615,-307.47777139903883,2.1,104,0.71,-0.8,-10,-0.02,38.357804485690494,52.883445479777656,42.51832945149209,42.32157155296373,54.349531740975706,1.526978779735849,-5.794919164781184,2.5980740840821284,-2.163055330673295,-4.3722505852043625,False,False,True,False,weakness_up
Ernie Clement__2024_2025,Ernie Clement,Ernie Clement,2024,2025,4242.786037313153,4604.231784901383,361.4457475882291,2.1,94,0.692,1.1,4,0.019,35.612115105013245,62.69581103390321,26.246251325804288,52.141883177789744,41.883778931398346,-2.396499172102615,0.8409580157568755,7.472621841559871,4.243451974815478,-2.5058437170358445,False,True,True,False,strength_up
Isiah Kiner-Falefa__2024_2025,Isiah Kiner-Falefa,Isiah Kiner-Falefa,2024,2025,4798.327965631399,4142.686310470998,-655.6416551604007,2.1,93,0.683,-1.4,-18,-0.052,33.74583986110211,61.48225424215736,36.59376798178313,49.20389065919001,47.803986276863846,-5.666429007485391,-1.5883941106578805,-1.817321785491501,-3.356726709886857,-2.4525684319530257,False,False,False,False,baseline
Matt Wallner__2024_2025,Matt Wallner,Matt Wallner,2024,2025,4790.443657975227,4323.013815062567,-467.4298429126602,2.0,154,0.894,-0.6000000000000001,-40,-0.118,59.63402383957509,39.34040047215385,42.5831263529717,41.86740723286113,42.06672089571797,-6.7948352788113695,-2.4837880178323246,1.3918289223823166,-0.0278349112701974,-3.1684853524111745,False,False,True,False,weakness_up
J.T. Realmuto__2024_2025,J.T. Realmuto,J.T. Realmuto,2024,2025,4331.209282659888,4498.982043897784,167.7727612378958,2.0,107,0.751,0.1,-13,-0.051,46.420801417727965,52.89508962715836,37.18621190200562,42.22708248421266,35.145116325084174,-4.2430825232102976,-0.2440744049031877,0.4253928717250446,2.0449944208357493,6.438400975628127,False,False,True,False,weakness_up
Shea Langeliers__2024_2025,Shea Langeliers,Shea Langeliers,2024,2025,4123.566329689903,4907.132784762769,783.5664550728661,2.0,109,0.739,1.9,23,0.122,53.02898522362126,45.29246959393812,38.962075918995055,36.8979926558316,34.11016127885833,0.7426154612310114,8.615039772756916,-2.429427354483167,3.897428637144571,7.774287134110047,False,False,True,False,weakness_up
Michael Harris II__2024_2025,Michael Harris II,Michael Harris II,2024,2025,4649.7535505155465,4336.366774064767,-313.3867764507795,2.0,99,0.722,-0.6000000000000001,-16,-0.0439999999999999,48.98565930856671,54.21986018258268,30.271012208199,49.8411725166772,40.19204053707106,-3.197501796631606,-1.7309334388745796,-5.910699968116635,-3.260281085882255,6.385344488698728,False,False,True,False,weakness_up
Randy Arozarena__2024_2025,Randy Arozarena,Randy Arozarena,2024,2025,4437.776047354359,4802.538349493282,364.7623021389236,2.0,114,0.72,0.8999999999999999,6,0.04,45.81261869581455,44.46144122021978,51.31888353466152,36.41240742167087,38.24938978565921,3.8015812804439335,0.8881362063180873,-5.739465293724358,0.7590727758508251,8.856659268734482,False,False,True,False,weakness_up
Geraldo Perdomo__2024_2025,Geraldo Perdomo,Geraldo Perdomo,2024,2025,5638.927140642077,6982.912064801212,1343.9849241591355,2.0,102,0.718,5.1,36,0.133,33.806866553073,61.96644673442994,54.13142644791287,45.25604771149293,50.07707870222456,6.127579392814418,6.525670738473394,8.924053686866685,4.6955302763284905,-0.2270858181005337,False,True,True,False,strength_up
Xander Bogaerts__2024_2025,Xander Bogaerts,Xander Bogaerts,2024,2025,5334.174036789772,5761.640850602612,427.46681381284,2.0,95,0.688,1.2000000000000002,9,0.032,38.86011503453021,59.1495853841076,43.17717325403963,48.92112267623688,48.44563288713964,1.694969400756321,-1.4186607894557284,5.537365773629169,2.739523629418329,-0.2320265862881356,False,False,True,False,weakness_up
Spencer Horwitz__2024_2025,Spencer Horwitz,Spencer Horwitz,2024,2025,4894.748375302484,4852.370886134169,-42.37748916831515,1.9,127,0.79,-0.1999999999999999,-8,-0.003,42.23329265900313,57.42854594705665,49.14311811141253,44.65205811138748,32.81715769333785,-2.809762755478189,0.7283944337268693,-0.4291469441361215,-1.2759614072416952,2.99628944087889,False,False,True,False,weakness_up
Yandy Diaz__2024_2025,Yandy Diaz,Yandy Diaz,2024,2025,5120.0457823218685,5366.849726021826,246.80394369995796,1.9,120,0.755,1.0,15,0.0929999999999999,48.88422495380163,64.68189247482296,48.98165133502281,38.41288146276596,29.27236771307253,3.2125634811073525,0.660740546692935,-0.3667459088443152,-5.267026954137378,7.023194674089513,False,True,True,False,strength_up
Victor Caratini__2024_2025,Victor Caratini,Victor Caratini,2024,2025,4758.456512775919,4440.24556950267,-318.21094327324863,1.9,113,0.744,-1.1,-9,-0.016,44.55943096967083,54.89460733838682,44.14667935073098,52.25091058354637,29.237405864365464,-3.161210032883588,1.5342166662259515,-1.400163548016323,-12.312647602474442,6.196764590017331,False,False,True,False,weakness_up
Edmundo Sosa__2024_2025,Edmundo Sosa,Edmundo Sosa,2024,2025,4609.630625343867,4000.26484489896,-609.3657804449076,1.9,102,0.734,-0.2999999999999998,9,0.043,45.082839872404975,45.6381681836329,29.60214018445684,50.36649666834898,50.228355048146575,-1.5506377969221532,4.839562442521164,-2.074818335249148,-1.2276937389430105,-12.755236116068623,False,False,False,False,baseline
Ryan McMahon__2024_2025,Ryan McMahon,Ryan McMahon,2024,2025,4934.873702526284,4873.745268098875,-61.12843442740814,1.9,88,0.722,0.0,-2,-0.029,49.72951968618265,45.68327110233341,45.77753709878261,53.08526225541195,34.86346186712148,0.2180962105891382,-7.230269510224673,2.045550399789313,-0.7130800950093388,4.08248693581119,False,False,True,False,weakness_up
Francisco Alvarez__2024_2025,Francisco Alvarez,Francisco Alvarez,2024,2025,4499.90308926304,4659.008848335774,159.10575907273414,1.9,101,0.71,-0.0999999999999998,23,0.077,46.01269613442871,46.13521682453833,43.25140968855439,50.186895491034925,32.99476966464472,6.581035842656142,-1.313884975544951,0.8700202203045464,-6.703738991432182,3.893417094875332,False,False,True,True,decliner
Freddy Fermin__2024_2025,Freddy Fermin,Freddy Fermin,2024,2025,4576.727308656605,3986.609261639651,-590.1180470169538,1.9,92,0.685,-0.8999999999999999,-15,-0.049,35.8533909194054,54.64420304934462,37.86881188289282,53.80707016145036,39.68762675766172,-0.8853067568943587,-3.366974628897637,-1.8007742276191294,-3.683779751462709,-5.216989432852337,False,False,False,False,baseline
Jake Meyers__2024_2025,Jake Meyers,Jake Meyers,2024,2025,4871.49730710241,5181.5870060237285,310.0896989213188,1.9,85,0.646,0.3999999999999999,22,0.0809999999999999,39.93958057507458,46.82614695864805,39.59846662555718,52.97564878964357,47.59366220633624,-3.5508861044890665,12.157216093951597,5.444891152322029,-3.1425125535584044,-2.956499219113489,False,False,True,False,weakness_up
Josh Rojas__2024_2025,Josh Rojas,Josh Rojas,2024,2025,4823.65241529766,4062.358861016945,-761.2935542807154,1.9,92,0.641,-3.2,-48,-0.129,36.83258560490883,48.78635009411225,48.26238225474963,53.56803035280224,37.68760763650775,-2.6012398725146824,-1.6170803756914935,-1.8269614149348712,-13.476089010744971,1.0102923389831275,False,False,True,False,weakness_up
Jose Caballero__2024_2025,Jose Caballero,Jose Caballero,2024,2025,4275.346299365213,5406.319093789887,1130.9727944246742,1.9,83,0.63,0.2000000000000001,14,0.056,33.562140356892606,43.63891106982312,34.959216295177214,52.1179678805961,48.768957500970245,2.894027873084525,3.296231627808844,13.574557869794816,-3.7827933653658894,10.602399494831651,False,False,True,False,weakness_up
CJ Abrams__2024_2025,CJ Abrams,CJ Abrams,2024,2025,4124.282695245829,4956.308870332648,832.0261750868194,1.8,106,0.747,1.3,1,0.001,43.93219238461676,50.96715244475973,34.72378502208836,31.377107553177947,47.466272913746245,-0.3065521847329222,1.655395790827484,1.137986286721997,5.903926979138799,13.13378305271467,False,False,True,False,weakness_up
Travis d'Arnaud__2024_2025,Travis d'Arnaud,Travis d'Arnaud,2024,2025,4377.496306733311,3369.027499970924,-1008.468806762387,1.8,103,0.739,-2.1,-39,-0.141,47.67826465996979,44.78365012889495,38.87440577309256,47.7532421269721,36.39280884958185,-8.68519053221334,-7.426656176791354,-4.314881824875037,-4.944721846642274,-1.4587189378249974,False,False,False,False,baseline
Gleyber Torres__2024_2025,Gleyber Torres,Gleyber Torres,2024,2025,4286.68746747177,5389.691718730721,1103.0042512589507,1.8,105,0.709,0.8,8,0.036,39.59209923710675,54.16941282439379,48.81839878766701,39.40515009151062,29.136948449685605,1.6071984282187302,5.365839981990462,10.594209359811444,2.183921458288914,5.568941438073324,False,False,True,False,weakness_up
Paul DeJong__2024_2025,Paul DeJong,Paul DeJong,2024,2025,3587.078940904543,3719.0315327598814,131.9525918553395,1.8,96,0.703,-1.6,-20,-0.0609999999999999,47.19288889781932,37.34402406491776,29.074840710701668,48.87387814186135,34.08266929941489,-6.089232197180621,0.2851289500161726,2.8750927282078926,-4.270017576058265,8.466775059261664,False,False,True,True,decliner
Carson Kelly__2024_2025,Carson Kelly,Carson Kelly,2024,2025,4643.63797897176,5142.602447944054,498.9644689722936,1.8,98,0.687,0.9000000000000001,17,0.0739999999999999,39.246556520313625,52.69196886783809,45.7890972312104,53.03801772103641,30.94732666668625,4.617648369636726,1.484780372457884,3.7246362337782974,-4.193267303797917,5.048174537755308,False,False,True,False,weakness_up
Bryson Stott__2024_2025,Bryson Stott,Bryson Stott,2024,2025,5585.205230536951,5891.845042547757,306.63981201080605,1.8,87,0.671,1.3,13,0.0479999999999999,35.45239608240748,59.14230377820658,47.82038454697822,46.1574567948454,56.52568953793378,1.5506881922268434,0.4019779527940557,3.657542546442329,5.412759977606847,-6.094704061996701,False,False,True,False,weakness_up
Lars Nootbaar__2024_2025,Lars Nootbaar,Lars Nootbaar,2024,2025,6040.121784820687,4852.591228381847,-1187.53055643884,1.7,114,0.758,-0.8999999999999999,-18,-0.0719999999999999,49.72156616456168,57.87722129026252,59.31248161976615,41.97702069862952,42.54777446537371,-5.369226415173337,-5.238267847855248,-6.126572009072625,-1.2229158339898305,-8.440166736290045,True,False,False,False,elite
Mike Yastrzemski__2024_2025,Mike Yastrzemski,Mike Yastrzemski,2024,2025,4835.592279226482,5544.068683780164,708.4764045536822,1.7,106,0.739,0.5999999999999999,0,-0.004,46.38455094287751,47.23235236178904,45.45766990243124,42.94314295342186,43.42288157296751,-3.180588406244788,7.153899883588345,8.83790761677691,4.07965875873699,-1.273605180322754,False,False,True,False,weakness_up
Colt Keith__2024_2025,Colt Keith,Colt Keith,2024,2025,4581.431962883186,4872.518741187674,291.0867783044878,1.7,95,0.689,-0.0999999999999998,14,0.057,38.46091750169716,55.28335914106446,39.69531710763854,45.69919005466051,41.58291092525267,5.061629640717072,-1.1763568345130508,7.199009041043787,-5.596698269436651,-0.0430380572005262,False,False,True,True,decliner
Jose Trevino__2024_2025,Jose Trevino,Jose Trevino,2024,2025,5115.8840440033655,4332.989892462757,-782.8941515406086,1.7,85,0.642,-1.4,-19,-0.019,38.915924768925926,52.15981812126103,47.25054279919935,56.41446410270968,37.74532284208875,-2.8623099484159056,4.102498470963887,-8.148668927988936,-6.812131551009607,-3.3754463699103425,False,False,False,False,baseline
Randal Grichuk__2024_2025,Randal Grichuk,Randal Grichuk,2024,2025,5314.72981613009,4606.269736275913,-708.4600798541769,1.6,139,0.875,-2.0,-57,-0.2009999999999999,51.04819093074608,59.83764986216956,42.90398460227328,40.48909065223593,41.70382270625999,-2.346498485239458,-5.81258040001061,-4.770421895469845,-0.0620395969732072,-2.953932028989172,False,False,False,False,baseline
Ryan O'Hearn__2024_2025,Ryan O'Hearn,Ryan O'Hearn,2024,2025,5142.279276862331,5072.121424000228,-70.15785286210303,1.6,118,0.761,1.4,9,0.042,42.80161379495239,61.18776365310426,48.84835070202861,39.68275669764629,39.61394395383856,0.5369502643374133,-4.0002358002166005,-1.81543476393194,5.921703156395459,-1.9127758974823197,False,False,True,False,weakness_up
Michael Massey__2024_2025,Michael Massey,Michael Massey,2024,2025,4684.219814817008,3801.859168537786,-882.3606462792222,1.6,104,0.743,-2.0,-47,-0.162,43.95300427733382,58.17576196924206,33.04444786103798,46.55511278367271,42.34743855237426,-11.167178430775683,-2.852239695146274,-1.345699657801589,-0.2602179612167532,-4.917094123420881,False,False,False,False,baseline
Kyle Higashioka__2024_2025,Kyle Higashioka,Kyle Higashioka,2024,2025,4504.2732347952815,4480.7267285806265,-23.546506214654983,1.6,104,0.739,-0.6000000000000001,-11,-0.046,46.86093527817312,45.7242263624128,39.29489376654931,47.79755636128886,38.60760630741155,-5.567970183537682,5.235303831253617,1.7243230010987816,-2.3004693612197755,0.1270725234774374,False,False,True,False,weakness_up
Ryan Jeffers__2024_2025,Ryan Jeffers,Ryan Jeffers,2024,2025,4287.98549568246,4851.77802240613,563.7925267236697,1.6,106,0.732,0.5,7,0.02,45.31981651169947,49.80238240415252,38.68977175364421,40.36951416626769,38.179135936700206,-4.744506038828533,6.258094727647482,13.501646600424271,1.830113261909688,-4.353473200936747,False,False,True,False,weakness_up
Jesus Sanchez__2024_2025,Jesus Sanchez,Jesus Sanchez,2024,2025,4777.904656357976,4875.96116061888,98.05650426090416,1.6,101,0.731,-0.6000000000000001,-8,-0.032,53.50375511845808,47.493749100136434,35.329945733099784,44.96225775160479,43.06067407906458,-6.815609306336327,1.3611146454160234,5.716464885335569,0.0227588071179241,1.892991381704036,False,False,True,True,decliner
Spencer Steer__2024_2025,Spencer Steer,Spencer Steer,2024,2025,5274.042531840787,4493.435217721739,-780.6073141190482,1.6,98,0.721,-0.6000000000000001,-1,0.002,41.41718942547452,51.0501234445587,50.004515878621376,40.20749478930632,54.06780279826539,-1.751297435028441,-2.909102194143742,-5.774572056094733,4.05185019175309,-12.924812384819852,False,False,True,False,weakness_up
J.P. Crawford__2024_2025,J.P. Crawford,J.P. Crawford,2024,2025,5275.348864559717,4637.347792808225,-638.0010717514924,1.6,90,0.625,1.1999999999999995,23,0.0969999999999999,38.32127584070609,50.95754018330595,54.28499211344242,46.98770604662869,44.82464969405243,-2.1689252101020315,7.22985751294604,-2.8822808919982137,-9.965487417230335,-7.1838619155934325,False,False,False,False,baseline
Bo Naylor__2024_2025,Bo Naylor,Bo Naylor,2024,2025,4482.074633835242,4555.346676267256,73.27204243201413,1.6,74,0.614,-0.1,11,0.047,40.97243918198324,40.52373008214676,40.87677071482804,56.498990151260905,38.97688582232695,1.7131663674876378,5.179365187266129,4.397450631722393,-7.977967490948579,-2.107174767115147,False,False,True,True,decliner
Luis Rengifo__2024_2025,Luis Rengifo,Luis Rengifo,2024,2025,4385.782439077208,3981.6706211597816,-404.1118179174259,1.5,118,0.763,-1.5,-45,-0.141,37.8972777518097,57.580676088456826,33.44079284776434,39.82320501746105,48.68157140215232,-3.2519628351591336,-3.938380955785348,3.457758134183571,3.3509317339456217,-10.872101193084632,False,False,True,False,weakness_up
Vinnie Pasquantino__2024_2025,Vinnie Pasquantino,Vinnie Pasquantino,2024,2025,5091.24037966479,4605.39943188836,-485.8409477764308,1.5,109,0.76,0.0,7,0.038,47.32948838882033,62.9800073641236,43.28065228924395,42.73036268201441,34.98194293468006,3.1983668485120877,-3.670849636007716,-1.579966757112281,-7.802212870417271,-2.704723847549154,False,False,False,False,baseline
Sal Frelick__2024_2025,Sal Frelick,Sal Frelick,2024,2025,5100.117432314299,5501.017180404726,400.8997480904272,1.5,87,0.655,2.1,27,0.1009999999999999,26.362094658304315,61.72579408025168,47.57247348134538,50.48431497428195,48.92652750796185,7.473145706537977,3.7471464175856894,-0.8945022301599863,1.0725975883671026,-3.3694758238258444,False,True,True,False,strength_up
Kyle Isbel__2024_2025,Kyle Isbel,Kyle Isbel,2024,2025,5237.213554801123,4568.046987371853,-669.1665674292699,1.5,82,0.654,-0.3999999999999999,-3,0.0,38.3690361719494,53.44798216701025,40.062667230842905,49.16133460490852,55.43120530074943,-4.065544812242038,1.916735834984003,1.6467283267373674,2.906816885974223,-18.079889407219937,False,False,True,False,weakness_up
Trevor Larnach__2024_2025,Trevor Larnach,Trevor Larnach,2024,2025,4928.678671603493,4170.86913107514,-757.809540528353,1.4,119,0.771,-1.2,-17,-0.044,49.50261648152109,51.04785846299302,48.0887191261492,42.880774022029016,35.9450835688932,-4.30834329788803,-1.4784062532366562,-2.314478237718504,-8.860558653428,-1.8034287742114827,False,False,False,False,baseline
Jake Burger__2024_2025,Jake Burger,Jake Burger,2024,2025,4054.305614650864,3849.6803148754857,-204.6252997753777,1.4,107,0.76,-1.5,-18,-0.0729999999999999,53.801822478879664,46.97469947865308,31.73537991093314,37.52952707648957,36.31611969642425,-4.496066693732551,-1.692950784940507,-3.665827473126651,3.720017967242505,1.605915699037766,False,False,True,False,weakness_up
Ryan Mountcastle__2024_2025,Ryan Mountcastle,Ryan Mountcastle,2024,2025,4091.046238183152,3805.993763178321,-285.0524750048312,1.4,107,0.733,-1.7999999999999998,-26,-0.0799999999999999,46.923365397092695,53.648106413015,30.73716529648647,43.84689627682136,34.03197681506908,-1.057668796630594,-8.752288569384937,-2.2192259019594687,-1.81591444565791,5.395749379399682,False,False,True,False,weakness_up
Gavin Lux__2024_2025,Gavin Lux,Gavin Lux,2024,2025,4849.362034559421,4345.822870972561,-503.53916358686,1.4,98,0.703,-1.1,4,0.021,40.19340886634908,53.642139633556766,46.58159829093687,41.37877853535328,44.32338284673696,-5.462091019626584,1.7039634325125306,4.580890532263851,-7.180198639684434,-6.090840625455535,False,False,False,False,baseline
Rob Refsnyder__2024_2025,Rob Refsnyder,Rob Refsnyder,2024,2025,4569.295229338627,5374.507339357625,805.2121100189979,1.3,132,0.83,-0.3,-4,0.008,48.075554149165015,51.13131807084972,45.37092822519318,39.763180326115226,34.45801507384237,3.380330160911015,0.5362890462041463,4.997548200738734,3.207074219028435,6.598578057317205,False,False,True,True,decliner
Joey Bart__2024_2025,Joey Bart,Joey Bart,2024,2025,4559.036659826563,4541.383351049599,-17.653308776963968,1.3,121,0.799,0.0,-20,-0.103,47.38283541303688,50.87196895403397,43.76951091677091,40.14911511470741,36.477002618019306,-6.859078312247583,-4.140228187425279,6.844889359580478,5.329937824180789,-1.7194598898896558,False,False,True,False,weakness_up
James Wood__2024_2025,James Wood,James Wood,2024,2025,5334.83184966135,5151.436770708526,-183.3950789528244,1.3,120,0.781,1.9,7,0.0439999999999999,51.28248470016706,50.54881621691507,53.08196581396588,39.78475138326185,42.072168306419655,10.37142276990923,-4.547412507751183,-1.7432926588205788,-2.724229319462111,-4.259793754333522,False,False,False,False,baseline
LaMonte Wade Jr.__2024_2025,LaMonte Wade Jr.,LaMonte Wade Jr.,2024,2025,5257.115024313087,4212.941416294375,-1044.173608018712,1.3,119,0.761,-2.9000000000000004,-67,-0.237,43.39595289880681,53.89312468528921,59.10638906154264,41.01617298394298,36.80545071674911,-9.653409237587034,-7.603100698901137,-7.085643530530135,-2.624412542778302,3.2912110041726805,False,False,True,False,weakness_up
Michael Conforto__2024_2025,Michael Conforto,Michael Conforto,2024,2025,4680.310804999403,4228.538272491481,-451.77253250792273,1.3,112,0.759,-1.9,-29,-0.122,50.93989840408996,51.10656551360197,45.2698358006572,39.678654277564,34.53095064514457,-8.360549326981989,-4.792537188886008,3.4358540733080645,-3.1324379671502385,1.9238910122812167,False,False,True,False,weakness_up
Andy Pages__2024_2025,Andy Pages,Andy Pages,2024,2025,4314.027357434749,4759.782198345445,445.75484091069575,1.3,98,0.712,2.8,15,0.062,44.28103959472617,50.928863826816304,37.50077091759401,43.63927738223136,37.19859616737336,0.1344203020990662,4.3520639005023085,-4.5620263837740325,10.616180057509354,2.794378704400245,False,False,True,False,weakness_up
Nick Gonzales__2024_2025,Nick Gonzales,Nick Gonzales,2024,2025,4204.95451141523,3984.714927412162,-220.23958400306765,1.3,94,0.709,-0.4,-12,-0.0479999999999999,40.10262199880363,54.01310015478765,31.50161239107252,46.55276854362569,40.48966453009012,-3.2151954586978064,-1.4868843492682018,1.2081128108763934,2.196563261733644,-3.948087728969149,False,False,True,False,weakness_up
Ozzie Albies__2024_2025,Ozzie Albies,Ozzie Albies,2024,2025,4483.604613802514,4418.402430180734,-65.20218362178002,1.3,96,0.707,0.0,-9,-0.0359999999999999,41.14784343967207,55.13109196280791,35.26673671973011,44.09754412241625,42.9429220716716,-5.478254549498459,-0.5030604741676754,4.110726334191881,-1.7902846129677172,2.2748739924562287,False,False,True,False,weakness_up
Jeff McNeil__2024_2025,Jeff McNeil,Jeff McNeil,2024,2025,4154.494190857555,4992.366887625172,837.8726967676175,1.3,97,0.692,0.8,14,0.054,36.27511875586957,55.93284831821893,38.9348909340748,44.5808982798183,34.556796527679424,1.0271728999620464,3.609927888669517,8.196721649573938,-0.1085244482561691,6.716213947213475,False,False,True,False,weakness_up
Max Schuemann__2024_2025,Max Schuemann,Max Schuemann,2024,2025,4710.72576477862,4985.436660780546,274.7108960019259,1.3,85,0.619,-0.7000000000000001,-23,-0.051,34.733673274853665,45.861766394330616,50.10330475545593,45.54115993449308,46.51226229199637,-2.5317999632625927,3.407631339968468,-0.2031420420063696,6.720895605300278,-1.1556970753958993,False,False,False,True,decliner
Maikel Garcia__2024_2025,Maikel Garcia,Maikel Garcia,2024,2025,6109.725330754385,6766.670635682769,656.9453049283838,1.3,71,0.614,4.3,50,0.186,37.48086599650095,58.50399699447088,46.92584654419522,48.020885712907926,66.15934630287792,6.619921843598576,7.097083305101151,7.312565634532305,11.900196313988417,-22.624126082793254,True,False,True,False,elite
Paul Goldschmidt__2024_2025,Paul Goldschmidt,Paul Goldschmidt,2024,2025,4799.3470939944245,4576.523727383235,-222.8233666111892,1.2,100,0.716,-0.3999999999999999,3,0.015,48.75983487305126,49.12890861287961,40.165406848036326,41.022033584060544,45.40112238922398,-6.78318113755671,9.1640474064589,0.9215654461914512,-1.4019369954243786,-6.745299540540465,False,False,True,False,weakness_up
Harrison Bader__2024_2025,Harrison Bader,Harrison Bader,2024,2025,4479.65649935786,4452.474731704709,-27.18176765315184,1.2,85,0.657,2.0,37,0.139,40.13166088354092,50.947422994023405,36.59848371789831,51.41948921173957,39.642327785054654,4.594241744674775,-3.1164651190579638,2.433743518022034,-2.980008667689006,-2.436603314262328,False,False,True,False,weakness_up
Jorge Soler__2024_2025,Jorge Soler,Jorge Soler,2024,2025,4245.473685688831,4062.14027620798,-183.33340948085151,1.1,120,0.78,-1.4,-32,-0.0999999999999999,50.89209729069528,48.03272900121621,49.5865928042731,32.84475182573678,29.532821079656813,-4.821667086559351,-6.354215472061689,-5.108197107847509,5.696529410849742,6.563591877135352,False,False,True,False,weakness_up
Royce Lewis__2024_2025,Royce Lewis,Royce Lewis,2024,2025,4395.333266149989,4628.15745361283,232.8241874628411,1.1,106,0.747,-0.1,-21,-0.0759999999999999,46.55211817270995,48.2838630443333,39.40602926820533,45.28582360880414,36.021363406794414,-3.175240734623628,1.5546836595316975,-2.1071901147442915,1.3788452502921729,8.084576315222783,False,False,True,True,decliner
Luis Arraez__2024_2025,Luis Arraez,Luis Arraez,2024,2025,4462.836470028442,4897.7055082705565,434.8690382421146,1.1,109,0.739,-0.2,-5,-0.02,31.054834037125563,77.05332016172089,41.34133971033348,31.022120781920474,40.66156823746416,-1.425976466908029,-2.031729586034885,9.219174178104232,3.322653856719409,-0.8470240630809727,False,False,True,True,decliner
George Springer__2024_2025,George Springer,George Springer,2024,2025,4947.293537943085,5941.703360953909,994.4098230108248,1.1,94,0.674,4.1,72,0.2849999999999999,41.96668162852304,49.99928567581884,46.62652683594572,39.1754872430506,51.11485860198396,13.831508688541014,9.816479505500638,4.808548957915896,-6.651570569079155,-1.2084033672087813,False,False,True,False,weakness_up
Mauricio Dubon__2024_2025,Mauricio Dubon,Mauricio Dubon,2024,2025,3769.797403534215,4869.1468862666015,1099.3494827323866,1.1,86,0.657,1.1,-6,-0.013,32.13449037045138,58.34021302458825,27.00157663149865,52.0602874292973,36.48538091271647,-0.1398489277575443,0.3416348785570164,10.16987502729256,10.787648619737716,4.0502620431180745,False,False,True,False,weakness_up
Brayan Rocchio__2024_2025,Brayan Rocchio,Brayan Rocchio,2024,2025,4287.482558175831,4048.36985012656,-239.11270804927017,1.1,79,0.614,-0.7000000000000001,-2,0.016,31.582074082268267,48.06836625945956,45.74742149529949,50.31866607396169,36.595519725936725,3.6454444447857055,2.604305553775802,-8.671556616727038,-5.905383504618435,3.621924204278308,False,False,True,False,weakness_up
Mike Tauchman__2024_2025,Mike Tauchman,Mike Tauchman,2024,2025,5128.532290261249,4626.0608889456325,-502.4714013156163,1.0,110,0.723,0.3999999999999999,5,0.033,40.48115781917544,53.64777426006125,53.55573263551896,41.47385366411611,42.93676963583304,0.2389291264151225,-1.34604259909365,-4.872943801168063,1.992672573232639,-8.058782559819363,False,False,True,False,weakness_up
Jake Fraley__2024_2025,Jake Fraley,Jake Fraley,2024,2025,4181.390096287057,4433.334810357872,251.94471407081528,1.0,96,0.716,-0.7,1,-0.002,32.73298740387907,54.789950148253055,34.756136242048505,44.91618533725276,45.51637268201331,3.645833668585837,-4.463080869552613,12.506375471989864,-1.966459392628096,-6.644492004504457,False,False,True,True,decliner
Tyrone Taylor__2024_2025,Tyrone Taylor,Tyrone Taylor,2024,2025,4552.961501864684,4514.380121209363,-38.58138065532057,1.0,97,0.701,-0.1999999999999999,-27,-0.1029999999999999,40.15995259418229,52.07102794948748,36.29131735044322,45.3738660174259,46.145028179447166,-7.038262706178479,-0.666050604393277,-0.2901139703943585,5.239875492977951,3.033484350113362,False,False,False,True,decliner
Josh Lowe__2024_2025,Josh Lowe,Josh Lowe,2024,2025,4607.440703329685,4128.123334090876,-479.3173692388091,1.0,98,0.693,-1.1,-19,-0.0429999999999999,44.809559287540665,43.77371609525653,37.54736907496477,41.64935242134788,52.281565923965786,-4.960097387062028,2.301214948582711,-3.128889522773981,-2.651193667368851,-2.6036702280965045,False,False,True,False,weakness_up
Wenceel Perez__2024_2025,Wenceel Perez,Wenceel Perez,2024,2025,4595.468331908674,4825.912732368751,230.4444004600764,1.0,94,0.683,0.7,9,0.0549999999999999,37.60502076469288,53.513288650147786,42.02270835320864,44.32263165407058,43.21158884166792,6.282457506415426,-3.475965248114562,-2.146004320863881,2.834982844780022,1.5651699205655305,False,False,True,False,weakness_up
Ceddanne Rafaela__2024_2025,Ceddanne Rafaela,Ceddanne Rafaela,2024,2025,3332.1532719992447,5039.002237818798,1706.848965819553,1.0,81,0.664,2.8,10,0.0439999999999999,39.293316637084175,42.14151902009741,20.0,45.19016242002955,42.668139886786896,3.303412191271377,7.1768415099853655,7.238615392466212,18.80981596618988,8.076443719677613,False,False,True,False,weakness_up
Zach McKinstry__2024_2025,Zach McKinstry,Zach McKinstry,2024,2025,5093.317793067292,5081.1550456578025,-12.162747409489384,1.0,74,0.614,2.2,40,0.157,35.425306641097976,51.38504270413575,42.062144669742175,48.13167129869982,56.30463560191068,2.884940230208045,2.2038910413404267,1.7488491301900029,-2.8121173125858547,-4.899506045110449,False,False,True,False,weakness_up
Masataka Yoshida__2024_2025,Masataka Yoshida,Masataka Yoshida,2024,2025,4645.09236438231,5000.955306408517,355.86294202620684,0.9,116,0.765,-1.0,-28,-0.069,40.64178970482985,62.95826230671801,45.048082472982905,40.10022556358496,31.79205487978353,1.9588502061516733,-2.312677704716222,-1.9990881123544144,2.325216470301335,9.324580667864064,False,False,True,True,decliner
Ramon Laureano__2024_2025,Ramon Laureano,Ramon Laureano,2024,2025,4124.578641384081,4861.488403082569,736.9097616984882,0.9,108,0.748,2.1,30,0.1069999999999999,46.96330248172078,43.88186643495448,34.0344348317612,42.28311791876453,41.237097650552805,6.186693069565706,9.067938613985426,7.335290473691998,-3.394254272282062,-2.017571776918466,False,False,True,False,weakness_up
Ramon Urias__2024_2025,Ramon Urias,Ramon Urias,2024,2025,4371.798191189458,4405.650978992975,33.85278780351746,0.9,114,0.745,0.2,-27,-0.0699999999999999,43.23692740991666,51.64644041455965,42.22021897346383,38.24488832239867,38.846659139034806,-2.128419790943319,-2.98659687663168,-3.0917177187984635,11.240665503790552,-1.0501938096476875,False,False,True,False,weakness_up
Ronald Acuna Jr.__2024_2025,Ronald Acuna Jr.,Ronald Acuna Jr.,2024,2025,5478.082548890036,5707.764430704579,229.68188181454389,0.9,106,0.716,2.6,55,0.219,46.55249193879561,50.611621313973615,48.932338637456105,43.79496326235177,50.29872344930493,10.820789370133866,1.157391839110474,6.183116151485713,-8.13698430752784,-4.999317959672808,False,False,False,False,baseline
Max Kepler__2024_2025,Max Kepler,Max Kepler,2024,2025,4398.064930401201,4845.932623639301,447.8676932380995,0.9,93,0.682,-0.3,-3,0.0089999999999998,41.740313812531895,52.18044341889279,35.60396088761153,47.7433922700606,39.25950322278925,4.271115825601818,-2.15578722483977,10.312669389601112,-4.580896702231726,1.2241273777665995,False,False,True,True,decliner
Giancarlo Stanton__2024_2025,Giancarlo Stanton,Giancarlo Stanton,2024,2025,4185.385322724928,4891.584905448684,706.1995827237552,0.8,117,0.773,1.1,41,0.1709999999999999,63.65169725209228,42.58130181017557,40.67905823587199,39.77768169786158,26.50012144989677,2.5105567212850346,0.0101392249411986,5.956184942777135,-0.6727223757240992,8.256723901915695,False,True,True,False,strength_up
Sean Murphy__2024_2025,Sean Murphy,Sean Murphy,2024,2025,4563.291022430237,4589.911856072099,26.62083364186219,0.8,78,0.636,1.2,19,0.0729999999999999,44.18760404874661,43.47211549458798,45.59589291334802,48.63132197314269,37.44698745378943,5.558310767272118,-4.516718961529413,-1.7300017717135745,4.808293583030277,-1.9635580874267544,False,False,True,False,weakness_up
Orlando Arcia__2024_2025,Orlando Arcia,Orlando Arcia,2024,2025,4175.690340622497,3668.490970275375,-507.19937034712257,0.8,72,0.625,-1.6,-39,-0.0959999999999999,38.548214330083056,46.430116932718114,40.22544144601847,49.83472585654789,35.290378484275955,-5.082824271177721,0.1619026570557267,-6.053285906949832,-2.996681549059957,1.6025961320257665,False,False,True,False,weakness_up
Alec Burleson__2024_2025,Alec Burleson,Alec Burleson,2024,2025,4157.879621823327,4825.432568690983,667.5529468676559,0.7,106,0.735,1.4,18,0.066,44.03414605295315,60.59130498089464,34.85772952482129,35.40783153267933,34.355997738580406,1.7140258403041957,1.6208769574806183,6.51887232267562,1.436594855465394,4.422303871469978,False,True,True,False,strength_up
Nolan Schanuel__2024_2025,Nolan Schanuel,Nolan Schanuel,2024,2025,4732.300828516391,4992.772232387393,260.4714038710017,0.7,105,0.706,0.7,4,0.036,33.00776632357696,60.14173723026357,54.62821389275078,37.425188150827,37.43446305982061,3.0725083953624903,1.9786972165273584,-2.5112247929500318,2.8013067506235103,0.8856842346915812,False,True,True,False,strength_up
Abraham Toro__2024_2025,Abraham Toro,Abraham Toro,2024,2025,4406.562588825143,3983.527342419625,-423.0352464055177,0.7,87,0.643,-1.4,-10,0.016,35.55953907274795,56.87911649956437,38.499766204242775,44.757569157073576,41.4741575494286,0.7779931311502466,-1.6696716822983433,-1.8486820457516728,-3.871146045080245,-4.583217346609736,False,False,True,False,weakness_up
Christian Vazquez__2024_2025,Christian Vazquez,Christian Vazquez,2024,2025,4103.490957560387,4388.437807378413,284.94684981802584,0.7,59,0.575,-0.3999999999999999,-4,-0.0299999999999999,36.78602934329562,51.58967801589872,31.98446173435169,56.281521399759406,35.25772165813899,-7.151475851747364,0.340939616162089,14.771434354530442,-5.684150924311048,0.8354490942255168,False,False,True,True,decliner
Starling Marte__2024_2025,Starling Marte,Starling Marte,2024,2025,4799.981529184912,4343.5661123724685,-456.41541681244325,0.6,103,0.715,0.0999999999999999,9,0.03,42.91572773711357,53.57962266231251,39.81899108378292,36.584975878843856,52.88414410081501,-1.4282313856793325,-1.537891228809947,-0.9012819917120254,5.7475420825013686,-13.486863252608671,False,False,True,False,weakness_up
Danny Jansen__2024_2025,Danny Jansen,Danny Jansen,2024,2025,4573.386622368684,4463.422810905968,-109.96381146271597,0.6,90,0.658,0.7000000000000001,13,0.0629999999999999,36.01964591673519,49.9786305955551,55.445874690273484,40.805037729282446,36.23437068772657,4.881866130554904,-3.8101059117596208,-3.722874959751685,1.0963796211639618,-0.6965350376943533,False,False,True,False,weakness_up
Luis Robert Jr.__2024_2025,Luis Robert Jr.,Luis Robert Jr.,2024,2025,3987.056106988372,4833.971898963266,846.9157919748936,0.6,84,0.657,0.7000000000000001,0,0.004,45.59494126967003,37.44961502937835,33.68809122094119,41.83997557559695,45.81521834023016,-1.1127760261473654,6.0148531885691625,4.959670579967778,6.994796684289142,4.17490238703094,False,False,True,False,weakness_up
Enrique Hernandez__2024_2025,Enrique Hernandez,Enrique Hernandez,2024,2025,4667.544869469968,4055.081149861451,-612.4637196085168,0.6,82,0.654,-0.8,-12,-0.033,42.3199324907553,50.61999448113456,41.3500140025273,45.96273122051404,41.67933155159737,0.6690329669342674,-6.740968617031818,-3.811282159781129,0.4381326569876833,-5.296861467521751,False,False,True,False,weakness_up
Alex Verdugo__2024_2025,Alex Verdugo,Alex Verdugo,2024,2025,4887.389519265851,4583.492978632438,-303.8965406334128,0.6,85,0.647,-1.5,-19,-0.062,38.44613550022669,58.87062191085855,47.4311283234552,48.00927767596115,34.06413388855727,-4.211491135229196,0.813865314615974,0.7134885881905078,-8.529555238507129,4.20845104604868,False,False,True,False,weakness_up
Nick Fortes__2024_2025,Nick Fortes,Nick Fortes,2024,2025,4142.006045426288,4503.370844721134,361.3647992948463,0.6,58,0.577,0.4,22,0.067,30.06148708255289,57.76192354021028,36.38683061276788,54.67928940750338,34.01593908232284,7.709807430094191,-5.356759993761003,2.566544164922284,-4.7105088716137615,5.909114211473053,False,False,True,False,weakness_up
Andrew McCutchen__2024_2025,Andrew McCutchen,Andrew McCutchen,2024,2025,4455.788695753244,4435.657840082344,-20.13085567090002,0.5,106,0.739,-0.6,-11,-0.039,44.90569023218429,46.37250870961978,52.96732746597107,38.61112339716786,33.36383995035796,-4.114727508480939,4.626363698026196,-1.3680600695380818,1.6744627665015273,-2.068119282481113,False,False,True,False,weakness_up
Elias Diaz__2024_2025,Elias Diaz,Elias Diaz,2024,2025,3719.962891353112,3724.710519453274,4.747628100163183,0.5,81,0.695,-0.0999999999999999,-7,-0.0879999999999999,37.91328794805864,49.58820180801551,34.48173105864375,46.835536526578814,30.890006333233707,1.943509787968971,-10.982661775179793,3.0671661905260663,1.464401379402304,3.4906536434528377,False,False,True,False,weakness_up
Trent Grisham__2024_2025,Trent Grisham,Trent Grisham,2024,2025,4854.582870918359,5244.22342883178,389.6405579134207,0.5,93,0.675,2.7,36,0.136,46.08657841943322,46.038867669237966,53.93941404229899,45.85311775474565,34.048919047389695,5.558769924865942,6.4915711516733765,4.814593912575091,-8.774302402466517,0.3312305146692367,False,False,True,False,weakness_up
Pedro Pages__2024_2025,Pedro Pages,Pedro Pages,2024,2025,4149.633366130019,3996.0232371245374,-153.6101290054803,0.5,84,0.657,1.1,-7,-0.022,41.302338025281976,47.40483202561398,35.621576001679074,43.96225717941895,41.21048532383315,-1.50706225864824,-3.266793607537465,-2.739298099686721,13.17010966448126,-6.990650269764366,False,False,True,False,weakness_up
Kyle Farmer__2024_2025,Kyle Farmer,Kyle Farmer,2024,2025,4238.170749087278,3760.339889604644,-477.830859482634,0.5,84,0.647,-1.5,-19,-0.002,36.93282708242842,50.61285601409024,41.30204797435735,49.35957653931042,33.77134832282727,-0.688623985777781,-0.180227678774969,-3.108117552275388,-9.49038297780976,0.7933784840681852,False,False,True,False,weakness_up
Michael Toglia__2024_2025,Michael Toglia,Michael Toglia,2024,2025,5022.394983017419,3440.5816760835824,-1581.8133069338364,0.4,98,0.767,-2.6,-44,-0.156,56.45302734165801,40.58625522544892,47.91334806796262,37.77325536523175,47.92753771723128,-12.195222136777708,-8.42238885065408,-8.501096115156926,-3.2032384066971678,-7.565537602005492,False,False,False,False,baseline
Miguel Andujar__2024_2025,Miguel Andujar,Miguel Andujar,2024,2025,4049.0433277590014,4171.766278969771,122.72295121076922,0.4,103,0.697,0.7000000000000001,22,0.125,35.40124049860552,61.415295376409816,34.87076818566443,41.25345461255584,36.01235880191902,5.602825692031978,0.139261726896585,-0.9489817806697404,-2.731038950262913,-0.1232762364256885,False,True,True,False,strength_up
Tyler Freeman__2024_2025,Tyler Freeman,Tyler Freeman,2024,2025,4589.082629389191,4576.9620358455895,-12.12059354360099,0.4,84,0.626,-1.1,7,0.0889999999999999,35.61750232422661,55.9847238579685,44.62092440301196,41.861546632743575,42.469119470398304,0.2148937748008492,9.245372059963294,2.708796313506305,-9.350674941276829,-3.5245077046313043,False,False,True,False,weakness_up
Davis Schneider__2024_2025,Davis Schneider,Davis Schneider,2024,2025,4512.626989531238,4902.243887197035,389.6168976657973,0.4,80,0.625,0.9,47,0.172,41.84346867231418,39.08714449884075,48.70721074495651,46.05370392919458,42.176540606500616,4.493679734689891,4.692822433464201,5.166786231571059,-2.950299623584584,-1.9301969823771827,False,False,True,False,weakness_up
Jared Triolo__2024_2025,Jared Triolo,Jared Triolo,2024,2025,4457.274737466361,5225.47064379055,768.1959063241884,0.4,72,0.611,1.1,14,0.056,36.70603384127645,45.47017564244828,44.56542075607431,48.15324235584645,41.62084990183157,1.253829954234604,5.30563404456182,3.083040624675021,2.374227186917942,6.23212073168505,False,False,True,False,weakness_up
Michael A. Taylor__2024_2025,Michael A. Taylor,Michael A. Taylor,2024,2025,4728.02235364073,3983.1591012593017,-744.8632523814285,0.4,50,0.543,-0.5,20,0.0819999999999999,41.1223661329492,33.64819575383666,39.52546216789814,54.29218249888768,53.27380734008378,4.205781455609909,-0.5408639637335213,-1.3320862196598924,-8.261092658026314,-11.099362219087112,False,False,True,False,weakness_up
Tyler Soderstrom__2024_2025,Tyler Soderstrom,Tyler Soderstrom,2024,2025,4410.631709734886,5060.5473403947335,649.9156306598479,0.3,114,0.743,3.1,11,0.0769999999999999,51.352872872799935,46.16256972817762,42.87093307756305,41.29776884687259,34.05414469172062,1.0089064114618296,8.402276778589965,-1.148312220289931,1.9468411230322504,4.687715924340864,False,False,True,False,weakness_up
TJ Friedl__2024_2025,TJ Friedl,TJ Friedl,2024,2025,4714.399754316686,5134.343530368785,419.94377605209866,0.3,90,0.69,2.6,19,0.052,37.47248657493081,55.22022048577522,47.51364560877812,36.973254907483074,46.53509181539802,-3.158247056551275,2.6575788365487227,9.987119994291549,2.9256138987762697,-3.565990202153777,False,False,True,False,weakness_up
Daniel Schneemann__2024_2025,Daniel Schneemann,Daniel Schneemann,2024,2025,4171.773812673652,4825.1104457975325,653.3366331238803,0.3,93,0.671,1.0,-14,-0.035,39.91319938552878,42.26415146740764,44.75688585009124,44.756397037050064,37.690729832384136,2.7496012461819035,-0.0709131181653219,-0.4655910404774133,8.221351923054193,5.507628696083195,False,False,True,False,weakness_up
Nolan Gorman__2024_2025,Nolan Gorman,Nolan Gorman,2024,2025,3809.892527013617,3772.5672765893646,-37.32525042425232,0.3,87,0.671,-0.5,1,-0.005,48.254288339864566,32.95195320226546,38.29544115605633,40.15145935475444,40.97375736891545,-4.988125067240809,4.137202953194553,6.718294483911585,-1.9724685367939685,-4.868257459688792,False,False,True,False,weakness_up
Jorge Polanco__2024_2025,Jorge Polanco,Jorge Polanco,2024,2025,3968.8474243815376,4940.017802602425,971.1703782208874,0.3,93,0.651,2.3000000000000003,39,0.1699999999999999,41.88723815622048,43.95802787290156,46.09290157053141,35.92084842410424,36.28230483444861,8.245223072935737,12.676972883912851,-1.5069418195252595,1.4650644228470568,2.077863519889341,False,False,True,False,weakness_up
Bo Bichette__2024_2025,Bo Bichette,Bo Bichette,2024,2025,4169.805373901843,4523.901145480987,354.09577157914373,0.3,70,0.598,3.5,64,0.242,38.59526549098306,52.27297852301946,32.83198225696307,46.506696129273664,41.22306454213289,9.355764604324529,12.776667525478828,3.32289594876773,-11.440148251235485,-7.801998114274916,False,False,True,False,weakness_up
Nick Castellanos__2024_2025,Nick Castellanos,Nick Castellanos,2024,2025,3436.579991687238,3260.439828844725,-176.14016284251238,0.2,104,0.742,-0.8,-14,-0.048,45.13621159784248,49.48952604049421,30.7026532241998,29.26654714959107,34.60997956688851,-5.328648947653711,-2.6715689210595244,-3.0339247594410885,2.287849279827281,4.966939769653045,False,False,True,False,weakness_up
Romy Gonzalez__2024_2025,Romy Gonzalez,Romy Gonzalez,2024,2025,4309.981876240529,4459.528522342057,149.5466461015276,0.2,98,0.723,1.3,25,0.1029999999999999,48.54974236723406,47.62156521910844,32.72141008459224,40.46048687494824,43.47121249777732,3.29114198631082,4.379212396069249,0.486639301815984,1.403771612725194,-5.42409579736924,False,False,True,False,weakness_up
Rhys Hoskins__2024_2025,Rhys Hoskins,Rhys Hoskins,2024,2025,4132.84216925745,4820.67063003466,687.8284607772093,0.2,101,0.722,0.7,8,0.026,47.74161157714284,44.781165380946064,48.060063245423,37.92952730536391,30.092382894503302,-1.9280939507955992,2.277121732466576,3.041071824988037,5.904278429287082,7.130271628243264,False,False,True,False,weakness_up
Austin Hays__2024_2025,Austin Hays,Austin Hays,2024,2025,3719.423449365974,4481.420534833871,761.9970854678968,0.2,97,0.699,1.0,8,0.069,40.933211224685145,46.98912408535363,30.982769530778647,41.09952691247069,38.631166827793,3.3845813880923075,-1.2253842129324255,4.927532333736558,2.580600461194976,8.915236560649056,False,False,True,False,weakness_up
Dominic Smith__2024_2025,Dominic Smith,Dominic Smith,2024,2025,4399.494850663227,4280.955411905978,-118.53943875724964,0.2,94,0.691,0.2,17,0.059,41.75509510959639,48.31747649058392,44.70876185780425,44.23810560551935,36.00585804218023,-3.613704487211429,6.835049820157842,-5.737134991648055,-3.4601460879098767,4.039639599499694,False,False,True,False,weakness_up
Ezequiel Duran__2024_2025,Ezequiel Duran,Ezequiel Duran,2024,2025,3711.924226321976,3844.04189411428,132.11766779230356,0.2,75,0.609,-0.2,-18,-0.0499999999999999,35.56876855272201,48.0103491373217,31.259415366098416,47.85066149578197,37.18160216662277,-4.959746591365736,-1.4202812692772395,1.234021285672867,-0.4506021289684696,9.012904459977442,False,False,True,True,decliner
Jo Adell__2024_2025,Jo Adell,Jo Adell,2024,2025,4150.826910723776,4139.112514945094,-11.714395778682048,0.1,91,0.682,1.1,21,0.0959999999999999,49.84227683317688,42.27807174247093,38.968213429428125,41.67209559851801,36.60902554202536,7.300853424740801,4.68711505560406,-4.444834054183346,-13.753594506647634,3.7765759956995737,False,False,True,False,weakness_up
Spencer Torkelson__2024_2025,Spencer Torkelson,Spencer Torkelson,2024,2025,4118.706496077984,4716.958932322976,598.2524362449922,0.1,91,0.669,2.2,27,0.12,40.67364431356416,45.21722518145307,44.83626286288208,42.20035005024858,35.02548529467147,8.521270167235613,2.774216851731701,4.280106880377844,-2.975545177447948,2.010686815976584,False,False,True,False,weakness_up
Jake Bauers__2024_2025,Jake Bauers,Jake Bauers,2024,2025,4659.728022682629,5326.84367960559,667.1156569229615,0.1,88,0.662,0.7000000000000001,26,0.0899999999999999,44.277064847274346,39.97819139787985,48.54447722337933,41.78346724432167,47.17449375198825,3.058044442769344,9.199963816416613,4.521591591424929,0.8613965176704212,-2.704489196518942,False,False,True,False,weakness_up
Mickey Moniak__2024_2025,Mickey Moniak,Mickey Moniak,2024,2025,3600.601016387908,4157.058546866717,556.4575304788086,0.1,80,0.646,0.5,30,0.1779999999999999,42.78131009353705,42.53255691629001,29.486455552788662,42.69589830460915,37.89440956322974,8.873089356073294,7.445495662850789,0.7827472071554205,-12.265531993841927,7.503722365550487,False,False,True,False,weakness_up
Lenyn Sosa__2024_2025,Lenyn Sosa,Lenyn Sosa,2024,2025,3929.526435220868,4074.136079361581,144.60964414071304,0.1,81,0.642,1.2999999999999998,19,0.0849999999999999,39.952756065534594,56.50249157993963,29.946255032531568,41.48897806113342,37.71517687370337,6.350228785395174,-2.375854526724943,-0.744459423402617,-0.0791025515144099,-0.4169085731789721,False,False,True,False,weakness_up
Ke'Bryan Hayes__2024_2025,Ke'Bryan Hayes,Ke'Bryan Hayes,2024,2025,4931.894802168622,5276.475787745671,344.5809855770485,0.1,60,0.573,1.2999999999999998,5,0.022,35.535933679928284,55.74718857093459,41.223344548421096,51.17869122305618,45.926870830156176,-0.4702512287752256,-1.855589853042673,1.7104792993987203,13.103126205938736,-4.3289683056000925,False,False,True,False,weakness_up
Santiago Espinal__2024_2025,Santiago Espinal,Santiago Espinal,2024,2025,4407.336824418377,4403.250086821177,-4.086737597199317,0.0,76,0.65,-0.3,-18,-0.075,31.84548636772225,60.31613885663428,41.68680120130847,42.06037462715723,41.67125822347474,-4.375293531105886,-1.7189715985347505,3.98715224592776,4.365175416426979,-3.059777183768574,False,False,True,False,weakness_up
Edouard Julien__2024_2025,Edouard Julien,Edouard Julien,2024,2025,4406.6127907999935,4154.88631906252,-251.72647173747373,0.0,79,0.616,-0.8,2,0.017,41.33856226850656,39.95920017727361,50.408977518327305,41.44583594684018,42.41588183103753,-0.2021518897529048,7.669244271349122,-0.9732882955670236,-3.91845820829554,-9.765381711799144,False,False,True,False,weakness_up
Jackson Holliday__2024_2025,Jackson Holliday,Jackson Holliday,2024,2025,4346.827183205781,4267.245560383127,-79.58162282265403,0.0,62,0.565,1.2,34,0.125,41.60048170889393,38.93391947723359,41.02762268795996,45.32603542303861,46.75666124154041,-1.2505295852447276,12.701758941861216,4.333398693200337,-6.338427112226185,-11.723657928945862,False,False,True,False,weakness_up
Josh Bell__2024_2025,Josh Bell,Josh Bell,2024,2025,3853.456879526759,4441.242429853417,587.7855503266583,-0.1,101,0.725,0.2,6,0.016,43.87698883473259,51.249719490831765,43.26575129223745,33.02025058296854,28.72459093893972,4.772737131644959,2.504562998334677,4.88973926621096,3.0796386532192983,-0.4354423587959211,False,False,True,False,weakness_up
Andrew Vaughn__2024_2025,Andrew Vaughn,Andrew Vaughn,2024,2025,3966.138216475417,4605.508006952668,639.3697904772507,-0.1,97,0.699,0.7,2,0.02,45.28623101110411,52.86803510672858,36.93332447640808,33.59047502896884,34.90377451271321,1.1855508098449832,3.1370993623662926,4.532263430659249,9.588391573815528,-1.7790383020192095,False,False,True,False,weakness_up
Andrew Benintendi__2024_2025,Andrew Benintendi,Andrew Benintendi,2024,2025,4225.262418939929,4098.07244521048,-127.18997372944978,-0.1,93,0.685,0.3,10,0.0529999999999999,41.07368042601105,54.20963694584932,44.59944196387331,34.65741984935322,35.59168143940119,1.5205879125976196,-3.062223151622206,-2.7018071034631816,-2.7357439226326186,4.117292372070587,False,False,True,False,weakness_up
Adolis Garcia__2024_2025,Adolis Garcia,Adolis Garcia,2024,2025,3594.4777165017967,4356.858753483269,762.3810369814719,-0.1,94,0.684,0.7999999999999999,-11,-0.019,50.87928970010036,40.190211997752535,35.59995003717394,31.634901282202264,35.83741355044143,-3.3601995198979964,3.969406177645865,-2.9308660636158805,15.278605322460038,7.457428388502805,False,False,True,False,weakness_up
Tommy Pham__2024_2025,Tommy Pham,Tommy Pham,2024,2025,4609.243773872951,4829.320445053879,220.0766711809274,-0.1,92,0.674,0.3,2,0.0259999999999999,42.760275426762746,54.21371931003499,48.55954946811639,37.8997514080527,35.97456295653047,0.6066005096403089,-1.0480897572450232,3.498769787222585,4.113196361929859,-2.0645373519638994,False,False,True,False,weakness_up
Jonah Heim__2024_2025,Jonah Heim,Jonah Heim,2024,2025,3772.476971788646,3911.603391867839,139.12642007919248,-0.1,72,0.602,-0.4,-3,0.0,38.18829228275512,51.98089545997481,33.95524446765049,42.11805507845603,34.28146898874121,-1.1695872776268317,-4.034876954679262,6.049663291551546,-0.4804427096042118,2.169792602847707,False,False,True,True,decliner
Taylor Walls__2024_2025,Taylor Walls,Taylor Walls,2024,2025,4350.960621719841,4448.895466877848,97.9348451580072,-0.2,60,0.529,0.5,6,0.0699999999999999,28.107577828744844,43.350703588101965,50.35154736568416,43.15299292477053,50.17730254832168,2.324992506261058,7.087142409499023,-4.243567844588412,3.2997378242342634,-6.56286683112355,False,False,True,False,weakness_up
Keibert Ruiz__2024_2025,Keibert Ruiz,Keibert Ruiz,2024,2025,3738.546349294376,3571.303987016464,-167.24236227791152,-0.3,70,0.619,-0.7,-5,-0.024,33.317983203467605,60.55926883850482,31.733794480808545,39.2237907341613,36.91214823165536,-1.1283512545465155,1.0294829462079846,1.6874235163409672,-3.203262133412821,-3.699469086321386,False,True,True,False,strength_up
Addison Barger__2024_2025,Addison Barger,Addison Barger,2024,2025,4181.2291249867085,4906.622496603502,725.393371616794,-0.3,69,0.601,2.5,38,0.155,42.24977452836374,46.26431181979182,38.72255718062899,41.90820510710736,40.6840432112232,10.370420155045784,3.902486797495541,-0.1129310732021693,4.1894596139871965,-0.5521482872573173,False,False,True,False,weakness_up
Rowdy Tellez__2024_2025,Rowdy Tellez,Rowdy Tellez,2024,2025,4438.911009487271,4334.859485574245,-104.05152391302636,-0.4,90,0.691,0.5,11,0.028,44.295630895312456,52.51739129800134,44.585836360655,37.99189623675676,36.12906264670879,6.738933394607706,-5.679167411613996,-5.406942638022812,1.675909657818984,0.6539132648078336,False,False,True,False,weakness_up
Mitch Garver__2024_2025,Mitch Garver,Mitch Garver,2024,2025,3994.450571482146,4398.517878350841,404.0673068686947,-0.4,89,0.627,0.4,-3,0.012,42.48314549374501,37.76565524170094,53.6906406641814,38.386035865513534,33.47370172412369,-0.3276005480828061,4.506429350958577,-4.122250980061182,2.5924798059081557,6.716201202847344,False,False,True,False,weakness_up
Adam Frazier__2024_2025,Adam Frazier,Adam Frazier,2024,2025,4216.012664062878,3840.834495706433,-375.1781683564445,-0.5,65,0.576,1.2,24,0.1080000000000001,29.70542377262732,51.8548209671829,42.7475728850967,42.918055536204704,45.085642552016864,-0.9693903396635868,5.27139895127894,-5.186990131289797,1.7695824578997374,-9.52196245081432,False,False,True,False,weakness_up
Will Benson__2024_2025,Will Benson,Will Benson,2024,2025,3802.09191497792,4399.1247834871565,597.0328685092363,-0.6,76,0.65,0.6,9,0.0579999999999999,46.24997572715741,30.770628813381293,45.03481302124087,40.42027506071377,38.84034178105623,5.057643165289818,13.355840634740764,-7.886763450231157,2.660106105039141,0.8621476215602399,False,False,True,False,weakness_up
Kyle Stowers__2024_2025,Kyle Stowers,Kyle Stowers,2024,2025,3607.5849378494113,5172.247310924017,1564.662373074606,-0.7,68,0.601,4.7,81,0.311,43.99189019803177,37.36574845726261,34.07638232517041,39.69495079460482,39.63274002420857,14.0673094383248,10.973038238276068,6.511712714895744,4.357445155039279,2.6773612910539484,False,False,True,False,weakness_up
Wilmer Flores__2024_2025,Wilmer Flores,Wilmer Flores,2024,2025,4263.440208593613,3919.650995964324,-343.78921262928907,-0.7,68,0.595,0.4999999999999999,27,0.091,32.12941166409317,56.34076937013118,47.39335362083716,42.96412795055673,32.61405407538747,3.0161452401823965,-3.5118057865630945,-5.532538798075137,-3.433629382010828,1.128813097425656,False,False,True,False,weakness_up
Javier Baez__2024_2025,Javier Baez,Javier Baez,2024,2025,3814.307144746606,3823.2100845629775,8.902939816372509,-0.7,41,0.516,2.1,45,0.164,39.35437665778175,42.24759478751063,30.466337322229737,44.86249414274791,43.98936462254954,0.4936232628157242,3.211083308326089,-5.173664962470888,2.978071706502597,0.1292421177390252,False,False,True,False,weakness_up
Ty France__2024_2025,Ty France,Ty France,2024,2025,3580.8857877295645,4282.066998816415,701.1812110868509,-0.8,93,0.67,1.7000000000000002,-1,0.011,41.2175519284346,50.02265285303852,39.23271558135143,32.47042507409135,30.291149325874738,-1.575451289095291,5.75594064958932,-4.716579198543933,17.49726472138707,4.791285451918089,False,False,True,False,weakness_up
Gavin Sheets__2024_2025,Gavin Sheets,Gavin Sheets,2024,2025,3768.077783653546,4617.126884929948,849.0491012764014,-0.8,88,0.66,2.1,23,0.0859999999999999,37.854192520937815,52.34736425225076,42.725990057941225,34.595636977972134,30.748034879797743,8.169379153901815,2.1543199373276494,0.278630192265112,5.673578150741754,5.471913729586468,False,False,True,False,weakness_up
Nolan Jones__2024_2025,Nolan Jones,Nolan Jones,2024,2025,4461.066674943639,4318.96162141086,-142.10505353277858,-0.8,69,0.641,0.4,3,-0.041,39.43366152309673,46.01260617853194,51.31277441653418,39.96025014049361,39.74278116324224,1.192520284754906,-1.3420861714519106,-6.784046917778568,3.0535561450261284,0.4674809818002785,False,False,True,False,weakness_up
Christopher Morel__2024_2025,Christopher Morel,Christopher Morel,2024,2025,3621.821922008206,3920.322414629696,298.50049262149014,-1.0,81,0.634,0.9,9,0.05,43.6706584998516,39.88310360772732,45.44936782825985,31.45412798486469,35.04122294292519,6.659215563257753,-5.157600318469825,-8.314280104668399,6.806977235171743,7.695041689259092,False,False,True,False,weakness_up
Miguel Vargas__2024_2025,Miguel Vargas,Miguel Vargas,2024,2025,4217.413849440505,4951.94006308651,734.5262136460051,-1.0,46,0.506,2.4,55,0.2109999999999999,34.148385279484955,44.59510265458479,48.67872653989348,41.44759412687544,41.76945736693086,8.409271720309476,9.734156436972585,0.1511079154845873,-1.7747991536234975,0.9315740622093288,False,False,True,False,weakness_up
Dylan Carlson__2024_2025,Dylan Carlson,Dylan Carlson,2024,2025,3467.4999363872867,4265.309907974662,797.809971587375,-1.1,67,0.563,0.7000000000000001,7,0.051,30.979940794379417,41.29767580021583,42.68705543512641,36.25379124149168,40.18886034702231,5.67663961459656,7.311849014892381,3.7781224172161743,6.110896503950329,-2.7225853387076526,False,False,True,False,weakness_up
Hunter Goodman__2024_2025,Hunter Goodman,Hunter Goodman,2024,2025,3494.235917043899,4353.409205330822,859.1732882869233,-1.2,61,0.645,4.6,57,0.1979999999999999,49.40413307984,39.688384013207695,28.06631935018517,35.945349781309645,38.24959797555288,5.478583298588269,7.131871819198722,3.4658895751123246,11.547633658044916,-2.9740094151166474,False,False,True,False,weakness_up
Noelvi Marte__2024_2025,Noelvi Marte,Noelvi Marte,2024,2025,3394.7089592029724,4486.106866033112,1091.3979068301396,-1.4,48,0.549,2.5,53,0.1989999999999999,37.51934985051268,41.70309220769568,30.340123040776803,36.40478864151804,43.346340036245394,8.992310478516508,8.250757399270789,3.103965103276053,6.286121400188243,1.6309268470223586,False,False,True,False,weakness_up
