source_row,Name,Season,PA,id_status,id_candidate_count,id_candidates
0,Trea Turner,2021,646,matched,1,fg:16252/mlbam:607208
1,Juan Soto,2021,654,matched,1,fg:20123/mlbam:665742
2,Fernando Tatis Jr.,2021,546,matched,1,fg:19709/mlbam:665487
3,Bryce Harper,2021,599,matched,1,fg:11579/mlbam:547180
4,Jose Ramirez,2021,636,matched,1,fg:13510/mlbam:608070
5,Vladimir Guerrero Jr.,2021,698,matched,1,fg:19611/mlbam:665489
6,Bryan Reynolds,2021,646,matched,1,fg:19326/mlbam:668804
7,Carlos Correa,2021,640,matched,1,fg:14162/mlbam:621043
8,Brandon Crawford,2021,549,matched,1,fg:5343/mlbam:543063
9,Cedric Mullins,2021,675,matched,1,fg:17929/mlbam:656775
10,Marcus Semien,2021,724,matched,1,fg:12533/mlbam:543760
11,Aaron Judge,2021,633,matched,1,fg:15640/mlbam:592450
12,Nicky Lopez,2021,565,matched,1,fg:19339/mlbam:670032
13,Tyler O'Neill,2021,537,matched,1,fg:15711/mlbam:641933
14,Buster Posey,2021,454,matched,1,fg:9166/mlbam:457763
15,Jose Altuve,2021,678,matched,1,fg:5417/mlbam:514888
16,Starling Marte,2021,526,matched,1,fg:9241/mlbam:516782
17,Austin Riley,2021,662,matched,1,fg:18360/mlbam:663586
18,Shohei Ohtani,2021,639,matched,1,fg:19755/mlbam:660271
19,Matt Olson,2021,673,matched,1,fg:14344/mlbam:621566
20,Kyle Tucker,2021,567,matched,1,fg:18345/mlbam:663656
21,Bo Bichette,2021,690,matched,1,fg:19612/mlbam:666182
22,Paul Goldschmidt,2021,679,matched,1,fg:9218/mlbam:502671
23,Freddie Freeman,2021,695,matched,1,fg:5361/mlbam:518692
24,Will Smith,2021,501,ambiguous,2,fg:8048/mlbam:519293;fg:19197/mlbam:669257
25,J.T. Realmuto,2021,537,matched,1,fg:11739/mlbam:592663
26,Max Muncy,2021,592,matched,1,fg:13301/mlbam:571970
27,Brandon Lowe,2021,615,matched,1,fg:18882/mlbam:664040
28,Manny Machado,2021,640,matched,1,fg:11493/mlbam:592518
29,Ronald Acuna Jr.,2021,360,matched,1,fg:18401/mlbam:660670
30,Joey Gallo,2021,616,matched,1,fg:14128/mlbam:608336
31,Nolan Arenado,2021,653,matched,1,fg:9777/mlbam:571448
32,Tim Anderson,2021,551,matched,1,fg:15172/mlbam:641313
33,Rafael Devers,2021,664,matched,1,fg:17350/mlbam:646240
34,Javier Baez,2021,547,matched,1,fg:12979/mlbam:595879
35,Byron Buxton,2021,254,matched,1,fg:14161/mlbam:621439
36,Xander Bogaerts,2021,603,matched,1,fg:12161/mlbam:593428
37,Mike Zunino,2021,375,matched,1,fg:13265/mlbam:572287
38,Teoscar Hernandez,2021,595,matched,1,fg:13066/mlbam:606192
39,Justin Turner,2021,612,matched,1,fg:5235/mlbam:457759
40,Jorge Polanco,2021,644,matched,1,fg:13152/mlbam:593871
41,Mookie Betts,2021,550,matched,1,fg:13611/mlbam:605141
42,Randy Arozarena,2021,604,matched,1,fg:19290/mlbam:668227
43,Jeimer Candelario,2021,626,matched,1,fg:13621/mlbam:600869
44,Francisco Lindor,2021,524,matched,1,fg:12916/mlbam:596019
45,Corey Seager,2021,409,matched,1,fg:13624/mlbam:608369
46,Nick Castellanos,2021,585,matched,1,fg:11737/mlbam:592206
47,Jake Cronenworth,2021,643,matched,1,fg:18036/mlbam:630105
48,Ozzie Albies,2021,686,matched,1,fg:16556/mlbam:645277
49,Yoan Moncada,2021,616,matched,1,fg:17232/mlbam:660162
50,Matt Chapman,2021,622,matched,1,fg:16505/mlbam:656305
51,Brandon Belt,2021,381,matched,1,fg:10264/mlbam:474832
52,Yasmani Grandal,2021,375,matched,1,fg:11368/mlbam:518735
53,Enrique Hernandez,2021,585,matched,1,fg:10472/mlbam:571771
54,Joey Votto,2021,533,matched,1,fg:4314/mlbam:458015
55,Yordan Alvarez,2021,598,matched,1,fg:19556/mlbam:670541
56,Pete Alonso,2021,637,matched,1,fg:19251/mlbam:624413
57,Jean Segura,2021,567,matched,1,fg:5933/mlbam:516416
58,Luis Robert Jr.,2021,296,matched,1,fg:20043/mlbam:673357
59,Jonathan India,2021,631,matched,1,fg:21523/mlbam:663697
60,Josh Donaldson,2021,543,matched,1,fg:5038/mlbam:518626
61,Yuli Gurriel,2021,605,matched,1,fg:19198/mlbam:493329
62,Dansby Swanson,2021,653,matched,1,fg:18314/mlbam:621020
63,Sean Murphy,2021,448,matched,1,fg:19352/mlbam:669221
64,Jesse Winker,2021,485,matched,1,fg:13590/mlbam:608385
65,A.J. Pollock,2021,422,matched,1,fg:9256/mlbam:572041
66,Brandon Nimmo,2021,386,matched,1,fg:12927/mlbam:607043
67,Ty France,2021,650,matched,1,fg:17982/mlbam:664034
68,Adam Frazier,2021,639,matched,1,fg:15223/mlbam:624428
69,Kris Bryant,2021,586,matched,1,fg:15429/mlbam:592178
70,Willy Adames,2021,555,matched,1,fg:15986/mlbam:642715
71,Joey Wendle,2021,501,matched,1,fg:13853/mlbam:621563
72,J.P. Crawford,2021,687,matched,1,fg:15491/mlbam:641487
73,Jacob Stallings,2021,427,matched,1,fg:13723/mlbam:607732
74,Myles Straw,2021,638,matched,1,fg:17620/mlbam:664702
75,Giancarlo Stanton,2021,579,matched,1,fg:4949/mlbam:519317
76,Tony Kemp,2021,397,matched,1,fg:14894/mlbam:643393
77,Tommy Edman,2021,691,matched,1,fg:19470/mlbam:669242
78,Darin Ruf,2021,312,matched,1,fg:9929/mlbam:573131
79,Harrison Bader,2021,401,matched,1,fg:18030/mlbam:664056
80,Max Stassi,2021,319,matched,1,fg:10059/mlbam:545358
81,Mark Canha,2021,625,matched,1,fg:11445/mlbam:592192
82,Jose Abreu,2021,659,matched,1,fg:15676/mlbam:547989
83,Chris Taylor,2021,582,matched,1,fg:13757/mlbam:621035
84,Omar Narvaez,2021,445,matched,1,fg:13338/mlbam:553882
85,Adolis Garcia,2021,622,matched,1,fg:19287/mlbam:666969
86,Amed Rosario,2021,588,matched,1,fg:15518/mlbam:642708
87,Kevin Kiermaier,2021,390,matched,1,fg:11038/mlbam:595281
88,Kyle Schwarber,2021,471,matched,1,fg:16478/mlbam:656941
89,J.D. Martinez,2021,634,matched,1,fg:6184/mlbam:502110
90,Salvador Perez,2021,665,matched,1,fg:7304/mlbam:521692
91,Willson Contreras,2021,483,matched,1,fg:11609/mlbam:575929
92,George Springer,2021,342,matched,1,fg:12856/mlbam:543807
93,Hunter Renfroe,2021,572,matched,1,fg:15464/mlbam:592669
94,Kolten Wong,2021,492,matched,1,fg:12532/mlbam:543939
95,Robbie Grossman,2021,671,matched,1,fg:5254/mlbam:543257
96,Trent Grisham,2021,527,matched,1,fg:18564/mlbam:663757
97,Whit Merrifield,2021,720,matched,1,fg:11281/mlbam:593160
98,Eduardo Escobar,2021,599,matched,1,fg:6153/mlbam:500871
99,Ryan McMahon,2021,596,matched,1,fg:15112/mlbam:641857
100,Ketel Marte,2021,374,matched,1,fg:13613/mlbam:606466
101,Jared Walsh,2021,585,matched,1,fg:18607/mlbam:665120
102,Patrick Wisdom,2021,375,matched,1,fg:13602/mlbam:621550
103,Wander Franco,2021,308,matched,1,fg:23667/mlbam:677551
104,Luis Urias,2021,570,matched,1,fg:16622/mlbam:649966
105,Dylan Carlson,2021,619,matched,1,fg:20126/mlbam:666185
106,C.J. Cron,2021,547,matched,1,fg:12546/mlbam:543068
107,Avisail Garcia,2021,515,matched,1,fg:5760/mlbam:541645
108,Adam Duvall,2021,555,matched,1,fg:10950/mlbam:594807
109,Josh Harrison,2021,558,matched,1,fg:8202/mlbam:543281
110,Kyle Seager,2021,670,matched,1,fg:9785/mlbam:572122
111,Josh Bell,2021,568,matched,1,fg:13145/mlbam:605137
112,Trevor Story,2021,595,matched,1,fg:12564/mlbam:596115
113,Michael Brantley,2021,508,matched,1,fg:4106/mlbam:488726
114,Anthony Rizzo,2021,576,matched,1,fg:3473/mlbam:519203
115,Wil Myers,2021,500,matched,1,fg:10047/mlbam:571976
116,Jonathan Schoop,2021,674,matched,1,fg:11265/mlbam:570731
117,Brett Phillips,2021,292,matched,1,fg:14735/mlbam:621433
118,Yan Gomes,2021,375,matched,1,fg:9627/mlbam:543228
119,Max Kepler,2021,490,matched,1,fg:12144/mlbam:596146
120,Mike Trout,2021,146,matched,1,fg:10155/mlbam:545361
121,Mitch Garver,2021,243,matched,1,fg:15161/mlbam:641598
122,Mitch Haniger,2021,691,matched,1,fg:14274/mlbam:571745
123,Alex Bregman,2021,400,matched,1,fg:17678/mlbam:608324
124,Mike Yastrzemski,2021,532,matched,1,fg:14854/mlbam:573262
125,Chas McCormick,2021,320,matched,1,fg:19599/mlbam:676801
126,Kyle Farmer,2021,529,matched,1,fg:14813/mlbam:571657
127,DJ LeMahieu,2021,679,matched,1,fg:9874/mlbam:518934
128,Manuel Margot,2021,464,matched,1,fg:14712/mlbam:622534
129,Frank Schwindel,2021,259,matched,1,fg:15351/mlbam:643524
130,Evan Longoria,2021,291,matched,1,fg:9368/mlbam:446334
131,Nathaniel Lowe,2021,642,matched,1,fg:19566/mlbam:663993
132,Jonathan Villar,2021,505,matched,1,fg:10071/mlbam:542340
133,Edmundo Sosa,2021,326,matched,1,fg:17022/mlbam:624641
134,Michael A. Taylor,2021,528,unmatched,0,
135,Rhys Hoskins,2021,443,matched,1,fg:16472/mlbam:656555
136,Nelson Cruz,2021,584,matched,1,fg:2434/mlbam:443558
137,LaMonte Wade Jr.,2021,381,matched,1,fg:18126/mlbam:664774
138,Wilmer Flores,2021,436,matched,1,fg:5827/mlbam:527038
139,Santiago Espinal,2021,246,matched,1,fg:19997/mlbam:669289
140,Alex Verdugo,2021,604,matched,1,fg:17027/mlbam:657077
141,Austin Hays,2021,529,matched,1,fg:19363/mlbam:669720
142,Steven Duggar,2021,297,matched,1,fg:17719/mlbam:621453
143,Miguel Rojas,2021,539,matched,1,fg:7802/mlbam:500743
144,Ke'Bryan Hayes,2021,396,matched,1,fg:18577/mlbam:663647
145,Tyler Stephenson,2021,402,matched,1,fg:17988/mlbam:663886
146,Ramon Laureano,2021,378,matched,1,fg:17128/mlbam:657656
147,Daulton Varsho,2021,315,matched,1,fg:19918/mlbam:662139
148,Manny Pina,2021,208,matched,1,fg:2829/mlbam:444489
149,Jazz Chisholm Jr.,2021,507,matched,1,fg:20454/mlbam:665862
150,Jose Iglesias,2021,511,matched,1,fg:10231/mlbam:578428
151,Franmil Reyes,2021,466,matched,1,fg:14566/mlbam:614177
152,Lourdes Gurriel Jr.,2021,541,matched,1,fg:19238/mlbam:666971
153,Elias Diaz,2021,371,matched,1,fg:11680/mlbam:553869
154,Akil Baddoo,2021,461,matched,1,fg:22168/mlbam:668731
155,Carson Kelly,2021,359,matched,1,fg:13620/mlbam:608348
156,Josh Rojas,2021,550,matched,1,fg:19734/mlbam:668942
157,Yandy Diaz,2021,541,matched,1,fg:16578/mlbam:650490
158,Rafael Ortega,2021,330,matched,1,fg:10323/mlbam:542364
159,Nico Hoerner,2021,170,matched,1,fg:21479/mlbam:663538
160,Luis Arraez,2021,479,matched,1,fg:18568/mlbam:650333
161,Isiah Kiner-Falefa,2021,677,matched,1,fg:16512/mlbam:643396
162,Elvis Andrus,2021,541,matched,1,fg:8709/mlbam:462101
163,Andrew McCutchen,2021,574,matched,1,fg:9847/mlbam:457705
164,Danny Jansen,2021,205,matched,1,fg:16535/mlbam:643376
165,Austin Meadows,2021,591,matched,1,fg:15672/mlbam:640457
166,Ian Happ,2021,535,matched,1,fg:17919/mlbam:664023
167,Austin Slater,2021,306,matched,1,fg:16153/mlbam:596103
168,Michael Conforto,2021,479,matched,1,fg:16376/mlbam:624424
169,Lorenzo Cain,2021,286,matched,1,fg:9077/mlbam:456715
170,David Peralta,2021,538,matched,1,fg:2136/mlbam:444482
171,Aledmys Diaz,2021,319,matched,1,fg:15937/mlbam:649557
172,Leury Garcia,2021,474,matched,1,fg:5913/mlbam:544725
173,Cesar Hernandez,2021,637,matched,1,fg:10556/mlbam:514917
174,Tucker Barnhart,2021,388,matched,1,fg:10200/mlbam:571466
175,Yadier Molina,2021,473,matched,1,fg:7007/mlbam:425877
176,Nick Ahmed,2021,473,matched,1,fg:12147/mlbam:605113
177,Tyler Naquin,2021,454,matched,1,fg:13359/mlbam:571980
178,Andrew Benintendi,2021,538,matched,1,fg:17901/mlbam:643217
179,Donovan Solano,2021,344,matched,1,fg:8623/mlbam:456781
180,Alcides Escobar,2021,349,matched,1,fg:6310/mlbam:444876
181,Christian Yelich,2021,475,matched,1,fg:11477/mlbam:592885
182,Odubel Herrera,2021,492,matched,1,fg:11476/mlbam:546318
183,Gleyber Torres,2021,516,matched,1,fg:16997/mlbam:650402
184,Bradley Zimmer,2021,348,matched,1,fg:16221/mlbam:605548
185,Reese McGuire,2021,217,matched,1,fg:15674/mlbam:624512
186,Adam Engel,2021,140,matched,1,fg:15082/mlbam:641553
187,J.D. Davis,2021,211,matched,1,fg:16219/mlbam:605204
188,Jesus Aguilar,2021,510,matched,1,fg:11342/mlbam:542583
189,Tyrone Taylor,2021,271,matched,1,fg:13675/mlbam:621438
190,Nick Madrigal,2021,215,matched,1,fg:20521/mlbam:663611
191,Paul DeJong,2021,402,matched,1,fg:18015/mlbam:657557
192,Rougned Odor,2021,361,matched,1,fg:12282/mlbam:596059
193,Thairo Estrada,2021,132,matched,1,fg:16426/mlbam:642731
194,Jason Castro,2021,179,matched,1,fg:8722/mlbam:488771
195,Brendan Rodgers,2021,415,matched,1,fg:17907/mlbam:663898
196,Matt Duffy,2021,322,matched,1,fg:13836/mlbam:622110
197,Francisco Mejia,2021,277,matched,1,fg:16403/mlbam:642336
198,Gio Urshela,2021,442,matched,1,fg:10681/mlbam:570482
199,Austin Nola,2021,194,matched,1,fg:15941/mlbam:543592
200,Nick Solak,2021,511,matched,1,fg:19294/mlbam:669256
201,Ryan Jeffers,2021,293,matched,1,fg:24618/mlbam:680777
202,Ramon Urias,2021,296,matched,1,fg:18795/mlbam:602104
203,Jake Meyers,2021,163,matched,1,fg:20308/mlbam:676694
204,Ji-Man Choi,2021,305,matched,1,fg:5452/mlbam:596847
205,Andy Ibanez,2021,272,matched,1,fg:18819/mlbam:628451
206,Seth Brown,2021,307,matched,1,fg:18171/mlbam:664913
207,Gary Sanchez,2021,440,matched,1,fg:11442/mlbam:596142
208,Tommy Pham,2021,561,matched,1,fg:2967/mlbam:502054
209,Jake Fraley,2021,265,matched,1,fg:19260/mlbam:641584
210,Jeff McNeil,2021,426,matched,1,fg:15362/mlbam:643446
211,Dylan Moore,2021,377,matched,1,fg:18042/mlbam:664238
212,Jesus Sanchez,2021,251,matched,1,fg:19913/mlbam:660821
213,Eric Haase,2021,381,matched,1,fg:14111/mlbam:606992
214,Adalberto Mondesi,2021,136,matched,1,fg:13769/mlbam:609275
215,Brian Anderson,2021,264,matched,1,fg:18289/mlbam:605119
216,Freddy Galvis,2021,394,matched,1,fg:6609/mlbam:520471
217,Gavin Lux,2021,381,matched,1,fg:19955/mlbam:666158
218,Brett Gardner,2021,461,matched,1,fg:9927/mlbam:458731
219,Charlie Culberson,2021,271,matched,1,fg:3298/mlbam:518586
220,Christian Vazquez,2021,498,matched,1,fg:9774/mlbam:543877
221,Niko Goodrum,2021,325,matched,1,fg:12092/mlbam:592348
222,Sergio Alcantara,2021,255,matched,1,fg:16417/mlbam:642727
223,Jose Trevino,2021,302,matched,1,fg:16725/mlbam:624431
224,Connor Joe,2021,211,matched,1,fg:16572/mlbam:656582
225,Jake Rogers,2021,127,matched,1,fg:19452/mlbam:668670
226,Miguel Sano,2021,532,matched,1,fg:12164/mlbam:593934
227,Taylor Ward,2021,237,matched,1,fg:17548/mlbam:621493
228,Christian Arroyo,2021,181,matched,1,fg:16434/mlbam:624414
229,Trey Mancini,2021,616,matched,1,fg:15149/mlbam:641820
230,Lane Thomas,2021,264,matched,1,fg:16939/mlbam:657041
231,Eddie Rosario,2021,412,matched,1,fg:12155/mlbam:592696
232,Eric Hosmer,2021,565,matched,1,fg:3516/mlbam:543333
233,Jed Lowrie,2021,512,matched,1,fg:4418/mlbam:476704
234,Travis d'Arnaud,2021,229,matched,1,fg:7739/mlbam:518595
235,Andrelton Simmons,2021,451,matched,1,fg:10847/mlbam:592743
236,Garrett Cooper,2021,250,matched,1,fg:15279/mlbam:643265
237,Ryan Mountcastle,2021,586,matched,1,fg:18373/mlbam:663624
238,Bryan De La Cruz,2021,219,matched,1,fg:19600/mlbam:650559
239,Tres Barrera,2021,107,matched,1,fg:19977/mlbam:668663
240,Corey Dickerson,2021,365,matched,1,fg:10762/mlbam:572816
241,Jace Peterson,2021,302,matched,1,fg:12325/mlbam:607054
242,Starlin Castro,2021,346,matched,1,fg:4579/mlbam:516770
243,Yu Chang,2021,251,matched,1,fg:14773/mlbam:644374
244,David Fletcher,2021,665,matched,1,fg:17992/mlbam:664058
245,Robinson Chirinos,2021,112,matched,1,fg:3142/mlbam:455139
246,Brad Miller,2021,377,matched,1,fg:12775/mlbam:543543
247,Alejandro Kirk,2021,189,matched,1,fg:22581/mlbam:672386
248,Pavin Smith,2021,545,matched,1,fg:19892/mlbam:656976
249,Travis Jankowski,2021,157,matched,1,fg:13768/mlbam:608671
250,Derek Hill,2021,150,matched,1,fg:16947/mlbam:656537
251,Guillermo Heredia,2021,347,matched,1,fg:18721/mlbam:628338
252,Austin Barnes,2021,225,matched,1,fg:12158/mlbam:605131
253,Kyle Higashioka,2021,211,matched,1,fg:5517/mlbam:543309
254,Andres Gimenez,2021,210,matched,1,fg:19950/mlbam:665926
255,Cam Gallagher,2021,124,matched,1,fg:12981/mlbam:595956
256,Jonah Heim,2021,285,matched,1,fg:16930/mlbam:641680
257,Tomas Nido,2021,161,matched,1,fg:13755/mlbam:621512
258,Jordan Luplow,2021,193,matched,1,fg:16424/mlbam:656669
259,Luke Voit,2021,241,matched,1,fg:14811/mlbam:572228
260,Lars Nootbaar,2021,124,matched,1,fg:21454/mlbam:663457
261,Ehire Adrianza,2021,209,matched,1,fg:8418/mlbam:501303
262,Kyle Lewis,2021,147,matched,1,fg:19508/mlbam:641786
263,Tommy La Stella,2021,242,matched,1,fg:12371/mlbam:600303
264,Randal Grichuk,2021,545,matched,1,fg:10243/mlbam:545341
265,Kevin Pillar,2021,347,matched,1,fg:12434/mlbam:607680
266,Tyler Wade,2021,145,matched,1,fg:15730/mlbam:642180
267,Brandon Marsh,2021,260,matched,1,fg:20202/mlbam:669016
268,Oscar Mercado,2021,238,matched,1,fg:16375/mlbam:640458
269,Jack Mayfield,2021,290,matched,1,fg:15402/mlbam:608686
270,Tom Murphy,2021,325,matched,1,fg:13499/mlbam:608596
271,Jose Peraza,2021,154,matched,1,fg:13593/mlbam:606299
272,Gavin Sheets,2021,179,matched,1,fg:19901/mlbam:657757
273,Bobby Dalbec,2021,453,matched,1,fg:19966/mlbam:666915
274,Raimel Tapia,2021,533,matched,1,fg:14350/mlbam:606132
275,Luis Guillorme,2021,156,matched,1,fg:16451/mlbam:641645
276,Jake Marisnick,2021,198,matched,1,fg:11339/mlbam:545350
277,Matt Beaty,2021,234,matched,1,fg:17710/mlbam:607461
278,Sam Hilliard,2021,238,matched,1,fg:17954/mlbam:656541
279,Ryan Zimmerman,2021,273,matched,1,fg:4220/mlbam:475582
280,Kyle Garlick,2021,107,matched,1,fg:18063/mlbam:664247
281,Kevin Plawecki,2021,173,matched,1,fg:13807/mlbam:608700
282,Josh Naylor,2021,250,matched,1,fg:18839/mlbam:647304
283,Alex Avila,2021,111,matched,1,fg:7476/mlbam:488671
284,Hanser Alberto,2021,255,matched,1,fg:11902/mlbam:593643
285,Dom Nunez,2021,263,matched,1,fg:15055/mlbam:624513
286,Abraham Toro,2021,375,matched,1,fg:19844/mlbam:647351
287,Jorge Mateo,2021,209,matched,1,fg:17273/mlbam:622761
288,Rob Refsnyder,2021,157,matched,1,fg:13770/mlbam:608701
289,Ronald Torreyes,2021,344,matched,1,fg:11400/mlbam:591720
290,Ernie Clement,2021,133,matched,1,fg:20352/mlbam:676391
291,Ha-seong Kim,2021,298,matched,1,fg:27506/mlbam:673490
292,Taylor Walls,2021,176,matched,1,fg:22458/mlbam:670764
293,Eloy Jimenez,2021,231,matched,1,fg:17484/mlbam:650391
294,Bobby Bradley,2021,279,matched,1,fg:17278/mlbam:656252
295,Joc Pederson,2021,481,matched,1,fg:11899/mlbam:592626
296,Alex Kirilloff,2021,231,matched,1,fg:20325/mlbam:666135
297,Anthony Alford,2021,148,matched,1,fg:14329/mlbam:546990
298,Victor Reyes,2021,220,matched,1,fg:15487/mlbam:622682
299,Christian Walker,2021,445,matched,1,fg:13419/mlbam:572233
300,Yonathan Daza,2021,331,matched,1,fg:15794/mlbam:602074
301,Curt Casali,2021,231,matched,1,fg:12510/mlbam:592200
302,Nick Gordon,2021,216,matched,1,fg:16337/mlbam:624503
303,James McCann,2021,412,matched,1,fg:12859/mlbam:543510
304,Billy Hamilton,2021,135,matched,1,fg:10199/mlbam:571740
305,Martin Maldonado,2021,426,matched,1,fg:6887/mlbam:455117
306,Austin Hedges,2021,312,matched,1,fg:12976/mlbam:595978
307,Max Schrock,2021,134,matched,1,fg:17750/mlbam:621011
308,Yadiel Hernandez,2021,289,matched,1,fg:19334/mlbam:628450
309,Luis Torrens,2021,378,matched,1,fg:15905/mlbam:620443
310,Alex Dickerson,2021,312,matched,1,fg:12649/mlbam:543105
311,Wilmer Difo,2021,240,matched,1,fg:14320/mlbam:594694
312,Anthony Rendon,2021,249,matched,1,fg:12861/mlbam:543685
313,Chad Pinder,2021,233,matched,1,fg:15191/mlbam:640461
314,Nick Maton,2021,131,matched,1,fg:21635/mlbam:665155
315,Justin Upton,2021,362,matched,1,fg:5222/mlbam:457708
316,Trevor Larnach,2021,301,matched,1,fg:21501/mlbam:663616
317,Garrett Hampson,2021,494,matched,1,fg:19262/mlbam:641658
318,DJ Peters,2021,240,matched,1,fg:19348/mlbam:656847
319,Mauricio Dubon,2021,187,matched,1,fg:16530/mlbam:643289
320,Luke Williams,2021,108,matched,1,fg:19931/mlbam:663897
321,Jon Berti,2021,271,matched,1,fg:12037/mlbam:542932
322,Yonny Hernandez,2021,166,matched,1,fg:19432/mlbam:660634
323,Yermin Mercedes,2021,262,matched,1,fg:17423/mlbam:606213
324,Albert Pujols,2021,296,matched,1,fg:1177/mlbam:405395
325,Jo Adell,2021,140,matched,1,fg:20220/mlbam:666176
326,D.J. Stewart,2021,318,matched,1,fg:17766/mlbam:621466
327,Lewin Diaz,2021,128,matched,1,fg:18365/mlbam:650331
328,Jordy Mercer,2021,127,matched,1,fg:6547/mlbam:474568
329,Michael Chavis,2021,124,matched,1,fg:17321/mlbam:656308
330,Hoy Park,2021,150,matched,1,fg:18027/mlbam:660829
331,Jason Heyward,2021,353,matched,1,fg:4940/mlbam:518792
332,Jorge Alfaro,2021,311,matched,1,fg:12180/mlbam:595751
333,Willi Castro,2021,450,matched,1,fg:17338/mlbam:650489
334,Kelvin Gutierrez,2021,295,matched,1,fg:17468/mlbam:642721
335,Roberto Perez,2021,161,matched,1,fg:2900/mlbam:547379
336,Ryan McKenna,2021,197,matched,1,fg:19928/mlbam:663630
337,Jorge Soler,2021,602,matched,1,fg:14221/mlbam:624585
338,Riley Adams,2021,120,matched,1,fg:19864/mlbam:656180
339,Eugenio Suarez,2021,574,matched,1,fg:12552/mlbam:553993
340,Brian Goodwin,2021,271,matched,1,fg:12858/mlbam:571718
341,Jake Lamb,2021,170,matched,1,fg:13329/mlbam:571875
342,Miguel Andujar,2021,162,matched,1,fg:15878/mlbam:609280
343,Alec Bohm,2021,417,matched,1,fg:21618/mlbam:664761
344,Billy McKinney,2021,300,matched,1,fg:15654/mlbam:641856
345,Daz Cameron,2021,115,matched,1,fg:18353/mlbam:663662
346,Victor Caratini,2021,356,matched,1,fg:14968/mlbam:605170
347,Aaron Hicks,2021,126,matched,1,fg:5297/mlbam:543305
348,Stephen Vogt,2021,238,matched,1,fg:5000/mlbam:519390
349,Taylor Trammell,2021,178,matched,1,fg:19960/mlbam:666211
350,Mike Brosseau,2021,169,matched,1,fg:19683/mlbam:670712
351,Charlie Blackmon,2021,582,matched,1,fg:7859/mlbam:453568
352,Ben Gamel,2021,400,matched,1,fg:12160/mlbam:592325
353,Daniel Vogelbach,2021,258,matched,1,fg:14130/mlbam:596129
354,Abraham Almonte,2021,175,matched,1,fg:5486/mlbam:501659
355,William Contreras,2021,185,matched,1,fg:20503/mlbam:661388
356,Mitch Moreland,2021,252,matched,1,fg:3086/mlbam:519048
357,Edward Olivares,2021,111,matched,1,fg:19698/mlbam:658668
358,Asdrubal Cabrera,2021,352,matched,1,fg:4962/mlbam:452678
359,Phil Gosselin,2021,373,unmatched,0,
360,Taylor Jones,2021,108,matched,1,fg:19533/mlbam:622100
361,Zach McKinstry,2021,172,matched,1,fg:19392/mlbam:656716
362,Nick Senzel,2021,124,matched,1,fg:19293/mlbam:669222
363,Seby Zavala,2021,104,matched,1,fg:18887/mlbam:664874
364,Mike Tauchman,2021,191,matched,1,fg:15274/mlbam:643565
365,Eli White,2021,220,matched,1,fg:19346/mlbam:642201
366,Cal Raleigh,2021,148,matched,1,fg:21534/mlbam:663728
367,Andy Young,2021,104,unmatched,0,
368,Colin Moran,2021,359,matched,1,fg:16909/mlbam:592567
369,Anthony Santander,2021,438,matched,1,fg:14551/mlbam:623993
370,Aristides Aquino,2021,204,matched,1,fg:15482/mlbam:606157
371,Harold Ramirez,2021,361,matched,1,fg:14387/mlbam:623912
372,Yoshi Tsutsugo,2021,262,matched,1,fg:27459/mlbam:660294
373,Jose Rojas,2021,184,matched,1,fg:19331/mlbam:670351
374,Josh VanMeter,2021,310,matched,1,fg:15170/mlbam:642165
375,Marcell Ozuna,2021,208,matched,1,fg:10324/mlbam:542303
376,Andrew Stevenson,2021,213,matched,1,fg:17932/mlbam:664057
377,Nomar Mazara,2021,181,matched,1,fg:14553/mlbam:608577
378,Danny Santana,2021,127,matched,1,fg:10322/mlbam:542454
379,Brock Holt,2021,260,matched,1,fg:9345/mlbam:571788
380,Jarrod Dyson,2021,149,matched,1,fg:4866/mlbam:502481
381,Leody Taveras,2021,185,matched,1,fg:18900/mlbam:665750
382,Rowdy Tellez,2021,325,matched,1,fg:15679/mlbam:642133
383,Andrew Vaughn,2021,469,matched,1,fg:26197/mlbam:683734
384,Brent Rooker,2021,213,matched,1,fg:19627/mlbam:667670
385,Cavan Biggio,2021,294,matched,1,fg:19252/mlbam:624415
386,Kole Calhoun,2021,182,matched,1,fg:11200/mlbam:594777
387,Jurickson Profar,2021,412,matched,1,fg:10815/mlbam:595777
388,Gerardo Parra,2021,107,matched,1,fg:8553/mlbam:467827
389,Cole Tucker,2021,131,matched,1,fg:17326/mlbam:657061
390,Lewis Brinson,2021,290,matched,1,fg:14352/mlbam:621446
391,Shed Long Jr.,2021,121,matched,1,fg:16542/mlbam:643418
392,David Bote,2021,327,matched,1,fg:14593/mlbam:623520
393,Victor Robles,2021,369,matched,1,fg:18363/mlbam:645302
394,Danny Mendick,2021,186,matched,1,fg:18889/mlbam:664901
395,Matt Carpenter,2021,249,matched,1,fg:8090/mlbam:572761
396,Jarren Duran,2021,112,matched,1,fg:24617/mlbam:680776
397,Jake Bauers,2021,315,matched,1,fg:15194/mlbam:641343
398,Magneuris Sierra,2021,225,matched,1,fg:17023/mlbam:642423
399,Josh Reddick,2021,158,matched,1,fg:3892/mlbam:502210
400,Mike Moustakas,2021,206,matched,1,fg:4892/mlbam:519058
401,Juan Lagares,2021,327,matched,1,fg:5384/mlbam:501571
402,Kurt Suzuki,2021,247,matched,1,fg:8259/mlbam:435559
403,Stephen Piscotty,2021,188,matched,1,fg:13367/mlbam:572039
404,Khris Davis,2021,114,matched,1,fg:9112/mlbam:501981
405,Jason Martin,2021,154,matched,1,fg:16429/mlbam:641829
406,Kevin Newman,2021,554,matched,1,fg:17696/mlbam:621028
407,Rio Ruiz,2021,141,matched,1,fg:14103/mlbam:547004
408,Miguel Cabrera,2021,526,matched,1,fg:1744/mlbam:408234
409,Willie Calhoun,2021,284,matched,1,fg:17838/mlbam:641432
410,Harold Castro,2021,339,matched,1,fg:14691/mlbam:605612
411,Travis Shaw,2021,250,matched,1,fg:11982/mlbam:543768
412,Wilson Ramos,2021,163,matched,1,fg:1433/mlbam:467092
413,Willians Astudillo,2021,216,matched,1,fg:15608/mlbam:553902
414,Jarred Kelenic,2021,377,matched,1,fg:22558/mlbam:672284
415,Jake Cave,2021,178,matched,1,fg:14477/mlbam:595909
416,Alex Jackson,2021,151,matched,1,fg:17276/mlbam:656577
417,Jonathan Davis,2021,103,ambiguous,2,fg:15104/mlbam:641505;fg:16219/mlbam:605204
418,Ryan O'Hearn,2021,254,matched,1,fg:16442/mlbam:656811
419,Maikel Franco,2021,403,matched,1,fg:12179/mlbam:596748
420,Adam Eaton,2021,288,matched,1,fg:11205/mlbam:594809
421,Eric Sogard,2021,180,matched,1,fg:7927/mlbam:519299
422,Marwin Gonzalez,2021,307,matched,1,fg:5497/mlbam:503556
423,Jose Marmolejos,2021,122,matched,1,fg:15767/mlbam:592530
424,Erik Gonzalez,2021,229,matched,1,fg:13369/mlbam:570481
425,Tim Locastro,2021,156,matched,1,fg:15124/mlbam:641796
426,Pedro Severino,2021,419,matched,1,fg:14523/mlbam:600474
427,Luis Garcia Jr.,2021,247,ambiguous,3,fg:23735/mlbam:677651;fg:20391/mlbam:671277;fg:6984/mlbam:472610
428,Phillip Evans,2021,247,matched,1,fg:12950/mlbam:595943
429,John Nogowski,2021,143,matched,1,fg:16852/mlbam:596056
430,Richie Martin,2021,105,matched,1,fg:17736/mlbam:621006
431,Owen Miller,2021,202,matched,1,fg:24655/mlbam:680911
432,Austin Wynns,2021,139,matched,1,fg:15271/mlbam:642851
433,Shogo Akiyama,2021,183,matched,1,fg:27461/mlbam:673451
434,Justin Williams,2021,137,matched,1,fg:15490/mlbam:642211
435,Michael Perez,2021,231,matched,1,fg:12977/mlbam:605421
436,JaCoby Jones,2021,105,matched,1,fg:14818/mlbam:592444
437,Kevan Smith,2021,106,matched,1,fg:12284/mlbam:607345
438,Evan White,2021,104,matched,1,fg:20078/mlbam:657108
439,Carlos Santana,2021,659,matched,1,fg:2396/mlbam:467793
440,Jackson Frazier,2021,218,unmatched,0,
441,Keston Hiura,2021,197,matched,1,fg:20003/mlbam:669374
442,Pat Valaika,2021,281,matched,1,fg:14885/mlbam:642162
443,Zack Short,2021,184,matched,1,fg:19562/mlbam:670097
444,Sandy Leon,2021,220,matched,1,fg:5273/mlbam:506702
445,Franchy Cordero,2021,136,matched,1,fg:14567/mlbam:614173
446,Hunter Dozier,2021,543,matched,1,fg:15117/mlbam:641531
447,David Dahl,2021,220,matched,1,fg:13744/mlbam:621311
448,Luis Rengifo,2021,190,matched,1,fg:19858/mlbam:650859
449,Robel Garcia,2021,117,matched,1,fg:13167/mlbam:596825
450,Dominic Smith,2021,493,matched,1,fg:15653/mlbam:642086
451,Didi Gregorius,2021,408,matched,1,fg:6012/mlbam:544369
452,Gregory Polanco,2021,382,matched,1,fg:12907/mlbam:570256
453,Joshua Fuentes,2021,284,matched,1,fg:16885/mlbam:658069
454,Cody Bellinger,2021,350,matched,1,fg:15998/mlbam:641355
455,Andrew Knizner,2021,185,matched,1,fg:19514/mlbam:668800
456,Ka'ai Tom,2021,133,matched,1,fg:18136/mlbam:664789
457,Zack Collins,2021,231,matched,1,fg:19181/mlbam:641470
458,Carter Kieboom,2021,249,matched,1,fg:19958/mlbam:666198
459,Isan Diaz,2021,277,matched,1,fg:17922/mlbam:656371
460,Joe Panik,2021,257,matched,1,fg:11936/mlbam:605412
461,Andrew Knapp,2021,159,matched,1,fg:14942/mlbam:595284
462,Jackie Bradley Jr.,2021,428,matched,1,fg:12984/mlbam:598265
463,Aaron Judge,2022,696,matched,1,fg:15640/mlbam:592450
464,Nolan Arenado,2022,620,matched,1,fg:9777/mlbam:571448
465,Manny Machado,2022,644,matched,1,fg:11493/mlbam:592518
466,Jose Altuve,2022,604,matched,1,fg:5417/mlbam:514888
467,Paul Goldschmidt,2022,651,matched,1,fg:9218/mlbam:502671
468,Freddie Freeman,2022,708,matched,1,fg:5361/mlbam:518692
469,J.T. Realmuto,2022,562,matched,1,fg:11739/mlbam:592663
470,Dansby Swanson,2022,696,matched,1,fg:18314/mlbam:621020
471,Yordan Alvarez,2022,561,matched,1,fg:19556/mlbam:670541
472,Francisco Lindor,2022,706,matched,1,fg:12916/mlbam:596019
473,Trea Turner,2022,708,matched,1,fg:16252/mlbam:607208
474,Andres Gimenez,2022,557,matched,1,fg:19950/mlbam:665926
475,Mike Trout,2022,499,matched,1,fg:10155/mlbam:545361
476,Mookie Betts,2022,639,matched,1,fg:13611/mlbam:605141
477,Xander Bogaerts,2022,631,matched,1,fg:12161/mlbam:593428
478,Austin Riley,2022,693,matched,1,fg:18360/mlbam:663586
479,Jose Ramirez,2022,685,matched,1,fg:13510/mlbam:608070
480,Julio Rodriguez,2022,560,matched,1,fg:23697/mlbam:677594
481,Adley Rutschman,2022,470,matched,1,fg:26288/mlbam:668939
482,Jeff McNeil,2022,589,matched,1,fg:15362/mlbam:643446
483,Brandon Nimmo,2022,673,matched,1,fg:12927/mlbam:607043
484,Alex Bregman,2022,656,matched,1,fg:17678/mlbam:608324
485,Tommy Edman,2022,630,matched,1,fg:19470/mlbam:669242
486,Sean Murphy,2022,612,matched,1,fg:19352/mlbam:669221
487,Rafael Devers,2022,614,matched,1,fg:17350/mlbam:646240
488,Kyle Tucker,2022,609,matched,1,fg:18345/mlbam:663656
489,Bo Bichette,2022,697,matched,1,fg:19612/mlbam:666182
490,Michael Harris II,2022,441,matched,1,fg:25931/mlbam:671739
491,Steven Kwan,2022,638,matched,1,fg:24610/mlbam:680757
492,Carlos Correa,2022,590,matched,1,fg:14162/mlbam:621043
493,Willy Adames,2022,617,matched,1,fg:15986/mlbam:642715
494,Marcus Semien,2022,724,matched,1,fg:12533/mlbam:543760
495,Will Smith,2022,578,ambiguous,2,fg:8048/mlbam:519293;fg:19197/mlbam:669257
496,Eugenio Suarez,2022,629,matched,1,fg:12552/mlbam:553993
497,Alejandro Kirk,2022,541,matched,1,fg:22581/mlbam:672386
498,Corey Seager,2022,663,matched,1,fg:13624/mlbam:608369
499,Daulton Varsho,2022,592,matched,1,fg:19918/mlbam:662139
500,Nico Hoerner,2022,517,matched,1,fg:21479/mlbam:663538
501,Cal Raleigh,2022,415,matched,1,fg:21534/mlbam:663728
502,George Springer,2022,583,matched,1,fg:12856/mlbam:543807
503,Yandy Diaz,2022,558,matched,1,fg:16578/mlbam:650490
504,Christian Walker,2022,667,matched,1,fg:13419/mlbam:572233
505,Travis d'Arnaud,2022,426,matched,1,fg:7739/mlbam:518595
506,Matt Chapman,2022,621,matched,1,fg:16505/mlbam:656305
507,Pete Alonso,2022,685,matched,1,fg:19251/mlbam:624413
508,Jose Abreu,2022,679,matched,1,fg:15676/mlbam:547989
509,Jose Trevino,2022,353,matched,1,fg:16725/mlbam:624431
510,Juan Soto,2022,664,matched,1,fg:20123/mlbam:665742
511,Taylor Ward,2022,564,matched,1,fg:17548/mlbam:621493
512,Ian Happ,2022,641,matched,1,fg:17919/mlbam:664023
513,Cedric Mullins,2022,672,matched,1,fg:17929/mlbam:656775
514,Shohei Ohtani,2022,666,matched,1,fg:19755/mlbam:660271
515,Jake Cronenworth,2022,684,matched,1,fg:18036/mlbam:630105
516,Ha-seong Kim,2022,582,matched,1,fg:27506/mlbam:673490
517,Willson Contreras,2022,487,matched,1,fg:11609/mlbam:575929
518,Starling Marte,2022,505,matched,1,fg:9241/mlbam:516782
519,Byron Buxton,2022,382,matched,1,fg:14161/mlbam:621439
520,Elvis Andrus,2022,577,matched,1,fg:8709/mlbam:462101
521,Vladimir Guerrero Jr.,2022,706,matched,1,fg:19611/mlbam:665489
522,Jeremy Pena,2022,558,matched,1,fg:21636/mlbam:665161
523,Adolis Garcia,2022,657,matched,1,fg:19287/mlbam:666969
524,Nathaniel Lowe,2022,645,matched,1,fg:19566/mlbam:663993
525,Brandon Drury,2022,568,matched,1,fg:11615/mlbam:592273
526,Matt Olson,2022,699,matched,1,fg:14344/mlbam:621566
527,Ryan McMahon,2022,597,matched,1,fg:15112/mlbam:641857
528,DJ LeMahieu,2022,541,matched,1,fg:9874/mlbam:518934
529,Ke'Bryan Hayes,2022,560,matched,1,fg:18577/mlbam:663647
530,Teoscar Hernandez,2022,535,matched,1,fg:13066/mlbam:606192
531,Amed Rosario,2022,670,matched,1,fg:15518/mlbam:642708
532,Bryan Reynolds,2022,614,matched,1,fg:19326/mlbam:668804
533,Thairo Estrada,2022,541,matched,1,fg:16426/mlbam:642731
534,Jorge Mateo,2022,533,matched,1,fg:17273/mlbam:622761
535,Danny Jansen,2022,248,matched,1,fg:16535/mlbam:643376
536,Luis Arraez,2022,603,matched,1,fg:18568/mlbam:650333
537,Randy Arozarena,2022,645,matched,1,fg:19290/mlbam:668227
538,Gavin Lux,2022,471,matched,1,fg:19955/mlbam:666158
539,Jonah Heim,2022,450,matched,1,fg:16930/mlbam:641680
540,Bryce Harper,2022,426,matched,1,fg:11579/mlbam:547180
541,Lars Nootbaar,2022,347,matched,1,fg:21454/mlbam:663457
542,Ty France,2022,613,matched,1,fg:17982/mlbam:664034
543,Brendan Donovan,2022,468,matched,1,fg:24679/mlbam:680977
544,Gio Urshela,2022,551,matched,1,fg:10681/mlbam:570482
545,Gleyber Torres,2022,572,matched,1,fg:16997/mlbam:650402
546,Ramon Urias,2022,445,matched,1,fg:18795/mlbam:602104
547,Jazz Chisholm Jr.,2022,241,matched,1,fg:20454/mlbam:665862
548,Anthony Rizzo,2022,548,matched,1,fg:3473/mlbam:519203
549,Mark Canha,2022,542,matched,1,fg:11445/mlbam:592192
550,Josh Rojas,2022,510,matched,1,fg:19734/mlbam:668942
551,Trevor Story,2022,396,matched,1,fg:12564/mlbam:596115
552,Jurickson Profar,2022,658,matched,1,fg:10815/mlbam:595777
553,Matt Carpenter,2022,154,matched,1,fg:8090/mlbam:572761
554,Joc Pederson,2022,433,matched,1,fg:11899/mlbam:592626
555,Hunter Renfroe,2022,522,matched,1,fg:15464/mlbam:592669
556,Rhys Hoskins,2022,672,matched,1,fg:16472/mlbam:656555
557,Ronald Acuna Jr.,2022,533,matched,1,fg:18401/mlbam:660670
558,Luis Urias,2022,472,matched,1,fg:16622/mlbam:649966
559,Chas McCormick,2022,407,matched,1,fg:19599/mlbam:676801
560,Santiago Espinal,2022,491,matched,1,fg:19997/mlbam:669289
561,Trayce Thompson,2022,255,matched,1,fg:9952/mlbam:572204
562,Justin Turner,2022,532,matched,1,fg:5235/mlbam:457759
563,Anthony Santander,2022,647,matched,1,fg:14551/mlbam:623993
564,Kolten Wong,2022,497,matched,1,fg:12532/mlbam:543939
565,Wander Franco,2022,344,matched,1,fg:23667/mlbam:677551
566,Isaac Paredes,2022,381,matched,1,fg:20036/mlbam:670623
567,Bobby Witt Jr.,2022,632,matched,1,fg:25764/mlbam:677951
568,Kyle Schwarber,2022,669,matched,1,fg:16478/mlbam:656941
569,Jake McCarthy,2022,354,matched,1,fg:21622/mlbam:664983
570,Christian Yelich,2022,671,matched,1,fg:11477/mlbam:592885
571,Tim Anderson,2022,351,matched,1,fg:15172/mlbam:641313
572,J.P. Crawford,2022,603,matched,1,fg:15491/mlbam:641487
573,Jon Berti,2022,404,matched,1,fg:12037/mlbam:542932
574,Josh Bell,2022,647,matched,1,fg:13145/mlbam:605137
575,Austin Slater,2022,325,matched,1,fg:16153/mlbam:596103
576,Luis Robert Jr.,2022,401,matched,1,fg:20043/mlbam:673357
577,Tyrone Taylor,2022,405,matched,1,fg:13675/mlbam:621438
578,Jean Segura,2022,387,matched,1,fg:5933/mlbam:516416
579,Jace Peterson,2022,328,matched,1,fg:12325/mlbam:607054
580,Albert Pujols,2022,351,matched,1,fg:1177/mlbam:405395
581,William Contreras,2022,376,matched,1,fg:20503/mlbam:661388
582,Andrew Benintendi,2022,521,matched,1,fg:17901/mlbam:643217
583,Seiya Suzuki,2022,446,matched,1,fg:30116/mlbam:673548
584,Dylan Moore,2022,255,matched,1,fg:18042/mlbam:664238
585,Seby Zavala,2022,205,matched,1,fg:18887/mlbam:664874
586,Max Muncy,2022,565,matched,1,fg:13301/mlbam:571970
587,Javier Baez,2022,590,matched,1,fg:12979/mlbam:595879
588,Brandon Crawford,2022,458,matched,1,fg:5343/mlbam:543063
589,Josh Naylor,2022,498,matched,1,fg:18839/mlbam:647304
590,Eduardo Escobar,2022,542,matched,1,fg:6153/mlbam:500871
591,Austin Hays,2022,582,matched,1,fg:19363/mlbam:669720
592,Christian Vazquez,2022,426,matched,1,fg:9774/mlbam:543877
593,Dylan Carlson,2022,488,matched,1,fg:20126/mlbam:666185
594,Brendan Rodgers,2022,581,matched,1,fg:17907/mlbam:663898
595,Ketel Marte,2022,558,matched,1,fg:13613/mlbam:606466
596,Luis Guillorme,2022,335,matched,1,fg:16451/mlbam:641645
597,Michael A. Taylor,2022,456,unmatched,0,
598,Jose Siri,2022,325,matched,1,fg:17452/mlbam:642350
599,Joey Meneses,2022,240,matched,1,fg:14366/mlbam:608841
600,Jorge Polanco,2022,445,matched,1,fg:13152/mlbam:593871
601,Nick Gordon,2022,443,matched,1,fg:16337/mlbam:624503
602,Christopher Morel,2022,425,matched,1,fg:21897/mlbam:666624
603,David Peralta,2022,490,matched,1,fg:2136/mlbam:444482
604,Ryan Mountcastle,2022,609,matched,1,fg:18373/mlbam:663624
605,Luis Rengifo,2022,511,matched,1,fg:19858/mlbam:650859
606,Christian Bethancourt,2022,333,matched,1,fg:10028/mlbam:542194
607,Chris Taylor,2022,454,matched,1,fg:13757/mlbam:621035
608,Trent Grisham,2022,524,matched,1,fg:18564/mlbam:663757
609,Eloy Jimenez,2022,327,matched,1,fg:17484/mlbam:650391
610,Josh Donaldson,2022,546,matched,1,fg:5038/mlbam:518626
611,Kyle Higashioka,2022,248,matched,1,fg:5517/mlbam:543309
612,Tyler Stephenson,2022,183,matched,1,fg:17988/mlbam:663886
613,Seth Brown,2022,555,matched,1,fg:18171/mlbam:664913
614,Lourdes Gurriel Jr.,2022,493,matched,1,fg:19238/mlbam:666971
615,Kyle Farmer,2022,583,matched,1,fg:14813/mlbam:571657
616,Tyler O'Neill,2022,383,matched,1,fg:15711/mlbam:641933
617,Mike Yastrzemski,2022,558,matched,1,fg:14854/mlbam:573262
618,Josh Harrison,2022,425,matched,1,fg:8202/mlbam:543281
619,Keibert Ruiz,2022,433,matched,1,fg:19610/mlbam:660688
620,Max Kepler,2022,446,matched,1,fg:12144/mlbam:596146
621,Cody Bellinger,2022,550,matched,1,fg:15998/mlbam:641355
622,Victor Caratini,2022,314,matched,1,fg:14968/mlbam:605170
623,Myles Straw,2022,596,matched,1,fg:17620/mlbam:664702
624,Vinnie Pasquantino,2022,298,matched,1,fg:27676/mlbam:686469
625,Corbin Carroll,2022,115,matched,1,fg:25878/mlbam:682998
626,Daniel Vogelbach,2022,461,matched,1,fg:14130/mlbam:596129
627,J.D. Martinez,2022,596,matched,1,fg:6184/mlbam:502110
628,Oscar Gonzalez,2022,382,matched,1,fg:20970/mlbam:660757
629,C.J. Cron,2022,632,matched,1,fg:12546/mlbam:543068
630,Evan Longoria,2022,298,matched,1,fg:9368/mlbam:446334
631,Jose Miranda,2022,483,matched,1,fg:20538/mlbam:669304
632,Oneil Cruz,2022,361,matched,1,fg:21711/mlbam:665833
633,Sam Haggerty,2022,201,matched,1,fg:18054/mlbam:664059
634,Alec Bohm,2022,631,matched,1,fg:21618/mlbam:664761
635,Lane Thomas,2022,548,matched,1,fg:16939/mlbam:657041
636,Ildemaro Vargas,2022,222,matched,1,fg:13324/mlbam:545121
637,Brandon Marsh,2022,461,matched,1,fg:20202/mlbam:669016
638,Reese McGuire,2022,274,matched,1,fg:15674/mlbam:624512
639,Gary Sanchez,2022,471,matched,1,fg:11442/mlbam:596142
640,Harrison Bader,2022,313,matched,1,fg:18030/mlbam:664056
641,Isiah Kiner-Falefa,2022,531,matched,1,fg:16512/mlbam:643396
642,Tony Kemp,2022,558,matched,1,fg:14894/mlbam:643393
643,Tomas Nido,2022,313,matched,1,fg:13755/mlbam:621512
644,Harold Ramirez,2022,435,matched,1,fg:14387/mlbam:623912
645,Oswaldo Cabrera,2022,171,matched,1,fg:21707/mlbam:665828
646,Wilmer Flores,2022,602,matched,1,fg:5827/mlbam:527038
647,Jose Iglesias,2022,467,matched,1,fg:10231/mlbam:578428
648,Austin Barnes,2022,212,matched,1,fg:12158/mlbam:605131
649,Manuel Margot,2022,363,matched,1,fg:14712/mlbam:622534
650,Nick Fortes,2022,240,matched,1,fg:21538/mlbam:663743
651,Whit Merrifield,2022,550,matched,1,fg:11281/mlbam:593160
652,Cavan Biggio,2022,303,matched,1,fg:19252/mlbam:624415
653,Bryson Stott,2022,466,matched,1,fg:26294/mlbam:681082
654,Edmundo Sosa,2022,190,matched,1,fg:17022/mlbam:624641
655,Adam Frazier,2022,602,matched,1,fg:15223/mlbam:624428
656,Omar Narvaez,2022,296,matched,1,fg:13338/mlbam:553882
657,Jonathan Schoop,2022,510,matched,1,fg:11265/mlbam:570731
658,Garrett Cooper,2022,469,matched,1,fg:15279/mlbam:643265
659,Eric Haase,2022,351,matched,1,fg:14111/mlbam:606992
660,Patrick Wisdom,2022,534,matched,1,fg:13602/mlbam:621550
661,Wil Myers,2022,286,matched,1,fg:10047/mlbam:571976
662,Emmanuel Rivera,2022,359,matched,1,fg:19890/mlbam:656896
663,Kevin Newman,2022,309,matched,1,fg:17696/mlbam:621028
664,Leody Taveras,2022,341,matched,1,fg:18900/mlbam:665750
665,Michael Brantley,2022,277,matched,1,fg:4106/mlbam:488726
666,Giancarlo Stanton,2022,452,matched,1,fg:4949/mlbam:519317
667,J.D. Davis,2022,365,matched,1,fg:16219/mlbam:605204
668,Alex Verdugo,2022,644,matched,1,fg:17027/mlbam:657077
669,Jack Suwinski,2022,372,matched,1,fg:22244/mlbam:669261
670,Ozzie Albies,2022,269,matched,1,fg:16556/mlbam:645277
671,Joey Wendle,2022,371,matched,1,fg:13853/mlbam:621563
672,Miguel Rojas,2022,507,matched,1,fg:7802/mlbam:500743
673,Rob Refsnyder,2022,177,matched,1,fg:13770/mlbam:608701
674,Rowdy Tellez,2022,599,matched,1,fg:15679/mlbam:642133
675,Ji-Man Choi,2022,419,matched,1,fg:5452/mlbam:596847
676,Trey Mancini,2022,587,matched,1,fg:15149/mlbam:641820
677,Riley Greene,2022,418,matched,1,fg:25976/mlbam:682985
678,Kevin Kiermaier,2022,221,matched,1,fg:11038/mlbam:595281
679,David Villar,2022,181,matched,1,fg:24782/mlbam:681584
680,Mitch Haniger,2022,247,matched,1,fg:14274/mlbam:571745
681,Yonathan Daza,2022,408,matched,1,fg:15794/mlbam:602074
682,Rodolfo Castro,2022,278,matched,1,fg:21987/mlbam:666801
683,Anthony Rendon,2022,193,matched,1,fg:12861/mlbam:543685
684,Carlos Santana,2022,506,matched,1,fg:2396/mlbam:467793
685,Aaron Hicks,2022,453,matched,1,fg:5297/mlbam:543305
686,Yan Gomes,2022,293,matched,1,fg:9627/mlbam:543228
687,Nicky Lopez,2022,480,matched,1,fg:19339/mlbam:670032
688,Jake Fraley,2022,247,matched,1,fg:19260/mlbam:641584
689,Vaughn Grissom,2022,156,matched,1,fg:26031/mlbam:687093
690,Gunnar Henderson,2022,132,matched,1,fg:26289/mlbam:683002
691,Danny Mendick,2022,106,matched,1,fg:18889/mlbam:664901
692,Salvador Perez,2022,473,matched,1,fg:7304/mlbam:521692
693,Nate Eaton,2022,122,matched,1,fg:25055/mlbam:681987
694,Trevor Larnach,2022,180,matched,1,fg:21501/mlbam:663616
695,Aledmys Diaz,2022,327,matched,1,fg:15937/mlbam:649557
696,Jesse Winker,2022,547,matched,1,fg:13590/mlbam:608385
697,Adam Duvall,2022,315,matched,1,fg:10950/mlbam:594807
698,Willi Castro,2022,392,matched,1,fg:17338/mlbam:650489
699,Ryan Jeffers,2022,236,matched,1,fg:24618/mlbam:680777
700,Zach McKinstry,2022,185,matched,1,fg:19392/mlbam:656716
701,Yoan Moncada,2022,433,matched,1,fg:17232/mlbam:660162
702,David Fletcher,2022,228,matched,1,fg:17992/mlbam:664058
703,Alek Thomas,2022,411,matched,1,fg:23792/mlbam:677950
704,Martin Maldonado,2022,379,matched,1,fg:6887/mlbam:455117
705,Garrett Stubbs,2022,121,matched,1,fg:18067/mlbam:596117
706,Keston Hiura,2022,266,matched,1,fg:20003/mlbam:669374
707,TJ Friedl,2022,258,matched,1,fg:19522/mlbam:670770
708,Orlando Arcia,2022,234,matched,1,fg:13185/mlbam:606115
709,Rafael Ortega,2022,371,matched,1,fg:10323/mlbam:542364
710,Owen Miller,2022,472,matched,1,fg:24655/mlbam:680911
711,Luke Maile,2022,206,matched,1,fg:13355/mlbam:571912
712,Tyler Heineman,2022,174,matched,1,fg:13897/mlbam:623168
713,Kris Bryant,2022,181,matched,1,fg:15429/mlbam:592178
714,Mike Brosseau,2022,160,matched,1,fg:19683/mlbam:670712
715,Charles Leblanc,2022,169,matched,1,fg:19813/mlbam:641779
716,Eric Hosmer,2022,419,matched,1,fg:3516/mlbam:543333
717,Andrew McCutchen,2022,580,matched,1,fg:9847/mlbam:457705
718,Corey Dickerson,2022,297,matched,1,fg:10762/mlbam:572816
719,Brandon Lowe,2022,266,matched,1,fg:18882/mlbam:664040
720,Tommy Pham,2022,622,matched,1,fg:2967/mlbam:502054
721,A.J. Pollock,2022,527,matched,1,fg:9256/mlbam:572041
722,Austin Wynns,2022,177,matched,1,fg:15271/mlbam:642851
723,Ramon Laureano,2022,383,matched,1,fg:17128/mlbam:657656
724,Ryan McKenna,2022,172,matched,1,fg:19928/mlbam:663630
725,Jose Azocar,2022,216,matched,1,fg:18821/mlbam:640492
726,Carson Kelly,2022,354,matched,1,fg:13620/mlbam:608348
727,Brian Serven,2022,205,matched,1,fg:19422/mlbam:661531
728,Eli White,2022,117,matched,1,fg:19346/mlbam:642201
729,Jason Vosler,2022,111,matched,1,fg:16686/mlbam:613564
730,Darick Hall,2022,142,matched,1,fg:19717/mlbam:669742
731,Stuart Fairchild,2022,110,matched,1,fg:20321/mlbam:656413
732,Kerry Carpenter,2022,113,matched,1,fg:25961/mlbam:681481
733,Alex Call,2022,131,matched,1,fg:19296/mlbam:669743
734,David Bote,2022,127,matched,1,fg:14593/mlbam:623520
735,Bryan De La Cruz,2022,355,matched,1,fg:19600/mlbam:650559
736,Donovan Solano,2022,304,matched,1,fg:8623/mlbam:456781
737,Randal Grichuk,2022,538,matched,1,fg:10243/mlbam:545341
738,Tyler Naquin,2022,334,matched,1,fg:13359/mlbam:571980
739,Luis Gonzalez,2022,350,matched,1,fg:20332/mlbam:670768
740,Jesus Sanchez,2022,343,matched,1,fg:19913/mlbam:660821
741,Raimel Tapia,2022,433,matched,1,fg:14350/mlbam:606132
742,Odubel Herrera,2022,197,matched,1,fg:11476/mlbam:546318
743,Curt Casali,2022,176,matched,1,fg:12510/mlbam:592200
744,Albert Almora Jr.,2022,235,matched,1,fg:14109/mlbam:546991
745,Cesar Hernandez,2022,617,matched,1,fg:10556/mlbam:514917
746,Kyle Isbel,2022,278,matched,1,fg:21614/mlbam:664728
747,Nick Allen,2022,326,matched,1,fg:22277/mlbam:669397
748,Drew Waters,2022,109,matched,1,fg:20505/mlbam:671221
749,Jake Burger,2022,183,matched,1,fg:22275/mlbam:669394
750,Alan Trejo,2022,125,matched,1,fg:20056/mlbam:676701
751,Luke Voit,2022,568,matched,1,fg:14811/mlbam:572228
752,Jorge Soler,2022,306,matched,1,fg:14221/mlbam:624585
753,Taylor Trammell,2022,117,matched,1,fg:19960/mlbam:666211
754,Jorge Alfaro,2022,274,matched,1,fg:12180/mlbam:595751
755,Joey Bart,2022,291,matched,1,fg:21524/mlbam:663698
756,Matt Reynolds,2022,272,matched,1,fg:13788/mlbam:608703
757,Jordan Luplow,2022,234,matched,1,fg:16424/mlbam:656669
758,Victor Robles,2022,407,matched,1,fg:18363/mlbam:645302
759,Jake Meyers,2022,160,matched,1,fg:20308/mlbam:676694
760,Christian Arroyo,2022,300,matched,1,fg:16434/mlbam:624414
761,Connor Joe,2022,467,matched,1,fg:16572/mlbam:656582
762,P.J. Higgins,2022,229,matched,1,fg:18433/mlbam:664731
763,Sam Huff,2022,132,matched,1,fg:22209/mlbam:669087
764,Francisco Mejia,2022,299,matched,1,fg:16403/mlbam:642336
765,Jake Cave,2022,177,matched,1,fg:14477/mlbam:595909
766,Rougned Odor,2022,472,matched,1,fg:12282/mlbam:596059
767,Enrique Hernandez,2022,402,matched,1,fg:10472/mlbam:571771
768,Gilberto Celestino,2022,347,matched,1,fg:20233/mlbam:665482
769,Yu Chang,2022,190,matched,1,fg:14773/mlbam:644374
770,Nick Madrigal,2022,228,matched,1,fg:20521/mlbam:663611
771,Marwin Gonzalez,2022,207,matched,1,fg:5497/mlbam:503556
772,Tucker Barnhart,2022,308,matched,1,fg:10200/mlbam:571466
773,Geraldo Perdomo,2022,500,matched,1,fg:22799/mlbam:672695
774,Edward Olivares,2022,174,matched,1,fg:19698/mlbam:658668
775,Charlie Blackmon,2022,577,matched,1,fg:7859/mlbam:453568
776,Yadiel Hernandez,2022,327,matched,1,fg:19334/mlbam:628450
777,Gavin Sheets,2022,410,matched,1,fg:19901/mlbam:657757
778,Jonathan India,2022,431,matched,1,fg:21523/mlbam:663697
779,Luis Garcia Jr.,2022,377,ambiguous,3,fg:23735/mlbam:677651;fg:20391/mlbam:671277;fg:6984/mlbam:472610
780,Mitch Garver,2022,215,matched,1,fg:15161/mlbam:641598
781,Elehuris Montero,2022,185,matched,1,fg:20543/mlbam:660707
782,Michael Massey,2022,194,matched,1,fg:27684/mlbam:686681
783,Nomar Mazara,2022,171,matched,1,fg:14553/mlbam:608577
784,Nelson Velazquez,2022,206,matched,1,fg:23359/mlbam:676369
785,Brian Anderson,2022,383,matched,1,fg:18289/mlbam:605119
786,Dermis Garcia,2022,125,matched,1,fg:20926/mlbam:660650
787,Austin Nola,2022,397,matched,1,fg:15941/mlbam:543592
788,Matt Vierling,2022,357,matched,1,fg:21558/mlbam:663837
789,Ezequiel Duran,2022,220,matched,1,fg:23733/mlbam:677649
790,Johan Camargo,2022,166,matched,1,fg:14950/mlbam:622666
791,Bubba Thompson,2022,181,matched,1,fg:22261/mlbam:669352
792,Aristides Aquino,2022,276,matched,1,fg:15482/mlbam:606157
793,Mauricio Dubon,2022,265,matched,1,fg:16530/mlbam:643289
794,Jason Delay,2022,167,matched,1,fg:19806/mlbam:641511
795,Yadier Molina,2022,270,matched,1,fg:7007/mlbam:425877
796,Nolan Gorman,2022,313,matched,1,fg:22263/mlbam:669357
797,Kyle Garlick,2022,162,matched,1,fg:18063/mlbam:664247
798,Ben Gamel,2022,423,matched,1,fg:12160/mlbam:592325
799,Colin Moran,2022,128,matched,1,fg:16909/mlbam:592567
800,Terrin Vavra,2022,103,matched,1,fg:24400/mlbam:679631
801,Brandon Belt,2022,298,matched,1,fg:10264/mlbam:474832
802,LaMonte Wade Jr.,2022,251,matched,1,fg:18126/mlbam:664774
803,Josh Jung,2022,102,matched,1,fg:26299/mlbam:673962
804,Josh Lowe,2022,198,matched,1,fg:19953/mlbam:666139
805,Luke Williams,2022,136,matched,1,fg:19931/mlbam:663897
806,Skye Bolt,2022,116,matched,1,fg:17723/mlbam:621450
807,Andrew Velazquez,2022,349,matched,1,fg:14196/mlbam:623205
808,James McCann,2022,191,matched,1,fg:12859/mlbam:543510
809,Brett Phillips,2022,225,matched,1,fg:14735/mlbam:621433
810,Juan Yepez,2022,274,matched,1,fg:18400/mlbam:660766
811,Jake Lamb,2022,111,matched,1,fg:13329/mlbam:571875
812,Shea Langeliers,2022,153,matched,1,fg:25816/mlbam:669127
813,Victor Reyes,2022,336,matched,1,fg:15487/mlbam:622682
814,Alejo Lopez,2022,156,matched,1,fg:21127/mlbam:664670
815,Joey Gallo,2022,410,matched,1,fg:14128/mlbam:608336
816,Jeimer Candelario,2022,467,matched,1,fg:13621/mlbam:600869
817,Robbie Grossman,2022,477,matched,1,fg:5254/mlbam:543257
818,Matt Duffy,2022,247,matched,1,fg:13836/mlbam:622110
819,Sergio Alcantara,2022,224,matched,1,fg:16417/mlbam:642727
820,Romy Gonzalez,2022,109,matched,1,fg:21562/mlbam:663853
821,Andrew Knizner,2022,293,matched,1,fg:19514/mlbam:668800
822,Greg Allen,2022,134,matched,1,fg:16623/mlbam:656185
823,Paul DeJong,2022,237,matched,1,fg:18015/mlbam:657557
824,Kevin Smith,2022,151,matched,1,fg:20242/mlbam:675656
825,Austin Hedges,2022,338,matched,1,fg:12976/mlbam:595978
826,Pavin Smith,2022,277,matched,1,fg:19892/mlbam:656976
827,Michael Toglia,2022,120,matched,1,fg:25845/mlbam:669911
828,Jarren Duran,2022,223,matched,1,fg:24617/mlbam:680776
829,Spencer Steer,2022,108,matched,1,fg:26323/mlbam:668715
830,Alfonso Rivas,2022,287,matched,1,fg:21560/mlbam:663845
831,Adam Engel,2022,260,matched,1,fg:15082/mlbam:641553
832,Max Stassi,2022,375,matched,1,fg:10059/mlbam:545358
833,Josh Smith,2022,253,matched,1,fg:26396/mlbam:669701
834,Jonah Bride,2022,187,matched,1,fg:24703/mlbam:681146
835,Nick Castellanos,2022,558,matched,1,fg:11737/mlbam:592206
836,Austin Meadows,2022,147,matched,1,fg:15672/mlbam:640457
837,Nick Pratto,2022,182,matched,1,fg:22117/mlbam:668472
838,Bobby Dalbec,2022,353,matched,1,fg:19966/mlbam:666915
839,Jo Adell,2022,285,matched,1,fg:20220/mlbam:666176
840,Diego Castillo,2022,283,ambiguous,2,fg:19906/mlbam:660636;fg:17496/mlbam:650895
841,Garrett Hampson,2022,226,matched,1,fg:19262/mlbam:641658
842,Jacob Stallings,2022,384,matched,1,fg:13723/mlbam:607732
843,Jackie Bradley Jr.,2022,370,matched,1,fg:12984/mlbam:598265
844,Tucupita Marcano,2022,177,matched,1,fg:22871/mlbam:672779
845,Dominic Smith,2022,152,matched,1,fg:15653/mlbam:642086
846,Akil Baddoo,2022,225,matched,1,fg:22168/mlbam:668731
847,Andy Ibanez,2022,128,matched,1,fg:18819/mlbam:628451
848,Jarred Kelenic,2022,181,matched,1,fg:22558/mlbam:672284
849,Michael Perez,2022,132,matched,1,fg:12977/mlbam:605421
850,Aramis Garcia,2022,115,matched,1,fg:16925/mlbam:605244
851,Franchy Cordero,2022,275,matched,1,fg:14567/mlbam:614173
852,Marcell Ozuna,2022,507,matched,1,fg:10324/mlbam:542303
853,Harold Castro,2022,443,matched,1,fg:14691/mlbam:605612
854,Peyton Burdick,2022,102,matched,1,fg:25459/mlbam:680814
855,Hanser Alberto,2022,159,matched,1,fg:11902/mlbam:593643
856,Mike Ford,2022,149,matched,1,fg:15585/mlbam:645801
857,CJ Abrams,2022,302,matched,1,fg:25768/mlbam:682928
858,Vimael Machin,2022,253,matched,1,fg:17684/mlbam:605353
859,JJ Bleday,2022,238,matched,1,fg:26368/mlbam:668709
860,Miguel Andujar,2022,140,matched,1,fg:15878/mlbam:609280
861,Jason Heyward,2022,151,matched,1,fg:4940/mlbam:518792
862,Zack Collins,2022,108,matched,1,fg:19181/mlbam:641470
863,Alcides Escobar,2022,131,matched,1,fg:6310/mlbam:444876
864,Kody Clemens,2022,127,matched,1,fg:20572/mlbam:665019
865,Mike Zunino,2022,123,matched,1,fg:13265/mlbam:572287
866,Jose Herrera,2022,124,matched,1,fg:17040/mlbam:645444
867,Bradley Zimmer,2022,117,matched,1,fg:16221/mlbam:605548
868,Charlie Culberson,2022,124,matched,1,fg:3298/mlbam:518586
869,Frank Schwindel,2022,292,matched,1,fg:15351/mlbam:643524
870,Oscar Mercado,2022,128,matched,1,fg:16375/mlbam:640458
871,Ryan O'Hearn,2022,145,matched,1,fg:16442/mlbam:656811
872,Maikel Franco,2022,388,matched,1,fg:12179/mlbam:596748
873,Richie Palacios,2022,123,matched,1,fg:24589/mlbam:680700
874,Kevin Plawecki,2022,186,matched,1,fg:13807/mlbam:608700
875,Didi Gregorius,2022,232,matched,1,fg:6012/mlbam:544369
876,Josh VanMeter,2022,192,matched,1,fg:15170/mlbam:642165
877,Nelson Cruz,2022,507,matched,1,fg:2434/mlbam:443558
878,Alex Kirilloff,2022,156,matched,1,fg:20325/mlbam:666135
879,Chad Pinder,2022,379,matched,1,fg:15191/mlbam:640461
880,Mike Moustakas,2022,285,matched,1,fg:4892/mlbam:519058
881,Stephen Piscotty,2022,139,matched,1,fg:13367/mlbam:572039
882,Luis Torrens,2022,166,matched,1,fg:15905/mlbam:620443
883,Yasmani Grandal,2022,376,matched,1,fg:11368/mlbam:518735
884,Tyler Nevin,2022,184,matched,1,fg:17893/mlbam:663527
885,Taylor Walls,2022,466,matched,1,fg:22458/mlbam:670764
886,Mickey Moniak,2022,112,matched,1,fg:19956/mlbam:666160
887,Andrew Vaughn,2022,555,matched,1,fg:26197/mlbam:683734
888,MJ Melendez,2022,534,matched,1,fg:22197/mlbam:669004
889,Calvin Mitchell,2022,232,matched,1,fg:22169/mlbam:668751
890,Abraham Toro,2022,352,matched,1,fg:19844/mlbam:647351
891,Tyler Wade,2022,163,matched,1,fg:15730/mlbam:642180
892,Bligh Madris,2022,123,matched,1,fg:20054/mlbam:676632
893,Vidal Brujan,2022,162,matched,1,fg:20536/mlbam:660644
894,Ehire Adrianza,2022,110,matched,1,fg:8418/mlbam:501303
895,Jesus Aguilar,2022,507,matched,1,fg:11342/mlbam:542583
896,Michael Chavis,2022,426,matched,1,fg:17321/mlbam:656308
897,Yuli Gurriel,2022,584,matched,1,fg:19198/mlbam:493329
898,Darin Ruf,2022,388,matched,1,fg:9929/mlbam:573131
899,Tommy La Stella,2022,195,matched,1,fg:12371/mlbam:600303
900,Nick Senzel,2022,420,matched,1,fg:19293/mlbam:669222
901,Sheldon Neuse,2022,293,matched,1,fg:19635/mlbam:641914
902,Sam Hilliard,2022,200,matched,1,fg:17954/mlbam:656541
903,Lewin Diaz,2022,174,matched,1,fg:18365/mlbam:650331
904,Lorenzo Cain,2022,156,matched,1,fg:9077/mlbam:456715
905,Joey Votto,2022,376,matched,1,fg:4314/mlbam:458015
906,Jared Walsh,2022,454,matched,1,fg:18607/mlbam:665120
907,Spencer Torkelson,2022,404,matched,1,fg:27465/mlbam:679529
908,Kurt Suzuki,2022,159,matched,1,fg:8259/mlbam:435559
909,Franmil Reyes,2022,473,matched,1,fg:14566/mlbam:614177
910,Stephen Vogt,2022,191,matched,1,fg:5000/mlbam:519390
911,Seth Beer,2022,126,matched,1,fg:20493/mlbam:666179
912,Ernie Clement,2022,179,matched,1,fg:20352/mlbam:676391
913,Hunter Dozier,2022,500,matched,1,fg:15117/mlbam:641531
914,Avisail Garcia,2022,380,matched,1,fg:5760/mlbam:541645
915,Cooper Hummel,2022,201,matched,1,fg:19458/mlbam:669450
916,Riley Adams,2022,155,matched,1,fg:19864/mlbam:656180
917,Jed Lowrie,2022,184,matched,1,fg:4418/mlbam:476704
918,Cristian Pache,2022,260,matched,1,fg:19948/mlbam:665506
919,Michael Papierski,2022,103,matched,1,fg:21386/mlbam:657709
920,Brad Miller,2022,241,matched,1,fg:12775/mlbam:543543
921,Leury Garcia,2022,315,matched,1,fg:5913/mlbam:544725
922,Elias Diaz,2022,381,matched,1,fg:11680/mlbam:553869
923,Jonathan Villar,2022,220,matched,1,fg:10071/mlbam:542340
924,Jose Barrero,2022,174,matched,1,fg:23378/mlbam:676480
925,Miguel Cabrera,2022,433,matched,1,fg:1744/mlbam:408234
926,Kole Calhoun,2022,424,matched,1,fg:11200/mlbam:594777
927,Eddie Rosario,2022,270,matched,1,fg:12155/mlbam:592696
928,Robinson Chirinos,2022,220,matched,1,fg:3142/mlbam:455139
929,Yoshi Tsutsugo,2022,193,matched,1,fg:27459/mlbam:660294
930,Austin Romine,2022,136,matched,1,fg:5491/mlbam:519222
931,Robinson Cano,2022,104,matched,1,fg:3269/mlbam:429664
932,Ronald Acuna Jr.,2023,735,matched,1,fg:18401/mlbam:660670
933,Freddie Freeman,2023,730,matched,1,fg:5361/mlbam:518692
934,Mookie Betts,2023,693,matched,1,fg:13611/mlbam:605141
935,Shohei Ohtani,2023,599,matched,1,fg:19755/mlbam:660271
936,Matt Olson,2023,720,matched,1,fg:14344/mlbam:621566
937,Marcus Semien,2023,753,matched,1,fg:12533/mlbam:543760
938,Corey Seager,2023,536,matched,1,fg:13624/mlbam:608369
939,Juan Soto,2023,708,matched,1,fg:20123/mlbam:665742
940,Bobby Witt Jr.,2023,694,matched,1,fg:25764/mlbam:677951
941,William Contreras,2023,611,matched,1,fg:20503/mlbam:661388
942,Julio Rodriguez,2023,714,matched,1,fg:23697/mlbam:677594
943,Adley Rutschman,2023,687,matched,1,fg:26288/mlbam:668939
944,Francisco Lindor,2023,687,matched,1,fg:12916/mlbam:596019
945,Corbin Carroll,2023,645,matched,1,fg:25878/mlbam:682998
946,Austin Riley,2023,715,matched,1,fg:18360/mlbam:663586
947,Yandy Diaz,2023,600,matched,1,fg:16578/mlbam:650490
948,Sean Murphy,2023,438,matched,1,fg:19352/mlbam:669221
949,Kyle Tucker,2023,674,matched,1,fg:18345/mlbam:663656
950,Luis Robert Jr.,2023,595,matched,1,fg:20043/mlbam:673357
951,Aaron Judge,2023,458,matched,1,fg:15640/mlbam:592450
952,Wander Franco,2023,491,matched,1,fg:23667/mlbam:677551
953,J.P. Crawford,2023,638,matched,1,fg:15491/mlbam:641487
954,Dansby Swanson,2023,638,matched,1,fg:18314/mlbam:621020
955,Adolis Garcia,2023,632,matched,1,fg:19287/mlbam:666969
956,Gunnar Henderson,2023,622,matched,1,fg:26289/mlbam:683002
957,Jose Ramirez,2023,691,matched,1,fg:13510/mlbam:608070
958,Xander Bogaerts,2023,665,matched,1,fg:12161/mlbam:593428
959,Nico Hoerner,2023,688,matched,1,fg:21479/mlbam:663538
960,Cody Bellinger,2023,556,matched,1,fg:15998/mlbam:641355
961,Alex Bregman,2023,724,matched,1,fg:17678/mlbam:608324
962,Yordan Alvarez,2023,496,matched,1,fg:19556/mlbam:670541
963,Ketel Marte,2023,650,matched,1,fg:13613/mlbam:606466
964,Cal Raleigh,2023,569,matched,1,fg:21534/mlbam:663728
965,Isaac Paredes,2023,571,matched,1,fg:20036/mlbam:670623
966,Brandon Nimmo,2023,682,matched,1,fg:12927/mlbam:607043
967,Ha-seong Kim,2023,626,matched,1,fg:27506/mlbam:673490
968,Jose Altuve,2023,410,matched,1,fg:5417/mlbam:514888
969,Ozzie Albies,2023,660,matched,1,fg:16556/mlbam:645277
970,TJ Friedl,2023,556,matched,1,fg:19522/mlbam:670770
971,Trea Turner,2023,691,matched,1,fg:16252/mlbam:607208
972,Bryson Stott,2023,640,matched,1,fg:26294/mlbam:681082
973,Fernando Tatis Jr.,2023,635,matched,1,fg:19709/mlbam:665487
974,Jonah Heim,2023,501,matched,1,fg:16930/mlbam:641680
975,Christian Walker,2023,661,matched,1,fg:13419/mlbam:572233
976,Bo Bichette,2023,601,matched,1,fg:19612/mlbam:666182
977,Michael Harris II,2023,539,matched,1,fg:25931/mlbam:671739
978,James Outman,2023,567,matched,1,fg:24770/mlbam:681546
979,Nolan Jones,2023,424,matched,1,fg:20529/mlbam:666134
980,Christian Yelich,2023,632,matched,1,fg:11477/mlbam:592885
981,Will Smith,2023,554,ambiguous,2,fg:8048/mlbam:519293;fg:19197/mlbam:669257
982,Andres Gimenez,2023,616,matched,1,fg:19950/mlbam:665926
983,Gleyber Torres,2023,672,matched,1,fg:16997/mlbam:650402
984,Bryce Harper,2023,546,matched,1,fg:11579/mlbam:547180
985,Rafael Devers,2023,656,matched,1,fg:17350/mlbam:646240
986,Brandon Marsh,2023,472,matched,1,fg:20202/mlbam:669016
987,Thairo Estrada,2023,530,matched,1,fg:16426/mlbam:642731
988,Eugenio Suarez,2023,694,matched,1,fg:12552/mlbam:553993
989,Luis Arraez,2023,617,matched,1,fg:18568/mlbam:650333
990,Josh Lowe,2023,501,matched,1,fg:19953/mlbam:666139
991,Paul Goldschmidt,2023,687,matched,1,fg:9218/mlbam:502671
992,Manny Machado,2023,601,matched,1,fg:11493/mlbam:592518
993,Willy Adames,2023,638,matched,1,fg:15986/mlbam:642715
994,Chas McCormick,2023,457,matched,1,fg:19599/mlbam:676801
995,Marcell Ozuna,2023,592,matched,1,fg:10324/mlbam:542303
996,Matt McLain,2023,403,matched,1,fg:29695/mlbam:680574
997,Jeimer Candelario,2023,576,matched,1,fg:13621/mlbam:600869
998,Ian Happ,2023,691,matched,1,fg:17919/mlbam:664023
999,Ke'Bryan Hayes,2023,525,matched,1,fg:18577/mlbam:663647
1000,Seiya Suzuki,2023,583,matched,1,fg:30116/mlbam:673548
1001,Randy Arozarena,2023,654,matched,1,fg:19290/mlbam:668227
1002,Lars Nootbaar,2023,503,matched,1,fg:21454/mlbam:663457
1003,Matt Chapman,2023,581,matched,1,fg:16505/mlbam:656305
1004,Francisco Alvarez,2023,423,matched,1,fg:26121/mlbam:682626
1005,Steven Kwan,2023,718,matched,1,fg:24610/mlbam:680757
1006,Mike Trout,2023,362,matched,1,fg:10155/mlbam:545361
1007,Lane Thomas,2023,682,matched,1,fg:16939/mlbam:657041
1008,Brandon Lowe,2023,436,matched,1,fg:18882/mlbam:664040
1009,Willson Contreras,2023,495,matched,1,fg:11609/mlbam:575929
1010,Pete Alonso,2023,658,matched,1,fg:19251/mlbam:624413
1011,Josh Jung,2023,515,matched,1,fg:26299/mlbam:673962
1012,Nathaniel Lowe,2023,724,matched,1,fg:19566/mlbam:663993
1013,Nolan Arenado,2023,612,matched,1,fg:9777/mlbam:571448
1014,Josh Naylor,2023,495,matched,1,fg:18839/mlbam:647304
1015,Zack Gelof,2023,300,matched,1,fg:29766/mlbam:680869
1016,Max Kepler,2023,491,matched,1,fg:12144/mlbam:596146
1017,Brandon Drury,2023,523,matched,1,fg:11615/mlbam:592273
1018,Austin Hays,2023,566,matched,1,fg:19363/mlbam:669720
1019,Kevin Kiermaier,2023,408,matched,1,fg:11038/mlbam:595281
1020,Jeremy Pena,2023,634,matched,1,fg:21636/mlbam:665161
1021,Patrick Bailey,2023,353,matched,1,fg:27478/mlbam:672275
1022,Edouard Julien,2023,408,matched,1,fg:27534/mlbam:666397
1023,Jack Suwinski,2023,534,matched,1,fg:22244/mlbam:669261
1024,Jose Siri,2023,364,matched,1,fg:17452/mlbam:642350
1025,Jarren Duran,2023,362,matched,1,fg:24617/mlbam:680776
1026,Max Muncy,2023,579,matched,1,fg:13301/mlbam:571970
1027,Anthony Santander,2023,656,matched,1,fg:14551/mlbam:623993
1028,Willi Castro,2023,409,matched,1,fg:17338/mlbam:650489
1029,Leody Taveras,2023,554,matched,1,fg:18900/mlbam:665750
1030,Jake Rogers,2023,365,matched,1,fg:19452/mlbam:668670
1031,Yainer Diaz,2023,377,matched,1,fg:23003/mlbam:673237
1032,Luke Raley,2023,406,matched,1,fg:19354/mlbam:670042
1033,Orlando Arcia,2023,533,matched,1,fg:13185/mlbam:606115
1034,Jeff McNeil,2023,648,matched,1,fg:15362/mlbam:643446
1035,Tommy Edman,2023,528,matched,1,fg:19470/mlbam:669242
1036,Royce Lewis,2023,239,matched,1,fg:20437/mlbam:668904
1037,J.D. Martinez,2023,479,matched,1,fg:6184/mlbam:502110
1038,Wilmer Flores,2023,454,matched,1,fg:5827/mlbam:527038
1039,Ryan Jeffers,2023,335,matched,1,fg:24618/mlbam:680777
1040,Jake Burger,2023,540,matched,1,fg:22275/mlbam:669394
1041,Nolan Gorman,2023,464,matched,1,fg:22263/mlbam:669357
1042,Riley Greene,2023,416,matched,1,fg:25976/mlbam:682985
1043,Gabriel Moreno,2023,380,matched,1,fg:22664/mlbam:672515
1044,Geraldo Perdomo,2023,495,matched,1,fg:22799/mlbam:672695
1045,CJ Abrams,2023,614,matched,1,fg:25768/mlbam:682928
1046,Alejandro Kirk,2023,422,matched,1,fg:22581/mlbam:672386
1047,Mitch Garver,2023,344,matched,1,fg:15161/mlbam:641598
1048,Jason Heyward,2023,377,matched,1,fg:4940/mlbam:518792
1049,Jon Berti,2023,424,matched,1,fg:12037/mlbam:542932
1050,Maikel Garcia,2023,515,matched,1,fg:22715/mlbam:672580
1051,Brandon Belt,2023,404,matched,1,fg:10264/mlbam:474832
1052,Brent Rooker,2023,526,matched,1,fg:19627/mlbam:667670
1053,Bo Naylor,2023,230,matched,1,fg:21865/mlbam:666310
1054,Bryan Reynolds,2023,640,matched,1,fg:19326/mlbam:668804
1055,Ryan Noda,2023,495,matched,1,fg:23312/mlbam:676116
1056,J.D. Davis,2023,546,matched,1,fg:16219/mlbam:605204
1057,Spencer Steer,2023,665,matched,1,fg:26323/mlbam:668715
1058,Lourdes Gurriel Jr.,2023,592,matched,1,fg:19238/mlbam:666971
1059,J.T. Realmuto,2023,540,matched,1,fg:11739/mlbam:592663
1060,Davis Schneider,2023,141,matched,1,fg:23565/mlbam:676914
1061,Will Benson,2023,329,matched,1,fg:21853/mlbam:666181
1062,Jorge Soler,2023,580,matched,1,fg:14221/mlbam:624585
1063,Kerry Carpenter,2023,459,matched,1,fg:25961/mlbam:681481
1064,Danny Jansen,2023,301,matched,1,fg:16535/mlbam:643376
1065,Freddy Fermin,2023,235,matched,1,fg:21840/mlbam:666023
1066,Tommy Pham,2023,481,matched,1,fg:2967/mlbam:502054
1067,Jazz Chisholm Jr.,2023,383,matched,1,fg:20454/mlbam:665862
1068,Teoscar Hernandez,2023,678,matched,1,fg:13066/mlbam:606192
1069,Cedric Mullins,2023,455,matched,1,fg:17929/mlbam:656775
1070,Michael A. Taylor,2023,388,unmatched,0,
1071,Elly De La Cruz,2023,427,matched,1,fg:26668/mlbam:682829
1072,Daulton Varsho,2023,581,matched,1,fg:19918/mlbam:662139
1073,Anthony Volpe,2023,601,matched,1,fg:27647/mlbam:683011
1074,Jose Caballero,2023,280,matched,1,fg:23401/mlbam:676609
1075,Triston Casas,2023,502,matched,1,fg:22514/mlbam:671213
1076,Mickey Moniak,2023,323,matched,1,fg:19956/mlbam:666160
1077,LaMonte Wade Jr.,2023,519,matched,1,fg:18126/mlbam:664774
1078,Ryan McMahon,2023,627,matched,1,fg:15112/mlbam:641857
1079,George Springer,2023,683,matched,1,fg:12856/mlbam:543807
1080,Mauricio Dubon,2023,492,matched,1,fg:16530/mlbam:643289
1081,Luis Rengifo,2023,445,matched,1,fg:19858/mlbam:650859
1082,Mike Yastrzemski,2023,381,matched,1,fg:14854/mlbam:573262
1083,Mark Canha,2023,507,matched,1,fg:11445/mlbam:592192
1084,Mike Tauchman,2023,401,matched,1,fg:15274/mlbam:643565
1085,Matt Vierling,2023,530,matched,1,fg:21558/mlbam:663837
1086,Carlos Correa,2023,580,matched,1,fg:14162/mlbam:621043
1087,Ezequiel Tovar,2023,615,matched,1,fg:24064/mlbam:678662
1088,Trent Grisham,2023,555,matched,1,fg:18564/mlbam:663757
1089,Matt Wallner,2023,254,matched,1,fg:26466/mlbam:670242
1090,Adam Duvall,2023,353,matched,1,fg:10950/mlbam:594807
1091,Christopher Morel,2023,429,matched,1,fg:21897/mlbam:666624
1092,Ryan O'Hearn,2023,368,matched,1,fg:16442/mlbam:656811
1093,Gary Sanchez,2023,267,matched,1,fg:11442/mlbam:596142
1094,Ryan Mountcastle,2023,470,matched,1,fg:18373/mlbam:663624
1095,Jonathan India,2023,529,matched,1,fg:21523/mlbam:663697
1096,Alex Verdugo,2023,602,matched,1,fg:17027/mlbam:657077
1097,Andy Ibanez,2023,383,matched,1,fg:18819/mlbam:628451
1098,Brendan Donovan,2023,371,matched,1,fg:24679/mlbam:680977
1099,Jared Triolo,2023,209,matched,1,fg:25807/mlbam:669707
1100,Carlos Santana,2023,619,matched,1,fg:2396/mlbam:467793
1101,Jarred Kelenic,2023,416,matched,1,fg:22558/mlbam:672284
1102,Harold Ramirez,2023,434,matched,1,fg:14387/mlbam:623912
1103,Jesus Sanchez,2023,402,matched,1,fg:19913/mlbam:660821
1104,Johan Rojas,2023,164,matched,1,fg:24336/mlbam:679032
1105,Ezequiel Duran,2023,439,matched,1,fg:23733/mlbam:677649
1106,Alec Bohm,2023,611,matched,1,fg:21618/mlbam:664761
1107,Connor Joe,2023,472,matched,1,fg:16572/mlbam:656582
1108,Taylor Ward,2023,409,matched,1,fg:17548/mlbam:621493
1109,Kyle Farmer,2023,369,matched,1,fg:14813/mlbam:571657
1110,Kyle Higashioka,2023,260,matched,1,fg:5517/mlbam:543309
1111,Stone Garrett,2023,271,matched,1,fg:19273/mlbam:656448
1112,Jorge Polanco,2023,343,matched,1,fg:13152/mlbam:593871
1113,Nick Castellanos,2023,671,matched,1,fg:11737/mlbam:592206
1114,Andrew McCutchen,2023,473,matched,1,fg:9847/mlbam:457705
1115,Spencer Torkelson,2023,684,matched,1,fg:27465/mlbam:679529
1116,Eddie Rosario,2023,516,matched,1,fg:12155/mlbam:592696
1117,DJ LeMahieu,2023,562,matched,1,fg:9874/mlbam:518934
1118,Ty France,2023,665,matched,1,fg:17982/mlbam:664034
1119,Justin Turner,2023,626,matched,1,fg:5235/mlbam:457759
1120,Vladimir Guerrero Jr.,2023,682,matched,1,fg:19611/mlbam:665489
1121,Dairon Blanco,2023,138,matched,1,fg:19779/mlbam:680118
1122,Chris Taylor,2023,384,matched,1,fg:13757/mlbam:621035
1123,Yoan Moncada,2023,357,matched,1,fg:17232/mlbam:660162
1124,Victor Caratini,2023,226,matched,1,fg:14968/mlbam:605170
1125,Whit Merrifield,2023,592,matched,1,fg:11281/mlbam:593160
1126,Nick Madrigal,2023,294,matched,1,fg:20521/mlbam:663611
1127,Elvis Andrus,2023,406,matched,1,fg:8709/mlbam:462101
1128,Kyle Isbel,2023,313,matched,1,fg:21614/mlbam:664728
1129,Esteury Ruiz,2023,497,matched,1,fg:21780/mlbam:665923
1130,Nicky Lopez,2023,262,matched,1,fg:19339/mlbam:670032
1131,Jake Fraley,2023,380,matched,1,fg:19260/mlbam:641584
1132,Donovan Solano,2023,450,matched,1,fg:8623/mlbam:456781
1133,Sal Frelick,2023,223,matched,1,fg:29622/mlbam:686217
1134,Travis Jankowski,2023,287,matched,1,fg:13768/mlbam:608671
1135,Zach Neto,2023,329,matched,1,fg:31347/mlbam:687263
1136,Jake Meyers,2023,341,matched,1,fg:20308/mlbam:676694
1137,Ramon Laureano,2023,404,matched,1,fg:17128/mlbam:657656
1138,Blake Perkins,2023,168,matched,1,fg:19921/mlbam:663368
1139,Jason Delay,2023,187,matched,1,fg:19806/mlbam:641511
1140,Zach McKinstry,2023,518,matched,1,fg:19392/mlbam:656716
1141,Luis Campusano,2023,174,matched,1,fg:22217/mlbam:669134
1142,Jordan Walker,2023,465,matched,1,fg:27475/mlbam:691023
1143,Yan Gomes,2023,419,matched,1,fg:9627/mlbam:543228
1144,Edmundo Sosa,2023,300,matched,1,fg:17022/mlbam:624641
1145,Jordan Westburg,2023,228,matched,1,fg:27815/mlbam:676059
1146,Tyrone Taylor,2023,243,matched,1,fg:13675/mlbam:621438
1147,Joey Wiemer,2023,410,matched,1,fg:27690/mlbam:686894
1148,Josh Rojas,2023,350,matched,1,fg:19734/mlbam:668942
1149,Austin Hedges,2023,212,matched,1,fg:12976/mlbam:595978
1150,Kyle Schwarber,2023,720,matched,1,fg:16478/mlbam:656941
1151,Cade Marlowe,2023,100,matched,1,fg:25505/mlbam:687799
1152,Aaron Hicks,2023,312,matched,1,fg:5297/mlbam:543305
1153,Cavan Biggio,2023,338,matched,1,fg:19252/mlbam:624415
1154,Stuart Fairchild,2023,255,matched,1,fg:20321/mlbam:656413
1155,Parker Meadows,2023,145,matched,1,fg:23800/mlbam:678009
1156,Drew Waters,2023,337,matched,1,fg:20505/mlbam:671221
1157,Owen Miller,2023,314,matched,1,fg:24655/mlbam:680911
1158,Jacob Young,2023,121,matched,1,fg:29931/mlbam:696285
1159,Harrison Bader,2023,344,matched,1,fg:18030/mlbam:664056
1160,Nelson Velazquez,2023,179,matched,1,fg:23359/mlbam:676369
1161,Tom Murphy,2023,159,matched,1,fg:13499/mlbam:608596
1162,D.J. Stewart,2023,185,matched,1,fg:17766/mlbam:621466
1163,Charlie Blackmon,2023,413,matched,1,fg:7859/mlbam:453568
1164,Mike Ford,2023,251,matched,1,fg:15585/mlbam:645801
1165,Masataka Yoshida,2023,580,matched,1,fg:31837/mlbam:807799
1166,Michael Conforto,2023,470,matched,1,fg:16376/mlbam:624424
1167,Anthony Rizzo,2023,421,matched,1,fg:3473/mlbam:519203
1168,Jake Cronenworth,2023,522,matched,1,fg:18036/mlbam:630105
1169,Christian Vazquez,2023,355,matched,1,fg:9774/mlbam:543877
1170,Christian Encarnacion-Strand,2023,241,matched,1,fg:30011/mlbam:687952
1171,Joc Pederson,2023,425,matched,1,fg:11899/mlbam:592626
1172,Austin Slater,2023,207,matched,1,fg:16153/mlbam:596103
1173,Joey Gallo,2023,332,matched,1,fg:14128/mlbam:608336
1174,Tyler O'Neill,2023,266,matched,1,fg:15711/mlbam:641933
1175,Ramon Urias,2023,396,matched,1,fg:18795/mlbam:602104
1176,Miguel Amaya,2023,156,matched,1,fg:21693/mlbam:665804
1177,Travis d'Arnaud,2023,292,matched,1,fg:7739/mlbam:518595
1178,Akil Baddoo,2023,357,matched,1,fg:22168/mlbam:668731
1179,Shea Langeliers,2023,490,matched,1,fg:25816/mlbam:669127
1180,Taylor Walls,2023,349,matched,1,fg:22458/mlbam:670764
1181,Javier Baez,2023,547,matched,1,fg:12979/mlbam:595879
1182,Jose Trevino,2023,168,matched,1,fg:16725/mlbam:624431
1183,Noelvi Marte,2023,123,matched,1,fg:26517/mlbam:682622
1184,Dominic Fletcher,2023,102,matched,1,fg:26149/mlbam:666150
1185,Patrick Wisdom,2023,302,matched,1,fg:13602/mlbam:621550
1186,Randal Grichuk,2023,471,matched,1,fg:10243/mlbam:545341
1187,Eloy Jimenez,2023,489,matched,1,fg:17484/mlbam:650391
1188,Garrett Hampson,2023,252,matched,1,fg:19262/mlbam:641658
1189,Pablo Reyes,2023,185,matched,1,fg:16357/mlbam:622569
1190,Andruw Monasterio,2023,315,matched,1,fg:19455/mlbam:655316
1191,Ildemaro Vargas,2023,286,matched,1,fg:13324/mlbam:545121
1192,Alex Call,2023,439,matched,1,fg:19296/mlbam:669743
1193,Miguel Rojas,2023,423,matched,1,fg:7802/mlbam:500743
1194,Endy Rodriguez,2023,204,matched,1,fg:25332/mlbam:682848
1195,Jorge Mateo,2023,350,matched,1,fg:17273/mlbam:622761
1196,Nick Fortes,2023,323,matched,1,fg:21538/mlbam:663743
1197,Seby Zavala,2023,193,matched,1,fg:18887/mlbam:664874
1198,Alex Kirilloff,2023,319,matched,1,fg:20325/mlbam:666135
1199,Edward Olivares,2023,385,matched,1,fg:19698/mlbam:658668
1200,Robbie Grossman,2023,420,matched,1,fg:5254/mlbam:543257
1201,Dylan Moore,2023,165,matched,1,fg:18042/mlbam:664238
1202,Byron Buxton,2023,347,matched,1,fg:14161/mlbam:621439
1203,Hunter Renfroe,2023,548,matched,1,fg:15464/mlbam:592669
1204,Gio Urshela,2023,228,matched,1,fg:10681/mlbam:570482
1205,Luke Maile,2023,199,matched,1,fg:13355/mlbam:571912
1206,Luis Garcia Jr.,2023,482,ambiguous,3,fg:23735/mlbam:677651;fg:20391/mlbam:671277;fg:6984/mlbam:472610
1207,Manuel Margot,2023,336,matched,1,fg:14712/mlbam:622534
1208,Reese McGuire,2023,206,matched,1,fg:15674/mlbam:624512
1209,Matt Thaiss,2023,307,matched,1,fg:19318/mlbam:642136
1210,Michael Massey,2023,461,matched,1,fg:27684/mlbam:686681
1211,Isiah Kiner-Falefa,2023,361,matched,1,fg:16512/mlbam:643396
1212,Gabriel Arias,2023,345,matched,1,fg:22563/mlbam:672356
1213,Paul DeJong,2023,400,matched,1,fg:18015/mlbam:657557
1214,Richie Palacios,2023,102,matched,1,fg:24589/mlbam:680700
1215,Riley Adams,2023,158,matched,1,fg:19864/mlbam:656180
1216,Josh Bell,2023,617,matched,1,fg:13145/mlbam:605137
1217,Andrew Vaughn,2023,615,matched,1,fg:26197/mlbam:683734
1218,Garrett Cooper,2023,457,matched,1,fg:15279/mlbam:643265
1219,Rene Pinto,2023,105,matched,1,fg:19859/mlbam:650907
1220,Matthew Batten,2023,139,matched,1,fg:20157/mlbam:676946
1221,MJ Melendez,2023,602,matched,1,fg:22197/mlbam:669004
1222,Adam Frazier,2023,455,matched,1,fg:15223/mlbam:624428
1223,Blake Sabol,2023,344,matched,1,fg:25805/mlbam:666165
1224,Amed Rosario,2023,545,matched,1,fg:15518/mlbam:642708
1225,Rob Refsnyder,2023,243,matched,1,fg:13770/mlbam:608701
1226,Brian Anderson,2023,361,matched,1,fg:18289/mlbam:605119
1227,JJ Bleday,2023,303,matched,1,fg:26368/mlbam:668709
1228,Corey Julks,2023,323,matched,1,fg:20311/mlbam:667452
1229,Christian Bethancourt,2023,332,matched,1,fg:10028/mlbam:542194
1230,Jace Peterson,2023,430,matched,1,fg:12325/mlbam:607054
1231,Brenton Doyle,2023,431,matched,1,fg:25479/mlbam:686668
1232,Brandon Crawford,2023,320,matched,1,fg:5343/mlbam:543063
1233,Logan O'Hoppe,2023,199,matched,1,fg:24729/mlbam:681351
1234,Enmanuel Valdez,2023,149,matched,1,fg:21716/mlbam:665839
1235,Victor Robles,2023,126,matched,1,fg:18363/mlbam:645302
1236,Evan Longoria,2023,237,matched,1,fg:9368/mlbam:446334
1237,Ryan McKenna,2023,139,matched,1,fg:19928/mlbam:663630
1238,Connor Wong,2023,403,matched,1,fg:19896/mlbam:657136
1239,Emmanuel Rivera,2023,283,matched,1,fg:19890/mlbam:656896
1240,Kevin Pillar,2023,206,matched,1,fg:12434/mlbam:607680
1241,Rougned Odor,2023,157,matched,1,fg:12282/mlbam:596059
1242,Alek Thomas,2023,402,matched,1,fg:23792/mlbam:677950
1243,James McCann,2023,226,matched,1,fg:12859/mlbam:543510
1244,Ronny Mauricio,2023,108,matched,1,fg:23698/mlbam:677595
1245,Rafael Ortega,2023,136,matched,1,fg:10323/mlbam:542364
1246,Trevor Story,2023,168,matched,1,fg:12564/mlbam:596115
1247,Daniel Vogelbach,2023,319,matched,1,fg:14130/mlbam:596129
1248,Billy McKinney,2023,147,matched,1,fg:15654/mlbam:641856
1249,Brendan Rodgers,2023,192,matched,1,fg:17907/mlbam:663898
1250,Joshua Palacios,2023,264,matched,1,fg:19818/mlbam:641943
1251,Anthony Rendon,2023,183,matched,1,fg:12861/mlbam:543685
1252,Tyler Freeman,2023,168,matched,1,fg:22532/mlbam:671289
1253,Myles Straw,2023,518,matched,1,fg:17620/mlbam:664702
1254,Tucker Barnhart,2023,123,matched,1,fg:10200/mlbam:571466
1255,Vinnie Pasquantino,2023,260,matched,1,fg:27676/mlbam:686469
1256,Joey Votto,2023,242,matched,1,fg:4314/mlbam:458015
1257,Trevor Larnach,2023,212,matched,1,fg:21501/mlbam:663616
1258,Jonathan Aranda,2023,103,matched,1,fg:21837/mlbam:666018
1259,Sam Haggerty,2023,108,matched,1,fg:18054/mlbam:664059
1260,Jonathan Davis,2023,104,ambiguous,2,fg:15104/mlbam:641505;fg:16219/mlbam:605204
1261,Josh Donaldson,2023,189,matched,1,fg:5038/mlbam:518626
1262,Liover Peguero,2023,213,matched,1,fg:24273/mlbam:678894
1263,Dylan Carlson,2023,255,matched,1,fg:20126/mlbam:666185
1264,Yasmani Grandal,2023,405,matched,1,fg:11368/mlbam:518735
1265,Jake McCarthy,2023,312,matched,1,fg:21622/mlbam:664983
1266,Josh Smith,2023,232,matched,1,fg:26396/mlbam:669701
1267,Zach Remillard,2023,160,matched,1,fg:19788/mlbam:621545
1268,Miles Mastrobuoni,2023,149,matched,1,fg:20017/mlbam:670156
1269,Carson Kelly,2023,151,matched,1,fg:13620/mlbam:608348
1270,Nick Ahmed,2023,210,matched,1,fg:12147/mlbam:605113
1271,Austin Wynns,2023,145,matched,1,fg:15271/mlbam:642851
1272,Nolan Schanuel,2023,132,matched,1,fg:33189/mlbam:694384
1273,Alfonso Rivas,2023,123,matched,1,fg:21560/mlbam:663845
1274,Andrew Knizner,2023,241,matched,1,fg:19514/mlbam:668800
1275,Kevin Newman,2023,253,matched,1,fg:17696/mlbam:621028
1276,Miguel Vargas,2023,304,matched,1,fg:20178/mlbam:678246
1277,Raimel Tapia,2023,169,matched,1,fg:14350/mlbam:606132
1278,Kody Clemens,2023,148,matched,1,fg:20572/mlbam:665019
1279,Luis Urias,2023,177,matched,1,fg:16622/mlbam:649966
1280,Omar Narvaez,2023,146,matched,1,fg:13338/mlbam:553882
1281,Yu Chang,2023,112,matched,1,fg:14773/mlbam:644374
1282,David Fry,2023,113,matched,1,fg:24934/mlbam:681807
1283,Elias Diaz,2023,526,matched,1,fg:11680/mlbam:553869
1284,Willie Calhoun,2023,149,matched,1,fg:17838/mlbam:641432
1285,Dominic Smith,2023,586,matched,1,fg:15653/mlbam:642086
1286,Francisco Mejia,2023,160,matched,1,fg:16403/mlbam:642336
1287,Will Brennan,2023,455,matched,1,fg:25660/mlbam:686823
1288,Santiago Espinal,2023,254,matched,1,fg:19997/mlbam:669289
1289,Jose Azocar,2023,102,matched,1,fg:18821/mlbam:640492
1290,Zack Short,2023,253,matched,1,fg:19562/mlbam:670097
1291,Alan Trejo,2023,227,matched,1,fg:20056/mlbam:676701
1292,Jake Cave,2023,203,matched,1,fg:14477/mlbam:595909
1293,Nick Gonzales,2023,128,matched,1,fg:27490/mlbam:693304
1294,Ji Hwan Bae,2023,371,matched,1,fg:23818/mlbam:678225
1295,Tony Kemp,2023,419,matched,1,fg:14894/mlbam:643393
1296,Brice Turang,2023,448,matched,1,fg:22186/mlbam:668930
1297,Kole Calhoun,2023,174,matched,1,fg:11200/mlbam:594777
1298,Carlos Perez,2023,189,ambiguous,2,fg:20805/mlbam:656024;fg:10642/mlbam:542208
1299,Chad Wallach,2023,172,matched,1,fg:17161/mlbam:595453
1300,Matt Duffy,2023,209,matched,1,fg:13836/mlbam:622110
1301,Tim Anderson,2023,524,matched,1,fg:15172/mlbam:641313
1302,Lawrence Butler,2023,129,matched,1,fg:22542/mlbam:671732
1303,C.J. Cron,2023,278,matched,1,fg:12546/mlbam:543068
1304,Joey Meneses,2023,657,matched,1,fg:14366/mlbam:608841
1305,Bryan De La Cruz,2023,626,matched,1,fg:19600/mlbam:650559
1306,Salvador Perez,2023,580,matched,1,fg:7304/mlbam:521692
1307,Jake Bauers,2023,272,matched,1,fg:15194/mlbam:641343
1308,Andrew Benintendi,2023,621,matched,1,fg:17901/mlbam:643217
1309,Nelson Cruz,2023,152,matched,1,fg:2434/mlbam:443558
1310,David Peralta,2023,422,matched,1,fg:2136/mlbam:444482
1311,Jesus Aguilar,2023,115,matched,1,fg:11342/mlbam:542583
1312,Christian Arroyo,2023,206,matched,1,fg:16434/mlbam:624414
1313,Tucupita Marcano,2023,220,matched,1,fg:22871/mlbam:672779
1314,Starling Marte,2023,341,matched,1,fg:9241/mlbam:516782
1315,Eric Hosmer,2023,100,matched,1,fg:3516/mlbam:543333
1316,Trayce Thompson,2023,179,matched,1,fg:9952/mlbam:572204
1317,Mike Zunino,2023,140,matched,1,fg:13265/mlbam:572287
1318,Garrett Stubbs,2023,125,matched,1,fg:18067/mlbam:596117
1319,Jonathan Schoop,2023,151,matched,1,fg:11265/mlbam:570731
1320,Nick Allen,2023,329,matched,1,fg:22277/mlbam:669397
1321,David Villar,2023,140,matched,1,fg:24782/mlbam:681584
1322,Alika Williams,2023,112,matched,1,fg:27604/mlbam:675961
1323,Jonah Bride,2023,106,matched,1,fg:24703/mlbam:681146
1324,Nick Senzel,2023,330,matched,1,fg:19293/mlbam:669222
1325,Seth Brown,2023,378,matched,1,fg:18171/mlbam:664913
1326,Mike Moustakas,2023,386,matched,1,fg:4892/mlbam:519058
1327,Yuli Gurriel,2023,329,matched,1,fg:19198/mlbam:493329
1328,Luis Matos,2023,253,matched,1,fg:26467/mlbam:682641
1329,Dominic Canzone,2023,182,matched,1,fg:26438/mlbam:686527
1330,Matt Carpenter,2023,237,matched,1,fg:8090/mlbam:572761
1331,Aledmys Diaz,2023,344,matched,1,fg:15937/mlbam:649557
1332,Luis Guillorme,2023,120,matched,1,fg:16451/mlbam:641645
1333,Jake Alu,2023,175,matched,1,fg:25569/mlbam:666906
1334,Jacob Stallings,2023,276,matched,1,fg:13723/mlbam:607732
1335,Avisail Garcia,2023,118,matched,1,fg:5760/mlbam:541645
1336,Oswald Peraza,2023,191,matched,1,fg:22823/mlbam:672724
1337,Brett Wisely,2023,131,matched,1,fg:27735/mlbam:689172
1338,Keibert Ruiz,2023,562,matched,1,fg:19610/mlbam:660688
1339,Jose Abreu,2023,594,matched,1,fg:15676/mlbam:547989
1340,Ji-Man Choi,2023,117,matched,1,fg:5452/mlbam:596847
1341,Tyler Nevin,2023,111,matched,1,fg:17893/mlbam:663527
1342,Jose Barrero,2023,149,matched,1,fg:23378/mlbam:676480
1343,Brett Baty,2023,389,matched,1,fg:26123/mlbam:683146
1344,Jose Herrera,2023,120,matched,1,fg:17040/mlbam:645444
1345,Kevin Smith,2023,146,matched,1,fg:20242/mlbam:675656
1346,Jon Singleton,2023,105,matched,1,fg:10441/mlbam:572138
1347,Jackie Bradley Jr.,2023,113,matched,1,fg:12984/mlbam:598265
1348,Tyler Stephenson,2023,517,matched,1,fg:17988/mlbam:663886
1349,Giancarlo Stanton,2023,415,matched,1,fg:4949/mlbam:519317
1350,Alec Burleson,2023,347,matched,1,fg:27615/mlbam:676475
1351,Nick Pratto,2023,345,matched,1,fg:22117/mlbam:668472
1352,Corey Dickerson,2023,152,matched,1,fg:10762/mlbam:572816
1353,Casey Schmitt,2023,277,matched,1,fg:27577/mlbam:669477
1354,Lenyn Sosa,2023,173,matched,1,fg:22896/mlbam:672820
1355,Josh Harrison,2023,114,matched,1,fg:8202/mlbam:543281
1356,Everson Pereira,2023,103,matched,1,fg:23695/mlbam:677592
1357,Miguel Cabrera,2023,370,matched,1,fg:1744/mlbam:408234
1358,Rowdy Tellez,2023,351,matched,1,fg:15679/mlbam:642133
1359,Pavin Smith,2023,228,matched,1,fg:19892/mlbam:656976
1360,Jordan Diaz,2023,293,matched,1,fg:22650/mlbam:672478
1361,Mitch Haniger,2023,229,matched,1,fg:14274/mlbam:571745
1362,Rodolfo Castro,2023,256,matched,1,fg:21987/mlbam:666801
1363,Jose Miranda,2023,152,matched,1,fg:20538/mlbam:669304
1364,Wil Myers,2023,141,matched,1,fg:10047/mlbam:571976
1365,A.J. Pollock,2023,144,matched,1,fg:9256/mlbam:572041
1366,Kolten Wong,2023,250,matched,1,fg:12532/mlbam:543939
1367,Austin Barnes,2023,200,matched,1,fg:12158/mlbam:605131
1368,Cam Gallagher,2023,149,matched,1,fg:12981/mlbam:595956
1369,Henry Davis,2023,255,matched,1,fg:29617/mlbam:680779
1370,Trey Mancini,2023,263,matched,1,fg:15149/mlbam:641820
1371,Mark Vientos,2023,233,matched,1,fg:22184/mlbam:668901
1372,Oswaldo Cabrera,2023,330,matched,1,fg:21707/mlbam:665828
1373,Jesse Winker,2023,197,matched,1,fg:13590/mlbam:608385
1374,Joey Wendle,2023,318,matched,1,fg:13853/mlbam:621563
1375,Masyn Winn,2023,137,matched,1,fg:27479/mlbam:691026
1376,Elehuris Montero,2023,307,matched,1,fg:20543/mlbam:660707
1377,Eduardo Escobar,2023,309,matched,1,fg:6153/mlbam:500871
1378,Martin Maldonado,2023,407,matched,1,fg:6887/mlbam:455117
1379,Jared Walsh,2023,116,matched,1,fg:18607/mlbam:665120
1380,Austin Nola,2023,154,matched,1,fg:15941/mlbam:543592
1381,Oscar Colas,2023,263,matched,1,fg:30162/mlbam:693049
1382,Tyler Soderstrom,2023,138,matched,1,fg:27467/mlbam:691016
1383,Enrique Hernandez,2023,508,matched,1,fg:10472/mlbam:571771
1384,Nick Maton,2023,293,matched,1,fg:21635/mlbam:665155
1385,Eric Haase,2023,293,matched,1,fg:14111/mlbam:606992
1386,Michael Toglia,2023,152,matched,1,fg:25845/mlbam:669911
1387,Kris Bryant,2023,335,matched,1,fg:15429/mlbam:592178
1388,Jean Segura,2023,326,matched,1,fg:5933/mlbam:516416
1389,Oscar Gonzalez,2023,180,matched,1,fg:20970/mlbam:660757
1390,Gavin Sheets,2023,344,matched,1,fg:19901/mlbam:657757
1391,Harold Castro,2023,270,matched,1,fg:14691/mlbam:605612
1392,Jurickson Profar,2023,521,matched,1,fg:10815/mlbam:595777
1393,Aaron Judge,2024,704,matched,1,fg:15640/mlbam:592450
1394,Bobby Witt Jr.,2024,709,matched,1,fg:25764/mlbam:677951
1395,Shohei Ohtani,2024,731,matched,1,fg:19755/mlbam:660271
1396,Juan Soto,2024,713,matched,1,fg:20123/mlbam:665742
1397,Gunnar Henderson,2024,719,matched,1,fg:26289/mlbam:683002
1398,Francisco Lindor,2024,689,matched,1,fg:12916/mlbam:596019
1399,Jarren Duran,2024,735,matched,1,fg:24617/mlbam:680776
1400,Elly De La Cruz,2024,696,matched,1,fg:26668/mlbam:682829
1401,Jose Ramirez,2024,682,matched,1,fg:13510/mlbam:608070
1402,Ketel Marte,2024,583,matched,1,fg:13613/mlbam:606466
1403,William Contreras,2024,679,matched,1,fg:20503/mlbam:661388
1404,Matt Chapman,2024,647,matched,1,fg:16505/mlbam:656305
1405,Cal Raleigh,2024,628,matched,1,fg:21534/mlbam:663728
1406,Vladimir Guerrero Jr.,2024,697,matched,1,fg:19611/mlbam:665489
1407,Jackson Merrill,2024,593,matched,1,fg:29490/mlbam:701538
1408,Yordan Alvarez,2024,635,matched,1,fg:19556/mlbam:670541
1409,Brent Rooker,2024,614,matched,1,fg:19627/mlbam:667670
1410,Bryce Harper,2024,631,matched,1,fg:11579/mlbam:547180
1411,Willy Adames,2024,688,matched,1,fg:15986/mlbam:642715
1412,Marcell Ozuna,2024,688,matched,1,fg:10324/mlbam:542303
1413,Corey Seager,2024,533,matched,1,fg:13624/mlbam:608369
1414,Mookie Betts,2024,516,matched,1,fg:13611/mlbam:605141
1415,Jurickson Profar,2024,668,matched,1,fg:10815/mlbam:595777
1416,Corbin Carroll,2024,684,matched,1,fg:25878/mlbam:682998
1417,Marcus Semien,2024,718,matched,1,fg:12533/mlbam:543760
1418,Patrick Bailey,2024,448,matched,1,fg:27478/mlbam:672275
1419,Kyle Tucker,2024,339,matched,1,fg:18345/mlbam:663656
1420,Carlos Correa,2024,367,matched,1,fg:14162/mlbam:621043
1421,Rafael Devers,2024,601,matched,1,fg:17350/mlbam:646240
1422,Steven Kwan,2024,540,matched,1,fg:24610/mlbam:680757
1423,Alex Bregman,2024,634,matched,1,fg:17678/mlbam:608324
1424,Dansby Swanson,2024,593,matched,1,fg:18314/mlbam:621020
1425,Jazz Chisholm Jr.,2024,621,matched,1,fg:20454/mlbam:665862
1426,Freddie Freeman,2024,638,matched,1,fg:5361/mlbam:518692
1427,Riley Greene,2024,584,matched,1,fg:25976/mlbam:682985
1428,Trea Turner,2024,539,matched,1,fg:16252/mlbam:607208
1429,Jackson Chourio,2024,573,matched,1,fg:28806/mlbam:694192
1430,Jose Altuve,2024,682,matched,1,fg:5417/mlbam:514888
1431,Eugenio Suarez,2024,640,matched,1,fg:12552/mlbam:553993
1432,Colton Cowser,2024,561,matched,1,fg:29591/mlbam:681297
1433,Julio Rodriguez,2024,613,matched,1,fg:23697/mlbam:677594
1434,Nico Hoerner,2024,641,matched,1,fg:21479/mlbam:663538
1435,Byron Buxton,2024,388,matched,1,fg:14161/mlbam:621439
1436,Ezequiel Tovar,2024,695,matched,1,fg:24064/mlbam:678662
1437,Ian Happ,2024,657,matched,1,fg:17919/mlbam:664023
1438,Oneil Cruz,2024,599,matched,1,fg:21711/mlbam:665833
1439,Brenton Doyle,2024,603,matched,1,fg:25479/mlbam:686668
1440,Masyn Winn,2024,637,matched,1,fg:27479/mlbam:691026
1441,Seiya Suzuki,2024,585,matched,1,fg:30116/mlbam:673548
1442,Manny Machado,2024,643,matched,1,fg:11493/mlbam:592518
1443,Zach Neto,2024,602,matched,1,fg:31347/mlbam:687263
1444,Austin Wells,2024,414,matched,1,fg:27562/mlbam:669224
1445,Anthony Volpe,2024,689,matched,1,fg:27647/mlbam:683011
1446,Teoscar Hernandez,2024,652,matched,1,fg:13066/mlbam:606192
1447,Alec Bohm,2024,606,matched,1,fg:21618/mlbam:664761
1448,Kyle Schwarber,2024,692,matched,1,fg:16478/mlbam:656941
1449,Fernando Tatis Jr.,2024,438,matched,1,fg:19709/mlbam:665487
1450,Salvador Perez,2024,652,matched,1,fg:7304/mlbam:521692
1451,Isaac Paredes,2024,641,matched,1,fg:20036/mlbam:670623
1452,Anthony Santander,2024,665,matched,1,fg:14551/mlbam:623993
1453,JJ Bleday,2024,642,matched,1,fg:26368/mlbam:668709
1454,Brendan Donovan,2024,652,matched,1,fg:24679/mlbam:680977
1455,Joey Ortiz,2024,511,matched,1,fg:25493/mlbam:687401
1456,Nolan Arenado,2024,635,matched,1,fg:9777/mlbam:571448
1457,Daulton Varsho,2024,513,matched,1,fg:19918/mlbam:662139
1458,Victor Robles,2024,295,matched,1,fg:18363/mlbam:645302
1459,Lawrence Butler,2024,451,matched,1,fg:22542/mlbam:671732
1460,Christian Walker,2024,552,matched,1,fg:13419/mlbam:572233
1461,Tyler Stephenson,2024,515,matched,1,fg:17988/mlbam:663886
1462,Wilyer Abreu,2024,447,matched,1,fg:23772/mlbam:677800
1463,Wyatt Langford,2024,557,matched,1,fg:33333/mlbam:694671
1464,Christian Yelich,2024,315,matched,1,fg:11477/mlbam:592885
1465,Joc Pederson,2024,449,matched,1,fg:11899/mlbam:592626
1466,Tyler Fitzgerald,2024,341,matched,1,fg:26208/mlbam:666149
1467,Yainer Diaz,2024,619,matched,1,fg:23003/mlbam:673237
1468,Luis Garcia Jr.,2024,528,ambiguous,3,fg:23735/mlbam:677651;fg:20391/mlbam:671277;fg:6984/mlbam:472610
1469,Jake McCarthy,2024,495,matched,1,fg:21622/mlbam:664983
1470,Mark Vientos,2024,454,matched,1,fg:22184/mlbam:668901
1471,Nathaniel Lowe,2024,565,matched,1,fg:19566/mlbam:663993
1472,Jonathan India,2024,637,matched,1,fg:21523/mlbam:663697
1473,Carlos Santana,2024,594,matched,1,fg:2396/mlbam:467793
1474,Josh Smith,2024,592,matched,1,fg:26396/mlbam:669701
1475,Willi Castro,2024,635,matched,1,fg:17338/mlbam:650489
1476,Miguel Rojas,2024,337,matched,1,fg:7802/mlbam:500743
1477,Taylor Ward,2024,663,matched,1,fg:17548/mlbam:621493
1478,Brandon Nimmo,2024,663,matched,1,fg:12927/mlbam:607043
1479,Willson Contreras,2024,358,matched,1,fg:11609/mlbam:575929
1480,Jordan Westburg,2024,447,matched,1,fg:27815/mlbam:676059
1481,Adley Rutschman,2024,638,matched,1,fg:26288/mlbam:668939
1482,Jeremy Pena,2024,650,matched,1,fg:21636/mlbam:665161
1483,Alejandro Kirk,2024,386,matched,1,fg:22581/mlbam:672386
1484,Jacob Young,2024,521,matched,1,fg:29931/mlbam:696285
1485,Andres Gimenez,2024,633,matched,1,fg:19950/mlbam:665926
1486,Matt Olson,2024,685,matched,1,fg:14344/mlbam:621566
1487,Will Smith,2024,544,ambiguous,2,fg:8048/mlbam:519293;fg:19197/mlbam:669257
1488,Ha-seong Kim,2024,470,matched,1,fg:27506/mlbam:673490
1489,Pete Crow-Armstrong,2024,410,matched,1,fg:27769/mlbam:691718
1490,Brice Turang,2024,619,matched,1,fg:22186/mlbam:668930
1491,Tyler O'Neill,2024,473,matched,1,fg:15711/mlbam:641933
1492,Jose Iglesias,2024,291,matched,1,fg:10231/mlbam:578428
1493,Gabriel Moreno,2024,351,matched,1,fg:22664/mlbam:672515
1494,Otto Lopez,2024,434,matched,1,fg:19608/mlbam:672640
1495,Kerry Carpenter,2024,296,matched,1,fg:25961/mlbam:681481
1496,Austin Riley,2024,469,matched,1,fg:18360/mlbam:663586
1497,Dylan Moore,2024,441,matched,1,fg:18042/mlbam:664238
1498,Max Muncy,2024,293,matched,1,fg:13301/mlbam:571970
1499,Heliot Ramos,2024,518,matched,1,fg:22515/mlbam:671218
1500,Luke Raley,2024,455,matched,1,fg:19354/mlbam:670042
1501,Josh Naylor,2024,633,matched,1,fg:18839/mlbam:647304
1502,Brandon Marsh,2024,476,matched,1,fg:20202/mlbam:669016
1503,Matt Vierling,2024,567,matched,1,fg:21558/mlbam:663837
1504,Xavier Edwards,2024,303,matched,1,fg:22266/mlbam:669364
1505,Bryan Reynolds,2024,692,matched,1,fg:19326/mlbam:668804
1506,Brandon Lowe,2024,425,matched,1,fg:18882/mlbam:664040
1507,Michael Busch,2024,567,matched,1,fg:26319/mlbam:683737
1508,Parker Meadows,2024,298,matched,1,fg:23800/mlbam:678009
1509,Ivan Herrera,2024,259,matched,1,fg:20599/mlbam:671056
1510,Pete Alonso,2024,695,matched,1,fg:19251/mlbam:624413
1511,Lourdes Gurriel Jr.,2024,553,matched,1,fg:19238/mlbam:666971
1512,Cody Bellinger,2024,569,matched,1,fg:15998/mlbam:641355
1513,Jake Cronenworth,2024,656,matched,1,fg:18036/mlbam:630105
1514,Logan O'Hoppe,2024,522,matched,1,fg:24729/mlbam:681351
1515,Cedric Mullins,2024,499,matched,1,fg:17929/mlbam:656775
1516,Ernie Clement,2024,452,matched,1,fg:20352/mlbam:676391
1517,Isiah Kiner-Falefa,2024,496,matched,1,fg:16512/mlbam:643396
1518,Jake Rogers,2024,337,matched,1,fg:19452/mlbam:668670
1519,Matt Wallner,2024,261,matched,1,fg:26466/mlbam:670242
1520,J.T. Realmuto,2024,413,matched,1,fg:11739/mlbam:592663
1521,Shea Langeliers,2024,534,matched,1,fg:25816/mlbam:669127
1522,Michael Harris II,2024,470,matched,1,fg:25931/mlbam:671739
1523,Randy Arozarena,2024,648,matched,1,fg:19290/mlbam:668227
1524,Geraldo Perdomo,2024,388,matched,1,fg:22799/mlbam:672695
1525,Xander Bogaerts,2024,463,matched,1,fg:12161/mlbam:593428
1526,Garrett Mitchell,2024,224,matched,1,fg:27555/mlbam:669003
1527,Spencer Horwitz,2024,381,matched,1,fg:26477/mlbam:687462
1528,Yandy Diaz,2024,621,matched,1,fg:16578/mlbam:650490
1529,Victor Caratini,2024,274,matched,1,fg:14968/mlbam:605170
1530,Edmundo Sosa,2024,274,matched,1,fg:17022/mlbam:624641
1531,Ryan McMahon,2024,645,matched,1,fg:15112/mlbam:641857
1532,Francisco Alvarez,2024,342,matched,1,fg:26121/mlbam:682626
1533,Freddy Fermin,2024,368,matched,1,fg:21840/mlbam:666023
1534,Jake Meyers,2024,513,matched,1,fg:20308/mlbam:676694
1535,Josh Rojas,2024,476,matched,1,fg:19734/mlbam:668942
1536,Jose Caballero,2024,483,matched,1,fg:23401/mlbam:676609
1537,CJ Abrams,2024,602,matched,1,fg:25768/mlbam:682928
1538,Travis d'Arnaud,2024,341,matched,1,fg:7739/mlbam:518595
1539,Gleyber Torres,2024,665,matched,1,fg:16997/mlbam:650402
1540,Paul DeJong,2024,482,matched,1,fg:18015/mlbam:657557
1541,Carson Kelly,2024,313,matched,1,fg:13620/mlbam:608348
1542,Bryson Stott,2024,571,matched,1,fg:26294/mlbam:681082
1543,Jose Siri,2024,448,matched,1,fg:17452/mlbam:642350
1544,David Fry,2024,392,matched,1,fg:24934/mlbam:681807
1545,Lars Nootbaar,2024,405,matched,1,fg:21454/mlbam:663457
1546,Mike Yastrzemski,2024,474,matched,1,fg:14854/mlbam:573262
1547,Colt Keith,2024,556,matched,1,fg:27899/mlbam:690993
1548,Jose Trevino,2024,234,matched,1,fg:16725/mlbam:624431
1549,Randal Grichuk,2024,279,matched,1,fg:10243/mlbam:545341
1550,Ryan O'Hearn,2024,494,matched,1,fg:16442/mlbam:656811
1551,Michael Massey,2024,356,matched,1,fg:27684/mlbam:686681
1552,Kyle Higashioka,2024,263,matched,1,fg:5517/mlbam:543309
1553,Ryan Jeffers,2024,465,matched,1,fg:24618/mlbam:680777
1554,Jesus Sanchez,2024,537,matched,1,fg:19913/mlbam:660821
1555,Spencer Steer,2024,656,matched,1,fg:26323/mlbam:668715
1556,David Hamilton,2024,317,matched,1,fg:27531/mlbam:666152
1557,Blake Perkins,2024,434,matched,1,fg:19921/mlbam:663368
1558,J.P. Crawford,2024,451,matched,1,fg:15491/mlbam:641487
1559,Bo Naylor,2024,389,matched,1,fg:21865/mlbam:666310
1560,Luis Rengifo,2024,304,matched,1,fg:19858/mlbam:650859
1561,Vinnie Pasquantino,2024,554,matched,1,fg:27676/mlbam:686469
1562,Sal Frelick,2024,524,matched,1,fg:29622/mlbam:686217
1563,Kyle Isbel,2024,426,matched,1,fg:21614/mlbam:664728
1564,Trevor Larnach,2024,400,matched,1,fg:21501/mlbam:663616
1565,Jesse Winker,2024,508,matched,1,fg:13590/mlbam:608385
1566,Jake Burger,2024,579,matched,1,fg:22275/mlbam:669394
1567,Ryan Mountcastle,2024,507,matched,1,fg:18373/mlbam:663624
1568,Lane Thomas,2024,528,matched,1,fg:16939/mlbam:657041
1569,Yasmani Grandal,2024,243,matched,1,fg:11368/mlbam:518735
1570,Gavin Lux,2024,487,matched,1,fg:19955/mlbam:666158
1571,Kevin Newman,2024,311,matched,1,fg:17696/mlbam:621028
1572,Zack Gelof,2024,547,matched,1,fg:29766/mlbam:680869
1573,Ben Rortvedt,2024,328,matched,1,fg:20287/mlbam:666163
1574,Rob Refsnyder,2024,307,matched,1,fg:13770/mlbam:608701
1575,Joey Bart,2024,282,matched,1,fg:21524/mlbam:663698
1576,James Wood,2024,336,matched,1,fg:29518/mlbam:695578
1577,LaMonte Wade Jr.,2024,401,matched,1,fg:18126/mlbam:664774
1578,Michael Conforto,2024,488,matched,1,fg:16376/mlbam:624424
1579,Andy Pages,2024,443,matched,1,fg:24816/mlbam:681624
1580,Nick Gonzales,2024,387,matched,1,fg:27490/mlbam:693304
1581,Ozzie Albies,2024,435,matched,1,fg:16556/mlbam:645277
1582,Jeff McNeil,2024,472,matched,1,fg:15362/mlbam:643446
1583,Richie Palacios,2024,316,matched,1,fg:24589/mlbam:680700
1584,Max Schuemann,2024,459,matched,1,fg:24488/mlbam:680474
1585,Maikel Garcia,2024,626,matched,1,fg:22715/mlbam:672580
1586,Alex Call,2024,113,matched,1,fg:19296/mlbam:669743
1587,Justin Turner,2024,539,matched,1,fg:5235/mlbam:457759
1588,Paul Goldschmidt,2024,654,matched,1,fg:9218/mlbam:502671
1589,Harrison Bader,2024,437,matched,1,fg:18030/mlbam:664056
1590,Leody Taveras,2024,529,matched,1,fg:18900/mlbam:665750
1591,Jonah Bride,2024,272,matched,1,fg:24703/mlbam:681146
1592,Jorge Soler,2024,574,matched,1,fg:14221/mlbam:624585
1593,Connor Wong,2024,487,matched,1,fg:19896/mlbam:657136
1594,Royce Lewis,2024,325,matched,1,fg:20437/mlbam:668904
1595,Luis Arraez,2024,672,matched,1,fg:18568/mlbam:650333
1596,George Springer,2024,614,matched,1,fg:12856/mlbam:543807
1597,Mauricio Dubon,2024,428,matched,1,fg:16530/mlbam:643289
1598,Brayan Rocchio,2024,442,matched,1,fg:23690/mlbam:677587
1599,Johan Rojas,2024,363,matched,1,fg:24336/mlbam:679032
1600,Michael Siani,2024,334,matched,1,fg:22557/mlbam:672279
1601,Jose Miranda,2024,429,matched,1,fg:20538/mlbam:669304
1602,Mike Tauchman,2024,350,matched,1,fg:15274/mlbam:643565
1603,Jake Fraley,2024,382,matched,1,fg:19260/mlbam:641584
1604,Tyrone Taylor,2024,345,matched,1,fg:13675/mlbam:621438
1605,Josh Lowe,2024,387,matched,1,fg:19953/mlbam:666139
1606,Wenceel Perez,2024,425,matched,1,fg:22857/mlbam:672761
1607,Ceddanne Rafaela,2024,571,matched,1,fg:24262/mlbam:678882
1608,Oswaldo Cabrera,2024,326,matched,1,fg:21707/mlbam:665828
1609,Zach McKinstry,2024,325,matched,1,fg:19392/mlbam:656716
1610,Pavin Smith,2024,158,matched,1,fg:19892/mlbam:656976
1611,Mike Trout,2024,126,matched,1,fg:10155/mlbam:545361
1612,Jacob Stallings,2024,281,matched,1,fg:13723/mlbam:607732
1613,Masataka Yoshida,2024,421,matched,1,fg:31837/mlbam:807799
1614,Ramon Laureano,2024,309,matched,1,fg:17128/mlbam:657656
1615,Ramon Urias,2024,301,matched,1,fg:18795/mlbam:602104
1616,Ronald Acuna Jr.,2024,222,matched,1,fg:18401/mlbam:660670
1617,Max Kepler,2024,399,matched,1,fg:12144/mlbam:596146
1618,Nicky Lopez,2024,445,matched,1,fg:19339/mlbam:670032
1619,Giancarlo Stanton,2024,459,matched,1,fg:4949/mlbam:519317
1620,Donovan Solano,2024,309,matched,1,fg:8623/mlbam:456781
1621,Brendan Rodgers,2024,539,matched,1,fg:17907/mlbam:663898
1622,Tommy Edman,2024,153,matched,1,fg:19470/mlbam:669242
1623,Jason Heyward,2024,258,matched,1,fg:4940/mlbam:518792
1624,Mark Canha,2024,462,matched,1,fg:11445/mlbam:592192
1625,Jorge Mateo,2024,208,matched,1,fg:17273/mlbam:622761
1626,Luis Torrens,2024,130,matched,1,fg:15905/mlbam:620443
1627,Sean Murphy,2024,264,matched,1,fg:19352/mlbam:669221
1628,Orlando Arcia,2024,602,matched,1,fg:13185/mlbam:606115
1629,Jonny DeLuca,2024,362,matched,1,fg:26365/mlbam:676356
1630,Sam Hilliard,2024,158,matched,1,fg:17954/mlbam:656541
1631,Dane Myers,2024,108,matched,1,fg:22054/mlbam:667472
1632,Alec Burleson,2024,595,matched,1,fg:27615/mlbam:676475
1633,Trevor Story,2024,106,matched,1,fg:12564/mlbam:596115
1634,Junior Caminero,2024,177,matched,1,fg:28163/mlbam:691406
1635,Nolan Schanuel,2024,607,matched,1,fg:33189/mlbam:694384
1636,Andy Ibanez,2024,244,matched,1,fg:18819/mlbam:628451
1637,Gio Urshela,2024,461,matched,1,fg:10681/mlbam:570482
1638,Abraham Toro,2024,364,matched,1,fg:19844/mlbam:647351
1639,Christian Vazquez,2024,315,matched,1,fg:9774/mlbam:543877
1640,Triston Casas,2024,243,matched,1,fg:22514/mlbam:671213
1641,Jhonkensy Noel,2024,198,matched,1,fg:24257/mlbam:678877
1642,J.D. Martinez,2024,495,matched,1,fg:6184/mlbam:502110
1643,Starling Marte,2024,370,matched,1,fg:9241/mlbam:516782
1644,Kevin Pillar,2024,314,matched,1,fg:12434/mlbam:607680
1645,Danny Jansen,2024,324,matched,1,fg:16535/mlbam:643376
1646,Luis Robert Jr.,2024,425,matched,1,fg:20043/mlbam:673357
1647,Enrique Hernandez,2024,393,matched,1,fg:10472/mlbam:571771
1648,Alex Verdugo,2024,621,matched,1,fg:17027/mlbam:657077
1649,Miguel Amaya,2024,363,matched,1,fg:21693/mlbam:665804
1650,Brett Wisely,2024,272,matched,1,fg:27735/mlbam:689172
1651,Nick Fortes,2024,335,matched,1,fg:21538/mlbam:663743
1652,David Peralta,2024,260,matched,1,fg:2136/mlbam:444482
1653,Andrew McCutchen,2024,515,matched,1,fg:9847/mlbam:457705
1654,Dairon Blanco,2024,132,matched,1,fg:19779/mlbam:680118
1655,Will Brennan,2024,353,matched,1,fg:25660/mlbam:686823
1656,Elias Diaz,2024,351,matched,1,fg:11680/mlbam:553869
1657,Connor Joe,2024,416,matched,1,fg:16572/mlbam:656582
1658,Leo Jimenez,2024,210,matched,1,fg:23782/mlbam:677870
1659,Jarred Kelenic,2024,449,matched,1,fg:22558/mlbam:672284
1660,Trent Grisham,2024,209,matched,1,fg:18564/mlbam:663757
1661,Pedro Pages,2024,218,matched,1,fg:25782/mlbam:686780
1662,Kyle Farmer,2024,242,matched,1,fg:14813/mlbam:571657
1663,Dylan Crews,2024,132,matched,1,fg:33541/mlbam:686611
1664,Austin Barnes,2024,156,matched,1,fg:12158/mlbam:605131
1665,Brett Baty,2024,171,matched,1,fg:26123/mlbam:683146
1666,Whit Merrifield,2024,335,matched,1,fg:11281/mlbam:593160
1667,Garrett Hampson,2024,231,matched,1,fg:19262/mlbam:641658
1668,Nick Ahmed,2024,228,matched,1,fg:12147/mlbam:605113
1669,Michael Toglia,2024,458,matched,1,fg:25845/mlbam:669911
1670,Juan Yepez,2024,249,matched,1,fg:18400/mlbam:660766
1671,Casey Schmitt,2024,113,matched,1,fg:27577/mlbam:669477
1672,Jonathan Aranda,2024,143,matched,1,fg:21837/mlbam:666018
1673,Gary Sanchez,2024,280,matched,1,fg:11442/mlbam:596142
1674,Miguel Andujar,2024,319,matched,1,fg:15878/mlbam:609280
1675,Trey Sweeney,2024,119,matched,1,fg:29575/mlbam:700242
1676,Tyler Freeman,2024,383,matched,1,fg:22532/mlbam:671289
1677,Davis Schneider,2024,454,matched,1,fg:23565/mlbam:676914
1678,Jared Triolo,2024,446,matched,1,fg:25807/mlbam:669707
1679,Thairo Estrada,2024,381,matched,1,fg:16426/mlbam:642731
1680,Michael A. Taylor,2024,300,unmatched,0,
1681,Austin Hedges,2024,146,matched,1,fg:12976/mlbam:595978
1682,Heston Kjerstad,2024,114,matched,1,fg:31166/mlbam:677008
1683,Tyler Soderstrom,2024,213,matched,1,fg:27467/mlbam:691016
1684,Josh Jung,2024,188,matched,1,fg:26299/mlbam:673962
1685,TJ Friedl,2024,341,matched,1,fg:19522/mlbam:670770
1686,Daniel Schneemann,2024,221,matched,1,fg:25180/mlbam:682177
1687,Nolan Gorman,2024,402,matched,1,fg:22263/mlbam:669357
1688,Emmanuel Rivera,2024,302,matched,1,fg:19890/mlbam:656896
1689,Stuart Fairchild,2024,233,matched,1,fg:20321/mlbam:656413
1690,Jorge Polanco,2024,469,matched,1,fg:13152/mlbam:593871
1691,Bo Bichette,2024,336,matched,1,fg:19612/mlbam:666182
1692,Garrett Stubbs,2024,187,matched,1,fg:18067/mlbam:596117
1693,Kevin Kiermaier,2024,281,matched,1,fg:11038/mlbam:595281
1694,Nick Castellanos,2024,659,matched,1,fg:11737/mlbam:592206
1695,Romy Gonzalez,2024,216,matched,1,fg:21562/mlbam:663853
1696,Rhys Hoskins,2024,517,matched,1,fg:16472/mlbam:656555
1697,Austin Hays,2024,255,matched,1,fg:19363/mlbam:669720
1698,Luis Urias,2024,109,matched,1,fg:16622/mlbam:649966
1699,Dominic Smith,2024,307,matched,1,fg:15653/mlbam:642086
1700,Kyle McCann,2024,157,matched,1,fg:25575/mlbam:668832
1701,Derek Hill,2024,172,matched,1,fg:16947/mlbam:656537
1702,Amed Rosario,2024,346,matched,1,fg:15518/mlbam:642708
1703,James McCann,2024,233,matched,1,fg:12859/mlbam:543510
1704,Jose Herrera,2024,114,matched,1,fg:17040/mlbam:645444
1705,Ezequiel Duran,2024,285,matched,1,fg:23733/mlbam:677649
1706,Christian Bethancourt,2024,147,matched,1,fg:10028/mlbam:542194
1707,Reese McGuire,2024,158,matched,1,fg:15674/mlbam:624512
1708,Connor Norby,2024,194,matched,1,fg:29592/mlbam:681393
1709,Kody Clemens,2024,120,matched,1,fg:20572/mlbam:665019
1710,Andres Chaparro,2024,132,matched,1,fg:21797/mlbam:665953
1711,Hunter Renfroe,2024,424,matched,1,fg:15464/mlbam:592669
1712,Jo Adell,2024,451,matched,1,fg:20220/mlbam:666176
1713,Spencer Torkelson,2024,381,matched,1,fg:27465/mlbam:679529
1714,Jake Bauers,2024,346,matched,1,fg:15194/mlbam:641343
1715,Dominic Canzone,2024,188,matched,1,fg:26438/mlbam:686527
1716,Mickey Moniak,2024,418,matched,1,fg:19956/mlbam:666160
1717,Lenyn Sosa,2024,369,matched,1,fg:22896/mlbam:672820
1718,Jung Hoo Lee,2024,158,matched,1,fg:33824/mlbam:808982
1719,Evan Carter,2024,162,matched,1,fg:27790/mlbam:694497
1720,Estevan Florial,2024,111,matched,1,fg:19151/mlbam:664314
1721,Cavan Biggio,2024,224,matched,1,fg:19252/mlbam:624415
1722,Joey Loperfido,2024,262,matched,1,fg:29630/mlbam:694388
1723,Oliver Dunn,2024,104,matched,1,fg:26295/mlbam:686554
1724,Luis Guillorme,2024,187,matched,1,fg:16451/mlbam:641645
1725,Ke'Bryan Hayes,2024,396,matched,1,fg:18577/mlbam:663647
1726,Brooks Baldwin,2024,121,matched,1,fg:31394/mlbam:681460
1727,Tomas Nido,2024,140,matched,1,fg:13755/mlbam:621512
1728,Charlie Blackmon,2024,499,matched,1,fg:7859/mlbam:453568
1729,Kyle Manzardo,2024,156,matched,1,fg:29794/mlbam:700932
1730,Willie Calhoun,2024,254,matched,1,fg:17838/mlbam:641432
1731,Jose Tena,2024,168,matched,1,fg:23691/mlbam:677588
1732,Santiago Espinal,2024,391,matched,1,fg:19997/mlbam:669289
1733,Angel Martinez,2024,169,matched,1,fg:26540/mlbam:682657
1734,Jacob Wilson,2024,103,matched,1,fg:33266/mlbam:805779
1735,Edouard Julien,2024,301,matched,1,fg:27534/mlbam:666397
1736,Ildemaro Vargas,2024,303,matched,1,fg:13324/mlbam:545121
1737,Jackson Holliday,2024,208,matched,1,fg:31781/mlbam:702616
1738,Cristian Pache,2024,183,matched,1,fg:19948/mlbam:665506
1739,Josh Bell,2024,603,matched,1,fg:13145/mlbam:605137
1740,Jon Singleton,2024,405,matched,1,fg:10441/mlbam:572138
1741,Jerar Encarnacion,2024,119,matched,1,fg:21871/mlbam:666464
1742,Andrew Vaughn,2024,619,matched,1,fg:26197/mlbam:683734
1743,Andrew Benintendi,2024,522,matched,1,fg:17901/mlbam:643217
1744,Adolis Garcia,2024,637,matched,1,fg:19287/mlbam:666969
1745,Tommy Pham,2024,478,matched,1,fg:2967/mlbam:502054
1746,Blaze Alexander,2024,185,matched,1,fg:23789/mlbam:677942
1747,Matt Thaiss,2024,186,matched,1,fg:19318/mlbam:642136
1748,Jonah Heim,2024,491,matched,1,fg:16930/mlbam:641680
1749,Anthony Rendon,2024,238,matched,1,fg:12861/mlbam:543685
1750,Danny Mendick,2024,141,matched,1,fg:18889/mlbam:664901
1751,Alex Jackson,2024,155,matched,1,fg:17276/mlbam:656577
1752,Matt Carpenter,2024,157,matched,1,fg:8090/mlbam:572761
1753,MJ Melendez,2024,451,matched,1,fg:22197/mlbam:669004
1754,Austin Martin,2024,257,matched,1,fg:27462/mlbam:668885
1755,Anthony Rizzo,2024,375,matched,1,fg:3473/mlbam:519203
1756,Patrick Wisdom,2024,174,matched,1,fg:13602/mlbam:621550
1757,Manuel Margot,2024,343,matched,1,fg:14712/mlbam:622534
1758,D.J. Stewart,2024,194,matched,1,fg:17766/mlbam:621466
1759,Niko Kavadas,2024,106,matched,1,fg:29782/mlbam:694359
1760,Joey Gallo,2024,260,matched,1,fg:14128/mlbam:608336
1761,Gabriel Arias,2024,161,matched,1,fg:22563/mlbam:672356
1762,Alek Thomas,2024,103,matched,1,fg:23792/mlbam:677950
1763,Austin Slater,2024,212,matched,1,fg:16153/mlbam:596103
1764,Chas McCormick,2024,267,matched,1,fg:19599/mlbam:676801
1765,Andruw Monasterio,2024,142,matched,1,fg:19455/mlbam:655316
1766,Taylor Walls,2024,252,matched,1,fg:22458/mlbam:670764
1767,Nick Loftin,2024,171,matched,1,fg:27630/mlbam:679845
1768,Travis Jankowski,2024,207,matched,1,fg:13768/mlbam:608671
1769,Jeimer Candelario,2024,463,matched,1,fg:13621/mlbam:600869
1770,Jake Cave,2024,346,matched,1,fg:14477/mlbam:595909
1771,Alex Kirilloff,2024,178,matched,1,fg:20325/mlbam:666135
1772,Riley Adams,2024,130,matched,1,fg:19864/mlbam:656180
1773,Vidal Brujan,2024,278,matched,1,fg:20536/mlbam:660644
1774,Keibert Ruiz,2024,485,matched,1,fg:19610/mlbam:660688
1775,Grant McCray,2024,130,matched,1,fg:25690/mlbam:687529
1776,Ben Rice,2024,178,matched,1,fg:29576/mlbam:700250
1777,Addison Barger,2024,225,matched,1,fg:24598/mlbam:680718
1778,Brooks Lee,2024,185,matched,1,fg:31595/mlbam:686797
1779,Curtis Mead,2024,132,matched,1,fg:23986/mlbam:678554
1780,Brett Harris,2024,123,matched,1,fg:29788/mlbam:695391
1781,Tyler Wade,2024,156,matched,1,fg:15730/mlbam:642180
1782,James Outman,2024,156,matched,1,fg:24770/mlbam:681546
1783,Rowdy Tellez,2024,421,matched,1,fg:15679/mlbam:642133
1784,Seth Brown,2024,400,matched,1,fg:18171/mlbam:664913
1785,J.D. Davis,2024,157,matched,1,fg:16219/mlbam:605204
1786,Mitch Garver,2024,430,matched,1,fg:15161/mlbam:641598
1787,Tyler Nevin,2024,278,matched,1,fg:17893/mlbam:663527
1788,Korey Lee,2024,394,matched,1,fg:25543/mlbam:686676
1789,Daz Cameron,2024,186,matched,1,fg:18353/mlbam:663662
1790,Bryan Ramos,2024,108,matched,1,fg:25621/mlbam:682868
1791,Garrett Cooper,2024,116,matched,1,fg:15279/mlbam:643265
1792,Michael Stefanic,2024,124,matched,1,fg:25353/mlbam:683021
1793,Curt Casali,2024,125,matched,1,fg:12510/mlbam:592200
1794,Victor Scott II,2024,155,matched,1,fg:31349/mlbam:687363
1795,Miles Mastrobuoni,2024,106,matched,1,fg:20017/mlbam:670156
1796,Justyn-Henry Malloy,2024,230,matched,1,fg:29606/mlbam:669234
1797,Luis Campusano,2024,299,matched,1,fg:22217/mlbam:669134
1798,Nick Martini,2024,163,matched,1,fg:12005/mlbam:605361
1799,Nelson Velazquez,2024,230,matched,1,fg:23359/mlbam:676369
1800,Mitch Haniger,2024,423,matched,1,fg:14274/mlbam:571745
1801,Robbie Grossman,2024,245,matched,1,fg:5254/mlbam:543257
1802,Nick Senzel,2024,267,matched,1,fg:19293/mlbam:669222
1803,Sean Bouchard,2024,108,matched,1,fg:21270/mlbam:656248
1804,Adam Frazier,2024,294,matched,1,fg:15223/mlbam:624428
1805,DJ LeMahieu,2024,228,matched,1,fg:9874/mlbam:518934
1806,Darell Hernaiz,2024,135,matched,1,fg:26224/mlbam:687231
1807,Will Benson,2024,388,matched,1,fg:21853/mlbam:666181
1808,Enmanuel Valdez,2024,223,matched,1,fg:21716/mlbam:665839
1809,Jordan Walker,2024,178,matched,1,fg:27475/mlbam:691023
1810,Harold Ramirez,2024,246,matched,1,fg:14387/mlbam:623912
1811,Chris Taylor,2024,246,matched,1,fg:13757/mlbam:621035
1812,Corey Julks,2024,189,matched,1,fg:20311/mlbam:667452
1813,Ryan Noda,2024,111,matched,1,fg:23312/mlbam:676116
1814,Nick Allen,2024,105,matched,1,fg:22277/mlbam:669397
1815,Nick Gordon,2024,275,matched,1,fg:16337/mlbam:624503
1816,Kyle Stowers,2024,209,matched,1,fg:26151/mlbam:669065
1817,Wilmer Flores,2024,242,matched,1,fg:5827/mlbam:527038
1818,Luke Maile,2024,154,matched,1,fg:13355/mlbam:571912
1819,Javier Baez,2024,289,matched,1,fg:12979/mlbam:595879
1820,Christian Encarnacion-Strand,2024,123,matched,1,fg:30011/mlbam:687952
1821,Vaughn Grissom,2024,114,matched,1,fg:26031/mlbam:687093
1822,Henry Davis,2024,122,matched,1,fg:29617/mlbam:680779
1823,Ty France,2024,535,matched,1,fg:17982/mlbam:664034
1824,Gavin Sheets,2024,501,matched,1,fg:19901/mlbam:657757
1825,Nolan Jones,2024,297,matched,1,fg:20529/mlbam:666134
1826,Kris Bryant,2024,155,matched,1,fg:15429/mlbam:592178
1827,Luis Matos,2024,156,matched,1,fg:26467/mlbam:682641
1828,Dominic Fletcher,2024,241,matched,1,fg:26149/mlbam:666150
1829,Eloy Jimenez,2024,349,matched,1,fg:17484/mlbam:650391
1830,Edward Olivares,2024,196,matched,1,fg:19698/mlbam:658668
1831,Trey Lipscomb,2024,211,matched,1,fg:31567/mlbam:702358
1832,Christopher Morel,2024,611,matched,1,fg:21897/mlbam:666624
1833,Joey Meneses,2024,313,matched,1,fg:14366/mlbam:608841
1834,Adam Duvall,2024,330,matched,1,fg:10950/mlbam:594807
1835,Jordan Beck,2024,184,matched,1,fg:31431/mlbam:687597
1836,Miguel Vargas,2024,237,matched,1,fg:20178/mlbam:678246
1837,Bryan De La Cruz,2024,622,matched,1,fg:19600/mlbam:650559
1838,Jack Suwinski,2024,277,matched,1,fg:22244/mlbam:669261
1839,Dylan Carlson,2024,265,matched,1,fg:20126/mlbam:666185
1840,Hunter Goodman,2024,224,matched,1,fg:29715/mlbam:696100
1841,Noelvi Marte,2024,242,matched,1,fg:26517/mlbam:682622
1842,Tim Anderson,2024,241,matched,1,fg:15172/mlbam:641313
1843,Martin Maldonado,2024,147,matched,1,fg:6887/mlbam:455117
1844,Jose Abreu,2024,120,matched,1,fg:15676/mlbam:547989
1845,Elehuris Montero,2024,247,matched,1,fg:20543/mlbam:660707
1846,Eddie Rosario,2024,319,matched,1,fg:12155/mlbam:592696
1847,Brandon Drury,2024,360,matched,1,fg:11615/mlbam:592273
1848,Aaron Judge,2025,679,matched,1,fg:15640/mlbam:592450
1849,Cal Raleigh,2025,705,matched,1,fg:21534/mlbam:663728
1850,Bobby Witt Jr.,2025,687,matched,1,fg:25764/mlbam:677951
1851,Shohei Ohtani,2025,727,matched,1,fg:19755/mlbam:660271
1852,Geraldo Perdomo,2025,720,matched,1,fg:22799/mlbam:672695
1853,Trea Turner,2025,639,matched,1,fg:16252/mlbam:607208
1854,Corbin Carroll,2025,642,matched,1,fg:25878/mlbam:682998
1855,Jose Ramirez,2025,673,matched,1,fg:13510/mlbam:608070
1856,Francisco Lindor,2025,732,matched,1,fg:12916/mlbam:596019
1857,Fernando Tatis Jr.,2025,691,matched,1,fg:19709/mlbam:665487
1858,Juan Soto,2025,715,matched,1,fg:20123/mlbam:665742
1859,Jeremy Pena,2025,543,matched,1,fg:21636/mlbam:665161
1860,Julio Rodriguez,2025,710,matched,1,fg:23697/mlbam:677594
1861,Maikel Garcia,2025,666,matched,1,fg:22715/mlbam:672580
1862,Pete Crow-Armstrong,2025,647,matched,1,fg:27769/mlbam:691718
1863,George Springer,2025,586,matched,1,fg:12856/mlbam:543807
1864,Byron Buxton,2025,542,matched,1,fg:14161/mlbam:621439
1865,Kyle Schwarber,2025,724,matched,1,fg:16478/mlbam:656941
1866,Cody Bellinger,2025,656,matched,1,fg:15998/mlbam:641355
1867,Gunnar Henderson,2025,651,matched,1,fg:26289/mlbam:683002
1868,Nico Hoerner,2025,649,matched,1,fg:21479/mlbam:663538
1869,Matt Olson,2025,724,matched,1,fg:14344/mlbam:621566
1870,Alejandro Kirk,2025,506,matched,1,fg:22581/mlbam:672386
1871,Nick Kurtz,2025,489,matched,1,fg:35110/mlbam:701762
1872,Ketel Marte,2025,556,matched,1,fg:13613/mlbam:606466
1873,Junior Caminero,2025,653,matched,1,fg:28163/mlbam:691406
1874,Kyle Tucker,2025,597,matched,1,fg:18345/mlbam:663656
1875,Jazz Chisholm Jr.,2025,531,matched,1,fg:20454/mlbam:665862
1876,Brice Turang,2025,659,matched,1,fg:22186/mlbam:668930
1877,Elly De La Cruz,2025,699,matched,1,fg:26668/mlbam:682829
1878,Will Smith,2025,436,matched,1,fg:19197/mlbam:669257
1879,Wyatt Langford,2025,573,matched,1,fg:33333/mlbam:694671
1880,Andy Pages,2025,624,matched,1,fg:24816/mlbam:681624
1881,Dillon Dingler,2025,469,matched,1,fg:27464/mlbam:693307
1882,Willy Adames,2025,686,matched,1,fg:15986/mlbam:642715
1883,Kyle Stowers,2025,457,matched,1,fg:26151/mlbam:669065
1884,Corey Seager,2025,445,matched,1,fg:13624/mlbam:608369
1885,Freddie Freeman,2025,627,matched,1,fg:5361/mlbam:518692
1886,Shea Langeliers,2025,523,matched,1,fg:25816/mlbam:669127
1887,Vladimir Guerrero Jr.,2025,680,matched,1,fg:19611/mlbam:665489
1888,Jarren Duran,2025,696,matched,1,fg:24617/mlbam:680776
1889,Bo Bichette,2025,628,matched,1,fg:19612/mlbam:666182
1890,Eugenio Suarez,2025,657,matched,1,fg:12552/mlbam:553993
1891,Manny Machado,2025,678,matched,1,fg:11493/mlbam:592518
1892,Ceddanne Rafaela,2025,587,matched,1,fg:24262/mlbam:678882
1893,Matt Chapman,2025,535,matched,1,fg:16505/mlbam:656305
1894,Pete Alonso,2025,709,matched,1,fg:19251/mlbam:624413
1895,Sal Frelick,2025,594,matched,1,fg:29622/mlbam:686217
1896,William Contreras,2025,659,matched,1,fg:20503/mlbam:661388
1897,Ronald Acuna Jr.,2025,412,matched,1,fg:18401/mlbam:660670
1898,Michael Busch,2025,592,matched,1,fg:26319/mlbam:683737
1899,Bryce Harper,2025,580,matched,1,fg:11579/mlbam:547180
1900,Alex Bregman,2025,495,matched,1,fg:17678/mlbam:608324
1901,Masyn Winn,2025,537,matched,1,fg:27479/mlbam:691026
1902,Hunter Goodman,2025,579,matched,1,fg:29715/mlbam:696100
1903,Tyler Soderstrom,2025,624,matched,1,fg:27467/mlbam:691016
1904,Jacob Wilson,2025,523,matched,1,fg:33266/mlbam:805779
1905,Mookie Betts,2025,663,matched,1,fg:13611/mlbam:605141
1906,Rafael Devers,2025,729,matched,1,fg:17350/mlbam:646240
1907,Dansby Swanson,2025,645,matched,1,fg:18314/mlbam:621020
1908,James Wood,2025,689,matched,1,fg:29518/mlbam:695578
1909,Trent Grisham,2025,581,matched,1,fg:18564/mlbam:663757
1910,Harrison Bader,2025,501,matched,1,fg:18030/mlbam:664056
1911,Zach McKinstry,2025,511,matched,1,fg:19392/mlbam:656716
1912,Xander Bogaerts,2025,552,matched,1,fg:12161/mlbam:593428
1913,Ernie Clement,2025,588,matched,1,fg:20352/mlbam:676391
1914,Steven Kwan,2025,693,matched,1,fg:24610/mlbam:680757
1915,Patrick Bailey,2025,452,matched,1,fg:27478/mlbam:672275
1916,Josh Naylor,2025,604,matched,1,fg:18839/mlbam:647304
1917,Drake Baldwin,2025,446,matched,1,fg:31539/mlbam:686948
1918,Zach Neto,2025,554,matched,1,fg:31347/mlbam:687263
1919,CJ Abrams,2025,635,matched,1,fg:25768/mlbam:682928
1920,Bryson Stott,2025,560,matched,1,fg:26294/mlbam:681082
1921,Ramon Laureano,2025,488,matched,1,fg:17128/mlbam:657656
1922,Ben Rice,2025,530,matched,1,fg:29576/mlbam:700250
1923,Ryan O'Hearn,2025,544,matched,1,fg:16442/mlbam:656811
1924,Jackson Merrill,2025,483,matched,1,fg:29490/mlbam:701538
1925,Brandon Nimmo,2025,652,matched,1,fg:12927/mlbam:607043
1926,Trevor Story,2025,654,matched,1,fg:12564/mlbam:596115
1927,Austin Wells,2025,448,matched,1,fg:27562/mlbam:669224
1928,Yandy Diaz,2025,651,matched,1,fg:16578/mlbam:650490
1929,Max Muncy,2025,388,ambiguous,2,fg:29779/mlbam:691777;fg:13301/mlbam:571970
1930,Riley Greene,2025,655,matched,1,fg:25976/mlbam:682985
1931,Taylor Ward,2025,663,matched,1,fg:17548/mlbam:621493
1932,Brendan Donovan,2025,515,matched,1,fg:24679/mlbam:680977
1933,Jackson Chourio,2025,589,matched,1,fg:28806/mlbam:694192
1934,Randy Arozarena,2025,709,matched,1,fg:19290/mlbam:668227
1935,Jake Cronenworth,2025,515,matched,1,fg:18036/mlbam:630105
1936,TJ Friedl,2025,685,matched,1,fg:19522/mlbam:670770
1937,Willson Contreras,2025,563,matched,1,fg:11609/mlbam:575929
1938,Ian Happ,2025,663,matched,1,fg:17919/mlbam:664023
1939,J.P. Crawford,2025,654,matched,1,fg:15491/mlbam:641487
1940,Roman Anthony,2025,303,matched,1,fg:31812/mlbam:701350
1941,Colson Montgomery,2025,284,matched,1,fg:29712/mlbam:695657
1942,Ivan Herrera,2025,452,matched,1,fg:20599/mlbam:671056
1943,Gabriel Moreno,2025,309,matched,1,fg:22664/mlbam:672515
1944,Carson Kelly,2025,421,matched,1,fg:13620/mlbam:608348
1945,Carlos Narvaez,2025,446,matched,1,fg:19722/mlbam:665966
1946,Jorge Polanco,2025,524,matched,1,fg:13152/mlbam:593871
1947,Seiya Suzuki,2025,651,matched,1,fg:30116/mlbam:673548
1948,Isaac Collins,2025,441,matched,1,fg:25477/mlbam:686555
1949,Gleyber Torres,2025,628,matched,1,fg:16997/mlbam:650402
1950,Carlos Correa,2025,584,matched,1,fg:14162/mlbam:621043
1951,Caleb Durbin,2025,506,matched,1,fg:29646/mlbam:702332
1952,Jonathan Aranda,2025,422,matched,1,fg:21837/mlbam:666018
1953,Xavier Edwards,2025,619,matched,1,fg:22266/mlbam:669364
1954,Brent Rooker,2025,699,matched,1,fg:19627/mlbam:667670
1955,Isaac Paredes,2025,438,matched,1,fg:20036/mlbam:670623
1956,Christian Yelich,2025,644,matched,1,fg:11477/mlbam:592885
1957,Wilyer Abreu,2025,417,matched,1,fg:23772/mlbam:677800
1958,Brandon Marsh,2025,425,matched,1,fg:20202/mlbam:669016
1959,Jung Hoo Lee,2025,617,matched,1,fg:33824/mlbam:808982
1960,Spencer Torkelson,2025,649,matched,1,fg:27465/mlbam:679529
1961,Brett Baty,2025,432,matched,1,fg:26123/mlbam:683146
1962,Mike Yastrzemski,2025,558,matched,1,fg:14854/mlbam:573262
1963,Jake Meyers,2025,381,matched,1,fg:20308/mlbam:676694
1964,Otto Lopez,2025,594,matched,1,fg:19608/mlbam:672640
1965,Daulton Varsho,2025,271,matched,1,fg:19918/mlbam:662139
1966,Addison Barger,2025,502,matched,1,fg:24598/mlbam:680718
1967,Mauricio Dubon,2025,398,matched,1,fg:16530/mlbam:643289
1968,Jakob Marsee,2025,234,matched,1,fg:31370/mlbam:805300
1969,Alec Burleson,2025,546,matched,1,fg:27615/mlbam:676475
1970,Tyler Heineman,2025,174,matched,1,fg:13897/mlbam:623168
1971,Jose Altuve,2025,654,matched,1,fg:5417/mlbam:514888
1972,Ryan Jeffers,2025,464,matched,1,fg:24618/mlbam:680777
1973,Jeff McNeil,2025,462,matched,1,fg:15362/mlbam:643446
1974,J.T. Realmuto,2025,550,matched,1,fg:11739/mlbam:592663
1975,Jose Caballero,2025,370,matched,1,fg:23401/mlbam:676609
1976,Marcus Semien,2025,534,matched,1,fg:12533/mlbam:543760
1977,Lawrence Butler,2025,630,matched,1,fg:22542/mlbam:671732
1978,Sean Murphy,2025,337,matched,1,fg:19352/mlbam:669221
1979,Giancarlo Stanton,2025,281,matched,1,fg:4949/mlbam:519317
1980,Kyle Teel,2025,297,matched,1,fg:33549/mlbam:691019
1981,Jordan Westburg,2025,352,matched,1,fg:27815/mlbam:676059
1982,Ryan McMahon,2025,586,matched,1,fg:15112/mlbam:641857
1983,Mike Trout,2025,556,matched,1,fg:10155/mlbam:545361
1984,Francisco Alvarez,2025,277,matched,1,fg:26121/mlbam:682626
1985,Nathan Lukes,2025,438,matched,1,fg:18123/mlbam:664770
1986,Josh Smith,2025,563,matched,1,fg:26396/mlbam:669701
1987,Jake Mangum,2025,428,matched,1,fg:26202/mlbam:663968
1988,Myles Straw,2025,299,matched,1,fg:17620/mlbam:664702
1989,Spencer Horwitz,2025,411,matched,1,fg:26477/mlbam:687462
1990,Brandon Lowe,2025,553,matched,1,fg:18882/mlbam:664040
1991,Alec Bohm,2025,504,matched,1,fg:21618/mlbam:664761
1992,Wenceel Perez,2025,383,matched,1,fg:22857/mlbam:672761
1993,Austin Riley,2025,447,matched,1,fg:18360/mlbam:663586
1994,Miguel Rojas,2025,317,matched,1,fg:7802/mlbam:500743
1995,Josh Jung,2025,511,matched,1,fg:26299/mlbam:673962
1996,Victor Scott II,2025,463,matched,1,fg:31349/mlbam:687363
1997,Luke Keaschall,2025,207,matched,1,fg:33321/mlbam:807712
1998,Edmundo Sosa,2025,261,matched,1,fg:17022/mlbam:624641
1999,Colt Keith,2025,468,matched,1,fg:27899/mlbam:690993
2000,Yainer Diaz,2025,567,matched,1,fg:23003/mlbam:673237
2001,Oneil Cruz,2025,544,matched,1,fg:21711/mlbam:665833
2002,Pedro Pages,2025,389,matched,1,fg:25782/mlbam:686780
2003,Luis Torrens,2025,283,matched,1,fg:15905/mlbam:620443
2004,Dominic Canzone,2025,268,matched,1,fg:26438/mlbam:686527
2005,Romy Gonzalez,2025,341,matched,1,fg:21562/mlbam:663853
2006,Vinnie Pasquantino,2025,682,matched,1,fg:27676/mlbam:686469
2007,Kerry Carpenter,2025,464,matched,1,fg:25961/mlbam:681481
2008,Matt Shaw,2025,437,matched,1,fg:33322/mlbam:807713
2009,Jared Triolo,2025,376,matched,1,fg:25807/mlbam:669707
2010,Bo Naylor,2025,414,matched,1,fg:21865/mlbam:666310
2011,Daylen Lile,2025,351,matched,1,fg:29995/mlbam:695734
2012,Matt Wallner,2025,392,matched,1,fg:26466/mlbam:670242
2013,Mike Tauchman,2025,385,matched,1,fg:15274/mlbam:643565
2014,Nolan Schanuel,2025,564,matched,1,fg:33189/mlbam:694384
2015,Evan Carter,2025,220,matched,1,fg:27790/mlbam:694497
2016,Lenyn Sosa,2025,544,matched,1,fg:22896/mlbam:672820
2017,Miguel Vargas,2025,569,matched,1,fg:20178/mlbam:678246
2018,Kody Clemens,2025,386,matched,1,fg:20572/mlbam:665019
2019,Javier Baez,2025,437,matched,1,fg:12979/mlbam:595879
2020,Michael Harris II,2025,641,matched,1,fg:25931/mlbam:671739
2021,Matt McLain,2025,577,matched,1,fg:29695/mlbam:680574
2022,Ke'Bryan Hayes,2025,570,matched,1,fg:18577/mlbam:663647
2023,Joey Ortiz,2025,506,matched,1,fg:25493/mlbam:687401
2024,Davis Schneider,2025,227,matched,1,fg:23565/mlbam:676914
2025,Jurickson Profar,2025,371,matched,1,fg:10815/mlbam:595777
2026,Heriberto Hernandez,2025,294,matched,1,fg:24878/mlbam:681715
2027,Gavin Sheets,2025,545,matched,1,fg:19901/mlbam:657757
2028,Danny Jansen,2025,337,matched,1,fg:16535/mlbam:643376
2029,Joey Bart,2025,332,matched,1,fg:21524/mlbam:663698
2030,Cedric Mullins,2025,498,matched,1,fg:17929/mlbam:656775
2031,Ozzie Albies,2025,667,matched,1,fg:16556/mlbam:645277
2032,Luis Robert Jr.,2025,431,matched,1,fg:20043/mlbam:673357
2033,Chase Meidroth,2025,505,matched,1,fg:31580/mlbam:805367
2034,Denzel Clarke,2025,159,matched,1,fg:29858/mlbam:672016
2035,Daniel Schneemann,2025,422,matched,1,fg:25180/mlbam:682177
2036,Jo Adell,2025,573,matched,1,fg:20220/mlbam:666176
2037,Kyle Manzardo,2025,531,matched,1,fg:29794/mlbam:700932
2038,Austin Hays,2025,416,matched,1,fg:19363/mlbam:669720
2039,Marcell Ozuna,2025,592,matched,1,fg:10324/mlbam:542303
2040,Jackson Holliday,2025,649,matched,1,fg:31781/mlbam:702616
2041,Adley Rutschman,2025,365,matched,1,fg:26288/mlbam:668939
2042,Tommy Edman,2025,377,matched,1,fg:19470/mlbam:669242
2043,Austin Hedges,2025,180,matched,1,fg:12976/mlbam:595978
2044,Jahmai Jones,2025,150,matched,1,fg:18872/mlbam:663330
2045,Miguel Andujar,2025,341,matched,1,fg:15878/mlbam:609280
2046,Alex Jackson,2025,100,matched,1,fg:17276/mlbam:656577
2047,Noelvi Marte,2025,360,matched,1,fg:26517/mlbam:682622
2048,Tyler Stephenson,2025,342,matched,1,fg:17988/mlbam:663886
2049,Heliot Ramos,2025,695,matched,1,fg:22515/mlbam:671218
2050,Bryan Reynolds,2025,654,matched,1,fg:19326/mlbam:668804
2051,Christian Walker,2025,640,matched,1,fg:13419/mlbam:572233
2052,Ramon Urias,2025,391,matched,1,fg:18795/mlbam:602104
2053,Kyle Isbel,2025,409,matched,1,fg:21614/mlbam:664728
2054,Gabriel Arias,2025,471,matched,1,fg:22563/mlbam:672356
2055,Austin Wynns,2025,110,matched,1,fg:15271/mlbam:642851
2056,Rob Refsnyder,2025,209,matched,1,fg:13770/mlbam:608701
2057,Austin Martin,2025,181,matched,1,fg:27462/mlbam:668885
2058,Spencer Steer,2025,568,matched,1,fg:26323/mlbam:668715
2059,Blaze Alexander,2025,266,matched,1,fg:23789/mlbam:677942
2060,Jesus Sanchez,2025,497,matched,1,fg:19913/mlbam:660821
2061,Liam Hicks,2025,390,matched,1,fg:29844/mlbam:689414
2062,Kyle Higashioka,2025,327,matched,1,fg:5517/mlbam:543309
2063,Graham Pauley,2025,184,matched,1,fg:31363/mlbam:688363
2064,Cam Smith,2025,493,matched,1,fg:35108/mlbam:701358
2065,Royce Lewis,2025,403,matched,1,fg:20437/mlbam:668904
2066,Anthony Volpe,2025,596,matched,1,fg:27647/mlbam:683011
2067,Nick Fortes,2025,242,matched,1,fg:21538/mlbam:663743
2068,Freddy Fermin,2025,347,matched,1,fg:21840/mlbam:666023
2069,Andres Gimenez,2025,369,matched,1,fg:19950/mlbam:665926
2070,Jacob Young,2025,364,matched,1,fg:29931/mlbam:696285
2071,Rhys Hoskins,2025,328,matched,1,fg:16472/mlbam:656555
2072,Alex Call,2025,322,matched,1,fg:19296/mlbam:669743
2073,Jordan Beck,2025,588,matched,1,fg:31431/mlbam:687597
2074,Luis Arraez,2025,675,matched,1,fg:18568/mlbam:650333
2075,Ty France,2025,490,matched,1,fg:17982/mlbam:664034
2076,Nolan Arenado,2025,436,matched,1,fg:9777/mlbam:571448
2077,Nick Gonzales,2025,408,matched,1,fg:27490/mlbam:693304
2078,Miguel Amaya,2025,103,matched,1,fg:21693/mlbam:665804
2079,Jeremiah Jackson,2025,183,matched,1,fg:22239/mlbam:669236
2080,Jake Bauers,2025,218,matched,1,fg:15194/mlbam:641343
2081,Paul Goldschmidt,2025,534,matched,1,fg:9218/mlbam:502671
2082,Victor Caratini,2025,386,matched,1,fg:14968/mlbam:605170
2083,Leo Rivas,2025,111,matched,1,fg:21009/mlbam:660844
2084,Hyeseong Kim,2025,170,matched,1,fg:35322/mlbam:808975
2085,Ezequiel Tovar,2025,390,matched,1,fg:24064/mlbam:678662
2086,Reese McGuire,2025,140,matched,1,fg:15674/mlbam:624512
2087,Lars Nootbaar,2025,583,matched,1,fg:21454/mlbam:663457
2088,Tyrone Taylor,2025,341,matched,1,fg:13675/mlbam:621438
2089,Joey Loperfido,2025,104,matched,1,fg:29630/mlbam:694388
2090,Pavin Smith,2025,288,matched,1,fg:19892/mlbam:656976
2091,Yoan Moncada,2025,289,matched,1,fg:17232/mlbam:660162
2092,Dylan Beavers,2025,137,matched,1,fg:31695/mlbam:687637
2093,Andruw Monasterio,2025,135,matched,1,fg:19455/mlbam:655316
2094,James McCann,2025,137,matched,1,fg:12859/mlbam:543510
2095,Starling Marte,2025,329,matched,1,fg:9241/mlbam:516782
2096,Jasson Dominguez,2025,429,matched,1,fg:28080/mlbam:691176
2097,Lourdes Gurriel Jr.,2025,546,matched,1,fg:19238/mlbam:666971
2098,Casey Schmitt,2025,348,matched,1,fg:27577/mlbam:669477
2099,Luis Garcia Jr.,2025,526,ambiguous,3,fg:23735/mlbam:677651;fg:20391/mlbam:671277;fg:6984/mlbam:472610
2100,Adam Frazier,2025,459,matched,1,fg:15223/mlbam:624428
2101,Javier Sanoja,2025,342,matched,1,fg:28253/mlbam:691594
2102,Eli White,2025,271,matched,1,fg:19346/mlbam:642201
2103,Chandler Simpson,2025,441,matched,1,fg:31912/mlbam:802415
2104,Adolis Garcia,2025,547,matched,1,fg:19287/mlbam:666969
2105,Ronny Mauricio,2025,184,matched,1,fg:23698/mlbam:677595
2106,Colton Cowser,2025,360,matched,1,fg:29591/mlbam:681297
2107,Isiah Kiner-Falefa,2025,459,matched,1,fg:16512/mlbam:643396
2108,Derek Hill,2025,149,matched,1,fg:16947/mlbam:656537
2109,Nick Allen,2025,416,matched,1,fg:22277/mlbam:669397
2110,Mickey Moniak,2025,461,matched,1,fg:19956/mlbam:666160
2111,Michael Helman,2025,110,matched,1,fg:24605/mlbam:680737
2112,Teoscar Hernandez,2025,546,matched,1,fg:13066/mlbam:606192
2113,Andrew Vaughn,2025,447,matched,1,fg:26197/mlbam:683734
2114,Max Kepler,2025,474,matched,1,fg:12144/mlbam:596146
2115,Willi Castro,2025,454,matched,1,fg:17338/mlbam:650489
2116,Matt Thaiss,2025,190,matched,1,fg:19318/mlbam:642136
2117,Max Schuemann,2025,213,matched,1,fg:24488/mlbam:680474
2118,Bryce Teodosio,2025,150,matched,1,fg:29524/mlbam:669326
2119,Yordan Alvarez,2025,199,matched,1,fg:19556/mlbam:670541
2120,Salvador Perez,2025,641,matched,1,fg:7304/mlbam:521692
2121,Connor Norby,2025,337,matched,1,fg:29592/mlbam:681393
2122,Christian Koss,2025,191,matched,1,fg:27653/mlbam:683766
2123,Alek Thomas,2025,469,matched,1,fg:23792/mlbam:677950
2124,Brenton Doyle,2025,538,matched,1,fg:25479/mlbam:686668
2125,Thomas Saggese,2025,295,matched,1,fg:27883/mlbam:695336
2126,Dominic Smith,2025,225,matched,1,fg:15653/mlbam:642086
2127,Amed Rosario,2025,191,matched,1,fg:15518/mlbam:642708
2128,Mark Vientos,2025,463,matched,1,fg:22184/mlbam:668901
2129,Marcelo Mayer,2025,136,matched,1,fg:29668/mlbam:691785
2130,Andy Ibanez,2025,193,matched,1,fg:18819/mlbam:628451
2131,Blake Perkins,2025,171,matched,1,fg:19921/mlbam:663368
2132,Kyren Paris,2025,140,matched,1,fg:26420/mlbam:677347
2133,Brayan Rocchio,2025,383,matched,1,fg:23690/mlbam:677587
2134,Elias Diaz,2025,283,matched,1,fg:11680/mlbam:553869
2135,Ben Williamson,2025,295,matched,1,fg:33197/mlbam:810938
2136,Johan Rojas,2025,172,matched,1,fg:24336/mlbam:679032
2137,Luisangel Acuna,2025,193,matched,1,fg:26548/mlbam:682668
2138,Gavin Lux,2025,503,matched,1,fg:19955/mlbam:666158
2139,Jake Fraley,2025,217,matched,1,fg:19260/mlbam:641584
2140,DJ LeMahieu,2025,142,matched,1,fg:9874/mlbam:518934
2141,Brooks Lee,2025,527,matched,1,fg:31595/mlbam:686797
2142,Ha-seong Kim,2025,191,matched,1,fg:27506/mlbam:673490
2143,Carlos Santana,2025,474,matched,1,fg:2396/mlbam:467793
2144,Jose Trevino,2025,302,matched,1,fg:16725/mlbam:624431
2145,Miles Mastrobuoni,2025,175,matched,1,fg:20017/mlbam:670156
2146,Kameron Misner,2025,217,matched,1,fg:26374/mlbam:670224
2147,Jake Rogers,2025,142,matched,1,fg:19452/mlbam:668670
2148,Taylor Walls,2025,317,matched,1,fg:22458/mlbam:670764
2149,Rafael Marchan,2025,118,matched,1,fg:21646/mlbam:665561
2150,Brandon Lockridge,2025,148,matched,1,fg:21496/mlbam:663604
2151,Christian Vazquez,2025,214,matched,1,fg:9774/mlbam:543877
2152,Troy Johnston,2025,121,matched,1,fg:26143/mlbam:687859
2153,Andrew Benintendi,2025,470,matched,1,fg:17901/mlbam:643217
2154,Trevor Larnach,2025,567,matched,1,fg:21501/mlbam:663616
2155,C.J. Kayfus,2025,138,matched,1,fg:33704/mlbam:692216
2156,Tommy Pham,2025,449,matched,1,fg:2967/mlbam:502054
2157,Sam Haggerty,2025,182,matched,1,fg:18054/mlbam:664059
2158,Coby Mayo,2025,294,matched,1,fg:28312/mlbam:691723
2159,Ildemaro Vargas,2025,121,matched,1,fg:13324/mlbam:545121
2160,Christian Moore,2025,184,matched,1,fg:34979/mlbam:695681
2161,Paul DeJong,2025,208,matched,1,fg:18015/mlbam:657557
2162,Yohel Pozo,2025,168,matched,1,fg:18848/mlbam:650968
2163,Luke Raley,2025,219,matched,1,fg:19354/mlbam:670042
2164,Dylan Crews,2025,322,matched,1,fg:33541/mlbam:686611
2165,Nacho Alvarez Jr.,2025,208,matched,1,fg:31765/mlbam:805373
2166,Parker Meadows,2025,213,matched,1,fg:23800/mlbam:678009
2167,Josh Bell,2025,533,matched,1,fg:13145/mlbam:605137
2168,Rowdy Tellez,2025,312,matched,1,fg:15679/mlbam:642133
2169,Zach Dezenzo,2025,109,matched,1,fg:31562/mlbam:701305
2170,Enmanuel Valdez,2025,102,matched,1,fg:21716/mlbam:665839
2171,Luis Urias,2025,330,matched,1,fg:16622/mlbam:649966
2172,Nick Loftin,2025,188,matched,1,fg:27630/mlbam:679845
2173,Ryan Ritter,2025,207,matched,1,fg:31500/mlbam:690022
2174,Oswaldo Cabrera,2025,122,matched,1,fg:21707/mlbam:665828
2175,Curtis Mead,2025,264,matched,1,fg:23986/mlbam:678554
2176,Tyler Fitzgerald,2025,243,matched,1,fg:26208/mlbam:666149
2177,Drew Gilbert,2025,109,matched,1,fg:31545/mlbam:687551
2178,John Rave,2025,175,matched,1,fg:26284/mlbam:670231
2179,David Hamilton,2025,194,matched,1,fg:27531/mlbam:666152
2180,Will Benson,2025,253,matched,1,fg:21853/mlbam:666181
2181,Agustin Ramirez,2025,585,matched,1,fg:26546/mlbam:682663
2182,Colby Thomas,2025,132,matched,1,fg:31855/mlbam:687515
2183,Adrian Del Castillo,2025,131,matched,1,fg:29554/mlbam:680728
2184,Jose Tena,2025,169,matched,1,fg:23691/mlbam:677588
2185,Justyn-Henry Malloy,2025,127,matched,1,fg:29606/mlbam:669234
2186,Austin Slater,2025,160,matched,1,fg:16153/mlbam:596103
2187,Mitch Garver,2025,290,matched,1,fg:15161/mlbam:641598
2188,Donovan Solano,2025,179,matched,1,fg:8623/mlbam:456781
2189,Luis Rengifo,2025,541,matched,1,fg:19858/mlbam:650859
2190,Tim Tawa,2025,225,matched,1,fg:29571/mlbam:694374
2191,Matt Vierling,2025,100,matched,1,fg:21558/mlbam:663837
2192,Dane Myers,2025,333,matched,1,fg:22054/mlbam:667472
2193,Alejandro Osuna,2025,176,matched,1,fg:27915/mlbam:696030
2194,Kyle Karros,2025,156,matched,1,fg:33252/mlbam:691720
2195,Ezequiel Duran,2025,219,matched,1,fg:23733/mlbam:677649
2196,Gary Sanchez,2025,101,matched,1,fg:11442/mlbam:596142
2197,Andrew McCutchen,2025,551,matched,1,fg:9847/mlbam:457705
2198,JJ Bleday,2025,344,matched,1,fg:26368/mlbam:668709
2199,Masataka Yoshida,2025,205,matched,1,fg:31837/mlbam:807799
2200,Jake Burger,2025,376,matched,1,fg:22275/mlbam:669394
2201,Christopher Morel,2025,305,matched,1,fg:21897/mlbam:666624
2202,Nick Sogard,2025,104,matched,1,fg:25483/mlbam:686765
2203,Josh Lowe,2025,435,matched,1,fg:19953/mlbam:666139
2204,Dylan Moore,2025,243,matched,1,fg:18042/mlbam:664238
2205,Angel Martinez,2025,484,matched,1,fg:26540/mlbam:682657
2206,Michael A. Taylor,2025,325,unmatched,0,
2207,Darell Hernaiz,2025,197,matched,1,fg:26224/mlbam:687231
2208,Jake McCarthy,2025,222,matched,1,fg:21622/mlbam:664983
2209,Dalton Rushing,2025,155,matched,1,fg:31382/mlbam:687221
2210,Willie MacIver,2025,111,matched,1,fg:24641/mlbam:680862
2211,Chas McCormick,2025,116,matched,1,fg:19599/mlbam:676801
2212,Alan Roden,2025,153,matched,1,fg:31564/mlbam:702176
2213,Henry Davis,2025,283,matched,1,fg:29617/mlbam:680779
2214,Otto Kemp,2025,218,matched,1,fg:31792/mlbam:805249
2215,Brooks Baldwin,2025,328,matched,1,fg:31394/mlbam:681460
2216,Luis Matos,2025,184,matched,1,fg:26467/mlbam:682641
2217,Edgar Quero,2025,403,matched,1,fg:28022/mlbam:700337
2218,Wilmer Flores,2025,463,matched,1,fg:5827/mlbam:527038
2219,Nolan Gorman,2025,402,matched,1,fg:22263/mlbam:669357
2220,Kristian Campbell,2025,263,matched,1,fg:33644/mlbam:692225
2221,Taylor Trammell,2025,135,matched,1,fg:19960/mlbam:666211
2222,Enrique Hernandez,2025,256,matched,1,fg:10472/mlbam:571771
2223,Victor Robles,2025,114,matched,1,fg:18363/mlbam:645302
2224,Will Wagner,2025,149,matched,1,fg:29634/mlbam:695238
2225,Jose Iglesias,2025,343,matched,1,fg:10231/mlbam:578428
2226,Cooper Hummel,2025,105,matched,1,fg:19458/mlbam:669450
2227,Nathaniel Lowe,2025,609,matched,1,fg:19566/mlbam:663993
2228,Tyler O'Neill,2025,209,matched,1,fg:15711/mlbam:641933
2229,Jorge Soler,2025,315,matched,1,fg:14221/mlbam:624585
2230,Jonathan India,2025,567,matched,1,fg:21523/mlbam:663697
2231,Thairo Estrada,2025,165,matched,1,fg:16426/mlbam:642731
2232,Cole Young,2025,257,matched,1,fg:31680/mlbam:702284
2233,Justin Turner,2025,191,matched,1,fg:5235/mlbam:457759
2234,Cody Freeman,2025,121,matched,1,fg:25629/mlbam:683227
2235,Travis d'Arnaud,2025,231,matched,1,fg:7739/mlbam:518595
2236,Jonatan Clase,2025,112,matched,1,fg:26599/mlbam:682729
2237,Santiago Espinal,2025,328,matched,1,fg:19997/mlbam:669289
2238,Emmanuel Rivera,2025,127,matched,1,fg:19890/mlbam:656896
2239,Brady House,2025,274,matched,1,fg:29993/mlbam:691781
2240,Carson Williams,2025,106,matched,1,fg:30038/mlbam:700246
2241,Tyler Wade,2025,127,matched,1,fg:15730/mlbam:642180
2242,Samuel Basallo,2025,118,matched,1,fg:28824/mlbam:694212
2243,Jose Herrera,2025,204,matched,1,fg:17040/mlbam:645444
2244,Brendan Rodgers,2025,128,matched,1,fg:17907/mlbam:663898
2245,Zack Gelof,2025,101,matched,1,fg:29766/mlbam:680869
2246,Warming Bernabel,2025,146,matched,1,fg:26536/mlbam:682653
2247,Eric Wagaman,2025,514,matched,1,fg:23395/mlbam:676572
2248,Randal Grichuk,2025,293,matched,1,fg:10243/mlbam:545341
2249,Ryan Mountcastle,2025,357,matched,1,fg:18373/mlbam:663624
2250,Weston Wilson,2025,125,matched,1,fg:19358/mlbam:642215
2251,Max Muncy,2025,220,ambiguous,2,fg:29779/mlbam:691777;fg:13301/mlbam:571970
2252,Matt Mervis,2025,134,matched,1,fg:27845/mlbam:670223
2253,Dylan Carlson,2025,241,matched,1,fg:20126/mlbam:666185
2254,Gio Urshela,2025,197,matched,1,fg:10681/mlbam:570482
2255,Nolan Jones,2025,403,matched,1,fg:20529/mlbam:666134
2256,Michael Massey,2025,277,matched,1,fg:27684/mlbam:686681
2257,Chris Taylor,2025,125,matched,1,fg:13757/mlbam:621035
2258,Jon Berti,2025,107,matched,1,fg:12037/mlbam:542932
2259,Hunter Feduccia,2025,105,matched,1,fg:23372/mlbam:676439
2260,Alexander Canario,2025,234,matched,1,fg:22842/mlbam:672744
2261,Jonah Heim,2025,433,matched,1,fg:16930/mlbam:641680
2262,Braxton Fulford,2025,120,matched,1,fg:29704/mlbam:690924
2263,Nick Martini,2025,111,matched,1,fg:12005/mlbam:605361
2264,Robert Hassell III,2025,206,matched,1,fg:27482/mlbam:690987
2265,James Outman,2025,148,matched,1,fg:24770/mlbam:681546
2266,Jack Suwinski,2025,178,matched,1,fg:22244/mlbam:669261
2267,Lane Thomas,2025,142,matched,1,fg:16939/mlbam:657041
2268,Ben Rortvedt,2025,128,matched,1,fg:20287/mlbam:666163
2269,Nick Castellanos,2025,589,matched,1,fg:11737/mlbam:592206
2270,Michael Conforto,2025,486,matched,1,fg:16376/mlbam:624424
2271,Christian Encarnacion-Strand,2025,137,matched,1,fg:30011/mlbam:687952
2272,Drew Waters,2025,219,matched,1,fg:20505/mlbam:671221
2273,David Fry,2025,157,matched,1,fg:24934/mlbam:681807
2274,Triston Casas,2025,112,matched,1,fg:22514/mlbam:671213
2275,Riley Adams,2025,286,matched,1,fg:19864/mlbam:656180
2276,Tyler Freeman,2025,428,matched,1,fg:22532/mlbam:671289
2277,Abraham Toro,2025,284,matched,1,fg:19844/mlbam:647351
2278,Joshua Palacios,2025,145,matched,1,fg:19818/mlbam:641943
2279,Mark Canha,2025,125,matched,1,fg:11445/mlbam:592192
2280,Tyler Locklear,2025,116,matched,1,fg:31396/mlbam:682988
2281,Connor Wong,2025,188,matched,1,fg:19896/mlbam:657136
2282,Mickey Gasper,2025,110,matched,1,fg:24759/mlbam:681508
2283,Kevin Newman,2025,116,matched,1,fg:17696/mlbam:621028
2284,Jonah Bride,2025,125,matched,1,fg:24703/mlbam:681146
2285,Edouard Julien,2025,208,matched,1,fg:27534/mlbam:666397
2286,Logan O'Hoppe,2025,451,matched,1,fg:24729/mlbam:681351
2287,Joc Pederson,2025,306,matched,1,fg:11899/mlbam:592626
2288,Yanquiel Fernandez,2025,147,matched,1,fg:28552/mlbam:692585
2289,Martin Maldonado,2025,161,matched,1,fg:6887/mlbam:455117
2290,Leody Taveras,2025,180,matched,1,fg:18900/mlbam:665750
2291,Orlando Arcia,2025,214,matched,1,fg:13185/mlbam:606115
2292,Oswald Peraza,2025,265,matched,1,fg:22823/mlbam:672724
2293,Alex Verdugo,2025,213,matched,1,fg:17027/mlbam:657077
2294,Anthony Santander,2025,221,matched,1,fg:14551/mlbam:623993
2295,Trey Sweeney,2025,326,matched,1,fg:29575/mlbam:700242
2296,Adael Amador,2025,128,matched,1,fg:27962/mlbam:691182
2297,Hunter Renfroe,2025,108,matched,1,fg:15464/mlbam:592669
2298,Vinny Capra,2025,105,matched,1,fg:25040/mlbam:681962
2299,Kyle Farmer,2025,300,matched,1,fg:14813/mlbam:571657
2300,Keibert Ruiz,2025,267,matched,1,fg:19610/mlbam:660688
2301,Heston Kjerstad,2025,167,matched,1,fg:31166/mlbam:677008
2302,Jhonkensy Noel,2025,153,matched,1,fg:24257/mlbam:678877
2303,Jordan Walker,2025,396,matched,1,fg:27475/mlbam:691023
2304,Josh Rojas,2025,211,matched,1,fg:19734/mlbam:668942
2305,Jacob Stallings,2025,129,matched,1,fg:13723/mlbam:607732
2306,Jac Caglianone,2025,232,matched,1,fg:35041/mlbam:695506
2307,LaMonte Wade Jr.,2025,242,matched,1,fg:18126/mlbam:664774
2308,Michael Toglia,2025,337,matched,1,fg:25845/mlbam:669911
